2025-01-08 17:22:32 [restartedMain] INFO  c.s.devspring.DevspringApplication - Starting DevspringApplication using Java 17.0.12 with PID 20016 (D:\Spring\sts-4.4\workspace\devspring\bin\main started by aatjx in D:\Spring\sts-4.4\workspace\devspring)
2025-01-08 17:22:32 [restartedMain] INFO  c.s.devspring.DevspringApplication - No active profile set, falling back to 1 default profile: "default"
2025-01-08 17:22:33 [restartedMain] INFO  o.s.b.d.e.DevToolsPropertyDefaultsPostProcessor - Devtools property defaults active! Set 'spring.devtools.add-properties' to 'false' to disable
2025-01-08 17:22:33 [restartedMain] INFO  o.s.b.d.e.DevToolsPropertyDefaultsPostProcessor - For additional web related logging consider setting the 'logging.level.web' property to 'DEBUG'
2025-01-08 17:22:33 [restartedMain] DEBUG o.apache.ibatis.logging.LogFactory - Logging initialized using 'class org.apache.ibatis.logging.slf4j.Slf4jImpl' adapter.
2025-01-08 17:22:33 [restartedMain] DEBUG o.m.s.mapper.ClassPathMapperScanner - Identified candidate component class: file [D:\Spring\sts-4.4\workspace\devspring\bin\main\com\spring\devspring\mapper\BoardMapper.class]
2025-01-08 17:22:33 [restartedMain] DEBUG o.m.s.mapper.ClassPathMapperScanner - Identified candidate component class: file [D:\Spring\sts-4.4\workspace\devspring\bin\main\com\spring\devspring\mapper\CommonMapper.class]
2025-01-08 17:22:33 [restartedMain] DEBUG o.m.s.mapper.ClassPathMapperScanner - Creating MapperFactoryBean with name 'boardMapper' and 'com.spring.devspring.mapper.BoardMapper' mapperInterface
2025-01-08 17:22:33 [restartedMain] DEBUG o.m.s.mapper.ClassPathMapperScanner - Creating MapperFactoryBean with name 'commonMapper' and 'com.spring.devspring.mapper.CommonMapper' mapperInterface
2025-01-08 17:22:33 [restartedMain] INFO  o.s.b.w.e.tomcat.TomcatWebServer - Tomcat initialized with port 8080 (http)
2025-01-08 17:22:33 [restartedMain] INFO  o.a.coyote.http11.Http11NioProtocol - Initializing ProtocolHandler ["http-nio-8080"]
2025-01-08 17:22:33 [restartedMain] INFO  o.a.catalina.core.StandardService - Starting service [Tomcat]
2025-01-08 17:22:33 [restartedMain] INFO  o.a.catalina.core.StandardEngine - Starting Servlet engine: [Apache Tomcat/10.1.34]
2025-01-08 17:22:33 [restartedMain] INFO  o.a.c.c.C.[Tomcat].[localhost].[/] - Initializing Spring embedded WebApplicationContext
2025-01-08 17:22:33 [restartedMain] INFO  o.s.b.w.s.c.ServletWebServerApplicationContext - Root WebApplicationContext: initialization completed in 714 ms
2025-01-08 17:22:33 [restartedMain] DEBUG o.m.spring.SqlSessionFactoryBean - Property 'configuration' or 'configLocation' not specified, using default MyBatis Configuration
2025-01-08 17:22:33 [restartedMain] DEBUG o.m.spring.SqlSessionFactoryBean - Parsed mapper file: 'file [D:\Spring\sts-4.4\workspace\devspring\bin\main\static\mapper\BoardMapper.xml]'
2025-01-08 17:22:33 [restartedMain] DEBUG o.m.spring.SqlSessionFactoryBean - Parsed mapper file: 'file [D:\Spring\sts-4.4\workspace\devspring\bin\main\static\mapper\CommonMapper.xml]'
2025-01-08 17:22:34 [restartedMain] INFO  o.s.b.d.a.OptionalLiveReloadServer - LiveReload server is running on port 35729
2025-01-08 17:22:34 [restartedMain] INFO  o.a.coyote.http11.Http11NioProtocol - Starting ProtocolHandler ["http-nio-8080"]
2025-01-08 17:22:34 [restartedMain] INFO  o.s.b.w.e.tomcat.TomcatWebServer - Tomcat started on port 8080 (http) with context path '/'
2025-01-08 17:22:34 [restartedMain] INFO  c.s.devspring.DevspringApplication - Started DevspringApplication in 1.618 seconds (process running for 2.196)
2025-01-08 17:22:40 [http-nio-8080-exec-1] INFO  o.a.c.c.C.[Tomcat].[localhost].[/] - Initializing Spring DispatcherServlet 'dispatcherServlet'
2025-01-08 17:22:40 [http-nio-8080-exec-1] INFO  o.s.web.servlet.DispatcherServlet - Initializing Servlet 'dispatcherServlet'
2025-01-08 17:22:40 [http-nio-8080-exec-1] INFO  o.s.web.servlet.DispatcherServlet - Completed initialization in 1 ms
2025-01-08 17:22:40 [http-nio-8080-exec-1] WARN  o.t.s.p.AbstractStandardFragmentInsertionTagProcessor - [THYMELEAF][http-nio-8080-exec-1][common/layout/layout] Deprecated unwrapped fragment expression "common/fragments/header::header" found in template common/layout/layout, line 29, col 10. Please use the complete syntax of fragment expressions instead ("~{common/fragments/header::header}"). The old, unwrapped syntax for fragment expressions will be removed in future versions of Thymeleaf.
2025-01-08 17:22:40 [http-nio-8080-exec-1] WARN  o.t.s.p.AbstractStandardFragmentInsertionTagProcessor - [THYMELEAF][http-nio-8080-exec-1][common/layout/layout] Deprecated unwrapped fragment expression "common/fragments/footer::footer" found in template common/layout/layout, line 33, col 10. Please use the complete syntax of fragment expressions instead ("~{common/fragments/footer::footer}"). The old, unwrapped syntax for fragment expressions will be removed in future versions of Thymeleaf.
2025-01-08 17:22:40 [http-nio-8080-exec-10] DEBUG org.mybatis.spring.SqlSessionUtils - Creating a new SqlSession
2025-01-08 17:22:40 [http-nio-8080-exec-10] DEBUG org.mybatis.spring.SqlSessionUtils - SqlSession [org.apache.ibatis.session.defaults.DefaultSqlSession@4c9876a2] was not registered for synchronization because synchronization is not active
2025-01-08 17:22:40 [http-nio-8080-exec-10] INFO  com.zaxxer.hikari.HikariDataSource - HikariPool-1 - Starting...
2025-01-08 17:22:41 [http-nio-8080-exec-10] INFO  com.zaxxer.hikari.pool.HikariPool - HikariPool-1 - Added connection com.mysql.cj.jdbc.ConnectionImpl@6dd7101b
2025-01-08 17:22:41 [http-nio-8080-exec-10] INFO  com.zaxxer.hikari.HikariDataSource - HikariPool-1 - Start completed.
2025-01-08 17:22:41 [http-nio-8080-exec-10] DEBUG o.m.s.t.SpringManagedTransaction - JDBC Connection [HikariProxyConnection@1543371017 wrapping com.mysql.cj.jdbc.ConnectionImpl@6dd7101b] will not be managed by Spring
2025-01-08 17:22:41 [http-nio-8080-exec-10] DEBUG c.s.d.m.CommonMapper.selectLnbList - ==>  Preparing: SELECT CT_LNB_IDX AS ctLnbIdx, CT_LNB_ID AS ctLnbId, CT_LNB_NAME AS ctLnbName, CT_LNB_SUB_YN AS ctLnbSubYn, CT_LNB_URL AS ctLnbUrl, CT_LNB_USE_YN AS ctLnbUseYn FROM CT_LNB WHERE CT_LNB_USE_YN = 'Y' ORDER BY CT_LNB_IDX
2025-01-08 17:22:41 [http-nio-8080-exec-10] DEBUG c.s.d.m.CommonMapper.selectLnbList - ==> Parameters: 
2025-01-08 17:22:41 [http-nio-8080-exec-10] DEBUG c.s.d.m.CommonMapper.selectLnbList - <==      Total: 4
2025-01-08 17:22:41 [http-nio-8080-exec-10] DEBUG org.mybatis.spring.SqlSessionUtils - Closing non transactional SqlSession [org.apache.ibatis.session.defaults.DefaultSqlSession@4c9876a2]
2025-01-08 17:22:41 [http-nio-8080-exec-4] DEBUG org.mybatis.spring.SqlSessionUtils - Creating a new SqlSession
2025-01-08 17:22:41 [http-nio-8080-exec-4] DEBUG org.mybatis.spring.SqlSessionUtils - SqlSession [org.apache.ibatis.session.defaults.DefaultSqlSession@1af3cc27] was not registered for synchronization because synchronization is not active
2025-01-08 17:22:41 [http-nio-8080-exec-4] DEBUG o.m.s.t.SpringManagedTransaction - JDBC Connection [HikariProxyConnection@603603642 wrapping com.mysql.cj.jdbc.ConnectionImpl@6dd7101b] will not be managed by Spring
2025-01-08 17:22:41 [http-nio-8080-exec-4] DEBUG c.s.d.m.CommonMapper.selectLnbList - ==>  Preparing: SELECT CT_LNB_IDX AS ctLnbIdx, CT_LNB_ID AS ctLnbId, CT_LNB_NAME AS ctLnbName, CT_LNB_SUB_YN AS ctLnbSubYn, CT_LNB_URL AS ctLnbUrl, CT_LNB_USE_YN AS ctLnbUseYn FROM CT_LNB WHERE CT_LNB_USE_YN = 'Y' ORDER BY CT_LNB_IDX
2025-01-08 17:22:41 [http-nio-8080-exec-4] DEBUG c.s.d.m.CommonMapper.selectLnbList - ==> Parameters: 
2025-01-08 17:22:41 [http-nio-8080-exec-4] DEBUG c.s.d.m.CommonMapper.selectLnbList - <==      Total: 4
2025-01-08 17:22:41 [http-nio-8080-exec-4] DEBUG org.mybatis.spring.SqlSessionUtils - Closing non transactional SqlSession [org.apache.ibatis.session.defaults.DefaultSqlSession@1af3cc27]
2025-01-08 17:22:41 [http-nio-8080-exec-5] DEBUG org.mybatis.spring.SqlSessionUtils - Creating a new SqlSession
2025-01-08 17:22:41 [http-nio-8080-exec-7] DEBUG org.mybatis.spring.SqlSessionUtils - Creating a new SqlSession
2025-01-08 17:22:41 [http-nio-8080-exec-6] DEBUG org.mybatis.spring.SqlSessionUtils - Creating a new SqlSession
2025-01-08 17:22:41 [http-nio-8080-exec-5] DEBUG org.mybatis.spring.SqlSessionUtils - SqlSession [org.apache.ibatis.session.defaults.DefaultSqlSession@5b04ebce] was not registered for synchronization because synchronization is not active
2025-01-08 17:22:41 [http-nio-8080-exec-6] DEBUG org.mybatis.spring.SqlSessionUtils - SqlSession [org.apache.ibatis.session.defaults.DefaultSqlSession@3a907ad8] was not registered for synchronization because synchronization is not active
2025-01-08 17:22:41 [http-nio-8080-exec-7] DEBUG org.mybatis.spring.SqlSessionUtils - SqlSession [org.apache.ibatis.session.defaults.DefaultSqlSession@5943031d] was not registered for synchronization because synchronization is not active
2025-01-08 17:22:41 [http-nio-8080-exec-7] DEBUG o.m.s.t.SpringManagedTransaction - JDBC Connection [HikariProxyConnection@653714919 wrapping com.mysql.cj.jdbc.ConnectionImpl@6dd7101b] will not be managed by Spring
2025-01-08 17:22:41 [http-nio-8080-exec-7] DEBUG c.s.d.m.C.selectLnbSubList - ==>  Preparing: SELECT CT_LNB_SUB_IDX AS ctLnbSubIdx, CT_LNB_ID AS ctLnbId, CT_LNB_SUB_ID AS ctLnbSubId, CT_LNB_SUB_NAME AS ctLnbSubName, CT_LNB_SUB_URL AS ctLnbSubUrl FROM CT_LNB_SUB WHERE CT_LNB_ID = ? ORDER BY CT_LNB_SUB_IDX
2025-01-08 17:22:41 [http-nio-8080-exec-7] DEBUG c.s.d.m.C.selectLnbSubList - ==> Parameters: CT_LNB_SERVICE(String)
2025-01-08 17:22:41 [http-nio-8080-exec-7] DEBUG c.s.d.m.C.selectLnbSubList - <==      Total: 4
2025-01-08 17:22:41 [http-nio-8080-exec-7] DEBUG org.mybatis.spring.SqlSessionUtils - Closing non transactional SqlSession [org.apache.ibatis.session.defaults.DefaultSqlSession@5943031d]
2025-01-08 17:22:41 [http-nio-8080-exec-5] DEBUG o.m.s.t.SpringManagedTransaction - JDBC Connection [HikariProxyConnection@77595997 wrapping com.mysql.cj.jdbc.ConnectionImpl@6dd7101b] will not be managed by Spring
2025-01-08 17:22:41 [http-nio-8080-exec-5] DEBUG c.s.d.m.C.selectLnbSubList - ==>  Preparing: SELECT CT_LNB_SUB_IDX AS ctLnbSubIdx, CT_LNB_ID AS ctLnbId, CT_LNB_SUB_ID AS ctLnbSubId, CT_LNB_SUB_NAME AS ctLnbSubName, CT_LNB_SUB_URL AS ctLnbSubUrl FROM CT_LNB_SUB WHERE CT_LNB_ID = ? ORDER BY CT_LNB_SUB_IDX
2025-01-08 17:22:41 [http-nio-8080-exec-5] DEBUG c.s.d.m.C.selectLnbSubList - ==> Parameters: CT_LNB_INFORMATION(String)
2025-01-08 17:22:41 [http-nio-8080-exec-5] DEBUG c.s.d.m.C.selectLnbSubList - <==      Total: 2
2025-01-08 17:22:41 [http-nio-8080-exec-5] DEBUG org.mybatis.spring.SqlSessionUtils - Closing non transactional SqlSession [org.apache.ibatis.session.defaults.DefaultSqlSession@5b04ebce]
2025-01-08 17:22:41 [http-nio-8080-exec-6] DEBUG o.m.s.t.SpringManagedTransaction - JDBC Connection [HikariProxyConnection@116174886 wrapping com.mysql.cj.jdbc.ConnectionImpl@6dd7101b] will not be managed by Spring
2025-01-08 17:22:41 [http-nio-8080-exec-6] DEBUG c.s.d.m.C.selectLnbSubList - ==>  Preparing: SELECT CT_LNB_SUB_IDX AS ctLnbSubIdx, CT_LNB_ID AS ctLnbId, CT_LNB_SUB_ID AS ctLnbSubId, CT_LNB_SUB_NAME AS ctLnbSubName, CT_LNB_SUB_URL AS ctLnbSubUrl FROM CT_LNB_SUB WHERE CT_LNB_ID = ? ORDER BY CT_LNB_SUB_IDX
2025-01-08 17:22:41 [http-nio-8080-exec-6] DEBUG c.s.d.m.C.selectLnbSubList - ==> Parameters: CT_LNB_CONTACT(String)
2025-01-08 17:22:41 [http-nio-8080-exec-9] DEBUG org.mybatis.spring.SqlSessionUtils - Creating a new SqlSession
2025-01-08 17:22:41 [http-nio-8080-exec-9] DEBUG org.mybatis.spring.SqlSessionUtils - SqlSession [org.apache.ibatis.session.defaults.DefaultSqlSession@720e1b86] was not registered for synchronization because synchronization is not active
2025-01-08 17:22:41 [http-nio-8080-exec-6] DEBUG c.s.d.m.C.selectLnbSubList - <==      Total: 2
2025-01-08 17:22:41 [http-nio-8080-exec-6] DEBUG org.mybatis.spring.SqlSessionUtils - Closing non transactional SqlSession [org.apache.ibatis.session.defaults.DefaultSqlSession@3a907ad8]
2025-01-08 17:22:41 [http-nio-8080-exec-2] DEBUG org.mybatis.spring.SqlSessionUtils - Creating a new SqlSession
2025-01-08 17:22:41 [http-nio-8080-exec-2] DEBUG org.mybatis.spring.SqlSessionUtils - SqlSession [org.apache.ibatis.session.defaults.DefaultSqlSession@19f47a95] was not registered for synchronization because synchronization is not active
2025-01-08 17:22:41 [http-nio-8080-exec-9] DEBUG o.m.s.t.SpringManagedTransaction - JDBC Connection [HikariProxyConnection@1982959903 wrapping com.mysql.cj.jdbc.ConnectionImpl@6dd7101b] will not be managed by Spring
2025-01-08 17:22:41 [http-nio-8080-exec-9] DEBUG c.s.d.m.C.selectLnbSubList - ==>  Preparing: SELECT CT_LNB_SUB_IDX AS ctLnbSubIdx, CT_LNB_ID AS ctLnbId, CT_LNB_SUB_ID AS ctLnbSubId, CT_LNB_SUB_NAME AS ctLnbSubName, CT_LNB_SUB_URL AS ctLnbSubUrl FROM CT_LNB_SUB WHERE CT_LNB_ID = ? ORDER BY CT_LNB_SUB_IDX
2025-01-08 17:22:41 [http-nio-8080-exec-9] DEBUG c.s.d.m.C.selectLnbSubList - ==> Parameters: CT_LNB_SERVICE(String)
2025-01-08 17:22:41 [http-nio-8080-exec-9] DEBUG c.s.d.m.C.selectLnbSubList - <==      Total: 4
2025-01-08 17:22:41 [http-nio-8080-exec-9] DEBUG org.mybatis.spring.SqlSessionUtils - Closing non transactional SqlSession [org.apache.ibatis.session.defaults.DefaultSqlSession@720e1b86]
2025-01-08 17:22:41 [http-nio-8080-exec-2] DEBUG o.m.s.t.SpringManagedTransaction - JDBC Connection [HikariProxyConnection@1791615242 wrapping com.mysql.cj.jdbc.ConnectionImpl@6dd7101b] will not be managed by Spring
2025-01-08 17:22:41 [http-nio-8080-exec-2] DEBUG c.s.d.m.C.selectLnbSubList - ==>  Preparing: SELECT CT_LNB_SUB_IDX AS ctLnbSubIdx, CT_LNB_ID AS ctLnbId, CT_LNB_SUB_ID AS ctLnbSubId, CT_LNB_SUB_NAME AS ctLnbSubName, CT_LNB_SUB_URL AS ctLnbSubUrl FROM CT_LNB_SUB WHERE CT_LNB_ID = ? ORDER BY CT_LNB_SUB_IDX
2025-01-08 17:22:41 [http-nio-8080-exec-3] DEBUG org.mybatis.spring.SqlSessionUtils - Creating a new SqlSession
2025-01-08 17:22:41 [http-nio-8080-exec-3] DEBUG org.mybatis.spring.SqlSessionUtils - SqlSession [org.apache.ibatis.session.defaults.DefaultSqlSession@5fb800d3] was not registered for synchronization because synchronization is not active
2025-01-08 17:22:41 [http-nio-8080-exec-2] DEBUG c.s.d.m.C.selectLnbSubList - ==> Parameters: CT_LNB_INFORMATION(String)
2025-01-08 17:22:41 [http-nio-8080-exec-2] DEBUG c.s.d.m.C.selectLnbSubList - <==      Total: 2
2025-01-08 17:22:41 [http-nio-8080-exec-2] DEBUG org.mybatis.spring.SqlSessionUtils - Closing non transactional SqlSession [org.apache.ibatis.session.defaults.DefaultSqlSession@19f47a95]
2025-01-08 17:22:41 [http-nio-8080-exec-3] DEBUG o.m.s.t.SpringManagedTransaction - JDBC Connection [HikariProxyConnection@457392691 wrapping com.mysql.cj.jdbc.ConnectionImpl@6dd7101b] will not be managed by Spring
2025-01-08 17:22:41 [http-nio-8080-exec-3] DEBUG c.s.d.m.C.selectLnbSubList - ==>  Preparing: SELECT CT_LNB_SUB_IDX AS ctLnbSubIdx, CT_LNB_ID AS ctLnbId, CT_LNB_SUB_ID AS ctLnbSubId, CT_LNB_SUB_NAME AS ctLnbSubName, CT_LNB_SUB_URL AS ctLnbSubUrl FROM CT_LNB_SUB WHERE CT_LNB_ID = ? ORDER BY CT_LNB_SUB_IDX
2025-01-08 17:22:41 [http-nio-8080-exec-3] DEBUG c.s.d.m.C.selectLnbSubList - ==> Parameters: CT_LNB_CONTACT(String)
2025-01-08 17:22:41 [http-nio-8080-exec-3] DEBUG c.s.d.m.C.selectLnbSubList - <==      Total: 2
2025-01-08 17:22:41 [http-nio-8080-exec-3] DEBUG org.mybatis.spring.SqlSessionUtils - Closing non transactional SqlSession [org.apache.ibatis.session.defaults.DefaultSqlSession@5fb800d3]
2025-01-08 17:22:44 [http-nio-8080-exec-8] WARN  o.t.s.p.AbstractStandardFragmentInsertionTagProcessor - [THYMELEAF][http-nio-8080-exec-8][common/layout/layout] Deprecated unwrapped fragment expression "common/fragments/header::header" found in template common/layout/layout, line 29, col 10. Please use the complete syntax of fragment expressions instead ("~{common/fragments/header::header}"). The old, unwrapped syntax for fragment expressions will be removed in future versions of Thymeleaf.
2025-01-08 17:22:44 [http-nio-8080-exec-8] WARN  o.t.s.p.AbstractStandardFragmentInsertionTagProcessor - [THYMELEAF][http-nio-8080-exec-8][common/layout/layout] Deprecated unwrapped fragment expression "common/fragments/footer::footer" found in template common/layout/layout, line 33, col 10. Please use the complete syntax of fragment expressions instead ("~{common/fragments/footer::footer}"). The old, unwrapped syntax for fragment expressions will be removed in future versions of Thymeleaf.
2025-01-08 17:22:44 [http-nio-8080-exec-3] DEBUG org.mybatis.spring.SqlSessionUtils - Creating a new SqlSession
2025-01-08 17:22:44 [http-nio-8080-exec-3] DEBUG org.mybatis.spring.SqlSessionUtils - SqlSession [org.apache.ibatis.session.defaults.DefaultSqlSession@89b8233] was not registered for synchronization because synchronization is not active
2025-01-08 17:22:44 [http-nio-8080-exec-3] DEBUG o.m.s.t.SpringManagedTransaction - JDBC Connection [HikariProxyConnection@1665123111 wrapping com.mysql.cj.jdbc.ConnectionImpl@6dd7101b] will not be managed by Spring
2025-01-08 17:22:44 [http-nio-8080-exec-3] DEBUG c.s.d.m.CommonMapper.selectLnbList - ==>  Preparing: SELECT CT_LNB_IDX AS ctLnbIdx, CT_LNB_ID AS ctLnbId, CT_LNB_NAME AS ctLnbName, CT_LNB_SUB_YN AS ctLnbSubYn, CT_LNB_URL AS ctLnbUrl, CT_LNB_USE_YN AS ctLnbUseYn FROM CT_LNB WHERE CT_LNB_USE_YN = 'Y' ORDER BY CT_LNB_IDX
2025-01-08 17:22:44 [http-nio-8080-exec-3] DEBUG c.s.d.m.CommonMapper.selectLnbList - ==> Parameters: 
2025-01-08 17:22:44 [http-nio-8080-exec-3] DEBUG c.s.d.m.CommonMapper.selectLnbList - <==      Total: 4
2025-01-08 17:22:44 [http-nio-8080-exec-3] DEBUG org.mybatis.spring.SqlSessionUtils - Closing non transactional SqlSession [org.apache.ibatis.session.defaults.DefaultSqlSession@89b8233]
2025-01-08 17:22:44 [http-nio-8080-exec-8] DEBUG org.mybatis.spring.SqlSessionUtils - Creating a new SqlSession
2025-01-08 17:22:44 [http-nio-8080-exec-8] DEBUG org.mybatis.spring.SqlSessionUtils - SqlSession [org.apache.ibatis.session.defaults.DefaultSqlSession@86a36a9] was not registered for synchronization because synchronization is not active
2025-01-08 17:22:44 [http-nio-8080-exec-8] DEBUG o.m.s.t.SpringManagedTransaction - JDBC Connection [HikariProxyConnection@354896760 wrapping com.mysql.cj.jdbc.ConnectionImpl@6dd7101b] will not be managed by Spring
2025-01-08 17:22:44 [http-nio-8080-exec-8] DEBUG c.s.d.m.CommonMapper.selectLnbList - ==>  Preparing: SELECT CT_LNB_IDX AS ctLnbIdx, CT_LNB_ID AS ctLnbId, CT_LNB_NAME AS ctLnbName, CT_LNB_SUB_YN AS ctLnbSubYn, CT_LNB_URL AS ctLnbUrl, CT_LNB_USE_YN AS ctLnbUseYn FROM CT_LNB WHERE CT_LNB_USE_YN = 'Y' ORDER BY CT_LNB_IDX
2025-01-08 17:22:44 [http-nio-8080-exec-8] DEBUG c.s.d.m.CommonMapper.selectLnbList - ==> Parameters: 
2025-01-08 17:22:44 [http-nio-8080-exec-8] DEBUG c.s.d.m.CommonMapper.selectLnbList - <==      Total: 4
2025-01-08 17:22:44 [http-nio-8080-exec-8] DEBUG org.mybatis.spring.SqlSessionUtils - Closing non transactional SqlSession [org.apache.ibatis.session.defaults.DefaultSqlSession@86a36a9]
2025-01-08 17:22:44 [http-nio-8080-exec-10] DEBUG org.mybatis.spring.SqlSessionUtils - Creating a new SqlSession
2025-01-08 17:22:44 [http-nio-8080-exec-4] DEBUG org.mybatis.spring.SqlSessionUtils - Creating a new SqlSession
2025-01-08 17:22:44 [http-nio-8080-exec-1] DEBUG org.mybatis.spring.SqlSessionUtils - Creating a new SqlSession
2025-01-08 17:22:44 [http-nio-8080-exec-10] DEBUG org.mybatis.spring.SqlSessionUtils - SqlSession [org.apache.ibatis.session.defaults.DefaultSqlSession@1bdfc97e] was not registered for synchronization because synchronization is not active
2025-01-08 17:22:44 [http-nio-8080-exec-4] DEBUG org.mybatis.spring.SqlSessionUtils - SqlSession [org.apache.ibatis.session.defaults.DefaultSqlSession@15d1ec62] was not registered for synchronization because synchronization is not active
2025-01-08 17:22:44 [http-nio-8080-exec-1] DEBUG org.mybatis.spring.SqlSessionUtils - SqlSession [org.apache.ibatis.session.defaults.DefaultSqlSession@286513d0] was not registered for synchronization because synchronization is not active
2025-01-08 17:22:44 [http-nio-8080-exec-10] DEBUG o.m.s.t.SpringManagedTransaction - JDBC Connection [HikariProxyConnection@1496114070 wrapping com.mysql.cj.jdbc.ConnectionImpl@6dd7101b] will not be managed by Spring
2025-01-08 17:22:44 [http-nio-8080-exec-10] DEBUG c.s.d.m.C.selectLnbSubList - ==>  Preparing: SELECT CT_LNB_SUB_IDX AS ctLnbSubIdx, CT_LNB_ID AS ctLnbId, CT_LNB_SUB_ID AS ctLnbSubId, CT_LNB_SUB_NAME AS ctLnbSubName, CT_LNB_SUB_URL AS ctLnbSubUrl FROM CT_LNB_SUB WHERE CT_LNB_ID = ? ORDER BY CT_LNB_SUB_IDX
2025-01-08 17:22:44 [http-nio-8080-exec-10] DEBUG c.s.d.m.C.selectLnbSubList - ==> Parameters: CT_LNB_SERVICE(String)
2025-01-08 17:22:44 [http-nio-8080-exec-1] DEBUG o.m.s.t.SpringManagedTransaction - JDBC Connection [HikariProxyConnection@586494103 wrapping com.mysql.cj.jdbc.ConnectionImpl@429e8370] will not be managed by Spring
2025-01-08 17:22:44 [http-nio-8080-exec-4] DEBUG o.m.s.t.SpringManagedTransaction - JDBC Connection [HikariProxyConnection@1691321328 wrapping com.mysql.cj.jdbc.ConnectionImpl@786d945b] will not be managed by Spring
2025-01-08 17:22:44 [http-nio-8080-exec-1] DEBUG c.s.d.m.C.selectLnbSubList - ==>  Preparing: SELECT CT_LNB_SUB_IDX AS ctLnbSubIdx, CT_LNB_ID AS ctLnbId, CT_LNB_SUB_ID AS ctLnbSubId, CT_LNB_SUB_NAME AS ctLnbSubName, CT_LNB_SUB_URL AS ctLnbSubUrl FROM CT_LNB_SUB WHERE CT_LNB_ID = ? ORDER BY CT_LNB_SUB_IDX
2025-01-08 17:22:44 [http-nio-8080-exec-4] DEBUG c.s.d.m.C.selectLnbSubList - ==>  Preparing: SELECT CT_LNB_SUB_IDX AS ctLnbSubIdx, CT_LNB_ID AS ctLnbId, CT_LNB_SUB_ID AS ctLnbSubId, CT_LNB_SUB_NAME AS ctLnbSubName, CT_LNB_SUB_URL AS ctLnbSubUrl FROM CT_LNB_SUB WHERE CT_LNB_ID = ? ORDER BY CT_LNB_SUB_IDX
2025-01-08 17:22:44 [http-nio-8080-exec-4] DEBUG c.s.d.m.C.selectLnbSubList - ==> Parameters: CT_LNB_CONTACT(String)
2025-01-08 17:22:44 [http-nio-8080-exec-1] DEBUG c.s.d.m.C.selectLnbSubList - ==> Parameters: CT_LNB_INFORMATION(String)
2025-01-08 17:22:44 [http-nio-8080-exec-4] DEBUG c.s.d.m.C.selectLnbSubList - <==      Total: 2
2025-01-08 17:22:44 [http-nio-8080-exec-10] DEBUG c.s.d.m.C.selectLnbSubList - <==      Total: 4
2025-01-08 17:22:44 [http-nio-8080-exec-1] DEBUG c.s.d.m.C.selectLnbSubList - <==      Total: 2
2025-01-08 17:22:44 [http-nio-8080-exec-1] DEBUG org.mybatis.spring.SqlSessionUtils - Closing non transactional SqlSession [org.apache.ibatis.session.defaults.DefaultSqlSession@286513d0]
2025-01-08 17:22:44 [http-nio-8080-exec-10] DEBUG org.mybatis.spring.SqlSessionUtils - Closing non transactional SqlSession [org.apache.ibatis.session.defaults.DefaultSqlSession@1bdfc97e]
2025-01-08 17:22:44 [http-nio-8080-exec-4] DEBUG org.mybatis.spring.SqlSessionUtils - Closing non transactional SqlSession [org.apache.ibatis.session.defaults.DefaultSqlSession@15d1ec62]
2025-01-08 17:22:44 [http-nio-8080-exec-7] DEBUG org.mybatis.spring.SqlSessionUtils - Creating a new SqlSession
2025-01-08 17:22:44 [http-nio-8080-exec-6] DEBUG org.mybatis.spring.SqlSessionUtils - Creating a new SqlSession
2025-01-08 17:22:44 [http-nio-8080-exec-5] DEBUG org.mybatis.spring.SqlSessionUtils - Creating a new SqlSession
2025-01-08 17:22:44 [http-nio-8080-exec-7] DEBUG org.mybatis.spring.SqlSessionUtils - SqlSession [org.apache.ibatis.session.defaults.DefaultSqlSession@5e680df4] was not registered for synchronization because synchronization is not active
2025-01-08 17:22:44 [http-nio-8080-exec-6] DEBUG org.mybatis.spring.SqlSessionUtils - SqlSession [org.apache.ibatis.session.defaults.DefaultSqlSession@37c10364] was not registered for synchronization because synchronization is not active
2025-01-08 17:22:44 [http-nio-8080-exec-5] DEBUG org.mybatis.spring.SqlSessionUtils - SqlSession [org.apache.ibatis.session.defaults.DefaultSqlSession@6faf1f7c] was not registered for synchronization because synchronization is not active
2025-01-08 17:22:44 [http-nio-8080-exec-7] DEBUG o.m.s.t.SpringManagedTransaction - JDBC Connection [HikariProxyConnection@1745033093 wrapping com.mysql.cj.jdbc.ConnectionImpl@6dd7101b] will not be managed by Spring
2025-01-08 17:22:44 [http-nio-8080-exec-6] DEBUG o.m.s.t.SpringManagedTransaction - JDBC Connection [HikariProxyConnection@166263896 wrapping com.mysql.cj.jdbc.ConnectionImpl@786d945b] will not be managed by Spring
2025-01-08 17:22:44 [http-nio-8080-exec-7] DEBUG c.s.d.m.C.selectLnbSubList - ==>  Preparing: SELECT CT_LNB_SUB_IDX AS ctLnbSubIdx, CT_LNB_ID AS ctLnbId, CT_LNB_SUB_ID AS ctLnbSubId, CT_LNB_SUB_NAME AS ctLnbSubName, CT_LNB_SUB_URL AS ctLnbSubUrl FROM CT_LNB_SUB WHERE CT_LNB_ID = ? ORDER BY CT_LNB_SUB_IDX
2025-01-08 17:22:44 [http-nio-8080-exec-5] DEBUG o.m.s.t.SpringManagedTransaction - JDBC Connection [HikariProxyConnection@147317970 wrapping com.mysql.cj.jdbc.ConnectionImpl@429e8370] will not be managed by Spring
2025-01-08 17:22:44 [http-nio-8080-exec-5] DEBUG c.s.d.m.C.selectLnbSubList - ==>  Preparing: SELECT CT_LNB_SUB_IDX AS ctLnbSubIdx, CT_LNB_ID AS ctLnbId, CT_LNB_SUB_ID AS ctLnbSubId, CT_LNB_SUB_NAME AS ctLnbSubName, CT_LNB_SUB_URL AS ctLnbSubUrl FROM CT_LNB_SUB WHERE CT_LNB_ID = ? ORDER BY CT_LNB_SUB_IDX
2025-01-08 17:22:44 [http-nio-8080-exec-6] DEBUG c.s.d.m.C.selectLnbSubList - ==>  Preparing: SELECT CT_LNB_SUB_IDX AS ctLnbSubIdx, CT_LNB_ID AS ctLnbId, CT_LNB_SUB_ID AS ctLnbSubId, CT_LNB_SUB_NAME AS ctLnbSubName, CT_LNB_SUB_URL AS ctLnbSubUrl FROM CT_LNB_SUB WHERE CT_LNB_ID = ? ORDER BY CT_LNB_SUB_IDX
2025-01-08 17:22:44 [http-nio-8080-exec-5] DEBUG c.s.d.m.C.selectLnbSubList - ==> Parameters: CT_LNB_SERVICE(String)
2025-01-08 17:22:44 [http-nio-8080-exec-7] DEBUG c.s.d.m.C.selectLnbSubList - ==> Parameters: CT_LNB_INFORMATION(String)
2025-01-08 17:22:44 [http-nio-8080-exec-6] DEBUG c.s.d.m.C.selectLnbSubList - ==> Parameters: CT_LNB_CONTACT(String)
2025-01-08 17:22:44 [http-nio-8080-exec-7] DEBUG c.s.d.m.C.selectLnbSubList - <==      Total: 2
2025-01-08 17:22:44 [http-nio-8080-exec-5] DEBUG c.s.d.m.C.selectLnbSubList - <==      Total: 4
2025-01-08 17:22:44 [http-nio-8080-exec-7] DEBUG org.mybatis.spring.SqlSessionUtils - Closing non transactional SqlSession [org.apache.ibatis.session.defaults.DefaultSqlSession@5e680df4]
2025-01-08 17:22:44 [http-nio-8080-exec-5] DEBUG org.mybatis.spring.SqlSessionUtils - Closing non transactional SqlSession [org.apache.ibatis.session.defaults.DefaultSqlSession@6faf1f7c]
2025-01-08 17:22:44 [http-nio-8080-exec-6] DEBUG c.s.d.m.C.selectLnbSubList - <==      Total: 2
2025-01-08 17:22:44 [http-nio-8080-exec-6] DEBUG org.mybatis.spring.SqlSessionUtils - Closing non transactional SqlSession [org.apache.ibatis.session.defaults.DefaultSqlSession@37c10364]
2025-01-08 17:24:09 [http-nio-8080-exec-10] WARN  o.t.s.p.AbstractStandardFragmentInsertionTagProcessor - [THYMELEAF][http-nio-8080-exec-10][common/layout/layout] Deprecated unwrapped fragment expression "common/fragments/header::header" found in template common/layout/layout, line 29, col 10. Please use the complete syntax of fragment expressions instead ("~{common/fragments/header::header}"). The old, unwrapped syntax for fragment expressions will be removed in future versions of Thymeleaf.
2025-01-08 17:24:09 [http-nio-8080-exec-10] WARN  o.t.s.p.AbstractStandardFragmentInsertionTagProcessor - [THYMELEAF][http-nio-8080-exec-10][common/layout/layout] Deprecated unwrapped fragment expression "common/fragments/footer::footer" found in template common/layout/layout, line 33, col 10. Please use the complete syntax of fragment expressions instead ("~{common/fragments/footer::footer}"). The old, unwrapped syntax for fragment expressions will be removed in future versions of Thymeleaf.
2025-01-08 17:24:09 [http-nio-8080-exec-8] DEBUG org.mybatis.spring.SqlSessionUtils - Creating a new SqlSession
2025-01-08 17:24:09 [http-nio-8080-exec-8] DEBUG org.mybatis.spring.SqlSessionUtils - SqlSession [org.apache.ibatis.session.defaults.DefaultSqlSession@6493a598] was not registered for synchronization because synchronization is not active
2025-01-08 17:24:09 [http-nio-8080-exec-8] DEBUG o.m.s.t.SpringManagedTransaction - JDBC Connection [HikariProxyConnection@1915277236 wrapping com.mysql.cj.jdbc.ConnectionImpl@6dd7101b] will not be managed by Spring
2025-01-08 17:24:09 [http-nio-8080-exec-8] DEBUG c.s.d.m.CommonMapper.selectLnbList - ==>  Preparing: SELECT CT_LNB_IDX AS ctLnbIdx, CT_LNB_ID AS ctLnbId, CT_LNB_NAME AS ctLnbName, CT_LNB_SUB_YN AS ctLnbSubYn, CT_LNB_URL AS ctLnbUrl, CT_LNB_USE_YN AS ctLnbUseYn FROM CT_LNB WHERE CT_LNB_USE_YN = 'Y' ORDER BY CT_LNB_IDX
2025-01-08 17:24:09 [http-nio-8080-exec-8] DEBUG c.s.d.m.CommonMapper.selectLnbList - ==> Parameters: 
2025-01-08 17:24:09 [http-nio-8080-exec-8] DEBUG c.s.d.m.CommonMapper.selectLnbList - <==      Total: 4
2025-01-08 17:24:09 [http-nio-8080-exec-8] DEBUG org.mybatis.spring.SqlSessionUtils - Closing non transactional SqlSession [org.apache.ibatis.session.defaults.DefaultSqlSession@6493a598]
2025-01-08 17:24:09 [http-nio-8080-exec-9] DEBUG org.mybatis.spring.SqlSessionUtils - Creating a new SqlSession
2025-01-08 17:24:09 [http-nio-8080-exec-9] DEBUG org.mybatis.spring.SqlSessionUtils - SqlSession [org.apache.ibatis.session.defaults.DefaultSqlSession@24a6688] was not registered for synchronization because synchronization is not active
2025-01-08 17:24:09 [http-nio-8080-exec-9] DEBUG o.m.s.t.SpringManagedTransaction - JDBC Connection [HikariProxyConnection@2013898423 wrapping com.mysql.cj.jdbc.ConnectionImpl@6dd7101b] will not be managed by Spring
2025-01-08 17:24:09 [http-nio-8080-exec-9] DEBUG c.s.d.m.CommonMapper.selectLnbList - ==>  Preparing: SELECT CT_LNB_IDX AS ctLnbIdx, CT_LNB_ID AS ctLnbId, CT_LNB_NAME AS ctLnbName, CT_LNB_SUB_YN AS ctLnbSubYn, CT_LNB_URL AS ctLnbUrl, CT_LNB_USE_YN AS ctLnbUseYn FROM CT_LNB WHERE CT_LNB_USE_YN = 'Y' ORDER BY CT_LNB_IDX
2025-01-08 17:24:09 [http-nio-8080-exec-9] DEBUG c.s.d.m.CommonMapper.selectLnbList - ==> Parameters: 
2025-01-08 17:24:09 [http-nio-8080-exec-9] DEBUG c.s.d.m.CommonMapper.selectLnbList - <==      Total: 4
2025-01-08 17:24:09 [http-nio-8080-exec-9] DEBUG org.mybatis.spring.SqlSessionUtils - Closing non transactional SqlSession [org.apache.ibatis.session.defaults.DefaultSqlSession@24a6688]
2025-01-08 17:24:09 [http-nio-8080-exec-7] DEBUG org.mybatis.spring.SqlSessionUtils - Creating a new SqlSession
2025-01-08 17:24:09 [http-nio-8080-exec-5] DEBUG org.mybatis.spring.SqlSessionUtils - Creating a new SqlSession
2025-01-08 17:24:09 [http-nio-8080-exec-10] DEBUG org.mybatis.spring.SqlSessionUtils - Creating a new SqlSession
2025-01-08 17:24:09 [http-nio-8080-exec-7] DEBUG org.mybatis.spring.SqlSessionUtils - SqlSession [org.apache.ibatis.session.defaults.DefaultSqlSession@10de494b] was not registered for synchronization because synchronization is not active
2025-01-08 17:24:09 [http-nio-8080-exec-5] DEBUG org.mybatis.spring.SqlSessionUtils - SqlSession [org.apache.ibatis.session.defaults.DefaultSqlSession@2397f279] was not registered for synchronization because synchronization is not active
2025-01-08 17:24:09 [http-nio-8080-exec-10] DEBUG org.mybatis.spring.SqlSessionUtils - SqlSession [org.apache.ibatis.session.defaults.DefaultSqlSession@75f3196b] was not registered for synchronization because synchronization is not active
2025-01-08 17:24:09 [http-nio-8080-exec-7] DEBUG o.m.s.t.SpringManagedTransaction - JDBC Connection [HikariProxyConnection@1620167658 wrapping com.mysql.cj.jdbc.ConnectionImpl@6dd7101b] will not be managed by Spring
2025-01-08 17:24:09 [http-nio-8080-exec-7] DEBUG c.s.d.m.C.selectLnbSubList - ==>  Preparing: SELECT CT_LNB_SUB_IDX AS ctLnbSubIdx, CT_LNB_ID AS ctLnbId, CT_LNB_SUB_ID AS ctLnbSubId, CT_LNB_SUB_NAME AS ctLnbSubName, CT_LNB_SUB_URL AS ctLnbSubUrl FROM CT_LNB_SUB WHERE CT_LNB_ID = ? ORDER BY CT_LNB_SUB_IDX
2025-01-08 17:24:09 [http-nio-8080-exec-5] DEBUG o.m.s.t.SpringManagedTransaction - JDBC Connection [HikariProxyConnection@339833773 wrapping com.mysql.cj.jdbc.ConnectionImpl@429e8370] will not be managed by Spring
2025-01-08 17:24:09 [http-nio-8080-exec-10] DEBUG o.m.s.t.SpringManagedTransaction - JDBC Connection [HikariProxyConnection@93229293 wrapping com.mysql.cj.jdbc.ConnectionImpl@786d945b] will not be managed by Spring
2025-01-08 17:24:09 [http-nio-8080-exec-7] DEBUG c.s.d.m.C.selectLnbSubList - ==> Parameters: CT_LNB_SERVICE(String)
2025-01-08 17:24:09 [http-nio-8080-exec-5] DEBUG c.s.d.m.C.selectLnbSubList - ==>  Preparing: SELECT CT_LNB_SUB_IDX AS ctLnbSubIdx, CT_LNB_ID AS ctLnbId, CT_LNB_SUB_ID AS ctLnbSubId, CT_LNB_SUB_NAME AS ctLnbSubName, CT_LNB_SUB_URL AS ctLnbSubUrl FROM CT_LNB_SUB WHERE CT_LNB_ID = ? ORDER BY CT_LNB_SUB_IDX
2025-01-08 17:24:09 [http-nio-8080-exec-10] DEBUG c.s.d.m.C.selectLnbSubList - ==>  Preparing: SELECT CT_LNB_SUB_IDX AS ctLnbSubIdx, CT_LNB_ID AS ctLnbId, CT_LNB_SUB_ID AS ctLnbSubId, CT_LNB_SUB_NAME AS ctLnbSubName, CT_LNB_SUB_URL AS ctLnbSubUrl FROM CT_LNB_SUB WHERE CT_LNB_ID = ? ORDER BY CT_LNB_SUB_IDX
2025-01-08 17:24:09 [http-nio-8080-exec-5] DEBUG c.s.d.m.C.selectLnbSubList - ==> Parameters: CT_LNB_CONTACT(String)
2025-01-08 17:24:09 [http-nio-8080-exec-10] DEBUG c.s.d.m.C.selectLnbSubList - ==> Parameters: CT_LNB_INFORMATION(String)
2025-01-08 17:24:09 [http-nio-8080-exec-5] DEBUG c.s.d.m.C.selectLnbSubList - <==      Total: 2
2025-01-08 17:24:09 [http-nio-8080-exec-10] DEBUG c.s.d.m.C.selectLnbSubList - <==      Total: 2
2025-01-08 17:24:09 [http-nio-8080-exec-5] DEBUG org.mybatis.spring.SqlSessionUtils - Closing non transactional SqlSession [org.apache.ibatis.session.defaults.DefaultSqlSession@2397f279]
2025-01-08 17:24:09 [http-nio-8080-exec-10] DEBUG org.mybatis.spring.SqlSessionUtils - Closing non transactional SqlSession [org.apache.ibatis.session.defaults.DefaultSqlSession@75f3196b]
2025-01-08 17:24:09 [http-nio-8080-exec-7] DEBUG c.s.d.m.C.selectLnbSubList - <==      Total: 4
2025-01-08 17:24:09 [http-nio-8080-exec-7] DEBUG org.mybatis.spring.SqlSessionUtils - Closing non transactional SqlSession [org.apache.ibatis.session.defaults.DefaultSqlSession@10de494b]
2025-01-08 17:24:09 [http-nio-8080-exec-6] DEBUG org.mybatis.spring.SqlSessionUtils - Creating a new SqlSession
2025-01-08 17:24:09 [http-nio-8080-exec-2] DEBUG org.mybatis.spring.SqlSessionUtils - Creating a new SqlSession
2025-01-08 17:24:09 [http-nio-8080-exec-4] DEBUG org.mybatis.spring.SqlSessionUtils - Creating a new SqlSession
2025-01-08 17:24:09 [http-nio-8080-exec-6] DEBUG org.mybatis.spring.SqlSessionUtils - SqlSession [org.apache.ibatis.session.defaults.DefaultSqlSession@45e162fa] was not registered for synchronization because synchronization is not active
2025-01-08 17:24:09 [http-nio-8080-exec-2] DEBUG org.mybatis.spring.SqlSessionUtils - SqlSession [org.apache.ibatis.session.defaults.DefaultSqlSession@5374c0e0] was not registered for synchronization because synchronization is not active
2025-01-08 17:24:09 [http-nio-8080-exec-4] DEBUG org.mybatis.spring.SqlSessionUtils - SqlSession [org.apache.ibatis.session.defaults.DefaultSqlSession@57a34627] was not registered for synchronization because synchronization is not active
2025-01-08 17:24:09 [http-nio-8080-exec-6] DEBUG o.m.s.t.SpringManagedTransaction - JDBC Connection [HikariProxyConnection@940862245 wrapping com.mysql.cj.jdbc.ConnectionImpl@786d945b] will not be managed by Spring
2025-01-08 17:24:09 [http-nio-8080-exec-4] DEBUG o.m.s.t.SpringManagedTransaction - JDBC Connection [HikariProxyConnection@1131990980 wrapping com.mysql.cj.jdbc.ConnectionImpl@429e8370] will not be managed by Spring
2025-01-08 17:24:09 [http-nio-8080-exec-2] DEBUG o.m.s.t.SpringManagedTransaction - JDBC Connection [HikariProxyConnection@773661197 wrapping com.mysql.cj.jdbc.ConnectionImpl@6dd7101b] will not be managed by Spring
2025-01-08 17:24:09 [http-nio-8080-exec-6] DEBUG c.s.d.m.C.selectLnbSubList - ==>  Preparing: SELECT CT_LNB_SUB_IDX AS ctLnbSubIdx, CT_LNB_ID AS ctLnbId, CT_LNB_SUB_ID AS ctLnbSubId, CT_LNB_SUB_NAME AS ctLnbSubName, CT_LNB_SUB_URL AS ctLnbSubUrl FROM CT_LNB_SUB WHERE CT_LNB_ID = ? ORDER BY CT_LNB_SUB_IDX
2025-01-08 17:24:09 [http-nio-8080-exec-4] DEBUG c.s.d.m.C.selectLnbSubList - ==>  Preparing: SELECT CT_LNB_SUB_IDX AS ctLnbSubIdx, CT_LNB_ID AS ctLnbId, CT_LNB_SUB_ID AS ctLnbSubId, CT_LNB_SUB_NAME AS ctLnbSubName, CT_LNB_SUB_URL AS ctLnbSubUrl FROM CT_LNB_SUB WHERE CT_LNB_ID = ? ORDER BY CT_LNB_SUB_IDX
2025-01-08 17:24:09 [http-nio-8080-exec-2] DEBUG c.s.d.m.C.selectLnbSubList - ==>  Preparing: SELECT CT_LNB_SUB_IDX AS ctLnbSubIdx, CT_LNB_ID AS ctLnbId, CT_LNB_SUB_ID AS ctLnbSubId, CT_LNB_SUB_NAME AS ctLnbSubName, CT_LNB_SUB_URL AS ctLnbSubUrl FROM CT_LNB_SUB WHERE CT_LNB_ID = ? ORDER BY CT_LNB_SUB_IDX
2025-01-08 17:24:09 [http-nio-8080-exec-2] DEBUG c.s.d.m.C.selectLnbSubList - ==> Parameters: CT_LNB_CONTACT(String)
2025-01-08 17:24:09 [http-nio-8080-exec-4] DEBUG c.s.d.m.C.selectLnbSubList - ==> Parameters: CT_LNB_INFORMATION(String)
2025-01-08 17:24:09 [http-nio-8080-exec-6] DEBUG c.s.d.m.C.selectLnbSubList - ==> Parameters: CT_LNB_SERVICE(String)
2025-01-08 17:24:09 [http-nio-8080-exec-4] DEBUG c.s.d.m.C.selectLnbSubList - <==      Total: 2
2025-01-08 17:24:09 [http-nio-8080-exec-2] DEBUG c.s.d.m.C.selectLnbSubList - <==      Total: 2
2025-01-08 17:24:09 [http-nio-8080-exec-6] DEBUG c.s.d.m.C.selectLnbSubList - <==      Total: 4
2025-01-08 17:24:09 [http-nio-8080-exec-4] DEBUG org.mybatis.spring.SqlSessionUtils - Closing non transactional SqlSession [org.apache.ibatis.session.defaults.DefaultSqlSession@57a34627]
2025-01-08 17:24:09 [http-nio-8080-exec-2] DEBUG org.mybatis.spring.SqlSessionUtils - Closing non transactional SqlSession [org.apache.ibatis.session.defaults.DefaultSqlSession@5374c0e0]
2025-01-08 17:24:09 [http-nio-8080-exec-6] DEBUG org.mybatis.spring.SqlSessionUtils - Closing non transactional SqlSession [org.apache.ibatis.session.defaults.DefaultSqlSession@45e162fa]
2025-01-08 17:24:36 [http-nio-8080-exec-3] WARN  o.t.s.p.AbstractStandardFragmentInsertionTagProcessor - [THYMELEAF][http-nio-8080-exec-3][common/layout/layout] Deprecated unwrapped fragment expression "common/fragments/header::header" found in template common/layout/layout, line 31, col 10. Please use the complete syntax of fragment expressions instead ("~{common/fragments/header::header}"). The old, unwrapped syntax for fragment expressions will be removed in future versions of Thymeleaf.
2025-01-08 17:24:36 [http-nio-8080-exec-3] WARN  o.t.s.p.AbstractStandardFragmentInsertionTagProcessor - [THYMELEAF][http-nio-8080-exec-3][common/layout/layout] Deprecated unwrapped fragment expression "common/fragments/footer::footer" found in template common/layout/layout, line 35, col 10. Please use the complete syntax of fragment expressions instead ("~{common/fragments/footer::footer}"). The old, unwrapped syntax for fragment expressions will be removed in future versions of Thymeleaf.
2025-01-08 17:24:36 [http-nio-8080-exec-4] DEBUG org.mybatis.spring.SqlSessionUtils - Creating a new SqlSession
2025-01-08 17:24:36 [http-nio-8080-exec-4] DEBUG org.mybatis.spring.SqlSessionUtils - SqlSession [org.apache.ibatis.session.defaults.DefaultSqlSession@1ba93bff] was not registered for synchronization because synchronization is not active
2025-01-08 17:24:36 [http-nio-8080-exec-4] DEBUG o.m.s.t.SpringManagedTransaction - JDBC Connection [HikariProxyConnection@1450628307 wrapping com.mysql.cj.jdbc.ConnectionImpl@429e8370] will not be managed by Spring
2025-01-08 17:24:36 [http-nio-8080-exec-4] DEBUG c.s.d.m.CommonMapper.selectLnbList - ==>  Preparing: SELECT CT_LNB_IDX AS ctLnbIdx, CT_LNB_ID AS ctLnbId, CT_LNB_NAME AS ctLnbName, CT_LNB_SUB_YN AS ctLnbSubYn, CT_LNB_URL AS ctLnbUrl, CT_LNB_USE_YN AS ctLnbUseYn FROM CT_LNB WHERE CT_LNB_USE_YN = 'Y' ORDER BY CT_LNB_IDX
2025-01-08 17:24:36 [http-nio-8080-exec-4] DEBUG c.s.d.m.CommonMapper.selectLnbList - ==> Parameters: 
2025-01-08 17:24:36 [http-nio-8080-exec-4] DEBUG c.s.d.m.CommonMapper.selectLnbList - <==      Total: 4
2025-01-08 17:24:36 [http-nio-8080-exec-4] DEBUG org.mybatis.spring.SqlSessionUtils - Closing non transactional SqlSession [org.apache.ibatis.session.defaults.DefaultSqlSession@1ba93bff]
2025-01-08 17:24:36 [http-nio-8080-exec-3] DEBUG org.mybatis.spring.SqlSessionUtils - Creating a new SqlSession
2025-01-08 17:24:36 [http-nio-8080-exec-3] DEBUG org.mybatis.spring.SqlSessionUtils - SqlSession [org.apache.ibatis.session.defaults.DefaultSqlSession@5e17204b] was not registered for synchronization because synchronization is not active
2025-01-08 17:24:36 [http-nio-8080-exec-3] DEBUG o.m.s.t.SpringManagedTransaction - JDBC Connection [HikariProxyConnection@2116759863 wrapping com.mysql.cj.jdbc.ConnectionImpl@6dd7101b] will not be managed by Spring
2025-01-08 17:24:36 [http-nio-8080-exec-3] DEBUG c.s.d.m.CommonMapper.selectLnbList - ==>  Preparing: SELECT CT_LNB_IDX AS ctLnbIdx, CT_LNB_ID AS ctLnbId, CT_LNB_NAME AS ctLnbName, CT_LNB_SUB_YN AS ctLnbSubYn, CT_LNB_URL AS ctLnbUrl, CT_LNB_USE_YN AS ctLnbUseYn FROM CT_LNB WHERE CT_LNB_USE_YN = 'Y' ORDER BY CT_LNB_IDX
2025-01-08 17:24:36 [http-nio-8080-exec-3] DEBUG c.s.d.m.CommonMapper.selectLnbList - ==> Parameters: 
2025-01-08 17:24:36 [http-nio-8080-exec-3] DEBUG c.s.d.m.CommonMapper.selectLnbList - <==      Total: 4
2025-01-08 17:24:36 [http-nio-8080-exec-3] DEBUG org.mybatis.spring.SqlSessionUtils - Closing non transactional SqlSession [org.apache.ibatis.session.defaults.DefaultSqlSession@5e17204b]
2025-01-08 17:24:36 [http-nio-8080-exec-10] DEBUG org.mybatis.spring.SqlSessionUtils - Creating a new SqlSession
2025-01-08 17:24:36 [http-nio-8080-exec-1] DEBUG org.mybatis.spring.SqlSessionUtils - Creating a new SqlSession
2025-01-08 17:24:36 [http-nio-8080-exec-10] DEBUG org.mybatis.spring.SqlSessionUtils - SqlSession [org.apache.ibatis.session.defaults.DefaultSqlSession@4219e9b9] was not registered for synchronization because synchronization is not active
2025-01-08 17:24:36 [http-nio-8080-exec-1] DEBUG org.mybatis.spring.SqlSessionUtils - SqlSession [org.apache.ibatis.session.defaults.DefaultSqlSession@61f3ff27] was not registered for synchronization because synchronization is not active
2025-01-08 17:24:36 [http-nio-8080-exec-1] DEBUG o.m.s.t.SpringManagedTransaction - JDBC Connection [HikariProxyConnection@855027580 wrapping com.mysql.cj.jdbc.ConnectionImpl@429e8370] will not be managed by Spring
2025-01-08 17:24:36 [http-nio-8080-exec-9] DEBUG org.mybatis.spring.SqlSessionUtils - Creating a new SqlSession
2025-01-08 17:24:36 [http-nio-8080-exec-1] DEBUG c.s.d.m.C.selectLnbSubList - ==>  Preparing: SELECT CT_LNB_SUB_IDX AS ctLnbSubIdx, CT_LNB_ID AS ctLnbId, CT_LNB_SUB_ID AS ctLnbSubId, CT_LNB_SUB_NAME AS ctLnbSubName, CT_LNB_SUB_URL AS ctLnbSubUrl FROM CT_LNB_SUB WHERE CT_LNB_ID = ? ORDER BY CT_LNB_SUB_IDX
2025-01-08 17:24:36 [http-nio-8080-exec-9] DEBUG org.mybatis.spring.SqlSessionUtils - SqlSession [org.apache.ibatis.session.defaults.DefaultSqlSession@57525147] was not registered for synchronization because synchronization is not active
2025-01-08 17:24:36 [http-nio-8080-exec-9] DEBUG o.m.s.t.SpringManagedTransaction - JDBC Connection [HikariProxyConnection@157506781 wrapping com.mysql.cj.jdbc.ConnectionImpl@6dd7101b] will not be managed by Spring
2025-01-08 17:24:36 [http-nio-8080-exec-9] DEBUG c.s.d.m.C.selectLnbSubList - ==>  Preparing: SELECT CT_LNB_SUB_IDX AS ctLnbSubIdx, CT_LNB_ID AS ctLnbId, CT_LNB_SUB_ID AS ctLnbSubId, CT_LNB_SUB_NAME AS ctLnbSubName, CT_LNB_SUB_URL AS ctLnbSubUrl FROM CT_LNB_SUB WHERE CT_LNB_ID = ? ORDER BY CT_LNB_SUB_IDX
2025-01-08 17:24:36 [http-nio-8080-exec-10] DEBUG o.m.s.t.SpringManagedTransaction - JDBC Connection [HikariProxyConnection@861999343 wrapping com.mysql.cj.jdbc.ConnectionImpl@786d945b] will not be managed by Spring
2025-01-08 17:24:36 [http-nio-8080-exec-1] DEBUG c.s.d.m.C.selectLnbSubList - ==> Parameters: CT_LNB_INFORMATION(String)
2025-01-08 17:24:36 [http-nio-8080-exec-10] DEBUG c.s.d.m.C.selectLnbSubList - ==>  Preparing: SELECT CT_LNB_SUB_IDX AS ctLnbSubIdx, CT_LNB_ID AS ctLnbId, CT_LNB_SUB_ID AS ctLnbSubId, CT_LNB_SUB_NAME AS ctLnbSubName, CT_LNB_SUB_URL AS ctLnbSubUrl FROM CT_LNB_SUB WHERE CT_LNB_ID = ? ORDER BY CT_LNB_SUB_IDX
2025-01-08 17:24:36 [http-nio-8080-exec-9] DEBUG c.s.d.m.C.selectLnbSubList - ==> Parameters: CT_LNB_CONTACT(String)
2025-01-08 17:24:36 [http-nio-8080-exec-10] DEBUG c.s.d.m.C.selectLnbSubList - ==> Parameters: CT_LNB_SERVICE(String)
2025-01-08 17:24:36 [http-nio-8080-exec-1] DEBUG c.s.d.m.C.selectLnbSubList - <==      Total: 2
2025-01-08 17:24:36 [http-nio-8080-exec-9] DEBUG c.s.d.m.C.selectLnbSubList - <==      Total: 2
2025-01-08 17:24:36 [http-nio-8080-exec-10] DEBUG c.s.d.m.C.selectLnbSubList - <==      Total: 4
2025-01-08 17:24:36 [http-nio-8080-exec-1] DEBUG org.mybatis.spring.SqlSessionUtils - Closing non transactional SqlSession [org.apache.ibatis.session.defaults.DefaultSqlSession@61f3ff27]
2025-01-08 17:24:36 [http-nio-8080-exec-10] DEBUG org.mybatis.spring.SqlSessionUtils - Closing non transactional SqlSession [org.apache.ibatis.session.defaults.DefaultSqlSession@4219e9b9]
2025-01-08 17:24:36 [http-nio-8080-exec-9] DEBUG org.mybatis.spring.SqlSessionUtils - Closing non transactional SqlSession [org.apache.ibatis.session.defaults.DefaultSqlSession@57525147]
2025-01-08 17:24:36 [http-nio-8080-exec-2] DEBUG org.mybatis.spring.SqlSessionUtils - Creating a new SqlSession
2025-01-08 17:24:36 [http-nio-8080-exec-8] DEBUG org.mybatis.spring.SqlSessionUtils - Creating a new SqlSession
2025-01-08 17:24:36 [http-nio-8080-exec-2] DEBUG org.mybatis.spring.SqlSessionUtils - SqlSession [org.apache.ibatis.session.defaults.DefaultSqlSession@36b29511] was not registered for synchronization because synchronization is not active
2025-01-08 17:24:36 [http-nio-8080-exec-8] DEBUG org.mybatis.spring.SqlSessionUtils - SqlSession [org.apache.ibatis.session.defaults.DefaultSqlSession@210664a9] was not registered for synchronization because synchronization is not active
2025-01-08 17:24:36 [http-nio-8080-exec-7] DEBUG org.mybatis.spring.SqlSessionUtils - Creating a new SqlSession
2025-01-08 17:24:36 [http-nio-8080-exec-7] DEBUG org.mybatis.spring.SqlSessionUtils - SqlSession [org.apache.ibatis.session.defaults.DefaultSqlSession@13c35359] was not registered for synchronization because synchronization is not active
2025-01-08 17:24:36 [http-nio-8080-exec-2] DEBUG o.m.s.t.SpringManagedTransaction - JDBC Connection [HikariProxyConnection@1903740032 wrapping com.mysql.cj.jdbc.ConnectionImpl@6dd7101b] will not be managed by Spring
2025-01-08 17:24:36 [http-nio-8080-exec-8] DEBUG o.m.s.t.SpringManagedTransaction - JDBC Connection [HikariProxyConnection@190226703 wrapping com.mysql.cj.jdbc.ConnectionImpl@786d945b] will not be managed by Spring
2025-01-08 17:24:36 [http-nio-8080-exec-7] DEBUG o.m.s.t.SpringManagedTransaction - JDBC Connection [HikariProxyConnection@787770209 wrapping com.mysql.cj.jdbc.ConnectionImpl@429e8370] will not be managed by Spring
2025-01-08 17:24:36 [http-nio-8080-exec-2] DEBUG c.s.d.m.C.selectLnbSubList - ==>  Preparing: SELECT CT_LNB_SUB_IDX AS ctLnbSubIdx, CT_LNB_ID AS ctLnbId, CT_LNB_SUB_ID AS ctLnbSubId, CT_LNB_SUB_NAME AS ctLnbSubName, CT_LNB_SUB_URL AS ctLnbSubUrl FROM CT_LNB_SUB WHERE CT_LNB_ID = ? ORDER BY CT_LNB_SUB_IDX
2025-01-08 17:24:36 [http-nio-8080-exec-8] DEBUG c.s.d.m.C.selectLnbSubList - ==>  Preparing: SELECT CT_LNB_SUB_IDX AS ctLnbSubIdx, CT_LNB_ID AS ctLnbId, CT_LNB_SUB_ID AS ctLnbSubId, CT_LNB_SUB_NAME AS ctLnbSubName, CT_LNB_SUB_URL AS ctLnbSubUrl FROM CT_LNB_SUB WHERE CT_LNB_ID = ? ORDER BY CT_LNB_SUB_IDX
2025-01-08 17:24:36 [http-nio-8080-exec-7] DEBUG c.s.d.m.C.selectLnbSubList - ==>  Preparing: SELECT CT_LNB_SUB_IDX AS ctLnbSubIdx, CT_LNB_ID AS ctLnbId, CT_LNB_SUB_ID AS ctLnbSubId, CT_LNB_SUB_NAME AS ctLnbSubName, CT_LNB_SUB_URL AS ctLnbSubUrl FROM CT_LNB_SUB WHERE CT_LNB_ID = ? ORDER BY CT_LNB_SUB_IDX
2025-01-08 17:24:36 [http-nio-8080-exec-2] DEBUG c.s.d.m.C.selectLnbSubList - ==> Parameters: CT_LNB_SERVICE(String)
2025-01-08 17:24:36 [http-nio-8080-exec-7] DEBUG c.s.d.m.C.selectLnbSubList - ==> Parameters: CT_LNB_INFORMATION(String)
2025-01-08 17:24:36 [http-nio-8080-exec-8] DEBUG c.s.d.m.C.selectLnbSubList - ==> Parameters: CT_LNB_CONTACT(String)
2025-01-08 17:24:36 [http-nio-8080-exec-7] DEBUG c.s.d.m.C.selectLnbSubList - <==      Total: 2
2025-01-08 17:24:36 [http-nio-8080-exec-8] DEBUG c.s.d.m.C.selectLnbSubList - <==      Total: 2
2025-01-08 17:24:36 [http-nio-8080-exec-2] DEBUG c.s.d.m.C.selectLnbSubList - <==      Total: 4
2025-01-08 17:24:36 [http-nio-8080-exec-8] DEBUG org.mybatis.spring.SqlSessionUtils - Closing non transactional SqlSession [org.apache.ibatis.session.defaults.DefaultSqlSession@210664a9]
2025-01-08 17:24:36 [http-nio-8080-exec-7] DEBUG org.mybatis.spring.SqlSessionUtils - Closing non transactional SqlSession [org.apache.ibatis.session.defaults.DefaultSqlSession@13c35359]
2025-01-08 17:24:36 [http-nio-8080-exec-2] DEBUG org.mybatis.spring.SqlSessionUtils - Closing non transactional SqlSession [org.apache.ibatis.session.defaults.DefaultSqlSession@36b29511]
2025-01-08 17:24:39 [http-nio-8080-exec-6] WARN  o.t.s.p.AbstractStandardFragmentInsertionTagProcessor - [THYMELEAF][http-nio-8080-exec-6][common/layout/layout] Deprecated unwrapped fragment expression "common/fragments/header::header" found in template common/layout/layout, line 31, col 10. Please use the complete syntax of fragment expressions instead ("~{common/fragments/header::header}"). The old, unwrapped syntax for fragment expressions will be removed in future versions of Thymeleaf.
2025-01-08 17:24:39 [http-nio-8080-exec-6] WARN  o.t.s.p.AbstractStandardFragmentInsertionTagProcessor - [THYMELEAF][http-nio-8080-exec-6][common/layout/layout] Deprecated unwrapped fragment expression "common/fragments/footer::footer" found in template common/layout/layout, line 35, col 10. Please use the complete syntax of fragment expressions instead ("~{common/fragments/footer::footer}"). The old, unwrapped syntax for fragment expressions will be removed in future versions of Thymeleaf.
2025-01-08 17:24:39 [http-nio-8080-exec-6] DEBUG org.mybatis.spring.SqlSessionUtils - Creating a new SqlSession
2025-01-08 17:24:39 [http-nio-8080-exec-6] DEBUG org.mybatis.spring.SqlSessionUtils - SqlSession [org.apache.ibatis.session.defaults.DefaultSqlSession@290344b] was not registered for synchronization because synchronization is not active
2025-01-08 17:24:39 [http-nio-8080-exec-6] DEBUG o.m.s.t.SpringManagedTransaction - JDBC Connection [HikariProxyConnection@1131689086 wrapping com.mysql.cj.jdbc.ConnectionImpl@786d945b] will not be managed by Spring
2025-01-08 17:24:39 [http-nio-8080-exec-6] DEBUG c.s.d.m.CommonMapper.selectLnbList - ==>  Preparing: SELECT CT_LNB_IDX AS ctLnbIdx, CT_LNB_ID AS ctLnbId, CT_LNB_NAME AS ctLnbName, CT_LNB_SUB_YN AS ctLnbSubYn, CT_LNB_URL AS ctLnbUrl, CT_LNB_USE_YN AS ctLnbUseYn FROM CT_LNB WHERE CT_LNB_USE_YN = 'Y' ORDER BY CT_LNB_IDX
2025-01-08 17:24:39 [http-nio-8080-exec-6] DEBUG c.s.d.m.CommonMapper.selectLnbList - ==> Parameters: 
2025-01-08 17:24:39 [http-nio-8080-exec-6] DEBUG c.s.d.m.CommonMapper.selectLnbList - <==      Total: 4
2025-01-08 17:24:39 [http-nio-8080-exec-6] DEBUG org.mybatis.spring.SqlSessionUtils - Closing non transactional SqlSession [org.apache.ibatis.session.defaults.DefaultSqlSession@290344b]
2025-01-08 17:24:39 [http-nio-8080-exec-5] DEBUG org.mybatis.spring.SqlSessionUtils - Creating a new SqlSession
2025-01-08 17:24:39 [http-nio-8080-exec-5] DEBUG org.mybatis.spring.SqlSessionUtils - SqlSession [org.apache.ibatis.session.defaults.DefaultSqlSession@3ff5ad84] was not registered for synchronization because synchronization is not active
2025-01-08 17:24:39 [http-nio-8080-exec-5] DEBUG o.m.s.t.SpringManagedTransaction - JDBC Connection [HikariProxyConnection@1107917521 wrapping com.mysql.cj.jdbc.ConnectionImpl@429e8370] will not be managed by Spring
2025-01-08 17:24:39 [http-nio-8080-exec-5] DEBUG c.s.d.m.CommonMapper.selectLnbList - ==>  Preparing: SELECT CT_LNB_IDX AS ctLnbIdx, CT_LNB_ID AS ctLnbId, CT_LNB_NAME AS ctLnbName, CT_LNB_SUB_YN AS ctLnbSubYn, CT_LNB_URL AS ctLnbUrl, CT_LNB_USE_YN AS ctLnbUseYn FROM CT_LNB WHERE CT_LNB_USE_YN = 'Y' ORDER BY CT_LNB_IDX
2025-01-08 17:24:39 [http-nio-8080-exec-5] DEBUG c.s.d.m.CommonMapper.selectLnbList - ==> Parameters: 
2025-01-08 17:24:39 [http-nio-8080-exec-5] DEBUG c.s.d.m.CommonMapper.selectLnbList - <==      Total: 4
2025-01-08 17:24:39 [http-nio-8080-exec-5] DEBUG org.mybatis.spring.SqlSessionUtils - Closing non transactional SqlSession [org.apache.ibatis.session.defaults.DefaultSqlSession@3ff5ad84]
2025-01-08 17:24:39 [http-nio-8080-exec-9] DEBUG org.mybatis.spring.SqlSessionUtils - Creating a new SqlSession
2025-01-08 17:24:39 [http-nio-8080-exec-4] DEBUG org.mybatis.spring.SqlSessionUtils - Creating a new SqlSession
2025-01-08 17:24:39 [http-nio-8080-exec-3] DEBUG org.mybatis.spring.SqlSessionUtils - Creating a new SqlSession
2025-01-08 17:24:39 [http-nio-8080-exec-3] DEBUG org.mybatis.spring.SqlSessionUtils - SqlSession [org.apache.ibatis.session.defaults.DefaultSqlSession@168c28c9] was not registered for synchronization because synchronization is not active
2025-01-08 17:24:39 [http-nio-8080-exec-9] DEBUG org.mybatis.spring.SqlSessionUtils - SqlSession [org.apache.ibatis.session.defaults.DefaultSqlSession@3048d7fe] was not registered for synchronization because synchronization is not active
2025-01-08 17:24:39 [http-nio-8080-exec-4] DEBUG org.mybatis.spring.SqlSessionUtils - SqlSession [org.apache.ibatis.session.defaults.DefaultSqlSession@e4ac329] was not registered for synchronization because synchronization is not active
2025-01-08 17:24:39 [http-nio-8080-exec-4] DEBUG o.m.s.t.SpringManagedTransaction - JDBC Connection [HikariProxyConnection@1853513343 wrapping com.mysql.cj.jdbc.ConnectionImpl@429e8370] will not be managed by Spring
2025-01-08 17:24:39 [http-nio-8080-exec-3] DEBUG o.m.s.t.SpringManagedTransaction - JDBC Connection [HikariProxyConnection@822677926 wrapping com.mysql.cj.jdbc.ConnectionImpl@786d945b] will not be managed by Spring
2025-01-08 17:24:39 [http-nio-8080-exec-3] DEBUG c.s.d.m.C.selectLnbSubList - ==>  Preparing: SELECT CT_LNB_SUB_IDX AS ctLnbSubIdx, CT_LNB_ID AS ctLnbId, CT_LNB_SUB_ID AS ctLnbSubId, CT_LNB_SUB_NAME AS ctLnbSubName, CT_LNB_SUB_URL AS ctLnbSubUrl FROM CT_LNB_SUB WHERE CT_LNB_ID = ? ORDER BY CT_LNB_SUB_IDX
2025-01-08 17:24:39 [http-nio-8080-exec-4] DEBUG c.s.d.m.C.selectLnbSubList - ==>  Preparing: SELECT CT_LNB_SUB_IDX AS ctLnbSubIdx, CT_LNB_ID AS ctLnbId, CT_LNB_SUB_ID AS ctLnbSubId, CT_LNB_SUB_NAME AS ctLnbSubName, CT_LNB_SUB_URL AS ctLnbSubUrl FROM CT_LNB_SUB WHERE CT_LNB_ID = ? ORDER BY CT_LNB_SUB_IDX
2025-01-08 17:24:39 [http-nio-8080-exec-3] DEBUG c.s.d.m.C.selectLnbSubList - ==> Parameters: CT_LNB_SERVICE(String)
2025-01-08 17:24:39 [http-nio-8080-exec-4] DEBUG c.s.d.m.C.selectLnbSubList - ==> Parameters: CT_LNB_INFORMATION(String)
2025-01-08 17:24:39 [http-nio-8080-exec-9] DEBUG o.m.s.t.SpringManagedTransaction - JDBC Connection [HikariProxyConnection@593420446 wrapping com.mysql.cj.jdbc.ConnectionImpl@6dd7101b] will not be managed by Spring
2025-01-08 17:24:39 [http-nio-8080-exec-9] DEBUG c.s.d.m.C.selectLnbSubList - ==>  Preparing: SELECT CT_LNB_SUB_IDX AS ctLnbSubIdx, CT_LNB_ID AS ctLnbId, CT_LNB_SUB_ID AS ctLnbSubId, CT_LNB_SUB_NAME AS ctLnbSubName, CT_LNB_SUB_URL AS ctLnbSubUrl FROM CT_LNB_SUB WHERE CT_LNB_ID = ? ORDER BY CT_LNB_SUB_IDX
2025-01-08 17:24:39 [http-nio-8080-exec-9] DEBUG c.s.d.m.C.selectLnbSubList - ==> Parameters: CT_LNB_CONTACT(String)
2025-01-08 17:24:39 [http-nio-8080-exec-4] DEBUG c.s.d.m.C.selectLnbSubList - <==      Total: 2
2025-01-08 17:24:39 [http-nio-8080-exec-3] DEBUG c.s.d.m.C.selectLnbSubList - <==      Total: 4
2025-01-08 17:24:39 [http-nio-8080-exec-9] DEBUG c.s.d.m.C.selectLnbSubList - <==      Total: 2
2025-01-08 17:24:39 [http-nio-8080-exec-4] DEBUG org.mybatis.spring.SqlSessionUtils - Closing non transactional SqlSession [org.apache.ibatis.session.defaults.DefaultSqlSession@e4ac329]
2025-01-08 17:24:39 [http-nio-8080-exec-3] DEBUG org.mybatis.spring.SqlSessionUtils - Closing non transactional SqlSession [org.apache.ibatis.session.defaults.DefaultSqlSession@168c28c9]
2025-01-08 17:24:39 [http-nio-8080-exec-9] DEBUG org.mybatis.spring.SqlSessionUtils - Closing non transactional SqlSession [org.apache.ibatis.session.defaults.DefaultSqlSession@3048d7fe]
2025-01-08 17:24:39 [http-nio-8080-exec-7] DEBUG org.mybatis.spring.SqlSessionUtils - Creating a new SqlSession
2025-01-08 17:24:39 [http-nio-8080-exec-10] DEBUG org.mybatis.spring.SqlSessionUtils - Creating a new SqlSession
2025-01-08 17:24:39 [http-nio-8080-exec-1] DEBUG org.mybatis.spring.SqlSessionUtils - Creating a new SqlSession
2025-01-08 17:24:39 [http-nio-8080-exec-7] DEBUG org.mybatis.spring.SqlSessionUtils - SqlSession [org.apache.ibatis.session.defaults.DefaultSqlSession@63c35197] was not registered for synchronization because synchronization is not active
2025-01-08 17:24:39 [http-nio-8080-exec-1] DEBUG org.mybatis.spring.SqlSessionUtils - SqlSession [org.apache.ibatis.session.defaults.DefaultSqlSession@10b0a269] was not registered for synchronization because synchronization is not active
2025-01-08 17:24:39 [http-nio-8080-exec-10] DEBUG org.mybatis.spring.SqlSessionUtils - SqlSession [org.apache.ibatis.session.defaults.DefaultSqlSession@7b15aa1a] was not registered for synchronization because synchronization is not active
2025-01-08 17:24:39 [http-nio-8080-exec-7] DEBUG o.m.s.t.SpringManagedTransaction - JDBC Connection [HikariProxyConnection@1860272621 wrapping com.mysql.cj.jdbc.ConnectionImpl@429e8370] will not be managed by Spring
2025-01-08 17:24:39 [http-nio-8080-exec-10] DEBUG o.m.s.t.SpringManagedTransaction - JDBC Connection [HikariProxyConnection@1086864383 wrapping com.mysql.cj.jdbc.ConnectionImpl@786d945b] will not be managed by Spring
2025-01-08 17:24:39 [http-nio-8080-exec-1] DEBUG o.m.s.t.SpringManagedTransaction - JDBC Connection [HikariProxyConnection@389706316 wrapping com.mysql.cj.jdbc.ConnectionImpl@6dd7101b] will not be managed by Spring
2025-01-08 17:24:39 [http-nio-8080-exec-10] DEBUG c.s.d.m.C.selectLnbSubList - ==>  Preparing: SELECT CT_LNB_SUB_IDX AS ctLnbSubIdx, CT_LNB_ID AS ctLnbId, CT_LNB_SUB_ID AS ctLnbSubId, CT_LNB_SUB_NAME AS ctLnbSubName, CT_LNB_SUB_URL AS ctLnbSubUrl FROM CT_LNB_SUB WHERE CT_LNB_ID = ? ORDER BY CT_LNB_SUB_IDX
2025-01-08 17:24:39 [http-nio-8080-exec-7] DEBUG c.s.d.m.C.selectLnbSubList - ==>  Preparing: SELECT CT_LNB_SUB_IDX AS ctLnbSubIdx, CT_LNB_ID AS ctLnbId, CT_LNB_SUB_ID AS ctLnbSubId, CT_LNB_SUB_NAME AS ctLnbSubName, CT_LNB_SUB_URL AS ctLnbSubUrl FROM CT_LNB_SUB WHERE CT_LNB_ID = ? ORDER BY CT_LNB_SUB_IDX
2025-01-08 17:24:39 [http-nio-8080-exec-1] DEBUG c.s.d.m.C.selectLnbSubList - ==>  Preparing: SELECT CT_LNB_SUB_IDX AS ctLnbSubIdx, CT_LNB_ID AS ctLnbId, CT_LNB_SUB_ID AS ctLnbSubId, CT_LNB_SUB_NAME AS ctLnbSubName, CT_LNB_SUB_URL AS ctLnbSubUrl FROM CT_LNB_SUB WHERE CT_LNB_ID = ? ORDER BY CT_LNB_SUB_IDX
2025-01-08 17:24:39 [http-nio-8080-exec-10] DEBUG c.s.d.m.C.selectLnbSubList - ==> Parameters: CT_LNB_CONTACT(String)
2025-01-08 17:24:39 [http-nio-8080-exec-1] DEBUG c.s.d.m.C.selectLnbSubList - ==> Parameters: CT_LNB_SERVICE(String)
2025-01-08 17:24:39 [http-nio-8080-exec-7] DEBUG c.s.d.m.C.selectLnbSubList - ==> Parameters: CT_LNB_INFORMATION(String)
2025-01-08 17:24:39 [http-nio-8080-exec-10] DEBUG c.s.d.m.C.selectLnbSubList - <==      Total: 2
2025-01-08 17:24:39 [http-nio-8080-exec-7] DEBUG c.s.d.m.C.selectLnbSubList - <==      Total: 2
2025-01-08 17:24:39 [http-nio-8080-exec-1] DEBUG c.s.d.m.C.selectLnbSubList - <==      Total: 4
2025-01-08 17:24:39 [http-nio-8080-exec-1] DEBUG org.mybatis.spring.SqlSessionUtils - Closing non transactional SqlSession [org.apache.ibatis.session.defaults.DefaultSqlSession@10b0a269]
2025-01-08 17:24:39 [http-nio-8080-exec-7] DEBUG org.mybatis.spring.SqlSessionUtils - Closing non transactional SqlSession [org.apache.ibatis.session.defaults.DefaultSqlSession@63c35197]
2025-01-08 17:24:39 [http-nio-8080-exec-10] DEBUG org.mybatis.spring.SqlSessionUtils - Closing non transactional SqlSession [org.apache.ibatis.session.defaults.DefaultSqlSession@7b15aa1a]
2025-01-08 17:24:40 [http-nio-8080-exec-2] WARN  o.t.s.p.AbstractStandardFragmentInsertionTagProcessor - [THYMELEAF][http-nio-8080-exec-2][common/layout/layout] Deprecated unwrapped fragment expression "common/fragments/header::header" found in template common/layout/layout, line 31, col 10. Please use the complete syntax of fragment expressions instead ("~{common/fragments/header::header}"). The old, unwrapped syntax for fragment expressions will be removed in future versions of Thymeleaf.
2025-01-08 17:24:40 [http-nio-8080-exec-2] WARN  o.t.s.p.AbstractStandardFragmentInsertionTagProcessor - [THYMELEAF][http-nio-8080-exec-2][common/layout/layout] Deprecated unwrapped fragment expression "common/fragments/footer::footer" found in template common/layout/layout, line 35, col 10. Please use the complete syntax of fragment expressions instead ("~{common/fragments/footer::footer}"). The old, unwrapped syntax for fragment expressions will be removed in future versions of Thymeleaf.
2025-01-08 17:24:40 [http-nio-8080-exec-10] DEBUG org.mybatis.spring.SqlSessionUtils - Creating a new SqlSession
2025-01-08 17:24:40 [http-nio-8080-exec-10] DEBUG org.mybatis.spring.SqlSessionUtils - SqlSession [org.apache.ibatis.session.defaults.DefaultSqlSession@6e66818e] was not registered for synchronization because synchronization is not active
2025-01-08 17:24:40 [http-nio-8080-exec-10] DEBUG o.m.s.t.SpringManagedTransaction - JDBC Connection [HikariProxyConnection@947233570 wrapping com.mysql.cj.jdbc.ConnectionImpl@786d945b] will not be managed by Spring
2025-01-08 17:24:40 [http-nio-8080-exec-10] DEBUG c.s.d.m.CommonMapper.selectLnbList - ==>  Preparing: SELECT CT_LNB_IDX AS ctLnbIdx, CT_LNB_ID AS ctLnbId, CT_LNB_NAME AS ctLnbName, CT_LNB_SUB_YN AS ctLnbSubYn, CT_LNB_URL AS ctLnbUrl, CT_LNB_USE_YN AS ctLnbUseYn FROM CT_LNB WHERE CT_LNB_USE_YN = 'Y' ORDER BY CT_LNB_IDX
2025-01-08 17:24:40 [http-nio-8080-exec-10] DEBUG c.s.d.m.CommonMapper.selectLnbList - ==> Parameters: 
2025-01-08 17:24:40 [http-nio-8080-exec-10] DEBUG c.s.d.m.CommonMapper.selectLnbList - <==      Total: 4
2025-01-08 17:24:40 [http-nio-8080-exec-10] DEBUG org.mybatis.spring.SqlSessionUtils - Closing non transactional SqlSession [org.apache.ibatis.session.defaults.DefaultSqlSession@6e66818e]
2025-01-08 17:24:40 [http-nio-8080-exec-2] DEBUG org.mybatis.spring.SqlSessionUtils - Creating a new SqlSession
2025-01-08 17:24:40 [http-nio-8080-exec-2] DEBUG org.mybatis.spring.SqlSessionUtils - SqlSession [org.apache.ibatis.session.defaults.DefaultSqlSession@6f58e0c2] was not registered for synchronization because synchronization is not active
2025-01-08 17:24:40 [http-nio-8080-exec-2] DEBUG o.m.s.t.SpringManagedTransaction - JDBC Connection [HikariProxyConnection@290026890 wrapping com.mysql.cj.jdbc.ConnectionImpl@6dd7101b] will not be managed by Spring
2025-01-08 17:24:40 [http-nio-8080-exec-2] DEBUG c.s.d.m.CommonMapper.selectLnbList - ==>  Preparing: SELECT CT_LNB_IDX AS ctLnbIdx, CT_LNB_ID AS ctLnbId, CT_LNB_NAME AS ctLnbName, CT_LNB_SUB_YN AS ctLnbSubYn, CT_LNB_URL AS ctLnbUrl, CT_LNB_USE_YN AS ctLnbUseYn FROM CT_LNB WHERE CT_LNB_USE_YN = 'Y' ORDER BY CT_LNB_IDX
2025-01-08 17:24:40 [http-nio-8080-exec-2] DEBUG c.s.d.m.CommonMapper.selectLnbList - ==> Parameters: 
2025-01-08 17:24:40 [http-nio-8080-exec-2] DEBUG c.s.d.m.CommonMapper.selectLnbList - <==      Total: 4
2025-01-08 17:24:40 [http-nio-8080-exec-2] DEBUG org.mybatis.spring.SqlSessionUtils - Closing non transactional SqlSession [org.apache.ibatis.session.defaults.DefaultSqlSession@6f58e0c2]
2025-01-08 17:24:40 [http-nio-8080-exec-6] DEBUG org.mybatis.spring.SqlSessionUtils - Creating a new SqlSession
2025-01-08 17:24:40 [http-nio-8080-exec-9] DEBUG org.mybatis.spring.SqlSessionUtils - Creating a new SqlSession
2025-01-08 17:24:40 [http-nio-8080-exec-3] DEBUG org.mybatis.spring.SqlSessionUtils - Creating a new SqlSession
2025-01-08 17:24:40 [http-nio-8080-exec-6] DEBUG org.mybatis.spring.SqlSessionUtils - SqlSession [org.apache.ibatis.session.defaults.DefaultSqlSession@228ac0f5] was not registered for synchronization because synchronization is not active
2025-01-08 17:24:40 [http-nio-8080-exec-3] DEBUG org.mybatis.spring.SqlSessionUtils - SqlSession [org.apache.ibatis.session.defaults.DefaultSqlSession@128a44da] was not registered for synchronization because synchronization is not active
2025-01-08 17:24:40 [http-nio-8080-exec-9] DEBUG org.mybatis.spring.SqlSessionUtils - SqlSession [org.apache.ibatis.session.defaults.DefaultSqlSession@56e4d80a] was not registered for synchronization because synchronization is not active
2025-01-08 17:24:40 [http-nio-8080-exec-9] DEBUG o.m.s.t.SpringManagedTransaction - JDBC Connection [HikariProxyConnection@48924760 wrapping com.mysql.cj.jdbc.ConnectionImpl@6dd7101b] will not be managed by Spring
2025-01-08 17:24:40 [http-nio-8080-exec-3] DEBUG o.m.s.t.SpringManagedTransaction - JDBC Connection [HikariProxyConnection@1811411724 wrapping com.mysql.cj.jdbc.ConnectionImpl@786d945b] will not be managed by Spring
2025-01-08 17:24:40 [http-nio-8080-exec-9] DEBUG c.s.d.m.C.selectLnbSubList - ==>  Preparing: SELECT CT_LNB_SUB_IDX AS ctLnbSubIdx, CT_LNB_ID AS ctLnbId, CT_LNB_SUB_ID AS ctLnbSubId, CT_LNB_SUB_NAME AS ctLnbSubName, CT_LNB_SUB_URL AS ctLnbSubUrl FROM CT_LNB_SUB WHERE CT_LNB_ID = ? ORDER BY CT_LNB_SUB_IDX
2025-01-08 17:24:40 [http-nio-8080-exec-3] DEBUG c.s.d.m.C.selectLnbSubList - ==>  Preparing: SELECT CT_LNB_SUB_IDX AS ctLnbSubIdx, CT_LNB_ID AS ctLnbId, CT_LNB_SUB_ID AS ctLnbSubId, CT_LNB_SUB_NAME AS ctLnbSubName, CT_LNB_SUB_URL AS ctLnbSubUrl FROM CT_LNB_SUB WHERE CT_LNB_ID = ? ORDER BY CT_LNB_SUB_IDX
2025-01-08 17:24:40 [http-nio-8080-exec-9] DEBUG c.s.d.m.C.selectLnbSubList - ==> Parameters: CT_LNB_INFORMATION(String)
2025-01-08 17:24:40 [http-nio-8080-exec-3] DEBUG c.s.d.m.C.selectLnbSubList - ==> Parameters: CT_LNB_CONTACT(String)
2025-01-08 17:24:40 [http-nio-8080-exec-6] DEBUG o.m.s.t.SpringManagedTransaction - JDBC Connection [HikariProxyConnection@1086314270 wrapping com.mysql.cj.jdbc.ConnectionImpl@429e8370] will not be managed by Spring
2025-01-08 17:24:40 [http-nio-8080-exec-6] DEBUG c.s.d.m.C.selectLnbSubList - ==>  Preparing: SELECT CT_LNB_SUB_IDX AS ctLnbSubIdx, CT_LNB_ID AS ctLnbId, CT_LNB_SUB_ID AS ctLnbSubId, CT_LNB_SUB_NAME AS ctLnbSubName, CT_LNB_SUB_URL AS ctLnbSubUrl FROM CT_LNB_SUB WHERE CT_LNB_ID = ? ORDER BY CT_LNB_SUB_IDX
2025-01-08 17:24:40 [http-nio-8080-exec-6] DEBUG c.s.d.m.C.selectLnbSubList - ==> Parameters: CT_LNB_SERVICE(String)
2025-01-08 17:24:40 [http-nio-8080-exec-3] DEBUG c.s.d.m.C.selectLnbSubList - <==      Total: 2
2025-01-08 17:24:40 [http-nio-8080-exec-9] DEBUG c.s.d.m.C.selectLnbSubList - <==      Total: 2
2025-01-08 17:24:40 [http-nio-8080-exec-6] DEBUG c.s.d.m.C.selectLnbSubList - <==      Total: 4
2025-01-08 17:24:40 [http-nio-8080-exec-3] DEBUG org.mybatis.spring.SqlSessionUtils - Closing non transactional SqlSession [org.apache.ibatis.session.defaults.DefaultSqlSession@128a44da]
2025-01-08 17:24:40 [http-nio-8080-exec-6] DEBUG org.mybatis.spring.SqlSessionUtils - Closing non transactional SqlSession [org.apache.ibatis.session.defaults.DefaultSqlSession@228ac0f5]
2025-01-08 17:24:40 [http-nio-8080-exec-9] DEBUG org.mybatis.spring.SqlSessionUtils - Closing non transactional SqlSession [org.apache.ibatis.session.defaults.DefaultSqlSession@56e4d80a]
2025-01-08 17:24:40 [http-nio-8080-exec-4] DEBUG org.mybatis.spring.SqlSessionUtils - Creating a new SqlSession
2025-01-08 17:24:40 [http-nio-8080-exec-8] DEBUG org.mybatis.spring.SqlSessionUtils - Creating a new SqlSession
2025-01-08 17:24:40 [http-nio-8080-exec-5] DEBUG org.mybatis.spring.SqlSessionUtils - Creating a new SqlSession
2025-01-08 17:24:40 [http-nio-8080-exec-4] DEBUG org.mybatis.spring.SqlSessionUtils - SqlSession [org.apache.ibatis.session.defaults.DefaultSqlSession@63ea6a73] was not registered for synchronization because synchronization is not active
2025-01-08 17:24:40 [http-nio-8080-exec-8] DEBUG org.mybatis.spring.SqlSessionUtils - SqlSession [org.apache.ibatis.session.defaults.DefaultSqlSession@7b1d6cb7] was not registered for synchronization because synchronization is not active
2025-01-08 17:24:40 [http-nio-8080-exec-5] DEBUG org.mybatis.spring.SqlSessionUtils - SqlSession [org.apache.ibatis.session.defaults.DefaultSqlSession@d892bac] was not registered for synchronization because synchronization is not active
2025-01-08 17:24:40 [http-nio-8080-exec-4] DEBUG o.m.s.t.SpringManagedTransaction - JDBC Connection [HikariProxyConnection@1600084439 wrapping com.mysql.cj.jdbc.ConnectionImpl@429e8370] will not be managed by Spring
2025-01-08 17:24:40 [http-nio-8080-exec-5] DEBUG o.m.s.t.SpringManagedTransaction - JDBC Connection [HikariProxyConnection@73340734 wrapping com.mysql.cj.jdbc.ConnectionImpl@6dd7101b] will not be managed by Spring
2025-01-08 17:24:40 [http-nio-8080-exec-8] DEBUG o.m.s.t.SpringManagedTransaction - JDBC Connection [HikariProxyConnection@1924098754 wrapping com.mysql.cj.jdbc.ConnectionImpl@786d945b] will not be managed by Spring
2025-01-08 17:24:40 [http-nio-8080-exec-4] DEBUG c.s.d.m.C.selectLnbSubList - ==>  Preparing: SELECT CT_LNB_SUB_IDX AS ctLnbSubIdx, CT_LNB_ID AS ctLnbId, CT_LNB_SUB_ID AS ctLnbSubId, CT_LNB_SUB_NAME AS ctLnbSubName, CT_LNB_SUB_URL AS ctLnbSubUrl FROM CT_LNB_SUB WHERE CT_LNB_ID = ? ORDER BY CT_LNB_SUB_IDX
2025-01-08 17:24:40 [http-nio-8080-exec-5] DEBUG c.s.d.m.C.selectLnbSubList - ==>  Preparing: SELECT CT_LNB_SUB_IDX AS ctLnbSubIdx, CT_LNB_ID AS ctLnbId, CT_LNB_SUB_ID AS ctLnbSubId, CT_LNB_SUB_NAME AS ctLnbSubName, CT_LNB_SUB_URL AS ctLnbSubUrl FROM CT_LNB_SUB WHERE CT_LNB_ID = ? ORDER BY CT_LNB_SUB_IDX
2025-01-08 17:24:40 [http-nio-8080-exec-8] DEBUG c.s.d.m.C.selectLnbSubList - ==>  Preparing: SELECT CT_LNB_SUB_IDX AS ctLnbSubIdx, CT_LNB_ID AS ctLnbId, CT_LNB_SUB_ID AS ctLnbSubId, CT_LNB_SUB_NAME AS ctLnbSubName, CT_LNB_SUB_URL AS ctLnbSubUrl FROM CT_LNB_SUB WHERE CT_LNB_ID = ? ORDER BY CT_LNB_SUB_IDX
2025-01-08 17:24:40 [http-nio-8080-exec-8] DEBUG c.s.d.m.C.selectLnbSubList - ==> Parameters: CT_LNB_INFORMATION(String)
2025-01-08 17:24:40 [http-nio-8080-exec-5] DEBUG c.s.d.m.C.selectLnbSubList - ==> Parameters: CT_LNB_SERVICE(String)
2025-01-08 17:24:40 [http-nio-8080-exec-4] DEBUG c.s.d.m.C.selectLnbSubList - ==> Parameters: CT_LNB_CONTACT(String)
2025-01-08 17:24:40 [http-nio-8080-exec-4] DEBUG c.s.d.m.C.selectLnbSubList - <==      Total: 2
2025-01-08 17:24:40 [http-nio-8080-exec-8] DEBUG c.s.d.m.C.selectLnbSubList - <==      Total: 2
2025-01-08 17:24:40 [http-nio-8080-exec-5] DEBUG c.s.d.m.C.selectLnbSubList - <==      Total: 4
2025-01-08 17:24:40 [http-nio-8080-exec-4] DEBUG org.mybatis.spring.SqlSessionUtils - Closing non transactional SqlSession [org.apache.ibatis.session.defaults.DefaultSqlSession@63ea6a73]
2025-01-08 17:24:40 [http-nio-8080-exec-8] DEBUG org.mybatis.spring.SqlSessionUtils - Closing non transactional SqlSession [org.apache.ibatis.session.defaults.DefaultSqlSession@7b1d6cb7]
2025-01-08 17:24:40 [http-nio-8080-exec-5] DEBUG org.mybatis.spring.SqlSessionUtils - Closing non transactional SqlSession [org.apache.ibatis.session.defaults.DefaultSqlSession@d892bac]
2025-01-08 17:24:44 [http-nio-8080-exec-7] WARN  o.t.s.p.AbstractStandardFragmentInsertionTagProcessor - [THYMELEAF][http-nio-8080-exec-7][common/layout/layout] Deprecated unwrapped fragment expression "common/fragments/header::header" found in template common/layout/layout, line 31, col 10. Please use the complete syntax of fragment expressions instead ("~{common/fragments/header::header}"). The old, unwrapped syntax for fragment expressions will be removed in future versions of Thymeleaf.
2025-01-08 17:24:44 [http-nio-8080-exec-7] WARN  o.t.s.p.AbstractStandardFragmentInsertionTagProcessor - [THYMELEAF][http-nio-8080-exec-7][common/layout/layout] Deprecated unwrapped fragment expression "common/fragments/footer::footer" found in template common/layout/layout, line 35, col 10. Please use the complete syntax of fragment expressions instead ("~{common/fragments/footer::footer}"). The old, unwrapped syntax for fragment expressions will be removed in future versions of Thymeleaf.
2025-01-08 17:24:44 [http-nio-8080-exec-7] DEBUG org.mybatis.spring.SqlSessionUtils - Creating a new SqlSession
2025-01-08 17:24:44 [http-nio-8080-exec-7] DEBUG org.mybatis.spring.SqlSessionUtils - SqlSession [org.apache.ibatis.session.defaults.DefaultSqlSession@1fbb439e] was not registered for synchronization because synchronization is not active
2025-01-08 17:24:44 [http-nio-8080-exec-7] DEBUG o.m.s.t.SpringManagedTransaction - JDBC Connection [HikariProxyConnection@588719354 wrapping com.mysql.cj.jdbc.ConnectionImpl@429e8370] will not be managed by Spring
2025-01-08 17:24:44 [http-nio-8080-exec-7] DEBUG c.s.d.m.CommonMapper.selectLnbList - ==>  Preparing: SELECT CT_LNB_IDX AS ctLnbIdx, CT_LNB_ID AS ctLnbId, CT_LNB_NAME AS ctLnbName, CT_LNB_SUB_YN AS ctLnbSubYn, CT_LNB_URL AS ctLnbUrl, CT_LNB_USE_YN AS ctLnbUseYn FROM CT_LNB WHERE CT_LNB_USE_YN = 'Y' ORDER BY CT_LNB_IDX
2025-01-08 17:24:44 [http-nio-8080-exec-7] DEBUG c.s.d.m.CommonMapper.selectLnbList - ==> Parameters: 
2025-01-08 17:24:44 [http-nio-8080-exec-7] DEBUG c.s.d.m.CommonMapper.selectLnbList - <==      Total: 4
2025-01-08 17:24:44 [http-nio-8080-exec-7] DEBUG org.mybatis.spring.SqlSessionUtils - Closing non transactional SqlSession [org.apache.ibatis.session.defaults.DefaultSqlSession@1fbb439e]
2025-01-08 17:24:44 [http-nio-8080-exec-9] DEBUG org.mybatis.spring.SqlSessionUtils - Creating a new SqlSession
2025-01-08 17:24:44 [http-nio-8080-exec-9] DEBUG org.mybatis.spring.SqlSessionUtils - SqlSession [org.apache.ibatis.session.defaults.DefaultSqlSession@6de1fc98] was not registered for synchronization because synchronization is not active
2025-01-08 17:24:44 [http-nio-8080-exec-9] DEBUG o.m.s.t.SpringManagedTransaction - JDBC Connection [HikariProxyConnection@1000280372 wrapping com.mysql.cj.jdbc.ConnectionImpl@6dd7101b] will not be managed by Spring
2025-01-08 17:24:44 [http-nio-8080-exec-9] DEBUG c.s.d.m.CommonMapper.selectLnbList - ==>  Preparing: SELECT CT_LNB_IDX AS ctLnbIdx, CT_LNB_ID AS ctLnbId, CT_LNB_NAME AS ctLnbName, CT_LNB_SUB_YN AS ctLnbSubYn, CT_LNB_URL AS ctLnbUrl, CT_LNB_USE_YN AS ctLnbUseYn FROM CT_LNB WHERE CT_LNB_USE_YN = 'Y' ORDER BY CT_LNB_IDX
2025-01-08 17:24:44 [http-nio-8080-exec-9] DEBUG c.s.d.m.CommonMapper.selectLnbList - ==> Parameters: 
2025-01-08 17:24:44 [http-nio-8080-exec-9] DEBUG c.s.d.m.CommonMapper.selectLnbList - <==      Total: 4
2025-01-08 17:24:44 [http-nio-8080-exec-9] DEBUG org.mybatis.spring.SqlSessionUtils - Closing non transactional SqlSession [org.apache.ibatis.session.defaults.DefaultSqlSession@6de1fc98]
2025-01-08 17:24:44 [http-nio-8080-exec-6] DEBUG org.mybatis.spring.SqlSessionUtils - Creating a new SqlSession
2025-01-08 17:24:44 [http-nio-8080-exec-3] DEBUG org.mybatis.spring.SqlSessionUtils - Creating a new SqlSession
2025-01-08 17:24:44 [http-nio-8080-exec-2] DEBUG org.mybatis.spring.SqlSessionUtils - Creating a new SqlSession
2025-01-08 17:24:44 [http-nio-8080-exec-6] DEBUG org.mybatis.spring.SqlSessionUtils - SqlSession [org.apache.ibatis.session.defaults.DefaultSqlSession@352b1775] was not registered for synchronization because synchronization is not active
2025-01-08 17:24:44 [http-nio-8080-exec-3] DEBUG org.mybatis.spring.SqlSessionUtils - SqlSession [org.apache.ibatis.session.defaults.DefaultSqlSession@325a7a68] was not registered for synchronization because synchronization is not active
2025-01-08 17:24:44 [http-nio-8080-exec-2] DEBUG org.mybatis.spring.SqlSessionUtils - SqlSession [org.apache.ibatis.session.defaults.DefaultSqlSession@4b4e8ad1] was not registered for synchronization because synchronization is not active
2025-01-08 17:24:44 [http-nio-8080-exec-2] DEBUG o.m.s.t.SpringManagedTransaction - JDBC Connection [HikariProxyConnection@292635415 wrapping com.mysql.cj.jdbc.ConnectionImpl@6dd7101b] will not be managed by Spring
2025-01-08 17:24:44 [http-nio-8080-exec-6] DEBUG o.m.s.t.SpringManagedTransaction - JDBC Connection [HikariProxyConnection@185737705 wrapping com.mysql.cj.jdbc.ConnectionImpl@429e8370] will not be managed by Spring
2025-01-08 17:24:44 [http-nio-8080-exec-2] DEBUG c.s.d.m.C.selectLnbSubList - ==>  Preparing: SELECT CT_LNB_SUB_IDX AS ctLnbSubIdx, CT_LNB_ID AS ctLnbId, CT_LNB_SUB_ID AS ctLnbSubId, CT_LNB_SUB_NAME AS ctLnbSubName, CT_LNB_SUB_URL AS ctLnbSubUrl FROM CT_LNB_SUB WHERE CT_LNB_ID = ? ORDER BY CT_LNB_SUB_IDX
2025-01-08 17:24:44 [http-nio-8080-exec-6] DEBUG c.s.d.m.C.selectLnbSubList - ==>  Preparing: SELECT CT_LNB_SUB_IDX AS ctLnbSubIdx, CT_LNB_ID AS ctLnbId, CT_LNB_SUB_ID AS ctLnbSubId, CT_LNB_SUB_NAME AS ctLnbSubName, CT_LNB_SUB_URL AS ctLnbSubUrl FROM CT_LNB_SUB WHERE CT_LNB_ID = ? ORDER BY CT_LNB_SUB_IDX
2025-01-08 17:24:44 [http-nio-8080-exec-2] DEBUG c.s.d.m.C.selectLnbSubList - ==> Parameters: CT_LNB_INFORMATION(String)
2025-01-08 17:24:44 [http-nio-8080-exec-6] DEBUG c.s.d.m.C.selectLnbSubList - ==> Parameters: CT_LNB_SERVICE(String)
2025-01-08 17:24:44 [http-nio-8080-exec-3] DEBUG o.m.s.t.SpringManagedTransaction - JDBC Connection [HikariProxyConnection@1726058684 wrapping com.mysql.cj.jdbc.ConnectionImpl@786d945b] will not be managed by Spring
2025-01-08 17:24:44 [http-nio-8080-exec-3] DEBUG c.s.d.m.C.selectLnbSubList - ==>  Preparing: SELECT CT_LNB_SUB_IDX AS ctLnbSubIdx, CT_LNB_ID AS ctLnbId, CT_LNB_SUB_ID AS ctLnbSubId, CT_LNB_SUB_NAME AS ctLnbSubName, CT_LNB_SUB_URL AS ctLnbSubUrl FROM CT_LNB_SUB WHERE CT_LNB_ID = ? ORDER BY CT_LNB_SUB_IDX
2025-01-08 17:24:44 [http-nio-8080-exec-3] DEBUG c.s.d.m.C.selectLnbSubList - ==> Parameters: CT_LNB_CONTACT(String)
2025-01-08 17:24:44 [http-nio-8080-exec-2] DEBUG c.s.d.m.C.selectLnbSubList - <==      Total: 2
2025-01-08 17:24:44 [http-nio-8080-exec-3] DEBUG c.s.d.m.C.selectLnbSubList - <==      Total: 2
2025-01-08 17:24:44 [http-nio-8080-exec-6] DEBUG c.s.d.m.C.selectLnbSubList - <==      Total: 4
2025-01-08 17:24:44 [http-nio-8080-exec-2] DEBUG org.mybatis.spring.SqlSessionUtils - Closing non transactional SqlSession [org.apache.ibatis.session.defaults.DefaultSqlSession@4b4e8ad1]
2025-01-08 17:24:44 [http-nio-8080-exec-3] DEBUG org.mybatis.spring.SqlSessionUtils - Closing non transactional SqlSession [org.apache.ibatis.session.defaults.DefaultSqlSession@325a7a68]
2025-01-08 17:24:44 [http-nio-8080-exec-6] DEBUG org.mybatis.spring.SqlSessionUtils - Closing non transactional SqlSession [org.apache.ibatis.session.defaults.DefaultSqlSession@352b1775]
2025-01-08 17:24:44 [http-nio-8080-exec-10] DEBUG org.mybatis.spring.SqlSessionUtils - Creating a new SqlSession
2025-01-08 17:24:44 [http-nio-8080-exec-8] DEBUG org.mybatis.spring.SqlSessionUtils - Creating a new SqlSession
2025-01-08 17:24:44 [http-nio-8080-exec-1] DEBUG org.mybatis.spring.SqlSessionUtils - Creating a new SqlSession
2025-01-08 17:24:44 [http-nio-8080-exec-10] DEBUG org.mybatis.spring.SqlSessionUtils - SqlSession [org.apache.ibatis.session.defaults.DefaultSqlSession@1b934d6c] was not registered for synchronization because synchronization is not active
2025-01-08 17:24:44 [http-nio-8080-exec-8] DEBUG org.mybatis.spring.SqlSessionUtils - SqlSession [org.apache.ibatis.session.defaults.DefaultSqlSession@7847a234] was not registered for synchronization because synchronization is not active
2025-01-08 17:24:44 [http-nio-8080-exec-1] DEBUG org.mybatis.spring.SqlSessionUtils - SqlSession [org.apache.ibatis.session.defaults.DefaultSqlSession@5cbc26c0] was not registered for synchronization because synchronization is not active
2025-01-08 17:24:44 [http-nio-8080-exec-1] DEBUG o.m.s.t.SpringManagedTransaction - JDBC Connection [HikariProxyConnection@1945294803 wrapping com.mysql.cj.jdbc.ConnectionImpl@6dd7101b] will not be managed by Spring
2025-01-08 17:24:44 [http-nio-8080-exec-10] DEBUG o.m.s.t.SpringManagedTransaction - JDBC Connection [HikariProxyConnection@250249615 wrapping com.mysql.cj.jdbc.ConnectionImpl@786d945b] will not be managed by Spring
2025-01-08 17:24:44 [http-nio-8080-exec-8] DEBUG o.m.s.t.SpringManagedTransaction - JDBC Connection [HikariProxyConnection@1907830404 wrapping com.mysql.cj.jdbc.ConnectionImpl@429e8370] will not be managed by Spring
2025-01-08 17:24:44 [http-nio-8080-exec-1] DEBUG c.s.d.m.C.selectLnbSubList - ==>  Preparing: SELECT CT_LNB_SUB_IDX AS ctLnbSubIdx, CT_LNB_ID AS ctLnbId, CT_LNB_SUB_ID AS ctLnbSubId, CT_LNB_SUB_NAME AS ctLnbSubName, CT_LNB_SUB_URL AS ctLnbSubUrl FROM CT_LNB_SUB WHERE CT_LNB_ID = ? ORDER BY CT_LNB_SUB_IDX
2025-01-08 17:24:44 [http-nio-8080-exec-8] DEBUG c.s.d.m.C.selectLnbSubList - ==>  Preparing: SELECT CT_LNB_SUB_IDX AS ctLnbSubIdx, CT_LNB_ID AS ctLnbId, CT_LNB_SUB_ID AS ctLnbSubId, CT_LNB_SUB_NAME AS ctLnbSubName, CT_LNB_SUB_URL AS ctLnbSubUrl FROM CT_LNB_SUB WHERE CT_LNB_ID = ? ORDER BY CT_LNB_SUB_IDX
2025-01-08 17:24:44 [http-nio-8080-exec-10] DEBUG c.s.d.m.C.selectLnbSubList - ==>  Preparing: SELECT CT_LNB_SUB_IDX AS ctLnbSubIdx, CT_LNB_ID AS ctLnbId, CT_LNB_SUB_ID AS ctLnbSubId, CT_LNB_SUB_NAME AS ctLnbSubName, CT_LNB_SUB_URL AS ctLnbSubUrl FROM CT_LNB_SUB WHERE CT_LNB_ID = ? ORDER BY CT_LNB_SUB_IDX
2025-01-08 17:24:44 [http-nio-8080-exec-8] DEBUG c.s.d.m.C.selectLnbSubList - ==> Parameters: CT_LNB_INFORMATION(String)
2025-01-08 17:24:44 [http-nio-8080-exec-1] DEBUG c.s.d.m.C.selectLnbSubList - ==> Parameters: CT_LNB_SERVICE(String)
2025-01-08 17:24:44 [http-nio-8080-exec-10] DEBUG c.s.d.m.C.selectLnbSubList - ==> Parameters: CT_LNB_CONTACT(String)
2025-01-08 17:24:44 [http-nio-8080-exec-8] DEBUG c.s.d.m.C.selectLnbSubList - <==      Total: 2
2025-01-08 17:24:44 [http-nio-8080-exec-10] DEBUG c.s.d.m.C.selectLnbSubList - <==      Total: 2
2025-01-08 17:24:44 [http-nio-8080-exec-1] DEBUG c.s.d.m.C.selectLnbSubList - <==      Total: 4
2025-01-08 17:24:44 [http-nio-8080-exec-8] DEBUG org.mybatis.spring.SqlSessionUtils - Closing non transactional SqlSession [org.apache.ibatis.session.defaults.DefaultSqlSession@7847a234]
2025-01-08 17:24:44 [http-nio-8080-exec-1] DEBUG org.mybatis.spring.SqlSessionUtils - Closing non transactional SqlSession [org.apache.ibatis.session.defaults.DefaultSqlSession@5cbc26c0]
2025-01-08 17:24:44 [http-nio-8080-exec-10] DEBUG org.mybatis.spring.SqlSessionUtils - Closing non transactional SqlSession [org.apache.ibatis.session.defaults.DefaultSqlSession@1b934d6c]
2025-01-08 17:24:45 [http-nio-8080-exec-5] WARN  o.t.s.p.AbstractStandardFragmentInsertionTagProcessor - [THYMELEAF][http-nio-8080-exec-5][common/layout/layout] Deprecated unwrapped fragment expression "common/fragments/header::header" found in template common/layout/layout, line 31, col 10. Please use the complete syntax of fragment expressions instead ("~{common/fragments/header::header}"). The old, unwrapped syntax for fragment expressions will be removed in future versions of Thymeleaf.
2025-01-08 17:24:45 [http-nio-8080-exec-5] WARN  o.t.s.p.AbstractStandardFragmentInsertionTagProcessor - [THYMELEAF][http-nio-8080-exec-5][common/layout/layout] Deprecated unwrapped fragment expression "common/fragments/footer::footer" found in template common/layout/layout, line 35, col 10. Please use the complete syntax of fragment expressions instead ("~{common/fragments/footer::footer}"). The old, unwrapped syntax for fragment expressions will be removed in future versions of Thymeleaf.
2025-01-08 17:24:45 [http-nio-8080-exec-8] DEBUG org.mybatis.spring.SqlSessionUtils - Creating a new SqlSession
2025-01-08 17:24:45 [http-nio-8080-exec-8] DEBUG org.mybatis.spring.SqlSessionUtils - SqlSession [org.apache.ibatis.session.defaults.DefaultSqlSession@105bcd5c] was not registered for synchronization because synchronization is not active
2025-01-08 17:24:45 [http-nio-8080-exec-8] DEBUG o.m.s.t.SpringManagedTransaction - JDBC Connection [HikariProxyConnection@1430821729 wrapping com.mysql.cj.jdbc.ConnectionImpl@429e8370] will not be managed by Spring
2025-01-08 17:24:45 [http-nio-8080-exec-8] DEBUG c.s.d.m.CommonMapper.selectLnbList - ==>  Preparing: SELECT CT_LNB_IDX AS ctLnbIdx, CT_LNB_ID AS ctLnbId, CT_LNB_NAME AS ctLnbName, CT_LNB_SUB_YN AS ctLnbSubYn, CT_LNB_URL AS ctLnbUrl, CT_LNB_USE_YN AS ctLnbUseYn FROM CT_LNB WHERE CT_LNB_USE_YN = 'Y' ORDER BY CT_LNB_IDX
2025-01-08 17:24:45 [http-nio-8080-exec-8] DEBUG c.s.d.m.CommonMapper.selectLnbList - ==> Parameters: 
2025-01-08 17:24:45 [http-nio-8080-exec-8] DEBUG c.s.d.m.CommonMapper.selectLnbList - <==      Total: 4
2025-01-08 17:24:45 [http-nio-8080-exec-8] DEBUG org.mybatis.spring.SqlSessionUtils - Closing non transactional SqlSession [org.apache.ibatis.session.defaults.DefaultSqlSession@105bcd5c]
2025-01-08 17:24:45 [http-nio-8080-exec-5] DEBUG org.mybatis.spring.SqlSessionUtils - Creating a new SqlSession
2025-01-08 17:24:45 [http-nio-8080-exec-5] DEBUG org.mybatis.spring.SqlSessionUtils - SqlSession [org.apache.ibatis.session.defaults.DefaultSqlSession@1f568465] was not registered for synchronization because synchronization is not active
2025-01-08 17:24:45 [http-nio-8080-exec-5] DEBUG o.m.s.t.SpringManagedTransaction - JDBC Connection [HikariProxyConnection@2054409213 wrapping com.mysql.cj.jdbc.ConnectionImpl@6dd7101b] will not be managed by Spring
2025-01-08 17:24:45 [http-nio-8080-exec-5] DEBUG c.s.d.m.CommonMapper.selectLnbList - ==>  Preparing: SELECT CT_LNB_IDX AS ctLnbIdx, CT_LNB_ID AS ctLnbId, CT_LNB_NAME AS ctLnbName, CT_LNB_SUB_YN AS ctLnbSubYn, CT_LNB_URL AS ctLnbUrl, CT_LNB_USE_YN AS ctLnbUseYn FROM CT_LNB WHERE CT_LNB_USE_YN = 'Y' ORDER BY CT_LNB_IDX
2025-01-08 17:24:45 [http-nio-8080-exec-5] DEBUG c.s.d.m.CommonMapper.selectLnbList - ==> Parameters: 
2025-01-08 17:24:45 [http-nio-8080-exec-5] DEBUG c.s.d.m.CommonMapper.selectLnbList - <==      Total: 4
2025-01-08 17:24:45 [http-nio-8080-exec-5] DEBUG org.mybatis.spring.SqlSessionUtils - Closing non transactional SqlSession [org.apache.ibatis.session.defaults.DefaultSqlSession@1f568465]
2025-01-08 17:24:45 [http-nio-8080-exec-4] DEBUG org.mybatis.spring.SqlSessionUtils - Creating a new SqlSession
2025-01-08 17:24:45 [http-nio-8080-exec-7] DEBUG org.mybatis.spring.SqlSessionUtils - Creating a new SqlSession
2025-01-08 17:24:45 [http-nio-8080-exec-2] DEBUG org.mybatis.spring.SqlSessionUtils - Creating a new SqlSession
2025-01-08 17:24:45 [http-nio-8080-exec-7] DEBUG org.mybatis.spring.SqlSessionUtils - SqlSession [org.apache.ibatis.session.defaults.DefaultSqlSession@61bbb8c4] was not registered for synchronization because synchronization is not active
2025-01-08 17:24:45 [http-nio-8080-exec-2] DEBUG org.mybatis.spring.SqlSessionUtils - SqlSession [org.apache.ibatis.session.defaults.DefaultSqlSession@3a01a5f8] was not registered for synchronization because synchronization is not active
2025-01-08 17:24:45 [http-nio-8080-exec-4] DEBUG org.mybatis.spring.SqlSessionUtils - SqlSession [org.apache.ibatis.session.defaults.DefaultSqlSession@c64e79f] was not registered for synchronization because synchronization is not active
2025-01-08 17:24:45 [http-nio-8080-exec-7] DEBUG o.m.s.t.SpringManagedTransaction - JDBC Connection [HikariProxyConnection@2073125117 wrapping com.mysql.cj.jdbc.ConnectionImpl@429e8370] will not be managed by Spring
2025-01-08 17:24:45 [http-nio-8080-exec-2] DEBUG o.m.s.t.SpringManagedTransaction - JDBC Connection [HikariProxyConnection@561197140 wrapping com.mysql.cj.jdbc.ConnectionImpl@6dd7101b] will not be managed by Spring
2025-01-08 17:24:45 [http-nio-8080-exec-7] DEBUG c.s.d.m.C.selectLnbSubList - ==>  Preparing: SELECT CT_LNB_SUB_IDX AS ctLnbSubIdx, CT_LNB_ID AS ctLnbId, CT_LNB_SUB_ID AS ctLnbSubId, CT_LNB_SUB_NAME AS ctLnbSubName, CT_LNB_SUB_URL AS ctLnbSubUrl FROM CT_LNB_SUB WHERE CT_LNB_ID = ? ORDER BY CT_LNB_SUB_IDX
2025-01-08 17:24:45 [http-nio-8080-exec-2] DEBUG c.s.d.m.C.selectLnbSubList - ==>  Preparing: SELECT CT_LNB_SUB_IDX AS ctLnbSubIdx, CT_LNB_ID AS ctLnbId, CT_LNB_SUB_ID AS ctLnbSubId, CT_LNB_SUB_NAME AS ctLnbSubName, CT_LNB_SUB_URL AS ctLnbSubUrl FROM CT_LNB_SUB WHERE CT_LNB_ID = ? ORDER BY CT_LNB_SUB_IDX
2025-01-08 17:24:45 [http-nio-8080-exec-4] DEBUG o.m.s.t.SpringManagedTransaction - JDBC Connection [HikariProxyConnection@1032001160 wrapping com.mysql.cj.jdbc.ConnectionImpl@786d945b] will not be managed by Spring
2025-01-08 17:24:45 [http-nio-8080-exec-7] DEBUG c.s.d.m.C.selectLnbSubList - ==> Parameters: CT_LNB_SERVICE(String)
2025-01-08 17:24:45 [http-nio-8080-exec-2] DEBUG c.s.d.m.C.selectLnbSubList - ==> Parameters: CT_LNB_CONTACT(String)
2025-01-08 17:24:45 [http-nio-8080-exec-4] DEBUG c.s.d.m.C.selectLnbSubList - ==>  Preparing: SELECT CT_LNB_SUB_IDX AS ctLnbSubIdx, CT_LNB_ID AS ctLnbId, CT_LNB_SUB_ID AS ctLnbSubId, CT_LNB_SUB_NAME AS ctLnbSubName, CT_LNB_SUB_URL AS ctLnbSubUrl FROM CT_LNB_SUB WHERE CT_LNB_ID = ? ORDER BY CT_LNB_SUB_IDX
2025-01-08 17:24:45 [http-nio-8080-exec-4] DEBUG c.s.d.m.C.selectLnbSubList - ==> Parameters: CT_LNB_INFORMATION(String)
2025-01-08 17:24:45 [http-nio-8080-exec-2] DEBUG c.s.d.m.C.selectLnbSubList - <==      Total: 2
2025-01-08 17:24:45 [http-nio-8080-exec-4] DEBUG c.s.d.m.C.selectLnbSubList - <==      Total: 2
2025-01-08 17:24:45 [http-nio-8080-exec-7] DEBUG c.s.d.m.C.selectLnbSubList - <==      Total: 4
2025-01-08 17:24:45 [http-nio-8080-exec-2] DEBUG org.mybatis.spring.SqlSessionUtils - Closing non transactional SqlSession [org.apache.ibatis.session.defaults.DefaultSqlSession@3a01a5f8]
2025-01-08 17:24:45 [http-nio-8080-exec-4] DEBUG org.mybatis.spring.SqlSessionUtils - Closing non transactional SqlSession [org.apache.ibatis.session.defaults.DefaultSqlSession@c64e79f]
2025-01-08 17:24:45 [http-nio-8080-exec-7] DEBUG org.mybatis.spring.SqlSessionUtils - Closing non transactional SqlSession [org.apache.ibatis.session.defaults.DefaultSqlSession@61bbb8c4]
2025-01-08 17:24:45 [http-nio-8080-exec-9] DEBUG org.mybatis.spring.SqlSessionUtils - Creating a new SqlSession
2025-01-08 17:24:45 [http-nio-8080-exec-3] DEBUG org.mybatis.spring.SqlSessionUtils - Creating a new SqlSession
2025-01-08 17:24:45 [http-nio-8080-exec-6] DEBUG org.mybatis.spring.SqlSessionUtils - Creating a new SqlSession
2025-01-08 17:24:45 [http-nio-8080-exec-3] DEBUG org.mybatis.spring.SqlSessionUtils - SqlSession [org.apache.ibatis.session.defaults.DefaultSqlSession@683f268] was not registered for synchronization because synchronization is not active
2025-01-08 17:24:45 [http-nio-8080-exec-6] DEBUG org.mybatis.spring.SqlSessionUtils - SqlSession [org.apache.ibatis.session.defaults.DefaultSqlSession@15436b65] was not registered for synchronization because synchronization is not active
2025-01-08 17:24:45 [http-nio-8080-exec-9] DEBUG org.mybatis.spring.SqlSessionUtils - SqlSession [org.apache.ibatis.session.defaults.DefaultSqlSession@a0c9b19] was not registered for synchronization because synchronization is not active
2025-01-08 17:24:45 [http-nio-8080-exec-6] DEBUG o.m.s.t.SpringManagedTransaction - JDBC Connection [HikariProxyConnection@256122189 wrapping com.mysql.cj.jdbc.ConnectionImpl@429e8370] will not be managed by Spring
2025-01-08 17:24:45 [http-nio-8080-exec-3] DEBUG o.m.s.t.SpringManagedTransaction - JDBC Connection [HikariProxyConnection@1821238900 wrapping com.mysql.cj.jdbc.ConnectionImpl@786d945b] will not be managed by Spring
2025-01-08 17:24:45 [http-nio-8080-exec-9] DEBUG o.m.s.t.SpringManagedTransaction - JDBC Connection [HikariProxyConnection@1230585309 wrapping com.mysql.cj.jdbc.ConnectionImpl@6dd7101b] will not be managed by Spring
2025-01-08 17:24:45 [http-nio-8080-exec-3] DEBUG c.s.d.m.C.selectLnbSubList - ==>  Preparing: SELECT CT_LNB_SUB_IDX AS ctLnbSubIdx, CT_LNB_ID AS ctLnbId, CT_LNB_SUB_ID AS ctLnbSubId, CT_LNB_SUB_NAME AS ctLnbSubName, CT_LNB_SUB_URL AS ctLnbSubUrl FROM CT_LNB_SUB WHERE CT_LNB_ID = ? ORDER BY CT_LNB_SUB_IDX
2025-01-08 17:24:45 [http-nio-8080-exec-6] DEBUG c.s.d.m.C.selectLnbSubList - ==>  Preparing: SELECT CT_LNB_SUB_IDX AS ctLnbSubIdx, CT_LNB_ID AS ctLnbId, CT_LNB_SUB_ID AS ctLnbSubId, CT_LNB_SUB_NAME AS ctLnbSubName, CT_LNB_SUB_URL AS ctLnbSubUrl FROM CT_LNB_SUB WHERE CT_LNB_ID = ? ORDER BY CT_LNB_SUB_IDX
2025-01-08 17:24:45 [http-nio-8080-exec-9] DEBUG c.s.d.m.C.selectLnbSubList - ==>  Preparing: SELECT CT_LNB_SUB_IDX AS ctLnbSubIdx, CT_LNB_ID AS ctLnbId, CT_LNB_SUB_ID AS ctLnbSubId, CT_LNB_SUB_NAME AS ctLnbSubName, CT_LNB_SUB_URL AS ctLnbSubUrl FROM CT_LNB_SUB WHERE CT_LNB_ID = ? ORDER BY CT_LNB_SUB_IDX
2025-01-08 17:24:45 [http-nio-8080-exec-9] DEBUG c.s.d.m.C.selectLnbSubList - ==> Parameters: CT_LNB_CONTACT(String)
2025-01-08 17:24:45 [http-nio-8080-exec-6] DEBUG c.s.d.m.C.selectLnbSubList - ==> Parameters: CT_LNB_SERVICE(String)
2025-01-08 17:24:45 [http-nio-8080-exec-3] DEBUG c.s.d.m.C.selectLnbSubList - ==> Parameters: CT_LNB_INFORMATION(String)
2025-01-08 17:24:45 [http-nio-8080-exec-9] DEBUG c.s.d.m.C.selectLnbSubList - <==      Total: 2
2025-01-08 17:24:45 [http-nio-8080-exec-3] DEBUG c.s.d.m.C.selectLnbSubList - <==      Total: 2
2025-01-08 17:24:45 [http-nio-8080-exec-6] DEBUG c.s.d.m.C.selectLnbSubList - <==      Total: 4
2025-01-08 17:24:45 [http-nio-8080-exec-3] DEBUG org.mybatis.spring.SqlSessionUtils - Closing non transactional SqlSession [org.apache.ibatis.session.defaults.DefaultSqlSession@683f268]
2025-01-08 17:24:45 [http-nio-8080-exec-9] DEBUG org.mybatis.spring.SqlSessionUtils - Closing non transactional SqlSession [org.apache.ibatis.session.defaults.DefaultSqlSession@a0c9b19]
2025-01-08 17:24:45 [http-nio-8080-exec-6] DEBUG org.mybatis.spring.SqlSessionUtils - Closing non transactional SqlSession [org.apache.ibatis.session.defaults.DefaultSqlSession@15436b65]
2025-01-08 17:24:59 [http-nio-8080-exec-1] WARN  o.t.s.p.AbstractStandardFragmentInsertionTagProcessor - [THYMELEAF][http-nio-8080-exec-1][common/layout/layout] Deprecated unwrapped fragment expression "common/fragments/header::header" found in template common/layout/layout, line 31, col 10. Please use the complete syntax of fragment expressions instead ("~{common/fragments/header::header}"). The old, unwrapped syntax for fragment expressions will be removed in future versions of Thymeleaf.
2025-01-08 17:24:59 [http-nio-8080-exec-1] WARN  o.t.s.p.AbstractStandardFragmentInsertionTagProcessor - [THYMELEAF][http-nio-8080-exec-1][common/layout/layout] Deprecated unwrapped fragment expression "common/fragments/footer::footer" found in template common/layout/layout, line 35, col 10. Please use the complete syntax of fragment expressions instead ("~{common/fragments/footer::footer}"). The old, unwrapped syntax for fragment expressions will be removed in future versions of Thymeleaf.
2025-01-08 17:24:59 [http-nio-8080-exec-6] DEBUG org.mybatis.spring.SqlSessionUtils - Creating a new SqlSession
2025-01-08 17:24:59 [http-nio-8080-exec-6] DEBUG org.mybatis.spring.SqlSessionUtils - SqlSession [org.apache.ibatis.session.defaults.DefaultSqlSession@4e0cce0f] was not registered for synchronization because synchronization is not active
2025-01-08 17:24:59 [http-nio-8080-exec-6] DEBUG o.m.s.t.SpringManagedTransaction - JDBC Connection [HikariProxyConnection@1075481832 wrapping com.mysql.cj.jdbc.ConnectionImpl@429e8370] will not be managed by Spring
2025-01-08 17:24:59 [http-nio-8080-exec-6] DEBUG c.s.d.m.CommonMapper.selectLnbList - ==>  Preparing: SELECT CT_LNB_IDX AS ctLnbIdx, CT_LNB_ID AS ctLnbId, CT_LNB_NAME AS ctLnbName, CT_LNB_SUB_YN AS ctLnbSubYn, CT_LNB_URL AS ctLnbUrl, CT_LNB_USE_YN AS ctLnbUseYn FROM CT_LNB WHERE CT_LNB_USE_YN = 'Y' ORDER BY CT_LNB_IDX
2025-01-08 17:24:59 [http-nio-8080-exec-6] DEBUG c.s.d.m.CommonMapper.selectLnbList - ==> Parameters: 
2025-01-08 17:24:59 [http-nio-8080-exec-6] DEBUG c.s.d.m.CommonMapper.selectLnbList - <==      Total: 4
2025-01-08 17:24:59 [http-nio-8080-exec-6] DEBUG org.mybatis.spring.SqlSessionUtils - Closing non transactional SqlSession [org.apache.ibatis.session.defaults.DefaultSqlSession@4e0cce0f]
2025-01-08 17:24:59 [http-nio-8080-exec-1] DEBUG org.mybatis.spring.SqlSessionUtils - Creating a new SqlSession
2025-01-08 17:24:59 [http-nio-8080-exec-1] DEBUG org.mybatis.spring.SqlSessionUtils - SqlSession [org.apache.ibatis.session.defaults.DefaultSqlSession@3930b9d8] was not registered for synchronization because synchronization is not active
2025-01-08 17:24:59 [http-nio-8080-exec-1] DEBUG o.m.s.t.SpringManagedTransaction - JDBC Connection [HikariProxyConnection@1023652980 wrapping com.mysql.cj.jdbc.ConnectionImpl@6dd7101b] will not be managed by Spring
2025-01-08 17:24:59 [http-nio-8080-exec-1] DEBUG c.s.d.m.CommonMapper.selectLnbList - ==>  Preparing: SELECT CT_LNB_IDX AS ctLnbIdx, CT_LNB_ID AS ctLnbId, CT_LNB_NAME AS ctLnbName, CT_LNB_SUB_YN AS ctLnbSubYn, CT_LNB_URL AS ctLnbUrl, CT_LNB_USE_YN AS ctLnbUseYn FROM CT_LNB WHERE CT_LNB_USE_YN = 'Y' ORDER BY CT_LNB_IDX
2025-01-08 17:24:59 [http-nio-8080-exec-1] DEBUG c.s.d.m.CommonMapper.selectLnbList - ==> Parameters: 
2025-01-08 17:24:59 [http-nio-8080-exec-1] DEBUG c.s.d.m.CommonMapper.selectLnbList - <==      Total: 4
2025-01-08 17:24:59 [http-nio-8080-exec-1] DEBUG org.mybatis.spring.SqlSessionUtils - Closing non transactional SqlSession [org.apache.ibatis.session.defaults.DefaultSqlSession@3930b9d8]
2025-01-08 17:24:59 [http-nio-8080-exec-5] DEBUG org.mybatis.spring.SqlSessionUtils - Creating a new SqlSession
2025-01-08 17:24:59 [http-nio-8080-exec-2] DEBUG org.mybatis.spring.SqlSessionUtils - Creating a new SqlSession
2025-01-08 17:24:59 [http-nio-8080-exec-10] DEBUG org.mybatis.spring.SqlSessionUtils - Creating a new SqlSession
2025-01-08 17:24:59 [http-nio-8080-exec-2] DEBUG org.mybatis.spring.SqlSessionUtils - SqlSession [org.apache.ibatis.session.defaults.DefaultSqlSession@43e6d8e1] was not registered for synchronization because synchronization is not active
2025-01-08 17:24:59 [http-nio-8080-exec-5] DEBUG org.mybatis.spring.SqlSessionUtils - SqlSession [org.apache.ibatis.session.defaults.DefaultSqlSession@3ab07a8a] was not registered for synchronization because synchronization is not active
2025-01-08 17:24:59 [http-nio-8080-exec-10] DEBUG org.mybatis.spring.SqlSessionUtils - SqlSession [org.apache.ibatis.session.defaults.DefaultSqlSession@2863f87e] was not registered for synchronization because synchronization is not active
2025-01-08 17:24:59 [http-nio-8080-exec-2] DEBUG o.m.s.t.SpringManagedTransaction - JDBC Connection [HikariProxyConnection@2075107673 wrapping com.mysql.cj.jdbc.ConnectionImpl@429e8370] will not be managed by Spring
2025-01-08 17:24:59 [http-nio-8080-exec-5] DEBUG o.m.s.t.SpringManagedTransaction - JDBC Connection [HikariProxyConnection@629111110 wrapping com.mysql.cj.jdbc.ConnectionImpl@6dd7101b] will not be managed by Spring
2025-01-08 17:24:59 [http-nio-8080-exec-5] DEBUG c.s.d.m.C.selectLnbSubList - ==>  Preparing: SELECT CT_LNB_SUB_IDX AS ctLnbSubIdx, CT_LNB_ID AS ctLnbId, CT_LNB_SUB_ID AS ctLnbSubId, CT_LNB_SUB_NAME AS ctLnbSubName, CT_LNB_SUB_URL AS ctLnbSubUrl FROM CT_LNB_SUB WHERE CT_LNB_ID = ? ORDER BY CT_LNB_SUB_IDX
2025-01-08 17:24:59 [http-nio-8080-exec-2] DEBUG c.s.d.m.C.selectLnbSubList - ==>  Preparing: SELECT CT_LNB_SUB_IDX AS ctLnbSubIdx, CT_LNB_ID AS ctLnbId, CT_LNB_SUB_ID AS ctLnbSubId, CT_LNB_SUB_NAME AS ctLnbSubName, CT_LNB_SUB_URL AS ctLnbSubUrl FROM CT_LNB_SUB WHERE CT_LNB_ID = ? ORDER BY CT_LNB_SUB_IDX
2025-01-08 17:24:59 [http-nio-8080-exec-5] DEBUG c.s.d.m.C.selectLnbSubList - ==> Parameters: CT_LNB_SERVICE(String)
2025-01-08 17:24:59 [http-nio-8080-exec-2] DEBUG c.s.d.m.C.selectLnbSubList - ==> Parameters: CT_LNB_INFORMATION(String)
2025-01-08 17:24:59 [http-nio-8080-exec-10] DEBUG o.m.s.t.SpringManagedTransaction - JDBC Connection [HikariProxyConnection@1478871123 wrapping com.mysql.cj.jdbc.ConnectionImpl@786d945b] will not be managed by Spring
2025-01-08 17:24:59 [http-nio-8080-exec-10] DEBUG c.s.d.m.C.selectLnbSubList - ==>  Preparing: SELECT CT_LNB_SUB_IDX AS ctLnbSubIdx, CT_LNB_ID AS ctLnbId, CT_LNB_SUB_ID AS ctLnbSubId, CT_LNB_SUB_NAME AS ctLnbSubName, CT_LNB_SUB_URL AS ctLnbSubUrl FROM CT_LNB_SUB WHERE CT_LNB_ID = ? ORDER BY CT_LNB_SUB_IDX
2025-01-08 17:24:59 [http-nio-8080-exec-10] DEBUG c.s.d.m.C.selectLnbSubList - ==> Parameters: CT_LNB_CONTACT(String)
2025-01-08 17:24:59 [http-nio-8080-exec-2] DEBUG c.s.d.m.C.selectLnbSubList - <==      Total: 2
2025-01-08 17:24:59 [http-nio-8080-exec-10] DEBUG c.s.d.m.C.selectLnbSubList - <==      Total: 2
2025-01-08 17:24:59 [http-nio-8080-exec-5] DEBUG c.s.d.m.C.selectLnbSubList - <==      Total: 4
2025-01-08 17:24:59 [http-nio-8080-exec-2] DEBUG org.mybatis.spring.SqlSessionUtils - Closing non transactional SqlSession [org.apache.ibatis.session.defaults.DefaultSqlSession@43e6d8e1]
2025-01-08 17:24:59 [http-nio-8080-exec-10] DEBUG org.mybatis.spring.SqlSessionUtils - Closing non transactional SqlSession [org.apache.ibatis.session.defaults.DefaultSqlSession@2863f87e]
2025-01-08 17:24:59 [http-nio-8080-exec-5] DEBUG org.mybatis.spring.SqlSessionUtils - Closing non transactional SqlSession [org.apache.ibatis.session.defaults.DefaultSqlSession@3ab07a8a]
2025-01-08 17:24:59 [http-nio-8080-exec-4] DEBUG org.mybatis.spring.SqlSessionUtils - Creating a new SqlSession
2025-01-08 17:24:59 [http-nio-8080-exec-8] DEBUG org.mybatis.spring.SqlSessionUtils - Creating a new SqlSession
2025-01-08 17:24:59 [http-nio-8080-exec-7] DEBUG org.mybatis.spring.SqlSessionUtils - Creating a new SqlSession
2025-01-08 17:24:59 [http-nio-8080-exec-4] DEBUG org.mybatis.spring.SqlSessionUtils - SqlSession [org.apache.ibatis.session.defaults.DefaultSqlSession@6cc60737] was not registered for synchronization because synchronization is not active
2025-01-08 17:24:59 [http-nio-8080-exec-7] DEBUG org.mybatis.spring.SqlSessionUtils - SqlSession [org.apache.ibatis.session.defaults.DefaultSqlSession@35a93dca] was not registered for synchronization because synchronization is not active
2025-01-08 17:24:59 [http-nio-8080-exec-8] DEBUG org.mybatis.spring.SqlSessionUtils - SqlSession [org.apache.ibatis.session.defaults.DefaultSqlSession@246d1330] was not registered for synchronization because synchronization is not active
2025-01-08 17:24:59 [http-nio-8080-exec-4] DEBUG o.m.s.t.SpringManagedTransaction - JDBC Connection [HikariProxyConnection@1238662001 wrapping com.mysql.cj.jdbc.ConnectionImpl@786d945b] will not be managed by Spring
2025-01-08 17:24:59 [http-nio-8080-exec-7] DEBUG o.m.s.t.SpringManagedTransaction - JDBC Connection [HikariProxyConnection@1162814730 wrapping com.mysql.cj.jdbc.ConnectionImpl@429e8370] will not be managed by Spring
2025-01-08 17:24:59 [http-nio-8080-exec-8] DEBUG o.m.s.t.SpringManagedTransaction - JDBC Connection [HikariProxyConnection@904861519 wrapping com.mysql.cj.jdbc.ConnectionImpl@6dd7101b] will not be managed by Spring
2025-01-08 17:24:59 [http-nio-8080-exec-4] DEBUG c.s.d.m.C.selectLnbSubList - ==>  Preparing: SELECT CT_LNB_SUB_IDX AS ctLnbSubIdx, CT_LNB_ID AS ctLnbId, CT_LNB_SUB_ID AS ctLnbSubId, CT_LNB_SUB_NAME AS ctLnbSubName, CT_LNB_SUB_URL AS ctLnbSubUrl FROM CT_LNB_SUB WHERE CT_LNB_ID = ? ORDER BY CT_LNB_SUB_IDX
2025-01-08 17:24:59 [http-nio-8080-exec-7] DEBUG c.s.d.m.C.selectLnbSubList - ==>  Preparing: SELECT CT_LNB_SUB_IDX AS ctLnbSubIdx, CT_LNB_ID AS ctLnbId, CT_LNB_SUB_ID AS ctLnbSubId, CT_LNB_SUB_NAME AS ctLnbSubName, CT_LNB_SUB_URL AS ctLnbSubUrl FROM CT_LNB_SUB WHERE CT_LNB_ID = ? ORDER BY CT_LNB_SUB_IDX
2025-01-08 17:24:59 [http-nio-8080-exec-8] DEBUG c.s.d.m.C.selectLnbSubList - ==>  Preparing: SELECT CT_LNB_SUB_IDX AS ctLnbSubIdx, CT_LNB_ID AS ctLnbId, CT_LNB_SUB_ID AS ctLnbSubId, CT_LNB_SUB_NAME AS ctLnbSubName, CT_LNB_SUB_URL AS ctLnbSubUrl FROM CT_LNB_SUB WHERE CT_LNB_ID = ? ORDER BY CT_LNB_SUB_IDX
2025-01-08 17:24:59 [http-nio-8080-exec-8] DEBUG c.s.d.m.C.selectLnbSubList - ==> Parameters: CT_LNB_SERVICE(String)
2025-01-08 17:24:59 [http-nio-8080-exec-7] DEBUG c.s.d.m.C.selectLnbSubList - ==> Parameters: CT_LNB_CONTACT(String)
2025-01-08 17:24:59 [http-nio-8080-exec-4] DEBUG c.s.d.m.C.selectLnbSubList - ==> Parameters: CT_LNB_INFORMATION(String)
2025-01-08 17:24:59 [http-nio-8080-exec-7] DEBUG c.s.d.m.C.selectLnbSubList - <==      Total: 2
2025-01-08 17:24:59 [http-nio-8080-exec-4] DEBUG c.s.d.m.C.selectLnbSubList - <==      Total: 2
2025-01-08 17:24:59 [http-nio-8080-exec-8] DEBUG c.s.d.m.C.selectLnbSubList - <==      Total: 4
2025-01-08 17:24:59 [http-nio-8080-exec-8] DEBUG org.mybatis.spring.SqlSessionUtils - Closing non transactional SqlSession [org.apache.ibatis.session.defaults.DefaultSqlSession@246d1330]
2025-01-08 17:24:59 [http-nio-8080-exec-4] DEBUG org.mybatis.spring.SqlSessionUtils - Closing non transactional SqlSession [org.apache.ibatis.session.defaults.DefaultSqlSession@6cc60737]
2025-01-08 17:24:59 [http-nio-8080-exec-7] DEBUG org.mybatis.spring.SqlSessionUtils - Closing non transactional SqlSession [org.apache.ibatis.session.defaults.DefaultSqlSession@35a93dca]
2025-01-08 17:25:01 [http-nio-8080-exec-3] WARN  o.t.s.p.AbstractStandardFragmentInsertionTagProcessor - [THYMELEAF][http-nio-8080-exec-3][common/layout/layout] Deprecated unwrapped fragment expression "common/fragments/header::header" found in template common/layout/layout, line 31, col 10. Please use the complete syntax of fragment expressions instead ("~{common/fragments/header::header}"). The old, unwrapped syntax for fragment expressions will be removed in future versions of Thymeleaf.
2025-01-08 17:25:01 [http-nio-8080-exec-3] WARN  o.t.s.p.AbstractStandardFragmentInsertionTagProcessor - [THYMELEAF][http-nio-8080-exec-3][common/layout/layout] Deprecated unwrapped fragment expression "common/fragments/footer::footer" found in template common/layout/layout, line 35, col 10. Please use the complete syntax of fragment expressions instead ("~{common/fragments/footer::footer}"). The old, unwrapped syntax for fragment expressions will be removed in future versions of Thymeleaf.
2025-01-08 17:25:01 [http-nio-8080-exec-3] DEBUG org.mybatis.spring.SqlSessionUtils - Creating a new SqlSession
2025-01-08 17:25:01 [http-nio-8080-exec-3] DEBUG org.mybatis.spring.SqlSessionUtils - SqlSession [org.apache.ibatis.session.defaults.DefaultSqlSession@85d93a2] was not registered for synchronization because synchronization is not active
2025-01-08 17:25:01 [http-nio-8080-exec-3] DEBUG o.m.s.t.SpringManagedTransaction - JDBC Connection [HikariProxyConnection@1296684249 wrapping com.mysql.cj.jdbc.ConnectionImpl@786d945b] will not be managed by Spring
2025-01-08 17:25:01 [http-nio-8080-exec-3] DEBUG c.s.d.m.CommonMapper.selectLnbList - ==>  Preparing: SELECT CT_LNB_IDX AS ctLnbIdx, CT_LNB_ID AS ctLnbId, CT_LNB_NAME AS ctLnbName, CT_LNB_SUB_YN AS ctLnbSubYn, CT_LNB_URL AS ctLnbUrl, CT_LNB_USE_YN AS ctLnbUseYn FROM CT_LNB WHERE CT_LNB_USE_YN = 'Y' ORDER BY CT_LNB_IDX
2025-01-08 17:25:01 [http-nio-8080-exec-3] DEBUG c.s.d.m.CommonMapper.selectLnbList - ==> Parameters: 
2025-01-08 17:25:01 [http-nio-8080-exec-3] DEBUG c.s.d.m.CommonMapper.selectLnbList - <==      Total: 4
2025-01-08 17:25:01 [http-nio-8080-exec-3] DEBUG org.mybatis.spring.SqlSessionUtils - Closing non transactional SqlSession [org.apache.ibatis.session.defaults.DefaultSqlSession@85d93a2]
2025-01-08 17:25:01 [http-nio-8080-exec-9] DEBUG org.mybatis.spring.SqlSessionUtils - Creating a new SqlSession
2025-01-08 17:25:01 [http-nio-8080-exec-9] DEBUG org.mybatis.spring.SqlSessionUtils - SqlSession [org.apache.ibatis.session.defaults.DefaultSqlSession@6c07da6f] was not registered for synchronization because synchronization is not active
2025-01-08 17:25:01 [http-nio-8080-exec-9] DEBUG o.m.s.t.SpringManagedTransaction - JDBC Connection [HikariProxyConnection@331157474 wrapping com.mysql.cj.jdbc.ConnectionImpl@6dd7101b] will not be managed by Spring
2025-01-08 17:25:01 [http-nio-8080-exec-9] DEBUG c.s.d.m.CommonMapper.selectLnbList - ==>  Preparing: SELECT CT_LNB_IDX AS ctLnbIdx, CT_LNB_ID AS ctLnbId, CT_LNB_NAME AS ctLnbName, CT_LNB_SUB_YN AS ctLnbSubYn, CT_LNB_URL AS ctLnbUrl, CT_LNB_USE_YN AS ctLnbUseYn FROM CT_LNB WHERE CT_LNB_USE_YN = 'Y' ORDER BY CT_LNB_IDX
2025-01-08 17:25:01 [http-nio-8080-exec-9] DEBUG c.s.d.m.CommonMapper.selectLnbList - ==> Parameters: 
2025-01-08 17:25:01 [http-nio-8080-exec-9] DEBUG c.s.d.m.CommonMapper.selectLnbList - <==      Total: 4
2025-01-08 17:25:01 [http-nio-8080-exec-9] DEBUG org.mybatis.spring.SqlSessionUtils - Closing non transactional SqlSession [org.apache.ibatis.session.defaults.DefaultSqlSession@6c07da6f]
2025-01-08 17:25:01 [http-nio-8080-exec-1] DEBUG org.mybatis.spring.SqlSessionUtils - Creating a new SqlSession
2025-01-08 17:25:01 [http-nio-8080-exec-2] DEBUG org.mybatis.spring.SqlSessionUtils - Creating a new SqlSession
2025-01-08 17:25:01 [http-nio-8080-exec-5] DEBUG org.mybatis.spring.SqlSessionUtils - Creating a new SqlSession
2025-01-08 17:25:01 [http-nio-8080-exec-1] DEBUG org.mybatis.spring.SqlSessionUtils - SqlSession [org.apache.ibatis.session.defaults.DefaultSqlSession@3840ecc2] was not registered for synchronization because synchronization is not active
2025-01-08 17:25:01 [http-nio-8080-exec-2] DEBUG org.mybatis.spring.SqlSessionUtils - SqlSession [org.apache.ibatis.session.defaults.DefaultSqlSession@6edfcf91] was not registered for synchronization because synchronization is not active
2025-01-08 17:25:01 [http-nio-8080-exec-5] DEBUG org.mybatis.spring.SqlSessionUtils - SqlSession [org.apache.ibatis.session.defaults.DefaultSqlSession@3835cba2] was not registered for synchronization because synchronization is not active
2025-01-08 17:25:01 [http-nio-8080-exec-1] DEBUG o.m.s.t.SpringManagedTransaction - JDBC Connection [HikariProxyConnection@406871978 wrapping com.mysql.cj.jdbc.ConnectionImpl@6dd7101b] will not be managed by Spring
2025-01-08 17:25:01 [http-nio-8080-exec-5] DEBUG o.m.s.t.SpringManagedTransaction - JDBC Connection [HikariProxyConnection@1725837483 wrapping com.mysql.cj.jdbc.ConnectionImpl@786d945b] will not be managed by Spring
2025-01-08 17:25:01 [http-nio-8080-exec-1] DEBUG c.s.d.m.C.selectLnbSubList - ==>  Preparing: SELECT CT_LNB_SUB_IDX AS ctLnbSubIdx, CT_LNB_ID AS ctLnbId, CT_LNB_SUB_ID AS ctLnbSubId, CT_LNB_SUB_NAME AS ctLnbSubName, CT_LNB_SUB_URL AS ctLnbSubUrl FROM CT_LNB_SUB WHERE CT_LNB_ID = ? ORDER BY CT_LNB_SUB_IDX
2025-01-08 17:25:01 [http-nio-8080-exec-5] DEBUG c.s.d.m.C.selectLnbSubList - ==>  Preparing: SELECT CT_LNB_SUB_IDX AS ctLnbSubIdx, CT_LNB_ID AS ctLnbId, CT_LNB_SUB_ID AS ctLnbSubId, CT_LNB_SUB_NAME AS ctLnbSubName, CT_LNB_SUB_URL AS ctLnbSubUrl FROM CT_LNB_SUB WHERE CT_LNB_ID = ? ORDER BY CT_LNB_SUB_IDX
2025-01-08 17:25:01 [http-nio-8080-exec-1] DEBUG c.s.d.m.C.selectLnbSubList - ==> Parameters: CT_LNB_CONTACT(String)
2025-01-08 17:25:01 [http-nio-8080-exec-5] DEBUG c.s.d.m.C.selectLnbSubList - ==> Parameters: CT_LNB_SERVICE(String)
2025-01-08 17:25:01 [http-nio-8080-exec-2] DEBUG o.m.s.t.SpringManagedTransaction - JDBC Connection [HikariProxyConnection@1752964730 wrapping com.mysql.cj.jdbc.ConnectionImpl@429e8370] will not be managed by Spring
2025-01-08 17:25:01 [http-nio-8080-exec-2] DEBUG c.s.d.m.C.selectLnbSubList - ==>  Preparing: SELECT CT_LNB_SUB_IDX AS ctLnbSubIdx, CT_LNB_ID AS ctLnbId, CT_LNB_SUB_ID AS ctLnbSubId, CT_LNB_SUB_NAME AS ctLnbSubName, CT_LNB_SUB_URL AS ctLnbSubUrl FROM CT_LNB_SUB WHERE CT_LNB_ID = ? ORDER BY CT_LNB_SUB_IDX
2025-01-08 17:25:01 [http-nio-8080-exec-2] DEBUG c.s.d.m.C.selectLnbSubList - ==> Parameters: CT_LNB_INFORMATION(String)
2025-01-08 17:25:01 [http-nio-8080-exec-2] DEBUG c.s.d.m.C.selectLnbSubList - <==      Total: 2
2025-01-08 17:25:01 [http-nio-8080-exec-1] DEBUG c.s.d.m.C.selectLnbSubList - <==      Total: 2
2025-01-08 17:25:01 [http-nio-8080-exec-5] DEBUG c.s.d.m.C.selectLnbSubList - <==      Total: 4
2025-01-08 17:25:01 [http-nio-8080-exec-2] DEBUG org.mybatis.spring.SqlSessionUtils - Closing non transactional SqlSession [org.apache.ibatis.session.defaults.DefaultSqlSession@6edfcf91]
2025-01-08 17:25:01 [http-nio-8080-exec-1] DEBUG org.mybatis.spring.SqlSessionUtils - Closing non transactional SqlSession [org.apache.ibatis.session.defaults.DefaultSqlSession@3840ecc2]
2025-01-08 17:25:01 [http-nio-8080-exec-5] DEBUG org.mybatis.spring.SqlSessionUtils - Closing non transactional SqlSession [org.apache.ibatis.session.defaults.DefaultSqlSession@3835cba2]
2025-01-08 17:25:01 [http-nio-8080-exec-6] DEBUG org.mybatis.spring.SqlSessionUtils - Creating a new SqlSession
2025-01-08 17:25:01 [http-nio-8080-exec-10] DEBUG org.mybatis.spring.SqlSessionUtils - Creating a new SqlSession
2025-01-08 17:25:01 [http-nio-8080-exec-8] DEBUG org.mybatis.spring.SqlSessionUtils - Creating a new SqlSession
2025-01-08 17:25:01 [http-nio-8080-exec-6] DEBUG org.mybatis.spring.SqlSessionUtils - SqlSession [org.apache.ibatis.session.defaults.DefaultSqlSession@2a3622cb] was not registered for synchronization because synchronization is not active
2025-01-08 17:25:01 [http-nio-8080-exec-10] DEBUG org.mybatis.spring.SqlSessionUtils - SqlSession [org.apache.ibatis.session.defaults.DefaultSqlSession@20ddb9c4] was not registered for synchronization because synchronization is not active
2025-01-08 17:25:01 [http-nio-8080-exec-8] DEBUG org.mybatis.spring.SqlSessionUtils - SqlSession [org.apache.ibatis.session.defaults.DefaultSqlSession@4091c89] was not registered for synchronization because synchronization is not active
2025-01-08 17:25:01 [http-nio-8080-exec-10] DEBUG o.m.s.t.SpringManagedTransaction - JDBC Connection [HikariProxyConnection@1447856860 wrapping com.mysql.cj.jdbc.ConnectionImpl@786d945b] will not be managed by Spring
2025-01-08 17:25:01 [http-nio-8080-exec-6] DEBUG o.m.s.t.SpringManagedTransaction - JDBC Connection [HikariProxyConnection@1046447785 wrapping com.mysql.cj.jdbc.ConnectionImpl@429e8370] will not be managed by Spring
2025-01-08 17:25:01 [http-nio-8080-exec-8] DEBUG o.m.s.t.SpringManagedTransaction - JDBC Connection [HikariProxyConnection@1225864744 wrapping com.mysql.cj.jdbc.ConnectionImpl@6dd7101b] will not be managed by Spring
2025-01-08 17:25:01 [http-nio-8080-exec-6] DEBUG c.s.d.m.C.selectLnbSubList - ==>  Preparing: SELECT CT_LNB_SUB_IDX AS ctLnbSubIdx, CT_LNB_ID AS ctLnbId, CT_LNB_SUB_ID AS ctLnbSubId, CT_LNB_SUB_NAME AS ctLnbSubName, CT_LNB_SUB_URL AS ctLnbSubUrl FROM CT_LNB_SUB WHERE CT_LNB_ID = ? ORDER BY CT_LNB_SUB_IDX
2025-01-08 17:25:01 [http-nio-8080-exec-10] DEBUG c.s.d.m.C.selectLnbSubList - ==>  Preparing: SELECT CT_LNB_SUB_IDX AS ctLnbSubIdx, CT_LNB_ID AS ctLnbId, CT_LNB_SUB_ID AS ctLnbSubId, CT_LNB_SUB_NAME AS ctLnbSubName, CT_LNB_SUB_URL AS ctLnbSubUrl FROM CT_LNB_SUB WHERE CT_LNB_ID = ? ORDER BY CT_LNB_SUB_IDX
2025-01-08 17:25:01 [http-nio-8080-exec-8] DEBUG c.s.d.m.C.selectLnbSubList - ==>  Preparing: SELECT CT_LNB_SUB_IDX AS ctLnbSubIdx, CT_LNB_ID AS ctLnbId, CT_LNB_SUB_ID AS ctLnbSubId, CT_LNB_SUB_NAME AS ctLnbSubName, CT_LNB_SUB_URL AS ctLnbSubUrl FROM CT_LNB_SUB WHERE CT_LNB_ID = ? ORDER BY CT_LNB_SUB_IDX
2025-01-08 17:25:01 [http-nio-8080-exec-10] DEBUG c.s.d.m.C.selectLnbSubList - ==> Parameters: CT_LNB_CONTACT(String)
2025-01-08 17:25:01 [http-nio-8080-exec-8] DEBUG c.s.d.m.C.selectLnbSubList - ==> Parameters: CT_LNB_SERVICE(String)
2025-01-08 17:25:01 [http-nio-8080-exec-6] DEBUG c.s.d.m.C.selectLnbSubList - ==> Parameters: CT_LNB_INFORMATION(String)
2025-01-08 17:25:01 [http-nio-8080-exec-6] DEBUG c.s.d.m.C.selectLnbSubList - <==      Total: 2
2025-01-08 17:25:01 [http-nio-8080-exec-8] DEBUG c.s.d.m.C.selectLnbSubList - <==      Total: 4
2025-01-08 17:25:01 [http-nio-8080-exec-10] DEBUG c.s.d.m.C.selectLnbSubList - <==      Total: 2
2025-01-08 17:25:01 [http-nio-8080-exec-10] DEBUG org.mybatis.spring.SqlSessionUtils - Closing non transactional SqlSession [org.apache.ibatis.session.defaults.DefaultSqlSession@20ddb9c4]
2025-01-08 17:25:01 [http-nio-8080-exec-8] DEBUG org.mybatis.spring.SqlSessionUtils - Closing non transactional SqlSession [org.apache.ibatis.session.defaults.DefaultSqlSession@4091c89]
2025-01-08 17:25:01 [http-nio-8080-exec-6] DEBUG org.mybatis.spring.SqlSessionUtils - Closing non transactional SqlSession [org.apache.ibatis.session.defaults.DefaultSqlSession@2a3622cb]
2025-01-08 17:25:03 [http-nio-8080-exec-4] WARN  o.t.s.p.AbstractStandardFragmentInsertionTagProcessor - [THYMELEAF][http-nio-8080-exec-4][common/layout/layout] Deprecated unwrapped fragment expression "common/fragments/header::header" found in template common/layout/layout, line 31, col 10. Please use the complete syntax of fragment expressions instead ("~{common/fragments/header::header}"). The old, unwrapped syntax for fragment expressions will be removed in future versions of Thymeleaf.
2025-01-08 17:25:03 [http-nio-8080-exec-4] WARN  o.t.s.p.AbstractStandardFragmentInsertionTagProcessor - [THYMELEAF][http-nio-8080-exec-4][common/layout/layout] Deprecated unwrapped fragment expression "common/fragments/footer::footer" found in template common/layout/layout, line 35, col 10. Please use the complete syntax of fragment expressions instead ("~{common/fragments/footer::footer}"). The old, unwrapped syntax for fragment expressions will be removed in future versions of Thymeleaf.
2025-01-08 17:25:03 [http-nio-8080-exec-8] DEBUG org.mybatis.spring.SqlSessionUtils - Creating a new SqlSession
2025-01-08 17:25:03 [http-nio-8080-exec-8] DEBUG org.mybatis.spring.SqlSessionUtils - SqlSession [org.apache.ibatis.session.defaults.DefaultSqlSession@772139cc] was not registered for synchronization because synchronization is not active
2025-01-08 17:25:03 [http-nio-8080-exec-8] DEBUG o.m.s.t.SpringManagedTransaction - JDBC Connection [HikariProxyConnection@989892341 wrapping com.mysql.cj.jdbc.ConnectionImpl@6dd7101b] will not be managed by Spring
2025-01-08 17:25:03 [http-nio-8080-exec-8] DEBUG c.s.d.m.CommonMapper.selectLnbList - ==>  Preparing: SELECT CT_LNB_IDX AS ctLnbIdx, CT_LNB_ID AS ctLnbId, CT_LNB_NAME AS ctLnbName, CT_LNB_SUB_YN AS ctLnbSubYn, CT_LNB_URL AS ctLnbUrl, CT_LNB_USE_YN AS ctLnbUseYn FROM CT_LNB WHERE CT_LNB_USE_YN = 'Y' ORDER BY CT_LNB_IDX
2025-01-08 17:25:03 [http-nio-8080-exec-8] DEBUG c.s.d.m.CommonMapper.selectLnbList - ==> Parameters: 
2025-01-08 17:25:03 [http-nio-8080-exec-8] DEBUG c.s.d.m.CommonMapper.selectLnbList - <==      Total: 4
2025-01-08 17:25:03 [http-nio-8080-exec-8] DEBUG org.mybatis.spring.SqlSessionUtils - Closing non transactional SqlSession [org.apache.ibatis.session.defaults.DefaultSqlSession@772139cc]
2025-01-08 17:25:03 [http-nio-8080-exec-4] DEBUG org.mybatis.spring.SqlSessionUtils - Creating a new SqlSession
2025-01-08 17:25:03 [http-nio-8080-exec-4] DEBUG org.mybatis.spring.SqlSessionUtils - SqlSession [org.apache.ibatis.session.defaults.DefaultSqlSession@61699924] was not registered for synchronization because synchronization is not active
2025-01-08 17:25:03 [http-nio-8080-exec-4] DEBUG o.m.s.t.SpringManagedTransaction - JDBC Connection [HikariProxyConnection@2099852987 wrapping com.mysql.cj.jdbc.ConnectionImpl@786d945b] will not be managed by Spring
2025-01-08 17:25:03 [http-nio-8080-exec-4] DEBUG c.s.d.m.CommonMapper.selectLnbList - ==>  Preparing: SELECT CT_LNB_IDX AS ctLnbIdx, CT_LNB_ID AS ctLnbId, CT_LNB_NAME AS ctLnbName, CT_LNB_SUB_YN AS ctLnbSubYn, CT_LNB_URL AS ctLnbUrl, CT_LNB_USE_YN AS ctLnbUseYn FROM CT_LNB WHERE CT_LNB_USE_YN = 'Y' ORDER BY CT_LNB_IDX
2025-01-08 17:25:03 [http-nio-8080-exec-4] DEBUG c.s.d.m.CommonMapper.selectLnbList - ==> Parameters: 
2025-01-08 17:25:03 [http-nio-8080-exec-4] DEBUG c.s.d.m.CommonMapper.selectLnbList - <==      Total: 4
2025-01-08 17:25:03 [http-nio-8080-exec-4] DEBUG org.mybatis.spring.SqlSessionUtils - Closing non transactional SqlSession [org.apache.ibatis.session.defaults.DefaultSqlSession@61699924]
2025-01-08 17:25:03 [http-nio-8080-exec-9] DEBUG org.mybatis.spring.SqlSessionUtils - Creating a new SqlSession
2025-01-08 17:25:03 [http-nio-8080-exec-3] DEBUG org.mybatis.spring.SqlSessionUtils - Creating a new SqlSession
2025-01-08 17:25:03 [http-nio-8080-exec-2] DEBUG org.mybatis.spring.SqlSessionUtils - Creating a new SqlSession
2025-01-08 17:25:03 [http-nio-8080-exec-9] DEBUG org.mybatis.spring.SqlSessionUtils - SqlSession [org.apache.ibatis.session.defaults.DefaultSqlSession@7b832b22] was not registered for synchronization because synchronization is not active
2025-01-08 17:25:03 [http-nio-8080-exec-3] DEBUG org.mybatis.spring.SqlSessionUtils - SqlSession [org.apache.ibatis.session.defaults.DefaultSqlSession@233eb7f9] was not registered for synchronization because synchronization is not active
2025-01-08 17:25:03 [http-nio-8080-exec-2] DEBUG org.mybatis.spring.SqlSessionUtils - SqlSession [org.apache.ibatis.session.defaults.DefaultSqlSession@30a768d4] was not registered for synchronization because synchronization is not active
2025-01-08 17:25:03 [http-nio-8080-exec-3] DEBUG o.m.s.t.SpringManagedTransaction - JDBC Connection [HikariProxyConnection@550654043 wrapping com.mysql.cj.jdbc.ConnectionImpl@786d945b] will not be managed by Spring
2025-01-08 17:25:03 [http-nio-8080-exec-9] DEBUG o.m.s.t.SpringManagedTransaction - JDBC Connection [HikariProxyConnection@3865007 wrapping com.mysql.cj.jdbc.ConnectionImpl@6dd7101b] will not be managed by Spring
2025-01-08 17:25:03 [http-nio-8080-exec-3] DEBUG c.s.d.m.C.selectLnbSubList - ==>  Preparing: SELECT CT_LNB_SUB_IDX AS ctLnbSubIdx, CT_LNB_ID AS ctLnbId, CT_LNB_SUB_ID AS ctLnbSubId, CT_LNB_SUB_NAME AS ctLnbSubName, CT_LNB_SUB_URL AS ctLnbSubUrl FROM CT_LNB_SUB WHERE CT_LNB_ID = ? ORDER BY CT_LNB_SUB_IDX
2025-01-08 17:25:03 [http-nio-8080-exec-9] DEBUG c.s.d.m.C.selectLnbSubList - ==>  Preparing: SELECT CT_LNB_SUB_IDX AS ctLnbSubIdx, CT_LNB_ID AS ctLnbId, CT_LNB_SUB_ID AS ctLnbSubId, CT_LNB_SUB_NAME AS ctLnbSubName, CT_LNB_SUB_URL AS ctLnbSubUrl FROM CT_LNB_SUB WHERE CT_LNB_ID = ? ORDER BY CT_LNB_SUB_IDX
2025-01-08 17:25:03 [http-nio-8080-exec-2] DEBUG o.m.s.t.SpringManagedTransaction - JDBC Connection [HikariProxyConnection@941633396 wrapping com.mysql.cj.jdbc.ConnectionImpl@429e8370] will not be managed by Spring
2025-01-08 17:25:03 [http-nio-8080-exec-3] DEBUG c.s.d.m.C.selectLnbSubList - ==> Parameters: CT_LNB_SERVICE(String)
2025-01-08 17:25:03 [http-nio-8080-exec-2] DEBUG c.s.d.m.C.selectLnbSubList - ==>  Preparing: SELECT CT_LNB_SUB_IDX AS ctLnbSubIdx, CT_LNB_ID AS ctLnbId, CT_LNB_SUB_ID AS ctLnbSubId, CT_LNB_SUB_NAME AS ctLnbSubName, CT_LNB_SUB_URL AS ctLnbSubUrl FROM CT_LNB_SUB WHERE CT_LNB_ID = ? ORDER BY CT_LNB_SUB_IDX
2025-01-08 17:25:03 [http-nio-8080-exec-9] DEBUG c.s.d.m.C.selectLnbSubList - ==> Parameters: CT_LNB_CONTACT(String)
2025-01-08 17:25:03 [http-nio-8080-exec-2] DEBUG c.s.d.m.C.selectLnbSubList - ==> Parameters: CT_LNB_INFORMATION(String)
2025-01-08 17:25:03 [http-nio-8080-exec-2] DEBUG c.s.d.m.C.selectLnbSubList - <==      Total: 2
2025-01-08 17:25:03 [http-nio-8080-exec-9] DEBUG c.s.d.m.C.selectLnbSubList - <==      Total: 2
2025-01-08 17:25:03 [http-nio-8080-exec-3] DEBUG c.s.d.m.C.selectLnbSubList - <==      Total: 4
2025-01-08 17:25:03 [http-nio-8080-exec-2] DEBUG org.mybatis.spring.SqlSessionUtils - Closing non transactional SqlSession [org.apache.ibatis.session.defaults.DefaultSqlSession@30a768d4]
2025-01-08 17:25:03 [http-nio-8080-exec-3] DEBUG org.mybatis.spring.SqlSessionUtils - Closing non transactional SqlSession [org.apache.ibatis.session.defaults.DefaultSqlSession@233eb7f9]
2025-01-08 17:25:03 [http-nio-8080-exec-9] DEBUG org.mybatis.spring.SqlSessionUtils - Closing non transactional SqlSession [org.apache.ibatis.session.defaults.DefaultSqlSession@7b832b22]
2025-01-08 17:25:03 [http-nio-8080-exec-5] DEBUG org.mybatis.spring.SqlSessionUtils - Creating a new SqlSession
2025-01-08 17:25:03 [http-nio-8080-exec-1] DEBUG org.mybatis.spring.SqlSessionUtils - Creating a new SqlSession
2025-01-08 17:25:03 [http-nio-8080-exec-7] DEBUG org.mybatis.spring.SqlSessionUtils - Creating a new SqlSession
2025-01-08 17:25:03 [http-nio-8080-exec-5] DEBUG org.mybatis.spring.SqlSessionUtils - SqlSession [org.apache.ibatis.session.defaults.DefaultSqlSession@4f11c748] was not registered for synchronization because synchronization is not active
2025-01-08 17:25:03 [http-nio-8080-exec-1] DEBUG org.mybatis.spring.SqlSessionUtils - SqlSession [org.apache.ibatis.session.defaults.DefaultSqlSession@26c9f738] was not registered for synchronization because synchronization is not active
2025-01-08 17:25:03 [http-nio-8080-exec-7] DEBUG org.mybatis.spring.SqlSessionUtils - SqlSession [org.apache.ibatis.session.defaults.DefaultSqlSession@75da7619] was not registered for synchronization because synchronization is not active
2025-01-08 17:25:03 [http-nio-8080-exec-7] DEBUG o.m.s.t.SpringManagedTransaction - JDBC Connection [HikariProxyConnection@145105886 wrapping com.mysql.cj.jdbc.ConnectionImpl@429e8370] will not be managed by Spring
2025-01-08 17:25:03 [http-nio-8080-exec-5] DEBUG o.m.s.t.SpringManagedTransaction - JDBC Connection [HikariProxyConnection@1490939241 wrapping com.mysql.cj.jdbc.ConnectionImpl@786d945b] will not be managed by Spring
2025-01-08 17:25:03 [http-nio-8080-exec-1] DEBUG o.m.s.t.SpringManagedTransaction - JDBC Connection [HikariProxyConnection@1022251332 wrapping com.mysql.cj.jdbc.ConnectionImpl@6dd7101b] will not be managed by Spring
2025-01-08 17:25:03 [http-nio-8080-exec-7] DEBUG c.s.d.m.C.selectLnbSubList - ==>  Preparing: SELECT CT_LNB_SUB_IDX AS ctLnbSubIdx, CT_LNB_ID AS ctLnbId, CT_LNB_SUB_ID AS ctLnbSubId, CT_LNB_SUB_NAME AS ctLnbSubName, CT_LNB_SUB_URL AS ctLnbSubUrl FROM CT_LNB_SUB WHERE CT_LNB_ID = ? ORDER BY CT_LNB_SUB_IDX
2025-01-08 17:25:03 [http-nio-8080-exec-5] DEBUG c.s.d.m.C.selectLnbSubList - ==>  Preparing: SELECT CT_LNB_SUB_IDX AS ctLnbSubIdx, CT_LNB_ID AS ctLnbId, CT_LNB_SUB_ID AS ctLnbSubId, CT_LNB_SUB_NAME AS ctLnbSubName, CT_LNB_SUB_URL AS ctLnbSubUrl FROM CT_LNB_SUB WHERE CT_LNB_ID = ? ORDER BY CT_LNB_SUB_IDX
2025-01-08 17:25:03 [http-nio-8080-exec-1] DEBUG c.s.d.m.C.selectLnbSubList - ==>  Preparing: SELECT CT_LNB_SUB_IDX AS ctLnbSubIdx, CT_LNB_ID AS ctLnbId, CT_LNB_SUB_ID AS ctLnbSubId, CT_LNB_SUB_NAME AS ctLnbSubName, CT_LNB_SUB_URL AS ctLnbSubUrl FROM CT_LNB_SUB WHERE CT_LNB_ID = ? ORDER BY CT_LNB_SUB_IDX
2025-01-08 17:25:03 [http-nio-8080-exec-1] DEBUG c.s.d.m.C.selectLnbSubList - ==> Parameters: CT_LNB_SERVICE(String)
2025-01-08 17:25:03 [http-nio-8080-exec-7] DEBUG c.s.d.m.C.selectLnbSubList - ==> Parameters: CT_LNB_CONTACT(String)
2025-01-08 17:25:03 [http-nio-8080-exec-5] DEBUG c.s.d.m.C.selectLnbSubList - ==> Parameters: CT_LNB_INFORMATION(String)
2025-01-08 17:25:03 [http-nio-8080-exec-7] DEBUG c.s.d.m.C.selectLnbSubList - <==      Total: 2
2025-01-08 17:25:03 [http-nio-8080-exec-5] DEBUG c.s.d.m.C.selectLnbSubList - <==      Total: 2
2025-01-08 17:25:03 [http-nio-8080-exec-1] DEBUG c.s.d.m.C.selectLnbSubList - <==      Total: 4
2025-01-08 17:25:03 [http-nio-8080-exec-5] DEBUG org.mybatis.spring.SqlSessionUtils - Closing non transactional SqlSession [org.apache.ibatis.session.defaults.DefaultSqlSession@4f11c748]
2025-01-08 17:25:03 [http-nio-8080-exec-7] DEBUG org.mybatis.spring.SqlSessionUtils - Closing non transactional SqlSession [org.apache.ibatis.session.defaults.DefaultSqlSession@75da7619]
2025-01-08 17:25:03 [http-nio-8080-exec-1] DEBUG org.mybatis.spring.SqlSessionUtils - Closing non transactional SqlSession [org.apache.ibatis.session.defaults.DefaultSqlSession@26c9f738]
2025-01-08 17:25:07 [http-nio-8080-exec-6] WARN  o.t.s.p.AbstractStandardFragmentInsertionTagProcessor - [THYMELEAF][http-nio-8080-exec-6][common/layout/layout] Deprecated unwrapped fragment expression "common/fragments/header::header" found in template common/layout/layout, line 31, col 10. Please use the complete syntax of fragment expressions instead ("~{common/fragments/header::header}"). The old, unwrapped syntax for fragment expressions will be removed in future versions of Thymeleaf.
2025-01-08 17:25:07 [http-nio-8080-exec-6] WARN  o.t.s.p.AbstractStandardFragmentInsertionTagProcessor - [THYMELEAF][http-nio-8080-exec-6][common/layout/layout] Deprecated unwrapped fragment expression "common/fragments/footer::footer" found in template common/layout/layout, line 35, col 10. Please use the complete syntax of fragment expressions instead ("~{common/fragments/footer::footer}"). The old, unwrapped syntax for fragment expressions will be removed in future versions of Thymeleaf.
2025-01-08 17:25:07 [http-nio-8080-exec-5] DEBUG org.mybatis.spring.SqlSessionUtils - Creating a new SqlSession
2025-01-08 17:25:07 [http-nio-8080-exec-5] DEBUG org.mybatis.spring.SqlSessionUtils - SqlSession [org.apache.ibatis.session.defaults.DefaultSqlSession@3c4348a4] was not registered for synchronization because synchronization is not active
2025-01-08 17:25:07 [http-nio-8080-exec-5] DEBUG o.m.s.t.SpringManagedTransaction - JDBC Connection [HikariProxyConnection@2099901411 wrapping com.mysql.cj.jdbc.ConnectionImpl@786d945b] will not be managed by Spring
2025-01-08 17:25:07 [http-nio-8080-exec-5] DEBUG c.s.d.m.CommonMapper.selectLnbList - ==>  Preparing: SELECT CT_LNB_IDX AS ctLnbIdx, CT_LNB_ID AS ctLnbId, CT_LNB_NAME AS ctLnbName, CT_LNB_SUB_YN AS ctLnbSubYn, CT_LNB_URL AS ctLnbUrl, CT_LNB_USE_YN AS ctLnbUseYn FROM CT_LNB WHERE CT_LNB_USE_YN = 'Y' ORDER BY CT_LNB_IDX
2025-01-08 17:25:07 [http-nio-8080-exec-5] DEBUG c.s.d.m.CommonMapper.selectLnbList - ==> Parameters: 
2025-01-08 17:25:07 [http-nio-8080-exec-5] DEBUG c.s.d.m.CommonMapper.selectLnbList - <==      Total: 4
2025-01-08 17:25:07 [http-nio-8080-exec-5] DEBUG org.mybatis.spring.SqlSessionUtils - Closing non transactional SqlSession [org.apache.ibatis.session.defaults.DefaultSqlSession@3c4348a4]
2025-01-08 17:25:07 [http-nio-8080-exec-6] DEBUG org.mybatis.spring.SqlSessionUtils - Creating a new SqlSession
2025-01-08 17:25:07 [http-nio-8080-exec-6] DEBUG org.mybatis.spring.SqlSessionUtils - SqlSession [org.apache.ibatis.session.defaults.DefaultSqlSession@64e78830] was not registered for synchronization because synchronization is not active
2025-01-08 17:25:07 [http-nio-8080-exec-6] DEBUG o.m.s.t.SpringManagedTransaction - JDBC Connection [HikariProxyConnection@377880519 wrapping com.mysql.cj.jdbc.ConnectionImpl@429e8370] will not be managed by Spring
2025-01-08 17:25:07 [http-nio-8080-exec-6] DEBUG c.s.d.m.CommonMapper.selectLnbList - ==>  Preparing: SELECT CT_LNB_IDX AS ctLnbIdx, CT_LNB_ID AS ctLnbId, CT_LNB_NAME AS ctLnbName, CT_LNB_SUB_YN AS ctLnbSubYn, CT_LNB_URL AS ctLnbUrl, CT_LNB_USE_YN AS ctLnbUseYn FROM CT_LNB WHERE CT_LNB_USE_YN = 'Y' ORDER BY CT_LNB_IDX
2025-01-08 17:25:07 [http-nio-8080-exec-6] DEBUG c.s.d.m.CommonMapper.selectLnbList - ==> Parameters: 
2025-01-08 17:25:07 [http-nio-8080-exec-6] DEBUG c.s.d.m.CommonMapper.selectLnbList - <==      Total: 4
2025-01-08 17:25:07 [http-nio-8080-exec-6] DEBUG org.mybatis.spring.SqlSessionUtils - Closing non transactional SqlSession [org.apache.ibatis.session.defaults.DefaultSqlSession@64e78830]
2025-01-08 17:25:07 [http-nio-8080-exec-8] DEBUG org.mybatis.spring.SqlSessionUtils - Creating a new SqlSession
2025-01-08 17:25:07 [http-nio-8080-exec-2] DEBUG org.mybatis.spring.SqlSessionUtils - Creating a new SqlSession
2025-01-08 17:25:07 [http-nio-8080-exec-4] DEBUG org.mybatis.spring.SqlSessionUtils - Creating a new SqlSession
2025-01-08 17:25:07 [http-nio-8080-exec-8] DEBUG org.mybatis.spring.SqlSessionUtils - SqlSession [org.apache.ibatis.session.defaults.DefaultSqlSession@21789d78] was not registered for synchronization because synchronization is not active
2025-01-08 17:25:07 [http-nio-8080-exec-2] DEBUG org.mybatis.spring.SqlSessionUtils - SqlSession [org.apache.ibatis.session.defaults.DefaultSqlSession@4ff49f98] was not registered for synchronization because synchronization is not active
2025-01-08 17:25:07 [http-nio-8080-exec-4] DEBUG org.mybatis.spring.SqlSessionUtils - SqlSession [org.apache.ibatis.session.defaults.DefaultSqlSession@2f726e12] was not registered for synchronization because synchronization is not active
2025-01-08 17:25:07 [http-nio-8080-exec-4] DEBUG o.m.s.t.SpringManagedTransaction - JDBC Connection [HikariProxyConnection@467278249 wrapping com.mysql.cj.jdbc.ConnectionImpl@786d945b] will not be managed by Spring
2025-01-08 17:25:07 [http-nio-8080-exec-2] DEBUG o.m.s.t.SpringManagedTransaction - JDBC Connection [HikariProxyConnection@1989558941 wrapping com.mysql.cj.jdbc.ConnectionImpl@429e8370] will not be managed by Spring
2025-01-08 17:25:07 [http-nio-8080-exec-4] DEBUG c.s.d.m.C.selectLnbSubList - ==>  Preparing: SELECT CT_LNB_SUB_IDX AS ctLnbSubIdx, CT_LNB_ID AS ctLnbId, CT_LNB_SUB_ID AS ctLnbSubId, CT_LNB_SUB_NAME AS ctLnbSubName, CT_LNB_SUB_URL AS ctLnbSubUrl FROM CT_LNB_SUB WHERE CT_LNB_ID = ? ORDER BY CT_LNB_SUB_IDX
2025-01-08 17:25:07 [http-nio-8080-exec-2] DEBUG c.s.d.m.C.selectLnbSubList - ==>  Preparing: SELECT CT_LNB_SUB_IDX AS ctLnbSubIdx, CT_LNB_ID AS ctLnbId, CT_LNB_SUB_ID AS ctLnbSubId, CT_LNB_SUB_NAME AS ctLnbSubName, CT_LNB_SUB_URL AS ctLnbSubUrl FROM CT_LNB_SUB WHERE CT_LNB_ID = ? ORDER BY CT_LNB_SUB_IDX
2025-01-08 17:25:07 [http-nio-8080-exec-2] DEBUG c.s.d.m.C.selectLnbSubList - ==> Parameters: CT_LNB_SERVICE(String)
2025-01-08 17:25:07 [http-nio-8080-exec-4] DEBUG c.s.d.m.C.selectLnbSubList - ==> Parameters: CT_LNB_INFORMATION(String)
2025-01-08 17:25:07 [http-nio-8080-exec-8] DEBUG o.m.s.t.SpringManagedTransaction - JDBC Connection [HikariProxyConnection@514906244 wrapping com.mysql.cj.jdbc.ConnectionImpl@6dd7101b] will not be managed by Spring
2025-01-08 17:25:07 [http-nio-8080-exec-8] DEBUG c.s.d.m.C.selectLnbSubList - ==>  Preparing: SELECT CT_LNB_SUB_IDX AS ctLnbSubIdx, CT_LNB_ID AS ctLnbId, CT_LNB_SUB_ID AS ctLnbSubId, CT_LNB_SUB_NAME AS ctLnbSubName, CT_LNB_SUB_URL AS ctLnbSubUrl FROM CT_LNB_SUB WHERE CT_LNB_ID = ? ORDER BY CT_LNB_SUB_IDX
2025-01-08 17:25:07 [http-nio-8080-exec-8] DEBUG c.s.d.m.C.selectLnbSubList - ==> Parameters: CT_LNB_CONTACT(String)
2025-01-08 17:25:07 [http-nio-8080-exec-4] DEBUG c.s.d.m.C.selectLnbSubList - <==      Total: 2
2025-01-08 17:25:07 [http-nio-8080-exec-8] DEBUG c.s.d.m.C.selectLnbSubList - <==      Total: 2
2025-01-08 17:25:07 [http-nio-8080-exec-2] DEBUG c.s.d.m.C.selectLnbSubList - <==      Total: 4
2025-01-08 17:25:07 [http-nio-8080-exec-4] DEBUG org.mybatis.spring.SqlSessionUtils - Closing non transactional SqlSession [org.apache.ibatis.session.defaults.DefaultSqlSession@2f726e12]
2025-01-08 17:25:07 [http-nio-8080-exec-8] DEBUG org.mybatis.spring.SqlSessionUtils - Closing non transactional SqlSession [org.apache.ibatis.session.defaults.DefaultSqlSession@21789d78]
2025-01-08 17:25:07 [http-nio-8080-exec-2] DEBUG org.mybatis.spring.SqlSessionUtils - Closing non transactional SqlSession [org.apache.ibatis.session.defaults.DefaultSqlSession@4ff49f98]
2025-01-08 17:25:07 [http-nio-8080-exec-3] DEBUG org.mybatis.spring.SqlSessionUtils - Creating a new SqlSession
2025-01-08 17:25:07 [http-nio-8080-exec-10] DEBUG org.mybatis.spring.SqlSessionUtils - Creating a new SqlSession
2025-01-08 17:25:07 [http-nio-8080-exec-9] DEBUG org.mybatis.spring.SqlSessionUtils - Creating a new SqlSession
2025-01-08 17:25:07 [http-nio-8080-exec-3] DEBUG org.mybatis.spring.SqlSessionUtils - SqlSession [org.apache.ibatis.session.defaults.DefaultSqlSession@77de80c9] was not registered for synchronization because synchronization is not active
2025-01-08 17:25:07 [http-nio-8080-exec-10] DEBUG org.mybatis.spring.SqlSessionUtils - SqlSession [org.apache.ibatis.session.defaults.DefaultSqlSession@28f04397] was not registered for synchronization because synchronization is not active
2025-01-08 17:25:07 [http-nio-8080-exec-9] DEBUG org.mybatis.spring.SqlSessionUtils - SqlSession [org.apache.ibatis.session.defaults.DefaultSqlSession@3efa1621] was not registered for synchronization because synchronization is not active
2025-01-08 17:25:07 [http-nio-8080-exec-3] DEBUG o.m.s.t.SpringManagedTransaction - JDBC Connection [HikariProxyConnection@1169966817 wrapping com.mysql.cj.jdbc.ConnectionImpl@786d945b] will not be managed by Spring
2025-01-08 17:25:07 [http-nio-8080-exec-10] DEBUG o.m.s.t.SpringManagedTransaction - JDBC Connection [HikariProxyConnection@406341086 wrapping com.mysql.cj.jdbc.ConnectionImpl@429e8370] will not be managed by Spring
2025-01-08 17:25:07 [http-nio-8080-exec-9] DEBUG o.m.s.t.SpringManagedTransaction - JDBC Connection [HikariProxyConnection@1775925200 wrapping com.mysql.cj.jdbc.ConnectionImpl@6dd7101b] will not be managed by Spring
2025-01-08 17:25:07 [http-nio-8080-exec-3] DEBUG c.s.d.m.C.selectLnbSubList - ==>  Preparing: SELECT CT_LNB_SUB_IDX AS ctLnbSubIdx, CT_LNB_ID AS ctLnbId, CT_LNB_SUB_ID AS ctLnbSubId, CT_LNB_SUB_NAME AS ctLnbSubName, CT_LNB_SUB_URL AS ctLnbSubUrl FROM CT_LNB_SUB WHERE CT_LNB_ID = ? ORDER BY CT_LNB_SUB_IDX
2025-01-08 17:25:07 [http-nio-8080-exec-10] DEBUG c.s.d.m.C.selectLnbSubList - ==>  Preparing: SELECT CT_LNB_SUB_IDX AS ctLnbSubIdx, CT_LNB_ID AS ctLnbId, CT_LNB_SUB_ID AS ctLnbSubId, CT_LNB_SUB_NAME AS ctLnbSubName, CT_LNB_SUB_URL AS ctLnbSubUrl FROM CT_LNB_SUB WHERE CT_LNB_ID = ? ORDER BY CT_LNB_SUB_IDX
2025-01-08 17:25:07 [http-nio-8080-exec-9] DEBUG c.s.d.m.C.selectLnbSubList - ==>  Preparing: SELECT CT_LNB_SUB_IDX AS ctLnbSubIdx, CT_LNB_ID AS ctLnbId, CT_LNB_SUB_ID AS ctLnbSubId, CT_LNB_SUB_NAME AS ctLnbSubName, CT_LNB_SUB_URL AS ctLnbSubUrl FROM CT_LNB_SUB WHERE CT_LNB_ID = ? ORDER BY CT_LNB_SUB_IDX
2025-01-08 17:25:07 [http-nio-8080-exec-3] DEBUG c.s.d.m.C.selectLnbSubList - ==> Parameters: CT_LNB_SERVICE(String)
2025-01-08 17:25:07 [http-nio-8080-exec-10] DEBUG c.s.d.m.C.selectLnbSubList - ==> Parameters: CT_LNB_INFORMATION(String)
2025-01-08 17:25:07 [http-nio-8080-exec-9] DEBUG c.s.d.m.C.selectLnbSubList - ==> Parameters: CT_LNB_CONTACT(String)
2025-01-08 17:25:07 [http-nio-8080-exec-10] DEBUG c.s.d.m.C.selectLnbSubList - <==      Total: 2
2025-01-08 17:25:07 [http-nio-8080-exec-3] DEBUG c.s.d.m.C.selectLnbSubList - <==      Total: 4
2025-01-08 17:25:07 [http-nio-8080-exec-9] DEBUG c.s.d.m.C.selectLnbSubList - <==      Total: 2
2025-01-08 17:25:07 [http-nio-8080-exec-10] DEBUG org.mybatis.spring.SqlSessionUtils - Closing non transactional SqlSession [org.apache.ibatis.session.defaults.DefaultSqlSession@28f04397]
2025-01-08 17:25:07 [http-nio-8080-exec-3] DEBUG org.mybatis.spring.SqlSessionUtils - Closing non transactional SqlSession [org.apache.ibatis.session.defaults.DefaultSqlSession@77de80c9]
2025-01-08 17:25:07 [http-nio-8080-exec-9] DEBUG org.mybatis.spring.SqlSessionUtils - Closing non transactional SqlSession [org.apache.ibatis.session.defaults.DefaultSqlSession@3efa1621]
2025-01-08 17:25:09 [http-nio-8080-exec-7] WARN  o.t.s.p.AbstractStandardFragmentInsertionTagProcessor - [THYMELEAF][http-nio-8080-exec-7][common/layout/layout] Deprecated unwrapped fragment expression "common/fragments/header::header" found in template common/layout/layout, line 31, col 10. Please use the complete syntax of fragment expressions instead ("~{common/fragments/header::header}"). The old, unwrapped syntax for fragment expressions will be removed in future versions of Thymeleaf.
2025-01-08 17:25:09 [http-nio-8080-exec-7] WARN  o.t.s.p.AbstractStandardFragmentInsertionTagProcessor - [THYMELEAF][http-nio-8080-exec-7][common/layout/layout] Deprecated unwrapped fragment expression "common/fragments/footer::footer" found in template common/layout/layout, line 35, col 10. Please use the complete syntax of fragment expressions instead ("~{common/fragments/footer::footer}"). The old, unwrapped syntax for fragment expressions will be removed in future versions of Thymeleaf.
2025-01-08 17:25:09 [http-nio-8080-exec-7] DEBUG org.mybatis.spring.SqlSessionUtils - Creating a new SqlSession
2025-01-08 17:25:09 [http-nio-8080-exec-7] DEBUG org.mybatis.spring.SqlSessionUtils - SqlSession [org.apache.ibatis.session.defaults.DefaultSqlSession@f884b8f] was not registered for synchronization because synchronization is not active
2025-01-08 17:25:09 [http-nio-8080-exec-7] DEBUG o.m.s.t.SpringManagedTransaction - JDBC Connection [HikariProxyConnection@85666761 wrapping com.mysql.cj.jdbc.ConnectionImpl@429e8370] will not be managed by Spring
2025-01-08 17:25:09 [http-nio-8080-exec-7] DEBUG c.s.d.m.CommonMapper.selectLnbList - ==>  Preparing: SELECT CT_LNB_IDX AS ctLnbIdx, CT_LNB_ID AS ctLnbId, CT_LNB_NAME AS ctLnbName, CT_LNB_SUB_YN AS ctLnbSubYn, CT_LNB_URL AS ctLnbUrl, CT_LNB_USE_YN AS ctLnbUseYn FROM CT_LNB WHERE CT_LNB_USE_YN = 'Y' ORDER BY CT_LNB_IDX
2025-01-08 17:25:09 [http-nio-8080-exec-7] DEBUG c.s.d.m.CommonMapper.selectLnbList - ==> Parameters: 
2025-01-08 17:25:09 [http-nio-8080-exec-7] DEBUG c.s.d.m.CommonMapper.selectLnbList - <==      Total: 4
2025-01-08 17:25:09 [http-nio-8080-exec-7] DEBUG org.mybatis.spring.SqlSessionUtils - Closing non transactional SqlSession [org.apache.ibatis.session.defaults.DefaultSqlSession@f884b8f]
2025-01-08 17:25:09 [http-nio-8080-exec-1] DEBUG org.mybatis.spring.SqlSessionUtils - Creating a new SqlSession
2025-01-08 17:25:09 [http-nio-8080-exec-1] DEBUG org.mybatis.spring.SqlSessionUtils - SqlSession [org.apache.ibatis.session.defaults.DefaultSqlSession@5d2f0660] was not registered for synchronization because synchronization is not active
2025-01-08 17:25:09 [http-nio-8080-exec-1] DEBUG o.m.s.t.SpringManagedTransaction - JDBC Connection [HikariProxyConnection@303246424 wrapping com.mysql.cj.jdbc.ConnectionImpl@6dd7101b] will not be managed by Spring
2025-01-08 17:25:09 [http-nio-8080-exec-1] DEBUG c.s.d.m.CommonMapper.selectLnbList - ==>  Preparing: SELECT CT_LNB_IDX AS ctLnbIdx, CT_LNB_ID AS ctLnbId, CT_LNB_NAME AS ctLnbName, CT_LNB_SUB_YN AS ctLnbSubYn, CT_LNB_URL AS ctLnbUrl, CT_LNB_USE_YN AS ctLnbUseYn FROM CT_LNB WHERE CT_LNB_USE_YN = 'Y' ORDER BY CT_LNB_IDX
2025-01-08 17:25:09 [http-nio-8080-exec-1] DEBUG c.s.d.m.CommonMapper.selectLnbList - ==> Parameters: 
2025-01-08 17:25:09 [http-nio-8080-exec-1] DEBUG c.s.d.m.CommonMapper.selectLnbList - <==      Total: 4
2025-01-08 17:25:09 [http-nio-8080-exec-1] DEBUG org.mybatis.spring.SqlSessionUtils - Closing non transactional SqlSession [org.apache.ibatis.session.defaults.DefaultSqlSession@5d2f0660]
2025-01-08 17:25:09 [http-nio-8080-exec-8] DEBUG org.mybatis.spring.SqlSessionUtils - Creating a new SqlSession
2025-01-08 17:25:09 [http-nio-8080-exec-5] DEBUG org.mybatis.spring.SqlSessionUtils - Creating a new SqlSession
2025-01-08 17:25:09 [http-nio-8080-exec-6] DEBUG org.mybatis.spring.SqlSessionUtils - Creating a new SqlSession
2025-01-08 17:25:09 [http-nio-8080-exec-8] DEBUG org.mybatis.spring.SqlSessionUtils - SqlSession [org.apache.ibatis.session.defaults.DefaultSqlSession@14de57d4] was not registered for synchronization because synchronization is not active
2025-01-08 17:25:09 [http-nio-8080-exec-5] DEBUG org.mybatis.spring.SqlSessionUtils - SqlSession [org.apache.ibatis.session.defaults.DefaultSqlSession@4049e23c] was not registered for synchronization because synchronization is not active
2025-01-08 17:25:09 [http-nio-8080-exec-6] DEBUG org.mybatis.spring.SqlSessionUtils - SqlSession [org.apache.ibatis.session.defaults.DefaultSqlSession@6642257d] was not registered for synchronization because synchronization is not active
2025-01-08 17:25:09 [http-nio-8080-exec-6] DEBUG o.m.s.t.SpringManagedTransaction - JDBC Connection [HikariProxyConnection@1593873845 wrapping com.mysql.cj.jdbc.ConnectionImpl@429e8370] will not be managed by Spring
2025-01-08 17:25:09 [http-nio-8080-exec-8] DEBUG o.m.s.t.SpringManagedTransaction - JDBC Connection [HikariProxyConnection@204658995 wrapping com.mysql.cj.jdbc.ConnectionImpl@6dd7101b] will not be managed by Spring
2025-01-08 17:25:09 [http-nio-8080-exec-6] DEBUG c.s.d.m.C.selectLnbSubList - ==>  Preparing: SELECT CT_LNB_SUB_IDX AS ctLnbSubIdx, CT_LNB_ID AS ctLnbId, CT_LNB_SUB_ID AS ctLnbSubId, CT_LNB_SUB_NAME AS ctLnbSubName, CT_LNB_SUB_URL AS ctLnbSubUrl FROM CT_LNB_SUB WHERE CT_LNB_ID = ? ORDER BY CT_LNB_SUB_IDX
2025-01-08 17:25:09 [http-nio-8080-exec-8] DEBUG c.s.d.m.C.selectLnbSubList - ==>  Preparing: SELECT CT_LNB_SUB_IDX AS ctLnbSubIdx, CT_LNB_ID AS ctLnbId, CT_LNB_SUB_ID AS ctLnbSubId, CT_LNB_SUB_NAME AS ctLnbSubName, CT_LNB_SUB_URL AS ctLnbSubUrl FROM CT_LNB_SUB WHERE CT_LNB_ID = ? ORDER BY CT_LNB_SUB_IDX
2025-01-08 17:25:09 [http-nio-8080-exec-8] DEBUG c.s.d.m.C.selectLnbSubList - ==> Parameters: CT_LNB_INFORMATION(String)
2025-01-08 17:25:09 [http-nio-8080-exec-6] DEBUG c.s.d.m.C.selectLnbSubList - ==> Parameters: CT_LNB_SERVICE(String)
2025-01-08 17:25:09 [http-nio-8080-exec-5] DEBUG o.m.s.t.SpringManagedTransaction - JDBC Connection [HikariProxyConnection@1917691709 wrapping com.mysql.cj.jdbc.ConnectionImpl@786d945b] will not be managed by Spring
2025-01-08 17:25:09 [http-nio-8080-exec-5] DEBUG c.s.d.m.C.selectLnbSubList - ==>  Preparing: SELECT CT_LNB_SUB_IDX AS ctLnbSubIdx, CT_LNB_ID AS ctLnbId, CT_LNB_SUB_ID AS ctLnbSubId, CT_LNB_SUB_NAME AS ctLnbSubName, CT_LNB_SUB_URL AS ctLnbSubUrl FROM CT_LNB_SUB WHERE CT_LNB_ID = ? ORDER BY CT_LNB_SUB_IDX
2025-01-08 17:25:09 [http-nio-8080-exec-5] DEBUG c.s.d.m.C.selectLnbSubList - ==> Parameters: CT_LNB_CONTACT(String)
2025-01-08 17:25:09 [http-nio-8080-exec-5] DEBUG c.s.d.m.C.selectLnbSubList - <==      Total: 2
2025-01-08 17:25:09 [http-nio-8080-exec-6] DEBUG c.s.d.m.C.selectLnbSubList - <==      Total: 4
2025-01-08 17:25:09 [http-nio-8080-exec-8] DEBUG c.s.d.m.C.selectLnbSubList - <==      Total: 2
2025-01-08 17:25:09 [http-nio-8080-exec-6] DEBUG org.mybatis.spring.SqlSessionUtils - Closing non transactional SqlSession [org.apache.ibatis.session.defaults.DefaultSqlSession@6642257d]
2025-01-08 17:25:09 [http-nio-8080-exec-8] DEBUG org.mybatis.spring.SqlSessionUtils - Closing non transactional SqlSession [org.apache.ibatis.session.defaults.DefaultSqlSession@14de57d4]
2025-01-08 17:25:09 [http-nio-8080-exec-5] DEBUG org.mybatis.spring.SqlSessionUtils - Closing non transactional SqlSession [org.apache.ibatis.session.defaults.DefaultSqlSession@4049e23c]
2025-01-08 17:25:09 [http-nio-8080-exec-4] DEBUG org.mybatis.spring.SqlSessionUtils - Creating a new SqlSession
2025-01-08 17:25:09 [http-nio-8080-exec-4] DEBUG org.mybatis.spring.SqlSessionUtils - SqlSession [org.apache.ibatis.session.defaults.DefaultSqlSession@7d0cceb5] was not registered for synchronization because synchronization is not active
2025-01-08 17:25:09 [http-nio-8080-exec-4] DEBUG o.m.s.t.SpringManagedTransaction - JDBC Connection [HikariProxyConnection@919640044 wrapping com.mysql.cj.jdbc.ConnectionImpl@786d945b] will not be managed by Spring
2025-01-08 17:25:09 [http-nio-8080-exec-4] DEBUG c.s.d.m.C.selectLnbSubList - ==>  Preparing: SELECT CT_LNB_SUB_IDX AS ctLnbSubIdx, CT_LNB_ID AS ctLnbId, CT_LNB_SUB_ID AS ctLnbSubId, CT_LNB_SUB_NAME AS ctLnbSubName, CT_LNB_SUB_URL AS ctLnbSubUrl FROM CT_LNB_SUB WHERE CT_LNB_ID = ? ORDER BY CT_LNB_SUB_IDX
2025-01-08 17:25:09 [http-nio-8080-exec-4] DEBUG c.s.d.m.C.selectLnbSubList - ==> Parameters: CT_LNB_INFORMATION(String)
2025-01-08 17:25:09 [http-nio-8080-exec-4] DEBUG c.s.d.m.C.selectLnbSubList - <==      Total: 2
2025-01-08 17:25:09 [http-nio-8080-exec-3] DEBUG org.mybatis.spring.SqlSessionUtils - Creating a new SqlSession
2025-01-08 17:25:09 [http-nio-8080-exec-2] DEBUG org.mybatis.spring.SqlSessionUtils - Creating a new SqlSession
2025-01-08 17:25:09 [http-nio-8080-exec-2] DEBUG org.mybatis.spring.SqlSessionUtils - SqlSession [org.apache.ibatis.session.defaults.DefaultSqlSession@1f83b57e] was not registered for synchronization because synchronization is not active
2025-01-08 17:25:09 [http-nio-8080-exec-3] DEBUG org.mybatis.spring.SqlSessionUtils - SqlSession [org.apache.ibatis.session.defaults.DefaultSqlSession@80bb073] was not registered for synchronization because synchronization is not active
2025-01-08 17:25:09 [http-nio-8080-exec-4] DEBUG org.mybatis.spring.SqlSessionUtils - Closing non transactional SqlSession [org.apache.ibatis.session.defaults.DefaultSqlSession@7d0cceb5]
2025-01-08 17:25:09 [http-nio-8080-exec-3] DEBUG o.m.s.t.SpringManagedTransaction - JDBC Connection [HikariProxyConnection@799503581 wrapping com.mysql.cj.jdbc.ConnectionImpl@6dd7101b] will not be managed by Spring
2025-01-08 17:25:09 [http-nio-8080-exec-2] DEBUG o.m.s.t.SpringManagedTransaction - JDBC Connection [HikariProxyConnection@1539673785 wrapping com.mysql.cj.jdbc.ConnectionImpl@429e8370] will not be managed by Spring
2025-01-08 17:25:09 [http-nio-8080-exec-3] DEBUG c.s.d.m.C.selectLnbSubList - ==>  Preparing: SELECT CT_LNB_SUB_IDX AS ctLnbSubIdx, CT_LNB_ID AS ctLnbId, CT_LNB_SUB_ID AS ctLnbSubId, CT_LNB_SUB_NAME AS ctLnbSubName, CT_LNB_SUB_URL AS ctLnbSubUrl FROM CT_LNB_SUB WHERE CT_LNB_ID = ? ORDER BY CT_LNB_SUB_IDX
2025-01-08 17:25:09 [http-nio-8080-exec-2] DEBUG c.s.d.m.C.selectLnbSubList - ==>  Preparing: SELECT CT_LNB_SUB_IDX AS ctLnbSubIdx, CT_LNB_ID AS ctLnbId, CT_LNB_SUB_ID AS ctLnbSubId, CT_LNB_SUB_NAME AS ctLnbSubName, CT_LNB_SUB_URL AS ctLnbSubUrl FROM CT_LNB_SUB WHERE CT_LNB_ID = ? ORDER BY CT_LNB_SUB_IDX
2025-01-08 17:25:09 [http-nio-8080-exec-3] DEBUG c.s.d.m.C.selectLnbSubList - ==> Parameters: CT_LNB_CONTACT(String)
2025-01-08 17:25:09 [http-nio-8080-exec-2] DEBUG c.s.d.m.C.selectLnbSubList - ==> Parameters: CT_LNB_SERVICE(String)
2025-01-08 17:25:09 [http-nio-8080-exec-3] DEBUG c.s.d.m.C.selectLnbSubList - <==      Total: 2
2025-01-08 17:25:09 [http-nio-8080-exec-2] DEBUG c.s.d.m.C.selectLnbSubList - <==      Total: 4
2025-01-08 17:25:09 [http-nio-8080-exec-3] DEBUG org.mybatis.spring.SqlSessionUtils - Closing non transactional SqlSession [org.apache.ibatis.session.defaults.DefaultSqlSession@80bb073]
2025-01-08 17:25:09 [http-nio-8080-exec-2] DEBUG org.mybatis.spring.SqlSessionUtils - Closing non transactional SqlSession [org.apache.ibatis.session.defaults.DefaultSqlSession@1f83b57e]
2025-01-08 17:25:11 [http-nio-8080-exec-10] ERROR org.thymeleaf.TemplateEngine - [THYMELEAF][http-nio-8080-exec-10] Exception processing template "view/about": Error resolving template [view/about], template might not exist or might not be accessible by any of the configured Template Resolvers
org.thymeleaf.exceptions.TemplateInputException: Error resolving template [view/about], template might not exist or might not be accessible by any of the configured Template Resolvers
	at org.thymeleaf.engine.TemplateManager.resolveTemplate(TemplateManager.java:869)
	at org.thymeleaf.engine.TemplateManager.parseAndProcess(TemplateManager.java:607)
	at org.thymeleaf.TemplateEngine.process(TemplateEngine.java:1103)
	at org.thymeleaf.TemplateEngine.process(TemplateEngine.java:1077)
	at org.thymeleaf.spring6.view.ThymeleafView.renderFragment(ThymeleafView.java:372)
	at org.thymeleaf.spring6.view.ThymeleafView.render(ThymeleafView.java:192)
	at org.springframework.web.servlet.DispatcherServlet.render(DispatcherServlet.java:1435)
	at org.springframework.web.servlet.DispatcherServlet.processDispatchResult(DispatcherServlet.java:1167)
	at org.springframework.web.servlet.DispatcherServlet.doDispatch(DispatcherServlet.java:1105)
	at org.springframework.web.servlet.DispatcherServlet.doService(DispatcherServlet.java:978)
	at org.springframework.web.servlet.FrameworkServlet.processRequest(FrameworkServlet.java:1014)
	at org.springframework.web.servlet.FrameworkServlet.doGet(FrameworkServlet.java:903)
	at jakarta.servlet.http.HttpServlet.service(HttpServlet.java:564)
	at org.springframework.web.servlet.FrameworkServlet.service(FrameworkServlet.java:885)
	at jakarta.servlet.http.HttpServlet.service(HttpServlet.java:658)
	at org.apache.catalina.core.ApplicationFilterChain.internalDoFilter(ApplicationFilterChain.java:195)
	at org.apache.catalina.core.ApplicationFilterChain.doFilter(ApplicationFilterChain.java:140)
	at org.apache.tomcat.websocket.server.WsFilter.doFilter(WsFilter.java:51)
	at org.apache.catalina.core.ApplicationFilterChain.internalDoFilter(ApplicationFilterChain.java:164)
	at org.apache.catalina.core.ApplicationFilterChain.doFilter(ApplicationFilterChain.java:140)
	at org.springframework.web.filter.RequestContextFilter.doFilterInternal(RequestContextFilter.java:100)
	at org.springframework.web.filter.OncePerRequestFilter.doFilter(OncePerRequestFilter.java:116)
	at org.apache.catalina.core.ApplicationFilterChain.internalDoFilter(ApplicationFilterChain.java:164)
	at org.apache.catalina.core.ApplicationFilterChain.doFilter(ApplicationFilterChain.java:140)
	at org.springframework.web.filter.FormContentFilter.doFilterInternal(FormContentFilter.java:93)
	at org.springframework.web.filter.OncePerRequestFilter.doFilter(OncePerRequestFilter.java:116)
	at org.apache.catalina.core.ApplicationFilterChain.internalDoFilter(ApplicationFilterChain.java:164)
	at org.apache.catalina.core.ApplicationFilterChain.doFilter(ApplicationFilterChain.java:140)
	at org.springframework.web.filter.CharacterEncodingFilter.doFilterInternal(CharacterEncodingFilter.java:201)
	at org.springframework.web.filter.OncePerRequestFilter.doFilter(OncePerRequestFilter.java:116)
	at org.apache.catalina.core.ApplicationFilterChain.internalDoFilter(ApplicationFilterChain.java:164)
	at org.apache.catalina.core.ApplicationFilterChain.doFilter(ApplicationFilterChain.java:140)
	at org.apache.catalina.core.StandardWrapperValve.invoke(StandardWrapperValve.java:167)
	at org.apache.catalina.core.StandardContextValve.invoke(StandardContextValve.java:90)
	at org.apache.catalina.authenticator.AuthenticatorBase.invoke(AuthenticatorBase.java:483)
	at org.apache.catalina.core.StandardHostValve.invoke(StandardHostValve.java:115)
	at org.apache.catalina.valves.ErrorReportValve.invoke(ErrorReportValve.java:93)
	at org.apache.catalina.core.StandardEngineValve.invoke(StandardEngineValve.java:74)
	at org.apache.catalina.connector.CoyoteAdapter.service(CoyoteAdapter.java:344)
	at org.apache.coyote.http11.Http11Processor.service(Http11Processor.java:397)
	at org.apache.coyote.AbstractProcessorLight.process(AbstractProcessorLight.java:63)
	at org.apache.coyote.AbstractProtocol$ConnectionHandler.process(AbstractProtocol.java:905)
	at org.apache.tomcat.util.net.NioEndpoint$SocketProcessor.doRun(NioEndpoint.java:1741)
	at org.apache.tomcat.util.net.SocketProcessorBase.run(SocketProcessorBase.java:52)
	at org.apache.tomcat.util.threads.ThreadPoolExecutor.runWorker(ThreadPoolExecutor.java:1190)
	at org.apache.tomcat.util.threads.ThreadPoolExecutor$Worker.run(ThreadPoolExecutor.java:659)
	at org.apache.tomcat.util.threads.TaskThread$WrappingRunnable.run(TaskThread.java:63)
	at java.base/java.lang.Thread.run(Thread.java:842)
2025-01-08 17:25:11 [http-nio-8080-exec-10] ERROR o.a.c.c.C.[.[.[.[dispatcherServlet] - Servlet.service() for servlet [dispatcherServlet] in context with path [] threw exception [Request processing failed: org.thymeleaf.exceptions.TemplateInputException: Error resolving template [view/about], template might not exist or might not be accessible by any of the configured Template Resolvers] with root cause
org.thymeleaf.exceptions.TemplateInputException: Error resolving template [view/about], template might not exist or might not be accessible by any of the configured Template Resolvers
	at org.thymeleaf.engine.TemplateManager.resolveTemplate(TemplateManager.java:869)
	at org.thymeleaf.engine.TemplateManager.parseAndProcess(TemplateManager.java:607)
	at org.thymeleaf.TemplateEngine.process(TemplateEngine.java:1103)
	at org.thymeleaf.TemplateEngine.process(TemplateEngine.java:1077)
	at org.thymeleaf.spring6.view.ThymeleafView.renderFragment(ThymeleafView.java:372)
	at org.thymeleaf.spring6.view.ThymeleafView.render(ThymeleafView.java:192)
	at org.springframework.web.servlet.DispatcherServlet.render(DispatcherServlet.java:1435)
	at org.springframework.web.servlet.DispatcherServlet.processDispatchResult(DispatcherServlet.java:1167)
	at org.springframework.web.servlet.DispatcherServlet.doDispatch(DispatcherServlet.java:1105)
	at org.springframework.web.servlet.DispatcherServlet.doService(DispatcherServlet.java:978)
	at org.springframework.web.servlet.FrameworkServlet.processRequest(FrameworkServlet.java:1014)
	at org.springframework.web.servlet.FrameworkServlet.doGet(FrameworkServlet.java:903)
	at jakarta.servlet.http.HttpServlet.service(HttpServlet.java:564)
	at org.springframework.web.servlet.FrameworkServlet.service(FrameworkServlet.java:885)
	at jakarta.servlet.http.HttpServlet.service(HttpServlet.java:658)
	at org.apache.catalina.core.ApplicationFilterChain.internalDoFilter(ApplicationFilterChain.java:195)
	at org.apache.catalina.core.ApplicationFilterChain.doFilter(ApplicationFilterChain.java:140)
	at org.apache.tomcat.websocket.server.WsFilter.doFilter(WsFilter.java:51)
	at org.apache.catalina.core.ApplicationFilterChain.internalDoFilter(ApplicationFilterChain.java:164)
	at org.apache.catalina.core.ApplicationFilterChain.doFilter(ApplicationFilterChain.java:140)
	at org.springframework.web.filter.RequestContextFilter.doFilterInternal(RequestContextFilter.java:100)
	at org.springframework.web.filter.OncePerRequestFilter.doFilter(OncePerRequestFilter.java:116)
	at org.apache.catalina.core.ApplicationFilterChain.internalDoFilter(ApplicationFilterChain.java:164)
	at org.apache.catalina.core.ApplicationFilterChain.doFilter(ApplicationFilterChain.java:140)
	at org.springframework.web.filter.FormContentFilter.doFilterInternal(FormContentFilter.java:93)
	at org.springframework.web.filter.OncePerRequestFilter.doFilter(OncePerRequestFilter.java:116)
	at org.apache.catalina.core.ApplicationFilterChain.internalDoFilter(ApplicationFilterChain.java:164)
	at org.apache.catalina.core.ApplicationFilterChain.doFilter(ApplicationFilterChain.java:140)
	at org.springframework.web.filter.CharacterEncodingFilter.doFilterInternal(CharacterEncodingFilter.java:201)
	at org.springframework.web.filter.OncePerRequestFilter.doFilter(OncePerRequestFilter.java:116)
	at org.apache.catalina.core.ApplicationFilterChain.internalDoFilter(ApplicationFilterChain.java:164)
	at org.apache.catalina.core.ApplicationFilterChain.doFilter(ApplicationFilterChain.java:140)
	at org.apache.catalina.core.StandardWrapperValve.invoke(StandardWrapperValve.java:167)
	at org.apache.catalina.core.StandardContextValve.invoke(StandardContextValve.java:90)
	at org.apache.catalina.authenticator.AuthenticatorBase.invoke(AuthenticatorBase.java:483)
	at org.apache.catalina.core.StandardHostValve.invoke(StandardHostValve.java:115)
	at org.apache.catalina.valves.ErrorReportValve.invoke(ErrorReportValve.java:93)
	at org.apache.catalina.core.StandardEngineValve.invoke(StandardEngineValve.java:74)
	at org.apache.catalina.connector.CoyoteAdapter.service(CoyoteAdapter.java:344)
	at org.apache.coyote.http11.Http11Processor.service(Http11Processor.java:397)
	at org.apache.coyote.AbstractProcessorLight.process(AbstractProcessorLight.java:63)
	at org.apache.coyote.AbstractProtocol$ConnectionHandler.process(AbstractProtocol.java:905)
	at org.apache.tomcat.util.net.NioEndpoint$SocketProcessor.doRun(NioEndpoint.java:1741)
	at org.apache.tomcat.util.net.SocketProcessorBase.run(SocketProcessorBase.java:52)
	at org.apache.tomcat.util.threads.ThreadPoolExecutor.runWorker(ThreadPoolExecutor.java:1190)
	at org.apache.tomcat.util.threads.ThreadPoolExecutor$Worker.run(ThreadPoolExecutor.java:659)
	at org.apache.tomcat.util.threads.TaskThread$WrappingRunnable.run(TaskThread.java:63)
	at java.base/java.lang.Thread.run(Thread.java:842)
2025-01-08 17:25:22 [http-nio-8080-exec-9] WARN  o.t.s.p.AbstractStandardFragmentInsertionTagProcessor - [THYMELEAF][http-nio-8080-exec-9][common/layout/layout] Deprecated unwrapped fragment expression "common/fragments/header::header" found in template common/layout/layout, line 31, col 10. Please use the complete syntax of fragment expressions instead ("~{common/fragments/header::header}"). The old, unwrapped syntax for fragment expressions will be removed in future versions of Thymeleaf.
2025-01-08 17:25:22 [http-nio-8080-exec-9] WARN  o.t.s.p.AbstractStandardFragmentInsertionTagProcessor - [THYMELEAF][http-nio-8080-exec-9][common/layout/layout] Deprecated unwrapped fragment expression "common/fragments/footer::footer" found in template common/layout/layout, line 35, col 10. Please use the complete syntax of fragment expressions instead ("~{common/fragments/footer::footer}"). The old, unwrapped syntax for fragment expressions will be removed in future versions of Thymeleaf.
2025-01-08 17:25:22 [http-nio-8080-exec-9] DEBUG org.mybatis.spring.SqlSessionUtils - Creating a new SqlSession
2025-01-08 17:25:22 [http-nio-8080-exec-9] DEBUG org.mybatis.spring.SqlSessionUtils - SqlSession [org.apache.ibatis.session.defaults.DefaultSqlSession@28783b3d] was not registered for synchronization because synchronization is not active
2025-01-08 17:25:22 [http-nio-8080-exec-9] DEBUG o.m.s.t.SpringManagedTransaction - JDBC Connection [HikariProxyConnection@1721742690 wrapping com.mysql.cj.jdbc.ConnectionImpl@6dd7101b] will not be managed by Spring
2025-01-08 17:25:22 [http-nio-8080-exec-9] DEBUG c.s.d.m.CommonMapper.selectLnbList - ==>  Preparing: SELECT CT_LNB_IDX AS ctLnbIdx, CT_LNB_ID AS ctLnbId, CT_LNB_NAME AS ctLnbName, CT_LNB_SUB_YN AS ctLnbSubYn, CT_LNB_URL AS ctLnbUrl, CT_LNB_USE_YN AS ctLnbUseYn FROM CT_LNB WHERE CT_LNB_USE_YN = 'Y' ORDER BY CT_LNB_IDX
2025-01-08 17:25:22 [http-nio-8080-exec-9] DEBUG c.s.d.m.CommonMapper.selectLnbList - ==> Parameters: 
2025-01-08 17:25:22 [http-nio-8080-exec-9] DEBUG c.s.d.m.CommonMapper.selectLnbList - <==      Total: 4
2025-01-08 17:25:22 [http-nio-8080-exec-9] DEBUG org.mybatis.spring.SqlSessionUtils - Closing non transactional SqlSession [org.apache.ibatis.session.defaults.DefaultSqlSession@28783b3d]
2025-01-08 17:25:22 [http-nio-8080-exec-7] DEBUG org.mybatis.spring.SqlSessionUtils - Creating a new SqlSession
2025-01-08 17:25:22 [http-nio-8080-exec-7] DEBUG org.mybatis.spring.SqlSessionUtils - SqlSession [org.apache.ibatis.session.defaults.DefaultSqlSession@5cd17016] was not registered for synchronization because synchronization is not active
2025-01-08 17:25:22 [http-nio-8080-exec-7] DEBUG o.m.s.t.SpringManagedTransaction - JDBC Connection [HikariProxyConnection@13131046 wrapping com.mysql.cj.jdbc.ConnectionImpl@429e8370] will not be managed by Spring
2025-01-08 17:25:22 [http-nio-8080-exec-7] DEBUG c.s.d.m.CommonMapper.selectLnbList - ==>  Preparing: SELECT CT_LNB_IDX AS ctLnbIdx, CT_LNB_ID AS ctLnbId, CT_LNB_NAME AS ctLnbName, CT_LNB_SUB_YN AS ctLnbSubYn, CT_LNB_URL AS ctLnbUrl, CT_LNB_USE_YN AS ctLnbUseYn FROM CT_LNB WHERE CT_LNB_USE_YN = 'Y' ORDER BY CT_LNB_IDX
2025-01-08 17:25:22 [http-nio-8080-exec-7] DEBUG c.s.d.m.CommonMapper.selectLnbList - ==> Parameters: 
2025-01-08 17:25:22 [http-nio-8080-exec-7] DEBUG c.s.d.m.CommonMapper.selectLnbList - <==      Total: 4
2025-01-08 17:25:22 [http-nio-8080-exec-7] DEBUG org.mybatis.spring.SqlSessionUtils - Closing non transactional SqlSession [org.apache.ibatis.session.defaults.DefaultSqlSession@5cd17016]
2025-01-08 17:25:22 [http-nio-8080-exec-5] DEBUG org.mybatis.spring.SqlSessionUtils - Creating a new SqlSession
2025-01-08 17:25:22 [http-nio-8080-exec-6] DEBUG org.mybatis.spring.SqlSessionUtils - Creating a new SqlSession
2025-01-08 17:25:22 [http-nio-8080-exec-1] DEBUG org.mybatis.spring.SqlSessionUtils - Creating a new SqlSession
2025-01-08 17:25:22 [http-nio-8080-exec-5] DEBUG org.mybatis.spring.SqlSessionUtils - SqlSession [org.apache.ibatis.session.defaults.DefaultSqlSession@5a818df2] was not registered for synchronization because synchronization is not active
2025-01-08 17:25:22 [http-nio-8080-exec-1] DEBUG org.mybatis.spring.SqlSessionUtils - SqlSession [org.apache.ibatis.session.defaults.DefaultSqlSession@145240fe] was not registered for synchronization because synchronization is not active
2025-01-08 17:25:22 [http-nio-8080-exec-6] DEBUG org.mybatis.spring.SqlSessionUtils - SqlSession [org.apache.ibatis.session.defaults.DefaultSqlSession@17db3416] was not registered for synchronization because synchronization is not active
2025-01-08 17:25:22 [http-nio-8080-exec-6] DEBUG o.m.s.t.SpringManagedTransaction - JDBC Connection [HikariProxyConnection@1278060133 wrapping com.mysql.cj.jdbc.ConnectionImpl@429e8370] will not be managed by Spring
2025-01-08 17:25:22 [http-nio-8080-exec-1] DEBUG o.m.s.t.SpringManagedTransaction - JDBC Connection [HikariProxyConnection@522772416 wrapping com.mysql.cj.jdbc.ConnectionImpl@6dd7101b] will not be managed by Spring
2025-01-08 17:25:22 [http-nio-8080-exec-6] DEBUG c.s.d.m.C.selectLnbSubList - ==>  Preparing: SELECT CT_LNB_SUB_IDX AS ctLnbSubIdx, CT_LNB_ID AS ctLnbId, CT_LNB_SUB_ID AS ctLnbSubId, CT_LNB_SUB_NAME AS ctLnbSubName, CT_LNB_SUB_URL AS ctLnbSubUrl FROM CT_LNB_SUB WHERE CT_LNB_ID = ? ORDER BY CT_LNB_SUB_IDX
2025-01-08 17:25:22 [http-nio-8080-exec-1] DEBUG c.s.d.m.C.selectLnbSubList - ==>  Preparing: SELECT CT_LNB_SUB_IDX AS ctLnbSubIdx, CT_LNB_ID AS ctLnbId, CT_LNB_SUB_ID AS ctLnbSubId, CT_LNB_SUB_NAME AS ctLnbSubName, CT_LNB_SUB_URL AS ctLnbSubUrl FROM CT_LNB_SUB WHERE CT_LNB_ID = ? ORDER BY CT_LNB_SUB_IDX
2025-01-08 17:25:22 [http-nio-8080-exec-6] DEBUG c.s.d.m.C.selectLnbSubList - ==> Parameters: CT_LNB_CONTACT(String)
2025-01-08 17:25:22 [http-nio-8080-exec-1] DEBUG c.s.d.m.C.selectLnbSubList - ==> Parameters: CT_LNB_INFORMATION(String)
2025-01-08 17:25:22 [http-nio-8080-exec-5] DEBUG o.m.s.t.SpringManagedTransaction - JDBC Connection [HikariProxyConnection@1173007824 wrapping com.mysql.cj.jdbc.ConnectionImpl@786d945b] will not be managed by Spring
2025-01-08 17:25:22 [http-nio-8080-exec-5] DEBUG c.s.d.m.C.selectLnbSubList - ==>  Preparing: SELECT CT_LNB_SUB_IDX AS ctLnbSubIdx, CT_LNB_ID AS ctLnbId, CT_LNB_SUB_ID AS ctLnbSubId, CT_LNB_SUB_NAME AS ctLnbSubName, CT_LNB_SUB_URL AS ctLnbSubUrl FROM CT_LNB_SUB WHERE CT_LNB_ID = ? ORDER BY CT_LNB_SUB_IDX
2025-01-08 17:25:22 [http-nio-8080-exec-5] DEBUG c.s.d.m.C.selectLnbSubList - ==> Parameters: CT_LNB_SERVICE(String)
2025-01-08 17:25:22 [http-nio-8080-exec-5] DEBUG c.s.d.m.C.selectLnbSubList - <==      Total: 4
2025-01-08 17:25:22 [http-nio-8080-exec-6] DEBUG c.s.d.m.C.selectLnbSubList - <==      Total: 2
2025-01-08 17:25:22 [http-nio-8080-exec-1] DEBUG c.s.d.m.C.selectLnbSubList - <==      Total: 2
2025-01-08 17:25:22 [http-nio-8080-exec-6] DEBUG org.mybatis.spring.SqlSessionUtils - Closing non transactional SqlSession [org.apache.ibatis.session.defaults.DefaultSqlSession@17db3416]
2025-01-08 17:25:22 [http-nio-8080-exec-5] DEBUG org.mybatis.spring.SqlSessionUtils - Closing non transactional SqlSession [org.apache.ibatis.session.defaults.DefaultSqlSession@5a818df2]
2025-01-08 17:25:22 [http-nio-8080-exec-1] DEBUG org.mybatis.spring.SqlSessionUtils - Closing non transactional SqlSession [org.apache.ibatis.session.defaults.DefaultSqlSession@145240fe]
2025-01-08 17:25:22 [http-nio-8080-exec-2] DEBUG org.mybatis.spring.SqlSessionUtils - Creating a new SqlSession
2025-01-08 17:25:22 [http-nio-8080-exec-8] DEBUG org.mybatis.spring.SqlSessionUtils - Creating a new SqlSession
2025-01-08 17:25:22 [http-nio-8080-exec-4] DEBUG org.mybatis.spring.SqlSessionUtils - Creating a new SqlSession
2025-01-08 17:25:22 [http-nio-8080-exec-2] DEBUG org.mybatis.spring.SqlSessionUtils - SqlSession [org.apache.ibatis.session.defaults.DefaultSqlSession@13fb78f2] was not registered for synchronization because synchronization is not active
2025-01-08 17:25:22 [http-nio-8080-exec-8] DEBUG org.mybatis.spring.SqlSessionUtils - SqlSession [org.apache.ibatis.session.defaults.DefaultSqlSession@209996d] was not registered for synchronization because synchronization is not active
2025-01-08 17:25:22 [http-nio-8080-exec-4] DEBUG org.mybatis.spring.SqlSessionUtils - SqlSession [org.apache.ibatis.session.defaults.DefaultSqlSession@11bfb444] was not registered for synchronization because synchronization is not active
2025-01-08 17:25:22 [http-nio-8080-exec-2] DEBUG o.m.s.t.SpringManagedTransaction - JDBC Connection [HikariProxyConnection@1681693810 wrapping com.mysql.cj.jdbc.ConnectionImpl@429e8370] will not be managed by Spring
2025-01-08 17:25:22 [http-nio-8080-exec-8] DEBUG o.m.s.t.SpringManagedTransaction - JDBC Connection [HikariProxyConnection@417866590 wrapping com.mysql.cj.jdbc.ConnectionImpl@6dd7101b] will not be managed by Spring
2025-01-08 17:25:22 [http-nio-8080-exec-4] DEBUG o.m.s.t.SpringManagedTransaction - JDBC Connection [HikariProxyConnection@593641064 wrapping com.mysql.cj.jdbc.ConnectionImpl@786d945b] will not be managed by Spring
2025-01-08 17:25:22 [http-nio-8080-exec-2] DEBUG c.s.d.m.C.selectLnbSubList - ==>  Preparing: SELECT CT_LNB_SUB_IDX AS ctLnbSubIdx, CT_LNB_ID AS ctLnbId, CT_LNB_SUB_ID AS ctLnbSubId, CT_LNB_SUB_NAME AS ctLnbSubName, CT_LNB_SUB_URL AS ctLnbSubUrl FROM CT_LNB_SUB WHERE CT_LNB_ID = ? ORDER BY CT_LNB_SUB_IDX
2025-01-08 17:25:22 [http-nio-8080-exec-4] DEBUG c.s.d.m.C.selectLnbSubList - ==>  Preparing: SELECT CT_LNB_SUB_IDX AS ctLnbSubIdx, CT_LNB_ID AS ctLnbId, CT_LNB_SUB_ID AS ctLnbSubId, CT_LNB_SUB_NAME AS ctLnbSubName, CT_LNB_SUB_URL AS ctLnbSubUrl FROM CT_LNB_SUB WHERE CT_LNB_ID = ? ORDER BY CT_LNB_SUB_IDX
2025-01-08 17:25:22 [http-nio-8080-exec-8] DEBUG c.s.d.m.C.selectLnbSubList - ==>  Preparing: SELECT CT_LNB_SUB_IDX AS ctLnbSubIdx, CT_LNB_ID AS ctLnbId, CT_LNB_SUB_ID AS ctLnbSubId, CT_LNB_SUB_NAME AS ctLnbSubName, CT_LNB_SUB_URL AS ctLnbSubUrl FROM CT_LNB_SUB WHERE CT_LNB_ID = ? ORDER BY CT_LNB_SUB_IDX
2025-01-08 17:25:22 [http-nio-8080-exec-2] DEBUG c.s.d.m.C.selectLnbSubList - ==> Parameters: CT_LNB_CONTACT(String)
2025-01-08 17:25:22 [http-nio-8080-exec-4] DEBUG c.s.d.m.C.selectLnbSubList - ==> Parameters: CT_LNB_SERVICE(String)
2025-01-08 17:25:22 [http-nio-8080-exec-8] DEBUG c.s.d.m.C.selectLnbSubList - ==> Parameters: CT_LNB_INFORMATION(String)
2025-01-08 17:25:22 [http-nio-8080-exec-2] DEBUG c.s.d.m.C.selectLnbSubList - <==      Total: 2
2025-01-08 17:25:22 [http-nio-8080-exec-8] DEBUG c.s.d.m.C.selectLnbSubList - <==      Total: 2
2025-01-08 17:25:22 [http-nio-8080-exec-4] DEBUG c.s.d.m.C.selectLnbSubList - <==      Total: 4
2025-01-08 17:25:22 [http-nio-8080-exec-2] DEBUG org.mybatis.spring.SqlSessionUtils - Closing non transactional SqlSession [org.apache.ibatis.session.defaults.DefaultSqlSession@13fb78f2]
2025-01-08 17:25:22 [http-nio-8080-exec-4] DEBUG org.mybatis.spring.SqlSessionUtils - Closing non transactional SqlSession [org.apache.ibatis.session.defaults.DefaultSqlSession@11bfb444]
2025-01-08 17:25:22 [http-nio-8080-exec-8] DEBUG org.mybatis.spring.SqlSessionUtils - Closing non transactional SqlSession [org.apache.ibatis.session.defaults.DefaultSqlSession@209996d]
2025-01-08 17:25:47 [http-nio-8080-exec-3] WARN  o.t.s.p.AbstractStandardFragmentInsertionTagProcessor - [THYMELEAF][http-nio-8080-exec-3][common/layout/layout] Deprecated unwrapped fragment expression "common/fragments/header::header" found in template common/layout/layout, line 31, col 10. Please use the complete syntax of fragment expressions instead ("~{common/fragments/header::header}"). The old, unwrapped syntax for fragment expressions will be removed in future versions of Thymeleaf.
2025-01-08 17:25:47 [http-nio-8080-exec-3] WARN  o.t.s.p.AbstractStandardFragmentInsertionTagProcessor - [THYMELEAF][http-nio-8080-exec-3][common/layout/layout] Deprecated unwrapped fragment expression "common/fragments/footer::footer" found in template common/layout/layout, line 35, col 10. Please use the complete syntax of fragment expressions instead ("~{common/fragments/footer::footer}"). The old, unwrapped syntax for fragment expressions will be removed in future versions of Thymeleaf.
2025-01-08 17:25:47 [http-nio-8080-exec-8] DEBUG org.mybatis.spring.SqlSessionUtils - Creating a new SqlSession
2025-01-08 17:25:47 [http-nio-8080-exec-8] DEBUG org.mybatis.spring.SqlSessionUtils - SqlSession [org.apache.ibatis.session.defaults.DefaultSqlSession@30bdc389] was not registered for synchronization because synchronization is not active
2025-01-08 17:25:47 [http-nio-8080-exec-8] DEBUG o.m.s.t.SpringManagedTransaction - JDBC Connection [HikariProxyConnection@2117203458 wrapping com.mysql.cj.jdbc.ConnectionImpl@6dd7101b] will not be managed by Spring
2025-01-08 17:25:47 [http-nio-8080-exec-8] DEBUG c.s.d.m.CommonMapper.selectLnbList - ==>  Preparing: SELECT CT_LNB_IDX AS ctLnbIdx, CT_LNB_ID AS ctLnbId, CT_LNB_NAME AS ctLnbName, CT_LNB_SUB_YN AS ctLnbSubYn, CT_LNB_URL AS ctLnbUrl, CT_LNB_USE_YN AS ctLnbUseYn FROM CT_LNB WHERE CT_LNB_USE_YN = 'Y' ORDER BY CT_LNB_IDX
2025-01-08 17:25:47 [http-nio-8080-exec-8] DEBUG c.s.d.m.CommonMapper.selectLnbList - ==> Parameters: 
2025-01-08 17:25:47 [http-nio-8080-exec-8] DEBUG c.s.d.m.CommonMapper.selectLnbList - <==      Total: 4
2025-01-08 17:25:47 [http-nio-8080-exec-8] DEBUG org.mybatis.spring.SqlSessionUtils - Closing non transactional SqlSession [org.apache.ibatis.session.defaults.DefaultSqlSession@30bdc389]
2025-01-08 17:25:47 [http-nio-8080-exec-3] DEBUG org.mybatis.spring.SqlSessionUtils - Creating a new SqlSession
2025-01-08 17:25:47 [http-nio-8080-exec-3] DEBUG org.mybatis.spring.SqlSessionUtils - SqlSession [org.apache.ibatis.session.defaults.DefaultSqlSession@16f4b32] was not registered for synchronization because synchronization is not active
2025-01-08 17:25:47 [http-nio-8080-exec-3] DEBUG o.m.s.t.SpringManagedTransaction - JDBC Connection [HikariProxyConnection@1283007526 wrapping com.mysql.cj.jdbc.ConnectionImpl@6dd7101b] will not be managed by Spring
2025-01-08 17:25:47 [http-nio-8080-exec-3] DEBUG c.s.d.m.CommonMapper.selectLnbList - ==>  Preparing: SELECT CT_LNB_IDX AS ctLnbIdx, CT_LNB_ID AS ctLnbId, CT_LNB_NAME AS ctLnbName, CT_LNB_SUB_YN AS ctLnbSubYn, CT_LNB_URL AS ctLnbUrl, CT_LNB_USE_YN AS ctLnbUseYn FROM CT_LNB WHERE CT_LNB_USE_YN = 'Y' ORDER BY CT_LNB_IDX
2025-01-08 17:25:47 [http-nio-8080-exec-3] DEBUG c.s.d.m.CommonMapper.selectLnbList - ==> Parameters: 
2025-01-08 17:25:47 [http-nio-8080-exec-3] DEBUG c.s.d.m.CommonMapper.selectLnbList - <==      Total: 4
2025-01-08 17:25:47 [http-nio-8080-exec-3] DEBUG org.mybatis.spring.SqlSessionUtils - Closing non transactional SqlSession [org.apache.ibatis.session.defaults.DefaultSqlSession@16f4b32]
2025-01-08 17:25:47 [http-nio-8080-exec-10] DEBUG org.mybatis.spring.SqlSessionUtils - Creating a new SqlSession
2025-01-08 17:25:47 [http-nio-8080-exec-9] DEBUG org.mybatis.spring.SqlSessionUtils - Creating a new SqlSession
2025-01-08 17:25:47 [http-nio-8080-exec-7] DEBUG org.mybatis.spring.SqlSessionUtils - Creating a new SqlSession
2025-01-08 17:25:47 [http-nio-8080-exec-9] DEBUG org.mybatis.spring.SqlSessionUtils - SqlSession [org.apache.ibatis.session.defaults.DefaultSqlSession@3bdb048] was not registered for synchronization because synchronization is not active
2025-01-08 17:25:47 [http-nio-8080-exec-7] DEBUG org.mybatis.spring.SqlSessionUtils - SqlSession [org.apache.ibatis.session.defaults.DefaultSqlSession@84784d0] was not registered for synchronization because synchronization is not active
2025-01-08 17:25:47 [http-nio-8080-exec-10] DEBUG org.mybatis.spring.SqlSessionUtils - SqlSession [org.apache.ibatis.session.defaults.DefaultSqlSession@7abcbce5] was not registered for synchronization because synchronization is not active
2025-01-08 17:25:47 [http-nio-8080-exec-9] DEBUG o.m.s.t.SpringManagedTransaction - JDBC Connection [HikariProxyConnection@403845624 wrapping com.mysql.cj.jdbc.ConnectionImpl@6dd7101b] will not be managed by Spring
2025-01-08 17:25:47 [http-nio-8080-exec-9] DEBUG c.s.d.m.C.selectLnbSubList - ==>  Preparing: SELECT CT_LNB_SUB_IDX AS ctLnbSubIdx, CT_LNB_ID AS ctLnbId, CT_LNB_SUB_ID AS ctLnbSubId, CT_LNB_SUB_NAME AS ctLnbSubName, CT_LNB_SUB_URL AS ctLnbSubUrl FROM CT_LNB_SUB WHERE CT_LNB_ID = ? ORDER BY CT_LNB_SUB_IDX
2025-01-08 17:25:47 [http-nio-8080-exec-10] DEBUG o.m.s.t.SpringManagedTransaction - JDBC Connection [HikariProxyConnection@530529094 wrapping com.mysql.cj.jdbc.ConnectionImpl@429e8370] will not be managed by Spring
2025-01-08 17:25:47 [http-nio-8080-exec-7] DEBUG o.m.s.t.SpringManagedTransaction - JDBC Connection [HikariProxyConnection@1243924883 wrapping com.mysql.cj.jdbc.ConnectionImpl@786d945b] will not be managed by Spring
2025-01-08 17:25:47 [http-nio-8080-exec-9] DEBUG c.s.d.m.C.selectLnbSubList - ==> Parameters: CT_LNB_SERVICE(String)
2025-01-08 17:25:47 [http-nio-8080-exec-10] DEBUG c.s.d.m.C.selectLnbSubList - ==>  Preparing: SELECT CT_LNB_SUB_IDX AS ctLnbSubIdx, CT_LNB_ID AS ctLnbId, CT_LNB_SUB_ID AS ctLnbSubId, CT_LNB_SUB_NAME AS ctLnbSubName, CT_LNB_SUB_URL AS ctLnbSubUrl FROM CT_LNB_SUB WHERE CT_LNB_ID = ? ORDER BY CT_LNB_SUB_IDX
2025-01-08 17:25:47 [http-nio-8080-exec-7] DEBUG c.s.d.m.C.selectLnbSubList - ==>  Preparing: SELECT CT_LNB_SUB_IDX AS ctLnbSubIdx, CT_LNB_ID AS ctLnbId, CT_LNB_SUB_ID AS ctLnbSubId, CT_LNB_SUB_NAME AS ctLnbSubName, CT_LNB_SUB_URL AS ctLnbSubUrl FROM CT_LNB_SUB WHERE CT_LNB_ID = ? ORDER BY CT_LNB_SUB_IDX
2025-01-08 17:25:47 [http-nio-8080-exec-10] DEBUG c.s.d.m.C.selectLnbSubList - ==> Parameters: CT_LNB_CONTACT(String)
2025-01-08 17:25:47 [http-nio-8080-exec-7] DEBUG c.s.d.m.C.selectLnbSubList - ==> Parameters: CT_LNB_INFORMATION(String)
2025-01-08 17:25:47 [http-nio-8080-exec-10] DEBUG c.s.d.m.C.selectLnbSubList - <==      Total: 2
2025-01-08 17:25:47 [http-nio-8080-exec-7] DEBUG c.s.d.m.C.selectLnbSubList - <==      Total: 2
2025-01-08 17:25:47 [http-nio-8080-exec-9] DEBUG c.s.d.m.C.selectLnbSubList - <==      Total: 4
2025-01-08 17:25:47 [http-nio-8080-exec-10] DEBUG org.mybatis.spring.SqlSessionUtils - Closing non transactional SqlSession [org.apache.ibatis.session.defaults.DefaultSqlSession@7abcbce5]
2025-01-08 17:25:47 [http-nio-8080-exec-9] DEBUG org.mybatis.spring.SqlSessionUtils - Closing non transactional SqlSession [org.apache.ibatis.session.defaults.DefaultSqlSession@3bdb048]
2025-01-08 17:25:47 [http-nio-8080-exec-7] DEBUG org.mybatis.spring.SqlSessionUtils - Closing non transactional SqlSession [org.apache.ibatis.session.defaults.DefaultSqlSession@84784d0]
2025-01-08 17:25:47 [http-nio-8080-exec-5] DEBUG org.mybatis.spring.SqlSessionUtils - Creating a new SqlSession
2025-01-08 17:25:47 [http-nio-8080-exec-6] DEBUG org.mybatis.spring.SqlSessionUtils - Creating a new SqlSession
2025-01-08 17:25:47 [http-nio-8080-exec-1] DEBUG org.mybatis.spring.SqlSessionUtils - Creating a new SqlSession
2025-01-08 17:25:47 [http-nio-8080-exec-5] DEBUG org.mybatis.spring.SqlSessionUtils - SqlSession [org.apache.ibatis.session.defaults.DefaultSqlSession@29535669] was not registered for synchronization because synchronization is not active
2025-01-08 17:25:47 [http-nio-8080-exec-6] DEBUG org.mybatis.spring.SqlSessionUtils - SqlSession [org.apache.ibatis.session.defaults.DefaultSqlSession@4ec8a64a] was not registered for synchronization because synchronization is not active
2025-01-08 17:25:47 [http-nio-8080-exec-1] DEBUG org.mybatis.spring.SqlSessionUtils - SqlSession [org.apache.ibatis.session.defaults.DefaultSqlSession@1f6ca9cc] was not registered for synchronization because synchronization is not active
2025-01-08 17:25:47 [http-nio-8080-exec-5] DEBUG o.m.s.t.SpringManagedTransaction - JDBC Connection [HikariProxyConnection@961018558 wrapping com.mysql.cj.jdbc.ConnectionImpl@786d945b] will not be managed by Spring
2025-01-08 17:25:47 [http-nio-8080-exec-1] DEBUG o.m.s.t.SpringManagedTransaction - JDBC Connection [HikariProxyConnection@1189327678 wrapping com.mysql.cj.jdbc.ConnectionImpl@6dd7101b] will not be managed by Spring
2025-01-08 17:25:47 [http-nio-8080-exec-6] DEBUG o.m.s.t.SpringManagedTransaction - JDBC Connection [HikariProxyConnection@1878474616 wrapping com.mysql.cj.jdbc.ConnectionImpl@429e8370] will not be managed by Spring
2025-01-08 17:25:47 [http-nio-8080-exec-5] DEBUG c.s.d.m.C.selectLnbSubList - ==>  Preparing: SELECT CT_LNB_SUB_IDX AS ctLnbSubIdx, CT_LNB_ID AS ctLnbId, CT_LNB_SUB_ID AS ctLnbSubId, CT_LNB_SUB_NAME AS ctLnbSubName, CT_LNB_SUB_URL AS ctLnbSubUrl FROM CT_LNB_SUB WHERE CT_LNB_ID = ? ORDER BY CT_LNB_SUB_IDX
2025-01-08 17:25:47 [http-nio-8080-exec-1] DEBUG c.s.d.m.C.selectLnbSubList - ==>  Preparing: SELECT CT_LNB_SUB_IDX AS ctLnbSubIdx, CT_LNB_ID AS ctLnbId, CT_LNB_SUB_ID AS ctLnbSubId, CT_LNB_SUB_NAME AS ctLnbSubName, CT_LNB_SUB_URL AS ctLnbSubUrl FROM CT_LNB_SUB WHERE CT_LNB_ID = ? ORDER BY CT_LNB_SUB_IDX
2025-01-08 17:25:47 [http-nio-8080-exec-6] DEBUG c.s.d.m.C.selectLnbSubList - ==>  Preparing: SELECT CT_LNB_SUB_IDX AS ctLnbSubIdx, CT_LNB_ID AS ctLnbId, CT_LNB_SUB_ID AS ctLnbSubId, CT_LNB_SUB_NAME AS ctLnbSubName, CT_LNB_SUB_URL AS ctLnbSubUrl FROM CT_LNB_SUB WHERE CT_LNB_ID = ? ORDER BY CT_LNB_SUB_IDX
2025-01-08 17:25:47 [http-nio-8080-exec-1] DEBUG c.s.d.m.C.selectLnbSubList - ==> Parameters: CT_LNB_INFORMATION(String)
2025-01-08 17:25:47 [http-nio-8080-exec-6] DEBUG c.s.d.m.C.selectLnbSubList - ==> Parameters: CT_LNB_SERVICE(String)
2025-01-08 17:25:47 [http-nio-8080-exec-5] DEBUG c.s.d.m.C.selectLnbSubList - ==> Parameters: CT_LNB_CONTACT(String)
2025-01-08 17:25:47 [http-nio-8080-exec-1] DEBUG c.s.d.m.C.selectLnbSubList - <==      Total: 2
2025-01-08 17:25:47 [http-nio-8080-exec-5] DEBUG c.s.d.m.C.selectLnbSubList - <==      Total: 2
2025-01-08 17:25:47 [http-nio-8080-exec-6] DEBUG c.s.d.m.C.selectLnbSubList - <==      Total: 4
2025-01-08 17:25:47 [http-nio-8080-exec-6] DEBUG org.mybatis.spring.SqlSessionUtils - Closing non transactional SqlSession [org.apache.ibatis.session.defaults.DefaultSqlSession@4ec8a64a]
2025-01-08 17:25:47 [http-nio-8080-exec-5] DEBUG org.mybatis.spring.SqlSessionUtils - Closing non transactional SqlSession [org.apache.ibatis.session.defaults.DefaultSqlSession@29535669]
2025-01-08 17:25:47 [http-nio-8080-exec-1] DEBUG org.mybatis.spring.SqlSessionUtils - Closing non transactional SqlSession [org.apache.ibatis.session.defaults.DefaultSqlSession@1f6ca9cc]
2025-01-08 17:31:05 [RMI TCP Connection(18)-127.0.0.1] INFO  o.s.b.a.SpringApplicationAdminMXBeanRegistrar$SpringApplicationAdmin - Application shutdown requested.
2025-01-08 17:31:05 [RMI TCP Connection(18)-127.0.0.1] INFO  o.s.b.w.e.tomcat.GracefulShutdown - Commencing graceful shutdown. Waiting for active requests to complete
2025-01-08 17:31:05 [tomcat-shutdown] INFO  o.a.coyote.http11.Http11NioProtocol - Pausing ProtocolHandler ["http-nio-8080"]
2025-01-08 17:31:05 [tomcat-shutdown] INFO  o.s.b.w.e.tomcat.GracefulShutdown - Graceful shutdown complete
2025-01-08 17:31:05 [RMI TCP Connection(18)-127.0.0.1] INFO  o.a.coyote.http11.Http11NioProtocol - Stopping ProtocolHandler ["http-nio-8080"]
2025-01-08 17:31:05 [RMI TCP Connection(18)-127.0.0.1] INFO  com.zaxxer.hikari.HikariDataSource - HikariPool-1 - Shutdown initiated...
2025-01-08 17:31:05 [RMI TCP Connection(18)-127.0.0.1] INFO  com.zaxxer.hikari.HikariDataSource - HikariPool-1 - Shutdown completed.
2025-01-08 17:52:15 [restartedMain] INFO  c.s.devspring.DevspringApplication - Starting DevspringApplication using Java 17.0.12 with PID 6056 (D:\Spring\sts-4.4\workspace\devspring\bin\main started by aatjx in D:\Spring\sts-4.4\workspace\devspring)
2025-01-08 17:52:15 [restartedMain] INFO  c.s.devspring.DevspringApplication - No active profile set, falling back to 1 default profile: "default"
2025-01-08 17:52:15 [restartedMain] INFO  o.s.b.d.e.DevToolsPropertyDefaultsPostProcessor - Devtools property defaults active! Set 'spring.devtools.add-properties' to 'false' to disable
2025-01-08 17:52:15 [restartedMain] INFO  o.s.b.d.e.DevToolsPropertyDefaultsPostProcessor - For additional web related logging consider setting the 'logging.level.web' property to 'DEBUG'
2025-01-08 17:52:15 [restartedMain] DEBUG o.apache.ibatis.logging.LogFactory - Logging initialized using 'class org.apache.ibatis.logging.slf4j.Slf4jImpl' adapter.
2025-01-08 17:52:15 [restartedMain] DEBUG o.m.s.mapper.ClassPathMapperScanner - Identified candidate component class: file [D:\Spring\sts-4.4\workspace\devspring\bin\main\com\spring\devspring\mapper\BoardMapper.class]
2025-01-08 17:52:15 [restartedMain] DEBUG o.m.s.mapper.ClassPathMapperScanner - Identified candidate component class: file [D:\Spring\sts-4.4\workspace\devspring\bin\main\com\spring\devspring\mapper\CommonMapper.class]
2025-01-08 17:52:15 [restartedMain] DEBUG o.m.s.mapper.ClassPathMapperScanner - Creating MapperFactoryBean with name 'boardMapper' and 'com.spring.devspring.mapper.BoardMapper' mapperInterface
2025-01-08 17:52:15 [restartedMain] DEBUG o.m.s.mapper.ClassPathMapperScanner - Creating MapperFactoryBean with name 'commonMapper' and 'com.spring.devspring.mapper.CommonMapper' mapperInterface
2025-01-08 17:52:15 [restartedMain] INFO  o.s.b.w.e.tomcat.TomcatWebServer - Tomcat initialized with port 8080 (http)
2025-01-08 17:52:15 [restartedMain] INFO  o.a.coyote.http11.Http11NioProtocol - Initializing ProtocolHandler ["http-nio-8080"]
2025-01-08 17:52:15 [restartedMain] INFO  o.a.catalina.core.StandardService - Starting service [Tomcat]
2025-01-08 17:52:15 [restartedMain] INFO  o.a.catalina.core.StandardEngine - Starting Servlet engine: [Apache Tomcat/10.1.34]
2025-01-08 17:52:16 [restartedMain] INFO  o.a.c.c.C.[Tomcat].[localhost].[/] - Initializing Spring embedded WebApplicationContext
2025-01-08 17:52:16 [restartedMain] INFO  o.s.b.w.s.c.ServletWebServerApplicationContext - Root WebApplicationContext: initialization completed in 642 ms
2025-01-08 17:52:16 [restartedMain] DEBUG o.m.spring.SqlSessionFactoryBean - Property 'configuration' or 'configLocation' not specified, using default MyBatis Configuration
2025-01-08 17:52:16 [restartedMain] DEBUG o.m.spring.SqlSessionFactoryBean - Parsed mapper file: 'file [D:\Spring\sts-4.4\workspace\devspring\bin\main\static\mapper\BoardMapper.xml]'
2025-01-08 17:52:16 [restartedMain] DEBUG o.m.spring.SqlSessionFactoryBean - Parsed mapper file: 'file [D:\Spring\sts-4.4\workspace\devspring\bin\main\static\mapper\CommonMapper.xml]'
2025-01-08 17:52:16 [restartedMain] INFO  o.s.b.d.a.OptionalLiveReloadServer - LiveReload server is running on port 35729
2025-01-08 17:52:16 [restartedMain] INFO  o.a.coyote.http11.Http11NioProtocol - Starting ProtocolHandler ["http-nio-8080"]
2025-01-08 17:52:16 [restartedMain] INFO  o.s.b.w.e.tomcat.TomcatWebServer - Tomcat started on port 8080 (http) with context path '/'
2025-01-08 17:52:16 [restartedMain] INFO  c.s.devspring.DevspringApplication - Started DevspringApplication in 1.45 seconds (process running for 1.847)
2025-01-08 17:52:26 [http-nio-8080-exec-1] INFO  o.a.c.c.C.[Tomcat].[localhost].[/] - Initializing Spring DispatcherServlet 'dispatcherServlet'
2025-01-08 17:52:26 [http-nio-8080-exec-1] INFO  o.s.web.servlet.DispatcherServlet - Initializing Servlet 'dispatcherServlet'
2025-01-08 17:52:26 [http-nio-8080-exec-1] INFO  o.s.web.servlet.DispatcherServlet - Completed initialization in 0 ms
2025-01-08 17:52:26 [http-nio-8080-exec-1] ERROR o.a.c.c.C.[.[.[.[dispatcherServlet] - Servlet.service() for servlet [dispatcherServlet] in context with path [] threw exception [Request processing failed: java.lang.IllegalArgumentException: Name for argument of type [java.lang.String] not specified, and parameter name information not available via reflection. Ensure that the compiler uses the '-parameters' flag.] with root cause
java.lang.IllegalArgumentException: Name for argument of type [java.lang.String] not specified, and parameter name information not available via reflection. Ensure that the compiler uses the '-parameters' flag.
	at org.springframework.web.method.annotation.AbstractNamedValueMethodArgumentResolver.updateNamedValueInfo(AbstractNamedValueMethodArgumentResolver.java:186)
	at org.springframework.web.method.annotation.AbstractNamedValueMethodArgumentResolver.getNamedValueInfo(AbstractNamedValueMethodArgumentResolver.java:161)
	at org.springframework.web.method.annotation.AbstractNamedValueMethodArgumentResolver.resolveArgument(AbstractNamedValueMethodArgumentResolver.java:107)
	at org.springframework.web.method.support.HandlerMethodArgumentResolverComposite.resolveArgument(HandlerMethodArgumentResolverComposite.java:122)
	at org.springframework.web.method.support.InvocableHandlerMethod.getMethodArgumentValues(InvocableHandlerMethod.java:226)
	at org.springframework.web.method.support.InvocableHandlerMethod.invokeForRequest(InvocableHandlerMethod.java:180)
	at org.springframework.web.servlet.mvc.method.annotation.ServletInvocableHandlerMethod.invokeAndHandle(ServletInvocableHandlerMethod.java:118)
	at org.springframework.web.servlet.mvc.method.annotation.RequestMappingHandlerAdapter.invokeHandlerMethod(RequestMappingHandlerAdapter.java:986)
	at org.springframework.web.servlet.mvc.method.annotation.RequestMappingHandlerAdapter.handleInternal(RequestMappingHandlerAdapter.java:891)
	at org.springframework.web.servlet.mvc.method.AbstractHandlerMethodAdapter.handle(AbstractHandlerMethodAdapter.java:87)
	at org.springframework.web.servlet.DispatcherServlet.doDispatch(DispatcherServlet.java:1088)
	at org.springframework.web.servlet.DispatcherServlet.doService(DispatcherServlet.java:978)
	at org.springframework.web.servlet.FrameworkServlet.processRequest(FrameworkServlet.java:1014)
	at org.springframework.web.servlet.FrameworkServlet.doGet(FrameworkServlet.java:903)
	at jakarta.servlet.http.HttpServlet.service(HttpServlet.java:564)
	at org.springframework.web.servlet.FrameworkServlet.service(FrameworkServlet.java:885)
	at jakarta.servlet.http.HttpServlet.service(HttpServlet.java:658)
	at org.apache.catalina.core.ApplicationFilterChain.internalDoFilter(ApplicationFilterChain.java:195)
	at org.apache.catalina.core.ApplicationFilterChain.doFilter(ApplicationFilterChain.java:140)
	at org.apache.tomcat.websocket.server.WsFilter.doFilter(WsFilter.java:51)
	at org.apache.catalina.core.ApplicationFilterChain.internalDoFilter(ApplicationFilterChain.java:164)
	at org.apache.catalina.core.ApplicationFilterChain.doFilter(ApplicationFilterChain.java:140)
	at org.springframework.web.filter.RequestContextFilter.doFilterInternal(RequestContextFilter.java:100)
	at org.springframework.web.filter.OncePerRequestFilter.doFilter(OncePerRequestFilter.java:116)
	at org.apache.catalina.core.ApplicationFilterChain.internalDoFilter(ApplicationFilterChain.java:164)
	at org.apache.catalina.core.ApplicationFilterChain.doFilter(ApplicationFilterChain.java:140)
	at org.springframework.web.filter.FormContentFilter.doFilterInternal(FormContentFilter.java:93)
	at org.springframework.web.filter.OncePerRequestFilter.doFilter(OncePerRequestFilter.java:116)
	at org.apache.catalina.core.ApplicationFilterChain.internalDoFilter(ApplicationFilterChain.java:164)
	at org.apache.catalina.core.ApplicationFilterChain.doFilter(ApplicationFilterChain.java:140)
	at org.springframework.web.filter.CharacterEncodingFilter.doFilterInternal(CharacterEncodingFilter.java:201)
	at org.springframework.web.filter.OncePerRequestFilter.doFilter(OncePerRequestFilter.java:116)
	at org.apache.catalina.core.ApplicationFilterChain.internalDoFilter(ApplicationFilterChain.java:164)
	at org.apache.catalina.core.ApplicationFilterChain.doFilter(ApplicationFilterChain.java:140)
	at org.apache.catalina.core.StandardWrapperValve.invoke(StandardWrapperValve.java:167)
	at org.apache.catalina.core.StandardContextValve.invoke(StandardContextValve.java:90)
	at org.apache.catalina.authenticator.AuthenticatorBase.invoke(AuthenticatorBase.java:483)
	at org.apache.catalina.core.StandardHostValve.invoke(StandardHostValve.java:115)
	at org.apache.catalina.valves.ErrorReportValve.invoke(ErrorReportValve.java:93)
	at org.apache.catalina.core.StandardEngineValve.invoke(StandardEngineValve.java:74)
	at org.apache.catalina.connector.CoyoteAdapter.service(CoyoteAdapter.java:344)
	at org.apache.coyote.http11.Http11Processor.service(Http11Processor.java:397)
	at org.apache.coyote.AbstractProcessorLight.process(AbstractProcessorLight.java:63)
	at org.apache.coyote.AbstractProtocol$ConnectionHandler.process(AbstractProtocol.java:905)
	at org.apache.tomcat.util.net.NioEndpoint$SocketProcessor.doRun(NioEndpoint.java:1741)
	at org.apache.tomcat.util.net.SocketProcessorBase.run(SocketProcessorBase.java:52)
	at org.apache.tomcat.util.threads.ThreadPoolExecutor.runWorker(ThreadPoolExecutor.java:1190)
	at org.apache.tomcat.util.threads.ThreadPoolExecutor$Worker.run(ThreadPoolExecutor.java:659)
	at org.apache.tomcat.util.threads.TaskThread$WrappingRunnable.run(TaskThread.java:63)
	at java.base/java.lang.Thread.run(Thread.java:842)
2025-01-08 17:53:06 [http-nio-8080-exec-2] ERROR o.a.c.c.C.[.[.[.[dispatcherServlet] - Servlet.service() for servlet [dispatcherServlet] in context with path [] threw exception [Request processing failed: java.lang.IllegalArgumentException: Name for argument of type [java.lang.String] not specified, and parameter name information not available via reflection. Ensure that the compiler uses the '-parameters' flag.] with root cause
java.lang.IllegalArgumentException: Name for argument of type [java.lang.String] not specified, and parameter name information not available via reflection. Ensure that the compiler uses the '-parameters' flag.
	at org.springframework.web.method.annotation.AbstractNamedValueMethodArgumentResolver.updateNamedValueInfo(AbstractNamedValueMethodArgumentResolver.java:186)
	at org.springframework.web.method.annotation.AbstractNamedValueMethodArgumentResolver.getNamedValueInfo(AbstractNamedValueMethodArgumentResolver.java:161)
	at org.springframework.web.method.annotation.AbstractNamedValueMethodArgumentResolver.resolveArgument(AbstractNamedValueMethodArgumentResolver.java:107)
	at org.springframework.web.method.support.HandlerMethodArgumentResolverComposite.resolveArgument(HandlerMethodArgumentResolverComposite.java:122)
	at org.springframework.web.method.support.InvocableHandlerMethod.getMethodArgumentValues(InvocableHandlerMethod.java:226)
	at org.springframework.web.method.support.InvocableHandlerMethod.invokeForRequest(InvocableHandlerMethod.java:180)
	at org.springframework.web.servlet.mvc.method.annotation.ServletInvocableHandlerMethod.invokeAndHandle(ServletInvocableHandlerMethod.java:118)
	at org.springframework.web.servlet.mvc.method.annotation.RequestMappingHandlerAdapter.invokeHandlerMethod(RequestMappingHandlerAdapter.java:986)
	at org.springframework.web.servlet.mvc.method.annotation.RequestMappingHandlerAdapter.handleInternal(RequestMappingHandlerAdapter.java:891)
	at org.springframework.web.servlet.mvc.method.AbstractHandlerMethodAdapter.handle(AbstractHandlerMethodAdapter.java:87)
	at org.springframework.web.servlet.DispatcherServlet.doDispatch(DispatcherServlet.java:1088)
	at org.springframework.web.servlet.DispatcherServlet.doService(DispatcherServlet.java:978)
	at org.springframework.web.servlet.FrameworkServlet.processRequest(FrameworkServlet.java:1014)
	at org.springframework.web.servlet.FrameworkServlet.doGet(FrameworkServlet.java:903)
	at jakarta.servlet.http.HttpServlet.service(HttpServlet.java:564)
	at org.springframework.web.servlet.FrameworkServlet.service(FrameworkServlet.java:885)
	at jakarta.servlet.http.HttpServlet.service(HttpServlet.java:658)
	at org.apache.catalina.core.ApplicationFilterChain.internalDoFilter(ApplicationFilterChain.java:195)
	at org.apache.catalina.core.ApplicationFilterChain.doFilter(ApplicationFilterChain.java:140)
	at org.apache.tomcat.websocket.server.WsFilter.doFilter(WsFilter.java:51)
	at org.apache.catalina.core.ApplicationFilterChain.internalDoFilter(ApplicationFilterChain.java:164)
	at org.apache.catalina.core.ApplicationFilterChain.doFilter(ApplicationFilterChain.java:140)
	at org.springframework.web.filter.RequestContextFilter.doFilterInternal(RequestContextFilter.java:100)
	at org.springframework.web.filter.OncePerRequestFilter.doFilter(OncePerRequestFilter.java:116)
	at org.apache.catalina.core.ApplicationFilterChain.internalDoFilter(ApplicationFilterChain.java:164)
	at org.apache.catalina.core.ApplicationFilterChain.doFilter(ApplicationFilterChain.java:140)
	at org.springframework.web.filter.FormContentFilter.doFilterInternal(FormContentFilter.java:93)
	at org.springframework.web.filter.OncePerRequestFilter.doFilter(OncePerRequestFilter.java:116)
	at org.apache.catalina.core.ApplicationFilterChain.internalDoFilter(ApplicationFilterChain.java:164)
	at org.apache.catalina.core.ApplicationFilterChain.doFilter(ApplicationFilterChain.java:140)
	at org.springframework.web.filter.CharacterEncodingFilter.doFilterInternal(CharacterEncodingFilter.java:201)
	at org.springframework.web.filter.OncePerRequestFilter.doFilter(OncePerRequestFilter.java:116)
	at org.apache.catalina.core.ApplicationFilterChain.internalDoFilter(ApplicationFilterChain.java:164)
	at org.apache.catalina.core.ApplicationFilterChain.doFilter(ApplicationFilterChain.java:140)
	at org.apache.catalina.core.StandardWrapperValve.invoke(StandardWrapperValve.java:167)
	at org.apache.catalina.core.StandardContextValve.invoke(StandardContextValve.java:90)
	at org.apache.catalina.authenticator.AuthenticatorBase.invoke(AuthenticatorBase.java:483)
	at org.apache.catalina.core.StandardHostValve.invoke(StandardHostValve.java:115)
	at org.apache.catalina.valves.ErrorReportValve.invoke(ErrorReportValve.java:93)
	at org.apache.catalina.core.StandardEngineValve.invoke(StandardEngineValve.java:74)
	at org.apache.catalina.connector.CoyoteAdapter.service(CoyoteAdapter.java:344)
	at org.apache.coyote.http11.Http11Processor.service(Http11Processor.java:397)
	at org.apache.coyote.AbstractProcessorLight.process(AbstractProcessorLight.java:63)
	at org.apache.coyote.AbstractProtocol$ConnectionHandler.process(AbstractProtocol.java:905)
	at org.apache.tomcat.util.net.NioEndpoint$SocketProcessor.doRun(NioEndpoint.java:1741)
	at org.apache.tomcat.util.net.SocketProcessorBase.run(SocketProcessorBase.java:52)
	at org.apache.tomcat.util.threads.ThreadPoolExecutor.runWorker(ThreadPoolExecutor.java:1190)
	at org.apache.tomcat.util.threads.ThreadPoolExecutor$Worker.run(ThreadPoolExecutor.java:659)
	at org.apache.tomcat.util.threads.TaskThread$WrappingRunnable.run(TaskThread.java:63)
	at java.base/java.lang.Thread.run(Thread.java:842)
2025-01-08 17:55:11 [http-nio-8080-exec-4] WARN  o.t.s.p.AbstractStandardFragmentInsertionTagProcessor - [THYMELEAF][http-nio-8080-exec-4][common/layout/layout] Deprecated unwrapped fragment expression "common/fragments/header::header" found in template common/layout/layout, line 31, col 10. Please use the complete syntax of fragment expressions instead ("~{common/fragments/header::header}"). The old, unwrapped syntax for fragment expressions will be removed in future versions of Thymeleaf.
2025-01-08 17:55:12 [http-nio-8080-exec-4] WARN  o.t.s.p.AbstractStandardFragmentInsertionTagProcessor - [THYMELEAF][http-nio-8080-exec-4][common/layout/layout] Deprecated unwrapped fragment expression "common/fragments/footer::footer" found in template common/layout/layout, line 35, col 10. Please use the complete syntax of fragment expressions instead ("~{common/fragments/footer::footer}"). The old, unwrapped syntax for fragment expressions will be removed in future versions of Thymeleaf.
2025-01-08 17:55:12 [http-nio-8080-exec-3] DEBUG org.mybatis.spring.SqlSessionUtils - Creating a new SqlSession
2025-01-08 17:55:12 [http-nio-8080-exec-3] DEBUG org.mybatis.spring.SqlSessionUtils - SqlSession [org.apache.ibatis.session.defaults.DefaultSqlSession@5d9747a6] was not registered for synchronization because synchronization is not active
2025-01-08 17:55:12 [http-nio-8080-exec-3] INFO  com.zaxxer.hikari.HikariDataSource - HikariPool-1 - Starting...
2025-01-08 17:55:12 [http-nio-8080-exec-3] INFO  com.zaxxer.hikari.pool.HikariPool - HikariPool-1 - Added connection com.mysql.cj.jdbc.ConnectionImpl@2c6b9674
2025-01-08 17:55:12 [http-nio-8080-exec-3] INFO  com.zaxxer.hikari.HikariDataSource - HikariPool-1 - Start completed.
2025-01-08 17:55:12 [http-nio-8080-exec-3] DEBUG o.m.s.t.SpringManagedTransaction - JDBC Connection [HikariProxyConnection@1590060015 wrapping com.mysql.cj.jdbc.ConnectionImpl@2c6b9674] will not be managed by Spring
2025-01-08 17:55:12 [http-nio-8080-exec-3] DEBUG c.s.d.m.CommonMapper.selectLnbList - ==>  Preparing: SELECT CT_LNB_IDX AS ctLnbIdx, CT_LNB_ID AS ctLnbId, CT_LNB_NAME AS ctLnbName, CT_LNB_SUB_YN AS ctLnbSubYn, CT_LNB_URL AS ctLnbUrl, CT_LNB_USE_YN AS ctLnbUseYn FROM CT_LNB WHERE CT_LNB_USE_YN = 'Y' ORDER BY CT_LNB_IDX
2025-01-08 17:55:12 [http-nio-8080-exec-3] DEBUG c.s.d.m.CommonMapper.selectLnbList - ==> Parameters: 
2025-01-08 17:55:12 [http-nio-8080-exec-3] DEBUG c.s.d.m.CommonMapper.selectLnbList - <==      Total: 4
2025-01-08 17:55:12 [http-nio-8080-exec-3] DEBUG org.mybatis.spring.SqlSessionUtils - Closing non transactional SqlSession [org.apache.ibatis.session.defaults.DefaultSqlSession@5d9747a6]
2025-01-08 17:55:12 [http-nio-8080-exec-4] DEBUG org.mybatis.spring.SqlSessionUtils - Creating a new SqlSession
2025-01-08 17:55:12 [http-nio-8080-exec-4] DEBUG org.mybatis.spring.SqlSessionUtils - SqlSession [org.apache.ibatis.session.defaults.DefaultSqlSession@52f3ce67] was not registered for synchronization because synchronization is not active
2025-01-08 17:55:12 [http-nio-8080-exec-4] DEBUG o.m.s.t.SpringManagedTransaction - JDBC Connection [HikariProxyConnection@1542464832 wrapping com.mysql.cj.jdbc.ConnectionImpl@2c6b9674] will not be managed by Spring
2025-01-08 17:55:12 [http-nio-8080-exec-4] DEBUG c.s.d.m.CommonMapper.selectLnbList - ==>  Preparing: SELECT CT_LNB_IDX AS ctLnbIdx, CT_LNB_ID AS ctLnbId, CT_LNB_NAME AS ctLnbName, CT_LNB_SUB_YN AS ctLnbSubYn, CT_LNB_URL AS ctLnbUrl, CT_LNB_USE_YN AS ctLnbUseYn FROM CT_LNB WHERE CT_LNB_USE_YN = 'Y' ORDER BY CT_LNB_IDX
2025-01-08 17:55:12 [http-nio-8080-exec-4] DEBUG c.s.d.m.CommonMapper.selectLnbList - ==> Parameters: 
2025-01-08 17:55:12 [http-nio-8080-exec-4] DEBUG c.s.d.m.CommonMapper.selectLnbList - <==      Total: 4
2025-01-08 17:55:12 [http-nio-8080-exec-4] DEBUG org.mybatis.spring.SqlSessionUtils - Closing non transactional SqlSession [org.apache.ibatis.session.defaults.DefaultSqlSession@52f3ce67]
2025-01-08 17:55:12 [http-nio-8080-exec-10] DEBUG org.mybatis.spring.SqlSessionUtils - Creating a new SqlSession
2025-01-08 17:55:12 [http-nio-8080-exec-5] DEBUG org.mybatis.spring.SqlSessionUtils - Creating a new SqlSession
2025-01-08 17:55:12 [http-nio-8080-exec-6] DEBUG org.mybatis.spring.SqlSessionUtils - Creating a new SqlSession
2025-01-08 17:55:12 [http-nio-8080-exec-10] DEBUG org.mybatis.spring.SqlSessionUtils - SqlSession [org.apache.ibatis.session.defaults.DefaultSqlSession@2201e55e] was not registered for synchronization because synchronization is not active
2025-01-08 17:55:12 [http-nio-8080-exec-5] DEBUG org.mybatis.spring.SqlSessionUtils - SqlSession [org.apache.ibatis.session.defaults.DefaultSqlSession@5464d8a7] was not registered for synchronization because synchronization is not active
2025-01-08 17:55:12 [http-nio-8080-exec-6] DEBUG org.mybatis.spring.SqlSessionUtils - SqlSession [org.apache.ibatis.session.defaults.DefaultSqlSession@638850a0] was not registered for synchronization because synchronization is not active
2025-01-08 17:55:12 [http-nio-8080-exec-10] DEBUG o.m.s.t.SpringManagedTransaction - JDBC Connection [HikariProxyConnection@1425813566 wrapping com.mysql.cj.jdbc.ConnectionImpl@2c6b9674] will not be managed by Spring
2025-01-08 17:55:12 [http-nio-8080-exec-10] DEBUG c.s.d.m.C.selectLnbSubList - ==>  Preparing: SELECT CT_LNB_SUB_IDX AS ctLnbSubIdx, CT_LNB_ID AS ctLnbId, CT_LNB_SUB_ID AS ctLnbSubId, CT_LNB_SUB_NAME AS ctLnbSubName, CT_LNB_SUB_URL AS ctLnbSubUrl FROM CT_LNB_SUB WHERE CT_LNB_ID = ? ORDER BY CT_LNB_SUB_IDX
2025-01-08 17:55:12 [http-nio-8080-exec-10] DEBUG c.s.d.m.C.selectLnbSubList - ==> Parameters: CT_LNB_SERVICE(String)
2025-01-08 17:55:12 [http-nio-8080-exec-10] DEBUG c.s.d.m.C.selectLnbSubList - <==      Total: 4
2025-01-08 17:55:12 [http-nio-8080-exec-10] DEBUG org.mybatis.spring.SqlSessionUtils - Closing non transactional SqlSession [org.apache.ibatis.session.defaults.DefaultSqlSession@2201e55e]
2025-01-08 17:55:12 [http-nio-8080-exec-6] DEBUG o.m.s.t.SpringManagedTransaction - JDBC Connection [HikariProxyConnection@427174801 wrapping com.mysql.cj.jdbc.ConnectionImpl@2c6b9674] will not be managed by Spring
2025-01-08 17:55:12 [http-nio-8080-exec-6] DEBUG c.s.d.m.C.selectLnbSubList - ==>  Preparing: SELECT CT_LNB_SUB_IDX AS ctLnbSubIdx, CT_LNB_ID AS ctLnbId, CT_LNB_SUB_ID AS ctLnbSubId, CT_LNB_SUB_NAME AS ctLnbSubName, CT_LNB_SUB_URL AS ctLnbSubUrl FROM CT_LNB_SUB WHERE CT_LNB_ID = ? ORDER BY CT_LNB_SUB_IDX
2025-01-08 17:55:12 [http-nio-8080-exec-6] DEBUG c.s.d.m.C.selectLnbSubList - ==> Parameters: CT_LNB_CONTACT(String)
2025-01-08 17:55:12 [http-nio-8080-exec-6] DEBUG c.s.d.m.C.selectLnbSubList - <==      Total: 2
2025-01-08 17:55:12 [http-nio-8080-exec-6] DEBUG org.mybatis.spring.SqlSessionUtils - Closing non transactional SqlSession [org.apache.ibatis.session.defaults.DefaultSqlSession@638850a0]
2025-01-08 17:55:12 [http-nio-8080-exec-5] DEBUG o.m.s.t.SpringManagedTransaction - JDBC Connection [HikariProxyConnection@2141220864 wrapping com.mysql.cj.jdbc.ConnectionImpl@2c6b9674] will not be managed by Spring
2025-01-08 17:55:12 [http-nio-8080-exec-5] DEBUG c.s.d.m.C.selectLnbSubList - ==>  Preparing: SELECT CT_LNB_SUB_IDX AS ctLnbSubIdx, CT_LNB_ID AS ctLnbId, CT_LNB_SUB_ID AS ctLnbSubId, CT_LNB_SUB_NAME AS ctLnbSubName, CT_LNB_SUB_URL AS ctLnbSubUrl FROM CT_LNB_SUB WHERE CT_LNB_ID = ? ORDER BY CT_LNB_SUB_IDX
2025-01-08 17:55:12 [http-nio-8080-exec-5] DEBUG c.s.d.m.C.selectLnbSubList - ==> Parameters: CT_LNB_INFORMATION(String)
2025-01-08 17:55:12 [http-nio-8080-exec-8] DEBUG org.mybatis.spring.SqlSessionUtils - Creating a new SqlSession
2025-01-08 17:55:12 [http-nio-8080-exec-8] DEBUG org.mybatis.spring.SqlSessionUtils - SqlSession [org.apache.ibatis.session.defaults.DefaultSqlSession@13725b54] was not registered for synchronization because synchronization is not active
2025-01-08 17:55:12 [http-nio-8080-exec-5] DEBUG c.s.d.m.C.selectLnbSubList - <==      Total: 2
2025-01-08 17:55:12 [http-nio-8080-exec-5] DEBUG org.mybatis.spring.SqlSessionUtils - Closing non transactional SqlSession [org.apache.ibatis.session.defaults.DefaultSqlSession@5464d8a7]
2025-01-08 17:55:12 [http-nio-8080-exec-9] DEBUG org.mybatis.spring.SqlSessionUtils - Creating a new SqlSession
2025-01-08 17:55:12 [http-nio-8080-exec-9] DEBUG org.mybatis.spring.SqlSessionUtils - SqlSession [org.apache.ibatis.session.defaults.DefaultSqlSession@5d8bd951] was not registered for synchronization because synchronization is not active
2025-01-08 17:55:12 [http-nio-8080-exec-8] DEBUG o.m.s.t.SpringManagedTransaction - JDBC Connection [HikariProxyConnection@1878370000 wrapping com.mysql.cj.jdbc.ConnectionImpl@2c6b9674] will not be managed by Spring
2025-01-08 17:55:12 [http-nio-8080-exec-8] DEBUG c.s.d.m.C.selectLnbSubList - ==>  Preparing: SELECT CT_LNB_SUB_IDX AS ctLnbSubIdx, CT_LNB_ID AS ctLnbId, CT_LNB_SUB_ID AS ctLnbSubId, CT_LNB_SUB_NAME AS ctLnbSubName, CT_LNB_SUB_URL AS ctLnbSubUrl FROM CT_LNB_SUB WHERE CT_LNB_ID = ? ORDER BY CT_LNB_SUB_IDX
2025-01-08 17:55:12 [http-nio-8080-exec-8] DEBUG c.s.d.m.C.selectLnbSubList - ==> Parameters: CT_LNB_SERVICE(String)
2025-01-08 17:55:12 [http-nio-8080-exec-8] DEBUG c.s.d.m.C.selectLnbSubList - <==      Total: 4
2025-01-08 17:55:12 [http-nio-8080-exec-8] DEBUG org.mybatis.spring.SqlSessionUtils - Closing non transactional SqlSession [org.apache.ibatis.session.defaults.DefaultSqlSession@13725b54]
2025-01-08 17:55:12 [http-nio-8080-exec-7] DEBUG org.mybatis.spring.SqlSessionUtils - Creating a new SqlSession
2025-01-08 17:55:12 [http-nio-8080-exec-9] DEBUG o.m.s.t.SpringManagedTransaction - JDBC Connection [HikariProxyConnection@1929416065 wrapping com.mysql.cj.jdbc.ConnectionImpl@2c6b9674] will not be managed by Spring
2025-01-08 17:55:12 [http-nio-8080-exec-7] DEBUG org.mybatis.spring.SqlSessionUtils - SqlSession [org.apache.ibatis.session.defaults.DefaultSqlSession@3eaf83a0] was not registered for synchronization because synchronization is not active
2025-01-08 17:55:12 [http-nio-8080-exec-9] DEBUG c.s.d.m.C.selectLnbSubList - ==>  Preparing: SELECT CT_LNB_SUB_IDX AS ctLnbSubIdx, CT_LNB_ID AS ctLnbId, CT_LNB_SUB_ID AS ctLnbSubId, CT_LNB_SUB_NAME AS ctLnbSubName, CT_LNB_SUB_URL AS ctLnbSubUrl FROM CT_LNB_SUB WHERE CT_LNB_ID = ? ORDER BY CT_LNB_SUB_IDX
2025-01-08 17:55:12 [http-nio-8080-exec-9] DEBUG c.s.d.m.C.selectLnbSubList - ==> Parameters: CT_LNB_CONTACT(String)
2025-01-08 17:55:12 [http-nio-8080-exec-9] DEBUG c.s.d.m.C.selectLnbSubList - <==      Total: 2
2025-01-08 17:55:12 [http-nio-8080-exec-9] DEBUG org.mybatis.spring.SqlSessionUtils - Closing non transactional SqlSession [org.apache.ibatis.session.defaults.DefaultSqlSession@5d8bd951]
2025-01-08 17:55:12 [http-nio-8080-exec-7] DEBUG o.m.s.t.SpringManagedTransaction - JDBC Connection [HikariProxyConnection@1693384405 wrapping com.mysql.cj.jdbc.ConnectionImpl@2c6b9674] will not be managed by Spring
2025-01-08 17:55:12 [http-nio-8080-exec-7] DEBUG c.s.d.m.C.selectLnbSubList - ==>  Preparing: SELECT CT_LNB_SUB_IDX AS ctLnbSubIdx, CT_LNB_ID AS ctLnbId, CT_LNB_SUB_ID AS ctLnbSubId, CT_LNB_SUB_NAME AS ctLnbSubName, CT_LNB_SUB_URL AS ctLnbSubUrl FROM CT_LNB_SUB WHERE CT_LNB_ID = ? ORDER BY CT_LNB_SUB_IDX
2025-01-08 17:55:12 [http-nio-8080-exec-7] DEBUG c.s.d.m.C.selectLnbSubList - ==> Parameters: CT_LNB_INFORMATION(String)
2025-01-08 17:55:12 [http-nio-8080-exec-7] DEBUG c.s.d.m.C.selectLnbSubList - <==      Total: 2
2025-01-08 17:55:12 [http-nio-8080-exec-7] DEBUG org.mybatis.spring.SqlSessionUtils - Closing non transactional SqlSession [org.apache.ibatis.session.defaults.DefaultSqlSession@3eaf83a0]
2025-01-08 17:56:17 [RMI TCP Connection(12)-127.0.0.1] INFO  o.s.b.a.SpringApplicationAdminMXBeanRegistrar$SpringApplicationAdmin - Application shutdown requested.
2025-01-08 17:56:17 [RMI TCP Connection(12)-127.0.0.1] INFO  o.s.b.w.e.tomcat.GracefulShutdown - Commencing graceful shutdown. Waiting for active requests to complete
2025-01-08 17:56:17 [tomcat-shutdown] INFO  o.a.coyote.http11.Http11NioProtocol - Pausing ProtocolHandler ["http-nio-8080"]
2025-01-08 17:56:17 [tomcat-shutdown] INFO  o.s.b.w.e.tomcat.GracefulShutdown - Graceful shutdown complete
2025-01-08 17:56:17 [RMI TCP Connection(12)-127.0.0.1] INFO  o.a.coyote.http11.Http11NioProtocol - Stopping ProtocolHandler ["http-nio-8080"]
2025-01-08 17:56:17 [RMI TCP Connection(12)-127.0.0.1] INFO  com.zaxxer.hikari.HikariDataSource - HikariPool-1 - Shutdown initiated...
2025-01-08 17:56:17 [RMI TCP Connection(12)-127.0.0.1] INFO  com.zaxxer.hikari.HikariDataSource - HikariPool-1 - Shutdown completed.
2025-01-08 18:00:18 [restartedMain] INFO  c.s.devspring.DevspringApplication - Starting DevspringApplication using Java 17.0.12 with PID 20312 (D:\Spring\sts-4.4\workspace\devspring\bin\main started by aatjx in D:\Spring\sts-4.4\workspace\devspring)
2025-01-08 18:00:18 [restartedMain] INFO  c.s.devspring.DevspringApplication - No active profile set, falling back to 1 default profile: "default"
2025-01-08 18:00:18 [restartedMain] INFO  o.s.b.d.e.DevToolsPropertyDefaultsPostProcessor - Devtools property defaults active! Set 'spring.devtools.add-properties' to 'false' to disable
2025-01-08 18:00:18 [restartedMain] INFO  o.s.b.d.e.DevToolsPropertyDefaultsPostProcessor - For additional web related logging consider setting the 'logging.level.web' property to 'DEBUG'
2025-01-08 18:00:19 [restartedMain] DEBUG o.apache.ibatis.logging.LogFactory - Logging initialized using 'class org.apache.ibatis.logging.slf4j.Slf4jImpl' adapter.
2025-01-08 18:00:19 [restartedMain] DEBUG o.m.s.mapper.ClassPathMapperScanner - Identified candidate component class: file [D:\Spring\sts-4.4\workspace\devspring\bin\main\com\spring\devspring\mapper\BoardMapper.class]
2025-01-08 18:00:19 [restartedMain] DEBUG o.m.s.mapper.ClassPathMapperScanner - Identified candidate component class: file [D:\Spring\sts-4.4\workspace\devspring\bin\main\com\spring\devspring\mapper\CommonMapper.class]
2025-01-08 18:00:19 [restartedMain] DEBUG o.m.s.mapper.ClassPathMapperScanner - Creating MapperFactoryBean with name 'boardMapper' and 'com.spring.devspring.mapper.BoardMapper' mapperInterface
2025-01-08 18:00:19 [restartedMain] DEBUG o.m.s.mapper.ClassPathMapperScanner - Creating MapperFactoryBean with name 'commonMapper' and 'com.spring.devspring.mapper.CommonMapper' mapperInterface
2025-01-08 18:00:19 [restartedMain] INFO  o.s.b.w.e.tomcat.TomcatWebServer - Tomcat initialized with port 8080 (http)
2025-01-08 18:00:19 [restartedMain] INFO  o.a.coyote.http11.Http11NioProtocol - Initializing ProtocolHandler ["http-nio-8080"]
2025-01-08 18:00:19 [restartedMain] INFO  o.a.catalina.core.StandardService - Starting service [Tomcat]
2025-01-08 18:00:19 [restartedMain] INFO  o.a.catalina.core.StandardEngine - Starting Servlet engine: [Apache Tomcat/10.1.34]
2025-01-08 18:00:19 [restartedMain] INFO  o.a.c.c.C.[Tomcat].[localhost].[/] - Initializing Spring embedded WebApplicationContext
2025-01-08 18:00:19 [restartedMain] INFO  o.s.b.w.s.c.ServletWebServerApplicationContext - Root WebApplicationContext: initialization completed in 663 ms
2025-01-08 18:00:19 [restartedMain] DEBUG o.m.spring.SqlSessionFactoryBean - Property 'configuration' or 'configLocation' not specified, using default MyBatis Configuration
2025-01-08 18:00:19 [restartedMain] DEBUG o.m.spring.SqlSessionFactoryBean - Parsed mapper file: 'file [D:\Spring\sts-4.4\workspace\devspring\bin\main\static\mapper\BoardMapper.xml]'
2025-01-08 18:00:19 [restartedMain] DEBUG o.m.spring.SqlSessionFactoryBean - Parsed mapper file: 'file [D:\Spring\sts-4.4\workspace\devspring\bin\main\static\mapper\CommonMapper.xml]'
2025-01-08 18:00:19 [restartedMain] INFO  o.s.b.d.a.OptionalLiveReloadServer - LiveReload server is running on port 35729
2025-01-08 18:00:19 [restartedMain] INFO  o.a.coyote.http11.Http11NioProtocol - Starting ProtocolHandler ["http-nio-8080"]
2025-01-08 18:00:19 [restartedMain] INFO  o.s.b.w.e.tomcat.TomcatWebServer - Tomcat started on port 8080 (http) with context path '/'
2025-01-08 18:00:19 [restartedMain] INFO  c.s.devspring.DevspringApplication - Started DevspringApplication in 1.476 seconds (process running for 1.875)
2025-01-08 18:00:21 [http-nio-8080-exec-1] INFO  o.a.c.c.C.[Tomcat].[localhost].[/] - Initializing Spring DispatcherServlet 'dispatcherServlet'
2025-01-08 18:00:21 [http-nio-8080-exec-1] INFO  o.s.web.servlet.DispatcherServlet - Initializing Servlet 'dispatcherServlet'
2025-01-08 18:00:21 [http-nio-8080-exec-1] INFO  o.s.web.servlet.DispatcherServlet - Completed initialization in 1 ms
2025-01-08 18:00:22 [http-nio-8080-exec-1] WARN  o.t.s.p.AbstractStandardFragmentInsertionTagProcessor - [THYMELEAF][http-nio-8080-exec-1][common/layout/layout] Deprecated unwrapped fragment expression "common/fragments/header::header" found in template common/layout/layout, line 31, col 10. Please use the complete syntax of fragment expressions instead ("~{common/fragments/header::header}"). The old, unwrapped syntax for fragment expressions will be removed in future versions of Thymeleaf.
2025-01-08 18:00:22 [http-nio-8080-exec-1] WARN  o.t.s.p.AbstractStandardFragmentInsertionTagProcessor - [THYMELEAF][http-nio-8080-exec-1][common/layout/layout] Deprecated unwrapped fragment expression "common/fragments/footer::footer" found in template common/layout/layout, line 35, col 10. Please use the complete syntax of fragment expressions instead ("~{common/fragments/footer::footer}"). The old, unwrapped syntax for fragment expressions will be removed in future versions of Thymeleaf.
2025-01-08 18:00:22 [http-nio-8080-exec-10] DEBUG org.mybatis.spring.SqlSessionUtils - Creating a new SqlSession
2025-01-08 18:00:22 [http-nio-8080-exec-10] DEBUG org.mybatis.spring.SqlSessionUtils - SqlSession [org.apache.ibatis.session.defaults.DefaultSqlSession@1a37787d] was not registered for synchronization because synchronization is not active
2025-01-08 18:00:22 [http-nio-8080-exec-10] INFO  com.zaxxer.hikari.HikariDataSource - HikariPool-1 - Starting...
2025-01-08 18:00:22 [http-nio-8080-exec-10] INFO  com.zaxxer.hikari.pool.HikariPool - HikariPool-1 - Added connection com.mysql.cj.jdbc.ConnectionImpl@2782328c
2025-01-08 18:00:22 [http-nio-8080-exec-10] INFO  com.zaxxer.hikari.HikariDataSource - HikariPool-1 - Start completed.
2025-01-08 18:00:22 [http-nio-8080-exec-10] DEBUG o.m.s.t.SpringManagedTransaction - JDBC Connection [HikariProxyConnection@2046724200 wrapping com.mysql.cj.jdbc.ConnectionImpl@2782328c] will not be managed by Spring
2025-01-08 18:00:22 [http-nio-8080-exec-10] DEBUG c.s.d.m.CommonMapper.selectLnbList - ==>  Preparing: SELECT CT_LNB_IDX AS ctLnbIdx, CT_LNB_ID AS ctLnbId, CT_LNB_NAME AS ctLnbName, CT_LNB_SUB_YN AS ctLnbSubYn, CT_LNB_URL AS ctLnbUrl, CT_LNB_USE_YN AS ctLnbUseYn FROM CT_LNB WHERE CT_LNB_USE_YN = 'Y' ORDER BY CT_LNB_IDX
2025-01-08 18:00:22 [http-nio-8080-exec-10] DEBUG c.s.d.m.CommonMapper.selectLnbList - ==> Parameters: 
2025-01-08 18:00:22 [http-nio-8080-exec-10] DEBUG c.s.d.m.CommonMapper.selectLnbList - <==      Total: 4
2025-01-08 18:00:22 [http-nio-8080-exec-10] DEBUG org.mybatis.spring.SqlSessionUtils - Closing non transactional SqlSession [org.apache.ibatis.session.defaults.DefaultSqlSession@1a37787d]
2025-01-08 18:00:22 [http-nio-8080-exec-1] DEBUG org.mybatis.spring.SqlSessionUtils - Creating a new SqlSession
2025-01-08 18:00:22 [http-nio-8080-exec-1] DEBUG org.mybatis.spring.SqlSessionUtils - SqlSession [org.apache.ibatis.session.defaults.DefaultSqlSession@7d584a66] was not registered for synchronization because synchronization is not active
2025-01-08 18:00:22 [http-nio-8080-exec-1] DEBUG o.m.s.t.SpringManagedTransaction - JDBC Connection [HikariProxyConnection@397869925 wrapping com.mysql.cj.jdbc.ConnectionImpl@2782328c] will not be managed by Spring
2025-01-08 18:00:22 [http-nio-8080-exec-1] DEBUG c.s.d.m.CommonMapper.selectLnbList - ==>  Preparing: SELECT CT_LNB_IDX AS ctLnbIdx, CT_LNB_ID AS ctLnbId, CT_LNB_NAME AS ctLnbName, CT_LNB_SUB_YN AS ctLnbSubYn, CT_LNB_URL AS ctLnbUrl, CT_LNB_USE_YN AS ctLnbUseYn FROM CT_LNB WHERE CT_LNB_USE_YN = 'Y' ORDER BY CT_LNB_IDX
2025-01-08 18:00:22 [http-nio-8080-exec-1] DEBUG c.s.d.m.CommonMapper.selectLnbList - ==> Parameters: 
2025-01-08 18:00:22 [http-nio-8080-exec-1] DEBUG c.s.d.m.CommonMapper.selectLnbList - <==      Total: 4
2025-01-08 18:00:22 [http-nio-8080-exec-1] DEBUG org.mybatis.spring.SqlSessionUtils - Closing non transactional SqlSession [org.apache.ibatis.session.defaults.DefaultSqlSession@7d584a66]
2025-01-08 18:00:22 [http-nio-8080-exec-4] DEBUG org.mybatis.spring.SqlSessionUtils - Creating a new SqlSession
2025-01-08 18:00:22 [http-nio-8080-exec-7] DEBUG org.mybatis.spring.SqlSessionUtils - Creating a new SqlSession
2025-01-08 18:00:22 [http-nio-8080-exec-6] DEBUG org.mybatis.spring.SqlSessionUtils - Creating a new SqlSession
2025-01-08 18:00:22 [http-nio-8080-exec-4] DEBUG org.mybatis.spring.SqlSessionUtils - SqlSession [org.apache.ibatis.session.defaults.DefaultSqlSession@30db7675] was not registered for synchronization because synchronization is not active
2025-01-08 18:00:22 [http-nio-8080-exec-7] DEBUG org.mybatis.spring.SqlSessionUtils - SqlSession [org.apache.ibatis.session.defaults.DefaultSqlSession@8262d71] was not registered for synchronization because synchronization is not active
2025-01-08 18:00:22 [http-nio-8080-exec-6] DEBUG org.mybatis.spring.SqlSessionUtils - SqlSession [org.apache.ibatis.session.defaults.DefaultSqlSession@5a53968f] was not registered for synchronization because synchronization is not active
2025-01-08 18:00:22 [http-nio-8080-exec-4] DEBUG o.m.s.t.SpringManagedTransaction - JDBC Connection [HikariProxyConnection@843910528 wrapping com.mysql.cj.jdbc.ConnectionImpl@2782328c] will not be managed by Spring
2025-01-08 18:00:22 [http-nio-8080-exec-4] DEBUG c.s.d.m.C.selectLnbSubList - ==>  Preparing: SELECT CT_LNB_SUB_IDX AS ctLnbSubIdx, CT_LNB_ID AS ctLnbId, CT_LNB_SUB_ID AS ctLnbSubId, CT_LNB_SUB_NAME AS ctLnbSubName, CT_LNB_SUB_URL AS ctLnbSubUrl FROM CT_LNB_SUB WHERE CT_LNB_ID = ? ORDER BY CT_LNB_SUB_IDX
2025-01-08 18:00:22 [http-nio-8080-exec-4] DEBUG c.s.d.m.C.selectLnbSubList - ==> Parameters: CT_LNB_SERVICE(String)
2025-01-08 18:00:22 [http-nio-8080-exec-4] DEBUG c.s.d.m.C.selectLnbSubList - <==      Total: 4
2025-01-08 18:00:22 [http-nio-8080-exec-4] DEBUG org.mybatis.spring.SqlSessionUtils - Closing non transactional SqlSession [org.apache.ibatis.session.defaults.DefaultSqlSession@30db7675]
2025-01-08 18:00:22 [http-nio-8080-exec-7] DEBUG o.m.s.t.SpringManagedTransaction - JDBC Connection [HikariProxyConnection@841460418 wrapping com.mysql.cj.jdbc.ConnectionImpl@2782328c] will not be managed by Spring
2025-01-08 18:00:22 [http-nio-8080-exec-7] DEBUG c.s.d.m.C.selectLnbSubList - ==>  Preparing: SELECT CT_LNB_SUB_IDX AS ctLnbSubIdx, CT_LNB_ID AS ctLnbId, CT_LNB_SUB_ID AS ctLnbSubId, CT_LNB_SUB_NAME AS ctLnbSubName, CT_LNB_SUB_URL AS ctLnbSubUrl FROM CT_LNB_SUB WHERE CT_LNB_ID = ? ORDER BY CT_LNB_SUB_IDX
2025-01-08 18:00:22 [http-nio-8080-exec-7] DEBUG c.s.d.m.C.selectLnbSubList - ==> Parameters: CT_LNB_INFORMATION(String)
2025-01-08 18:00:22 [http-nio-8080-exec-7] DEBUG c.s.d.m.C.selectLnbSubList - <==      Total: 2
2025-01-08 18:00:22 [http-nio-8080-exec-7] DEBUG org.mybatis.spring.SqlSessionUtils - Closing non transactional SqlSession [org.apache.ibatis.session.defaults.DefaultSqlSession@8262d71]
2025-01-08 18:00:22 [http-nio-8080-exec-6] DEBUG o.m.s.t.SpringManagedTransaction - JDBC Connection [HikariProxyConnection@1836543009 wrapping com.mysql.cj.jdbc.ConnectionImpl@2782328c] will not be managed by Spring
2025-01-08 18:00:22 [http-nio-8080-exec-6] DEBUG c.s.d.m.C.selectLnbSubList - ==>  Preparing: SELECT CT_LNB_SUB_IDX AS ctLnbSubIdx, CT_LNB_ID AS ctLnbId, CT_LNB_SUB_ID AS ctLnbSubId, CT_LNB_SUB_NAME AS ctLnbSubName, CT_LNB_SUB_URL AS ctLnbSubUrl FROM CT_LNB_SUB WHERE CT_LNB_ID = ? ORDER BY CT_LNB_SUB_IDX
2025-01-08 18:00:22 [http-nio-8080-exec-6] DEBUG c.s.d.m.C.selectLnbSubList - ==> Parameters: CT_LNB_CONTACT(String)
2025-01-08 18:00:22 [http-nio-8080-exec-3] DEBUG org.mybatis.spring.SqlSessionUtils - Creating a new SqlSession
2025-01-08 18:00:22 [http-nio-8080-exec-3] DEBUG org.mybatis.spring.SqlSessionUtils - SqlSession [org.apache.ibatis.session.defaults.DefaultSqlSession@66b97daf] was not registered for synchronization because synchronization is not active
2025-01-08 18:00:22 [http-nio-8080-exec-6] DEBUG c.s.d.m.C.selectLnbSubList - <==      Total: 2
2025-01-08 18:00:22 [http-nio-8080-exec-6] DEBUG org.mybatis.spring.SqlSessionUtils - Closing non transactional SqlSession [org.apache.ibatis.session.defaults.DefaultSqlSession@5a53968f]
2025-01-08 18:00:22 [http-nio-8080-exec-2] DEBUG org.mybatis.spring.SqlSessionUtils - Creating a new SqlSession
2025-01-08 18:00:22 [http-nio-8080-exec-3] DEBUG o.m.s.t.SpringManagedTransaction - JDBC Connection [HikariProxyConnection@1669473939 wrapping com.mysql.cj.jdbc.ConnectionImpl@2782328c] will not be managed by Spring
2025-01-08 18:00:22 [http-nio-8080-exec-2] DEBUG org.mybatis.spring.SqlSessionUtils - SqlSession [org.apache.ibatis.session.defaults.DefaultSqlSession@3cb58276] was not registered for synchronization because synchronization is not active
2025-01-08 18:00:22 [http-nio-8080-exec-3] DEBUG c.s.d.m.C.selectLnbSubList - ==>  Preparing: SELECT CT_LNB_SUB_IDX AS ctLnbSubIdx, CT_LNB_ID AS ctLnbId, CT_LNB_SUB_ID AS ctLnbSubId, CT_LNB_SUB_NAME AS ctLnbSubName, CT_LNB_SUB_URL AS ctLnbSubUrl FROM CT_LNB_SUB WHERE CT_LNB_ID = ? ORDER BY CT_LNB_SUB_IDX
2025-01-08 18:00:22 [http-nio-8080-exec-3] DEBUG c.s.d.m.C.selectLnbSubList - ==> Parameters: CT_LNB_SERVICE(String)
2025-01-08 18:00:22 [http-nio-8080-exec-3] DEBUG c.s.d.m.C.selectLnbSubList - <==      Total: 4
2025-01-08 18:00:22 [http-nio-8080-exec-3] DEBUG org.mybatis.spring.SqlSessionUtils - Closing non transactional SqlSession [org.apache.ibatis.session.defaults.DefaultSqlSession@66b97daf]
2025-01-08 18:00:22 [http-nio-8080-exec-2] DEBUG o.m.s.t.SpringManagedTransaction - JDBC Connection [HikariProxyConnection@836332467 wrapping com.mysql.cj.jdbc.ConnectionImpl@2782328c] will not be managed by Spring
2025-01-08 18:00:22 [http-nio-8080-exec-5] DEBUG org.mybatis.spring.SqlSessionUtils - Creating a new SqlSession
2025-01-08 18:00:22 [http-nio-8080-exec-2] DEBUG c.s.d.m.C.selectLnbSubList - ==>  Preparing: SELECT CT_LNB_SUB_IDX AS ctLnbSubIdx, CT_LNB_ID AS ctLnbId, CT_LNB_SUB_ID AS ctLnbSubId, CT_LNB_SUB_NAME AS ctLnbSubName, CT_LNB_SUB_URL AS ctLnbSubUrl FROM CT_LNB_SUB WHERE CT_LNB_ID = ? ORDER BY CT_LNB_SUB_IDX
2025-01-08 18:00:22 [http-nio-8080-exec-5] DEBUG org.mybatis.spring.SqlSessionUtils - SqlSession [org.apache.ibatis.session.defaults.DefaultSqlSession@e335712] was not registered for synchronization because synchronization is not active
2025-01-08 18:00:22 [http-nio-8080-exec-2] DEBUG c.s.d.m.C.selectLnbSubList - ==> Parameters: CT_LNB_INFORMATION(String)
2025-01-08 18:00:22 [http-nio-8080-exec-2] DEBUG c.s.d.m.C.selectLnbSubList - <==      Total: 2
2025-01-08 18:00:22 [http-nio-8080-exec-2] DEBUG org.mybatis.spring.SqlSessionUtils - Closing non transactional SqlSession [org.apache.ibatis.session.defaults.DefaultSqlSession@3cb58276]
2025-01-08 18:00:22 [http-nio-8080-exec-5] DEBUG o.m.s.t.SpringManagedTransaction - JDBC Connection [HikariProxyConnection@1508007357 wrapping com.mysql.cj.jdbc.ConnectionImpl@2782328c] will not be managed by Spring
2025-01-08 18:00:22 [http-nio-8080-exec-5] DEBUG c.s.d.m.C.selectLnbSubList - ==>  Preparing: SELECT CT_LNB_SUB_IDX AS ctLnbSubIdx, CT_LNB_ID AS ctLnbId, CT_LNB_SUB_ID AS ctLnbSubId, CT_LNB_SUB_NAME AS ctLnbSubName, CT_LNB_SUB_URL AS ctLnbSubUrl FROM CT_LNB_SUB WHERE CT_LNB_ID = ? ORDER BY CT_LNB_SUB_IDX
2025-01-08 18:00:22 [http-nio-8080-exec-5] DEBUG c.s.d.m.C.selectLnbSubList - ==> Parameters: CT_LNB_CONTACT(String)
2025-01-08 18:00:22 [http-nio-8080-exec-5] DEBUG c.s.d.m.C.selectLnbSubList - <==      Total: 2
2025-01-08 18:00:22 [http-nio-8080-exec-5] DEBUG org.mybatis.spring.SqlSessionUtils - Closing non transactional SqlSession [org.apache.ibatis.session.defaults.DefaultSqlSession@e335712]
2025-01-08 18:00:45 [RMI TCP Connection(6)-127.0.0.1] INFO  o.s.b.a.SpringApplicationAdminMXBeanRegistrar$SpringApplicationAdmin - Application shutdown requested.
2025-01-08 18:00:45 [RMI TCP Connection(6)-127.0.0.1] INFO  o.s.b.w.e.tomcat.GracefulShutdown - Commencing graceful shutdown. Waiting for active requests to complete
2025-01-08 18:00:45 [tomcat-shutdown] INFO  o.a.coyote.http11.Http11NioProtocol - Pausing ProtocolHandler ["http-nio-8080"]
2025-01-08 18:00:45 [tomcat-shutdown] INFO  o.s.b.w.e.tomcat.GracefulShutdown - Graceful shutdown complete
2025-01-08 18:00:45 [RMI TCP Connection(6)-127.0.0.1] INFO  o.a.coyote.http11.Http11NioProtocol - Stopping ProtocolHandler ["http-nio-8080"]
2025-01-08 18:00:45 [RMI TCP Connection(6)-127.0.0.1] INFO  com.zaxxer.hikari.HikariDataSource - HikariPool-1 - Shutdown initiated...
2025-01-08 18:00:45 [RMI TCP Connection(6)-127.0.0.1] INFO  com.zaxxer.hikari.HikariDataSource - HikariPool-1 - Shutdown completed.
2025-01-08 18:00:49 [restartedMain] INFO  c.s.devspring.DevspringApplication - Starting DevspringApplication using Java 17.0.12 with PID 14728 (D:\Spring\sts-4.4\workspace\devspring\bin\main started by aatjx in D:\Spring\sts-4.4\workspace\devspring)
2025-01-08 18:00:49 [restartedMain] INFO  c.s.devspring.DevspringApplication - No active profile set, falling back to 1 default profile: "default"
2025-01-08 18:00:49 [restartedMain] INFO  o.s.b.d.e.DevToolsPropertyDefaultsPostProcessor - Devtools property defaults active! Set 'spring.devtools.add-properties' to 'false' to disable
2025-01-08 18:00:49 [restartedMain] INFO  o.s.b.d.e.DevToolsPropertyDefaultsPostProcessor - For additional web related logging consider setting the 'logging.level.web' property to 'DEBUG'
2025-01-08 18:00:50 [restartedMain] DEBUG o.apache.ibatis.logging.LogFactory - Logging initialized using 'class org.apache.ibatis.logging.slf4j.Slf4jImpl' adapter.
2025-01-08 18:00:50 [restartedMain] DEBUG o.m.s.mapper.ClassPathMapperScanner - Identified candidate component class: file [D:\Spring\sts-4.4\workspace\devspring\bin\main\com\spring\devspring\mapper\BoardMapper.class]
2025-01-08 18:00:50 [restartedMain] DEBUG o.m.s.mapper.ClassPathMapperScanner - Identified candidate component class: file [D:\Spring\sts-4.4\workspace\devspring\bin\main\com\spring\devspring\mapper\CommonMapper.class]
2025-01-08 18:00:50 [restartedMain] DEBUG o.m.s.mapper.ClassPathMapperScanner - Creating MapperFactoryBean with name 'boardMapper' and 'com.spring.devspring.mapper.BoardMapper' mapperInterface
2025-01-08 18:00:50 [restartedMain] DEBUG o.m.s.mapper.ClassPathMapperScanner - Creating MapperFactoryBean with name 'commonMapper' and 'com.spring.devspring.mapper.CommonMapper' mapperInterface
2025-01-08 18:00:50 [restartedMain] INFO  o.s.b.w.e.tomcat.TomcatWebServer - Tomcat initialized with port 8080 (http)
2025-01-08 18:00:50 [restartedMain] INFO  o.a.coyote.http11.Http11NioProtocol - Initializing ProtocolHandler ["http-nio-8080"]
2025-01-08 18:00:50 [restartedMain] INFO  o.a.catalina.core.StandardService - Starting service [Tomcat]
2025-01-08 18:00:50 [restartedMain] INFO  o.a.catalina.core.StandardEngine - Starting Servlet engine: [Apache Tomcat/10.1.34]
2025-01-08 18:00:50 [restartedMain] INFO  o.a.c.c.C.[Tomcat].[localhost].[/] - Initializing Spring embedded WebApplicationContext
2025-01-08 18:00:50 [restartedMain] INFO  o.s.b.w.s.c.ServletWebServerApplicationContext - Root WebApplicationContext: initialization completed in 626 ms
2025-01-08 18:00:50 [restartedMain] DEBUG o.m.spring.SqlSessionFactoryBean - Property 'configuration' or 'configLocation' not specified, using default MyBatis Configuration
2025-01-08 18:00:50 [restartedMain] DEBUG o.m.spring.SqlSessionFactoryBean - Parsed mapper file: 'file [D:\Spring\sts-4.4\workspace\devspring\bin\main\static\mapper\BoardMapper.xml]'
2025-01-08 18:00:50 [restartedMain] DEBUG o.m.spring.SqlSessionFactoryBean - Parsed mapper file: 'file [D:\Spring\sts-4.4\workspace\devspring\bin\main\static\mapper\CommonMapper.xml]'
2025-01-08 18:00:50 [restartedMain] INFO  o.s.b.d.a.OptionalLiveReloadServer - LiveReload server is running on port 35729
2025-01-08 18:00:50 [restartedMain] INFO  o.a.coyote.http11.Http11NioProtocol - Starting ProtocolHandler ["http-nio-8080"]
2025-01-08 18:00:50 [restartedMain] INFO  o.s.b.w.e.tomcat.TomcatWebServer - Tomcat started on port 8080 (http) with context path '/'
2025-01-08 18:00:50 [restartedMain] INFO  c.s.devspring.DevspringApplication - Started DevspringApplication in 1.401 seconds (process running for 1.795)
2025-01-08 18:00:54 [http-nio-8080-exec-1] INFO  o.a.c.c.C.[Tomcat].[localhost].[/] - Initializing Spring DispatcherServlet 'dispatcherServlet'
2025-01-08 18:00:54 [http-nio-8080-exec-1] INFO  o.s.web.servlet.DispatcherServlet - Initializing Servlet 'dispatcherServlet'
2025-01-08 18:00:54 [http-nio-8080-exec-1] INFO  o.s.web.servlet.DispatcherServlet - Completed initialization in 1 ms
2025-01-08 18:00:54 [http-nio-8080-exec-1] WARN  o.t.s.p.AbstractStandardFragmentInsertionTagProcessor - [THYMELEAF][http-nio-8080-exec-1][common/layout/layout] Deprecated unwrapped fragment expression "common/fragments/header::header" found in template common/layout/layout, line 31, col 10. Please use the complete syntax of fragment expressions instead ("~{common/fragments/header::header}"). The old, unwrapped syntax for fragment expressions will be removed in future versions of Thymeleaf.
2025-01-08 18:00:54 [http-nio-8080-exec-1] WARN  o.t.s.p.AbstractStandardFragmentInsertionTagProcessor - [THYMELEAF][http-nio-8080-exec-1][common/layout/layout] Deprecated unwrapped fragment expression "common/fragments/footer::footer" found in template common/layout/layout, line 35, col 10. Please use the complete syntax of fragment expressions instead ("~{common/fragments/footer::footer}"). The old, unwrapped syntax for fragment expressions will be removed in future versions of Thymeleaf.
2025-01-08 18:00:54 [http-nio-8080-exec-10] DEBUG org.mybatis.spring.SqlSessionUtils - Creating a new SqlSession
2025-01-08 18:00:54 [http-nio-8080-exec-10] DEBUG org.mybatis.spring.SqlSessionUtils - SqlSession [org.apache.ibatis.session.defaults.DefaultSqlSession@4994f09e] was not registered for synchronization because synchronization is not active
2025-01-08 18:00:54 [http-nio-8080-exec-10] INFO  com.zaxxer.hikari.HikariDataSource - HikariPool-1 - Starting...
2025-01-08 18:00:54 [http-nio-8080-exec-10] INFO  com.zaxxer.hikari.pool.HikariPool - HikariPool-1 - Added connection com.mysql.cj.jdbc.ConnectionImpl@30e21060
2025-01-08 18:00:54 [http-nio-8080-exec-10] INFO  com.zaxxer.hikari.HikariDataSource - HikariPool-1 - Start completed.
2025-01-08 18:00:54 [http-nio-8080-exec-10] DEBUG o.m.s.t.SpringManagedTransaction - JDBC Connection [HikariProxyConnection@64872172 wrapping com.mysql.cj.jdbc.ConnectionImpl@30e21060] will not be managed by Spring
2025-01-08 18:00:54 [http-nio-8080-exec-10] DEBUG c.s.d.m.CommonMapper.selectLnbList - ==>  Preparing: SELECT CT_LNB_IDX AS ctLnbIdx, CT_LNB_ID AS ctLnbId, CT_LNB_NAME AS ctLnbName, CT_LNB_SUB_YN AS ctLnbSubYn, CT_LNB_URL AS ctLnbUrl, CT_LNB_USE_YN AS ctLnbUseYn FROM CT_LNB WHERE CT_LNB_USE_YN = 'Y' ORDER BY CT_LNB_IDX
2025-01-08 18:00:54 [http-nio-8080-exec-10] DEBUG c.s.d.m.CommonMapper.selectLnbList - ==> Parameters: 
2025-01-08 18:00:54 [http-nio-8080-exec-10] DEBUG c.s.d.m.CommonMapper.selectLnbList - <==      Total: 4
2025-01-08 18:00:54 [http-nio-8080-exec-10] DEBUG org.mybatis.spring.SqlSessionUtils - Closing non transactional SqlSession [org.apache.ibatis.session.defaults.DefaultSqlSession@4994f09e]
2025-01-08 18:00:54 [http-nio-8080-exec-1] DEBUG org.mybatis.spring.SqlSessionUtils - Creating a new SqlSession
2025-01-08 18:00:54 [http-nio-8080-exec-1] DEBUG org.mybatis.spring.SqlSessionUtils - SqlSession [org.apache.ibatis.session.defaults.DefaultSqlSession@218548ae] was not registered for synchronization because synchronization is not active
2025-01-08 18:00:54 [http-nio-8080-exec-1] DEBUG o.m.s.t.SpringManagedTransaction - JDBC Connection [HikariProxyConnection@1974603068 wrapping com.mysql.cj.jdbc.ConnectionImpl@30e21060] will not be managed by Spring
2025-01-08 18:00:54 [http-nio-8080-exec-1] DEBUG c.s.d.m.CommonMapper.selectLnbList - ==>  Preparing: SELECT CT_LNB_IDX AS ctLnbIdx, CT_LNB_ID AS ctLnbId, CT_LNB_NAME AS ctLnbName, CT_LNB_SUB_YN AS ctLnbSubYn, CT_LNB_URL AS ctLnbUrl, CT_LNB_USE_YN AS ctLnbUseYn FROM CT_LNB WHERE CT_LNB_USE_YN = 'Y' ORDER BY CT_LNB_IDX
2025-01-08 18:00:54 [http-nio-8080-exec-1] DEBUG c.s.d.m.CommonMapper.selectLnbList - ==> Parameters: 
2025-01-08 18:00:54 [http-nio-8080-exec-1] DEBUG c.s.d.m.CommonMapper.selectLnbList - <==      Total: 4
2025-01-08 18:00:54 [http-nio-8080-exec-1] DEBUG org.mybatis.spring.SqlSessionUtils - Closing non transactional SqlSession [org.apache.ibatis.session.defaults.DefaultSqlSession@218548ae]
2025-01-08 18:00:54 [http-nio-8080-exec-3] DEBUG org.mybatis.spring.SqlSessionUtils - Creating a new SqlSession
2025-01-08 18:00:54 [http-nio-8080-exec-5] DEBUG org.mybatis.spring.SqlSessionUtils - Creating a new SqlSession
2025-01-08 18:00:54 [http-nio-8080-exec-2] DEBUG org.mybatis.spring.SqlSessionUtils - Creating a new SqlSession
2025-01-08 18:00:54 [http-nio-8080-exec-3] DEBUG org.mybatis.spring.SqlSessionUtils - SqlSession [org.apache.ibatis.session.defaults.DefaultSqlSession@655fed00] was not registered for synchronization because synchronization is not active
2025-01-08 18:00:54 [http-nio-8080-exec-5] DEBUG org.mybatis.spring.SqlSessionUtils - SqlSession [org.apache.ibatis.session.defaults.DefaultSqlSession@a9c9a55] was not registered for synchronization because synchronization is not active
2025-01-08 18:00:54 [http-nio-8080-exec-2] DEBUG org.mybatis.spring.SqlSessionUtils - SqlSession [org.apache.ibatis.session.defaults.DefaultSqlSession@6c391cf0] was not registered for synchronization because synchronization is not active
2025-01-08 18:00:54 [http-nio-8080-exec-5] DEBUG o.m.s.t.SpringManagedTransaction - JDBC Connection [HikariProxyConnection@2026950405 wrapping com.mysql.cj.jdbc.ConnectionImpl@30e21060] will not be managed by Spring
2025-01-08 18:00:54 [http-nio-8080-exec-5] DEBUG c.s.d.m.C.selectLnbSubList - ==>  Preparing: SELECT CT_LNB_SUB_IDX AS ctLnbSubIdx, CT_LNB_ID AS ctLnbId, CT_LNB_SUB_ID AS ctLnbSubId, CT_LNB_SUB_NAME AS ctLnbSubName, CT_LNB_SUB_URL AS ctLnbSubUrl FROM CT_LNB_SUB WHERE CT_LNB_ID = ? ORDER BY CT_LNB_SUB_IDX
2025-01-08 18:00:54 [http-nio-8080-exec-5] DEBUG c.s.d.m.C.selectLnbSubList - ==> Parameters: CT_LNB_SERVICE(String)
2025-01-08 18:00:54 [http-nio-8080-exec-5] DEBUG c.s.d.m.C.selectLnbSubList - <==      Total: 4
2025-01-08 18:00:54 [http-nio-8080-exec-5] DEBUG org.mybatis.spring.SqlSessionUtils - Closing non transactional SqlSession [org.apache.ibatis.session.defaults.DefaultSqlSession@a9c9a55]
2025-01-08 18:00:54 [http-nio-8080-exec-3] DEBUG o.m.s.t.SpringManagedTransaction - JDBC Connection [HikariProxyConnection@1831326139 wrapping com.mysql.cj.jdbc.ConnectionImpl@30e21060] will not be managed by Spring
2025-01-08 18:00:54 [http-nio-8080-exec-3] DEBUG c.s.d.m.C.selectLnbSubList - ==>  Preparing: SELECT CT_LNB_SUB_IDX AS ctLnbSubIdx, CT_LNB_ID AS ctLnbId, CT_LNB_SUB_ID AS ctLnbSubId, CT_LNB_SUB_NAME AS ctLnbSubName, CT_LNB_SUB_URL AS ctLnbSubUrl FROM CT_LNB_SUB WHERE CT_LNB_ID = ? ORDER BY CT_LNB_SUB_IDX
2025-01-08 18:00:54 [http-nio-8080-exec-3] DEBUG c.s.d.m.C.selectLnbSubList - ==> Parameters: CT_LNB_INFORMATION(String)
2025-01-08 18:00:54 [http-nio-8080-exec-3] DEBUG c.s.d.m.C.selectLnbSubList - <==      Total: 2
2025-01-08 18:00:54 [http-nio-8080-exec-3] DEBUG org.mybatis.spring.SqlSessionUtils - Closing non transactional SqlSession [org.apache.ibatis.session.defaults.DefaultSqlSession@655fed00]
2025-01-08 18:00:54 [http-nio-8080-exec-2] DEBUG o.m.s.t.SpringManagedTransaction - JDBC Connection [HikariProxyConnection@1602964750 wrapping com.mysql.cj.jdbc.ConnectionImpl@30e21060] will not be managed by Spring
2025-01-08 18:00:54 [http-nio-8080-exec-2] DEBUG c.s.d.m.C.selectLnbSubList - ==>  Preparing: SELECT CT_LNB_SUB_IDX AS ctLnbSubIdx, CT_LNB_ID AS ctLnbId, CT_LNB_SUB_ID AS ctLnbSubId, CT_LNB_SUB_NAME AS ctLnbSubName, CT_LNB_SUB_URL AS ctLnbSubUrl FROM CT_LNB_SUB WHERE CT_LNB_ID = ? ORDER BY CT_LNB_SUB_IDX
2025-01-08 18:00:54 [http-nio-8080-exec-2] DEBUG c.s.d.m.C.selectLnbSubList - ==> Parameters: CT_LNB_CONTACT(String)
2025-01-08 18:00:54 [http-nio-8080-exec-7] DEBUG org.mybatis.spring.SqlSessionUtils - Creating a new SqlSession
2025-01-08 18:00:54 [http-nio-8080-exec-7] DEBUG org.mybatis.spring.SqlSessionUtils - SqlSession [org.apache.ibatis.session.defaults.DefaultSqlSession@a294a2] was not registered for synchronization because synchronization is not active
2025-01-08 18:00:54 [http-nio-8080-exec-2] DEBUG c.s.d.m.C.selectLnbSubList - <==      Total: 2
2025-01-08 18:00:54 [http-nio-8080-exec-4] DEBUG org.mybatis.spring.SqlSessionUtils - Creating a new SqlSession
2025-01-08 18:00:54 [http-nio-8080-exec-4] DEBUG org.mybatis.spring.SqlSessionUtils - SqlSession [org.apache.ibatis.session.defaults.DefaultSqlSession@5e807cef] was not registered for synchronization because synchronization is not active
2025-01-08 18:00:54 [http-nio-8080-exec-2] DEBUG org.mybatis.spring.SqlSessionUtils - Closing non transactional SqlSession [org.apache.ibatis.session.defaults.DefaultSqlSession@6c391cf0]
2025-01-08 18:00:54 [http-nio-8080-exec-7] DEBUG o.m.s.t.SpringManagedTransaction - JDBC Connection [HikariProxyConnection@1415494561 wrapping com.mysql.cj.jdbc.ConnectionImpl@30e21060] will not be managed by Spring
2025-01-08 18:00:54 [http-nio-8080-exec-7] DEBUG c.s.d.m.C.selectLnbSubList - ==>  Preparing: SELECT CT_LNB_SUB_IDX AS ctLnbSubIdx, CT_LNB_ID AS ctLnbId, CT_LNB_SUB_ID AS ctLnbSubId, CT_LNB_SUB_NAME AS ctLnbSubName, CT_LNB_SUB_URL AS ctLnbSubUrl FROM CT_LNB_SUB WHERE CT_LNB_ID = ? ORDER BY CT_LNB_SUB_IDX
2025-01-08 18:00:54 [http-nio-8080-exec-7] DEBUG c.s.d.m.C.selectLnbSubList - ==> Parameters: CT_LNB_SERVICE(String)
2025-01-08 18:00:54 [http-nio-8080-exec-7] DEBUG c.s.d.m.C.selectLnbSubList - <==      Total: 4
2025-01-08 18:00:54 [http-nio-8080-exec-7] DEBUG org.mybatis.spring.SqlSessionUtils - Closing non transactional SqlSession [org.apache.ibatis.session.defaults.DefaultSqlSession@a294a2]
2025-01-08 18:00:54 [http-nio-8080-exec-4] DEBUG o.m.s.t.SpringManagedTransaction - JDBC Connection [HikariProxyConnection@1300965820 wrapping com.mysql.cj.jdbc.ConnectionImpl@30e21060] will not be managed by Spring
2025-01-08 18:00:54 [http-nio-8080-exec-6] DEBUG org.mybatis.spring.SqlSessionUtils - Creating a new SqlSession
2025-01-08 18:00:54 [http-nio-8080-exec-4] DEBUG c.s.d.m.C.selectLnbSubList - ==>  Preparing: SELECT CT_LNB_SUB_IDX AS ctLnbSubIdx, CT_LNB_ID AS ctLnbId, CT_LNB_SUB_ID AS ctLnbSubId, CT_LNB_SUB_NAME AS ctLnbSubName, CT_LNB_SUB_URL AS ctLnbSubUrl FROM CT_LNB_SUB WHERE CT_LNB_ID = ? ORDER BY CT_LNB_SUB_IDX
2025-01-08 18:00:54 [http-nio-8080-exec-6] DEBUG org.mybatis.spring.SqlSessionUtils - SqlSession [org.apache.ibatis.session.defaults.DefaultSqlSession@6a16ec73] was not registered for synchronization because synchronization is not active
2025-01-08 18:00:54 [http-nio-8080-exec-4] DEBUG c.s.d.m.C.selectLnbSubList - ==> Parameters: CT_LNB_INFORMATION(String)
2025-01-08 18:00:54 [http-nio-8080-exec-4] DEBUG c.s.d.m.C.selectLnbSubList - <==      Total: 2
2025-01-08 18:00:54 [http-nio-8080-exec-4] DEBUG org.mybatis.spring.SqlSessionUtils - Closing non transactional SqlSession [org.apache.ibatis.session.defaults.DefaultSqlSession@5e807cef]
2025-01-08 18:00:54 [http-nio-8080-exec-6] DEBUG o.m.s.t.SpringManagedTransaction - JDBC Connection [HikariProxyConnection@651139496 wrapping com.mysql.cj.jdbc.ConnectionImpl@30e21060] will not be managed by Spring
2025-01-08 18:00:54 [http-nio-8080-exec-6] DEBUG c.s.d.m.C.selectLnbSubList - ==>  Preparing: SELECT CT_LNB_SUB_IDX AS ctLnbSubIdx, CT_LNB_ID AS ctLnbId, CT_LNB_SUB_ID AS ctLnbSubId, CT_LNB_SUB_NAME AS ctLnbSubName, CT_LNB_SUB_URL AS ctLnbSubUrl FROM CT_LNB_SUB WHERE CT_LNB_ID = ? ORDER BY CT_LNB_SUB_IDX
2025-01-08 18:00:54 [http-nio-8080-exec-6] DEBUG c.s.d.m.C.selectLnbSubList - ==> Parameters: CT_LNB_CONTACT(String)
2025-01-08 18:00:54 [http-nio-8080-exec-6] DEBUG c.s.d.m.C.selectLnbSubList - <==      Total: 2
2025-01-08 18:00:54 [http-nio-8080-exec-6] DEBUG org.mybatis.spring.SqlSessionUtils - Closing non transactional SqlSession [org.apache.ibatis.session.defaults.DefaultSqlSession@6a16ec73]
2025-01-08 18:01:01 [http-nio-8080-exec-9] ERROR o.a.c.c.C.[.[.[.[dispatcherServlet] - Servlet.service() for servlet [dispatcherServlet] in context with path [] threw exception [Request processing failed: java.lang.NullPointerException: Cannot invoke "org.springframework.mail.javamail.JavaMailSender.send(org.springframework.mail.SimpleMailMessage)" because "this.mailSender" is null] with root cause
java.lang.NullPointerException: Cannot invoke "org.springframework.mail.javamail.JavaMailSender.send(org.springframework.mail.SimpleMailMessage)" because "this.mailSender" is null
	at com.spring.devspring.controller_service.EmailService.sendSimpleMessage(EmailService.java:23)
	at com.spring.devspring.controller_service.EmailController.sendMail(EmailController.java:21)
	at java.base/jdk.internal.reflect.NativeMethodAccessorImpl.invoke0(Native Method)
	at java.base/jdk.internal.reflect.NativeMethodAccessorImpl.invoke(NativeMethodAccessorImpl.java:77)
	at java.base/jdk.internal.reflect.DelegatingMethodAccessorImpl.invoke(DelegatingMethodAccessorImpl.java:43)
	at java.base/java.lang.reflect.Method.invoke(Method.java:568)
	at org.springframework.web.method.support.InvocableHandlerMethod.doInvoke(InvocableHandlerMethod.java:257)
	at org.springframework.web.method.support.InvocableHandlerMethod.invokeForRequest(InvocableHandlerMethod.java:190)
	at org.springframework.web.servlet.mvc.method.annotation.ServletInvocableHandlerMethod.invokeAndHandle(ServletInvocableHandlerMethod.java:118)
	at org.springframework.web.servlet.mvc.method.annotation.RequestMappingHandlerAdapter.invokeHandlerMethod(RequestMappingHandlerAdapter.java:986)
	at org.springframework.web.servlet.mvc.method.annotation.RequestMappingHandlerAdapter.handleInternal(RequestMappingHandlerAdapter.java:891)
	at org.springframework.web.servlet.mvc.method.AbstractHandlerMethodAdapter.handle(AbstractHandlerMethodAdapter.java:87)
	at org.springframework.web.servlet.DispatcherServlet.doDispatch(DispatcherServlet.java:1088)
	at org.springframework.web.servlet.DispatcherServlet.doService(DispatcherServlet.java:978)
	at org.springframework.web.servlet.FrameworkServlet.processRequest(FrameworkServlet.java:1014)
	at org.springframework.web.servlet.FrameworkServlet.doPost(FrameworkServlet.java:914)
	at jakarta.servlet.http.HttpServlet.service(HttpServlet.java:590)
	at org.springframework.web.servlet.FrameworkServlet.service(FrameworkServlet.java:885)
	at jakarta.servlet.http.HttpServlet.service(HttpServlet.java:658)
	at org.apache.catalina.core.ApplicationFilterChain.internalDoFilter(ApplicationFilterChain.java:195)
	at org.apache.catalina.core.ApplicationFilterChain.doFilter(ApplicationFilterChain.java:140)
	at org.apache.tomcat.websocket.server.WsFilter.doFilter(WsFilter.java:51)
	at org.apache.catalina.core.ApplicationFilterChain.internalDoFilter(ApplicationFilterChain.java:164)
	at org.apache.catalina.core.ApplicationFilterChain.doFilter(ApplicationFilterChain.java:140)
	at org.springframework.web.filter.RequestContextFilter.doFilterInternal(RequestContextFilter.java:100)
	at org.springframework.web.filter.OncePerRequestFilter.doFilter(OncePerRequestFilter.java:116)
	at org.apache.catalina.core.ApplicationFilterChain.internalDoFilter(ApplicationFilterChain.java:164)
	at org.apache.catalina.core.ApplicationFilterChain.doFilter(ApplicationFilterChain.java:140)
	at org.springframework.web.filter.FormContentFilter.doFilterInternal(FormContentFilter.java:93)
	at org.springframework.web.filter.OncePerRequestFilter.doFilter(OncePerRequestFilter.java:116)
	at org.apache.catalina.core.ApplicationFilterChain.internalDoFilter(ApplicationFilterChain.java:164)
	at org.apache.catalina.core.ApplicationFilterChain.doFilter(ApplicationFilterChain.java:140)
	at org.springframework.web.filter.CharacterEncodingFilter.doFilterInternal(CharacterEncodingFilter.java:201)
	at org.springframework.web.filter.OncePerRequestFilter.doFilter(OncePerRequestFilter.java:116)
	at org.apache.catalina.core.ApplicationFilterChain.internalDoFilter(ApplicationFilterChain.java:164)
	at org.apache.catalina.core.ApplicationFilterChain.doFilter(ApplicationFilterChain.java:140)
	at org.apache.catalina.core.StandardWrapperValve.invoke(StandardWrapperValve.java:167)
	at org.apache.catalina.core.StandardContextValve.invoke(StandardContextValve.java:90)
	at org.apache.catalina.authenticator.AuthenticatorBase.invoke(AuthenticatorBase.java:483)
	at org.apache.catalina.core.StandardHostValve.invoke(StandardHostValve.java:115)
	at org.apache.catalina.valves.ErrorReportValve.invoke(ErrorReportValve.java:93)
	at org.apache.catalina.core.StandardEngineValve.invoke(StandardEngineValve.java:74)
	at org.apache.catalina.connector.CoyoteAdapter.service(CoyoteAdapter.java:344)
	at org.apache.coyote.http11.Http11Processor.service(Http11Processor.java:397)
	at org.apache.coyote.AbstractProcessorLight.process(AbstractProcessorLight.java:63)
	at org.apache.coyote.AbstractProtocol$ConnectionHandler.process(AbstractProtocol.java:905)
	at org.apache.tomcat.util.net.NioEndpoint$SocketProcessor.doRun(NioEndpoint.java:1741)
	at org.apache.tomcat.util.net.SocketProcessorBase.run(SocketProcessorBase.java:52)
	at org.apache.tomcat.util.threads.ThreadPoolExecutor.runWorker(ThreadPoolExecutor.java:1190)
	at org.apache.tomcat.util.threads.ThreadPoolExecutor$Worker.run(ThreadPoolExecutor.java:659)
	at org.apache.tomcat.util.threads.TaskThread$WrappingRunnable.run(TaskThread.java:63)
	at java.base/java.lang.Thread.run(Thread.java:842)
2025-01-08 18:01:15 [RMI TCP Connection(8)-127.0.0.1] INFO  o.s.b.a.SpringApplicationAdminMXBeanRegistrar$SpringApplicationAdmin - Application shutdown requested.
2025-01-08 18:01:15 [RMI TCP Connection(8)-127.0.0.1] INFO  o.s.b.w.e.tomcat.GracefulShutdown - Commencing graceful shutdown. Waiting for active requests to complete
2025-01-08 18:01:15 [tomcat-shutdown] INFO  o.a.coyote.http11.Http11NioProtocol - Pausing ProtocolHandler ["http-nio-8080"]
2025-01-08 18:01:15 [tomcat-shutdown] INFO  o.s.b.w.e.tomcat.GracefulShutdown - Graceful shutdown complete
2025-01-08 18:01:15 [RMI TCP Connection(8)-127.0.0.1] INFO  o.a.coyote.http11.Http11NioProtocol - Stopping ProtocolHandler ["http-nio-8080"]
2025-01-08 18:01:15 [RMI TCP Connection(8)-127.0.0.1] INFO  com.zaxxer.hikari.HikariDataSource - HikariPool-1 - Shutdown initiated...
2025-01-08 18:01:15 [RMI TCP Connection(8)-127.0.0.1] INFO  com.zaxxer.hikari.HikariDataSource - HikariPool-1 - Shutdown completed.
2025-01-08 18:02:32 [restartedMain] INFO  c.s.devspring.DevspringApplication - Starting DevspringApplication using Java 17.0.12 with PID 1580 (D:\Spring\sts-4.4\workspace\devspring\bin\main started by aatjx in D:\Spring\sts-4.4\workspace\devspring)
2025-01-08 18:02:32 [restartedMain] INFO  c.s.devspring.DevspringApplication - No active profile set, falling back to 1 default profile: "default"
2025-01-08 18:02:32 [restartedMain] INFO  o.s.b.d.e.DevToolsPropertyDefaultsPostProcessor - Devtools property defaults active! Set 'spring.devtools.add-properties' to 'false' to disable
2025-01-08 18:02:32 [restartedMain] INFO  o.s.b.d.e.DevToolsPropertyDefaultsPostProcessor - For additional web related logging consider setting the 'logging.level.web' property to 'DEBUG'
2025-01-08 18:02:32 [restartedMain] DEBUG o.apache.ibatis.logging.LogFactory - Logging initialized using 'class org.apache.ibatis.logging.slf4j.Slf4jImpl' adapter.
2025-01-08 18:02:32 [restartedMain] DEBUG o.m.s.mapper.ClassPathMapperScanner - Identified candidate component class: file [D:\Spring\sts-4.4\workspace\devspring\bin\main\com\spring\devspring\mapper\BoardMapper.class]
2025-01-08 18:02:32 [restartedMain] DEBUG o.m.s.mapper.ClassPathMapperScanner - Identified candidate component class: file [D:\Spring\sts-4.4\workspace\devspring\bin\main\com\spring\devspring\mapper\CommonMapper.class]
2025-01-08 18:02:32 [restartedMain] DEBUG o.m.s.mapper.ClassPathMapperScanner - Creating MapperFactoryBean with name 'boardMapper' and 'com.spring.devspring.mapper.BoardMapper' mapperInterface
2025-01-08 18:02:32 [restartedMain] DEBUG o.m.s.mapper.ClassPathMapperScanner - Creating MapperFactoryBean with name 'commonMapper' and 'com.spring.devspring.mapper.CommonMapper' mapperInterface
2025-01-08 18:02:32 [restartedMain] INFO  o.s.b.w.e.tomcat.TomcatWebServer - Tomcat initialized with port 8080 (http)
2025-01-08 18:02:32 [restartedMain] INFO  o.a.coyote.http11.Http11NioProtocol - Initializing ProtocolHandler ["http-nio-8080"]
2025-01-08 18:02:32 [restartedMain] INFO  o.a.catalina.core.StandardService - Starting service [Tomcat]
2025-01-08 18:02:32 [restartedMain] INFO  o.a.catalina.core.StandardEngine - Starting Servlet engine: [Apache Tomcat/10.1.34]
2025-01-08 18:02:32 [restartedMain] INFO  o.a.c.c.C.[Tomcat].[localhost].[/] - Initializing Spring embedded WebApplicationContext
2025-01-08 18:02:32 [restartedMain] INFO  o.s.b.w.s.c.ServletWebServerApplicationContext - Root WebApplicationContext: initialization completed in 628 ms
2025-01-08 18:02:32 [restartedMain] DEBUG o.m.spring.SqlSessionFactoryBean - Property 'configuration' or 'configLocation' not specified, using default MyBatis Configuration
2025-01-08 18:02:32 [restartedMain] DEBUG o.m.spring.SqlSessionFactoryBean - Parsed mapper file: 'file [D:\Spring\sts-4.4\workspace\devspring\bin\main\static\mapper\BoardMapper.xml]'
2025-01-08 18:02:32 [restartedMain] DEBUG o.m.spring.SqlSessionFactoryBean - Parsed mapper file: 'file [D:\Spring\sts-4.4\workspace\devspring\bin\main\static\mapper\CommonMapper.xml]'
2025-01-08 18:02:33 [restartedMain] INFO  o.s.b.d.a.OptionalLiveReloadServer - LiveReload server is running on port 35729
2025-01-08 18:02:33 [restartedMain] INFO  o.a.coyote.http11.Http11NioProtocol - Starting ProtocolHandler ["http-nio-8080"]
2025-01-08 18:02:33 [restartedMain] INFO  o.s.b.w.e.tomcat.TomcatWebServer - Tomcat started on port 8080 (http) with context path '/'
2025-01-08 18:02:33 [restartedMain] INFO  c.s.devspring.DevspringApplication - Started DevspringApplication in 1.414 seconds (process running for 1.811)
2025-01-08 18:02:37 [http-nio-8080-exec-1] INFO  o.a.c.c.C.[Tomcat].[localhost].[/] - Initializing Spring DispatcherServlet 'dispatcherServlet'
2025-01-08 18:02:37 [http-nio-8080-exec-1] INFO  o.s.web.servlet.DispatcherServlet - Initializing Servlet 'dispatcherServlet'
2025-01-08 18:02:37 [http-nio-8080-exec-1] INFO  o.s.web.servlet.DispatcherServlet - Completed initialization in 0 ms
2025-01-08 18:02:37 [http-nio-8080-exec-1] WARN  o.t.s.p.AbstractStandardFragmentInsertionTagProcessor - [THYMELEAF][http-nio-8080-exec-1][common/layout/layout] Deprecated unwrapped fragment expression "common/fragments/header::header" found in template common/layout/layout, line 31, col 10. Please use the complete syntax of fragment expressions instead ("~{common/fragments/header::header}"). The old, unwrapped syntax for fragment expressions will be removed in future versions of Thymeleaf.
2025-01-08 18:02:37 [http-nio-8080-exec-1] WARN  o.t.s.p.AbstractStandardFragmentInsertionTagProcessor - [THYMELEAF][http-nio-8080-exec-1][common/layout/layout] Deprecated unwrapped fragment expression "common/fragments/footer::footer" found in template common/layout/layout, line 35, col 10. Please use the complete syntax of fragment expressions instead ("~{common/fragments/footer::footer}"). The old, unwrapped syntax for fragment expressions will be removed in future versions of Thymeleaf.
2025-01-08 18:02:37 [http-nio-8080-exec-10] DEBUG org.mybatis.spring.SqlSessionUtils - Creating a new SqlSession
2025-01-08 18:02:37 [http-nio-8080-exec-10] DEBUG org.mybatis.spring.SqlSessionUtils - SqlSession [org.apache.ibatis.session.defaults.DefaultSqlSession@4994f09e] was not registered for synchronization because synchronization is not active
2025-01-08 18:02:37 [http-nio-8080-exec-10] INFO  com.zaxxer.hikari.HikariDataSource - HikariPool-1 - Starting...
2025-01-08 18:02:37 [http-nio-8080-exec-10] INFO  com.zaxxer.hikari.pool.HikariPool - HikariPool-1 - Added connection com.mysql.cj.jdbc.ConnectionImpl@30e21060
2025-01-08 18:02:37 [http-nio-8080-exec-10] INFO  com.zaxxer.hikari.HikariDataSource - HikariPool-1 - Start completed.
2025-01-08 18:02:37 [http-nio-8080-exec-10] DEBUG o.m.s.t.SpringManagedTransaction - JDBC Connection [HikariProxyConnection@64872172 wrapping com.mysql.cj.jdbc.ConnectionImpl@30e21060] will not be managed by Spring
2025-01-08 18:02:37 [http-nio-8080-exec-10] DEBUG c.s.d.m.CommonMapper.selectLnbList - ==>  Preparing: SELECT CT_LNB_IDX AS ctLnbIdx, CT_LNB_ID AS ctLnbId, CT_LNB_NAME AS ctLnbName, CT_LNB_SUB_YN AS ctLnbSubYn, CT_LNB_URL AS ctLnbUrl, CT_LNB_USE_YN AS ctLnbUseYn FROM CT_LNB WHERE CT_LNB_USE_YN = 'Y' ORDER BY CT_LNB_IDX
2025-01-08 18:02:37 [http-nio-8080-exec-10] DEBUG c.s.d.m.CommonMapper.selectLnbList - ==> Parameters: 
2025-01-08 18:02:37 [http-nio-8080-exec-10] DEBUG c.s.d.m.CommonMapper.selectLnbList - <==      Total: 4
2025-01-08 18:02:37 [http-nio-8080-exec-10] DEBUG org.mybatis.spring.SqlSessionUtils - Closing non transactional SqlSession [org.apache.ibatis.session.defaults.DefaultSqlSession@4994f09e]
2025-01-08 18:02:37 [http-nio-8080-exec-1] DEBUG org.mybatis.spring.SqlSessionUtils - Creating a new SqlSession
2025-01-08 18:02:37 [http-nio-8080-exec-1] DEBUG org.mybatis.spring.SqlSessionUtils - SqlSession [org.apache.ibatis.session.defaults.DefaultSqlSession@218548ae] was not registered for synchronization because synchronization is not active
2025-01-08 18:02:37 [http-nio-8080-exec-1] DEBUG o.m.s.t.SpringManagedTransaction - JDBC Connection [HikariProxyConnection@1974603068 wrapping com.mysql.cj.jdbc.ConnectionImpl@30e21060] will not be managed by Spring
2025-01-08 18:02:37 [http-nio-8080-exec-1] DEBUG c.s.d.m.CommonMapper.selectLnbList - ==>  Preparing: SELECT CT_LNB_IDX AS ctLnbIdx, CT_LNB_ID AS ctLnbId, CT_LNB_NAME AS ctLnbName, CT_LNB_SUB_YN AS ctLnbSubYn, CT_LNB_URL AS ctLnbUrl, CT_LNB_USE_YN AS ctLnbUseYn FROM CT_LNB WHERE CT_LNB_USE_YN = 'Y' ORDER BY CT_LNB_IDX
2025-01-08 18:02:37 [http-nio-8080-exec-1] DEBUG c.s.d.m.CommonMapper.selectLnbList - ==> Parameters: 
2025-01-08 18:02:37 [http-nio-8080-exec-1] DEBUG c.s.d.m.CommonMapper.selectLnbList - <==      Total: 4
2025-01-08 18:02:37 [http-nio-8080-exec-1] DEBUG org.mybatis.spring.SqlSessionUtils - Closing non transactional SqlSession [org.apache.ibatis.session.defaults.DefaultSqlSession@218548ae]
2025-01-08 18:02:37 [http-nio-8080-exec-4] DEBUG org.mybatis.spring.SqlSessionUtils - Creating a new SqlSession
2025-01-08 18:02:37 [http-nio-8080-exec-2] DEBUG org.mybatis.spring.SqlSessionUtils - Creating a new SqlSession
2025-01-08 18:02:37 [http-nio-8080-exec-5] DEBUG org.mybatis.spring.SqlSessionUtils - Creating a new SqlSession
2025-01-08 18:02:37 [http-nio-8080-exec-4] DEBUG org.mybatis.spring.SqlSessionUtils - SqlSession [org.apache.ibatis.session.defaults.DefaultSqlSession@568fede] was not registered for synchronization because synchronization is not active
2025-01-08 18:02:37 [http-nio-8080-exec-2] DEBUG org.mybatis.spring.SqlSessionUtils - SqlSession [org.apache.ibatis.session.defaults.DefaultSqlSession@726c9838] was not registered for synchronization because synchronization is not active
2025-01-08 18:02:37 [http-nio-8080-exec-5] DEBUG org.mybatis.spring.SqlSessionUtils - SqlSession [org.apache.ibatis.session.defaults.DefaultSqlSession@3b4931ec] was not registered for synchronization because synchronization is not active
2025-01-08 18:02:37 [http-nio-8080-exec-4] DEBUG o.m.s.t.SpringManagedTransaction - JDBC Connection [HikariProxyConnection@166728932 wrapping com.mysql.cj.jdbc.ConnectionImpl@30e21060] will not be managed by Spring
2025-01-08 18:02:37 [http-nio-8080-exec-4] DEBUG c.s.d.m.C.selectLnbSubList - ==>  Preparing: SELECT CT_LNB_SUB_IDX AS ctLnbSubIdx, CT_LNB_ID AS ctLnbId, CT_LNB_SUB_ID AS ctLnbSubId, CT_LNB_SUB_NAME AS ctLnbSubName, CT_LNB_SUB_URL AS ctLnbSubUrl FROM CT_LNB_SUB WHERE CT_LNB_ID = ? ORDER BY CT_LNB_SUB_IDX
2025-01-08 18:02:37 [http-nio-8080-exec-4] DEBUG c.s.d.m.C.selectLnbSubList - ==> Parameters: CT_LNB_INFORMATION(String)
2025-01-08 18:02:37 [http-nio-8080-exec-4] DEBUG c.s.d.m.C.selectLnbSubList - <==      Total: 2
2025-01-08 18:02:37 [http-nio-8080-exec-4] DEBUG org.mybatis.spring.SqlSessionUtils - Closing non transactional SqlSession [org.apache.ibatis.session.defaults.DefaultSqlSession@568fede]
2025-01-08 18:02:37 [http-nio-8080-exec-5] DEBUG o.m.s.t.SpringManagedTransaction - JDBC Connection [HikariProxyConnection@2002548852 wrapping com.mysql.cj.jdbc.ConnectionImpl@30e21060] will not be managed by Spring
2025-01-08 18:02:37 [http-nio-8080-exec-5] DEBUG c.s.d.m.C.selectLnbSubList - ==>  Preparing: SELECT CT_LNB_SUB_IDX AS ctLnbSubIdx, CT_LNB_ID AS ctLnbId, CT_LNB_SUB_ID AS ctLnbSubId, CT_LNB_SUB_NAME AS ctLnbSubName, CT_LNB_SUB_URL AS ctLnbSubUrl FROM CT_LNB_SUB WHERE CT_LNB_ID = ? ORDER BY CT_LNB_SUB_IDX
2025-01-08 18:02:37 [http-nio-8080-exec-5] DEBUG c.s.d.m.C.selectLnbSubList - ==> Parameters: CT_LNB_SERVICE(String)
2025-01-08 18:02:37 [http-nio-8080-exec-5] DEBUG c.s.d.m.C.selectLnbSubList - <==      Total: 4
2025-01-08 18:02:37 [http-nio-8080-exec-5] DEBUG org.mybatis.spring.SqlSessionUtils - Closing non transactional SqlSession [org.apache.ibatis.session.defaults.DefaultSqlSession@3b4931ec]
2025-01-08 18:02:37 [http-nio-8080-exec-2] DEBUG o.m.s.t.SpringManagedTransaction - JDBC Connection [HikariProxyConnection@1772387112 wrapping com.mysql.cj.jdbc.ConnectionImpl@30e21060] will not be managed by Spring
2025-01-08 18:02:37 [http-nio-8080-exec-2] DEBUG c.s.d.m.C.selectLnbSubList - ==>  Preparing: SELECT CT_LNB_SUB_IDX AS ctLnbSubIdx, CT_LNB_ID AS ctLnbId, CT_LNB_SUB_ID AS ctLnbSubId, CT_LNB_SUB_NAME AS ctLnbSubName, CT_LNB_SUB_URL AS ctLnbSubUrl FROM CT_LNB_SUB WHERE CT_LNB_ID = ? ORDER BY CT_LNB_SUB_IDX
2025-01-08 18:02:37 [http-nio-8080-exec-2] DEBUG c.s.d.m.C.selectLnbSubList - ==> Parameters: CT_LNB_CONTACT(String)
2025-01-08 18:02:37 [http-nio-8080-exec-7] DEBUG org.mybatis.spring.SqlSessionUtils - Creating a new SqlSession
2025-01-08 18:02:37 [http-nio-8080-exec-7] DEBUG org.mybatis.spring.SqlSessionUtils - SqlSession [org.apache.ibatis.session.defaults.DefaultSqlSession@63b65757] was not registered for synchronization because synchronization is not active
2025-01-08 18:02:37 [http-nio-8080-exec-2] DEBUG c.s.d.m.C.selectLnbSubList - <==      Total: 2
2025-01-08 18:02:37 [http-nio-8080-exec-2] DEBUG org.mybatis.spring.SqlSessionUtils - Closing non transactional SqlSession [org.apache.ibatis.session.defaults.DefaultSqlSession@726c9838]
2025-01-08 18:02:37 [http-nio-8080-exec-3] DEBUG org.mybatis.spring.SqlSessionUtils - Creating a new SqlSession
2025-01-08 18:02:37 [http-nio-8080-exec-7] DEBUG o.m.s.t.SpringManagedTransaction - JDBC Connection [HikariProxyConnection@29722647 wrapping com.mysql.cj.jdbc.ConnectionImpl@30e21060] will not be managed by Spring
2025-01-08 18:02:37 [http-nio-8080-exec-3] DEBUG org.mybatis.spring.SqlSessionUtils - SqlSession [org.apache.ibatis.session.defaults.DefaultSqlSession@1c5e11fa] was not registered for synchronization because synchronization is not active
2025-01-08 18:02:37 [http-nio-8080-exec-7] DEBUG c.s.d.m.C.selectLnbSubList - ==>  Preparing: SELECT CT_LNB_SUB_IDX AS ctLnbSubIdx, CT_LNB_ID AS ctLnbId, CT_LNB_SUB_ID AS ctLnbSubId, CT_LNB_SUB_NAME AS ctLnbSubName, CT_LNB_SUB_URL AS ctLnbSubUrl FROM CT_LNB_SUB WHERE CT_LNB_ID = ? ORDER BY CT_LNB_SUB_IDX
2025-01-08 18:02:37 [http-nio-8080-exec-7] DEBUG c.s.d.m.C.selectLnbSubList - ==> Parameters: CT_LNB_INFORMATION(String)
2025-01-08 18:02:37 [http-nio-8080-exec-7] DEBUG c.s.d.m.C.selectLnbSubList - <==      Total: 2
2025-01-08 18:02:37 [http-nio-8080-exec-7] DEBUG org.mybatis.spring.SqlSessionUtils - Closing non transactional SqlSession [org.apache.ibatis.session.defaults.DefaultSqlSession@63b65757]
2025-01-08 18:02:37 [http-nio-8080-exec-3] DEBUG o.m.s.t.SpringManagedTransaction - JDBC Connection [HikariProxyConnection@1304850171 wrapping com.mysql.cj.jdbc.ConnectionImpl@30e21060] will not be managed by Spring
2025-01-08 18:02:37 [http-nio-8080-exec-3] DEBUG c.s.d.m.C.selectLnbSubList - ==>  Preparing: SELECT CT_LNB_SUB_IDX AS ctLnbSubIdx, CT_LNB_ID AS ctLnbId, CT_LNB_SUB_ID AS ctLnbSubId, CT_LNB_SUB_NAME AS ctLnbSubName, CT_LNB_SUB_URL AS ctLnbSubUrl FROM CT_LNB_SUB WHERE CT_LNB_ID = ? ORDER BY CT_LNB_SUB_IDX
2025-01-08 18:02:37 [http-nio-8080-exec-6] DEBUG org.mybatis.spring.SqlSessionUtils - Creating a new SqlSession
2025-01-08 18:02:37 [http-nio-8080-exec-6] DEBUG org.mybatis.spring.SqlSessionUtils - SqlSession [org.apache.ibatis.session.defaults.DefaultSqlSession@2165532b] was not registered for synchronization because synchronization is not active
2025-01-08 18:02:37 [http-nio-8080-exec-3] DEBUG c.s.d.m.C.selectLnbSubList - ==> Parameters: CT_LNB_SERVICE(String)
2025-01-08 18:02:37 [http-nio-8080-exec-3] DEBUG c.s.d.m.C.selectLnbSubList - <==      Total: 4
2025-01-08 18:02:37 [http-nio-8080-exec-3] DEBUG org.mybatis.spring.SqlSessionUtils - Closing non transactional SqlSession [org.apache.ibatis.session.defaults.DefaultSqlSession@1c5e11fa]
2025-01-08 18:02:37 [http-nio-8080-exec-6] DEBUG o.m.s.t.SpringManagedTransaction - JDBC Connection [HikariProxyConnection@1459531267 wrapping com.mysql.cj.jdbc.ConnectionImpl@30e21060] will not be managed by Spring
2025-01-08 18:02:37 [http-nio-8080-exec-6] DEBUG c.s.d.m.C.selectLnbSubList - ==>  Preparing: SELECT CT_LNB_SUB_IDX AS ctLnbSubIdx, CT_LNB_ID AS ctLnbId, CT_LNB_SUB_ID AS ctLnbSubId, CT_LNB_SUB_NAME AS ctLnbSubName, CT_LNB_SUB_URL AS ctLnbSubUrl FROM CT_LNB_SUB WHERE CT_LNB_ID = ? ORDER BY CT_LNB_SUB_IDX
2025-01-08 18:02:37 [http-nio-8080-exec-6] DEBUG c.s.d.m.C.selectLnbSubList - ==> Parameters: CT_LNB_CONTACT(String)
2025-01-08 18:02:37 [http-nio-8080-exec-6] DEBUG c.s.d.m.C.selectLnbSubList - <==      Total: 2
2025-01-08 18:02:37 [http-nio-8080-exec-6] DEBUG org.mybatis.spring.SqlSessionUtils - Closing non transactional SqlSession [org.apache.ibatis.session.defaults.DefaultSqlSession@2165532b]
2025-01-08 18:02:43 [http-nio-8080-exec-9] ERROR o.a.c.c.C.[.[.[.[dispatcherServlet] - Servlet.service() for servlet [dispatcherServlet] in context with path [] threw exception [Request processing failed: java.lang.NullPointerException: Cannot invoke "org.springframework.mail.javamail.JavaMailSender.send(org.springframework.mail.SimpleMailMessage)" because "this.mailSender" is null] with root cause
java.lang.NullPointerException: Cannot invoke "org.springframework.mail.javamail.JavaMailSender.send(org.springframework.mail.SimpleMailMessage)" because "this.mailSender" is null
	at com.spring.devspring.controller_service.EmailService.sendSimpleMessage(EmailService.java:23)
	at com.spring.devspring.controller_service.EmailController.sendMail(EmailController.java:21)
	at java.base/jdk.internal.reflect.NativeMethodAccessorImpl.invoke0(Native Method)
	at java.base/jdk.internal.reflect.NativeMethodAccessorImpl.invoke(NativeMethodAccessorImpl.java:77)
	at java.base/jdk.internal.reflect.DelegatingMethodAccessorImpl.invoke(DelegatingMethodAccessorImpl.java:43)
	at java.base/java.lang.reflect.Method.invoke(Method.java:568)
	at org.springframework.web.method.support.InvocableHandlerMethod.doInvoke(InvocableHandlerMethod.java:257)
	at org.springframework.web.method.support.InvocableHandlerMethod.invokeForRequest(InvocableHandlerMethod.java:190)
	at org.springframework.web.servlet.mvc.method.annotation.ServletInvocableHandlerMethod.invokeAndHandle(ServletInvocableHandlerMethod.java:118)
	at org.springframework.web.servlet.mvc.method.annotation.RequestMappingHandlerAdapter.invokeHandlerMethod(RequestMappingHandlerAdapter.java:986)
	at org.springframework.web.servlet.mvc.method.annotation.RequestMappingHandlerAdapter.handleInternal(RequestMappingHandlerAdapter.java:891)
	at org.springframework.web.servlet.mvc.method.AbstractHandlerMethodAdapter.handle(AbstractHandlerMethodAdapter.java:87)
	at org.springframework.web.servlet.DispatcherServlet.doDispatch(DispatcherServlet.java:1088)
	at org.springframework.web.servlet.DispatcherServlet.doService(DispatcherServlet.java:978)
	at org.springframework.web.servlet.FrameworkServlet.processRequest(FrameworkServlet.java:1014)
	at org.springframework.web.servlet.FrameworkServlet.doPost(FrameworkServlet.java:914)
	at jakarta.servlet.http.HttpServlet.service(HttpServlet.java:590)
	at org.springframework.web.servlet.FrameworkServlet.service(FrameworkServlet.java:885)
	at jakarta.servlet.http.HttpServlet.service(HttpServlet.java:658)
	at org.apache.catalina.core.ApplicationFilterChain.internalDoFilter(ApplicationFilterChain.java:195)
	at org.apache.catalina.core.ApplicationFilterChain.doFilter(ApplicationFilterChain.java:140)
	at org.apache.tomcat.websocket.server.WsFilter.doFilter(WsFilter.java:51)
	at org.apache.catalina.core.ApplicationFilterChain.internalDoFilter(ApplicationFilterChain.java:164)
	at org.apache.catalina.core.ApplicationFilterChain.doFilter(ApplicationFilterChain.java:140)
	at org.springframework.web.filter.RequestContextFilter.doFilterInternal(RequestContextFilter.java:100)
	at org.springframework.web.filter.OncePerRequestFilter.doFilter(OncePerRequestFilter.java:116)
	at org.apache.catalina.core.ApplicationFilterChain.internalDoFilter(ApplicationFilterChain.java:164)
	at org.apache.catalina.core.ApplicationFilterChain.doFilter(ApplicationFilterChain.java:140)
	at org.springframework.web.filter.FormContentFilter.doFilterInternal(FormContentFilter.java:93)
	at org.springframework.web.filter.OncePerRequestFilter.doFilter(OncePerRequestFilter.java:116)
	at org.apache.catalina.core.ApplicationFilterChain.internalDoFilter(ApplicationFilterChain.java:164)
	at org.apache.catalina.core.ApplicationFilterChain.doFilter(ApplicationFilterChain.java:140)
	at org.springframework.web.filter.CharacterEncodingFilter.doFilterInternal(CharacterEncodingFilter.java:201)
	at org.springframework.web.filter.OncePerRequestFilter.doFilter(OncePerRequestFilter.java:116)
	at org.apache.catalina.core.ApplicationFilterChain.internalDoFilter(ApplicationFilterChain.java:164)
	at org.apache.catalina.core.ApplicationFilterChain.doFilter(ApplicationFilterChain.java:140)
	at org.apache.catalina.core.StandardWrapperValve.invoke(StandardWrapperValve.java:167)
	at org.apache.catalina.core.StandardContextValve.invoke(StandardContextValve.java:90)
	at org.apache.catalina.authenticator.AuthenticatorBase.invoke(AuthenticatorBase.java:483)
	at org.apache.catalina.core.StandardHostValve.invoke(StandardHostValve.java:115)
	at org.apache.catalina.valves.ErrorReportValve.invoke(ErrorReportValve.java:93)
	at org.apache.catalina.core.StandardEngineValve.invoke(StandardEngineValve.java:74)
	at org.apache.catalina.connector.CoyoteAdapter.service(CoyoteAdapter.java:344)
	at org.apache.coyote.http11.Http11Processor.service(Http11Processor.java:397)
	at org.apache.coyote.AbstractProcessorLight.process(AbstractProcessorLight.java:63)
	at org.apache.coyote.AbstractProtocol$ConnectionHandler.process(AbstractProtocol.java:905)
	at org.apache.tomcat.util.net.NioEndpoint$SocketProcessor.doRun(NioEndpoint.java:1741)
	at org.apache.tomcat.util.net.SocketProcessorBase.run(SocketProcessorBase.java:52)
	at org.apache.tomcat.util.threads.ThreadPoolExecutor.runWorker(ThreadPoolExecutor.java:1190)
	at org.apache.tomcat.util.threads.ThreadPoolExecutor$Worker.run(ThreadPoolExecutor.java:659)
	at org.apache.tomcat.util.threads.TaskThread$WrappingRunnable.run(TaskThread.java:63)
	at java.base/java.lang.Thread.run(Thread.java:842)
2025-01-08 18:03:38 [File Watcher] INFO  o.s.b.d.a.LocalDevToolsAutoConfiguration$RestartingClassPathChangeChangedEventListener - Restarting due to 1 class path change (0 additions, 0 deletions, 1 modification)
2025-01-08 18:03:38 [Thread-5] INFO  o.s.b.w.e.tomcat.GracefulShutdown - Commencing graceful shutdown. Waiting for active requests to complete
2025-01-08 18:03:38 [tomcat-shutdown] INFO  o.a.coyote.http11.Http11NioProtocol - Pausing ProtocolHandler ["http-nio-8080"]
2025-01-08 18:03:39 [tomcat-shutdown] INFO  o.s.b.w.e.tomcat.GracefulShutdown - Graceful shutdown complete
2025-01-08 18:03:39 [Thread-5] INFO  o.a.coyote.http11.Http11NioProtocol - Stopping ProtocolHandler ["http-nio-8080"]
2025-01-08 18:03:39 [Thread-5] INFO  com.zaxxer.hikari.HikariDataSource - HikariPool-1 - Shutdown initiated...
2025-01-08 18:03:39 [Thread-5] INFO  com.zaxxer.hikari.HikariDataSource - HikariPool-1 - Shutdown completed.
2025-01-08 18:03:39 [restartedMain] INFO  c.s.devspring.DevspringApplication - Starting DevspringApplication using Java 17.0.12 with PID 1580 (D:\Spring\sts-4.4\workspace\devspring\bin\main started by aatjx in D:\Spring\sts-4.4\workspace\devspring)
2025-01-08 18:03:39 [restartedMain] INFO  c.s.devspring.DevspringApplication - No active profile set, falling back to 1 default profile: "default"
2025-01-08 18:03:39 [restartedMain] DEBUG o.m.s.mapper.ClassPathMapperScanner - Identified candidate component class: file [D:\Spring\sts-4.4\workspace\devspring\bin\main\com\spring\devspring\mapper\BoardMapper.class]
2025-01-08 18:03:39 [restartedMain] DEBUG o.m.s.mapper.ClassPathMapperScanner - Identified candidate component class: file [D:\Spring\sts-4.4\workspace\devspring\bin\main\com\spring\devspring\mapper\CommonMapper.class]
2025-01-08 18:03:39 [restartedMain] DEBUG o.m.s.mapper.ClassPathMapperScanner - Creating MapperFactoryBean with name 'boardMapper' and 'com.spring.devspring.mapper.BoardMapper' mapperInterface
2025-01-08 18:03:39 [restartedMain] DEBUG o.m.s.mapper.ClassPathMapperScanner - Creating MapperFactoryBean with name 'commonMapper' and 'com.spring.devspring.mapper.CommonMapper' mapperInterface
2025-01-08 18:03:39 [restartedMain] INFO  o.s.b.w.e.tomcat.TomcatWebServer - Tomcat initialized with port 8080 (http)
2025-01-08 18:03:39 [restartedMain] INFO  o.a.coyote.http11.Http11NioProtocol - Initializing ProtocolHandler ["http-nio-8080"]
2025-01-08 18:03:39 [restartedMain] INFO  o.a.catalina.core.StandardService - Starting service [Tomcat]
2025-01-08 18:03:39 [restartedMain] INFO  o.a.catalina.core.StandardEngine - Starting Servlet engine: [Apache Tomcat/10.1.34]
2025-01-08 18:03:39 [restartedMain] INFO  o.a.c.c.C.[Tomcat].[localhost].[/] - Initializing Spring embedded WebApplicationContext
2025-01-08 18:03:39 [restartedMain] INFO  o.s.b.w.s.c.ServletWebServerApplicationContext - Root WebApplicationContext: initialization completed in 169 ms
2025-01-08 18:03:39 [restartedMain] DEBUG o.m.spring.SqlSessionFactoryBean - Property 'configuration' or 'configLocation' not specified, using default MyBatis Configuration
2025-01-08 18:03:39 [restartedMain] DEBUG o.m.spring.SqlSessionFactoryBean - Parsed mapper file: 'file [D:\Spring\sts-4.4\workspace\devspring\bin\main\static\mapper\BoardMapper.xml]'
2025-01-08 18:03:39 [restartedMain] DEBUG o.m.spring.SqlSessionFactoryBean - Parsed mapper file: 'file [D:\Spring\sts-4.4\workspace\devspring\bin\main\static\mapper\CommonMapper.xml]'
2025-01-08 18:03:39 [restartedMain] INFO  o.s.b.d.a.OptionalLiveReloadServer - LiveReload server is running on port 35729
2025-01-08 18:03:39 [restartedMain] INFO  o.a.coyote.http11.Http11NioProtocol - Starting ProtocolHandler ["http-nio-8080"]
2025-01-08 18:03:39 [restartedMain] INFO  o.s.b.w.e.tomcat.TomcatWebServer - Tomcat started on port 8080 (http) with context path '/'
2025-01-08 18:03:39 [restartedMain] INFO  c.s.devspring.DevspringApplication - Started DevspringApplication in 0.29 seconds (process running for 67.975)
2025-01-08 18:03:39 [restartedMain] INFO  o.s.b.d.a.ConditionEvaluationDeltaLoggingListener - Condition evaluation unchanged
2025-01-08 18:03:40 [RMI TCP Connection(12)-127.0.0.1] INFO  o.s.b.a.SpringApplicationAdminMXBeanRegistrar$SpringApplicationAdmin - Application shutdown requested.
2025-01-08 18:03:40 [RMI TCP Connection(12)-127.0.0.1] INFO  o.s.b.w.e.tomcat.GracefulShutdown - Commencing graceful shutdown. Waiting for active requests to complete
2025-01-08 18:03:40 [tomcat-shutdown] INFO  o.a.coyote.http11.Http11NioProtocol - Pausing ProtocolHandler ["http-nio-8080"]
2025-01-08 18:03:40 [tomcat-shutdown] INFO  o.s.b.w.e.tomcat.GracefulShutdown - Graceful shutdown complete
2025-01-08 18:03:40 [RMI TCP Connection(12)-127.0.0.1] INFO  o.a.coyote.http11.Http11NioProtocol - Stopping ProtocolHandler ["http-nio-8080"]
2025-01-08 18:03:44 [restartedMain] INFO  c.s.devspring.DevspringApplication - Starting DevspringApplication using Java 17.0.12 with PID 5688 (D:\Spring\sts-4.4\workspace\devspring\bin\main started by aatjx in D:\Spring\sts-4.4\workspace\devspring)
2025-01-08 18:03:44 [restartedMain] INFO  c.s.devspring.DevspringApplication - No active profile set, falling back to 1 default profile: "default"
2025-01-08 18:03:44 [restartedMain] INFO  o.s.b.d.e.DevToolsPropertyDefaultsPostProcessor - Devtools property defaults active! Set 'spring.devtools.add-properties' to 'false' to disable
2025-01-08 18:03:44 [restartedMain] INFO  o.s.b.d.e.DevToolsPropertyDefaultsPostProcessor - For additional web related logging consider setting the 'logging.level.web' property to 'DEBUG'
2025-01-08 18:03:44 [restartedMain] DEBUG o.apache.ibatis.logging.LogFactory - Logging initialized using 'class org.apache.ibatis.logging.slf4j.Slf4jImpl' adapter.
2025-01-08 18:03:44 [restartedMain] DEBUG o.m.s.mapper.ClassPathMapperScanner - Identified candidate component class: file [D:\Spring\sts-4.4\workspace\devspring\bin\main\com\spring\devspring\mapper\BoardMapper.class]
2025-01-08 18:03:44 [restartedMain] DEBUG o.m.s.mapper.ClassPathMapperScanner - Identified candidate component class: file [D:\Spring\sts-4.4\workspace\devspring\bin\main\com\spring\devspring\mapper\CommonMapper.class]
2025-01-08 18:03:44 [restartedMain] DEBUG o.m.s.mapper.ClassPathMapperScanner - Creating MapperFactoryBean with name 'boardMapper' and 'com.spring.devspring.mapper.BoardMapper' mapperInterface
2025-01-08 18:03:44 [restartedMain] DEBUG o.m.s.mapper.ClassPathMapperScanner - Creating MapperFactoryBean with name 'commonMapper' and 'com.spring.devspring.mapper.CommonMapper' mapperInterface
2025-01-08 18:03:45 [restartedMain] INFO  o.s.b.w.e.tomcat.TomcatWebServer - Tomcat initialized with port 8080 (http)
2025-01-08 18:03:45 [restartedMain] INFO  o.a.coyote.http11.Http11NioProtocol - Initializing ProtocolHandler ["http-nio-8080"]
2025-01-08 18:03:45 [restartedMain] INFO  o.a.catalina.core.StandardService - Starting service [Tomcat]
2025-01-08 18:03:45 [restartedMain] INFO  o.a.catalina.core.StandardEngine - Starting Servlet engine: [Apache Tomcat/10.1.34]
2025-01-08 18:03:45 [restartedMain] INFO  o.a.c.c.C.[Tomcat].[localhost].[/] - Initializing Spring embedded WebApplicationContext
2025-01-08 18:03:45 [restartedMain] INFO  o.s.b.w.s.c.ServletWebServerApplicationContext - Root WebApplicationContext: initialization completed in 673 ms
2025-01-08 18:03:45 [restartedMain] DEBUG o.m.spring.SqlSessionFactoryBean - Property 'configuration' or 'configLocation' not specified, using default MyBatis Configuration
2025-01-08 18:03:45 [restartedMain] DEBUG o.m.spring.SqlSessionFactoryBean - Parsed mapper file: 'file [D:\Spring\sts-4.4\workspace\devspring\bin\main\static\mapper\BoardMapper.xml]'
2025-01-08 18:03:45 [restartedMain] DEBUG o.m.spring.SqlSessionFactoryBean - Parsed mapper file: 'file [D:\Spring\sts-4.4\workspace\devspring\bin\main\static\mapper\CommonMapper.xml]'
2025-01-08 18:03:45 [restartedMain] INFO  o.s.b.d.a.OptionalLiveReloadServer - LiveReload server is running on port 35729
2025-01-08 18:03:45 [restartedMain] INFO  o.a.coyote.http11.Http11NioProtocol - Starting ProtocolHandler ["http-nio-8080"]
2025-01-08 18:03:45 [restartedMain] INFO  o.s.b.w.e.tomcat.TomcatWebServer - Tomcat started on port 8080 (http) with context path '/'
2025-01-08 18:03:45 [restartedMain] INFO  c.s.devspring.DevspringApplication - Started DevspringApplication in 1.521 seconds (process running for 1.924)
2025-01-08 18:04:00 [http-nio-8080-exec-1] INFO  o.a.c.c.C.[Tomcat].[localhost].[/] - Initializing Spring DispatcherServlet 'dispatcherServlet'
2025-01-08 18:04:00 [http-nio-8080-exec-1] INFO  o.s.web.servlet.DispatcherServlet - Initializing Servlet 'dispatcherServlet'
2025-01-08 18:04:00 [http-nio-8080-exec-1] INFO  o.s.web.servlet.DispatcherServlet - Completed initialization in 1 ms
2025-01-08 18:04:01 [http-nio-8080-exec-1] WARN  o.t.s.p.AbstractStandardFragmentInsertionTagProcessor - [THYMELEAF][http-nio-8080-exec-1][common/layout/layout] Deprecated unwrapped fragment expression "common/fragments/header::header" found in template common/layout/layout, line 31, col 10. Please use the complete syntax of fragment expressions instead ("~{common/fragments/header::header}"). The old, unwrapped syntax for fragment expressions will be removed in future versions of Thymeleaf.
2025-01-08 18:04:01 [http-nio-8080-exec-1] WARN  o.t.s.p.AbstractStandardFragmentInsertionTagProcessor - [THYMELEAF][http-nio-8080-exec-1][common/layout/layout] Deprecated unwrapped fragment expression "common/fragments/footer::footer" found in template common/layout/layout, line 35, col 10. Please use the complete syntax of fragment expressions instead ("~{common/fragments/footer::footer}"). The old, unwrapped syntax for fragment expressions will be removed in future versions of Thymeleaf.
2025-01-08 18:04:01 [http-nio-8080-exec-10] DEBUG org.mybatis.spring.SqlSessionUtils - Creating a new SqlSession
2025-01-08 18:04:01 [http-nio-8080-exec-10] DEBUG org.mybatis.spring.SqlSessionUtils - SqlSession [org.apache.ibatis.session.defaults.DefaultSqlSession@4994f09e] was not registered for synchronization because synchronization is not active
2025-01-08 18:04:01 [http-nio-8080-exec-10] INFO  com.zaxxer.hikari.HikariDataSource - HikariPool-1 - Starting...
2025-01-08 18:04:01 [http-nio-8080-exec-10] INFO  com.zaxxer.hikari.pool.HikariPool - HikariPool-1 - Added connection com.mysql.cj.jdbc.ConnectionImpl@30e21060
2025-01-08 18:04:01 [http-nio-8080-exec-10] INFO  com.zaxxer.hikari.HikariDataSource - HikariPool-1 - Start completed.
2025-01-08 18:04:01 [http-nio-8080-exec-10] DEBUG o.m.s.t.SpringManagedTransaction - JDBC Connection [HikariProxyConnection@64872172 wrapping com.mysql.cj.jdbc.ConnectionImpl@30e21060] will not be managed by Spring
2025-01-08 18:04:01 [http-nio-8080-exec-10] DEBUG c.s.d.m.CommonMapper.selectLnbList - ==>  Preparing: SELECT CT_LNB_IDX AS ctLnbIdx, CT_LNB_ID AS ctLnbId, CT_LNB_NAME AS ctLnbName, CT_LNB_SUB_YN AS ctLnbSubYn, CT_LNB_URL AS ctLnbUrl, CT_LNB_USE_YN AS ctLnbUseYn FROM CT_LNB WHERE CT_LNB_USE_YN = 'Y' ORDER BY CT_LNB_IDX
2025-01-08 18:04:01 [http-nio-8080-exec-10] DEBUG c.s.d.m.CommonMapper.selectLnbList - ==> Parameters: 
2025-01-08 18:04:01 [http-nio-8080-exec-10] DEBUG c.s.d.m.CommonMapper.selectLnbList - <==      Total: 4
2025-01-08 18:04:01 [http-nio-8080-exec-10] DEBUG org.mybatis.spring.SqlSessionUtils - Closing non transactional SqlSession [org.apache.ibatis.session.defaults.DefaultSqlSession@4994f09e]
2025-01-08 18:04:01 [http-nio-8080-exec-1] DEBUG org.mybatis.spring.SqlSessionUtils - Creating a new SqlSession
2025-01-08 18:04:01 [http-nio-8080-exec-1] DEBUG org.mybatis.spring.SqlSessionUtils - SqlSession [org.apache.ibatis.session.defaults.DefaultSqlSession@218548ae] was not registered for synchronization because synchronization is not active
2025-01-08 18:04:01 [http-nio-8080-exec-1] DEBUG o.m.s.t.SpringManagedTransaction - JDBC Connection [HikariProxyConnection@1974603068 wrapping com.mysql.cj.jdbc.ConnectionImpl@30e21060] will not be managed by Spring
2025-01-08 18:04:01 [http-nio-8080-exec-1] DEBUG c.s.d.m.CommonMapper.selectLnbList - ==>  Preparing: SELECT CT_LNB_IDX AS ctLnbIdx, CT_LNB_ID AS ctLnbId, CT_LNB_NAME AS ctLnbName, CT_LNB_SUB_YN AS ctLnbSubYn, CT_LNB_URL AS ctLnbUrl, CT_LNB_USE_YN AS ctLnbUseYn FROM CT_LNB WHERE CT_LNB_USE_YN = 'Y' ORDER BY CT_LNB_IDX
2025-01-08 18:04:01 [http-nio-8080-exec-1] DEBUG c.s.d.m.CommonMapper.selectLnbList - ==> Parameters: 
2025-01-08 18:04:01 [http-nio-8080-exec-1] DEBUG c.s.d.m.CommonMapper.selectLnbList - <==      Total: 4
2025-01-08 18:04:01 [http-nio-8080-exec-1] DEBUG org.mybatis.spring.SqlSessionUtils - Closing non transactional SqlSession [org.apache.ibatis.session.defaults.DefaultSqlSession@218548ae]
2025-01-08 18:04:01 [http-nio-8080-exec-3] DEBUG org.mybatis.spring.SqlSessionUtils - Creating a new SqlSession
2025-01-08 18:04:01 [http-nio-8080-exec-5] DEBUG org.mybatis.spring.SqlSessionUtils - Creating a new SqlSession
2025-01-08 18:04:01 [http-nio-8080-exec-7] DEBUG org.mybatis.spring.SqlSessionUtils - Creating a new SqlSession
2025-01-08 18:04:01 [http-nio-8080-exec-3] DEBUG org.mybatis.spring.SqlSessionUtils - SqlSession [org.apache.ibatis.session.defaults.DefaultSqlSession@5a00caee] was not registered for synchronization because synchronization is not active
2025-01-08 18:04:01 [http-nio-8080-exec-7] DEBUG org.mybatis.spring.SqlSessionUtils - SqlSession [org.apache.ibatis.session.defaults.DefaultSqlSession@5a53968f] was not registered for synchronization because synchronization is not active
2025-01-08 18:04:01 [http-nio-8080-exec-5] DEBUG org.mybatis.spring.SqlSessionUtils - SqlSession [org.apache.ibatis.session.defaults.DefaultSqlSession@249127a3] was not registered for synchronization because synchronization is not active
2025-01-08 18:04:01 [http-nio-8080-exec-3] DEBUG o.m.s.t.SpringManagedTransaction - JDBC Connection [HikariProxyConnection@1152338908 wrapping com.mysql.cj.jdbc.ConnectionImpl@30e21060] will not be managed by Spring
2025-01-08 18:04:01 [http-nio-8080-exec-3] DEBUG c.s.d.m.C.selectLnbSubList - ==>  Preparing: SELECT CT_LNB_SUB_IDX AS ctLnbSubIdx, CT_LNB_ID AS ctLnbId, CT_LNB_SUB_ID AS ctLnbSubId, CT_LNB_SUB_NAME AS ctLnbSubName, CT_LNB_SUB_URL AS ctLnbSubUrl FROM CT_LNB_SUB WHERE CT_LNB_ID = ? ORDER BY CT_LNB_SUB_IDX
2025-01-08 18:04:01 [http-nio-8080-exec-3] DEBUG c.s.d.m.C.selectLnbSubList - ==> Parameters: CT_LNB_SERVICE(String)
2025-01-08 18:04:01 [http-nio-8080-exec-3] DEBUG c.s.d.m.C.selectLnbSubList - <==      Total: 4
2025-01-08 18:04:01 [http-nio-8080-exec-3] DEBUG org.mybatis.spring.SqlSessionUtils - Closing non transactional SqlSession [org.apache.ibatis.session.defaults.DefaultSqlSession@5a00caee]
2025-01-08 18:04:01 [http-nio-8080-exec-7] DEBUG o.m.s.t.SpringManagedTransaction - JDBC Connection [HikariProxyConnection@1836543009 wrapping com.mysql.cj.jdbc.ConnectionImpl@30e21060] will not be managed by Spring
2025-01-08 18:04:01 [http-nio-8080-exec-7] DEBUG c.s.d.m.C.selectLnbSubList - ==>  Preparing: SELECT CT_LNB_SUB_IDX AS ctLnbSubIdx, CT_LNB_ID AS ctLnbId, CT_LNB_SUB_ID AS ctLnbSubId, CT_LNB_SUB_NAME AS ctLnbSubName, CT_LNB_SUB_URL AS ctLnbSubUrl FROM CT_LNB_SUB WHERE CT_LNB_ID = ? ORDER BY CT_LNB_SUB_IDX
2025-01-08 18:04:01 [http-nio-8080-exec-7] DEBUG c.s.d.m.C.selectLnbSubList - ==> Parameters: CT_LNB_CONTACT(String)
2025-01-08 18:04:01 [http-nio-8080-exec-7] DEBUG c.s.d.m.C.selectLnbSubList - <==      Total: 2
2025-01-08 18:04:01 [http-nio-8080-exec-7] DEBUG org.mybatis.spring.SqlSessionUtils - Closing non transactional SqlSession [org.apache.ibatis.session.defaults.DefaultSqlSession@5a53968f]
2025-01-08 18:04:01 [http-nio-8080-exec-5] DEBUG o.m.s.t.SpringManagedTransaction - JDBC Connection [HikariProxyConnection@1747740873 wrapping com.mysql.cj.jdbc.ConnectionImpl@30e21060] will not be managed by Spring
2025-01-08 18:04:01 [http-nio-8080-exec-5] DEBUG c.s.d.m.C.selectLnbSubList - ==>  Preparing: SELECT CT_LNB_SUB_IDX AS ctLnbSubIdx, CT_LNB_ID AS ctLnbId, CT_LNB_SUB_ID AS ctLnbSubId, CT_LNB_SUB_NAME AS ctLnbSubName, CT_LNB_SUB_URL AS ctLnbSubUrl FROM CT_LNB_SUB WHERE CT_LNB_ID = ? ORDER BY CT_LNB_SUB_IDX
2025-01-08 18:04:01 [http-nio-8080-exec-5] DEBUG c.s.d.m.C.selectLnbSubList - ==> Parameters: CT_LNB_INFORMATION(String)
2025-01-08 18:04:01 [http-nio-8080-exec-2] DEBUG org.mybatis.spring.SqlSessionUtils - Creating a new SqlSession
2025-01-08 18:04:01 [http-nio-8080-exec-2] DEBUG org.mybatis.spring.SqlSessionUtils - SqlSession [org.apache.ibatis.session.defaults.DefaultSqlSession@2f0098ef] was not registered for synchronization because synchronization is not active
2025-01-08 18:04:01 [http-nio-8080-exec-5] DEBUG c.s.d.m.C.selectLnbSubList - <==      Total: 2
2025-01-08 18:04:01 [http-nio-8080-exec-4] DEBUG org.mybatis.spring.SqlSessionUtils - Creating a new SqlSession
2025-01-08 18:04:01 [http-nio-8080-exec-5] DEBUG org.mybatis.spring.SqlSessionUtils - Closing non transactional SqlSession [org.apache.ibatis.session.defaults.DefaultSqlSession@249127a3]
2025-01-08 18:04:01 [http-nio-8080-exec-4] DEBUG org.mybatis.spring.SqlSessionUtils - SqlSession [org.apache.ibatis.session.defaults.DefaultSqlSession@6ba74107] was not registered for synchronization because synchronization is not active
2025-01-08 18:04:01 [http-nio-8080-exec-2] DEBUG o.m.s.t.SpringManagedTransaction - JDBC Connection [HikariProxyConnection@322044647 wrapping com.mysql.cj.jdbc.ConnectionImpl@30e21060] will not be managed by Spring
2025-01-08 18:04:01 [http-nio-8080-exec-2] DEBUG c.s.d.m.C.selectLnbSubList - ==>  Preparing: SELECT CT_LNB_SUB_IDX AS ctLnbSubIdx, CT_LNB_ID AS ctLnbId, CT_LNB_SUB_ID AS ctLnbSubId, CT_LNB_SUB_NAME AS ctLnbSubName, CT_LNB_SUB_URL AS ctLnbSubUrl FROM CT_LNB_SUB WHERE CT_LNB_ID = ? ORDER BY CT_LNB_SUB_IDX
2025-01-08 18:04:01 [http-nio-8080-exec-2] DEBUG c.s.d.m.C.selectLnbSubList - ==> Parameters: CT_LNB_SERVICE(String)
2025-01-08 18:04:01 [http-nio-8080-exec-2] DEBUG c.s.d.m.C.selectLnbSubList - <==      Total: 4
2025-01-08 18:04:01 [http-nio-8080-exec-2] DEBUG org.mybatis.spring.SqlSessionUtils - Closing non transactional SqlSession [org.apache.ibatis.session.defaults.DefaultSqlSession@2f0098ef]
2025-01-08 18:04:01 [http-nio-8080-exec-4] DEBUG o.m.s.t.SpringManagedTransaction - JDBC Connection [HikariProxyConnection@1180569049 wrapping com.mysql.cj.jdbc.ConnectionImpl@30e21060] will not be managed by Spring
2025-01-08 18:04:01 [http-nio-8080-exec-4] DEBUG c.s.d.m.C.selectLnbSubList - ==>  Preparing: SELECT CT_LNB_SUB_IDX AS ctLnbSubIdx, CT_LNB_ID AS ctLnbId, CT_LNB_SUB_ID AS ctLnbSubId, CT_LNB_SUB_NAME AS ctLnbSubName, CT_LNB_SUB_URL AS ctLnbSubUrl FROM CT_LNB_SUB WHERE CT_LNB_ID = ? ORDER BY CT_LNB_SUB_IDX
2025-01-08 18:04:01 [http-nio-8080-exec-6] DEBUG org.mybatis.spring.SqlSessionUtils - Creating a new SqlSession
2025-01-08 18:04:01 [http-nio-8080-exec-6] DEBUG org.mybatis.spring.SqlSessionUtils - SqlSession [org.apache.ibatis.session.defaults.DefaultSqlSession@59e25dbd] was not registered for synchronization because synchronization is not active
2025-01-08 18:04:01 [http-nio-8080-exec-4] DEBUG c.s.d.m.C.selectLnbSubList - ==> Parameters: CT_LNB_CONTACT(String)
2025-01-08 18:04:01 [http-nio-8080-exec-4] DEBUG c.s.d.m.C.selectLnbSubList - <==      Total: 2
2025-01-08 18:04:01 [http-nio-8080-exec-4] DEBUG org.mybatis.spring.SqlSessionUtils - Closing non transactional SqlSession [org.apache.ibatis.session.defaults.DefaultSqlSession@6ba74107]
2025-01-08 18:04:01 [http-nio-8080-exec-6] DEBUG o.m.s.t.SpringManagedTransaction - JDBC Connection [HikariProxyConnection@867082665 wrapping com.mysql.cj.jdbc.ConnectionImpl@30e21060] will not be managed by Spring
2025-01-08 18:04:01 [http-nio-8080-exec-6] DEBUG c.s.d.m.C.selectLnbSubList - ==>  Preparing: SELECT CT_LNB_SUB_IDX AS ctLnbSubIdx, CT_LNB_ID AS ctLnbId, CT_LNB_SUB_ID AS ctLnbSubId, CT_LNB_SUB_NAME AS ctLnbSubName, CT_LNB_SUB_URL AS ctLnbSubUrl FROM CT_LNB_SUB WHERE CT_LNB_ID = ? ORDER BY CT_LNB_SUB_IDX
2025-01-08 18:04:01 [http-nio-8080-exec-6] DEBUG c.s.d.m.C.selectLnbSubList - ==> Parameters: CT_LNB_INFORMATION(String)
2025-01-08 18:04:01 [http-nio-8080-exec-6] DEBUG c.s.d.m.C.selectLnbSubList - <==      Total: 2
2025-01-08 18:04:01 [http-nio-8080-exec-6] DEBUG org.mybatis.spring.SqlSessionUtils - Closing non transactional SqlSession [org.apache.ibatis.session.defaults.DefaultSqlSession@59e25dbd]
2025-01-08 18:04:12 [http-nio-8080-exec-10] WARN  o.t.s.p.AbstractStandardFragmentInsertionTagProcessor - [THYMELEAF][http-nio-8080-exec-10][common/layout/layout] Deprecated unwrapped fragment expression "common/fragments/header::header" found in template common/layout/layout, line 31, col 10. Please use the complete syntax of fragment expressions instead ("~{common/fragments/header::header}"). The old, unwrapped syntax for fragment expressions will be removed in future versions of Thymeleaf.
2025-01-08 18:04:12 [http-nio-8080-exec-10] WARN  o.t.s.p.AbstractStandardFragmentInsertionTagProcessor - [THYMELEAF][http-nio-8080-exec-10][common/layout/layout] Deprecated unwrapped fragment expression "common/fragments/footer::footer" found in template common/layout/layout, line 35, col 10. Please use the complete syntax of fragment expressions instead ("~{common/fragments/footer::footer}"). The old, unwrapped syntax for fragment expressions will be removed in future versions of Thymeleaf.
2025-01-08 18:04:12 [http-nio-8080-exec-1] DEBUG org.mybatis.spring.SqlSessionUtils - Creating a new SqlSession
2025-01-08 18:04:12 [http-nio-8080-exec-1] DEBUG org.mybatis.spring.SqlSessionUtils - SqlSession [org.apache.ibatis.session.defaults.DefaultSqlSession@45c7a691] was not registered for synchronization because synchronization is not active
2025-01-08 18:04:12 [http-nio-8080-exec-1] DEBUG o.m.s.t.SpringManagedTransaction - JDBC Connection [HikariProxyConnection@544839928 wrapping com.mysql.cj.jdbc.ConnectionImpl@30e21060] will not be managed by Spring
2025-01-08 18:04:12 [http-nio-8080-exec-1] DEBUG c.s.d.m.CommonMapper.selectLnbList - ==>  Preparing: SELECT CT_LNB_IDX AS ctLnbIdx, CT_LNB_ID AS ctLnbId, CT_LNB_NAME AS ctLnbName, CT_LNB_SUB_YN AS ctLnbSubYn, CT_LNB_URL AS ctLnbUrl, CT_LNB_USE_YN AS ctLnbUseYn FROM CT_LNB WHERE CT_LNB_USE_YN = 'Y' ORDER BY CT_LNB_IDX
2025-01-08 18:04:12 [http-nio-8080-exec-1] DEBUG c.s.d.m.CommonMapper.selectLnbList - ==> Parameters: 
2025-01-08 18:04:12 [http-nio-8080-exec-1] DEBUG c.s.d.m.CommonMapper.selectLnbList - <==      Total: 4
2025-01-08 18:04:12 [http-nio-8080-exec-1] DEBUG org.mybatis.spring.SqlSessionUtils - Closing non transactional SqlSession [org.apache.ibatis.session.defaults.DefaultSqlSession@45c7a691]
2025-01-08 18:04:12 [http-nio-8080-exec-3] DEBUG org.mybatis.spring.SqlSessionUtils - Creating a new SqlSession
2025-01-08 18:04:12 [http-nio-8080-exec-3] DEBUG org.mybatis.spring.SqlSessionUtils - SqlSession [org.apache.ibatis.session.defaults.DefaultSqlSession@29fb8a85] was not registered for synchronization because synchronization is not active
2025-01-08 18:04:12 [http-nio-8080-exec-3] DEBUG o.m.s.t.SpringManagedTransaction - JDBC Connection [HikariProxyConnection@1700785408 wrapping com.mysql.cj.jdbc.ConnectionImpl@30e21060] will not be managed by Spring
2025-01-08 18:04:12 [http-nio-8080-exec-3] DEBUG c.s.d.m.CommonMapper.selectLnbList - ==>  Preparing: SELECT CT_LNB_IDX AS ctLnbIdx, CT_LNB_ID AS ctLnbId, CT_LNB_NAME AS ctLnbName, CT_LNB_SUB_YN AS ctLnbSubYn, CT_LNB_URL AS ctLnbUrl, CT_LNB_USE_YN AS ctLnbUseYn FROM CT_LNB WHERE CT_LNB_USE_YN = 'Y' ORDER BY CT_LNB_IDX
2025-01-08 18:04:12 [http-nio-8080-exec-3] DEBUG c.s.d.m.CommonMapper.selectLnbList - ==> Parameters: 
2025-01-08 18:04:12 [http-nio-8080-exec-3] DEBUG c.s.d.m.CommonMapper.selectLnbList - <==      Total: 4
2025-01-08 18:04:12 [http-nio-8080-exec-3] DEBUG org.mybatis.spring.SqlSessionUtils - Closing non transactional SqlSession [org.apache.ibatis.session.defaults.DefaultSqlSession@29fb8a85]
2025-01-08 18:04:12 [http-nio-8080-exec-5] DEBUG org.mybatis.spring.SqlSessionUtils - Creating a new SqlSession
2025-01-08 18:04:12 [http-nio-8080-exec-7] DEBUG org.mybatis.spring.SqlSessionUtils - Creating a new SqlSession
2025-01-08 18:04:12 [http-nio-8080-exec-4] DEBUG org.mybatis.spring.SqlSessionUtils - Creating a new SqlSession
2025-01-08 18:04:12 [http-nio-8080-exec-7] DEBUG org.mybatis.spring.SqlSessionUtils - SqlSession [org.apache.ibatis.session.defaults.DefaultSqlSession@13310dc2] was not registered for synchronization because synchronization is not active
2025-01-08 18:04:12 [http-nio-8080-exec-4] DEBUG org.mybatis.spring.SqlSessionUtils - SqlSession [org.apache.ibatis.session.defaults.DefaultSqlSession@4f496b93] was not registered for synchronization because synchronization is not active
2025-01-08 18:04:12 [http-nio-8080-exec-5] DEBUG org.mybatis.spring.SqlSessionUtils - SqlSession [org.apache.ibatis.session.defaults.DefaultSqlSession@152d7762] was not registered for synchronization because synchronization is not active
2025-01-08 18:04:12 [http-nio-8080-exec-4] DEBUG o.m.s.t.SpringManagedTransaction - JDBC Connection [HikariProxyConnection@2043643750 wrapping com.mysql.cj.jdbc.ConnectionImpl@30e21060] will not be managed by Spring
2025-01-08 18:04:12 [http-nio-8080-exec-4] DEBUG c.s.d.m.C.selectLnbSubList - ==>  Preparing: SELECT CT_LNB_SUB_IDX AS ctLnbSubIdx, CT_LNB_ID AS ctLnbId, CT_LNB_SUB_ID AS ctLnbSubId, CT_LNB_SUB_NAME AS ctLnbSubName, CT_LNB_SUB_URL AS ctLnbSubUrl FROM CT_LNB_SUB WHERE CT_LNB_ID = ? ORDER BY CT_LNB_SUB_IDX
2025-01-08 18:04:12 [http-nio-8080-exec-4] DEBUG c.s.d.m.C.selectLnbSubList - ==> Parameters: CT_LNB_CONTACT(String)
2025-01-08 18:04:12 [http-nio-8080-exec-7] DEBUG o.m.s.t.SpringManagedTransaction - JDBC Connection [HikariProxyConnection@516161068 wrapping com.mysql.cj.jdbc.ConnectionImpl@4c440441] will not be managed by Spring
2025-01-08 18:04:12 [http-nio-8080-exec-7] DEBUG c.s.d.m.C.selectLnbSubList - ==>  Preparing: SELECT CT_LNB_SUB_IDX AS ctLnbSubIdx, CT_LNB_ID AS ctLnbId, CT_LNB_SUB_ID AS ctLnbSubId, CT_LNB_SUB_NAME AS ctLnbSubName, CT_LNB_SUB_URL AS ctLnbSubUrl FROM CT_LNB_SUB WHERE CT_LNB_ID = ? ORDER BY CT_LNB_SUB_IDX
2025-01-08 18:04:12 [http-nio-8080-exec-5] DEBUG o.m.s.t.SpringManagedTransaction - JDBC Connection [HikariProxyConnection@2030712272 wrapping com.mysql.cj.jdbc.ConnectionImpl@448692ac] will not be managed by Spring
2025-01-08 18:04:12 [http-nio-8080-exec-5] DEBUG c.s.d.m.C.selectLnbSubList - ==>  Preparing: SELECT CT_LNB_SUB_IDX AS ctLnbSubIdx, CT_LNB_ID AS ctLnbId, CT_LNB_SUB_ID AS ctLnbSubId, CT_LNB_SUB_NAME AS ctLnbSubName, CT_LNB_SUB_URL AS ctLnbSubUrl FROM CT_LNB_SUB WHERE CT_LNB_ID = ? ORDER BY CT_LNB_SUB_IDX
2025-01-08 18:04:12 [http-nio-8080-exec-7] DEBUG c.s.d.m.C.selectLnbSubList - ==> Parameters: CT_LNB_INFORMATION(String)
2025-01-08 18:04:12 [http-nio-8080-exec-5] DEBUG c.s.d.m.C.selectLnbSubList - ==> Parameters: CT_LNB_SERVICE(String)
2025-01-08 18:04:12 [http-nio-8080-exec-7] DEBUG c.s.d.m.C.selectLnbSubList - <==      Total: 2
2025-01-08 18:04:12 [http-nio-8080-exec-4] DEBUG c.s.d.m.C.selectLnbSubList - <==      Total: 2
2025-01-08 18:04:12 [http-nio-8080-exec-7] DEBUG org.mybatis.spring.SqlSessionUtils - Closing non transactional SqlSession [org.apache.ibatis.session.defaults.DefaultSqlSession@13310dc2]
2025-01-08 18:04:12 [http-nio-8080-exec-4] DEBUG org.mybatis.spring.SqlSessionUtils - Closing non transactional SqlSession [org.apache.ibatis.session.defaults.DefaultSqlSession@4f496b93]
2025-01-08 18:04:12 [http-nio-8080-exec-5] DEBUG c.s.d.m.C.selectLnbSubList - <==      Total: 4
2025-01-08 18:04:12 [http-nio-8080-exec-5] DEBUG org.mybatis.spring.SqlSessionUtils - Closing non transactional SqlSession [org.apache.ibatis.session.defaults.DefaultSqlSession@152d7762]
2025-01-08 18:04:12 [http-nio-8080-exec-6] DEBUG org.mybatis.spring.SqlSessionUtils - Creating a new SqlSession
2025-01-08 18:04:12 [http-nio-8080-exec-10] DEBUG org.mybatis.spring.SqlSessionUtils - Creating a new SqlSession
2025-01-08 18:04:12 [http-nio-8080-exec-2] DEBUG org.mybatis.spring.SqlSessionUtils - Creating a new SqlSession
2025-01-08 18:04:12 [http-nio-8080-exec-10] DEBUG org.mybatis.spring.SqlSessionUtils - SqlSession [org.apache.ibatis.session.defaults.DefaultSqlSession@2cb80fb6] was not registered for synchronization because synchronization is not active
2025-01-08 18:04:12 [http-nio-8080-exec-6] DEBUG org.mybatis.spring.SqlSessionUtils - SqlSession [org.apache.ibatis.session.defaults.DefaultSqlSession@14a9c985] was not registered for synchronization because synchronization is not active
2025-01-08 18:04:12 [http-nio-8080-exec-2] DEBUG org.mybatis.spring.SqlSessionUtils - SqlSession [org.apache.ibatis.session.defaults.DefaultSqlSession@5927f317] was not registered for synchronization because synchronization is not active
2025-01-08 18:04:12 [http-nio-8080-exec-10] DEBUG o.m.s.t.SpringManagedTransaction - JDBC Connection [HikariProxyConnection@1053181739 wrapping com.mysql.cj.jdbc.ConnectionImpl@4c440441] will not be managed by Spring
2025-01-08 18:04:12 [http-nio-8080-exec-6] DEBUG o.m.s.t.SpringManagedTransaction - JDBC Connection [HikariProxyConnection@2130495187 wrapping com.mysql.cj.jdbc.ConnectionImpl@30e21060] will not be managed by Spring
2025-01-08 18:04:12 [http-nio-8080-exec-10] DEBUG c.s.d.m.C.selectLnbSubList - ==>  Preparing: SELECT CT_LNB_SUB_IDX AS ctLnbSubIdx, CT_LNB_ID AS ctLnbId, CT_LNB_SUB_ID AS ctLnbSubId, CT_LNB_SUB_NAME AS ctLnbSubName, CT_LNB_SUB_URL AS ctLnbSubUrl FROM CT_LNB_SUB WHERE CT_LNB_ID = ? ORDER BY CT_LNB_SUB_IDX
2025-01-08 18:04:12 [http-nio-8080-exec-2] DEBUG o.m.s.t.SpringManagedTransaction - JDBC Connection [HikariProxyConnection@1815682288 wrapping com.mysql.cj.jdbc.ConnectionImpl@448692ac] will not be managed by Spring
2025-01-08 18:04:12 [http-nio-8080-exec-2] DEBUG c.s.d.m.C.selectLnbSubList - ==>  Preparing: SELECT CT_LNB_SUB_IDX AS ctLnbSubIdx, CT_LNB_ID AS ctLnbId, CT_LNB_SUB_ID AS ctLnbSubId, CT_LNB_SUB_NAME AS ctLnbSubName, CT_LNB_SUB_URL AS ctLnbSubUrl FROM CT_LNB_SUB WHERE CT_LNB_ID = ? ORDER BY CT_LNB_SUB_IDX
2025-01-08 18:04:12 [http-nio-8080-exec-6] DEBUG c.s.d.m.C.selectLnbSubList - ==>  Preparing: SELECT CT_LNB_SUB_IDX AS ctLnbSubIdx, CT_LNB_ID AS ctLnbId, CT_LNB_SUB_ID AS ctLnbSubId, CT_LNB_SUB_NAME AS ctLnbSubName, CT_LNB_SUB_URL AS ctLnbSubUrl FROM CT_LNB_SUB WHERE CT_LNB_ID = ? ORDER BY CT_LNB_SUB_IDX
2025-01-08 18:04:12 [http-nio-8080-exec-10] DEBUG c.s.d.m.C.selectLnbSubList - ==> Parameters: CT_LNB_INFORMATION(String)
2025-01-08 18:04:12 [http-nio-8080-exec-2] DEBUG c.s.d.m.C.selectLnbSubList - ==> Parameters: CT_LNB_CONTACT(String)
2025-01-08 18:04:12 [http-nio-8080-exec-6] DEBUG c.s.d.m.C.selectLnbSubList - ==> Parameters: CT_LNB_SERVICE(String)
2025-01-08 18:04:12 [http-nio-8080-exec-2] DEBUG c.s.d.m.C.selectLnbSubList - <==      Total: 2
2025-01-08 18:04:12 [http-nio-8080-exec-10] DEBUG c.s.d.m.C.selectLnbSubList - <==      Total: 2
2025-01-08 18:04:12 [http-nio-8080-exec-2] DEBUG org.mybatis.spring.SqlSessionUtils - Closing non transactional SqlSession [org.apache.ibatis.session.defaults.DefaultSqlSession@5927f317]
2025-01-08 18:04:12 [http-nio-8080-exec-10] DEBUG org.mybatis.spring.SqlSessionUtils - Closing non transactional SqlSession [org.apache.ibatis.session.defaults.DefaultSqlSession@2cb80fb6]
2025-01-08 18:04:12 [http-nio-8080-exec-6] DEBUG c.s.d.m.C.selectLnbSubList - <==      Total: 4
2025-01-08 18:04:12 [http-nio-8080-exec-6] DEBUG org.mybatis.spring.SqlSessionUtils - Closing non transactional SqlSession [org.apache.ibatis.session.defaults.DefaultSqlSession@14a9c985]
2025-01-08 18:04:17 [http-nio-8080-exec-9] ERROR org.thymeleaf.TemplateEngine - [THYMELEAF][http-nio-8080-exec-9] Exception processing template "mail/sendEmail": Error resolving template [mail/sendEmail], template might not exist or might not be accessible by any of the configured Template Resolvers
org.thymeleaf.exceptions.TemplateInputException: Error resolving template [mail/sendEmail], template might not exist or might not be accessible by any of the configured Template Resolvers
	at org.thymeleaf.engine.TemplateManager.resolveTemplate(TemplateManager.java:869)
	at org.thymeleaf.engine.TemplateManager.parseAndProcess(TemplateManager.java:607)
	at org.thymeleaf.TemplateEngine.process(TemplateEngine.java:1103)
	at org.thymeleaf.TemplateEngine.process(TemplateEngine.java:1077)
	at org.thymeleaf.spring6.view.ThymeleafView.renderFragment(ThymeleafView.java:372)
	at org.thymeleaf.spring6.view.ThymeleafView.render(ThymeleafView.java:192)
	at org.springframework.web.servlet.DispatcherServlet.render(DispatcherServlet.java:1435)
	at org.springframework.web.servlet.DispatcherServlet.processDispatchResult(DispatcherServlet.java:1167)
	at org.springframework.web.servlet.DispatcherServlet.doDispatch(DispatcherServlet.java:1105)
	at org.springframework.web.servlet.DispatcherServlet.doService(DispatcherServlet.java:978)
	at org.springframework.web.servlet.FrameworkServlet.processRequest(FrameworkServlet.java:1014)
	at org.springframework.web.servlet.FrameworkServlet.doPost(FrameworkServlet.java:914)
	at jakarta.servlet.http.HttpServlet.service(HttpServlet.java:590)
	at org.springframework.web.servlet.FrameworkServlet.service(FrameworkServlet.java:885)
	at jakarta.servlet.http.HttpServlet.service(HttpServlet.java:658)
	at org.apache.catalina.core.ApplicationFilterChain.internalDoFilter(ApplicationFilterChain.java:195)
	at org.apache.catalina.core.ApplicationFilterChain.doFilter(ApplicationFilterChain.java:140)
	at org.apache.tomcat.websocket.server.WsFilter.doFilter(WsFilter.java:51)
	at org.apache.catalina.core.ApplicationFilterChain.internalDoFilter(ApplicationFilterChain.java:164)
	at org.apache.catalina.core.ApplicationFilterChain.doFilter(ApplicationFilterChain.java:140)
	at org.springframework.web.filter.RequestContextFilter.doFilterInternal(RequestContextFilter.java:100)
	at org.springframework.web.filter.OncePerRequestFilter.doFilter(OncePerRequestFilter.java:116)
	at org.apache.catalina.core.ApplicationFilterChain.internalDoFilter(ApplicationFilterChain.java:164)
	at org.apache.catalina.core.ApplicationFilterChain.doFilter(ApplicationFilterChain.java:140)
	at org.springframework.web.filter.FormContentFilter.doFilterInternal(FormContentFilter.java:93)
	at org.springframework.web.filter.OncePerRequestFilter.doFilter(OncePerRequestFilter.java:116)
	at org.apache.catalina.core.ApplicationFilterChain.internalDoFilter(ApplicationFilterChain.java:164)
	at org.apache.catalina.core.ApplicationFilterChain.doFilter(ApplicationFilterChain.java:140)
	at org.springframework.web.filter.CharacterEncodingFilter.doFilterInternal(CharacterEncodingFilter.java:201)
	at org.springframework.web.filter.OncePerRequestFilter.doFilter(OncePerRequestFilter.java:116)
	at org.apache.catalina.core.ApplicationFilterChain.internalDoFilter(ApplicationFilterChain.java:164)
	at org.apache.catalina.core.ApplicationFilterChain.doFilter(ApplicationFilterChain.java:140)
	at org.apache.catalina.core.StandardWrapperValve.invoke(StandardWrapperValve.java:167)
	at org.apache.catalina.core.StandardContextValve.invoke(StandardContextValve.java:90)
	at org.apache.catalina.authenticator.AuthenticatorBase.invoke(AuthenticatorBase.java:483)
	at org.apache.catalina.core.StandardHostValve.invoke(StandardHostValve.java:115)
	at org.apache.catalina.valves.ErrorReportValve.invoke(ErrorReportValve.java:93)
	at org.apache.catalina.core.StandardEngineValve.invoke(StandardEngineValve.java:74)
	at org.apache.catalina.connector.CoyoteAdapter.service(CoyoteAdapter.java:344)
	at org.apache.coyote.http11.Http11Processor.service(Http11Processor.java:397)
	at org.apache.coyote.AbstractProcessorLight.process(AbstractProcessorLight.java:63)
	at org.apache.coyote.AbstractProtocol$ConnectionHandler.process(AbstractProtocol.java:905)
	at org.apache.tomcat.util.net.NioEndpoint$SocketProcessor.doRun(NioEndpoint.java:1741)
	at org.apache.tomcat.util.net.SocketProcessorBase.run(SocketProcessorBase.java:52)
	at org.apache.tomcat.util.threads.ThreadPoolExecutor.runWorker(ThreadPoolExecutor.java:1190)
	at org.apache.tomcat.util.threads.ThreadPoolExecutor$Worker.run(ThreadPoolExecutor.java:659)
	at org.apache.tomcat.util.threads.TaskThread$WrappingRunnable.run(TaskThread.java:63)
	at java.base/java.lang.Thread.run(Thread.java:842)
2025-01-08 18:04:17 [http-nio-8080-exec-9] ERROR o.a.c.c.C.[.[.[.[dispatcherServlet] - Servlet.service() for servlet [dispatcherServlet] in context with path [] threw exception [Request processing failed: org.thymeleaf.exceptions.TemplateInputException: Error resolving template [mail/sendEmail], template might not exist or might not be accessible by any of the configured Template Resolvers] with root cause
org.thymeleaf.exceptions.TemplateInputException: Error resolving template [mail/sendEmail], template might not exist or might not be accessible by any of the configured Template Resolvers
	at org.thymeleaf.engine.TemplateManager.resolveTemplate(TemplateManager.java:869)
	at org.thymeleaf.engine.TemplateManager.parseAndProcess(TemplateManager.java:607)
	at org.thymeleaf.TemplateEngine.process(TemplateEngine.java:1103)
	at org.thymeleaf.TemplateEngine.process(TemplateEngine.java:1077)
	at org.thymeleaf.spring6.view.ThymeleafView.renderFragment(ThymeleafView.java:372)
	at org.thymeleaf.spring6.view.ThymeleafView.render(ThymeleafView.java:192)
	at org.springframework.web.servlet.DispatcherServlet.render(DispatcherServlet.java:1435)
	at org.springframework.web.servlet.DispatcherServlet.processDispatchResult(DispatcherServlet.java:1167)
	at org.springframework.web.servlet.DispatcherServlet.doDispatch(DispatcherServlet.java:1105)
	at org.springframework.web.servlet.DispatcherServlet.doService(DispatcherServlet.java:978)
	at org.springframework.web.servlet.FrameworkServlet.processRequest(FrameworkServlet.java:1014)
	at org.springframework.web.servlet.FrameworkServlet.doPost(FrameworkServlet.java:914)
	at jakarta.servlet.http.HttpServlet.service(HttpServlet.java:590)
	at org.springframework.web.servlet.FrameworkServlet.service(FrameworkServlet.java:885)
	at jakarta.servlet.http.HttpServlet.service(HttpServlet.java:658)
	at org.apache.catalina.core.ApplicationFilterChain.internalDoFilter(ApplicationFilterChain.java:195)
	at org.apache.catalina.core.ApplicationFilterChain.doFilter(ApplicationFilterChain.java:140)
	at org.apache.tomcat.websocket.server.WsFilter.doFilter(WsFilter.java:51)
	at org.apache.catalina.core.ApplicationFilterChain.internalDoFilter(ApplicationFilterChain.java:164)
	at org.apache.catalina.core.ApplicationFilterChain.doFilter(ApplicationFilterChain.java:140)
	at org.springframework.web.filter.RequestContextFilter.doFilterInternal(RequestContextFilter.java:100)
	at org.springframework.web.filter.OncePerRequestFilter.doFilter(OncePerRequestFilter.java:116)
	at org.apache.catalina.core.ApplicationFilterChain.internalDoFilter(ApplicationFilterChain.java:164)
	at org.apache.catalina.core.ApplicationFilterChain.doFilter(ApplicationFilterChain.java:140)
	at org.springframework.web.filter.FormContentFilter.doFilterInternal(FormContentFilter.java:93)
	at org.springframework.web.filter.OncePerRequestFilter.doFilter(OncePerRequestFilter.java:116)
	at org.apache.catalina.core.ApplicationFilterChain.internalDoFilter(ApplicationFilterChain.java:164)
	at org.apache.catalina.core.ApplicationFilterChain.doFilter(ApplicationFilterChain.java:140)
	at org.springframework.web.filter.CharacterEncodingFilter.doFilterInternal(CharacterEncodingFilter.java:201)
	at org.springframework.web.filter.OncePerRequestFilter.doFilter(OncePerRequestFilter.java:116)
	at org.apache.catalina.core.ApplicationFilterChain.internalDoFilter(ApplicationFilterChain.java:164)
	at org.apache.catalina.core.ApplicationFilterChain.doFilter(ApplicationFilterChain.java:140)
	at org.apache.catalina.core.StandardWrapperValve.invoke(StandardWrapperValve.java:167)
	at org.apache.catalina.core.StandardContextValve.invoke(StandardContextValve.java:90)
	at org.apache.catalina.authenticator.AuthenticatorBase.invoke(AuthenticatorBase.java:483)
	at org.apache.catalina.core.StandardHostValve.invoke(StandardHostValve.java:115)
	at org.apache.catalina.valves.ErrorReportValve.invoke(ErrorReportValve.java:93)
	at org.apache.catalina.core.StandardEngineValve.invoke(StandardEngineValve.java:74)
	at org.apache.catalina.connector.CoyoteAdapter.service(CoyoteAdapter.java:344)
	at org.apache.coyote.http11.Http11Processor.service(Http11Processor.java:397)
	at org.apache.coyote.AbstractProcessorLight.process(AbstractProcessorLight.java:63)
	at org.apache.coyote.AbstractProtocol$ConnectionHandler.process(AbstractProtocol.java:905)
	at org.apache.tomcat.util.net.NioEndpoint$SocketProcessor.doRun(NioEndpoint.java:1741)
	at org.apache.tomcat.util.net.SocketProcessorBase.run(SocketProcessorBase.java:52)
	at org.apache.tomcat.util.threads.ThreadPoolExecutor.runWorker(ThreadPoolExecutor.java:1190)
	at org.apache.tomcat.util.threads.ThreadPoolExecutor$Worker.run(ThreadPoolExecutor.java:659)
	at org.apache.tomcat.util.threads.TaskThread$WrappingRunnable.run(TaskThread.java:63)
	at java.base/java.lang.Thread.run(Thread.java:842)
2025-01-08 18:04:17 [http-nio-8080-exec-8] ERROR org.thymeleaf.TemplateEngine - [THYMELEAF][http-nio-8080-exec-8] Exception processing template "mail/sendEmail": Error resolving template [mail/sendEmail], template might not exist or might not be accessible by any of the configured Template Resolvers
org.thymeleaf.exceptions.TemplateInputException: Error resolving template [mail/sendEmail], template might not exist or might not be accessible by any of the configured Template Resolvers
	at org.thymeleaf.engine.TemplateManager.resolveTemplate(TemplateManager.java:869)
	at org.thymeleaf.engine.TemplateManager.parseAndProcess(TemplateManager.java:607)
	at org.thymeleaf.TemplateEngine.process(TemplateEngine.java:1103)
	at org.thymeleaf.TemplateEngine.process(TemplateEngine.java:1077)
	at org.thymeleaf.spring6.view.ThymeleafView.renderFragment(ThymeleafView.java:372)
	at org.thymeleaf.spring6.view.ThymeleafView.render(ThymeleafView.java:192)
	at org.springframework.web.servlet.DispatcherServlet.render(DispatcherServlet.java:1435)
	at org.springframework.web.servlet.DispatcherServlet.processDispatchResult(DispatcherServlet.java:1167)
	at org.springframework.web.servlet.DispatcherServlet.doDispatch(DispatcherServlet.java:1105)
	at org.springframework.web.servlet.DispatcherServlet.doService(DispatcherServlet.java:978)
	at org.springframework.web.servlet.FrameworkServlet.processRequest(FrameworkServlet.java:1014)
	at org.springframework.web.servlet.FrameworkServlet.doPost(FrameworkServlet.java:914)
	at jakarta.servlet.http.HttpServlet.service(HttpServlet.java:590)
	at org.springframework.web.servlet.FrameworkServlet.service(FrameworkServlet.java:885)
	at jakarta.servlet.http.HttpServlet.service(HttpServlet.java:658)
	at org.apache.catalina.core.ApplicationFilterChain.internalDoFilter(ApplicationFilterChain.java:195)
	at org.apache.catalina.core.ApplicationFilterChain.doFilter(ApplicationFilterChain.java:140)
	at org.apache.tomcat.websocket.server.WsFilter.doFilter(WsFilter.java:51)
	at org.apache.catalina.core.ApplicationFilterChain.internalDoFilter(ApplicationFilterChain.java:164)
	at org.apache.catalina.core.ApplicationFilterChain.doFilter(ApplicationFilterChain.java:140)
	at org.springframework.web.filter.RequestContextFilter.doFilterInternal(RequestContextFilter.java:100)
	at org.springframework.web.filter.OncePerRequestFilter.doFilter(OncePerRequestFilter.java:116)
	at org.apache.catalina.core.ApplicationFilterChain.internalDoFilter(ApplicationFilterChain.java:164)
	at org.apache.catalina.core.ApplicationFilterChain.doFilter(ApplicationFilterChain.java:140)
	at org.springframework.web.filter.FormContentFilter.doFilterInternal(FormContentFilter.java:93)
	at org.springframework.web.filter.OncePerRequestFilter.doFilter(OncePerRequestFilter.java:116)
	at org.apache.catalina.core.ApplicationFilterChain.internalDoFilter(ApplicationFilterChain.java:164)
	at org.apache.catalina.core.ApplicationFilterChain.doFilter(ApplicationFilterChain.java:140)
	at org.springframework.web.filter.CharacterEncodingFilter.doFilterInternal(CharacterEncodingFilter.java:201)
	at org.springframework.web.filter.OncePerRequestFilter.doFilter(OncePerRequestFilter.java:116)
	at org.apache.catalina.core.ApplicationFilterChain.internalDoFilter(ApplicationFilterChain.java:164)
	at org.apache.catalina.core.ApplicationFilterChain.doFilter(ApplicationFilterChain.java:140)
	at org.apache.catalina.core.StandardWrapperValve.invoke(StandardWrapperValve.java:167)
	at org.apache.catalina.core.StandardContextValve.invoke(StandardContextValve.java:90)
	at org.apache.catalina.authenticator.AuthenticatorBase.invoke(AuthenticatorBase.java:483)
	at org.apache.catalina.core.StandardHostValve.invoke(StandardHostValve.java:115)
	at org.apache.catalina.valves.ErrorReportValve.invoke(ErrorReportValve.java:93)
	at org.apache.catalina.core.StandardEngineValve.invoke(StandardEngineValve.java:74)
	at org.apache.catalina.connector.CoyoteAdapter.service(CoyoteAdapter.java:344)
	at org.apache.coyote.http11.Http11Processor.service(Http11Processor.java:397)
	at org.apache.coyote.AbstractProcessorLight.process(AbstractProcessorLight.java:63)
	at org.apache.coyote.AbstractProtocol$ConnectionHandler.process(AbstractProtocol.java:905)
	at org.apache.tomcat.util.net.NioEndpoint$SocketProcessor.doRun(NioEndpoint.java:1741)
	at org.apache.tomcat.util.net.SocketProcessorBase.run(SocketProcessorBase.java:52)
	at org.apache.tomcat.util.threads.ThreadPoolExecutor.runWorker(ThreadPoolExecutor.java:1190)
	at org.apache.tomcat.util.threads.ThreadPoolExecutor$Worker.run(ThreadPoolExecutor.java:659)
	at org.apache.tomcat.util.threads.TaskThread$WrappingRunnable.run(TaskThread.java:63)
	at java.base/java.lang.Thread.run(Thread.java:842)
2025-01-08 18:04:17 [http-nio-8080-exec-8] ERROR o.a.c.c.C.[.[.[.[dispatcherServlet] - Servlet.service() for servlet [dispatcherServlet] in context with path [] threw exception [Request processing failed: org.thymeleaf.exceptions.TemplateInputException: Error resolving template [mail/sendEmail], template might not exist or might not be accessible by any of the configured Template Resolvers] with root cause
org.thymeleaf.exceptions.TemplateInputException: Error resolving template [mail/sendEmail], template might not exist or might not be accessible by any of the configured Template Resolvers
	at org.thymeleaf.engine.TemplateManager.resolveTemplate(TemplateManager.java:869)
	at org.thymeleaf.engine.TemplateManager.parseAndProcess(TemplateManager.java:607)
	at org.thymeleaf.TemplateEngine.process(TemplateEngine.java:1103)
	at org.thymeleaf.TemplateEngine.process(TemplateEngine.java:1077)
	at org.thymeleaf.spring6.view.ThymeleafView.renderFragment(ThymeleafView.java:372)
	at org.thymeleaf.spring6.view.ThymeleafView.render(ThymeleafView.java:192)
	at org.springframework.web.servlet.DispatcherServlet.render(DispatcherServlet.java:1435)
	at org.springframework.web.servlet.DispatcherServlet.processDispatchResult(DispatcherServlet.java:1167)
	at org.springframework.web.servlet.DispatcherServlet.doDispatch(DispatcherServlet.java:1105)
	at org.springframework.web.servlet.DispatcherServlet.doService(DispatcherServlet.java:978)
	at org.springframework.web.servlet.FrameworkServlet.processRequest(FrameworkServlet.java:1014)
	at org.springframework.web.servlet.FrameworkServlet.doPost(FrameworkServlet.java:914)
	at jakarta.servlet.http.HttpServlet.service(HttpServlet.java:590)
	at org.springframework.web.servlet.FrameworkServlet.service(FrameworkServlet.java:885)
	at jakarta.servlet.http.HttpServlet.service(HttpServlet.java:658)
	at org.apache.catalina.core.ApplicationFilterChain.internalDoFilter(ApplicationFilterChain.java:195)
	at org.apache.catalina.core.ApplicationFilterChain.doFilter(ApplicationFilterChain.java:140)
	at org.apache.tomcat.websocket.server.WsFilter.doFilter(WsFilter.java:51)
	at org.apache.catalina.core.ApplicationFilterChain.internalDoFilter(ApplicationFilterChain.java:164)
	at org.apache.catalina.core.ApplicationFilterChain.doFilter(ApplicationFilterChain.java:140)
	at org.springframework.web.filter.RequestContextFilter.doFilterInternal(RequestContextFilter.java:100)
	at org.springframework.web.filter.OncePerRequestFilter.doFilter(OncePerRequestFilter.java:116)
	at org.apache.catalina.core.ApplicationFilterChain.internalDoFilter(ApplicationFilterChain.java:164)
	at org.apache.catalina.core.ApplicationFilterChain.doFilter(ApplicationFilterChain.java:140)
	at org.springframework.web.filter.FormContentFilter.doFilterInternal(FormContentFilter.java:93)
	at org.springframework.web.filter.OncePerRequestFilter.doFilter(OncePerRequestFilter.java:116)
	at org.apache.catalina.core.ApplicationFilterChain.internalDoFilter(ApplicationFilterChain.java:164)
	at org.apache.catalina.core.ApplicationFilterChain.doFilter(ApplicationFilterChain.java:140)
	at org.springframework.web.filter.CharacterEncodingFilter.doFilterInternal(CharacterEncodingFilter.java:201)
	at org.springframework.web.filter.OncePerRequestFilter.doFilter(OncePerRequestFilter.java:116)
	at org.apache.catalina.core.ApplicationFilterChain.internalDoFilter(ApplicationFilterChain.java:164)
	at org.apache.catalina.core.ApplicationFilterChain.doFilter(ApplicationFilterChain.java:140)
	at org.apache.catalina.core.StandardWrapperValve.invoke(StandardWrapperValve.java:167)
	at org.apache.catalina.core.StandardContextValve.invoke(StandardContextValve.java:90)
	at org.apache.catalina.authenticator.AuthenticatorBase.invoke(AuthenticatorBase.java:483)
	at org.apache.catalina.core.StandardHostValve.invoke(StandardHostValve.java:115)
	at org.apache.catalina.valves.ErrorReportValve.invoke(ErrorReportValve.java:93)
	at org.apache.catalina.core.StandardEngineValve.invoke(StandardEngineValve.java:74)
	at org.apache.catalina.connector.CoyoteAdapter.service(CoyoteAdapter.java:344)
	at org.apache.coyote.http11.Http11Processor.service(Http11Processor.java:397)
	at org.apache.coyote.AbstractProcessorLight.process(AbstractProcessorLight.java:63)
	at org.apache.coyote.AbstractProtocol$ConnectionHandler.process(AbstractProtocol.java:905)
	at org.apache.tomcat.util.net.NioEndpoint$SocketProcessor.doRun(NioEndpoint.java:1741)
	at org.apache.tomcat.util.net.SocketProcessorBase.run(SocketProcessorBase.java:52)
	at org.apache.tomcat.util.threads.ThreadPoolExecutor.runWorker(ThreadPoolExecutor.java:1190)
	at org.apache.tomcat.util.threads.ThreadPoolExecutor$Worker.run(ThreadPoolExecutor.java:659)
	at org.apache.tomcat.util.threads.TaskThread$WrappingRunnable.run(TaskThread.java:63)
	at java.base/java.lang.Thread.run(Thread.java:842)
2025-01-08 18:04:29 [http-nio-8080-exec-1] ERROR org.thymeleaf.TemplateEngine - [THYMELEAF][http-nio-8080-exec-1] Exception processing template "mail/sendEmail": Error resolving template [mail/sendEmail], template might not exist or might not be accessible by any of the configured Template Resolvers
org.thymeleaf.exceptions.TemplateInputException: Error resolving template [mail/sendEmail], template might not exist or might not be accessible by any of the configured Template Resolvers
	at org.thymeleaf.engine.TemplateManager.resolveTemplate(TemplateManager.java:869)
	at org.thymeleaf.engine.TemplateManager.parseAndProcess(TemplateManager.java:607)
	at org.thymeleaf.TemplateEngine.process(TemplateEngine.java:1103)
	at org.thymeleaf.TemplateEngine.process(TemplateEngine.java:1077)
	at org.thymeleaf.spring6.view.ThymeleafView.renderFragment(ThymeleafView.java:372)
	at org.thymeleaf.spring6.view.ThymeleafView.render(ThymeleafView.java:192)
	at org.springframework.web.servlet.DispatcherServlet.render(DispatcherServlet.java:1435)
	at org.springframework.web.servlet.DispatcherServlet.processDispatchResult(DispatcherServlet.java:1167)
	at org.springframework.web.servlet.DispatcherServlet.doDispatch(DispatcherServlet.java:1105)
	at org.springframework.web.servlet.DispatcherServlet.doService(DispatcherServlet.java:978)
	at org.springframework.web.servlet.FrameworkServlet.processRequest(FrameworkServlet.java:1014)
	at org.springframework.web.servlet.FrameworkServlet.doPost(FrameworkServlet.java:914)
	at jakarta.servlet.http.HttpServlet.service(HttpServlet.java:590)
	at org.springframework.web.servlet.FrameworkServlet.service(FrameworkServlet.java:885)
	at jakarta.servlet.http.HttpServlet.service(HttpServlet.java:658)
	at org.apache.catalina.core.ApplicationFilterChain.internalDoFilter(ApplicationFilterChain.java:195)
	at org.apache.catalina.core.ApplicationFilterChain.doFilter(ApplicationFilterChain.java:140)
	at org.apache.tomcat.websocket.server.WsFilter.doFilter(WsFilter.java:51)
	at org.apache.catalina.core.ApplicationFilterChain.internalDoFilter(ApplicationFilterChain.java:164)
	at org.apache.catalina.core.ApplicationFilterChain.doFilter(ApplicationFilterChain.java:140)
	at org.springframework.web.filter.RequestContextFilter.doFilterInternal(RequestContextFilter.java:100)
	at org.springframework.web.filter.OncePerRequestFilter.doFilter(OncePerRequestFilter.java:116)
	at org.apache.catalina.core.ApplicationFilterChain.internalDoFilter(ApplicationFilterChain.java:164)
	at org.apache.catalina.core.ApplicationFilterChain.doFilter(ApplicationFilterChain.java:140)
	at org.springframework.web.filter.FormContentFilter.doFilterInternal(FormContentFilter.java:93)
	at org.springframework.web.filter.OncePerRequestFilter.doFilter(OncePerRequestFilter.java:116)
	at org.apache.catalina.core.ApplicationFilterChain.internalDoFilter(ApplicationFilterChain.java:164)
	at org.apache.catalina.core.ApplicationFilterChain.doFilter(ApplicationFilterChain.java:140)
	at org.springframework.web.filter.CharacterEncodingFilter.doFilterInternal(CharacterEncodingFilter.java:201)
	at org.springframework.web.filter.OncePerRequestFilter.doFilter(OncePerRequestFilter.java:116)
	at org.apache.catalina.core.ApplicationFilterChain.internalDoFilter(ApplicationFilterChain.java:164)
	at org.apache.catalina.core.ApplicationFilterChain.doFilter(ApplicationFilterChain.java:140)
	at org.apache.catalina.core.StandardWrapperValve.invoke(StandardWrapperValve.java:167)
	at org.apache.catalina.core.StandardContextValve.invoke(StandardContextValve.java:90)
	at org.apache.catalina.authenticator.AuthenticatorBase.invoke(AuthenticatorBase.java:483)
	at org.apache.catalina.core.StandardHostValve.invoke(StandardHostValve.java:115)
	at org.apache.catalina.valves.ErrorReportValve.invoke(ErrorReportValve.java:93)
	at org.apache.catalina.core.StandardEngineValve.invoke(StandardEngineValve.java:74)
	at org.apache.catalina.connector.CoyoteAdapter.service(CoyoteAdapter.java:344)
	at org.apache.coyote.http11.Http11Processor.service(Http11Processor.java:397)
	at org.apache.coyote.AbstractProcessorLight.process(AbstractProcessorLight.java:63)
	at org.apache.coyote.AbstractProtocol$ConnectionHandler.process(AbstractProtocol.java:905)
	at org.apache.tomcat.util.net.NioEndpoint$SocketProcessor.doRun(NioEndpoint.java:1741)
	at org.apache.tomcat.util.net.SocketProcessorBase.run(SocketProcessorBase.java:52)
	at org.apache.tomcat.util.threads.ThreadPoolExecutor.runWorker(ThreadPoolExecutor.java:1190)
	at org.apache.tomcat.util.threads.ThreadPoolExecutor$Worker.run(ThreadPoolExecutor.java:659)
	at org.apache.tomcat.util.threads.TaskThread$WrappingRunnable.run(TaskThread.java:63)
	at java.base/java.lang.Thread.run(Thread.java:842)
2025-01-08 18:04:29 [http-nio-8080-exec-1] ERROR o.a.c.c.C.[.[.[.[dispatcherServlet] - Servlet.service() for servlet [dispatcherServlet] in context with path [] threw exception [Request processing failed: org.thymeleaf.exceptions.TemplateInputException: Error resolving template [mail/sendEmail], template might not exist or might not be accessible by any of the configured Template Resolvers] with root cause
org.thymeleaf.exceptions.TemplateInputException: Error resolving template [mail/sendEmail], template might not exist or might not be accessible by any of the configured Template Resolvers
	at org.thymeleaf.engine.TemplateManager.resolveTemplate(TemplateManager.java:869)
	at org.thymeleaf.engine.TemplateManager.parseAndProcess(TemplateManager.java:607)
	at org.thymeleaf.TemplateEngine.process(TemplateEngine.java:1103)
	at org.thymeleaf.TemplateEngine.process(TemplateEngine.java:1077)
	at org.thymeleaf.spring6.view.ThymeleafView.renderFragment(ThymeleafView.java:372)
	at org.thymeleaf.spring6.view.ThymeleafView.render(ThymeleafView.java:192)
	at org.springframework.web.servlet.DispatcherServlet.render(DispatcherServlet.java:1435)
	at org.springframework.web.servlet.DispatcherServlet.processDispatchResult(DispatcherServlet.java:1167)
	at org.springframework.web.servlet.DispatcherServlet.doDispatch(DispatcherServlet.java:1105)
	at org.springframework.web.servlet.DispatcherServlet.doService(DispatcherServlet.java:978)
	at org.springframework.web.servlet.FrameworkServlet.processRequest(FrameworkServlet.java:1014)
	at org.springframework.web.servlet.FrameworkServlet.doPost(FrameworkServlet.java:914)
	at jakarta.servlet.http.HttpServlet.service(HttpServlet.java:590)
	at org.springframework.web.servlet.FrameworkServlet.service(FrameworkServlet.java:885)
	at jakarta.servlet.http.HttpServlet.service(HttpServlet.java:658)
	at org.apache.catalina.core.ApplicationFilterChain.internalDoFilter(ApplicationFilterChain.java:195)
	at org.apache.catalina.core.ApplicationFilterChain.doFilter(ApplicationFilterChain.java:140)
	at org.apache.tomcat.websocket.server.WsFilter.doFilter(WsFilter.java:51)
	at org.apache.catalina.core.ApplicationFilterChain.internalDoFilter(ApplicationFilterChain.java:164)
	at org.apache.catalina.core.ApplicationFilterChain.doFilter(ApplicationFilterChain.java:140)
	at org.springframework.web.filter.RequestContextFilter.doFilterInternal(RequestContextFilter.java:100)
	at org.springframework.web.filter.OncePerRequestFilter.doFilter(OncePerRequestFilter.java:116)
	at org.apache.catalina.core.ApplicationFilterChain.internalDoFilter(ApplicationFilterChain.java:164)
	at org.apache.catalina.core.ApplicationFilterChain.doFilter(ApplicationFilterChain.java:140)
	at org.springframework.web.filter.FormContentFilter.doFilterInternal(FormContentFilter.java:93)
	at org.springframework.web.filter.OncePerRequestFilter.doFilter(OncePerRequestFilter.java:116)
	at org.apache.catalina.core.ApplicationFilterChain.internalDoFilter(ApplicationFilterChain.java:164)
	at org.apache.catalina.core.ApplicationFilterChain.doFilter(ApplicationFilterChain.java:140)
	at org.springframework.web.filter.CharacterEncodingFilter.doFilterInternal(CharacterEncodingFilter.java:201)
	at org.springframework.web.filter.OncePerRequestFilter.doFilter(OncePerRequestFilter.java:116)
	at org.apache.catalina.core.ApplicationFilterChain.internalDoFilter(ApplicationFilterChain.java:164)
	at org.apache.catalina.core.ApplicationFilterChain.doFilter(ApplicationFilterChain.java:140)
	at org.apache.catalina.core.StandardWrapperValve.invoke(StandardWrapperValve.java:167)
	at org.apache.catalina.core.StandardContextValve.invoke(StandardContextValve.java:90)
	at org.apache.catalina.authenticator.AuthenticatorBase.invoke(AuthenticatorBase.java:483)
	at org.apache.catalina.core.StandardHostValve.invoke(StandardHostValve.java:115)
	at org.apache.catalina.valves.ErrorReportValve.invoke(ErrorReportValve.java:93)
	at org.apache.catalina.core.StandardEngineValve.invoke(StandardEngineValve.java:74)
	at org.apache.catalina.connector.CoyoteAdapter.service(CoyoteAdapter.java:344)
	at org.apache.coyote.http11.Http11Processor.service(Http11Processor.java:397)
	at org.apache.coyote.AbstractProcessorLight.process(AbstractProcessorLight.java:63)
	at org.apache.coyote.AbstractProtocol$ConnectionHandler.process(AbstractProtocol.java:905)
	at org.apache.tomcat.util.net.NioEndpoint$SocketProcessor.doRun(NioEndpoint.java:1741)
	at org.apache.tomcat.util.net.SocketProcessorBase.run(SocketProcessorBase.java:52)
	at org.apache.tomcat.util.threads.ThreadPoolExecutor.runWorker(ThreadPoolExecutor.java:1190)
	at org.apache.tomcat.util.threads.ThreadPoolExecutor$Worker.run(ThreadPoolExecutor.java:659)
	at org.apache.tomcat.util.threads.TaskThread$WrappingRunnable.run(TaskThread.java:63)
	at java.base/java.lang.Thread.run(Thread.java:842)
2025-01-08 18:04:51 [File Watcher] INFO  o.s.b.d.a.LocalDevToolsAutoConfiguration$RestartingClassPathChangeChangedEventListener - Restarting due to 1 class path change (1 addition, 0 deletions, 0 modifications)
2025-01-08 18:04:51 [Thread-5] INFO  o.s.b.w.e.tomcat.GracefulShutdown - Commencing graceful shutdown. Waiting for active requests to complete
2025-01-08 18:04:51 [tomcat-shutdown] INFO  o.a.coyote.http11.Http11NioProtocol - Pausing ProtocolHandler ["http-nio-8080"]
2025-01-08 18:04:51 [tomcat-shutdown] INFO  o.s.b.w.e.tomcat.GracefulShutdown - Graceful shutdown complete
2025-01-08 18:04:51 [Thread-5] INFO  o.a.coyote.http11.Http11NioProtocol - Stopping ProtocolHandler ["http-nio-8080"]
2025-01-08 18:04:51 [Thread-5] INFO  com.zaxxer.hikari.HikariDataSource - HikariPool-1 - Shutdown initiated...
2025-01-08 18:04:51 [Thread-5] INFO  com.zaxxer.hikari.HikariDataSource - HikariPool-1 - Shutdown completed.
2025-01-08 18:04:51 [restartedMain] INFO  c.s.devspring.DevspringApplication - Starting DevspringApplication using Java 17.0.12 with PID 5688 (D:\Spring\sts-4.4\workspace\devspring\bin\main started by aatjx in D:\Spring\sts-4.4\workspace\devspring)
2025-01-08 18:04:51 [restartedMain] INFO  c.s.devspring.DevspringApplication - No active profile set, falling back to 1 default profile: "default"
2025-01-08 18:04:51 [restartedMain] WARN  o.s.b.w.s.c.AnnotationConfigServletWebServerApplicationContext - Exception encountered during context initialization - cancelling refresh attempt: org.springframework.beans.factory.support.BeanDefinitionOverrideException: Invalid bean definition with name 'dataSource' defined in class path resource [com/spring/devspring/config/MybatisConfig.class]: Cannot register bean definition [Root bean: class=null; scope=; abstract=false; lazyInit=null; autowireMode=3; dependencyCheck=0; autowireCandidate=true; primary=false; fallback=false; factoryBeanName=mybatisConfig; factoryMethodName=DataSource; initMethodNames=null; destroyMethodNames=[(inferred)]; defined in class path resource [com/spring/devspring/config/MybatisConfig.class]] for bean 'dataSource' since there is already [Root bean: class=null; scope=; abstract=false; lazyInit=null; autowireMode=3; dependencyCheck=0; autowireCandidate=true; primary=false; fallback=false; factoryBeanName=mailConfig; factoryMethodName=DataSource; initMethodNames=null; destroyMethodNames=[(inferred)]; defined in class path resource [com/spring/devspring/config/MailConfig.class]] bound.
2025-01-08 18:04:51 [restartedMain] INFO  o.s.b.a.l.ConditionEvaluationReportLogger - 

Error starting ApplicationContext. To display the condition evaluation report re-run your application with 'debug' enabled.
2025-01-08 18:04:51 [restartedMain] ERROR o.s.b.d.LoggingFailureAnalysisReporter - 

***************************
APPLICATION FAILED TO START
***************************

Description:

The bean 'dataSource', defined in class path resource [com/spring/devspring/config/MybatisConfig.class], could not be registered. A bean with that name has already been defined in class path resource [com/spring/devspring/config/MailConfig.class] and overriding is disabled.

Action:

Consider renaming one of the beans or enabling overriding by setting spring.main.allow-bean-definition-overriding=true

2025-01-08 18:05:01 [restartedMain] INFO  c.s.devspring.DevspringApplication - Starting DevspringApplication using Java 17.0.12 with PID 5688 (D:\Spring\sts-4.4\workspace\devspring\bin\main started by aatjx in D:\Spring\sts-4.4\workspace\devspring)
2025-01-08 18:05:01 [restartedMain] INFO  c.s.devspring.DevspringApplication - No active profile set, falling back to 1 default profile: "default"
2025-01-08 18:05:01 [restartedMain] DEBUG o.m.s.mapper.ClassPathMapperScanner - Identified candidate component class: file [D:\Spring\sts-4.4\workspace\devspring\bin\main\com\spring\devspring\mapper\BoardMapper.class]
2025-01-08 18:05:01 [restartedMain] DEBUG o.m.s.mapper.ClassPathMapperScanner - Identified candidate component class: file [D:\Spring\sts-4.4\workspace\devspring\bin\main\com\spring\devspring\mapper\CommonMapper.class]
2025-01-08 18:05:01 [restartedMain] DEBUG o.m.s.mapper.ClassPathMapperScanner - Creating MapperFactoryBean with name 'boardMapper' and 'com.spring.devspring.mapper.BoardMapper' mapperInterface
2025-01-08 18:05:01 [restartedMain] DEBUG o.m.s.mapper.ClassPathMapperScanner - Creating MapperFactoryBean with name 'commonMapper' and 'com.spring.devspring.mapper.CommonMapper' mapperInterface
2025-01-08 18:05:01 [restartedMain] INFO  o.s.b.w.e.tomcat.TomcatWebServer - Tomcat initialized with port 8080 (http)
2025-01-08 18:05:01 [restartedMain] INFO  o.a.coyote.http11.Http11NioProtocol - Initializing ProtocolHandler ["http-nio-8080"]
2025-01-08 18:05:01 [restartedMain] INFO  o.a.catalina.core.StandardService - Starting service [Tomcat]
2025-01-08 18:05:01 [restartedMain] INFO  o.a.catalina.core.StandardEngine - Starting Servlet engine: [Apache Tomcat/10.1.34]
2025-01-08 18:05:01 [restartedMain] INFO  o.a.c.c.C.[Tomcat].[localhost].[/] - Initializing Spring embedded WebApplicationContext
2025-01-08 18:05:01 [restartedMain] INFO  o.s.b.w.s.c.ServletWebServerApplicationContext - Root WebApplicationContext: initialization completed in 165 ms
2025-01-08 18:05:01 [restartedMain] DEBUG o.m.spring.SqlSessionFactoryBean - Property 'configuration' or 'configLocation' not specified, using default MyBatis Configuration
2025-01-08 18:05:01 [restartedMain] DEBUG o.m.spring.SqlSessionFactoryBean - Parsed mapper file: 'file [D:\Spring\sts-4.4\workspace\devspring\bin\main\static\mapper\BoardMapper.xml]'
2025-01-08 18:05:01 [restartedMain] DEBUG o.m.spring.SqlSessionFactoryBean - Parsed mapper file: 'file [D:\Spring\sts-4.4\workspace\devspring\bin\main\static\mapper\CommonMapper.xml]'
2025-01-08 18:05:01 [restartedMain] INFO  o.s.b.d.a.OptionalLiveReloadServer - LiveReload server is running on port 35729
2025-01-08 18:05:01 [restartedMain] INFO  o.a.coyote.http11.Http11NioProtocol - Starting ProtocolHandler ["http-nio-8080"]
2025-01-08 18:05:01 [restartedMain] INFO  o.s.b.w.e.tomcat.TomcatWebServer - Tomcat started on port 8080 (http) with context path '/'
2025-01-08 18:05:01 [restartedMain] INFO  c.s.devspring.DevspringApplication - Started DevspringApplication in 0.278 seconds (process running for 77.878)
2025-01-08 18:05:01 [restartedMain] INFO  o.s.b.d.a.ConditionEvaluationDeltaLoggingListener - Condition evaluation delta:


==========================
CONDITION EVALUATION DELTA
==========================


Positive matches:
-----------------

    None


Negative matches:
-----------------

   MailSenderAutoConfiguration:
      Did not match:
         - @ConditionalOnMissingBean (types: org.springframework.mail.MailSender; SearchStrategy: all) found beans of type 'org.springframework.mail.MailSender' javaMailSender (OnBeanCondition)
      Matched:
         - @ConditionalOnClass found required classes 'jakarta.mail.internet.MimeMessage', 'jakarta.activation.MimeType', 'org.springframework.mail.MailSender' (OnClassCondition)
         - AnyNestedCondition 1 matched 1 did not; NestedCondition on MailSenderAutoConfiguration.MailSenderCondition.JndiNameProperty @ConditionalOnProperty (spring.mail.jndi-name) did not find property 'jndi-name'; NestedCondition on MailSenderAutoConfiguration.MailSenderCondition.HostProperty @ConditionalOnProperty (spring.mail.host) matched (MailSenderAutoConfiguration.MailSenderCondition)


Exclusions:
-----------

    None


Unconditional classes:
----------------------

    None



2025-01-08 18:05:01 [RMI TCP Connection(13)-127.0.0.1] INFO  o.s.b.a.SpringApplicationAdminMXBeanRegistrar$SpringApplicationAdmin - Application shutdown requested.
2025-01-08 18:05:01 [RMI TCP Connection(13)-127.0.0.1] INFO  o.s.b.w.e.tomcat.GracefulShutdown - Commencing graceful shutdown. Waiting for active requests to complete
2025-01-08 18:05:01 [tomcat-shutdown] INFO  o.a.coyote.http11.Http11NioProtocol - Pausing ProtocolHandler ["http-nio-8080"]
2025-01-08 18:05:01 [tomcat-shutdown] INFO  o.s.b.w.e.tomcat.GracefulShutdown - Graceful shutdown complete
2025-01-08 18:05:01 [RMI TCP Connection(13)-127.0.0.1] INFO  o.a.coyote.http11.Http11NioProtocol - Stopping ProtocolHandler ["http-nio-8080"]
2025-01-08 18:34:25 [restartedMain] INFO  c.s.devspring.DevspringApplication - Starting DevspringApplication using Java 17.0.12 with PID 11232 (D:\Spring\sts-4.4\workspace\devspring\bin\main started by aatjx in D:\Spring\sts-4.4\workspace\devspring)
2025-01-08 18:34:25 [restartedMain] INFO  c.s.devspring.DevspringApplication - No active profile set, falling back to 1 default profile: "default"
2025-01-08 18:34:25 [restartedMain] INFO  o.s.b.d.e.DevToolsPropertyDefaultsPostProcessor - Devtools property defaults active! Set 'spring.devtools.add-properties' to 'false' to disable
2025-01-08 18:34:25 [restartedMain] INFO  o.s.b.d.e.DevToolsPropertyDefaultsPostProcessor - For additional web related logging consider setting the 'logging.level.web' property to 'DEBUG'
2025-01-08 18:34:25 [restartedMain] DEBUG o.apache.ibatis.logging.LogFactory - Logging initialized using 'class org.apache.ibatis.logging.slf4j.Slf4jImpl' adapter.
2025-01-08 18:34:25 [restartedMain] DEBUG o.m.s.mapper.ClassPathMapperScanner - Identified candidate component class: file [D:\Spring\sts-4.4\workspace\devspring\bin\main\com\spring\devspring\mapper\BoardMapper.class]
2025-01-08 18:34:25 [restartedMain] DEBUG o.m.s.mapper.ClassPathMapperScanner - Identified candidate component class: file [D:\Spring\sts-4.4\workspace\devspring\bin\main\com\spring\devspring\mapper\CommonMapper.class]
2025-01-08 18:34:25 [restartedMain] DEBUG o.m.s.mapper.ClassPathMapperScanner - Creating MapperFactoryBean with name 'boardMapper' and 'com.spring.devspring.mapper.BoardMapper' mapperInterface
2025-01-08 18:34:25 [restartedMain] DEBUG o.m.s.mapper.ClassPathMapperScanner - Creating MapperFactoryBean with name 'commonMapper' and 'com.spring.devspring.mapper.CommonMapper' mapperInterface
2025-01-08 18:34:25 [restartedMain] INFO  o.s.b.w.e.tomcat.TomcatWebServer - Tomcat initialized with port 8080 (http)
2025-01-08 18:34:25 [restartedMain] INFO  o.a.coyote.http11.Http11NioProtocol - Initializing ProtocolHandler ["http-nio-8080"]
2025-01-08 18:34:25 [restartedMain] INFO  o.a.catalina.core.StandardService - Starting service [Tomcat]
2025-01-08 18:34:25 [restartedMain] INFO  o.a.catalina.core.StandardEngine - Starting Servlet engine: [Apache Tomcat/10.1.34]
2025-01-08 18:34:25 [restartedMain] INFO  o.a.c.c.C.[Tomcat].[localhost].[/] - Initializing Spring embedded WebApplicationContext
2025-01-08 18:34:25 [restartedMain] INFO  o.s.b.w.s.c.ServletWebServerApplicationContext - Root WebApplicationContext: initialization completed in 633 ms
2025-01-08 18:34:26 [restartedMain] DEBUG o.m.spring.SqlSessionFactoryBean - Property 'configuration' or 'configLocation' not specified, using default MyBatis Configuration
2025-01-08 18:34:26 [restartedMain] DEBUG o.m.spring.SqlSessionFactoryBean - Parsed mapper file: 'file [D:\Spring\sts-4.4\workspace\devspring\bin\main\static\mapper\BoardMapper.xml]'
2025-01-08 18:34:26 [restartedMain] DEBUG o.m.spring.SqlSessionFactoryBean - Parsed mapper file: 'file [D:\Spring\sts-4.4\workspace\devspring\bin\main\static\mapper\CommonMapper.xml]'
2025-01-08 18:34:26 [restartedMain] INFO  o.s.b.d.a.OptionalLiveReloadServer - LiveReload server is running on port 35729
2025-01-08 18:34:26 [restartedMain] INFO  o.a.coyote.http11.Http11NioProtocol - Starting ProtocolHandler ["http-nio-8080"]
2025-01-08 18:34:26 [restartedMain] INFO  o.s.b.w.e.tomcat.TomcatWebServer - Tomcat started on port 8080 (http) with context path '/'
2025-01-08 18:34:26 [restartedMain] INFO  c.s.devspring.DevspringApplication - Started DevspringApplication in 1.429 seconds (process running for 1.821)
2025-01-08 18:34:28 [http-nio-8080-exec-1] INFO  o.a.c.c.C.[Tomcat].[localhost].[/] - Initializing Spring DispatcherServlet 'dispatcherServlet'
2025-01-08 18:34:28 [http-nio-8080-exec-1] INFO  o.s.web.servlet.DispatcherServlet - Initializing Servlet 'dispatcherServlet'
2025-01-08 18:34:28 [http-nio-8080-exec-1] INFO  o.s.web.servlet.DispatcherServlet - Completed initialization in 1 ms
2025-01-08 18:34:29 [http-nio-8080-exec-1] WARN  o.t.s.p.AbstractStandardFragmentInsertionTagProcessor - [THYMELEAF][http-nio-8080-exec-1][common/layout/layout] Deprecated unwrapped fragment expression "common/fragments/header::header" found in template common/layout/layout, line 31, col 10. Please use the complete syntax of fragment expressions instead ("~{common/fragments/header::header}"). The old, unwrapped syntax for fragment expressions will be removed in future versions of Thymeleaf.
2025-01-08 18:34:29 [http-nio-8080-exec-1] WARN  o.t.s.p.AbstractStandardFragmentInsertionTagProcessor - [THYMELEAF][http-nio-8080-exec-1][common/layout/layout] Deprecated unwrapped fragment expression "common/fragments/footer::footer" found in template common/layout/layout, line 35, col 10. Please use the complete syntax of fragment expressions instead ("~{common/fragments/footer::footer}"). The old, unwrapped syntax for fragment expressions will be removed in future versions of Thymeleaf.
2025-01-08 18:34:29 [http-nio-8080-exec-1] DEBUG org.mybatis.spring.SqlSessionUtils - Creating a new SqlSession
2025-01-08 18:34:29 [http-nio-8080-exec-1] DEBUG org.mybatis.spring.SqlSessionUtils - SqlSession [org.apache.ibatis.session.defaults.DefaultSqlSession@19eda6a3] was not registered for synchronization because synchronization is not active
2025-01-08 18:34:29 [http-nio-8080-exec-1] INFO  com.zaxxer.hikari.HikariDataSource - HikariPool-1 - Starting...
2025-01-08 18:34:29 [http-nio-8080-exec-1] INFO  com.zaxxer.hikari.pool.HikariPool - HikariPool-1 - Added connection com.mysql.cj.jdbc.ConnectionImpl@6b071bb5
2025-01-08 18:34:29 [http-nio-8080-exec-1] INFO  com.zaxxer.hikari.HikariDataSource - HikariPool-1 - Start completed.
2025-01-08 18:34:29 [http-nio-8080-exec-1] DEBUG o.m.s.t.SpringManagedTransaction - JDBC Connection [HikariProxyConnection@635092274 wrapping com.mysql.cj.jdbc.ConnectionImpl@6b071bb5] will not be managed by Spring
2025-01-08 18:34:29 [http-nio-8080-exec-1] DEBUG c.s.d.m.CommonMapper.selectLnbList - ==>  Preparing: SELECT CT_LNB_IDX AS ctLnbIdx, CT_LNB_ID AS ctLnbId, CT_LNB_NAME AS ctLnbName, CT_LNB_SUB_YN AS ctLnbSubYn, CT_LNB_URL AS ctLnbUrl, CT_LNB_USE_YN AS ctLnbUseYn FROM CT_LNB WHERE CT_LNB_USE_YN = 'Y' ORDER BY CT_LNB_IDX
2025-01-08 18:34:29 [http-nio-8080-exec-1] DEBUG c.s.d.m.CommonMapper.selectLnbList - ==> Parameters: 
2025-01-08 18:34:29 [http-nio-8080-exec-1] DEBUG c.s.d.m.CommonMapper.selectLnbList - <==      Total: 4
2025-01-08 18:34:29 [http-nio-8080-exec-1] DEBUG org.mybatis.spring.SqlSessionUtils - Closing non transactional SqlSession [org.apache.ibatis.session.defaults.DefaultSqlSession@19eda6a3]
2025-01-08 18:34:29 [http-nio-8080-exec-5] DEBUG org.mybatis.spring.SqlSessionUtils - Creating a new SqlSession
2025-01-08 18:34:29 [http-nio-8080-exec-5] DEBUG org.mybatis.spring.SqlSessionUtils - SqlSession [org.apache.ibatis.session.defaults.DefaultSqlSession@a294a2] was not registered for synchronization because synchronization is not active
2025-01-08 18:34:29 [http-nio-8080-exec-5] DEBUG o.m.s.t.SpringManagedTransaction - JDBC Connection [HikariProxyConnection@1415494561 wrapping com.mysql.cj.jdbc.ConnectionImpl@6b071bb5] will not be managed by Spring
2025-01-08 18:34:29 [http-nio-8080-exec-5] DEBUG c.s.d.m.CommonMapper.selectLnbList - ==>  Preparing: SELECT CT_LNB_IDX AS ctLnbIdx, CT_LNB_ID AS ctLnbId, CT_LNB_NAME AS ctLnbName, CT_LNB_SUB_YN AS ctLnbSubYn, CT_LNB_URL AS ctLnbUrl, CT_LNB_USE_YN AS ctLnbUseYn FROM CT_LNB WHERE CT_LNB_USE_YN = 'Y' ORDER BY CT_LNB_IDX
2025-01-08 18:34:29 [http-nio-8080-exec-5] DEBUG c.s.d.m.CommonMapper.selectLnbList - ==> Parameters: 
2025-01-08 18:34:29 [http-nio-8080-exec-5] DEBUG c.s.d.m.CommonMapper.selectLnbList - <==      Total: 4
2025-01-08 18:34:29 [http-nio-8080-exec-5] DEBUG org.mybatis.spring.SqlSessionUtils - Closing non transactional SqlSession [org.apache.ibatis.session.defaults.DefaultSqlSession@a294a2]
2025-01-08 18:34:29 [http-nio-8080-exec-2] DEBUG org.mybatis.spring.SqlSessionUtils - Creating a new SqlSession
2025-01-08 18:34:29 [http-nio-8080-exec-3] DEBUG org.mybatis.spring.SqlSessionUtils - Creating a new SqlSession
2025-01-08 18:34:29 [http-nio-8080-exec-7] DEBUG org.mybatis.spring.SqlSessionUtils - Creating a new SqlSession
2025-01-08 18:34:29 [http-nio-8080-exec-2] DEBUG org.mybatis.spring.SqlSessionUtils - SqlSession [org.apache.ibatis.session.defaults.DefaultSqlSession@465e0dd9] was not registered for synchronization because synchronization is not active
2025-01-08 18:34:29 [http-nio-8080-exec-3] DEBUG org.mybatis.spring.SqlSessionUtils - SqlSession [org.apache.ibatis.session.defaults.DefaultSqlSession@152d7762] was not registered for synchronization because synchronization is not active
2025-01-08 18:34:29 [http-nio-8080-exec-7] DEBUG org.mybatis.spring.SqlSessionUtils - SqlSession [org.apache.ibatis.session.defaults.DefaultSqlSession@5f7c5112] was not registered for synchronization because synchronization is not active
2025-01-08 18:34:29 [http-nio-8080-exec-3] DEBUG o.m.s.t.SpringManagedTransaction - JDBC Connection [HikariProxyConnection@1172229051 wrapping com.mysql.cj.jdbc.ConnectionImpl@6b071bb5] will not be managed by Spring
2025-01-08 18:34:29 [http-nio-8080-exec-3] DEBUG c.s.d.m.C.selectLnbSubList - ==>  Preparing: SELECT CT_LNB_SUB_IDX AS ctLnbSubIdx, CT_LNB_ID AS ctLnbId, CT_LNB_SUB_ID AS ctLnbSubId, CT_LNB_SUB_NAME AS ctLnbSubName, CT_LNB_SUB_URL AS ctLnbSubUrl FROM CT_LNB_SUB WHERE CT_LNB_ID = ? ORDER BY CT_LNB_SUB_IDX
2025-01-08 18:34:29 [http-nio-8080-exec-3] DEBUG c.s.d.m.C.selectLnbSubList - ==> Parameters: CT_LNB_CONTACT(String)
2025-01-08 18:34:29 [http-nio-8080-exec-3] DEBUG c.s.d.m.C.selectLnbSubList - <==      Total: 2
2025-01-08 18:34:29 [http-nio-8080-exec-3] DEBUG org.mybatis.spring.SqlSessionUtils - Closing non transactional SqlSession [org.apache.ibatis.session.defaults.DefaultSqlSession@152d7762]
2025-01-08 18:34:29 [http-nio-8080-exec-2] DEBUG o.m.s.t.SpringManagedTransaction - JDBC Connection [HikariProxyConnection@874122559 wrapping com.mysql.cj.jdbc.ConnectionImpl@6b071bb5] will not be managed by Spring
2025-01-08 18:34:29 [http-nio-8080-exec-2] DEBUG c.s.d.m.C.selectLnbSubList - ==>  Preparing: SELECT CT_LNB_SUB_IDX AS ctLnbSubIdx, CT_LNB_ID AS ctLnbId, CT_LNB_SUB_ID AS ctLnbSubId, CT_LNB_SUB_NAME AS ctLnbSubName, CT_LNB_SUB_URL AS ctLnbSubUrl FROM CT_LNB_SUB WHERE CT_LNB_ID = ? ORDER BY CT_LNB_SUB_IDX
2025-01-08 18:34:29 [http-nio-8080-exec-2] DEBUG c.s.d.m.C.selectLnbSubList - ==> Parameters: CT_LNB_INFORMATION(String)
2025-01-08 18:34:29 [http-nio-8080-exec-2] DEBUG c.s.d.m.C.selectLnbSubList - <==      Total: 2
2025-01-08 18:34:29 [http-nio-8080-exec-2] DEBUG org.mybatis.spring.SqlSessionUtils - Closing non transactional SqlSession [org.apache.ibatis.session.defaults.DefaultSqlSession@465e0dd9]
2025-01-08 18:34:29 [http-nio-8080-exec-7] DEBUG o.m.s.t.SpringManagedTransaction - JDBC Connection [HikariProxyConnection@2099803477 wrapping com.mysql.cj.jdbc.ConnectionImpl@6b071bb5] will not be managed by Spring
2025-01-08 18:34:29 [http-nio-8080-exec-7] DEBUG c.s.d.m.C.selectLnbSubList - ==>  Preparing: SELECT CT_LNB_SUB_IDX AS ctLnbSubIdx, CT_LNB_ID AS ctLnbId, CT_LNB_SUB_ID AS ctLnbSubId, CT_LNB_SUB_NAME AS ctLnbSubName, CT_LNB_SUB_URL AS ctLnbSubUrl FROM CT_LNB_SUB WHERE CT_LNB_ID = ? ORDER BY CT_LNB_SUB_IDX
2025-01-08 18:34:29 [http-nio-8080-exec-7] DEBUG c.s.d.m.C.selectLnbSubList - ==> Parameters: CT_LNB_SERVICE(String)
2025-01-08 18:34:29 [http-nio-8080-exec-4] DEBUG org.mybatis.spring.SqlSessionUtils - Creating a new SqlSession
2025-01-08 18:34:29 [http-nio-8080-exec-4] DEBUG org.mybatis.spring.SqlSessionUtils - SqlSession [org.apache.ibatis.session.defaults.DefaultSqlSession@2227576f] was not registered for synchronization because synchronization is not active
2025-01-08 18:34:29 [http-nio-8080-exec-7] DEBUG c.s.d.m.C.selectLnbSubList - <==      Total: 4
2025-01-08 18:34:29 [http-nio-8080-exec-7] DEBUG org.mybatis.spring.SqlSessionUtils - Closing non transactional SqlSession [org.apache.ibatis.session.defaults.DefaultSqlSession@5f7c5112]
2025-01-08 18:34:29 [http-nio-8080-exec-6] DEBUG org.mybatis.spring.SqlSessionUtils - Creating a new SqlSession
2025-01-08 18:34:29 [http-nio-8080-exec-4] DEBUG o.m.s.t.SpringManagedTransaction - JDBC Connection [HikariProxyConnection@560288555 wrapping com.mysql.cj.jdbc.ConnectionImpl@6b071bb5] will not be managed by Spring
2025-01-08 18:34:29 [http-nio-8080-exec-6] DEBUG org.mybatis.spring.SqlSessionUtils - SqlSession [org.apache.ibatis.session.defaults.DefaultSqlSession@596fd6cb] was not registered for synchronization because synchronization is not active
2025-01-08 18:34:29 [http-nio-8080-exec-4] DEBUG c.s.d.m.C.selectLnbSubList - ==>  Preparing: SELECT CT_LNB_SUB_IDX AS ctLnbSubIdx, CT_LNB_ID AS ctLnbId, CT_LNB_SUB_ID AS ctLnbSubId, CT_LNB_SUB_NAME AS ctLnbSubName, CT_LNB_SUB_URL AS ctLnbSubUrl FROM CT_LNB_SUB WHERE CT_LNB_ID = ? ORDER BY CT_LNB_SUB_IDX
2025-01-08 18:34:29 [http-nio-8080-exec-4] DEBUG c.s.d.m.C.selectLnbSubList - ==> Parameters: CT_LNB_CONTACT(String)
2025-01-08 18:34:29 [http-nio-8080-exec-4] DEBUG c.s.d.m.C.selectLnbSubList - <==      Total: 2
2025-01-08 18:34:29 [http-nio-8080-exec-4] DEBUG org.mybatis.spring.SqlSessionUtils - Closing non transactional SqlSession [org.apache.ibatis.session.defaults.DefaultSqlSession@2227576f]
2025-01-08 18:34:29 [http-nio-8080-exec-8] DEBUG org.mybatis.spring.SqlSessionUtils - Creating a new SqlSession
2025-01-08 18:34:29 [http-nio-8080-exec-8] DEBUG org.mybatis.spring.SqlSessionUtils - SqlSession [org.apache.ibatis.session.defaults.DefaultSqlSession@f56556d] was not registered for synchronization because synchronization is not active
2025-01-08 18:34:29 [http-nio-8080-exec-6] DEBUG o.m.s.t.SpringManagedTransaction - JDBC Connection [HikariProxyConnection@325655338 wrapping com.mysql.cj.jdbc.ConnectionImpl@6b071bb5] will not be managed by Spring
2025-01-08 18:34:29 [http-nio-8080-exec-6] DEBUG c.s.d.m.C.selectLnbSubList - ==>  Preparing: SELECT CT_LNB_SUB_IDX AS ctLnbSubIdx, CT_LNB_ID AS ctLnbId, CT_LNB_SUB_ID AS ctLnbSubId, CT_LNB_SUB_NAME AS ctLnbSubName, CT_LNB_SUB_URL AS ctLnbSubUrl FROM CT_LNB_SUB WHERE CT_LNB_ID = ? ORDER BY CT_LNB_SUB_IDX
2025-01-08 18:34:29 [http-nio-8080-exec-6] DEBUG c.s.d.m.C.selectLnbSubList - ==> Parameters: CT_LNB_INFORMATION(String)
2025-01-08 18:34:29 [http-nio-8080-exec-6] DEBUG c.s.d.m.C.selectLnbSubList - <==      Total: 2
2025-01-08 18:34:29 [http-nio-8080-exec-6] DEBUG org.mybatis.spring.SqlSessionUtils - Closing non transactional SqlSession [org.apache.ibatis.session.defaults.DefaultSqlSession@596fd6cb]
2025-01-08 18:34:29 [http-nio-8080-exec-8] DEBUG o.m.s.t.SpringManagedTransaction - JDBC Connection [HikariProxyConnection@191483999 wrapping com.mysql.cj.jdbc.ConnectionImpl@6b071bb5] will not be managed by Spring
2025-01-08 18:34:29 [http-nio-8080-exec-8] DEBUG c.s.d.m.C.selectLnbSubList - ==>  Preparing: SELECT CT_LNB_SUB_IDX AS ctLnbSubIdx, CT_LNB_ID AS ctLnbId, CT_LNB_SUB_ID AS ctLnbSubId, CT_LNB_SUB_NAME AS ctLnbSubName, CT_LNB_SUB_URL AS ctLnbSubUrl FROM CT_LNB_SUB WHERE CT_LNB_ID = ? ORDER BY CT_LNB_SUB_IDX
2025-01-08 18:34:29 [http-nio-8080-exec-8] DEBUG c.s.d.m.C.selectLnbSubList - ==> Parameters: CT_LNB_SERVICE(String)
2025-01-08 18:34:29 [http-nio-8080-exec-8] DEBUG c.s.d.m.C.selectLnbSubList - <==      Total: 4
2025-01-08 18:34:29 [http-nio-8080-exec-8] DEBUG org.mybatis.spring.SqlSessionUtils - Closing non transactional SqlSession [org.apache.ibatis.session.defaults.DefaultSqlSession@f56556d]
2025-01-08 18:36:11 [http-nio-8080-exec-7] WARN  o.t.s.p.AbstractStandardFragmentInsertionTagProcessor - [THYMELEAF][http-nio-8080-exec-7][common/layout/layout] Deprecated unwrapped fragment expression "common/fragments/header::header" found in template common/layout/layout, line 31, col 10. Please use the complete syntax of fragment expressions instead ("~{common/fragments/header::header}"). The old, unwrapped syntax for fragment expressions will be removed in future versions of Thymeleaf.
2025-01-08 18:36:11 [http-nio-8080-exec-7] WARN  o.t.s.p.AbstractStandardFragmentInsertionTagProcessor - [THYMELEAF][http-nio-8080-exec-7][common/layout/layout] Deprecated unwrapped fragment expression "common/fragments/footer::footer" found in template common/layout/layout, line 35, col 10. Please use the complete syntax of fragment expressions instead ("~{common/fragments/footer::footer}"). The old, unwrapped syntax for fragment expressions will be removed in future versions of Thymeleaf.
2025-01-08 18:36:11 [http-nio-8080-exec-7] DEBUG org.mybatis.spring.SqlSessionUtils - Creating a new SqlSession
2025-01-08 18:36:11 [http-nio-8080-exec-7] DEBUG org.mybatis.spring.SqlSessionUtils - SqlSession [org.apache.ibatis.session.defaults.DefaultSqlSession@e9e58b3] was not registered for synchronization because synchronization is not active
2025-01-08 18:36:11 [http-nio-8080-exec-7] DEBUG o.m.s.t.SpringManagedTransaction - JDBC Connection [HikariProxyConnection@2102839238 wrapping com.mysql.cj.jdbc.ConnectionImpl@6b071bb5] will not be managed by Spring
2025-01-08 18:36:11 [http-nio-8080-exec-7] DEBUG c.s.d.m.CommonMapper.selectLnbList - ==>  Preparing: SELECT CT_LNB_IDX AS ctLnbIdx, CT_LNB_ID AS ctLnbId, CT_LNB_NAME AS ctLnbName, CT_LNB_SUB_YN AS ctLnbSubYn, CT_LNB_URL AS ctLnbUrl, CT_LNB_USE_YN AS ctLnbUseYn FROM CT_LNB WHERE CT_LNB_USE_YN = 'Y' ORDER BY CT_LNB_IDX
2025-01-08 18:36:11 [http-nio-8080-exec-7] DEBUG c.s.d.m.CommonMapper.selectLnbList - ==> Parameters: 
2025-01-08 18:36:11 [http-nio-8080-exec-7] DEBUG c.s.d.m.CommonMapper.selectLnbList - <==      Total: 4
2025-01-08 18:36:11 [http-nio-8080-exec-7] DEBUG org.mybatis.spring.SqlSessionUtils - Closing non transactional SqlSession [org.apache.ibatis.session.defaults.DefaultSqlSession@e9e58b3]
2025-01-08 18:36:11 [http-nio-8080-exec-4] DEBUG org.mybatis.spring.SqlSessionUtils - Creating a new SqlSession
2025-01-08 18:36:11 [http-nio-8080-exec-4] DEBUG org.mybatis.spring.SqlSessionUtils - SqlSession [org.apache.ibatis.session.defaults.DefaultSqlSession@266989e9] was not registered for synchronization because synchronization is not active
2025-01-08 18:36:11 [http-nio-8080-exec-4] DEBUG o.m.s.t.SpringManagedTransaction - JDBC Connection [HikariProxyConnection@756972036 wrapping com.mysql.cj.jdbc.ConnectionImpl@6b071bb5] will not be managed by Spring
2025-01-08 18:36:11 [http-nio-8080-exec-4] DEBUG c.s.d.m.CommonMapper.selectLnbList - ==>  Preparing: SELECT CT_LNB_IDX AS ctLnbIdx, CT_LNB_ID AS ctLnbId, CT_LNB_NAME AS ctLnbName, CT_LNB_SUB_YN AS ctLnbSubYn, CT_LNB_URL AS ctLnbUrl, CT_LNB_USE_YN AS ctLnbUseYn FROM CT_LNB WHERE CT_LNB_USE_YN = 'Y' ORDER BY CT_LNB_IDX
2025-01-08 18:36:11 [http-nio-8080-exec-4] DEBUG c.s.d.m.CommonMapper.selectLnbList - ==> Parameters: 
2025-01-08 18:36:11 [http-nio-8080-exec-10] DEBUG org.mybatis.spring.SqlSessionUtils - Creating a new SqlSession
2025-01-08 18:36:11 [http-nio-8080-exec-6] DEBUG org.mybatis.spring.SqlSessionUtils - Creating a new SqlSession
2025-01-08 18:36:11 [http-nio-8080-exec-8] DEBUG org.mybatis.spring.SqlSessionUtils - Creating a new SqlSession
2025-01-08 18:36:11 [http-nio-8080-exec-4] DEBUG c.s.d.m.CommonMapper.selectLnbList - <==      Total: 4
2025-01-08 18:36:11 [http-nio-8080-exec-8] DEBUG org.mybatis.spring.SqlSessionUtils - SqlSession [org.apache.ibatis.session.defaults.DefaultSqlSession@15a2e2aa] was not registered for synchronization because synchronization is not active
2025-01-08 18:36:11 [http-nio-8080-exec-10] DEBUG org.mybatis.spring.SqlSessionUtils - SqlSession [org.apache.ibatis.session.defaults.DefaultSqlSession@5441d6e8] was not registered for synchronization because synchronization is not active
2025-01-08 18:36:11 [http-nio-8080-exec-6] DEBUG org.mybatis.spring.SqlSessionUtils - SqlSession [org.apache.ibatis.session.defaults.DefaultSqlSession@6bcfef32] was not registered for synchronization because synchronization is not active
2025-01-08 18:36:11 [http-nio-8080-exec-4] DEBUG org.mybatis.spring.SqlSessionUtils - Closing non transactional SqlSession [org.apache.ibatis.session.defaults.DefaultSqlSession@266989e9]
2025-01-08 18:36:11 [http-nio-8080-exec-10] DEBUG o.m.s.t.SpringManagedTransaction - JDBC Connection [HikariProxyConnection@289620484 wrapping com.mysql.cj.jdbc.ConnectionImpl@28578c9] will not be managed by Spring
2025-01-08 18:36:11 [http-nio-8080-exec-6] DEBUG o.m.s.t.SpringManagedTransaction - JDBC Connection [HikariProxyConnection@816060714 wrapping com.mysql.cj.jdbc.ConnectionImpl@748eab20] will not be managed by Spring
2025-01-08 18:36:11 [http-nio-8080-exec-8] DEBUG o.m.s.t.SpringManagedTransaction - JDBC Connection [HikariProxyConnection@206887746 wrapping com.mysql.cj.jdbc.ConnectionImpl@6f4c943] will not be managed by Spring
2025-01-08 18:36:11 [http-nio-8080-exec-10] DEBUG c.s.d.m.C.selectLnbSubList - ==>  Preparing: SELECT CT_LNB_SUB_IDX AS ctLnbSubIdx, CT_LNB_ID AS ctLnbId, CT_LNB_SUB_ID AS ctLnbSubId, CT_LNB_SUB_NAME AS ctLnbSubName, CT_LNB_SUB_URL AS ctLnbSubUrl FROM CT_LNB_SUB WHERE CT_LNB_ID = ? ORDER BY CT_LNB_SUB_IDX
2025-01-08 18:36:11 [http-nio-8080-exec-6] DEBUG c.s.d.m.C.selectLnbSubList - ==>  Preparing: SELECT CT_LNB_SUB_IDX AS ctLnbSubIdx, CT_LNB_ID AS ctLnbId, CT_LNB_SUB_ID AS ctLnbSubId, CT_LNB_SUB_NAME AS ctLnbSubName, CT_LNB_SUB_URL AS ctLnbSubUrl FROM CT_LNB_SUB WHERE CT_LNB_ID = ? ORDER BY CT_LNB_SUB_IDX
2025-01-08 18:36:11 [http-nio-8080-exec-8] DEBUG c.s.d.m.C.selectLnbSubList - ==>  Preparing: SELECT CT_LNB_SUB_IDX AS ctLnbSubIdx, CT_LNB_ID AS ctLnbId, CT_LNB_SUB_ID AS ctLnbSubId, CT_LNB_SUB_NAME AS ctLnbSubName, CT_LNB_SUB_URL AS ctLnbSubUrl FROM CT_LNB_SUB WHERE CT_LNB_ID = ? ORDER BY CT_LNB_SUB_IDX
2025-01-08 18:36:11 [http-nio-8080-exec-6] DEBUG c.s.d.m.C.selectLnbSubList - ==> Parameters: CT_LNB_SERVICE(String)
2025-01-08 18:36:11 [http-nio-8080-exec-8] DEBUG c.s.d.m.C.selectLnbSubList - ==> Parameters: CT_LNB_INFORMATION(String)
2025-01-08 18:36:11 [http-nio-8080-exec-10] DEBUG c.s.d.m.C.selectLnbSubList - ==> Parameters: CT_LNB_CONTACT(String)
2025-01-08 18:36:11 [http-nio-8080-exec-10] DEBUG c.s.d.m.C.selectLnbSubList - <==      Total: 2
2025-01-08 18:36:11 [http-nio-8080-exec-8] DEBUG c.s.d.m.C.selectLnbSubList - <==      Total: 2
2025-01-08 18:36:11 [http-nio-8080-exec-6] DEBUG c.s.d.m.C.selectLnbSubList - <==      Total: 4
2025-01-08 18:36:11 [http-nio-8080-exec-8] DEBUG org.mybatis.spring.SqlSessionUtils - Closing non transactional SqlSession [org.apache.ibatis.session.defaults.DefaultSqlSession@15a2e2aa]
2025-01-08 18:36:11 [http-nio-8080-exec-10] DEBUG org.mybatis.spring.SqlSessionUtils - Closing non transactional SqlSession [org.apache.ibatis.session.defaults.DefaultSqlSession@5441d6e8]
2025-01-08 18:36:11 [http-nio-8080-exec-6] DEBUG org.mybatis.spring.SqlSessionUtils - Closing non transactional SqlSession [org.apache.ibatis.session.defaults.DefaultSqlSession@6bcfef32]
2025-01-08 18:36:11 [http-nio-8080-exec-1] DEBUG org.mybatis.spring.SqlSessionUtils - Creating a new SqlSession
2025-01-08 18:36:11 [http-nio-8080-exec-2] DEBUG org.mybatis.spring.SqlSessionUtils - Creating a new SqlSession
2025-01-08 18:36:11 [http-nio-8080-exec-3] DEBUG org.mybatis.spring.SqlSessionUtils - Creating a new SqlSession
2025-01-08 18:36:11 [http-nio-8080-exec-1] DEBUG org.mybatis.spring.SqlSessionUtils - SqlSession [org.apache.ibatis.session.defaults.DefaultSqlSession@4eaa4c47] was not registered for synchronization because synchronization is not active
2025-01-08 18:36:11 [http-nio-8080-exec-2] DEBUG org.mybatis.spring.SqlSessionUtils - SqlSession [org.apache.ibatis.session.defaults.DefaultSqlSession@3fdd98c0] was not registered for synchronization because synchronization is not active
2025-01-08 18:36:11 [http-nio-8080-exec-3] DEBUG org.mybatis.spring.SqlSessionUtils - SqlSession [org.apache.ibatis.session.defaults.DefaultSqlSession@513109f6] was not registered for synchronization because synchronization is not active
2025-01-08 18:36:11 [http-nio-8080-exec-2] DEBUG o.m.s.t.SpringManagedTransaction - JDBC Connection [HikariProxyConnection@1655477512 wrapping com.mysql.cj.jdbc.ConnectionImpl@6b071bb5] will not be managed by Spring
2025-01-08 18:36:11 [http-nio-8080-exec-1] DEBUG o.m.s.t.SpringManagedTransaction - JDBC Connection [HikariProxyConnection@1168868235 wrapping com.mysql.cj.jdbc.ConnectionImpl@748eab20] will not be managed by Spring
2025-01-08 18:36:11 [http-nio-8080-exec-2] DEBUG c.s.d.m.C.selectLnbSubList - ==>  Preparing: SELECT CT_LNB_SUB_IDX AS ctLnbSubIdx, CT_LNB_ID AS ctLnbId, CT_LNB_SUB_ID AS ctLnbSubId, CT_LNB_SUB_NAME AS ctLnbSubName, CT_LNB_SUB_URL AS ctLnbSubUrl FROM CT_LNB_SUB WHERE CT_LNB_ID = ? ORDER BY CT_LNB_SUB_IDX
2025-01-08 18:36:11 [http-nio-8080-exec-3] DEBUG o.m.s.t.SpringManagedTransaction - JDBC Connection [HikariProxyConnection@1342793260 wrapping com.mysql.cj.jdbc.ConnectionImpl@28578c9] will not be managed by Spring
2025-01-08 18:36:11 [http-nio-8080-exec-3] DEBUG c.s.d.m.C.selectLnbSubList - ==>  Preparing: SELECT CT_LNB_SUB_IDX AS ctLnbSubIdx, CT_LNB_ID AS ctLnbId, CT_LNB_SUB_ID AS ctLnbSubId, CT_LNB_SUB_NAME AS ctLnbSubName, CT_LNB_SUB_URL AS ctLnbSubUrl FROM CT_LNB_SUB WHERE CT_LNB_ID = ? ORDER BY CT_LNB_SUB_IDX
2025-01-08 18:36:11 [http-nio-8080-exec-1] DEBUG c.s.d.m.C.selectLnbSubList - ==>  Preparing: SELECT CT_LNB_SUB_IDX AS ctLnbSubIdx, CT_LNB_ID AS ctLnbId, CT_LNB_SUB_ID AS ctLnbSubId, CT_LNB_SUB_NAME AS ctLnbSubName, CT_LNB_SUB_URL AS ctLnbSubUrl FROM CT_LNB_SUB WHERE CT_LNB_ID = ? ORDER BY CT_LNB_SUB_IDX
2025-01-08 18:36:11 [http-nio-8080-exec-2] DEBUG c.s.d.m.C.selectLnbSubList - ==> Parameters: CT_LNB_SERVICE(String)
2025-01-08 18:36:11 [http-nio-8080-exec-3] DEBUG c.s.d.m.C.selectLnbSubList - ==> Parameters: CT_LNB_INFORMATION(String)
2025-01-08 18:36:11 [http-nio-8080-exec-1] DEBUG c.s.d.m.C.selectLnbSubList - ==> Parameters: CT_LNB_CONTACT(String)
2025-01-08 18:36:11 [http-nio-8080-exec-2] DEBUG c.s.d.m.C.selectLnbSubList - <==      Total: 4
2025-01-08 18:36:11 [http-nio-8080-exec-1] DEBUG c.s.d.m.C.selectLnbSubList - <==      Total: 2
2025-01-08 18:36:11 [http-nio-8080-exec-2] DEBUG org.mybatis.spring.SqlSessionUtils - Closing non transactional SqlSession [org.apache.ibatis.session.defaults.DefaultSqlSession@3fdd98c0]
2025-01-08 18:36:11 [http-nio-8080-exec-1] DEBUG org.mybatis.spring.SqlSessionUtils - Closing non transactional SqlSession [org.apache.ibatis.session.defaults.DefaultSqlSession@4eaa4c47]
2025-01-08 18:36:11 [http-nio-8080-exec-3] DEBUG c.s.d.m.C.selectLnbSubList - <==      Total: 2
2025-01-08 18:36:11 [http-nio-8080-exec-3] DEBUG org.mybatis.spring.SqlSessionUtils - Closing non transactional SqlSession [org.apache.ibatis.session.defaults.DefaultSqlSession@513109f6]
2025-01-08 18:36:20 [http-nio-8080-exec-5] ERROR o.a.c.c.C.[.[.[.[dispatcherServlet] - Servlet.service() for servlet [dispatcherServlet] in context with path [] threw exception [Request processing failed: java.lang.NullPointerException: Cannot invoke "String.length()" because "s" is null] with root cause
java.lang.NullPointerException: Cannot invoke "String.length()" because "s" is null
	at jakarta.mail.internet.InternetAddress.parse(InternetAddress.java:778)
	at jakarta.mail.internet.InternetAddress.parse(InternetAddress.java:737)
	at jakarta.mail.internet.InternetAddress.parse(InternetAddress.java:714)
	at org.springframework.mail.javamail.MimeMessageHelper.parseAddress(MimeMessageHelper.java:736)
	at org.springframework.mail.javamail.MimeMessageHelper.setTo(MimeMessageHelper.java:622)
	at org.springframework.mail.javamail.MimeMailMessage.setTo(MimeMailMessage.java:109)
	at org.springframework.mail.SimpleMailMessage.copyTo(SimpleMailMessage.java:204)
	at org.springframework.mail.javamail.JavaMailSenderImpl.send(JavaMailSenderImpl.java:314)
	at org.springframework.mail.MailSender.send(MailSender.java:42)
	at com.spring.devspring.controller_service.EmailService.sendSimpleMessage(EmailService.java:24)
	at com.spring.devspring.controller_service.EmailController.sendMail(EmailController.java:21)
	at java.base/jdk.internal.reflect.NativeMethodAccessorImpl.invoke0(Native Method)
	at java.base/jdk.internal.reflect.NativeMethodAccessorImpl.invoke(NativeMethodAccessorImpl.java:77)
	at java.base/jdk.internal.reflect.DelegatingMethodAccessorImpl.invoke(DelegatingMethodAccessorImpl.java:43)
	at java.base/java.lang.reflect.Method.invoke(Method.java:568)
	at org.springframework.web.method.support.InvocableHandlerMethod.doInvoke(InvocableHandlerMethod.java:257)
	at org.springframework.web.method.support.InvocableHandlerMethod.invokeForRequest(InvocableHandlerMethod.java:190)
	at org.springframework.web.servlet.mvc.method.annotation.ServletInvocableHandlerMethod.invokeAndHandle(ServletInvocableHandlerMethod.java:118)
	at org.springframework.web.servlet.mvc.method.annotation.RequestMappingHandlerAdapter.invokeHandlerMethod(RequestMappingHandlerAdapter.java:986)
	at org.springframework.web.servlet.mvc.method.annotation.RequestMappingHandlerAdapter.handleInternal(RequestMappingHandlerAdapter.java:891)
	at org.springframework.web.servlet.mvc.method.AbstractHandlerMethodAdapter.handle(AbstractHandlerMethodAdapter.java:87)
	at org.springframework.web.servlet.DispatcherServlet.doDispatch(DispatcherServlet.java:1088)
	at org.springframework.web.servlet.DispatcherServlet.doService(DispatcherServlet.java:978)
	at org.springframework.web.servlet.FrameworkServlet.processRequest(FrameworkServlet.java:1014)
	at org.springframework.web.servlet.FrameworkServlet.doPost(FrameworkServlet.java:914)
	at jakarta.servlet.http.HttpServlet.service(HttpServlet.java:590)
	at org.springframework.web.servlet.FrameworkServlet.service(FrameworkServlet.java:885)
	at jakarta.servlet.http.HttpServlet.service(HttpServlet.java:658)
	at org.apache.catalina.core.ApplicationFilterChain.internalDoFilter(ApplicationFilterChain.java:195)
	at org.apache.catalina.core.ApplicationFilterChain.doFilter(ApplicationFilterChain.java:140)
	at org.apache.tomcat.websocket.server.WsFilter.doFilter(WsFilter.java:51)
	at org.apache.catalina.core.ApplicationFilterChain.internalDoFilter(ApplicationFilterChain.java:164)
	at org.apache.catalina.core.ApplicationFilterChain.doFilter(ApplicationFilterChain.java:140)
	at org.springframework.web.filter.RequestContextFilter.doFilterInternal(RequestContextFilter.java:100)
	at org.springframework.web.filter.OncePerRequestFilter.doFilter(OncePerRequestFilter.java:116)
	at org.apache.catalina.core.ApplicationFilterChain.internalDoFilter(ApplicationFilterChain.java:164)
	at org.apache.catalina.core.ApplicationFilterChain.doFilter(ApplicationFilterChain.java:140)
	at org.springframework.web.filter.FormContentFilter.doFilterInternal(FormContentFilter.java:93)
	at org.springframework.web.filter.OncePerRequestFilter.doFilter(OncePerRequestFilter.java:116)
	at org.apache.catalina.core.ApplicationFilterChain.internalDoFilter(ApplicationFilterChain.java:164)
	at org.apache.catalina.core.ApplicationFilterChain.doFilter(ApplicationFilterChain.java:140)
	at org.springframework.web.filter.CharacterEncodingFilter.doFilterInternal(CharacterEncodingFilter.java:201)
	at org.springframework.web.filter.OncePerRequestFilter.doFilter(OncePerRequestFilter.java:116)
	at org.apache.catalina.core.ApplicationFilterChain.internalDoFilter(ApplicationFilterChain.java:164)
	at org.apache.catalina.core.ApplicationFilterChain.doFilter(ApplicationFilterChain.java:140)
	at org.apache.catalina.core.StandardWrapperValve.invoke(StandardWrapperValve.java:167)
	at org.apache.catalina.core.StandardContextValve.invoke(StandardContextValve.java:90)
	at org.apache.catalina.authenticator.AuthenticatorBase.invoke(AuthenticatorBase.java:483)
	at org.apache.catalina.core.StandardHostValve.invoke(StandardHostValve.java:115)
	at org.apache.catalina.valves.ErrorReportValve.invoke(ErrorReportValve.java:93)
	at org.apache.catalina.core.StandardEngineValve.invoke(StandardEngineValve.java:74)
	at org.apache.catalina.connector.CoyoteAdapter.service(CoyoteAdapter.java:344)
	at org.apache.coyote.http11.Http11Processor.service(Http11Processor.java:397)
	at org.apache.coyote.AbstractProcessorLight.process(AbstractProcessorLight.java:63)
	at org.apache.coyote.AbstractProtocol$ConnectionHandler.process(AbstractProtocol.java:905)
	at org.apache.tomcat.util.net.NioEndpoint$SocketProcessor.doRun(NioEndpoint.java:1741)
	at org.apache.tomcat.util.net.SocketProcessorBase.run(SocketProcessorBase.java:52)
	at org.apache.tomcat.util.threads.ThreadPoolExecutor.runWorker(ThreadPoolExecutor.java:1190)
	at org.apache.tomcat.util.threads.ThreadPoolExecutor$Worker.run(ThreadPoolExecutor.java:659)
	at org.apache.tomcat.util.threads.TaskThread$WrappingRunnable.run(TaskThread.java:63)
	at java.base/java.lang.Thread.run(Thread.java:842)
2025-01-08 18:36:57 [http-nio-8080-exec-9] WARN  o.t.s.p.AbstractStandardFragmentInsertionTagProcessor - [THYMELEAF][http-nio-8080-exec-9][common/layout/layout] Deprecated unwrapped fragment expression "common/fragments/header::header" found in template common/layout/layout, line 31, col 10. Please use the complete syntax of fragment expressions instead ("~{common/fragments/header::header}"). The old, unwrapped syntax for fragment expressions will be removed in future versions of Thymeleaf.
2025-01-08 18:36:57 [http-nio-8080-exec-9] WARN  o.t.s.p.AbstractStandardFragmentInsertionTagProcessor - [THYMELEAF][http-nio-8080-exec-9][common/layout/layout] Deprecated unwrapped fragment expression "common/fragments/footer::footer" found in template common/layout/layout, line 35, col 10. Please use the complete syntax of fragment expressions instead ("~{common/fragments/footer::footer}"). The old, unwrapped syntax for fragment expressions will be removed in future versions of Thymeleaf.
2025-01-08 18:36:57 [http-nio-8080-exec-9] DEBUG org.mybatis.spring.SqlSessionUtils - Creating a new SqlSession
2025-01-08 18:36:57 [http-nio-8080-exec-9] DEBUG org.mybatis.spring.SqlSessionUtils - SqlSession [org.apache.ibatis.session.defaults.DefaultSqlSession@1da68e8c] was not registered for synchronization because synchronization is not active
2025-01-08 18:36:57 [http-nio-8080-exec-9] DEBUG o.m.s.t.SpringManagedTransaction - JDBC Connection [HikariProxyConnection@1648305639 wrapping com.mysql.cj.jdbc.ConnectionImpl@6b071bb5] will not be managed by Spring
2025-01-08 18:36:57 [http-nio-8080-exec-9] DEBUG c.s.d.m.CommonMapper.selectLnbList - ==>  Preparing: SELECT CT_LNB_IDX AS ctLnbIdx, CT_LNB_ID AS ctLnbId, CT_LNB_NAME AS ctLnbName, CT_LNB_SUB_YN AS ctLnbSubYn, CT_LNB_URL AS ctLnbUrl, CT_LNB_USE_YN AS ctLnbUseYn FROM CT_LNB WHERE CT_LNB_USE_YN = 'Y' ORDER BY CT_LNB_IDX
2025-01-08 18:36:57 [http-nio-8080-exec-9] DEBUG c.s.d.m.CommonMapper.selectLnbList - ==> Parameters: 
2025-01-08 18:36:57 [http-nio-8080-exec-9] DEBUG c.s.d.m.CommonMapper.selectLnbList - <==      Total: 4
2025-01-08 18:36:57 [http-nio-8080-exec-9] DEBUG org.mybatis.spring.SqlSessionUtils - Closing non transactional SqlSession [org.apache.ibatis.session.defaults.DefaultSqlSession@1da68e8c]
2025-01-08 18:36:57 [http-nio-8080-exec-7] DEBUG org.mybatis.spring.SqlSessionUtils - Creating a new SqlSession
2025-01-08 18:36:57 [http-nio-8080-exec-7] DEBUG org.mybatis.spring.SqlSessionUtils - SqlSession [org.apache.ibatis.session.defaults.DefaultSqlSession@74a26dcd] was not registered for synchronization because synchronization is not active
2025-01-08 18:36:57 [http-nio-8080-exec-7] DEBUG o.m.s.t.SpringManagedTransaction - JDBC Connection [HikariProxyConnection@1065483368 wrapping com.mysql.cj.jdbc.ConnectionImpl@6b071bb5] will not be managed by Spring
2025-01-08 18:36:57 [http-nio-8080-exec-7] DEBUG c.s.d.m.CommonMapper.selectLnbList - ==>  Preparing: SELECT CT_LNB_IDX AS ctLnbIdx, CT_LNB_ID AS ctLnbId, CT_LNB_NAME AS ctLnbName, CT_LNB_SUB_YN AS ctLnbSubYn, CT_LNB_URL AS ctLnbUrl, CT_LNB_USE_YN AS ctLnbUseYn FROM CT_LNB WHERE CT_LNB_USE_YN = 'Y' ORDER BY CT_LNB_IDX
2025-01-08 18:36:57 [http-nio-8080-exec-7] DEBUG c.s.d.m.CommonMapper.selectLnbList - ==> Parameters: 
2025-01-08 18:36:57 [http-nio-8080-exec-7] DEBUG c.s.d.m.CommonMapper.selectLnbList - <==      Total: 4
2025-01-08 18:36:57 [http-nio-8080-exec-7] DEBUG org.mybatis.spring.SqlSessionUtils - Closing non transactional SqlSession [org.apache.ibatis.session.defaults.DefaultSqlSession@74a26dcd]
2025-01-08 18:36:57 [http-nio-8080-exec-4] DEBUG org.mybatis.spring.SqlSessionUtils - Creating a new SqlSession
2025-01-08 18:36:57 [http-nio-8080-exec-4] DEBUG org.mybatis.spring.SqlSessionUtils - SqlSession [org.apache.ibatis.session.defaults.DefaultSqlSession@2fc422df] was not registered for synchronization because synchronization is not active
2025-01-08 18:36:57 [http-nio-8080-exec-4] DEBUG o.m.s.t.SpringManagedTransaction - JDBC Connection [HikariProxyConnection@346671493 wrapping com.mysql.cj.jdbc.ConnectionImpl@6b071bb5] will not be managed by Spring
2025-01-08 18:36:57 [http-nio-8080-exec-4] DEBUG c.s.d.m.C.selectLnbSubList - ==>  Preparing: SELECT CT_LNB_SUB_IDX AS ctLnbSubIdx, CT_LNB_ID AS ctLnbId, CT_LNB_SUB_ID AS ctLnbSubId, CT_LNB_SUB_NAME AS ctLnbSubName, CT_LNB_SUB_URL AS ctLnbSubUrl FROM CT_LNB_SUB WHERE CT_LNB_ID = ? ORDER BY CT_LNB_SUB_IDX
2025-01-08 18:36:57 [http-nio-8080-exec-4] DEBUG c.s.d.m.C.selectLnbSubList - ==> Parameters: CT_LNB_INFORMATION(String)
2025-01-08 18:36:57 [http-nio-8080-exec-4] DEBUG c.s.d.m.C.selectLnbSubList - <==      Total: 2
2025-01-08 18:36:57 [http-nio-8080-exec-4] DEBUG org.mybatis.spring.SqlSessionUtils - Closing non transactional SqlSession [org.apache.ibatis.session.defaults.DefaultSqlSession@2fc422df]
2025-01-08 18:36:57 [http-nio-8080-exec-10] DEBUG org.mybatis.spring.SqlSessionUtils - Creating a new SqlSession
2025-01-08 18:36:57 [http-nio-8080-exec-8] DEBUG org.mybatis.spring.SqlSessionUtils - Creating a new SqlSession
2025-01-08 18:36:57 [http-nio-8080-exec-10] DEBUG org.mybatis.spring.SqlSessionUtils - SqlSession [org.apache.ibatis.session.defaults.DefaultSqlSession@716cbd4b] was not registered for synchronization because synchronization is not active
2025-01-08 18:36:57 [http-nio-8080-exec-8] DEBUG org.mybatis.spring.SqlSessionUtils - SqlSession [org.apache.ibatis.session.defaults.DefaultSqlSession@64e63808] was not registered for synchronization because synchronization is not active
2025-01-08 18:36:58 [http-nio-8080-exec-10] DEBUG o.m.s.t.SpringManagedTransaction - JDBC Connection [HikariProxyConnection@1476837535 wrapping com.mysql.cj.jdbc.ConnectionImpl@28578c9] will not be managed by Spring
2025-01-08 18:36:58 [http-nio-8080-exec-8] DEBUG o.m.s.t.SpringManagedTransaction - JDBC Connection [HikariProxyConnection@1148734214 wrapping com.mysql.cj.jdbc.ConnectionImpl@6f4c943] will not be managed by Spring
2025-01-08 18:36:58 [http-nio-8080-exec-10] DEBUG c.s.d.m.C.selectLnbSubList - ==>  Preparing: SELECT CT_LNB_SUB_IDX AS ctLnbSubIdx, CT_LNB_ID AS ctLnbId, CT_LNB_SUB_ID AS ctLnbSubId, CT_LNB_SUB_NAME AS ctLnbSubName, CT_LNB_SUB_URL AS ctLnbSubUrl FROM CT_LNB_SUB WHERE CT_LNB_ID = ? ORDER BY CT_LNB_SUB_IDX
2025-01-08 18:36:58 [http-nio-8080-exec-8] DEBUG c.s.d.m.C.selectLnbSubList - ==>  Preparing: SELECT CT_LNB_SUB_IDX AS ctLnbSubIdx, CT_LNB_ID AS ctLnbId, CT_LNB_SUB_ID AS ctLnbSubId, CT_LNB_SUB_NAME AS ctLnbSubName, CT_LNB_SUB_URL AS ctLnbSubUrl FROM CT_LNB_SUB WHERE CT_LNB_ID = ? ORDER BY CT_LNB_SUB_IDX
2025-01-08 18:36:58 [http-nio-8080-exec-10] DEBUG c.s.d.m.C.selectLnbSubList - ==> Parameters: CT_LNB_SERVICE(String)
2025-01-08 18:36:58 [http-nio-8080-exec-8] DEBUG c.s.d.m.C.selectLnbSubList - ==> Parameters: CT_LNB_CONTACT(String)
2025-01-08 18:36:58 [http-nio-8080-exec-8] DEBUG c.s.d.m.C.selectLnbSubList - <==      Total: 2
2025-01-08 18:36:58 [http-nio-8080-exec-10] DEBUG c.s.d.m.C.selectLnbSubList - <==      Total: 4
2025-01-08 18:36:58 [http-nio-8080-exec-8] DEBUG org.mybatis.spring.SqlSessionUtils - Closing non transactional SqlSession [org.apache.ibatis.session.defaults.DefaultSqlSession@64e63808]
2025-01-08 18:36:58 [http-nio-8080-exec-10] DEBUG org.mybatis.spring.SqlSessionUtils - Closing non transactional SqlSession [org.apache.ibatis.session.defaults.DefaultSqlSession@716cbd4b]
2025-01-08 18:36:58 [http-nio-8080-exec-6] DEBUG org.mybatis.spring.SqlSessionUtils - Creating a new SqlSession
2025-01-08 18:36:58 [http-nio-8080-exec-6] DEBUG org.mybatis.spring.SqlSessionUtils - SqlSession [org.apache.ibatis.session.defaults.DefaultSqlSession@312e4d43] was not registered for synchronization because synchronization is not active
2025-01-08 18:36:58 [http-nio-8080-exec-6] DEBUG o.m.s.t.SpringManagedTransaction - JDBC Connection [HikariProxyConnection@813185005 wrapping com.mysql.cj.jdbc.ConnectionImpl@748eab20] will not be managed by Spring
2025-01-08 18:36:58 [http-nio-8080-exec-6] DEBUG c.s.d.m.C.selectLnbSubList - ==>  Preparing: SELECT CT_LNB_SUB_IDX AS ctLnbSubIdx, CT_LNB_ID AS ctLnbId, CT_LNB_SUB_ID AS ctLnbSubId, CT_LNB_SUB_NAME AS ctLnbSubName, CT_LNB_SUB_URL AS ctLnbSubUrl FROM CT_LNB_SUB WHERE CT_LNB_ID = ? ORDER BY CT_LNB_SUB_IDX
2025-01-08 18:36:58 [http-nio-8080-exec-6] DEBUG c.s.d.m.C.selectLnbSubList - ==> Parameters: CT_LNB_INFORMATION(String)
2025-01-08 18:36:58 [http-nio-8080-exec-1] DEBUG org.mybatis.spring.SqlSessionUtils - Creating a new SqlSession
2025-01-08 18:36:58 [http-nio-8080-exec-2] DEBUG org.mybatis.spring.SqlSessionUtils - Creating a new SqlSession
2025-01-08 18:36:58 [http-nio-8080-exec-1] DEBUG org.mybatis.spring.SqlSessionUtils - SqlSession [org.apache.ibatis.session.defaults.DefaultSqlSession@40245823] was not registered for synchronization because synchronization is not active
2025-01-08 18:36:58 [http-nio-8080-exec-2] DEBUG org.mybatis.spring.SqlSessionUtils - SqlSession [org.apache.ibatis.session.defaults.DefaultSqlSession@3a735469] was not registered for synchronization because synchronization is not active
2025-01-08 18:36:58 [http-nio-8080-exec-1] DEBUG o.m.s.t.SpringManagedTransaction - JDBC Connection [HikariProxyConnection@183282693 wrapping com.mysql.cj.jdbc.ConnectionImpl@28578c9] will not be managed by Spring
2025-01-08 18:36:58 [http-nio-8080-exec-2] DEBUG o.m.s.t.SpringManagedTransaction - JDBC Connection [HikariProxyConnection@1022460666 wrapping com.mysql.cj.jdbc.ConnectionImpl@6b071bb5] will not be managed by Spring
2025-01-08 18:36:58 [http-nio-8080-exec-1] DEBUG c.s.d.m.C.selectLnbSubList - ==>  Preparing: SELECT CT_LNB_SUB_IDX AS ctLnbSubIdx, CT_LNB_ID AS ctLnbId, CT_LNB_SUB_ID AS ctLnbSubId, CT_LNB_SUB_NAME AS ctLnbSubName, CT_LNB_SUB_URL AS ctLnbSubUrl FROM CT_LNB_SUB WHERE CT_LNB_ID = ? ORDER BY CT_LNB_SUB_IDX
2025-01-08 18:36:58 [http-nio-8080-exec-2] DEBUG c.s.d.m.C.selectLnbSubList - ==>  Preparing: SELECT CT_LNB_SUB_IDX AS ctLnbSubIdx, CT_LNB_ID AS ctLnbId, CT_LNB_SUB_ID AS ctLnbSubId, CT_LNB_SUB_NAME AS ctLnbSubName, CT_LNB_SUB_URL AS ctLnbSubUrl FROM CT_LNB_SUB WHERE CT_LNB_ID = ? ORDER BY CT_LNB_SUB_IDX
2025-01-08 18:36:58 [http-nio-8080-exec-6] DEBUG c.s.d.m.C.selectLnbSubList - <==      Total: 2
2025-01-08 18:36:58 [http-nio-8080-exec-2] DEBUG c.s.d.m.C.selectLnbSubList - ==> Parameters: CT_LNB_CONTACT(String)
2025-01-08 18:36:58 [http-nio-8080-exec-6] DEBUG org.mybatis.spring.SqlSessionUtils - Closing non transactional SqlSession [org.apache.ibatis.session.defaults.DefaultSqlSession@312e4d43]
2025-01-08 18:36:58 [http-nio-8080-exec-1] DEBUG c.s.d.m.C.selectLnbSubList - ==> Parameters: CT_LNB_SERVICE(String)
2025-01-08 18:36:58 [http-nio-8080-exec-2] DEBUG c.s.d.m.C.selectLnbSubList - <==      Total: 2
2025-01-08 18:36:58 [http-nio-8080-exec-1] DEBUG c.s.d.m.C.selectLnbSubList - <==      Total: 4
2025-01-08 18:36:58 [http-nio-8080-exec-2] DEBUG org.mybatis.spring.SqlSessionUtils - Closing non transactional SqlSession [org.apache.ibatis.session.defaults.DefaultSqlSession@3a735469]
2025-01-08 18:36:58 [http-nio-8080-exec-1] DEBUG org.mybatis.spring.SqlSessionUtils - Closing non transactional SqlSession [org.apache.ibatis.session.defaults.DefaultSqlSession@40245823]
2025-01-08 18:37:08 [http-nio-8080-exec-8] ERROR o.a.c.c.C.[.[.[.[dispatcherServlet] - Servlet.service() for servlet [dispatcherServlet] in context with path [] threw exception [Request processing failed: java.lang.NullPointerException: Cannot invoke "String.length()" because "s" is null] with root cause
java.lang.NullPointerException: Cannot invoke "String.length()" because "s" is null
	at jakarta.mail.internet.InternetAddress.parse(InternetAddress.java:778)
	at jakarta.mail.internet.InternetAddress.parse(InternetAddress.java:737)
	at jakarta.mail.internet.InternetAddress.parse(InternetAddress.java:714)
	at org.springframework.mail.javamail.MimeMessageHelper.parseAddress(MimeMessageHelper.java:736)
	at org.springframework.mail.javamail.MimeMessageHelper.setTo(MimeMessageHelper.java:622)
	at org.springframework.mail.javamail.MimeMailMessage.setTo(MimeMailMessage.java:109)
	at org.springframework.mail.SimpleMailMessage.copyTo(SimpleMailMessage.java:204)
	at org.springframework.mail.javamail.JavaMailSenderImpl.send(JavaMailSenderImpl.java:314)
	at org.springframework.mail.MailSender.send(MailSender.java:42)
	at com.spring.devspring.controller_service.EmailService.sendSimpleMessage(EmailService.java:24)
	at com.spring.devspring.controller_service.EmailController.sendMail(EmailController.java:21)
	at java.base/jdk.internal.reflect.NativeMethodAccessorImpl.invoke0(Native Method)
	at java.base/jdk.internal.reflect.NativeMethodAccessorImpl.invoke(NativeMethodAccessorImpl.java:77)
	at java.base/jdk.internal.reflect.DelegatingMethodAccessorImpl.invoke(DelegatingMethodAccessorImpl.java:43)
	at java.base/java.lang.reflect.Method.invoke(Method.java:568)
	at org.springframework.web.method.support.InvocableHandlerMethod.doInvoke(InvocableHandlerMethod.java:257)
	at org.springframework.web.method.support.InvocableHandlerMethod.invokeForRequest(InvocableHandlerMethod.java:190)
	at org.springframework.web.servlet.mvc.method.annotation.ServletInvocableHandlerMethod.invokeAndHandle(ServletInvocableHandlerMethod.java:118)
	at org.springframework.web.servlet.mvc.method.annotation.RequestMappingHandlerAdapter.invokeHandlerMethod(RequestMappingHandlerAdapter.java:986)
	at org.springframework.web.servlet.mvc.method.annotation.RequestMappingHandlerAdapter.handleInternal(RequestMappingHandlerAdapter.java:891)
	at org.springframework.web.servlet.mvc.method.AbstractHandlerMethodAdapter.handle(AbstractHandlerMethodAdapter.java:87)
	at org.springframework.web.servlet.DispatcherServlet.doDispatch(DispatcherServlet.java:1088)
	at org.springframework.web.servlet.DispatcherServlet.doService(DispatcherServlet.java:978)
	at org.springframework.web.servlet.FrameworkServlet.processRequest(FrameworkServlet.java:1014)
	at org.springframework.web.servlet.FrameworkServlet.doPost(FrameworkServlet.java:914)
	at jakarta.servlet.http.HttpServlet.service(HttpServlet.java:590)
	at org.springframework.web.servlet.FrameworkServlet.service(FrameworkServlet.java:885)
	at jakarta.servlet.http.HttpServlet.service(HttpServlet.java:658)
	at org.apache.catalina.core.ApplicationFilterChain.internalDoFilter(ApplicationFilterChain.java:195)
	at org.apache.catalina.core.ApplicationFilterChain.doFilter(ApplicationFilterChain.java:140)
	at org.apache.tomcat.websocket.server.WsFilter.doFilter(WsFilter.java:51)
	at org.apache.catalina.core.ApplicationFilterChain.internalDoFilter(ApplicationFilterChain.java:164)
	at org.apache.catalina.core.ApplicationFilterChain.doFilter(ApplicationFilterChain.java:140)
	at org.springframework.web.filter.RequestContextFilter.doFilterInternal(RequestContextFilter.java:100)
	at org.springframework.web.filter.OncePerRequestFilter.doFilter(OncePerRequestFilter.java:116)
	at org.apache.catalina.core.ApplicationFilterChain.internalDoFilter(ApplicationFilterChain.java:164)
	at org.apache.catalina.core.ApplicationFilterChain.doFilter(ApplicationFilterChain.java:140)
	at org.springframework.web.filter.FormContentFilter.doFilterInternal(FormContentFilter.java:93)
	at org.springframework.web.filter.OncePerRequestFilter.doFilter(OncePerRequestFilter.java:116)
	at org.apache.catalina.core.ApplicationFilterChain.internalDoFilter(ApplicationFilterChain.java:164)
	at org.apache.catalina.core.ApplicationFilterChain.doFilter(ApplicationFilterChain.java:140)
	at org.springframework.web.filter.CharacterEncodingFilter.doFilterInternal(CharacterEncodingFilter.java:201)
	at org.springframework.web.filter.OncePerRequestFilter.doFilter(OncePerRequestFilter.java:116)
	at org.apache.catalina.core.ApplicationFilterChain.internalDoFilter(ApplicationFilterChain.java:164)
	at org.apache.catalina.core.ApplicationFilterChain.doFilter(ApplicationFilterChain.java:140)
	at org.apache.catalina.core.StandardWrapperValve.invoke(StandardWrapperValve.java:167)
	at org.apache.catalina.core.StandardContextValve.invoke(StandardContextValve.java:90)
	at org.apache.catalina.authenticator.AuthenticatorBase.invoke(AuthenticatorBase.java:483)
	at org.apache.catalina.core.StandardHostValve.invoke(StandardHostValve.java:115)
	at org.apache.catalina.valves.ErrorReportValve.invoke(ErrorReportValve.java:93)
	at org.apache.catalina.core.StandardEngineValve.invoke(StandardEngineValve.java:74)
	at org.apache.catalina.connector.CoyoteAdapter.service(CoyoteAdapter.java:344)
	at org.apache.coyote.http11.Http11Processor.service(Http11Processor.java:397)
	at org.apache.coyote.AbstractProcessorLight.process(AbstractProcessorLight.java:63)
	at org.apache.coyote.AbstractProtocol$ConnectionHandler.process(AbstractProtocol.java:905)
	at org.apache.tomcat.util.net.NioEndpoint$SocketProcessor.doRun(NioEndpoint.java:1741)
	at org.apache.tomcat.util.net.SocketProcessorBase.run(SocketProcessorBase.java:52)
	at org.apache.tomcat.util.threads.ThreadPoolExecutor.runWorker(ThreadPoolExecutor.java:1190)
	at org.apache.tomcat.util.threads.ThreadPoolExecutor$Worker.run(ThreadPoolExecutor.java:659)
	at org.apache.tomcat.util.threads.TaskThread$WrappingRunnable.run(TaskThread.java:63)
	at java.base/java.lang.Thread.run(Thread.java:842)
2025-01-08 18:39:29 [http-nio-8080-exec-3] ERROR o.a.c.c.C.[.[.[.[dispatcherServlet] - Servlet.service() for servlet [dispatcherServlet] in context with path [] threw exception [Request processing failed: java.lang.NullPointerException: Cannot invoke "String.length()" because "s" is null] with root cause
java.lang.NullPointerException: Cannot invoke "String.length()" because "s" is null
	at jakarta.mail.internet.InternetAddress.parse(InternetAddress.java:778)
	at jakarta.mail.internet.InternetAddress.parse(InternetAddress.java:737)
	at jakarta.mail.internet.InternetAddress.parse(InternetAddress.java:714)
	at org.springframework.mail.javamail.MimeMessageHelper.parseAddress(MimeMessageHelper.java:736)
	at org.springframework.mail.javamail.MimeMessageHelper.setTo(MimeMessageHelper.java:622)
	at org.springframework.mail.javamail.MimeMailMessage.setTo(MimeMailMessage.java:109)
	at org.springframework.mail.SimpleMailMessage.copyTo(SimpleMailMessage.java:204)
	at org.springframework.mail.javamail.JavaMailSenderImpl.send(JavaMailSenderImpl.java:314)
	at org.springframework.mail.MailSender.send(MailSender.java:42)
	at com.spring.devspring.controller_service.EmailService.sendSimpleMessage(EmailService.java:24)
	at com.spring.devspring.controller_service.EmailController.sendMail(EmailController.java:21)
	at java.base/jdk.internal.reflect.NativeMethodAccessorImpl.invoke0(Native Method)
	at java.base/jdk.internal.reflect.NativeMethodAccessorImpl.invoke(NativeMethodAccessorImpl.java:77)
	at java.base/jdk.internal.reflect.DelegatingMethodAccessorImpl.invoke(DelegatingMethodAccessorImpl.java:43)
	at java.base/java.lang.reflect.Method.invoke(Method.java:568)
	at org.springframework.web.method.support.InvocableHandlerMethod.doInvoke(InvocableHandlerMethod.java:257)
	at org.springframework.web.method.support.InvocableHandlerMethod.invokeForRequest(InvocableHandlerMethod.java:190)
	at org.springframework.web.servlet.mvc.method.annotation.ServletInvocableHandlerMethod.invokeAndHandle(ServletInvocableHandlerMethod.java:118)
	at org.springframework.web.servlet.mvc.method.annotation.RequestMappingHandlerAdapter.invokeHandlerMethod(RequestMappingHandlerAdapter.java:986)
	at org.springframework.web.servlet.mvc.method.annotation.RequestMappingHandlerAdapter.handleInternal(RequestMappingHandlerAdapter.java:891)
	at org.springframework.web.servlet.mvc.method.AbstractHandlerMethodAdapter.handle(AbstractHandlerMethodAdapter.java:87)
	at org.springframework.web.servlet.DispatcherServlet.doDispatch(DispatcherServlet.java:1088)
	at org.springframework.web.servlet.DispatcherServlet.doService(DispatcherServlet.java:978)
	at org.springframework.web.servlet.FrameworkServlet.processRequest(FrameworkServlet.java:1014)
	at org.springframework.web.servlet.FrameworkServlet.doPost(FrameworkServlet.java:914)
	at jakarta.servlet.http.HttpServlet.service(HttpServlet.java:590)
	at org.springframework.web.servlet.FrameworkServlet.service(FrameworkServlet.java:885)
	at jakarta.servlet.http.HttpServlet.service(HttpServlet.java:658)
	at org.apache.catalina.core.ApplicationFilterChain.internalDoFilter(ApplicationFilterChain.java:195)
	at org.apache.catalina.core.ApplicationFilterChain.doFilter(ApplicationFilterChain.java:140)
	at org.apache.tomcat.websocket.server.WsFilter.doFilter(WsFilter.java:51)
	at org.apache.catalina.core.ApplicationFilterChain.internalDoFilter(ApplicationFilterChain.java:164)
	at org.apache.catalina.core.ApplicationFilterChain.doFilter(ApplicationFilterChain.java:140)
	at org.springframework.web.filter.RequestContextFilter.doFilterInternal(RequestContextFilter.java:100)
	at org.springframework.web.filter.OncePerRequestFilter.doFilter(OncePerRequestFilter.java:116)
	at org.apache.catalina.core.ApplicationFilterChain.internalDoFilter(ApplicationFilterChain.java:164)
	at org.apache.catalina.core.ApplicationFilterChain.doFilter(ApplicationFilterChain.java:140)
	at org.springframework.web.filter.FormContentFilter.doFilterInternal(FormContentFilter.java:93)
	at org.springframework.web.filter.OncePerRequestFilter.doFilter(OncePerRequestFilter.java:116)
	at org.apache.catalina.core.ApplicationFilterChain.internalDoFilter(ApplicationFilterChain.java:164)
	at org.apache.catalina.core.ApplicationFilterChain.doFilter(ApplicationFilterChain.java:140)
	at org.springframework.web.filter.CharacterEncodingFilter.doFilterInternal(CharacterEncodingFilter.java:201)
	at org.springframework.web.filter.OncePerRequestFilter.doFilter(OncePerRequestFilter.java:116)
	at org.apache.catalina.core.ApplicationFilterChain.internalDoFilter(ApplicationFilterChain.java:164)
	at org.apache.catalina.core.ApplicationFilterChain.doFilter(ApplicationFilterChain.java:140)
	at org.apache.catalina.core.StandardWrapperValve.invoke(StandardWrapperValve.java:167)
	at org.apache.catalina.core.StandardContextValve.invoke(StandardContextValve.java:90)
	at org.apache.catalina.authenticator.AuthenticatorBase.invoke(AuthenticatorBase.java:483)
	at org.apache.catalina.core.StandardHostValve.invoke(StandardHostValve.java:115)
	at org.apache.catalina.valves.ErrorReportValve.invoke(ErrorReportValve.java:93)
	at org.apache.catalina.core.StandardEngineValve.invoke(StandardEngineValve.java:74)
	at org.apache.catalina.connector.CoyoteAdapter.service(CoyoteAdapter.java:344)
	at org.apache.coyote.http11.Http11Processor.service(Http11Processor.java:397)
	at org.apache.coyote.AbstractProcessorLight.process(AbstractProcessorLight.java:63)
	at org.apache.coyote.AbstractProtocol$ConnectionHandler.process(AbstractProtocol.java:905)
	at org.apache.tomcat.util.net.NioEndpoint$SocketProcessor.doRun(NioEndpoint.java:1741)
	at org.apache.tomcat.util.net.SocketProcessorBase.run(SocketProcessorBase.java:52)
	at org.apache.tomcat.util.threads.ThreadPoolExecutor.runWorker(ThreadPoolExecutor.java:1190)
	at org.apache.tomcat.util.threads.ThreadPoolExecutor$Worker.run(ThreadPoolExecutor.java:659)
	at org.apache.tomcat.util.threads.TaskThread$WrappingRunnable.run(TaskThread.java:63)
	at java.base/java.lang.Thread.run(Thread.java:842)
2025-01-08 18:40:44 [http-nio-8080-exec-9] WARN  o.t.s.p.AbstractStandardFragmentInsertionTagProcessor - [THYMELEAF][http-nio-8080-exec-9][common/layout/layout] Deprecated unwrapped fragment expression "common/fragments/header::header" found in template common/layout/layout, line 31, col 10. Please use the complete syntax of fragment expressions instead ("~{common/fragments/header::header}"). The old, unwrapped syntax for fragment expressions will be removed in future versions of Thymeleaf.
2025-01-08 18:40:44 [http-nio-8080-exec-9] WARN  o.t.s.p.AbstractStandardFragmentInsertionTagProcessor - [THYMELEAF][http-nio-8080-exec-9][common/layout/layout] Deprecated unwrapped fragment expression "common/fragments/footer::footer" found in template common/layout/layout, line 35, col 10. Please use the complete syntax of fragment expressions instead ("~{common/fragments/footer::footer}"). The old, unwrapped syntax for fragment expressions will be removed in future versions of Thymeleaf.
2025-01-08 18:40:44 [http-nio-8080-exec-9] DEBUG org.mybatis.spring.SqlSessionUtils - Creating a new SqlSession
2025-01-08 18:40:44 [http-nio-8080-exec-9] DEBUG org.mybatis.spring.SqlSessionUtils - SqlSession [org.apache.ibatis.session.defaults.DefaultSqlSession@47f3fd06] was not registered for synchronization because synchronization is not active
2025-01-08 18:40:44 [http-nio-8080-exec-9] DEBUG o.m.s.t.SpringManagedTransaction - JDBC Connection [HikariProxyConnection@990614439 wrapping com.mysql.cj.jdbc.ConnectionImpl@6b071bb5] will not be managed by Spring
2025-01-08 18:40:44 [http-nio-8080-exec-9] DEBUG c.s.d.m.CommonMapper.selectLnbList - ==>  Preparing: SELECT CT_LNB_IDX AS ctLnbIdx, CT_LNB_ID AS ctLnbId, CT_LNB_NAME AS ctLnbName, CT_LNB_SUB_YN AS ctLnbSubYn, CT_LNB_URL AS ctLnbUrl, CT_LNB_USE_YN AS ctLnbUseYn FROM CT_LNB WHERE CT_LNB_USE_YN = 'Y' ORDER BY CT_LNB_IDX
2025-01-08 18:40:44 [http-nio-8080-exec-9] DEBUG c.s.d.m.CommonMapper.selectLnbList - ==> Parameters: 
2025-01-08 18:40:44 [http-nio-8080-exec-9] DEBUG c.s.d.m.CommonMapper.selectLnbList - <==      Total: 4
2025-01-08 18:40:44 [http-nio-8080-exec-9] DEBUG org.mybatis.spring.SqlSessionUtils - Closing non transactional SqlSession [org.apache.ibatis.session.defaults.DefaultSqlSession@47f3fd06]
2025-01-08 18:40:44 [http-nio-8080-exec-10] DEBUG org.mybatis.spring.SqlSessionUtils - Creating a new SqlSession
2025-01-08 18:40:44 [http-nio-8080-exec-10] DEBUG org.mybatis.spring.SqlSessionUtils - SqlSession [org.apache.ibatis.session.defaults.DefaultSqlSession@1b4e849d] was not registered for synchronization because synchronization is not active
2025-01-08 18:40:44 [http-nio-8080-exec-10] DEBUG o.m.s.t.SpringManagedTransaction - JDBC Connection [HikariProxyConnection@693890278 wrapping com.mysql.cj.jdbc.ConnectionImpl@28578c9] will not be managed by Spring
2025-01-08 18:40:44 [http-nio-8080-exec-10] DEBUG c.s.d.m.CommonMapper.selectLnbList - ==>  Preparing: SELECT CT_LNB_IDX AS ctLnbIdx, CT_LNB_ID AS ctLnbId, CT_LNB_NAME AS ctLnbName, CT_LNB_SUB_YN AS ctLnbSubYn, CT_LNB_URL AS ctLnbUrl, CT_LNB_USE_YN AS ctLnbUseYn FROM CT_LNB WHERE CT_LNB_USE_YN = 'Y' ORDER BY CT_LNB_IDX
2025-01-08 18:40:44 [http-nio-8080-exec-10] DEBUG c.s.d.m.CommonMapper.selectLnbList - ==> Parameters: 
2025-01-08 18:40:44 [http-nio-8080-exec-10] DEBUG c.s.d.m.CommonMapper.selectLnbList - <==      Total: 4
2025-01-08 18:40:44 [http-nio-8080-exec-10] DEBUG org.mybatis.spring.SqlSessionUtils - Closing non transactional SqlSession [org.apache.ibatis.session.defaults.DefaultSqlSession@1b4e849d]
2025-01-08 18:40:44 [http-nio-8080-exec-4] DEBUG org.mybatis.spring.SqlSessionUtils - Creating a new SqlSession
2025-01-08 18:40:44 [http-nio-8080-exec-4] DEBUG org.mybatis.spring.SqlSessionUtils - SqlSession [org.apache.ibatis.session.defaults.DefaultSqlSession@aa907f6] was not registered for synchronization because synchronization is not active
2025-01-08 18:40:44 [http-nio-8080-exec-4] DEBUG o.m.s.t.SpringManagedTransaction - JDBC Connection [HikariProxyConnection@898730232 wrapping com.mysql.cj.jdbc.ConnectionImpl@6b071bb5] will not be managed by Spring
2025-01-08 18:40:44 [http-nio-8080-exec-4] DEBUG c.s.d.m.C.selectLnbSubList - ==>  Preparing: SELECT CT_LNB_SUB_IDX AS ctLnbSubIdx, CT_LNB_ID AS ctLnbId, CT_LNB_SUB_ID AS ctLnbSubId, CT_LNB_SUB_NAME AS ctLnbSubName, CT_LNB_SUB_URL AS ctLnbSubUrl FROM CT_LNB_SUB WHERE CT_LNB_ID = ? ORDER BY CT_LNB_SUB_IDX
2025-01-08 18:40:44 [http-nio-8080-exec-4] DEBUG c.s.d.m.C.selectLnbSubList - ==> Parameters: CT_LNB_INFORMATION(String)
2025-01-08 18:40:44 [http-nio-8080-exec-4] DEBUG c.s.d.m.C.selectLnbSubList - <==      Total: 2
2025-01-08 18:40:44 [http-nio-8080-exec-4] DEBUG org.mybatis.spring.SqlSessionUtils - Closing non transactional SqlSession [org.apache.ibatis.session.defaults.DefaultSqlSession@aa907f6]
2025-01-08 18:40:44 [http-nio-8080-exec-7] DEBUG org.mybatis.spring.SqlSessionUtils - Creating a new SqlSession
2025-01-08 18:40:44 [http-nio-8080-exec-1] DEBUG org.mybatis.spring.SqlSessionUtils - Creating a new SqlSession
2025-01-08 18:40:44 [http-nio-8080-exec-7] DEBUG org.mybatis.spring.SqlSessionUtils - SqlSession [org.apache.ibatis.session.defaults.DefaultSqlSession@ff49795] was not registered for synchronization because synchronization is not active
2025-01-08 18:40:44 [http-nio-8080-exec-1] DEBUG org.mybatis.spring.SqlSessionUtils - SqlSession [org.apache.ibatis.session.defaults.DefaultSqlSession@7b47b5d8] was not registered for synchronization because synchronization is not active
2025-01-08 18:40:44 [http-nio-8080-exec-8] DEBUG org.mybatis.spring.SqlSessionUtils - Creating a new SqlSession
2025-01-08 18:40:44 [http-nio-8080-exec-8] DEBUG org.mybatis.spring.SqlSessionUtils - SqlSession [org.apache.ibatis.session.defaults.DefaultSqlSession@5694d72] was not registered for synchronization because synchronization is not active
2025-01-08 18:40:44 [http-nio-8080-exec-7] DEBUG o.m.s.t.SpringManagedTransaction - JDBC Connection [HikariProxyConnection@1642947912 wrapping com.mysql.cj.jdbc.ConnectionImpl@6b071bb5] will not be managed by Spring
2025-01-08 18:40:44 [http-nio-8080-exec-1] DEBUG o.m.s.t.SpringManagedTransaction - JDBC Connection [HikariProxyConnection@1523224993 wrapping com.mysql.cj.jdbc.ConnectionImpl@28578c9] will not be managed by Spring
2025-01-08 18:40:44 [http-nio-8080-exec-7] DEBUG c.s.d.m.C.selectLnbSubList - ==>  Preparing: SELECT CT_LNB_SUB_IDX AS ctLnbSubIdx, CT_LNB_ID AS ctLnbId, CT_LNB_SUB_ID AS ctLnbSubId, CT_LNB_SUB_NAME AS ctLnbSubName, CT_LNB_SUB_URL AS ctLnbSubUrl FROM CT_LNB_SUB WHERE CT_LNB_ID = ? ORDER BY CT_LNB_SUB_IDX
2025-01-08 18:40:44 [http-nio-8080-exec-1] DEBUG c.s.d.m.C.selectLnbSubList - ==>  Preparing: SELECT CT_LNB_SUB_IDX AS ctLnbSubIdx, CT_LNB_ID AS ctLnbId, CT_LNB_SUB_ID AS ctLnbSubId, CT_LNB_SUB_NAME AS ctLnbSubName, CT_LNB_SUB_URL AS ctLnbSubUrl FROM CT_LNB_SUB WHERE CT_LNB_ID = ? ORDER BY CT_LNB_SUB_IDX
2025-01-08 18:40:44 [http-nio-8080-exec-7] DEBUG c.s.d.m.C.selectLnbSubList - ==> Parameters: CT_LNB_INFORMATION(String)
2025-01-08 18:40:44 [http-nio-8080-exec-1] DEBUG c.s.d.m.C.selectLnbSubList - ==> Parameters: CT_LNB_SERVICE(String)
2025-01-08 18:40:44 [http-nio-8080-exec-8] DEBUG o.m.s.t.SpringManagedTransaction - JDBC Connection [HikariProxyConnection@43766807 wrapping com.mysql.cj.jdbc.ConnectionImpl@6f4c943] will not be managed by Spring
2025-01-08 18:40:44 [http-nio-8080-exec-8] DEBUG c.s.d.m.C.selectLnbSubList - ==>  Preparing: SELECT CT_LNB_SUB_IDX AS ctLnbSubIdx, CT_LNB_ID AS ctLnbId, CT_LNB_SUB_ID AS ctLnbSubId, CT_LNB_SUB_NAME AS ctLnbSubName, CT_LNB_SUB_URL AS ctLnbSubUrl FROM CT_LNB_SUB WHERE CT_LNB_ID = ? ORDER BY CT_LNB_SUB_IDX
2025-01-08 18:40:44 [http-nio-8080-exec-8] DEBUG c.s.d.m.C.selectLnbSubList - ==> Parameters: CT_LNB_CONTACT(String)
2025-01-08 18:40:44 [http-nio-8080-exec-7] DEBUG c.s.d.m.C.selectLnbSubList - <==      Total: 2
2025-01-08 18:40:44 [http-nio-8080-exec-8] DEBUG c.s.d.m.C.selectLnbSubList - <==      Total: 2
2025-01-08 18:40:44 [http-nio-8080-exec-1] DEBUG c.s.d.m.C.selectLnbSubList - <==      Total: 4
2025-01-08 18:40:44 [http-nio-8080-exec-8] DEBUG org.mybatis.spring.SqlSessionUtils - Closing non transactional SqlSession [org.apache.ibatis.session.defaults.DefaultSqlSession@5694d72]
2025-01-08 18:40:44 [http-nio-8080-exec-7] DEBUG org.mybatis.spring.SqlSessionUtils - Closing non transactional SqlSession [org.apache.ibatis.session.defaults.DefaultSqlSession@ff49795]
2025-01-08 18:40:44 [http-nio-8080-exec-1] DEBUG org.mybatis.spring.SqlSessionUtils - Closing non transactional SqlSession [org.apache.ibatis.session.defaults.DefaultSqlSession@7b47b5d8]
2025-01-08 18:40:44 [http-nio-8080-exec-3] DEBUG org.mybatis.spring.SqlSessionUtils - Creating a new SqlSession
2025-01-08 18:40:44 [http-nio-8080-exec-6] DEBUG org.mybatis.spring.SqlSessionUtils - Creating a new SqlSession
2025-01-08 18:40:44 [http-nio-8080-exec-3] DEBUG org.mybatis.spring.SqlSessionUtils - SqlSession [org.apache.ibatis.session.defaults.DefaultSqlSession@45a74f13] was not registered for synchronization because synchronization is not active
2025-01-08 18:40:44 [http-nio-8080-exec-6] DEBUG org.mybatis.spring.SqlSessionUtils - SqlSession [org.apache.ibatis.session.defaults.DefaultSqlSession@7120ad90] was not registered for synchronization because synchronization is not active
2025-01-08 18:40:44 [http-nio-8080-exec-3] DEBUG o.m.s.t.SpringManagedTransaction - JDBC Connection [HikariProxyConnection@160651423 wrapping com.mysql.cj.jdbc.ConnectionImpl@28578c9] will not be managed by Spring
2025-01-08 18:40:44 [http-nio-8080-exec-3] DEBUG c.s.d.m.C.selectLnbSubList - ==>  Preparing: SELECT CT_LNB_SUB_IDX AS ctLnbSubIdx, CT_LNB_ID AS ctLnbId, CT_LNB_SUB_ID AS ctLnbSubId, CT_LNB_SUB_NAME AS ctLnbSubName, CT_LNB_SUB_URL AS ctLnbSubUrl FROM CT_LNB_SUB WHERE CT_LNB_ID = ? ORDER BY CT_LNB_SUB_IDX
2025-01-08 18:40:44 [http-nio-8080-exec-3] DEBUG c.s.d.m.C.selectLnbSubList - ==> Parameters: CT_LNB_CONTACT(String)
2025-01-08 18:40:44 [http-nio-8080-exec-6] DEBUG o.m.s.t.SpringManagedTransaction - JDBC Connection [HikariProxyConnection@9841414 wrapping com.mysql.cj.jdbc.ConnectionImpl@748eab20] will not be managed by Spring
2025-01-08 18:40:44 [http-nio-8080-exec-6] DEBUG c.s.d.m.C.selectLnbSubList - ==>  Preparing: SELECT CT_LNB_SUB_IDX AS ctLnbSubIdx, CT_LNB_ID AS ctLnbId, CT_LNB_SUB_ID AS ctLnbSubId, CT_LNB_SUB_NAME AS ctLnbSubName, CT_LNB_SUB_URL AS ctLnbSubUrl FROM CT_LNB_SUB WHERE CT_LNB_ID = ? ORDER BY CT_LNB_SUB_IDX
2025-01-08 18:40:44 [http-nio-8080-exec-6] DEBUG c.s.d.m.C.selectLnbSubList - ==> Parameters: CT_LNB_SERVICE(String)
2025-01-08 18:40:44 [http-nio-8080-exec-3] DEBUG c.s.d.m.C.selectLnbSubList - <==      Total: 2
2025-01-08 18:40:44 [http-nio-8080-exec-6] DEBUG c.s.d.m.C.selectLnbSubList - <==      Total: 4
2025-01-08 18:40:44 [http-nio-8080-exec-3] DEBUG org.mybatis.spring.SqlSessionUtils - Closing non transactional SqlSession [org.apache.ibatis.session.defaults.DefaultSqlSession@45a74f13]
2025-01-08 18:40:44 [http-nio-8080-exec-6] DEBUG org.mybatis.spring.SqlSessionUtils - Closing non transactional SqlSession [org.apache.ibatis.session.defaults.DefaultSqlSession@7120ad90]
2025-01-08 18:40:58 [http-nio-8080-exec-7] ERROR o.a.c.c.C.[.[.[.[dispatcherServlet] - Servlet.service() for servlet [dispatcherServlet] in context with path [] threw exception [Request processing failed: java.lang.NullPointerException: Cannot invoke "String.length()" because "s" is null] with root cause
java.lang.NullPointerException: Cannot invoke "String.length()" because "s" is null
	at jakarta.mail.internet.InternetAddress.parse(InternetAddress.java:778)
	at jakarta.mail.internet.InternetAddress.parse(InternetAddress.java:737)
	at jakarta.mail.internet.InternetAddress.parse(InternetAddress.java:714)
	at org.springframework.mail.javamail.MimeMessageHelper.parseAddress(MimeMessageHelper.java:736)
	at org.springframework.mail.javamail.MimeMessageHelper.setTo(MimeMessageHelper.java:622)
	at org.springframework.mail.javamail.MimeMailMessage.setTo(MimeMailMessage.java:109)
	at org.springframework.mail.SimpleMailMessage.copyTo(SimpleMailMessage.java:204)
	at org.springframework.mail.javamail.JavaMailSenderImpl.send(JavaMailSenderImpl.java:314)
	at org.springframework.mail.MailSender.send(MailSender.java:42)
	at com.spring.devspring.controller_service.EmailService.sendSimpleMessage(EmailService.java:24)
	at com.spring.devspring.controller_service.EmailController.sendMail(EmailController.java:21)
	at java.base/jdk.internal.reflect.NativeMethodAccessorImpl.invoke0(Native Method)
	at java.base/jdk.internal.reflect.NativeMethodAccessorImpl.invoke(NativeMethodAccessorImpl.java:77)
	at java.base/jdk.internal.reflect.DelegatingMethodAccessorImpl.invoke(DelegatingMethodAccessorImpl.java:43)
	at java.base/java.lang.reflect.Method.invoke(Method.java:568)
	at org.springframework.web.method.support.InvocableHandlerMethod.doInvoke(InvocableHandlerMethod.java:257)
	at org.springframework.web.method.support.InvocableHandlerMethod.invokeForRequest(InvocableHandlerMethod.java:190)
	at org.springframework.web.servlet.mvc.method.annotation.ServletInvocableHandlerMethod.invokeAndHandle(ServletInvocableHandlerMethod.java:118)
	at org.springframework.web.servlet.mvc.method.annotation.RequestMappingHandlerAdapter.invokeHandlerMethod(RequestMappingHandlerAdapter.java:986)
	at org.springframework.web.servlet.mvc.method.annotation.RequestMappingHandlerAdapter.handleInternal(RequestMappingHandlerAdapter.java:891)
	at org.springframework.web.servlet.mvc.method.AbstractHandlerMethodAdapter.handle(AbstractHandlerMethodAdapter.java:87)
	at org.springframework.web.servlet.DispatcherServlet.doDispatch(DispatcherServlet.java:1088)
	at org.springframework.web.servlet.DispatcherServlet.doService(DispatcherServlet.java:978)
	at org.springframework.web.servlet.FrameworkServlet.processRequest(FrameworkServlet.java:1014)
	at org.springframework.web.servlet.FrameworkServlet.doPost(FrameworkServlet.java:914)
	at jakarta.servlet.http.HttpServlet.service(HttpServlet.java:590)
	at org.springframework.web.servlet.FrameworkServlet.service(FrameworkServlet.java:885)
	at jakarta.servlet.http.HttpServlet.service(HttpServlet.java:658)
	at org.apache.catalina.core.ApplicationFilterChain.internalDoFilter(ApplicationFilterChain.java:195)
	at org.apache.catalina.core.ApplicationFilterChain.doFilter(ApplicationFilterChain.java:140)
	at org.apache.tomcat.websocket.server.WsFilter.doFilter(WsFilter.java:51)
	at org.apache.catalina.core.ApplicationFilterChain.internalDoFilter(ApplicationFilterChain.java:164)
	at org.apache.catalina.core.ApplicationFilterChain.doFilter(ApplicationFilterChain.java:140)
	at org.springframework.web.filter.RequestContextFilter.doFilterInternal(RequestContextFilter.java:100)
	at org.springframework.web.filter.OncePerRequestFilter.doFilter(OncePerRequestFilter.java:116)
	at org.apache.catalina.core.ApplicationFilterChain.internalDoFilter(ApplicationFilterChain.java:164)
	at org.apache.catalina.core.ApplicationFilterChain.doFilter(ApplicationFilterChain.java:140)
	at org.springframework.web.filter.FormContentFilter.doFilterInternal(FormContentFilter.java:93)
	at org.springframework.web.filter.OncePerRequestFilter.doFilter(OncePerRequestFilter.java:116)
	at org.apache.catalina.core.ApplicationFilterChain.internalDoFilter(ApplicationFilterChain.java:164)
	at org.apache.catalina.core.ApplicationFilterChain.doFilter(ApplicationFilterChain.java:140)
	at org.springframework.web.filter.CharacterEncodingFilter.doFilterInternal(CharacterEncodingFilter.java:201)
	at org.springframework.web.filter.OncePerRequestFilter.doFilter(OncePerRequestFilter.java:116)
	at org.apache.catalina.core.ApplicationFilterChain.internalDoFilter(ApplicationFilterChain.java:164)
	at org.apache.catalina.core.ApplicationFilterChain.doFilter(ApplicationFilterChain.java:140)
	at org.apache.catalina.core.StandardWrapperValve.invoke(StandardWrapperValve.java:167)
	at org.apache.catalina.core.StandardContextValve.invoke(StandardContextValve.java:90)
	at org.apache.catalina.authenticator.AuthenticatorBase.invoke(AuthenticatorBase.java:483)
	at org.apache.catalina.core.StandardHostValve.invoke(StandardHostValve.java:115)
	at org.apache.catalina.valves.ErrorReportValve.invoke(ErrorReportValve.java:93)
	at org.apache.catalina.core.StandardEngineValve.invoke(StandardEngineValve.java:74)
	at org.apache.catalina.connector.CoyoteAdapter.service(CoyoteAdapter.java:344)
	at org.apache.coyote.http11.Http11Processor.service(Http11Processor.java:397)
	at org.apache.coyote.AbstractProcessorLight.process(AbstractProcessorLight.java:63)
	at org.apache.coyote.AbstractProtocol$ConnectionHandler.process(AbstractProtocol.java:905)
	at org.apache.tomcat.util.net.NioEndpoint$SocketProcessor.doRun(NioEndpoint.java:1741)
	at org.apache.tomcat.util.net.SocketProcessorBase.run(SocketProcessorBase.java:52)
	at org.apache.tomcat.util.threads.ThreadPoolExecutor.runWorker(ThreadPoolExecutor.java:1190)
	at org.apache.tomcat.util.threads.ThreadPoolExecutor$Worker.run(ThreadPoolExecutor.java:659)
	at org.apache.tomcat.util.threads.TaskThread$WrappingRunnable.run(TaskThread.java:63)
	at java.base/java.lang.Thread.run(Thread.java:842)
2025-01-08 18:42:43 [RMI TCP Connection(18)-127.0.0.1] INFO  o.s.b.a.SpringApplicationAdminMXBeanRegistrar$SpringApplicationAdmin - Application shutdown requested.
2025-01-08 18:42:43 [RMI TCP Connection(18)-127.0.0.1] INFO  o.s.b.w.e.tomcat.GracefulShutdown - Commencing graceful shutdown. Waiting for active requests to complete
2025-01-08 18:42:43 [tomcat-shutdown] INFO  o.a.coyote.http11.Http11NioProtocol - Pausing ProtocolHandler ["http-nio-8080"]
2025-01-08 18:42:43 [tomcat-shutdown] INFO  o.s.b.w.e.tomcat.GracefulShutdown - Graceful shutdown complete
2025-01-08 18:42:43 [RMI TCP Connection(18)-127.0.0.1] INFO  o.a.coyote.http11.Http11NioProtocol - Stopping ProtocolHandler ["http-nio-8080"]
2025-01-08 18:42:43 [RMI TCP Connection(18)-127.0.0.1] INFO  com.zaxxer.hikari.HikariDataSource - HikariPool-1 - Shutdown initiated...
2025-01-08 18:42:43 [RMI TCP Connection(18)-127.0.0.1] INFO  com.zaxxer.hikari.HikariDataSource - HikariPool-1 - Shutdown completed.
2025-01-08 18:43:58 [restartedMain] INFO  c.s.devspring.DevspringApplication - Starting DevspringApplication using Java 17.0.12 with PID 14556 (D:\Spring\sts-4.4\workspace\devspring\bin\main started by aatjx in D:\Spring\sts-4.4\workspace\devspring)
2025-01-08 18:43:58 [restartedMain] INFO  c.s.devspring.DevspringApplication - No active profile set, falling back to 1 default profile: "default"
2025-01-08 18:43:58 [restartedMain] INFO  o.s.b.d.e.DevToolsPropertyDefaultsPostProcessor - Devtools property defaults active! Set 'spring.devtools.add-properties' to 'false' to disable
2025-01-08 18:43:58 [restartedMain] INFO  o.s.b.d.e.DevToolsPropertyDefaultsPostProcessor - For additional web related logging consider setting the 'logging.level.web' property to 'DEBUG'
2025-01-08 18:43:58 [restartedMain] DEBUG o.apache.ibatis.logging.LogFactory - Logging initialized using 'class org.apache.ibatis.logging.slf4j.Slf4jImpl' adapter.
2025-01-08 18:43:58 [restartedMain] DEBUG o.m.s.mapper.ClassPathMapperScanner - Identified candidate component class: file [D:\Spring\sts-4.4\workspace\devspring\bin\main\com\spring\devspring\mapper\BoardMapper.class]
2025-01-08 18:43:58 [restartedMain] DEBUG o.m.s.mapper.ClassPathMapperScanner - Identified candidate component class: file [D:\Spring\sts-4.4\workspace\devspring\bin\main\com\spring\devspring\mapper\CommonMapper.class]
2025-01-08 18:43:58 [restartedMain] DEBUG o.m.s.mapper.ClassPathMapperScanner - Creating MapperFactoryBean with name 'boardMapper' and 'com.spring.devspring.mapper.BoardMapper' mapperInterface
2025-01-08 18:43:58 [restartedMain] DEBUG o.m.s.mapper.ClassPathMapperScanner - Creating MapperFactoryBean with name 'commonMapper' and 'com.spring.devspring.mapper.CommonMapper' mapperInterface
2025-01-08 18:43:58 [restartedMain] INFO  o.s.b.w.e.tomcat.TomcatWebServer - Tomcat initialized with port 8080 (http)
2025-01-08 18:43:58 [restartedMain] INFO  o.a.coyote.http11.Http11NioProtocol - Initializing ProtocolHandler ["http-nio-8080"]
2025-01-08 18:43:58 [restartedMain] INFO  o.a.catalina.core.StandardService - Starting service [Tomcat]
2025-01-08 18:43:58 [restartedMain] INFO  o.a.catalina.core.StandardEngine - Starting Servlet engine: [Apache Tomcat/10.1.34]
2025-01-08 18:43:58 [restartedMain] INFO  o.a.c.c.C.[Tomcat].[localhost].[/] - Initializing Spring embedded WebApplicationContext
2025-01-08 18:43:58 [restartedMain] INFO  o.s.b.w.s.c.ServletWebServerApplicationContext - Root WebApplicationContext: initialization completed in 640 ms
2025-01-08 18:43:58 [restartedMain] DEBUG o.m.spring.SqlSessionFactoryBean - Property 'configuration' or 'configLocation' not specified, using default MyBatis Configuration
2025-01-08 18:43:59 [restartedMain] DEBUG o.m.spring.SqlSessionFactoryBean - Parsed mapper file: 'file [D:\Spring\sts-4.4\workspace\devspring\bin\main\static\mapper\BoardMapper.xml]'
2025-01-08 18:43:59 [restartedMain] DEBUG o.m.spring.SqlSessionFactoryBean - Parsed mapper file: 'file [D:\Spring\sts-4.4\workspace\devspring\bin\main\static\mapper\CommonMapper.xml]'
2025-01-08 18:43:59 [restartedMain] INFO  o.s.b.d.a.OptionalLiveReloadServer - LiveReload server is running on port 35729
2025-01-08 18:43:59 [restartedMain] INFO  o.a.coyote.http11.Http11NioProtocol - Starting ProtocolHandler ["http-nio-8080"]
2025-01-08 18:43:59 [restartedMain] INFO  o.s.b.w.e.tomcat.TomcatWebServer - Tomcat started on port 8080 (http) with context path '/'
2025-01-08 18:43:59 [restartedMain] INFO  c.s.devspring.DevspringApplication - Started DevspringApplication in 1.443 seconds (process running for 1.835)
2025-01-08 18:44:02 [http-nio-8080-exec-1] INFO  o.a.c.c.C.[Tomcat].[localhost].[/] - Initializing Spring DispatcherServlet 'dispatcherServlet'
2025-01-08 18:44:02 [http-nio-8080-exec-1] INFO  o.s.web.servlet.DispatcherServlet - Initializing Servlet 'dispatcherServlet'
2025-01-08 18:44:02 [http-nio-8080-exec-1] INFO  o.s.web.servlet.DispatcherServlet - Completed initialization in 1 ms
2025-01-08 18:44:02 [http-nio-8080-exec-1] WARN  o.t.s.p.AbstractStandardFragmentInsertionTagProcessor - [THYMELEAF][http-nio-8080-exec-1][common/layout/layout] Deprecated unwrapped fragment expression "common/fragments/header::header" found in template common/layout/layout, line 31, col 10. Please use the complete syntax of fragment expressions instead ("~{common/fragments/header::header}"). The old, unwrapped syntax for fragment expressions will be removed in future versions of Thymeleaf.
2025-01-08 18:44:02 [http-nio-8080-exec-1] WARN  o.t.s.p.AbstractStandardFragmentInsertionTagProcessor - [THYMELEAF][http-nio-8080-exec-1][common/layout/layout] Deprecated unwrapped fragment expression "common/fragments/footer::footer" found in template common/layout/layout, line 35, col 10. Please use the complete syntax of fragment expressions instead ("~{common/fragments/footer::footer}"). The old, unwrapped syntax for fragment expressions will be removed in future versions of Thymeleaf.
2025-01-08 18:44:02 [http-nio-8080-exec-1] DEBUG org.mybatis.spring.SqlSessionUtils - Creating a new SqlSession
2025-01-08 18:44:02 [http-nio-8080-exec-1] DEBUG org.mybatis.spring.SqlSessionUtils - SqlSession [org.apache.ibatis.session.defaults.DefaultSqlSession@19eda6a3] was not registered for synchronization because synchronization is not active
2025-01-08 18:44:02 [http-nio-8080-exec-1] INFO  com.zaxxer.hikari.HikariDataSource - HikariPool-1 - Starting...
2025-01-08 18:44:02 [http-nio-8080-exec-1] INFO  com.zaxxer.hikari.pool.HikariPool - HikariPool-1 - Added connection com.mysql.cj.jdbc.ConnectionImpl@6b071bb5
2025-01-08 18:44:02 [http-nio-8080-exec-1] INFO  com.zaxxer.hikari.HikariDataSource - HikariPool-1 - Start completed.
2025-01-08 18:44:02 [http-nio-8080-exec-1] DEBUG o.m.s.t.SpringManagedTransaction - JDBC Connection [HikariProxyConnection@635092274 wrapping com.mysql.cj.jdbc.ConnectionImpl@6b071bb5] will not be managed by Spring
2025-01-08 18:44:02 [http-nio-8080-exec-1] DEBUG c.s.d.m.CommonMapper.selectLnbList - ==>  Preparing: SELECT CT_LNB_IDX AS ctLnbIdx, CT_LNB_ID AS ctLnbId, CT_LNB_NAME AS ctLnbName, CT_LNB_SUB_YN AS ctLnbSubYn, CT_LNB_URL AS ctLnbUrl, CT_LNB_USE_YN AS ctLnbUseYn FROM CT_LNB WHERE CT_LNB_USE_YN = 'Y' ORDER BY CT_LNB_IDX
2025-01-08 18:44:02 [http-nio-8080-exec-1] DEBUG c.s.d.m.CommonMapper.selectLnbList - ==> Parameters: 
2025-01-08 18:44:02 [http-nio-8080-exec-1] DEBUG c.s.d.m.CommonMapper.selectLnbList - <==      Total: 4
2025-01-08 18:44:02 [http-nio-8080-exec-1] DEBUG org.mybatis.spring.SqlSessionUtils - Closing non transactional SqlSession [org.apache.ibatis.session.defaults.DefaultSqlSession@19eda6a3]
2025-01-08 18:44:02 [http-nio-8080-exec-5] DEBUG org.mybatis.spring.SqlSessionUtils - Creating a new SqlSession
2025-01-08 18:44:02 [http-nio-8080-exec-5] DEBUG org.mybatis.spring.SqlSessionUtils - SqlSession [org.apache.ibatis.session.defaults.DefaultSqlSession@753de89c] was not registered for synchronization because synchronization is not active
2025-01-08 18:44:02 [http-nio-8080-exec-5] DEBUG o.m.s.t.SpringManagedTransaction - JDBC Connection [HikariProxyConnection@809465951 wrapping com.mysql.cj.jdbc.ConnectionImpl@6b071bb5] will not be managed by Spring
2025-01-08 18:44:02 [http-nio-8080-exec-5] DEBUG c.s.d.m.CommonMapper.selectLnbList - ==>  Preparing: SELECT CT_LNB_IDX AS ctLnbIdx, CT_LNB_ID AS ctLnbId, CT_LNB_NAME AS ctLnbName, CT_LNB_SUB_YN AS ctLnbSubYn, CT_LNB_URL AS ctLnbUrl, CT_LNB_USE_YN AS ctLnbUseYn FROM CT_LNB WHERE CT_LNB_USE_YN = 'Y' ORDER BY CT_LNB_IDX
2025-01-08 18:44:02 [http-nio-8080-exec-5] DEBUG c.s.d.m.CommonMapper.selectLnbList - ==> Parameters: 
2025-01-08 18:44:02 [http-nio-8080-exec-5] DEBUG c.s.d.m.CommonMapper.selectLnbList - <==      Total: 4
2025-01-08 18:44:02 [http-nio-8080-exec-5] DEBUG org.mybatis.spring.SqlSessionUtils - Closing non transactional SqlSession [org.apache.ibatis.session.defaults.DefaultSqlSession@753de89c]
2025-01-08 18:44:02 [http-nio-8080-exec-2] DEBUG org.mybatis.spring.SqlSessionUtils - Creating a new SqlSession
2025-01-08 18:44:02 [http-nio-8080-exec-7] DEBUG org.mybatis.spring.SqlSessionUtils - Creating a new SqlSession
2025-01-08 18:44:02 [http-nio-8080-exec-6] DEBUG org.mybatis.spring.SqlSessionUtils - Creating a new SqlSession
2025-01-08 18:44:02 [http-nio-8080-exec-7] DEBUG org.mybatis.spring.SqlSessionUtils - SqlSession [org.apache.ibatis.session.defaults.DefaultSqlSession@36599176] was not registered for synchronization because synchronization is not active
2025-01-08 18:44:02 [http-nio-8080-exec-2] DEBUG org.mybatis.spring.SqlSessionUtils - SqlSession [org.apache.ibatis.session.defaults.DefaultSqlSession@7f8166c4] was not registered for synchronization because synchronization is not active
2025-01-08 18:44:02 [http-nio-8080-exec-6] DEBUG org.mybatis.spring.SqlSessionUtils - SqlSession [org.apache.ibatis.session.defaults.DefaultSqlSession@6dcb8c1f] was not registered for synchronization because synchronization is not active
2025-01-08 18:44:02 [http-nio-8080-exec-6] DEBUG o.m.s.t.SpringManagedTransaction - JDBC Connection [HikariProxyConnection@616835469 wrapping com.mysql.cj.jdbc.ConnectionImpl@6b071bb5] will not be managed by Spring
2025-01-08 18:44:02 [http-nio-8080-exec-6] DEBUG c.s.d.m.C.selectLnbSubList - ==>  Preparing: SELECT CT_LNB_SUB_IDX AS ctLnbSubIdx, CT_LNB_ID AS ctLnbId, CT_LNB_SUB_ID AS ctLnbSubId, CT_LNB_SUB_NAME AS ctLnbSubName, CT_LNB_SUB_URL AS ctLnbSubUrl FROM CT_LNB_SUB WHERE CT_LNB_ID = ? ORDER BY CT_LNB_SUB_IDX
2025-01-08 18:44:02 [http-nio-8080-exec-6] DEBUG c.s.d.m.C.selectLnbSubList - ==> Parameters: CT_LNB_INFORMATION(String)
2025-01-08 18:44:02 [http-nio-8080-exec-6] DEBUG c.s.d.m.C.selectLnbSubList - <==      Total: 2
2025-01-08 18:44:02 [http-nio-8080-exec-6] DEBUG org.mybatis.spring.SqlSessionUtils - Closing non transactional SqlSession [org.apache.ibatis.session.defaults.DefaultSqlSession@6dcb8c1f]
2025-01-08 18:44:02 [http-nio-8080-exec-7] DEBUG o.m.s.t.SpringManagedTransaction - JDBC Connection [HikariProxyConnection@1883986067 wrapping com.mysql.cj.jdbc.ConnectionImpl@6b071bb5] will not be managed by Spring
2025-01-08 18:44:02 [http-nio-8080-exec-7] DEBUG c.s.d.m.C.selectLnbSubList - ==>  Preparing: SELECT CT_LNB_SUB_IDX AS ctLnbSubIdx, CT_LNB_ID AS ctLnbId, CT_LNB_SUB_ID AS ctLnbSubId, CT_LNB_SUB_NAME AS ctLnbSubName, CT_LNB_SUB_URL AS ctLnbSubUrl FROM CT_LNB_SUB WHERE CT_LNB_ID = ? ORDER BY CT_LNB_SUB_IDX
2025-01-08 18:44:02 [http-nio-8080-exec-7] DEBUG c.s.d.m.C.selectLnbSubList - ==> Parameters: CT_LNB_CONTACT(String)
2025-01-08 18:44:02 [http-nio-8080-exec-7] DEBUG c.s.d.m.C.selectLnbSubList - <==      Total: 2
2025-01-08 18:44:02 [http-nio-8080-exec-7] DEBUG org.mybatis.spring.SqlSessionUtils - Closing non transactional SqlSession [org.apache.ibatis.session.defaults.DefaultSqlSession@36599176]
2025-01-08 18:44:02 [http-nio-8080-exec-2] DEBUG o.m.s.t.SpringManagedTransaction - JDBC Connection [HikariProxyConnection@308798552 wrapping com.mysql.cj.jdbc.ConnectionImpl@6b071bb5] will not be managed by Spring
2025-01-08 18:44:02 [http-nio-8080-exec-2] DEBUG c.s.d.m.C.selectLnbSubList - ==>  Preparing: SELECT CT_LNB_SUB_IDX AS ctLnbSubIdx, CT_LNB_ID AS ctLnbId, CT_LNB_SUB_ID AS ctLnbSubId, CT_LNB_SUB_NAME AS ctLnbSubName, CT_LNB_SUB_URL AS ctLnbSubUrl FROM CT_LNB_SUB WHERE CT_LNB_ID = ? ORDER BY CT_LNB_SUB_IDX
2025-01-08 18:44:02 [http-nio-8080-exec-2] DEBUG c.s.d.m.C.selectLnbSubList - ==> Parameters: CT_LNB_SERVICE(String)
2025-01-08 18:44:02 [http-nio-8080-exec-3] DEBUG org.mybatis.spring.SqlSessionUtils - Creating a new SqlSession
2025-01-08 18:44:02 [http-nio-8080-exec-3] DEBUG org.mybatis.spring.SqlSessionUtils - SqlSession [org.apache.ibatis.session.defaults.DefaultSqlSession@1ee8b649] was not registered for synchronization because synchronization is not active
2025-01-08 18:44:02 [http-nio-8080-exec-2] DEBUG c.s.d.m.C.selectLnbSubList - <==      Total: 4
2025-01-08 18:44:02 [http-nio-8080-exec-4] DEBUG org.mybatis.spring.SqlSessionUtils - Creating a new SqlSession
2025-01-08 18:44:02 [http-nio-8080-exec-2] DEBUG org.mybatis.spring.SqlSessionUtils - Closing non transactional SqlSession [org.apache.ibatis.session.defaults.DefaultSqlSession@7f8166c4]
2025-01-08 18:44:02 [http-nio-8080-exec-4] DEBUG org.mybatis.spring.SqlSessionUtils - SqlSession [org.apache.ibatis.session.defaults.DefaultSqlSession@2227576f] was not registered for synchronization because synchronization is not active
2025-01-08 18:44:02 [http-nio-8080-exec-3] DEBUG o.m.s.t.SpringManagedTransaction - JDBC Connection [HikariProxyConnection@925654440 wrapping com.mysql.cj.jdbc.ConnectionImpl@6b071bb5] will not be managed by Spring
2025-01-08 18:44:02 [http-nio-8080-exec-3] DEBUG c.s.d.m.C.selectLnbSubList - ==>  Preparing: SELECT CT_LNB_SUB_IDX AS ctLnbSubIdx, CT_LNB_ID AS ctLnbId, CT_LNB_SUB_ID AS ctLnbSubId, CT_LNB_SUB_NAME AS ctLnbSubName, CT_LNB_SUB_URL AS ctLnbSubUrl FROM CT_LNB_SUB WHERE CT_LNB_ID = ? ORDER BY CT_LNB_SUB_IDX
2025-01-08 18:44:02 [http-nio-8080-exec-3] DEBUG c.s.d.m.C.selectLnbSubList - ==> Parameters: CT_LNB_INFORMATION(String)
2025-01-08 18:44:02 [http-nio-8080-exec-3] DEBUG c.s.d.m.C.selectLnbSubList - <==      Total: 2
2025-01-08 18:44:02 [http-nio-8080-exec-3] DEBUG org.mybatis.spring.SqlSessionUtils - Closing non transactional SqlSession [org.apache.ibatis.session.defaults.DefaultSqlSession@1ee8b649]
2025-01-08 18:44:02 [http-nio-8080-exec-4] DEBUG o.m.s.t.SpringManagedTransaction - JDBC Connection [HikariProxyConnection@560288555 wrapping com.mysql.cj.jdbc.ConnectionImpl@6b071bb5] will not be managed by Spring
2025-01-08 18:44:02 [http-nio-8080-exec-4] DEBUG c.s.d.m.C.selectLnbSubList - ==>  Preparing: SELECT CT_LNB_SUB_IDX AS ctLnbSubIdx, CT_LNB_ID AS ctLnbId, CT_LNB_SUB_ID AS ctLnbSubId, CT_LNB_SUB_NAME AS ctLnbSubName, CT_LNB_SUB_URL AS ctLnbSubUrl FROM CT_LNB_SUB WHERE CT_LNB_ID = ? ORDER BY CT_LNB_SUB_IDX
2025-01-08 18:44:02 [http-nio-8080-exec-4] DEBUG c.s.d.m.C.selectLnbSubList - ==> Parameters: CT_LNB_CONTACT(String)
2025-01-08 18:44:02 [http-nio-8080-exec-8] DEBUG org.mybatis.spring.SqlSessionUtils - Creating a new SqlSession
2025-01-08 18:44:02 [http-nio-8080-exec-8] DEBUG org.mybatis.spring.SqlSessionUtils - SqlSession [org.apache.ibatis.session.defaults.DefaultSqlSession@f56556d] was not registered for synchronization because synchronization is not active
2025-01-08 18:44:02 [http-nio-8080-exec-4] DEBUG c.s.d.m.C.selectLnbSubList - <==      Total: 2
2025-01-08 18:44:02 [http-nio-8080-exec-4] DEBUG org.mybatis.spring.SqlSessionUtils - Closing non transactional SqlSession [org.apache.ibatis.session.defaults.DefaultSqlSession@2227576f]
2025-01-08 18:44:02 [http-nio-8080-exec-8] DEBUG o.m.s.t.SpringManagedTransaction - JDBC Connection [HikariProxyConnection@191483999 wrapping com.mysql.cj.jdbc.ConnectionImpl@6b071bb5] will not be managed by Spring
2025-01-08 18:44:02 [http-nio-8080-exec-8] DEBUG c.s.d.m.C.selectLnbSubList - ==>  Preparing: SELECT CT_LNB_SUB_IDX AS ctLnbSubIdx, CT_LNB_ID AS ctLnbId, CT_LNB_SUB_ID AS ctLnbSubId, CT_LNB_SUB_NAME AS ctLnbSubName, CT_LNB_SUB_URL AS ctLnbSubUrl FROM CT_LNB_SUB WHERE CT_LNB_ID = ? ORDER BY CT_LNB_SUB_IDX
2025-01-08 18:44:02 [http-nio-8080-exec-8] DEBUG c.s.d.m.C.selectLnbSubList - ==> Parameters: CT_LNB_SERVICE(String)
2025-01-08 18:44:02 [http-nio-8080-exec-8] DEBUG c.s.d.m.C.selectLnbSubList - <==      Total: 4
2025-01-08 18:44:02 [http-nio-8080-exec-8] DEBUG org.mybatis.spring.SqlSessionUtils - Closing non transactional SqlSession [org.apache.ibatis.session.defaults.DefaultSqlSession@f56556d]
2025-01-08 18:45:42 [http-nio-8080-exec-2] WARN  o.t.s.p.AbstractStandardFragmentInsertionTagProcessor - [THYMELEAF][http-nio-8080-exec-2][common/layout/layout] Deprecated unwrapped fragment expression "common/fragments/header::header" found in template common/layout/layout, line 31, col 10. Please use the complete syntax of fragment expressions instead ("~{common/fragments/header::header}"). The old, unwrapped syntax for fragment expressions will be removed in future versions of Thymeleaf.
2025-01-08 18:45:42 [http-nio-8080-exec-2] WARN  o.t.s.p.AbstractStandardFragmentInsertionTagProcessor - [THYMELEAF][http-nio-8080-exec-2][common/layout/layout] Deprecated unwrapped fragment expression "common/fragments/footer::footer" found in template common/layout/layout, line 35, col 10. Please use the complete syntax of fragment expressions instead ("~{common/fragments/footer::footer}"). The old, unwrapped syntax for fragment expressions will be removed in future versions of Thymeleaf.
2025-01-08 18:45:42 [http-nio-8080-exec-2] DEBUG org.mybatis.spring.SqlSessionUtils - Creating a new SqlSession
2025-01-08 18:45:42 [http-nio-8080-exec-2] DEBUG org.mybatis.spring.SqlSessionUtils - SqlSession [org.apache.ibatis.session.defaults.DefaultSqlSession@7b565a11] was not registered for synchronization because synchronization is not active
2025-01-08 18:45:42 [http-nio-8080-exec-2] DEBUG o.m.s.t.SpringManagedTransaction - JDBC Connection [HikariProxyConnection@1796649570 wrapping com.mysql.cj.jdbc.ConnectionImpl@6b071bb5] will not be managed by Spring
2025-01-08 18:45:42 [http-nio-8080-exec-2] DEBUG c.s.d.m.CommonMapper.selectLnbList - ==>  Preparing: SELECT CT_LNB_IDX AS ctLnbIdx, CT_LNB_ID AS ctLnbId, CT_LNB_NAME AS ctLnbName, CT_LNB_SUB_YN AS ctLnbSubYn, CT_LNB_URL AS ctLnbUrl, CT_LNB_USE_YN AS ctLnbUseYn FROM CT_LNB WHERE CT_LNB_USE_YN = 'Y' ORDER BY CT_LNB_IDX
2025-01-08 18:45:42 [http-nio-8080-exec-2] DEBUG c.s.d.m.CommonMapper.selectLnbList - ==> Parameters: 
2025-01-08 18:45:42 [http-nio-8080-exec-2] DEBUG c.s.d.m.CommonMapper.selectLnbList - <==      Total: 4
2025-01-08 18:45:42 [http-nio-8080-exec-2] DEBUG org.mybatis.spring.SqlSessionUtils - Closing non transactional SqlSession [org.apache.ibatis.session.defaults.DefaultSqlSession@7b565a11]
2025-01-08 18:45:42 [http-nio-8080-exec-10] DEBUG org.mybatis.spring.SqlSessionUtils - Creating a new SqlSession
2025-01-08 18:45:42 [http-nio-8080-exec-10] DEBUG org.mybatis.spring.SqlSessionUtils - SqlSession [org.apache.ibatis.session.defaults.DefaultSqlSession@1f285dec] was not registered for synchronization because synchronization is not active
2025-01-08 18:45:42 [http-nio-8080-exec-10] DEBUG o.m.s.t.SpringManagedTransaction - JDBC Connection [HikariProxyConnection@1823657663 wrapping com.mysql.cj.jdbc.ConnectionImpl@6b071bb5] will not be managed by Spring
2025-01-08 18:45:42 [http-nio-8080-exec-10] DEBUG c.s.d.m.CommonMapper.selectLnbList - ==>  Preparing: SELECT CT_LNB_IDX AS ctLnbIdx, CT_LNB_ID AS ctLnbId, CT_LNB_NAME AS ctLnbName, CT_LNB_SUB_YN AS ctLnbSubYn, CT_LNB_URL AS ctLnbUrl, CT_LNB_USE_YN AS ctLnbUseYn FROM CT_LNB WHERE CT_LNB_USE_YN = 'Y' ORDER BY CT_LNB_IDX
2025-01-08 18:45:42 [http-nio-8080-exec-10] DEBUG c.s.d.m.CommonMapper.selectLnbList - ==> Parameters: 
2025-01-08 18:45:42 [http-nio-8080-exec-10] DEBUG c.s.d.m.CommonMapper.selectLnbList - <==      Total: 4
2025-01-08 18:45:42 [http-nio-8080-exec-10] DEBUG org.mybatis.spring.SqlSessionUtils - Closing non transactional SqlSession [org.apache.ibatis.session.defaults.DefaultSqlSession@1f285dec]
2025-01-08 18:45:42 [http-nio-8080-exec-9] DEBUG org.mybatis.spring.SqlSessionUtils - Creating a new SqlSession
2025-01-08 18:45:42 [http-nio-8080-exec-9] DEBUG org.mybatis.spring.SqlSessionUtils - SqlSession [org.apache.ibatis.session.defaults.DefaultSqlSession@1da68e8c] was not registered for synchronization because synchronization is not active
2025-01-08 18:45:42 [http-nio-8080-exec-9] DEBUG o.m.s.t.SpringManagedTransaction - JDBC Connection [HikariProxyConnection@1648305639 wrapping com.mysql.cj.jdbc.ConnectionImpl@6b071bb5] will not be managed by Spring
2025-01-08 18:45:42 [http-nio-8080-exec-9] DEBUG c.s.d.m.C.selectLnbSubList - ==>  Preparing: SELECT CT_LNB_SUB_IDX AS ctLnbSubIdx, CT_LNB_ID AS ctLnbId, CT_LNB_SUB_ID AS ctLnbSubId, CT_LNB_SUB_NAME AS ctLnbSubName, CT_LNB_SUB_URL AS ctLnbSubUrl FROM CT_LNB_SUB WHERE CT_LNB_ID = ? ORDER BY CT_LNB_SUB_IDX
2025-01-08 18:45:42 [http-nio-8080-exec-9] DEBUG c.s.d.m.C.selectLnbSubList - ==> Parameters: CT_LNB_INFORMATION(String)
2025-01-08 18:45:42 [http-nio-8080-exec-9] DEBUG c.s.d.m.C.selectLnbSubList - <==      Total: 2
2025-01-08 18:45:42 [http-nio-8080-exec-9] DEBUG org.mybatis.spring.SqlSessionUtils - Closing non transactional SqlSession [org.apache.ibatis.session.defaults.DefaultSqlSession@1da68e8c]
2025-01-08 18:45:42 [http-nio-8080-exec-1] DEBUG org.mybatis.spring.SqlSessionUtils - Creating a new SqlSession
2025-01-08 18:45:42 [http-nio-8080-exec-4] DEBUG org.mybatis.spring.SqlSessionUtils - Creating a new SqlSession
2025-01-08 18:45:42 [http-nio-8080-exec-8] DEBUG org.mybatis.spring.SqlSessionUtils - Creating a new SqlSession
2025-01-08 18:45:42 [http-nio-8080-exec-1] DEBUG org.mybatis.spring.SqlSessionUtils - SqlSession [org.apache.ibatis.session.defaults.DefaultSqlSession@45ab838b] was not registered for synchronization because synchronization is not active
2025-01-08 18:45:42 [http-nio-8080-exec-4] DEBUG org.mybatis.spring.SqlSessionUtils - SqlSession [org.apache.ibatis.session.defaults.DefaultSqlSession@63d3240] was not registered for synchronization because synchronization is not active
2025-01-08 18:45:42 [http-nio-8080-exec-8] DEBUG org.mybatis.spring.SqlSessionUtils - SqlSession [org.apache.ibatis.session.defaults.DefaultSqlSession@15a2e2aa] was not registered for synchronization because synchronization is not active
2025-01-08 18:45:42 [http-nio-8080-exec-4] DEBUG o.m.s.t.SpringManagedTransaction - JDBC Connection [HikariProxyConnection@1981016028 wrapping com.mysql.cj.jdbc.ConnectionImpl@6b071bb5] will not be managed by Spring
2025-01-08 18:45:42 [http-nio-8080-exec-4] DEBUG c.s.d.m.C.selectLnbSubList - ==>  Preparing: SELECT CT_LNB_SUB_IDX AS ctLnbSubIdx, CT_LNB_ID AS ctLnbId, CT_LNB_SUB_ID AS ctLnbSubId, CT_LNB_SUB_NAME AS ctLnbSubName, CT_LNB_SUB_URL AS ctLnbSubUrl FROM CT_LNB_SUB WHERE CT_LNB_ID = ? ORDER BY CT_LNB_SUB_IDX
2025-01-08 18:45:42 [http-nio-8080-exec-4] DEBUG c.s.d.m.C.selectLnbSubList - ==> Parameters: CT_LNB_CONTACT(String)
2025-01-08 18:45:42 [http-nio-8080-exec-1] DEBUG o.m.s.t.SpringManagedTransaction - JDBC Connection [HikariProxyConnection@798309599 wrapping com.mysql.cj.jdbc.ConnectionImpl@2440f8de] will not be managed by Spring
2025-01-08 18:45:42 [http-nio-8080-exec-1] DEBUG c.s.d.m.C.selectLnbSubList - ==>  Preparing: SELECT CT_LNB_SUB_IDX AS ctLnbSubIdx, CT_LNB_ID AS ctLnbId, CT_LNB_SUB_ID AS ctLnbSubId, CT_LNB_SUB_NAME AS ctLnbSubName, CT_LNB_SUB_URL AS ctLnbSubUrl FROM CT_LNB_SUB WHERE CT_LNB_ID = ? ORDER BY CT_LNB_SUB_IDX
2025-01-08 18:45:42 [http-nio-8080-exec-8] DEBUG o.m.s.t.SpringManagedTransaction - JDBC Connection [HikariProxyConnection@206887746 wrapping com.mysql.cj.jdbc.ConnectionImpl@6f4c943] will not be managed by Spring
2025-01-08 18:45:42 [http-nio-8080-exec-8] DEBUG c.s.d.m.C.selectLnbSubList - ==>  Preparing: SELECT CT_LNB_SUB_IDX AS ctLnbSubIdx, CT_LNB_ID AS ctLnbId, CT_LNB_SUB_ID AS ctLnbSubId, CT_LNB_SUB_NAME AS ctLnbSubName, CT_LNB_SUB_URL AS ctLnbSubUrl FROM CT_LNB_SUB WHERE CT_LNB_ID = ? ORDER BY CT_LNB_SUB_IDX
2025-01-08 18:45:42 [http-nio-8080-exec-1] DEBUG c.s.d.m.C.selectLnbSubList - ==> Parameters: CT_LNB_INFORMATION(String)
2025-01-08 18:45:42 [http-nio-8080-exec-8] DEBUG c.s.d.m.C.selectLnbSubList - ==> Parameters: CT_LNB_SERVICE(String)
2025-01-08 18:45:42 [http-nio-8080-exec-1] DEBUG c.s.d.m.C.selectLnbSubList - <==      Total: 2
2025-01-08 18:45:42 [http-nio-8080-exec-4] DEBUG c.s.d.m.C.selectLnbSubList - <==      Total: 2
2025-01-08 18:45:42 [http-nio-8080-exec-8] DEBUG c.s.d.m.C.selectLnbSubList - <==      Total: 4
2025-01-08 18:45:42 [http-nio-8080-exec-1] DEBUG org.mybatis.spring.SqlSessionUtils - Closing non transactional SqlSession [org.apache.ibatis.session.defaults.DefaultSqlSession@45ab838b]
2025-01-08 18:45:42 [http-nio-8080-exec-8] DEBUG org.mybatis.spring.SqlSessionUtils - Closing non transactional SqlSession [org.apache.ibatis.session.defaults.DefaultSqlSession@15a2e2aa]
2025-01-08 18:45:42 [http-nio-8080-exec-4] DEBUG org.mybatis.spring.SqlSessionUtils - Closing non transactional SqlSession [org.apache.ibatis.session.defaults.DefaultSqlSession@63d3240]
2025-01-08 18:45:42 [http-nio-8080-exec-6] DEBUG org.mybatis.spring.SqlSessionUtils - Creating a new SqlSession
2025-01-08 18:45:42 [http-nio-8080-exec-7] DEBUG org.mybatis.spring.SqlSessionUtils - Creating a new SqlSession
2025-01-08 18:45:42 [http-nio-8080-exec-6] DEBUG org.mybatis.spring.SqlSessionUtils - SqlSession [org.apache.ibatis.session.defaults.DefaultSqlSession@4974317b] was not registered for synchronization because synchronization is not active
2025-01-08 18:45:42 [http-nio-8080-exec-7] DEBUG org.mybatis.spring.SqlSessionUtils - SqlSession [org.apache.ibatis.session.defaults.DefaultSqlSession@3f71e150] was not registered for synchronization because synchronization is not active
2025-01-08 18:45:42 [http-nio-8080-exec-6] DEBUG o.m.s.t.SpringManagedTransaction - JDBC Connection [HikariProxyConnection@1227950815 wrapping com.mysql.cj.jdbc.ConnectionImpl@6b071bb5] will not be managed by Spring
2025-01-08 18:45:42 [http-nio-8080-exec-7] DEBUG o.m.s.t.SpringManagedTransaction - JDBC Connection [HikariProxyConnection@1738685506 wrapping com.mysql.cj.jdbc.ConnectionImpl@2440f8de] will not be managed by Spring
2025-01-08 18:45:42 [http-nio-8080-exec-6] DEBUG c.s.d.m.C.selectLnbSubList - ==>  Preparing: SELECT CT_LNB_SUB_IDX AS ctLnbSubIdx, CT_LNB_ID AS ctLnbId, CT_LNB_SUB_ID AS ctLnbSubId, CT_LNB_SUB_NAME AS ctLnbSubName, CT_LNB_SUB_URL AS ctLnbSubUrl FROM CT_LNB_SUB WHERE CT_LNB_ID = ? ORDER BY CT_LNB_SUB_IDX
2025-01-08 18:45:42 [http-nio-8080-exec-7] DEBUG c.s.d.m.C.selectLnbSubList - ==>  Preparing: SELECT CT_LNB_SUB_IDX AS ctLnbSubIdx, CT_LNB_ID AS ctLnbId, CT_LNB_SUB_ID AS ctLnbSubId, CT_LNB_SUB_NAME AS ctLnbSubName, CT_LNB_SUB_URL AS ctLnbSubUrl FROM CT_LNB_SUB WHERE CT_LNB_ID = ? ORDER BY CT_LNB_SUB_IDX
2025-01-08 18:45:42 [http-nio-8080-exec-6] DEBUG c.s.d.m.C.selectLnbSubList - ==> Parameters: CT_LNB_CONTACT(String)
2025-01-08 18:45:42 [http-nio-8080-exec-7] DEBUG c.s.d.m.C.selectLnbSubList - ==> Parameters: CT_LNB_SERVICE(String)
2025-01-08 18:45:42 [http-nio-8080-exec-6] DEBUG c.s.d.m.C.selectLnbSubList - <==      Total: 2
2025-01-08 18:45:42 [http-nio-8080-exec-6] DEBUG org.mybatis.spring.SqlSessionUtils - Closing non transactional SqlSession [org.apache.ibatis.session.defaults.DefaultSqlSession@4974317b]
2025-01-08 18:45:42 [http-nio-8080-exec-7] DEBUG c.s.d.m.C.selectLnbSubList - <==      Total: 4
2025-01-08 18:45:42 [http-nio-8080-exec-7] DEBUG org.mybatis.spring.SqlSessionUtils - Closing non transactional SqlSession [org.apache.ibatis.session.defaults.DefaultSqlSession@3f71e150]
2025-01-08 18:45:46 [http-nio-8080-exec-3] WARN  o.s.w.s.m.s.DefaultHandlerExceptionResolver - Resolved [org.springframework.http.converter.HttpMessageNotReadableException: JSON parse error: Unrecognized token 'address': was expecting (JSON String, Number, Array, Object or token 'null', 'true' or 'false')]
2025-01-08 18:46:01 [http-nio-8080-exec-5] WARN  o.t.s.p.AbstractStandardFragmentInsertionTagProcessor - [THYMELEAF][http-nio-8080-exec-5][common/layout/layout] Deprecated unwrapped fragment expression "common/fragments/header::header" found in template common/layout/layout, line 31, col 10. Please use the complete syntax of fragment expressions instead ("~{common/fragments/header::header}"). The old, unwrapped syntax for fragment expressions will be removed in future versions of Thymeleaf.
2025-01-08 18:46:01 [http-nio-8080-exec-5] WARN  o.t.s.p.AbstractStandardFragmentInsertionTagProcessor - [THYMELEAF][http-nio-8080-exec-5][common/layout/layout] Deprecated unwrapped fragment expression "common/fragments/footer::footer" found in template common/layout/layout, line 35, col 10. Please use the complete syntax of fragment expressions instead ("~{common/fragments/footer::footer}"). The old, unwrapped syntax for fragment expressions will be removed in future versions of Thymeleaf.
2025-01-08 18:46:01 [http-nio-8080-exec-5] DEBUG org.mybatis.spring.SqlSessionUtils - Creating a new SqlSession
2025-01-08 18:46:01 [http-nio-8080-exec-5] DEBUG org.mybatis.spring.SqlSessionUtils - SqlSession [org.apache.ibatis.session.defaults.DefaultSqlSession@13310dc2] was not registered for synchronization because synchronization is not active
2025-01-08 18:46:01 [http-nio-8080-exec-5] DEBUG o.m.s.t.SpringManagedTransaction - JDBC Connection [HikariProxyConnection@516161068 wrapping com.mysql.cj.jdbc.ConnectionImpl@6b071bb5] will not be managed by Spring
2025-01-08 18:46:01 [http-nio-8080-exec-5] DEBUG c.s.d.m.CommonMapper.selectLnbList - ==>  Preparing: SELECT CT_LNB_IDX AS ctLnbIdx, CT_LNB_ID AS ctLnbId, CT_LNB_NAME AS ctLnbName, CT_LNB_SUB_YN AS ctLnbSubYn, CT_LNB_URL AS ctLnbUrl, CT_LNB_USE_YN AS ctLnbUseYn FROM CT_LNB WHERE CT_LNB_USE_YN = 'Y' ORDER BY CT_LNB_IDX
2025-01-08 18:46:01 [http-nio-8080-exec-5] DEBUG c.s.d.m.CommonMapper.selectLnbList - ==> Parameters: 
2025-01-08 18:46:01 [http-nio-8080-exec-5] DEBUG c.s.d.m.CommonMapper.selectLnbList - <==      Total: 4
2025-01-08 18:46:01 [http-nio-8080-exec-5] DEBUG org.mybatis.spring.SqlSessionUtils - Closing non transactional SqlSession [org.apache.ibatis.session.defaults.DefaultSqlSession@13310dc2]
2025-01-08 18:46:01 [http-nio-8080-exec-2] DEBUG org.mybatis.spring.SqlSessionUtils - Creating a new SqlSession
2025-01-08 18:46:01 [http-nio-8080-exec-2] DEBUG org.mybatis.spring.SqlSessionUtils - SqlSession [org.apache.ibatis.session.defaults.DefaultSqlSession@361d5806] was not registered for synchronization because synchronization is not active
2025-01-08 18:46:01 [http-nio-8080-exec-2] DEBUG o.m.s.t.SpringManagedTransaction - JDBC Connection [HikariProxyConnection@1757837573 wrapping com.mysql.cj.jdbc.ConnectionImpl@6b071bb5] will not be managed by Spring
2025-01-08 18:46:01 [http-nio-8080-exec-2] DEBUG c.s.d.m.CommonMapper.selectLnbList - ==>  Preparing: SELECT CT_LNB_IDX AS ctLnbIdx, CT_LNB_ID AS ctLnbId, CT_LNB_NAME AS ctLnbName, CT_LNB_SUB_YN AS ctLnbSubYn, CT_LNB_URL AS ctLnbUrl, CT_LNB_USE_YN AS ctLnbUseYn FROM CT_LNB WHERE CT_LNB_USE_YN = 'Y' ORDER BY CT_LNB_IDX
2025-01-08 18:46:01 [http-nio-8080-exec-2] DEBUG c.s.d.m.CommonMapper.selectLnbList - ==> Parameters: 
2025-01-08 18:46:01 [http-nio-8080-exec-2] DEBUG c.s.d.m.CommonMapper.selectLnbList - <==      Total: 4
2025-01-08 18:46:01 [http-nio-8080-exec-2] DEBUG org.mybatis.spring.SqlSessionUtils - Closing non transactional SqlSession [org.apache.ibatis.session.defaults.DefaultSqlSession@361d5806]
2025-01-08 18:46:01 [http-nio-8080-exec-9] DEBUG org.mybatis.spring.SqlSessionUtils - Creating a new SqlSession
2025-01-08 18:46:01 [http-nio-8080-exec-10] DEBUG org.mybatis.spring.SqlSessionUtils - Creating a new SqlSession
2025-01-08 18:46:01 [http-nio-8080-exec-1] DEBUG org.mybatis.spring.SqlSessionUtils - Creating a new SqlSession
2025-01-08 18:46:01 [http-nio-8080-exec-9] DEBUG org.mybatis.spring.SqlSessionUtils - SqlSession [org.apache.ibatis.session.defaults.DefaultSqlSession@6adc3925] was not registered for synchronization because synchronization is not active
2025-01-08 18:46:01 [http-nio-8080-exec-10] DEBUG org.mybatis.spring.SqlSessionUtils - SqlSession [org.apache.ibatis.session.defaults.DefaultSqlSession@15106835] was not registered for synchronization because synchronization is not active
2025-01-08 18:46:01 [http-nio-8080-exec-1] DEBUG org.mybatis.spring.SqlSessionUtils - SqlSession [org.apache.ibatis.session.defaults.DefaultSqlSession@27cf980b] was not registered for synchronization because synchronization is not active
2025-01-08 18:46:01 [http-nio-8080-exec-9] DEBUG o.m.s.t.SpringManagedTransaction - JDBC Connection [HikariProxyConnection@1909930372 wrapping com.mysql.cj.jdbc.ConnectionImpl@6b071bb5] will not be managed by Spring
2025-01-08 18:46:01 [http-nio-8080-exec-9] DEBUG c.s.d.m.C.selectLnbSubList - ==>  Preparing: SELECT CT_LNB_SUB_IDX AS ctLnbSubIdx, CT_LNB_ID AS ctLnbId, CT_LNB_SUB_ID AS ctLnbSubId, CT_LNB_SUB_NAME AS ctLnbSubName, CT_LNB_SUB_URL AS ctLnbSubUrl FROM CT_LNB_SUB WHERE CT_LNB_ID = ? ORDER BY CT_LNB_SUB_IDX
2025-01-08 18:46:01 [http-nio-8080-exec-1] DEBUG o.m.s.t.SpringManagedTransaction - JDBC Connection [HikariProxyConnection@82448932 wrapping com.mysql.cj.jdbc.ConnectionImpl@2440f8de] will not be managed by Spring
2025-01-08 18:46:01 [http-nio-8080-exec-9] DEBUG c.s.d.m.C.selectLnbSubList - ==> Parameters: CT_LNB_SERVICE(String)
2025-01-08 18:46:01 [http-nio-8080-exec-10] DEBUG o.m.s.t.SpringManagedTransaction - JDBC Connection [HikariProxyConnection@1606715349 wrapping com.mysql.cj.jdbc.ConnectionImpl@6f4c943] will not be managed by Spring
2025-01-08 18:46:01 [http-nio-8080-exec-1] DEBUG c.s.d.m.C.selectLnbSubList - ==>  Preparing: SELECT CT_LNB_SUB_IDX AS ctLnbSubIdx, CT_LNB_ID AS ctLnbId, CT_LNB_SUB_ID AS ctLnbSubId, CT_LNB_SUB_NAME AS ctLnbSubName, CT_LNB_SUB_URL AS ctLnbSubUrl FROM CT_LNB_SUB WHERE CT_LNB_ID = ? ORDER BY CT_LNB_SUB_IDX
2025-01-08 18:46:01 [http-nio-8080-exec-10] DEBUG c.s.d.m.C.selectLnbSubList - ==>  Preparing: SELECT CT_LNB_SUB_IDX AS ctLnbSubIdx, CT_LNB_ID AS ctLnbId, CT_LNB_SUB_ID AS ctLnbSubId, CT_LNB_SUB_NAME AS ctLnbSubName, CT_LNB_SUB_URL AS ctLnbSubUrl FROM CT_LNB_SUB WHERE CT_LNB_ID = ? ORDER BY CT_LNB_SUB_IDX
2025-01-08 18:46:01 [http-nio-8080-exec-10] DEBUG c.s.d.m.C.selectLnbSubList - ==> Parameters: CT_LNB_INFORMATION(String)
2025-01-08 18:46:01 [http-nio-8080-exec-1] DEBUG c.s.d.m.C.selectLnbSubList - ==> Parameters: CT_LNB_CONTACT(String)
2025-01-08 18:46:01 [http-nio-8080-exec-1] DEBUG c.s.d.m.C.selectLnbSubList - <==      Total: 2
2025-01-08 18:46:01 [http-nio-8080-exec-10] DEBUG c.s.d.m.C.selectLnbSubList - <==      Total: 2
2025-01-08 18:46:01 [http-nio-8080-exec-9] DEBUG c.s.d.m.C.selectLnbSubList - <==      Total: 4
2025-01-08 18:46:01 [http-nio-8080-exec-10] DEBUG org.mybatis.spring.SqlSessionUtils - Closing non transactional SqlSession [org.apache.ibatis.session.defaults.DefaultSqlSession@15106835]
2025-01-08 18:46:01 [http-nio-8080-exec-9] DEBUG org.mybatis.spring.SqlSessionUtils - Closing non transactional SqlSession [org.apache.ibatis.session.defaults.DefaultSqlSession@6adc3925]
2025-01-08 18:46:01 [http-nio-8080-exec-1] DEBUG org.mybatis.spring.SqlSessionUtils - Closing non transactional SqlSession [org.apache.ibatis.session.defaults.DefaultSqlSession@27cf980b]
2025-01-08 18:46:01 [http-nio-8080-exec-8] DEBUG org.mybatis.spring.SqlSessionUtils - Creating a new SqlSession
2025-01-08 18:46:01 [http-nio-8080-exec-8] DEBUG org.mybatis.spring.SqlSessionUtils - SqlSession [org.apache.ibatis.session.defaults.DefaultSqlSession@64e63808] was not registered for synchronization because synchronization is not active
2025-01-08 18:46:01 [http-nio-8080-exec-8] DEBUG o.m.s.t.SpringManagedTransaction - JDBC Connection [HikariProxyConnection@1148734214 wrapping com.mysql.cj.jdbc.ConnectionImpl@6f4c943] will not be managed by Spring
2025-01-08 18:46:01 [http-nio-8080-exec-8] DEBUG c.s.d.m.C.selectLnbSubList - ==>  Preparing: SELECT CT_LNB_SUB_IDX AS ctLnbSubIdx, CT_LNB_ID AS ctLnbId, CT_LNB_SUB_ID AS ctLnbSubId, CT_LNB_SUB_NAME AS ctLnbSubName, CT_LNB_SUB_URL AS ctLnbSubUrl FROM CT_LNB_SUB WHERE CT_LNB_ID = ? ORDER BY CT_LNB_SUB_IDX
2025-01-08 18:46:01 [http-nio-8080-exec-8] DEBUG c.s.d.m.C.selectLnbSubList - ==> Parameters: CT_LNB_INFORMATION(String)
2025-01-08 18:46:01 [http-nio-8080-exec-8] DEBUG c.s.d.m.C.selectLnbSubList - <==      Total: 2
2025-01-08 18:46:01 [http-nio-8080-exec-8] DEBUG org.mybatis.spring.SqlSessionUtils - Closing non transactional SqlSession [org.apache.ibatis.session.defaults.DefaultSqlSession@64e63808]
2025-01-08 18:46:01 [http-nio-8080-exec-4] DEBUG org.mybatis.spring.SqlSessionUtils - Creating a new SqlSession
2025-01-08 18:46:01 [http-nio-8080-exec-3] DEBUG org.mybatis.spring.SqlSessionUtils - Creating a new SqlSession
2025-01-08 18:46:01 [http-nio-8080-exec-4] DEBUG org.mybatis.spring.SqlSessionUtils - SqlSession [org.apache.ibatis.session.defaults.DefaultSqlSession@490f1003] was not registered for synchronization because synchronization is not active
2025-01-08 18:46:01 [http-nio-8080-exec-3] DEBUG org.mybatis.spring.SqlSessionUtils - SqlSession [org.apache.ibatis.session.defaults.DefaultSqlSession@152a3a1d] was not registered for synchronization because synchronization is not active
2025-01-08 18:46:01 [http-nio-8080-exec-4] DEBUG o.m.s.t.SpringManagedTransaction - JDBC Connection [HikariProxyConnection@541795321 wrapping com.mysql.cj.jdbc.ConnectionImpl@2440f8de] will not be managed by Spring
2025-01-08 18:46:01 [http-nio-8080-exec-3] DEBUG o.m.s.t.SpringManagedTransaction - JDBC Connection [HikariProxyConnection@1609223252 wrapping com.mysql.cj.jdbc.ConnectionImpl@6b071bb5] will not be managed by Spring
2025-01-08 18:46:01 [http-nio-8080-exec-3] DEBUG c.s.d.m.C.selectLnbSubList - ==>  Preparing: SELECT CT_LNB_SUB_IDX AS ctLnbSubIdx, CT_LNB_ID AS ctLnbId, CT_LNB_SUB_ID AS ctLnbSubId, CT_LNB_SUB_NAME AS ctLnbSubName, CT_LNB_SUB_URL AS ctLnbSubUrl FROM CT_LNB_SUB WHERE CT_LNB_ID = ? ORDER BY CT_LNB_SUB_IDX
2025-01-08 18:46:01 [http-nio-8080-exec-4] DEBUG c.s.d.m.C.selectLnbSubList - ==>  Preparing: SELECT CT_LNB_SUB_IDX AS ctLnbSubIdx, CT_LNB_ID AS ctLnbId, CT_LNB_SUB_ID AS ctLnbSubId, CT_LNB_SUB_NAME AS ctLnbSubName, CT_LNB_SUB_URL AS ctLnbSubUrl FROM CT_LNB_SUB WHERE CT_LNB_ID = ? ORDER BY CT_LNB_SUB_IDX
2025-01-08 18:46:01 [http-nio-8080-exec-4] DEBUG c.s.d.m.C.selectLnbSubList - ==> Parameters: CT_LNB_SERVICE(String)
2025-01-08 18:46:01 [http-nio-8080-exec-3] DEBUG c.s.d.m.C.selectLnbSubList - ==> Parameters: CT_LNB_CONTACT(String)
2025-01-08 18:46:01 [http-nio-8080-exec-3] DEBUG c.s.d.m.C.selectLnbSubList - <==      Total: 2
2025-01-08 18:46:01 [http-nio-8080-exec-4] DEBUG c.s.d.m.C.selectLnbSubList - <==      Total: 4
2025-01-08 18:46:01 [http-nio-8080-exec-4] DEBUG org.mybatis.spring.SqlSessionUtils - Closing non transactional SqlSession [org.apache.ibatis.session.defaults.DefaultSqlSession@490f1003]
2025-01-08 18:46:01 [http-nio-8080-exec-3] DEBUG org.mybatis.spring.SqlSessionUtils - Closing non transactional SqlSession [org.apache.ibatis.session.defaults.DefaultSqlSession@152a3a1d]
2025-01-08 18:49:29 [RMI TCP Connection(15)-127.0.0.1] INFO  o.s.b.a.SpringApplicationAdminMXBeanRegistrar$SpringApplicationAdmin - Application shutdown requested.
2025-01-08 18:49:29 [RMI TCP Connection(15)-127.0.0.1] INFO  o.s.b.w.e.tomcat.GracefulShutdown - Commencing graceful shutdown. Waiting for active requests to complete
2025-01-08 18:49:29 [tomcat-shutdown] INFO  o.a.coyote.http11.Http11NioProtocol - Pausing ProtocolHandler ["http-nio-8080"]
2025-01-08 18:49:29 [tomcat-shutdown] INFO  o.s.b.w.e.tomcat.GracefulShutdown - Graceful shutdown complete
2025-01-08 18:49:29 [RMI TCP Connection(15)-127.0.0.1] INFO  o.a.coyote.http11.Http11NioProtocol - Stopping ProtocolHandler ["http-nio-8080"]
2025-01-08 18:49:29 [RMI TCP Connection(15)-127.0.0.1] INFO  com.zaxxer.hikari.HikariDataSource - HikariPool-1 - Shutdown initiated...
2025-01-08 18:49:29 [RMI TCP Connection(15)-127.0.0.1] INFO  com.zaxxer.hikari.HikariDataSource - HikariPool-1 - Shutdown completed.
2025-01-08 18:49:49 [restartedMain] INFO  c.s.devspring.DevspringApplication - Starting DevspringApplication using Java 17.0.12 with PID 11324 (D:\Spring\sts-4.4\workspace\devspring\bin\main started by aatjx in D:\Spring\sts-4.4\workspace\devspring)
2025-01-08 18:49:49 [restartedMain] INFO  c.s.devspring.DevspringApplication - No active profile set, falling back to 1 default profile: "default"
2025-01-08 18:49:49 [restartedMain] INFO  o.s.b.d.e.DevToolsPropertyDefaultsPostProcessor - Devtools property defaults active! Set 'spring.devtools.add-properties' to 'false' to disable
2025-01-08 18:49:49 [restartedMain] INFO  o.s.b.d.e.DevToolsPropertyDefaultsPostProcessor - For additional web related logging consider setting the 'logging.level.web' property to 'DEBUG'
2025-01-08 18:49:50 [restartedMain] DEBUG o.apache.ibatis.logging.LogFactory - Logging initialized using 'class org.apache.ibatis.logging.slf4j.Slf4jImpl' adapter.
2025-01-08 18:49:50 [restartedMain] DEBUG o.m.s.mapper.ClassPathMapperScanner - Identified candidate component class: file [D:\Spring\sts-4.4\workspace\devspring\bin\main\com\spring\devspring\mapper\BoardMapper.class]
2025-01-08 18:49:50 [restartedMain] DEBUG o.m.s.mapper.ClassPathMapperScanner - Identified candidate component class: file [D:\Spring\sts-4.4\workspace\devspring\bin\main\com\spring\devspring\mapper\CommonMapper.class]
2025-01-08 18:49:50 [restartedMain] DEBUG o.m.s.mapper.ClassPathMapperScanner - Creating MapperFactoryBean with name 'boardMapper' and 'com.spring.devspring.mapper.BoardMapper' mapperInterface
2025-01-08 18:49:50 [restartedMain] DEBUG o.m.s.mapper.ClassPathMapperScanner - Creating MapperFactoryBean with name 'commonMapper' and 'com.spring.devspring.mapper.CommonMapper' mapperInterface
2025-01-08 18:49:50 [restartedMain] INFO  o.s.b.w.e.tomcat.TomcatWebServer - Tomcat initialized with port 8080 (http)
2025-01-08 18:49:50 [restartedMain] INFO  o.a.coyote.http11.Http11NioProtocol - Initializing ProtocolHandler ["http-nio-8080"]
2025-01-08 18:49:50 [restartedMain] INFO  o.a.catalina.core.StandardService - Starting service [Tomcat]
2025-01-08 18:49:50 [restartedMain] INFO  o.a.catalina.core.StandardEngine - Starting Servlet engine: [Apache Tomcat/10.1.34]
2025-01-08 18:49:50 [restartedMain] INFO  o.a.c.c.C.[Tomcat].[localhost].[/] - Initializing Spring embedded WebApplicationContext
2025-01-08 18:49:50 [restartedMain] INFO  o.s.b.w.s.c.ServletWebServerApplicationContext - Root WebApplicationContext: initialization completed in 631 ms
2025-01-08 18:49:50 [restartedMain] DEBUG o.m.spring.SqlSessionFactoryBean - Property 'configuration' or 'configLocation' not specified, using default MyBatis Configuration
2025-01-08 18:49:50 [restartedMain] DEBUG o.m.spring.SqlSessionFactoryBean - Parsed mapper file: 'file [D:\Spring\sts-4.4\workspace\devspring\bin\main\static\mapper\BoardMapper.xml]'
2025-01-08 18:49:50 [restartedMain] DEBUG o.m.spring.SqlSessionFactoryBean - Parsed mapper file: 'file [D:\Spring\sts-4.4\workspace\devspring\bin\main\static\mapper\CommonMapper.xml]'
2025-01-08 18:49:50 [restartedMain] INFO  o.s.b.d.a.OptionalLiveReloadServer - LiveReload server is running on port 35729
2025-01-08 18:49:50 [restartedMain] INFO  o.a.coyote.http11.Http11NioProtocol - Starting ProtocolHandler ["http-nio-8080"]
2025-01-08 18:49:50 [restartedMain] INFO  o.s.b.w.e.tomcat.TomcatWebServer - Tomcat started on port 8080 (http) with context path '/'
2025-01-08 18:49:50 [restartedMain] INFO  c.s.devspring.DevspringApplication - Started DevspringApplication in 1.408 seconds (process running for 1.798)
2025-01-08 18:49:59 [http-nio-8080-exec-1] INFO  o.a.c.c.C.[Tomcat].[localhost].[/] - Initializing Spring DispatcherServlet 'dispatcherServlet'
2025-01-08 18:49:59 [http-nio-8080-exec-1] INFO  o.s.web.servlet.DispatcherServlet - Initializing Servlet 'dispatcherServlet'
2025-01-08 18:49:59 [http-nio-8080-exec-1] INFO  o.s.web.servlet.DispatcherServlet - Completed initialization in 0 ms
2025-01-08 18:50:00 [http-nio-8080-exec-1] WARN  o.t.s.p.AbstractStandardFragmentInsertionTagProcessor - [THYMELEAF][http-nio-8080-exec-1][common/layout/layout] Deprecated unwrapped fragment expression "common/fragments/header::header" found in template common/layout/layout, line 31, col 10. Please use the complete syntax of fragment expressions instead ("~{common/fragments/header::header}"). The old, unwrapped syntax for fragment expressions will be removed in future versions of Thymeleaf.
2025-01-08 18:50:00 [http-nio-8080-exec-1] WARN  o.t.s.p.AbstractStandardFragmentInsertionTagProcessor - [THYMELEAF][http-nio-8080-exec-1][common/layout/layout] Deprecated unwrapped fragment expression "common/fragments/footer::footer" found in template common/layout/layout, line 35, col 10. Please use the complete syntax of fragment expressions instead ("~{common/fragments/footer::footer}"). The old, unwrapped syntax for fragment expressions will be removed in future versions of Thymeleaf.
2025-01-08 18:50:00 [http-nio-8080-exec-1] DEBUG org.mybatis.spring.SqlSessionUtils - Creating a new SqlSession
2025-01-08 18:50:00 [http-nio-8080-exec-1] DEBUG org.mybatis.spring.SqlSessionUtils - SqlSession [org.apache.ibatis.session.defaults.DefaultSqlSession@15ac4b73] was not registered for synchronization because synchronization is not active
2025-01-08 18:50:00 [http-nio-8080-exec-1] INFO  com.zaxxer.hikari.HikariDataSource - HikariPool-1 - Starting...
2025-01-08 18:50:00 [http-nio-8080-exec-1] INFO  com.zaxxer.hikari.pool.HikariPool - HikariPool-1 - Added connection com.mysql.cj.jdbc.ConnectionImpl@5a5c542b
2025-01-08 18:50:00 [http-nio-8080-exec-1] INFO  com.zaxxer.hikari.HikariDataSource - HikariPool-1 - Start completed.
2025-01-08 18:50:00 [http-nio-8080-exec-1] DEBUG o.m.s.t.SpringManagedTransaction - JDBC Connection [HikariProxyConnection@661061022 wrapping com.mysql.cj.jdbc.ConnectionImpl@5a5c542b] will not be managed by Spring
2025-01-08 18:50:00 [http-nio-8080-exec-1] DEBUG c.s.d.m.CommonMapper.selectLnbList - ==>  Preparing: SELECT CT_LNB_IDX AS ctLnbIdx, CT_LNB_ID AS ctLnbId, CT_LNB_NAME AS ctLnbName, CT_LNB_SUB_YN AS ctLnbSubYn, CT_LNB_URL AS ctLnbUrl, CT_LNB_USE_YN AS ctLnbUseYn FROM CT_LNB WHERE CT_LNB_USE_YN = 'Y' ORDER BY CT_LNB_IDX
2025-01-08 18:50:00 [http-nio-8080-exec-1] DEBUG c.s.d.m.CommonMapper.selectLnbList - ==> Parameters: 
2025-01-08 18:50:00 [http-nio-8080-exec-1] DEBUG c.s.d.m.CommonMapper.selectLnbList - <==      Total: 4
2025-01-08 18:50:00 [http-nio-8080-exec-1] DEBUG org.mybatis.spring.SqlSessionUtils - Closing non transactional SqlSession [org.apache.ibatis.session.defaults.DefaultSqlSession@15ac4b73]
2025-01-08 18:50:00 [http-nio-8080-exec-7] DEBUG org.mybatis.spring.SqlSessionUtils - Creating a new SqlSession
2025-01-08 18:50:00 [http-nio-8080-exec-7] DEBUG org.mybatis.spring.SqlSessionUtils - SqlSession [org.apache.ibatis.session.defaults.DefaultSqlSession@153ad571] was not registered for synchronization because synchronization is not active
2025-01-08 18:50:00 [http-nio-8080-exec-7] DEBUG o.m.s.t.SpringManagedTransaction - JDBC Connection [HikariProxyConnection@265637761 wrapping com.mysql.cj.jdbc.ConnectionImpl@5a5c542b] will not be managed by Spring
2025-01-08 18:50:00 [http-nio-8080-exec-7] DEBUG c.s.d.m.CommonMapper.selectLnbList - ==>  Preparing: SELECT CT_LNB_IDX AS ctLnbIdx, CT_LNB_ID AS ctLnbId, CT_LNB_NAME AS ctLnbName, CT_LNB_SUB_YN AS ctLnbSubYn, CT_LNB_URL AS ctLnbUrl, CT_LNB_USE_YN AS ctLnbUseYn FROM CT_LNB WHERE CT_LNB_USE_YN = 'Y' ORDER BY CT_LNB_IDX
2025-01-08 18:50:00 [http-nio-8080-exec-7] DEBUG c.s.d.m.CommonMapper.selectLnbList - ==> Parameters: 
2025-01-08 18:50:00 [http-nio-8080-exec-7] DEBUG c.s.d.m.CommonMapper.selectLnbList - <==      Total: 4
2025-01-08 18:50:00 [http-nio-8080-exec-7] DEBUG org.mybatis.spring.SqlSessionUtils - Closing non transactional SqlSession [org.apache.ibatis.session.defaults.DefaultSqlSession@153ad571]
2025-01-08 18:50:00 [http-nio-8080-exec-5] DEBUG org.mybatis.spring.SqlSessionUtils - Creating a new SqlSession
2025-01-08 18:50:00 [http-nio-8080-exec-6] DEBUG org.mybatis.spring.SqlSessionUtils - Creating a new SqlSession
2025-01-08 18:50:00 [http-nio-8080-exec-3] DEBUG org.mybatis.spring.SqlSessionUtils - Creating a new SqlSession
2025-01-08 18:50:00 [http-nio-8080-exec-6] DEBUG org.mybatis.spring.SqlSessionUtils - SqlSession [org.apache.ibatis.session.defaults.DefaultSqlSession@8d048fa] was not registered for synchronization because synchronization is not active
2025-01-08 18:50:00 [http-nio-8080-exec-3] DEBUG org.mybatis.spring.SqlSessionUtils - SqlSession [org.apache.ibatis.session.defaults.DefaultSqlSession@41cae636] was not registered for synchronization because synchronization is not active
2025-01-08 18:50:00 [http-nio-8080-exec-5] DEBUG org.mybatis.spring.SqlSessionUtils - SqlSession [org.apache.ibatis.session.defaults.DefaultSqlSession@4370411a] was not registered for synchronization because synchronization is not active
2025-01-08 18:50:00 [http-nio-8080-exec-3] DEBUG o.m.s.t.SpringManagedTransaction - JDBC Connection [HikariProxyConnection@560753080 wrapping com.mysql.cj.jdbc.ConnectionImpl@5a5c542b] will not be managed by Spring
2025-01-08 18:50:00 [http-nio-8080-exec-3] DEBUG c.s.d.m.C.selectLnbSubList - ==>  Preparing: SELECT CT_LNB_SUB_IDX AS ctLnbSubIdx, CT_LNB_ID AS ctLnbId, CT_LNB_SUB_ID AS ctLnbSubId, CT_LNB_SUB_NAME AS ctLnbSubName, CT_LNB_SUB_URL AS ctLnbSubUrl FROM CT_LNB_SUB WHERE CT_LNB_ID = ? ORDER BY CT_LNB_SUB_IDX
2025-01-08 18:50:00 [http-nio-8080-exec-3] DEBUG c.s.d.m.C.selectLnbSubList - ==> Parameters: CT_LNB_SERVICE(String)
2025-01-08 18:50:00 [http-nio-8080-exec-3] DEBUG c.s.d.m.C.selectLnbSubList - <==      Total: 4
2025-01-08 18:50:00 [http-nio-8080-exec-3] DEBUG org.mybatis.spring.SqlSessionUtils - Closing non transactional SqlSession [org.apache.ibatis.session.defaults.DefaultSqlSession@41cae636]
2025-01-08 18:50:00 [http-nio-8080-exec-5] DEBUG o.m.s.t.SpringManagedTransaction - JDBC Connection [HikariProxyConnection@1916786561 wrapping com.mysql.cj.jdbc.ConnectionImpl@5a5c542b] will not be managed by Spring
2025-01-08 18:50:00 [http-nio-8080-exec-5] DEBUG c.s.d.m.C.selectLnbSubList - ==>  Preparing: SELECT CT_LNB_SUB_IDX AS ctLnbSubIdx, CT_LNB_ID AS ctLnbId, CT_LNB_SUB_ID AS ctLnbSubId, CT_LNB_SUB_NAME AS ctLnbSubName, CT_LNB_SUB_URL AS ctLnbSubUrl FROM CT_LNB_SUB WHERE CT_LNB_ID = ? ORDER BY CT_LNB_SUB_IDX
2025-01-08 18:50:00 [http-nio-8080-exec-5] DEBUG c.s.d.m.C.selectLnbSubList - ==> Parameters: CT_LNB_CONTACT(String)
2025-01-08 18:50:00 [http-nio-8080-exec-5] DEBUG c.s.d.m.C.selectLnbSubList - <==      Total: 2
2025-01-08 18:50:00 [http-nio-8080-exec-5] DEBUG org.mybatis.spring.SqlSessionUtils - Closing non transactional SqlSession [org.apache.ibatis.session.defaults.DefaultSqlSession@4370411a]
2025-01-08 18:50:00 [http-nio-8080-exec-6] DEBUG o.m.s.t.SpringManagedTransaction - JDBC Connection [HikariProxyConnection@1611284831 wrapping com.mysql.cj.jdbc.ConnectionImpl@5a5c542b] will not be managed by Spring
2025-01-08 18:50:00 [http-nio-8080-exec-6] DEBUG c.s.d.m.C.selectLnbSubList - ==>  Preparing: SELECT CT_LNB_SUB_IDX AS ctLnbSubIdx, CT_LNB_ID AS ctLnbId, CT_LNB_SUB_ID AS ctLnbSubId, CT_LNB_SUB_NAME AS ctLnbSubName, CT_LNB_SUB_URL AS ctLnbSubUrl FROM CT_LNB_SUB WHERE CT_LNB_ID = ? ORDER BY CT_LNB_SUB_IDX
2025-01-08 18:50:00 [http-nio-8080-exec-6] DEBUG c.s.d.m.C.selectLnbSubList - ==> Parameters: CT_LNB_INFORMATION(String)
2025-01-08 18:50:00 [http-nio-8080-exec-2] DEBUG org.mybatis.spring.SqlSessionUtils - Creating a new SqlSession
2025-01-08 18:50:00 [http-nio-8080-exec-2] DEBUG org.mybatis.spring.SqlSessionUtils - SqlSession [org.apache.ibatis.session.defaults.DefaultSqlSession@8262d71] was not registered for synchronization because synchronization is not active
2025-01-08 18:50:00 [http-nio-8080-exec-6] DEBUG c.s.d.m.C.selectLnbSubList - <==      Total: 2
2025-01-08 18:50:00 [http-nio-8080-exec-6] DEBUG org.mybatis.spring.SqlSessionUtils - Closing non transactional SqlSession [org.apache.ibatis.session.defaults.DefaultSqlSession@8d048fa]
2025-01-08 18:50:00 [http-nio-8080-exec-2] DEBUG o.m.s.t.SpringManagedTransaction - JDBC Connection [HikariProxyConnection@841460418 wrapping com.mysql.cj.jdbc.ConnectionImpl@5a5c542b] will not be managed by Spring
2025-01-08 18:50:00 [http-nio-8080-exec-2] DEBUG c.s.d.m.C.selectLnbSubList - ==>  Preparing: SELECT CT_LNB_SUB_IDX AS ctLnbSubIdx, CT_LNB_ID AS ctLnbId, CT_LNB_SUB_ID AS ctLnbSubId, CT_LNB_SUB_NAME AS ctLnbSubName, CT_LNB_SUB_URL AS ctLnbSubUrl FROM CT_LNB_SUB WHERE CT_LNB_ID = ? ORDER BY CT_LNB_SUB_IDX
2025-01-08 18:50:00 [http-nio-8080-exec-4] DEBUG org.mybatis.spring.SqlSessionUtils - Creating a new SqlSession
2025-01-08 18:50:00 [http-nio-8080-exec-4] DEBUG org.mybatis.spring.SqlSessionUtils - SqlSession [org.apache.ibatis.session.defaults.DefaultSqlSession@7f6f1562] was not registered for synchronization because synchronization is not active
2025-01-08 18:50:00 [http-nio-8080-exec-2] DEBUG c.s.d.m.C.selectLnbSubList - ==> Parameters: CT_LNB_SERVICE(String)
2025-01-08 18:50:00 [http-nio-8080-exec-2] DEBUG c.s.d.m.C.selectLnbSubList - <==      Total: 4
2025-01-08 18:50:00 [http-nio-8080-exec-2] DEBUG org.mybatis.spring.SqlSessionUtils - Closing non transactional SqlSession [org.apache.ibatis.session.defaults.DefaultSqlSession@8262d71]
2025-01-08 18:50:00 [http-nio-8080-exec-4] DEBUG o.m.s.t.SpringManagedTransaction - JDBC Connection [HikariProxyConnection@985778680 wrapping com.mysql.cj.jdbc.ConnectionImpl@5a5c542b] will not be managed by Spring
2025-01-08 18:50:00 [http-nio-8080-exec-4] DEBUG c.s.d.m.C.selectLnbSubList - ==>  Preparing: SELECT CT_LNB_SUB_IDX AS ctLnbSubIdx, CT_LNB_ID AS ctLnbId, CT_LNB_SUB_ID AS ctLnbSubId, CT_LNB_SUB_NAME AS ctLnbSubName, CT_LNB_SUB_URL AS ctLnbSubUrl FROM CT_LNB_SUB WHERE CT_LNB_ID = ? ORDER BY CT_LNB_SUB_IDX
2025-01-08 18:50:00 [http-nio-8080-exec-8] DEBUG org.mybatis.spring.SqlSessionUtils - Creating a new SqlSession
2025-01-08 18:50:00 [http-nio-8080-exec-8] DEBUG org.mybatis.spring.SqlSessionUtils - SqlSession [org.apache.ibatis.session.defaults.DefaultSqlSession@6f0ef74d] was not registered for synchronization because synchronization is not active
2025-01-08 18:50:00 [http-nio-8080-exec-4] DEBUG c.s.d.m.C.selectLnbSubList - ==> Parameters: CT_LNB_CONTACT(String)
2025-01-08 18:50:00 [http-nio-8080-exec-4] DEBUG c.s.d.m.C.selectLnbSubList - <==      Total: 2
2025-01-08 18:50:00 [http-nio-8080-exec-4] DEBUG org.mybatis.spring.SqlSessionUtils - Closing non transactional SqlSession [org.apache.ibatis.session.defaults.DefaultSqlSession@7f6f1562]
2025-01-08 18:50:00 [http-nio-8080-exec-8] DEBUG o.m.s.t.SpringManagedTransaction - JDBC Connection [HikariProxyConnection@1798405748 wrapping com.mysql.cj.jdbc.ConnectionImpl@5a5c542b] will not be managed by Spring
2025-01-08 18:50:00 [http-nio-8080-exec-8] DEBUG c.s.d.m.C.selectLnbSubList - ==>  Preparing: SELECT CT_LNB_SUB_IDX AS ctLnbSubIdx, CT_LNB_ID AS ctLnbId, CT_LNB_SUB_ID AS ctLnbSubId, CT_LNB_SUB_NAME AS ctLnbSubName, CT_LNB_SUB_URL AS ctLnbSubUrl FROM CT_LNB_SUB WHERE CT_LNB_ID = ? ORDER BY CT_LNB_SUB_IDX
2025-01-08 18:50:00 [http-nio-8080-exec-8] DEBUG c.s.d.m.C.selectLnbSubList - ==> Parameters: CT_LNB_INFORMATION(String)
2025-01-08 18:50:00 [http-nio-8080-exec-8] DEBUG c.s.d.m.C.selectLnbSubList - <==      Total: 2
2025-01-08 18:50:00 [http-nio-8080-exec-8] DEBUG org.mybatis.spring.SqlSessionUtils - Closing non transactional SqlSession [org.apache.ibatis.session.defaults.DefaultSqlSession@6f0ef74d]
2025-01-08 19:27:47 [File Watcher] INFO  o.s.b.d.a.LocalDevToolsAutoConfiguration$RestartingClassPathChangeChangedEventListener - Restarting due to 1 class path change (0 additions, 0 deletions, 1 modification)
2025-01-08 19:27:47 [Thread-5] INFO  o.s.b.w.e.tomcat.GracefulShutdown - Commencing graceful shutdown. Waiting for active requests to complete
2025-01-08 19:27:47 [tomcat-shutdown] INFO  o.a.coyote.http11.Http11NioProtocol - Pausing ProtocolHandler ["http-nio-8080"]
2025-01-08 19:27:47 [tomcat-shutdown] INFO  o.s.b.w.e.tomcat.GracefulShutdown - Graceful shutdown complete
2025-01-08 19:27:47 [Thread-5] INFO  o.a.coyote.http11.Http11NioProtocol - Stopping ProtocolHandler ["http-nio-8080"]
2025-01-08 19:27:47 [Thread-5] INFO  com.zaxxer.hikari.HikariDataSource - HikariPool-1 - Shutdown initiated...
2025-01-08 19:27:47 [Thread-5] INFO  com.zaxxer.hikari.HikariDataSource - HikariPool-1 - Shutdown completed.
2025-01-08 19:27:47 [restartedMain] INFO  c.s.devspring.DevspringApplication - Starting DevspringApplication using Java 17.0.12 with PID 11324 (D:\Spring\sts-4.4\workspace\devspring\bin\main started by aatjx in D:\Spring\sts-4.4\workspace\devspring)
2025-01-08 19:27:47 [restartedMain] INFO  c.s.devspring.DevspringApplication - No active profile set, falling back to 1 default profile: "default"
2025-01-08 19:27:47 [restartedMain] DEBUG o.m.s.mapper.ClassPathMapperScanner - Identified candidate component class: file [D:\Spring\sts-4.4\workspace\devspring\bin\main\com\spring\devspring\mapper\BoardMapper.class]
2025-01-08 19:27:47 [restartedMain] DEBUG o.m.s.mapper.ClassPathMapperScanner - Identified candidate component class: file [D:\Spring\sts-4.4\workspace\devspring\bin\main\com\spring\devspring\mapper\CommonMapper.class]
2025-01-08 19:27:47 [restartedMain] DEBUG o.m.s.mapper.ClassPathMapperScanner - Creating MapperFactoryBean with name 'boardMapper' and 'com.spring.devspring.mapper.BoardMapper' mapperInterface
2025-01-08 19:27:47 [restartedMain] DEBUG o.m.s.mapper.ClassPathMapperScanner - Creating MapperFactoryBean with name 'commonMapper' and 'com.spring.devspring.mapper.CommonMapper' mapperInterface
2025-01-08 19:27:47 [restartedMain] INFO  o.s.b.w.e.tomcat.TomcatWebServer - Tomcat initialized with port 8080 (http)
2025-01-08 19:27:47 [restartedMain] INFO  o.a.coyote.http11.Http11NioProtocol - Initializing ProtocolHandler ["http-nio-8080"]
2025-01-08 19:27:47 [restartedMain] INFO  o.a.catalina.core.StandardService - Starting service [Tomcat]
2025-01-08 19:27:47 [restartedMain] INFO  o.a.catalina.core.StandardEngine - Starting Servlet engine: [Apache Tomcat/10.1.34]
2025-01-08 19:27:47 [restartedMain] INFO  o.a.c.c.C.[Tomcat].[localhost].[/] - Initializing Spring embedded WebApplicationContext
2025-01-08 19:27:47 [restartedMain] INFO  o.s.b.w.s.c.ServletWebServerApplicationContext - Root WebApplicationContext: initialization completed in 181 ms
2025-01-08 19:27:47 [restartedMain] DEBUG o.m.spring.SqlSessionFactoryBean - Property 'configuration' or 'configLocation' not specified, using default MyBatis Configuration
2025-01-08 19:27:47 [restartedMain] DEBUG o.m.spring.SqlSessionFactoryBean - Parsed mapper file: 'file [D:\Spring\sts-4.4\workspace\devspring\bin\main\static\mapper\BoardMapper.xml]'
2025-01-08 19:27:47 [restartedMain] DEBUG o.m.spring.SqlSessionFactoryBean - Parsed mapper file: 'file [D:\Spring\sts-4.4\workspace\devspring\bin\main\static\mapper\CommonMapper.xml]'
2025-01-08 19:27:47 [restartedMain] INFO  o.s.b.d.a.OptionalLiveReloadServer - LiveReload server is running on port 35729
2025-01-08 19:27:47 [restartedMain] INFO  o.a.coyote.http11.Http11NioProtocol - Starting ProtocolHandler ["http-nio-8080"]
2025-01-08 19:27:47 [restartedMain] INFO  o.s.b.w.e.tomcat.TomcatWebServer - Tomcat started on port 8080 (http) with context path '/'
2025-01-08 19:27:47 [restartedMain] INFO  c.s.devspring.DevspringApplication - Started DevspringApplication in 0.314 seconds (process running for 2278.608)
2025-01-08 19:27:47 [restartedMain] INFO  o.s.b.d.a.ConditionEvaluationDeltaLoggingListener - Condition evaluation unchanged
2025-01-08 19:27:48 [RMI TCP Connection(48)-127.0.0.1] INFO  o.s.b.a.SpringApplicationAdminMXBeanRegistrar$SpringApplicationAdmin - Application shutdown requested.
2025-01-08 19:27:48 [RMI TCP Connection(48)-127.0.0.1] INFO  o.s.b.w.e.tomcat.GracefulShutdown - Commencing graceful shutdown. Waiting for active requests to complete
2025-01-08 19:27:48 [tomcat-shutdown] INFO  o.a.coyote.http11.Http11NioProtocol - Pausing ProtocolHandler ["http-nio-8080"]
2025-01-08 19:27:48 [tomcat-shutdown] INFO  o.s.b.w.e.tomcat.GracefulShutdown - Graceful shutdown complete
2025-01-08 19:27:48 [RMI TCP Connection(48)-127.0.0.1] INFO  o.a.coyote.http11.Http11NioProtocol - Stopping ProtocolHandler ["http-nio-8080"]
2025-01-08 19:35:05 [restartedMain] INFO  c.s.devspring.DevspringApplication - Starting DevspringApplication using Java 17.0.12 with PID 13152 (D:\Spring\sts-4.4\workspace\devspring\bin\main started by aatjx in D:\Spring\sts-4.4\workspace\devspring)
2025-01-08 19:35:05 [restartedMain] INFO  c.s.devspring.DevspringApplication - No active profile set, falling back to 1 default profile: "default"
2025-01-08 19:35:05 [restartedMain] INFO  o.s.b.d.e.DevToolsPropertyDefaultsPostProcessor - Devtools property defaults active! Set 'spring.devtools.add-properties' to 'false' to disable
2025-01-08 19:35:05 [restartedMain] INFO  o.s.b.d.e.DevToolsPropertyDefaultsPostProcessor - For additional web related logging consider setting the 'logging.level.web' property to 'DEBUG'
2025-01-08 19:35:05 [restartedMain] DEBUG o.apache.ibatis.logging.LogFactory - Logging initialized using 'class org.apache.ibatis.logging.slf4j.Slf4jImpl' adapter.
2025-01-08 19:35:05 [restartedMain] DEBUG o.m.s.mapper.ClassPathMapperScanner - Identified candidate component class: file [D:\Spring\sts-4.4\workspace\devspring\bin\main\com\spring\devspring\mapper\BoardMapper.class]
2025-01-08 19:35:05 [restartedMain] DEBUG o.m.s.mapper.ClassPathMapperScanner - Identified candidate component class: file [D:\Spring\sts-4.4\workspace\devspring\bin\main\com\spring\devspring\mapper\CommonMapper.class]
2025-01-08 19:35:05 [restartedMain] DEBUG o.m.s.mapper.ClassPathMapperScanner - Creating MapperFactoryBean with name 'boardMapper' and 'com.spring.devspring.mapper.BoardMapper' mapperInterface
2025-01-08 19:35:05 [restartedMain] DEBUG o.m.s.mapper.ClassPathMapperScanner - Creating MapperFactoryBean with name 'commonMapper' and 'com.spring.devspring.mapper.CommonMapper' mapperInterface
2025-01-08 19:35:06 [restartedMain] INFO  o.s.b.w.e.tomcat.TomcatWebServer - Tomcat initialized with port 8080 (http)
2025-01-08 19:35:06 [restartedMain] INFO  o.a.coyote.http11.Http11NioProtocol - Initializing ProtocolHandler ["http-nio-8080"]
2025-01-08 19:35:06 [restartedMain] INFO  o.a.catalina.core.StandardService - Starting service [Tomcat]
2025-01-08 19:35:06 [restartedMain] INFO  o.a.catalina.core.StandardEngine - Starting Servlet engine: [Apache Tomcat/10.1.34]
2025-01-08 19:35:06 [restartedMain] INFO  o.a.c.c.C.[Tomcat].[localhost].[/] - Initializing Spring embedded WebApplicationContext
2025-01-08 19:35:06 [restartedMain] INFO  o.s.b.w.s.c.ServletWebServerApplicationContext - Root WebApplicationContext: initialization completed in 655 ms
2025-01-08 19:35:06 [restartedMain] DEBUG o.m.spring.SqlSessionFactoryBean - Property 'configuration' or 'configLocation' not specified, using default MyBatis Configuration
2025-01-08 19:35:06 [restartedMain] DEBUG o.m.spring.SqlSessionFactoryBean - Parsed mapper file: 'file [D:\Spring\sts-4.4\workspace\devspring\bin\main\static\mapper\BoardMapper.xml]'
2025-01-08 19:35:06 [restartedMain] DEBUG o.m.spring.SqlSessionFactoryBean - Parsed mapper file: 'file [D:\Spring\sts-4.4\workspace\devspring\bin\main\static\mapper\CommonMapper.xml]'
2025-01-08 19:35:06 [restartedMain] INFO  o.s.b.d.a.OptionalLiveReloadServer - LiveReload server is running on port 35729
2025-01-08 19:35:06 [restartedMain] INFO  o.a.coyote.http11.Http11NioProtocol - Starting ProtocolHandler ["http-nio-8080"]
2025-01-08 19:35:06 [restartedMain] INFO  o.s.b.w.e.tomcat.TomcatWebServer - Tomcat started on port 8080 (http) with context path '/'
2025-01-08 19:35:06 [restartedMain] INFO  c.s.devspring.DevspringApplication - Started DevspringApplication in 1.485 seconds (process running for 1.887)
2025-01-08 19:35:09 [http-nio-8080-exec-1] INFO  o.a.c.c.C.[Tomcat].[localhost].[/] - Initializing Spring DispatcherServlet 'dispatcherServlet'
2025-01-08 19:35:09 [http-nio-8080-exec-1] INFO  o.s.web.servlet.DispatcherServlet - Initializing Servlet 'dispatcherServlet'
2025-01-08 19:35:09 [http-nio-8080-exec-1] INFO  o.s.web.servlet.DispatcherServlet - Completed initialization in 1 ms
2025-01-08 19:35:09 [http-nio-8080-exec-1] WARN  o.t.s.p.AbstractStandardFragmentInsertionTagProcessor - [THYMELEAF][http-nio-8080-exec-1][common/layout/layout] Deprecated unwrapped fragment expression "common/fragments/header::header" found in template common/layout/layout, line 31, col 10. Please use the complete syntax of fragment expressions instead ("~{common/fragments/header::header}"). The old, unwrapped syntax for fragment expressions will be removed in future versions of Thymeleaf.
2025-01-08 19:35:09 [http-nio-8080-exec-1] WARN  o.t.s.p.AbstractStandardFragmentInsertionTagProcessor - [THYMELEAF][http-nio-8080-exec-1][common/layout/layout] Deprecated unwrapped fragment expression "common/fragments/footer::footer" found in template common/layout/layout, line 35, col 10. Please use the complete syntax of fragment expressions instead ("~{common/fragments/footer::footer}"). The old, unwrapped syntax for fragment expressions will be removed in future versions of Thymeleaf.
2025-01-08 19:35:09 [http-nio-8080-exec-1] DEBUG org.mybatis.spring.SqlSessionUtils - Creating a new SqlSession
2025-01-08 19:35:09 [http-nio-8080-exec-1] DEBUG org.mybatis.spring.SqlSessionUtils - SqlSession [org.apache.ibatis.session.defaults.DefaultSqlSession@79460c6f] was not registered for synchronization because synchronization is not active
2025-01-08 19:35:09 [http-nio-8080-exec-1] INFO  com.zaxxer.hikari.HikariDataSource - HikariPool-1 - Starting...
2025-01-08 19:35:09 [http-nio-8080-exec-1] INFO  com.zaxxer.hikari.pool.HikariPool - HikariPool-1 - Added connection com.mysql.cj.jdbc.ConnectionImpl@2260f8c3
2025-01-08 19:35:09 [http-nio-8080-exec-1] INFO  com.zaxxer.hikari.HikariDataSource - HikariPool-1 - Start completed.
2025-01-08 19:35:09 [http-nio-8080-exec-1] DEBUG o.m.s.t.SpringManagedTransaction - JDBC Connection [HikariProxyConnection@1525078344 wrapping com.mysql.cj.jdbc.ConnectionImpl@2260f8c3] will not be managed by Spring
2025-01-08 19:35:09 [http-nio-8080-exec-1] DEBUG c.s.d.m.CommonMapper.selectLnbList - ==>  Preparing: SELECT CT_LNB_IDX AS ctLnbIdx, CT_LNB_ID AS ctLnbId, CT_LNB_NAME AS ctLnbName, CT_LNB_SUB_YN AS ctLnbSubYn, CT_LNB_URL AS ctLnbUrl, CT_LNB_USE_YN AS ctLnbUseYn FROM CT_LNB WHERE CT_LNB_USE_YN = 'Y' ORDER BY CT_LNB_IDX
2025-01-08 19:35:09 [http-nio-8080-exec-1] DEBUG c.s.d.m.CommonMapper.selectLnbList - ==> Parameters: 
2025-01-08 19:35:09 [http-nio-8080-exec-1] DEBUG c.s.d.m.CommonMapper.selectLnbList - <==      Total: 4
2025-01-08 19:35:09 [http-nio-8080-exec-1] DEBUG org.mybatis.spring.SqlSessionUtils - Closing non transactional SqlSession [org.apache.ibatis.session.defaults.DefaultSqlSession@79460c6f]
2025-01-08 19:35:10 [http-nio-8080-exec-5] DEBUG org.mybatis.spring.SqlSessionUtils - Creating a new SqlSession
2025-01-08 19:35:10 [http-nio-8080-exec-5] DEBUG org.mybatis.spring.SqlSessionUtils - SqlSession [org.apache.ibatis.session.defaults.DefaultSqlSession@56766e39] was not registered for synchronization because synchronization is not active
2025-01-08 19:35:10 [http-nio-8080-exec-5] DEBUG o.m.s.t.SpringManagedTransaction - JDBC Connection [HikariProxyConnection@726512437 wrapping com.mysql.cj.jdbc.ConnectionImpl@2260f8c3] will not be managed by Spring
2025-01-08 19:35:10 [http-nio-8080-exec-5] DEBUG c.s.d.m.CommonMapper.selectLnbList - ==>  Preparing: SELECT CT_LNB_IDX AS ctLnbIdx, CT_LNB_ID AS ctLnbId, CT_LNB_NAME AS ctLnbName, CT_LNB_SUB_YN AS ctLnbSubYn, CT_LNB_URL AS ctLnbUrl, CT_LNB_USE_YN AS ctLnbUseYn FROM CT_LNB WHERE CT_LNB_USE_YN = 'Y' ORDER BY CT_LNB_IDX
2025-01-08 19:35:10 [http-nio-8080-exec-5] DEBUG c.s.d.m.CommonMapper.selectLnbList - ==> Parameters: 
2025-01-08 19:35:10 [http-nio-8080-exec-5] DEBUG c.s.d.m.CommonMapper.selectLnbList - <==      Total: 4
2025-01-08 19:35:10 [http-nio-8080-exec-5] DEBUG org.mybatis.spring.SqlSessionUtils - Closing non transactional SqlSession [org.apache.ibatis.session.defaults.DefaultSqlSession@56766e39]
2025-01-08 19:35:10 [http-nio-8080-exec-3] DEBUG org.mybatis.spring.SqlSessionUtils - Creating a new SqlSession
2025-01-08 19:35:10 [http-nio-8080-exec-4] DEBUG org.mybatis.spring.SqlSessionUtils - Creating a new SqlSession
2025-01-08 19:35:10 [http-nio-8080-exec-7] DEBUG org.mybatis.spring.SqlSessionUtils - Creating a new SqlSession
2025-01-08 19:35:10 [http-nio-8080-exec-3] DEBUG org.mybatis.spring.SqlSessionUtils - SqlSession [org.apache.ibatis.session.defaults.DefaultSqlSession@740f2e16] was not registered for synchronization because synchronization is not active
2025-01-08 19:35:10 [http-nio-8080-exec-4] DEBUG org.mybatis.spring.SqlSessionUtils - SqlSession [org.apache.ibatis.session.defaults.DefaultSqlSession@a3e4061] was not registered for synchronization because synchronization is not active
2025-01-08 19:35:10 [http-nio-8080-exec-7] DEBUG org.mybatis.spring.SqlSessionUtils - SqlSession [org.apache.ibatis.session.defaults.DefaultSqlSession@205162f2] was not registered for synchronization because synchronization is not active
2025-01-08 19:35:10 [http-nio-8080-exec-3] DEBUG o.m.s.t.SpringManagedTransaction - JDBC Connection [HikariProxyConnection@1576133785 wrapping com.mysql.cj.jdbc.ConnectionImpl@2260f8c3] will not be managed by Spring
2025-01-08 19:35:10 [http-nio-8080-exec-3] DEBUG c.s.d.m.C.selectLnbSubList - ==>  Preparing: SELECT CT_LNB_SUB_IDX AS ctLnbSubIdx, CT_LNB_ID AS ctLnbId, CT_LNB_SUB_ID AS ctLnbSubId, CT_LNB_SUB_NAME AS ctLnbSubName, CT_LNB_SUB_URL AS ctLnbSubUrl FROM CT_LNB_SUB WHERE CT_LNB_ID = ? ORDER BY CT_LNB_SUB_IDX
2025-01-08 19:35:10 [http-nio-8080-exec-3] DEBUG c.s.d.m.C.selectLnbSubList - ==> Parameters: CT_LNB_INFORMATION(String)
2025-01-08 19:35:10 [http-nio-8080-exec-3] DEBUG c.s.d.m.C.selectLnbSubList - <==      Total: 2
2025-01-08 19:35:10 [http-nio-8080-exec-3] DEBUG org.mybatis.spring.SqlSessionUtils - Closing non transactional SqlSession [org.apache.ibatis.session.defaults.DefaultSqlSession@740f2e16]
2025-01-08 19:35:10 [http-nio-8080-exec-7] DEBUG o.m.s.t.SpringManagedTransaction - JDBC Connection [HikariProxyConnection@1093826168 wrapping com.mysql.cj.jdbc.ConnectionImpl@2260f8c3] will not be managed by Spring
2025-01-08 19:35:10 [http-nio-8080-exec-7] DEBUG c.s.d.m.C.selectLnbSubList - ==>  Preparing: SELECT CT_LNB_SUB_IDX AS ctLnbSubIdx, CT_LNB_ID AS ctLnbId, CT_LNB_SUB_ID AS ctLnbSubId, CT_LNB_SUB_NAME AS ctLnbSubName, CT_LNB_SUB_URL AS ctLnbSubUrl FROM CT_LNB_SUB WHERE CT_LNB_ID = ? ORDER BY CT_LNB_SUB_IDX
2025-01-08 19:35:10 [http-nio-8080-exec-7] DEBUG c.s.d.m.C.selectLnbSubList - ==> Parameters: CT_LNB_CONTACT(String)
2025-01-08 19:35:10 [http-nio-8080-exec-7] DEBUG c.s.d.m.C.selectLnbSubList - <==      Total: 2
2025-01-08 19:35:10 [http-nio-8080-exec-7] DEBUG org.mybatis.spring.SqlSessionUtils - Closing non transactional SqlSession [org.apache.ibatis.session.defaults.DefaultSqlSession@205162f2]
2025-01-08 19:35:10 [http-nio-8080-exec-4] DEBUG o.m.s.t.SpringManagedTransaction - JDBC Connection [HikariProxyConnection@1172589581 wrapping com.mysql.cj.jdbc.ConnectionImpl@2260f8c3] will not be managed by Spring
2025-01-08 19:35:10 [http-nio-8080-exec-4] DEBUG c.s.d.m.C.selectLnbSubList - ==>  Preparing: SELECT CT_LNB_SUB_IDX AS ctLnbSubIdx, CT_LNB_ID AS ctLnbId, CT_LNB_SUB_ID AS ctLnbSubId, CT_LNB_SUB_NAME AS ctLnbSubName, CT_LNB_SUB_URL AS ctLnbSubUrl FROM CT_LNB_SUB WHERE CT_LNB_ID = ? ORDER BY CT_LNB_SUB_IDX
2025-01-08 19:35:10 [http-nio-8080-exec-4] DEBUG c.s.d.m.C.selectLnbSubList - ==> Parameters: CT_LNB_SERVICE(String)
2025-01-08 19:35:10 [http-nio-8080-exec-2] DEBUG org.mybatis.spring.SqlSessionUtils - Creating a new SqlSession
2025-01-08 19:35:10 [http-nio-8080-exec-2] DEBUG org.mybatis.spring.SqlSessionUtils - SqlSession [org.apache.ibatis.session.defaults.DefaultSqlSession@e335712] was not registered for synchronization because synchronization is not active
2025-01-08 19:35:10 [http-nio-8080-exec-4] DEBUG c.s.d.m.C.selectLnbSubList - <==      Total: 4
2025-01-08 19:35:10 [http-nio-8080-exec-6] DEBUG org.mybatis.spring.SqlSessionUtils - Creating a new SqlSession
2025-01-08 19:35:10 [http-nio-8080-exec-6] DEBUG org.mybatis.spring.SqlSessionUtils - SqlSession [org.apache.ibatis.session.defaults.DefaultSqlSession@2e44a019] was not registered for synchronization because synchronization is not active
2025-01-08 19:35:10 [http-nio-8080-exec-4] DEBUG org.mybatis.spring.SqlSessionUtils - Closing non transactional SqlSession [org.apache.ibatis.session.defaults.DefaultSqlSession@a3e4061]
2025-01-08 19:35:10 [http-nio-8080-exec-2] DEBUG o.m.s.t.SpringManagedTransaction - JDBC Connection [HikariProxyConnection@1508007357 wrapping com.mysql.cj.jdbc.ConnectionImpl@2260f8c3] will not be managed by Spring
2025-01-08 19:35:10 [http-nio-8080-exec-2] DEBUG c.s.d.m.C.selectLnbSubList - ==>  Preparing: SELECT CT_LNB_SUB_IDX AS ctLnbSubIdx, CT_LNB_ID AS ctLnbId, CT_LNB_SUB_ID AS ctLnbSubId, CT_LNB_SUB_NAME AS ctLnbSubName, CT_LNB_SUB_URL AS ctLnbSubUrl FROM CT_LNB_SUB WHERE CT_LNB_ID = ? ORDER BY CT_LNB_SUB_IDX
2025-01-08 19:35:10 [http-nio-8080-exec-2] DEBUG c.s.d.m.C.selectLnbSubList - ==> Parameters: CT_LNB_INFORMATION(String)
2025-01-08 19:35:10 [http-nio-8080-exec-2] DEBUG c.s.d.m.C.selectLnbSubList - <==      Total: 2
2025-01-08 19:35:10 [http-nio-8080-exec-2] DEBUG org.mybatis.spring.SqlSessionUtils - Closing non transactional SqlSession [org.apache.ibatis.session.defaults.DefaultSqlSession@e335712]
2025-01-08 19:35:10 [http-nio-8080-exec-6] DEBUG o.m.s.t.SpringManagedTransaction - JDBC Connection [HikariProxyConnection@314315971 wrapping com.mysql.cj.jdbc.ConnectionImpl@2260f8c3] will not be managed by Spring
2025-01-08 19:35:10 [http-nio-8080-exec-6] DEBUG c.s.d.m.C.selectLnbSubList - ==>  Preparing: SELECT CT_LNB_SUB_IDX AS ctLnbSubIdx, CT_LNB_ID AS ctLnbId, CT_LNB_SUB_ID AS ctLnbSubId, CT_LNB_SUB_NAME AS ctLnbSubName, CT_LNB_SUB_URL AS ctLnbSubUrl FROM CT_LNB_SUB WHERE CT_LNB_ID = ? ORDER BY CT_LNB_SUB_IDX
2025-01-08 19:35:10 [http-nio-8080-exec-6] DEBUG c.s.d.m.C.selectLnbSubList - ==> Parameters: CT_LNB_CONTACT(String)
2025-01-08 19:35:10 [http-nio-8080-exec-10] DEBUG org.mybatis.spring.SqlSessionUtils - Creating a new SqlSession
2025-01-08 19:35:10 [http-nio-8080-exec-10] DEBUG org.mybatis.spring.SqlSessionUtils - SqlSession [org.apache.ibatis.session.defaults.DefaultSqlSession@6f0ef74d] was not registered for synchronization because synchronization is not active
2025-01-08 19:35:10 [http-nio-8080-exec-6] DEBUG c.s.d.m.C.selectLnbSubList - <==      Total: 2
2025-01-08 19:35:10 [http-nio-8080-exec-6] DEBUG org.mybatis.spring.SqlSessionUtils - Closing non transactional SqlSession [org.apache.ibatis.session.defaults.DefaultSqlSession@2e44a019]
2025-01-08 19:35:10 [http-nio-8080-exec-10] DEBUG o.m.s.t.SpringManagedTransaction - JDBC Connection [HikariProxyConnection@1798405748 wrapping com.mysql.cj.jdbc.ConnectionImpl@2260f8c3] will not be managed by Spring
2025-01-08 19:35:10 [http-nio-8080-exec-10] DEBUG c.s.d.m.C.selectLnbSubList - ==>  Preparing: SELECT CT_LNB_SUB_IDX AS ctLnbSubIdx, CT_LNB_ID AS ctLnbId, CT_LNB_SUB_ID AS ctLnbSubId, CT_LNB_SUB_NAME AS ctLnbSubName, CT_LNB_SUB_URL AS ctLnbSubUrl FROM CT_LNB_SUB WHERE CT_LNB_ID = ? ORDER BY CT_LNB_SUB_IDX
2025-01-08 19:35:10 [http-nio-8080-exec-10] DEBUG c.s.d.m.C.selectLnbSubList - ==> Parameters: CT_LNB_SERVICE(String)
2025-01-08 19:35:10 [http-nio-8080-exec-10] DEBUG c.s.d.m.C.selectLnbSubList - <==      Total: 4
2025-01-08 19:35:10 [http-nio-8080-exec-10] DEBUG org.mybatis.spring.SqlSessionUtils - Closing non transactional SqlSession [org.apache.ibatis.session.defaults.DefaultSqlSession@6f0ef74d]
2025-01-08 19:41:07 [http-nio-8080-exec-8] WARN  o.t.s.p.AbstractStandardFragmentInsertionTagProcessor - [THYMELEAF][http-nio-8080-exec-8][common/layout/layout] Deprecated unwrapped fragment expression "common/fragments/header::header" found in template common/layout/layout, line 31, col 10. Please use the complete syntax of fragment expressions instead ("~{common/fragments/header::header}"). The old, unwrapped syntax for fragment expressions will be removed in future versions of Thymeleaf.
2025-01-08 19:41:07 [http-nio-8080-exec-8] WARN  o.t.s.p.AbstractStandardFragmentInsertionTagProcessor - [THYMELEAF][http-nio-8080-exec-8][common/layout/layout] Deprecated unwrapped fragment expression "common/fragments/footer::footer" found in template common/layout/layout, line 35, col 10. Please use the complete syntax of fragment expressions instead ("~{common/fragments/footer::footer}"). The old, unwrapped syntax for fragment expressions will be removed in future versions of Thymeleaf.
2025-01-08 19:41:07 [http-nio-8080-exec-8] DEBUG org.mybatis.spring.SqlSessionUtils - Creating a new SqlSession
2025-01-08 19:41:07 [http-nio-8080-exec-8] DEBUG org.mybatis.spring.SqlSessionUtils - SqlSession [org.apache.ibatis.session.defaults.DefaultSqlSession@78293717] was not registered for synchronization because synchronization is not active
2025-01-08 19:41:07 [http-nio-8080-exec-8] DEBUG o.m.s.t.SpringManagedTransaction - JDBC Connection [HikariProxyConnection@889786298 wrapping com.mysql.cj.jdbc.ConnectionImpl@2260f8c3] will not be managed by Spring
2025-01-08 19:41:07 [http-nio-8080-exec-8] DEBUG c.s.d.m.CommonMapper.selectLnbList - ==>  Preparing: SELECT CT_LNB_IDX AS ctLnbIdx, CT_LNB_ID AS ctLnbId, CT_LNB_NAME AS ctLnbName, CT_LNB_SUB_YN AS ctLnbSubYn, CT_LNB_URL AS ctLnbUrl, CT_LNB_USE_YN AS ctLnbUseYn FROM CT_LNB WHERE CT_LNB_USE_YN = 'Y' ORDER BY CT_LNB_IDX
2025-01-08 19:41:07 [http-nio-8080-exec-8] DEBUG c.s.d.m.CommonMapper.selectLnbList - ==> Parameters: 
2025-01-08 19:41:07 [http-nio-8080-exec-8] DEBUG c.s.d.m.CommonMapper.selectLnbList - <==      Total: 4
2025-01-08 19:41:07 [http-nio-8080-exec-8] DEBUG org.mybatis.spring.SqlSessionUtils - Closing non transactional SqlSession [org.apache.ibatis.session.defaults.DefaultSqlSession@78293717]
2025-01-08 19:41:07 [http-nio-8080-exec-3] DEBUG org.mybatis.spring.SqlSessionUtils - Creating a new SqlSession
2025-01-08 19:41:07 [http-nio-8080-exec-3] DEBUG org.mybatis.spring.SqlSessionUtils - SqlSession [org.apache.ibatis.session.defaults.DefaultSqlSession@2d336813] was not registered for synchronization because synchronization is not active
2025-01-08 19:41:07 [http-nio-8080-exec-3] DEBUG o.m.s.t.SpringManagedTransaction - JDBC Connection [HikariProxyConnection@1094260728 wrapping com.mysql.cj.jdbc.ConnectionImpl@2260f8c3] will not be managed by Spring
2025-01-08 19:41:07 [http-nio-8080-exec-3] DEBUG c.s.d.m.CommonMapper.selectLnbList - ==>  Preparing: SELECT CT_LNB_IDX AS ctLnbIdx, CT_LNB_ID AS ctLnbId, CT_LNB_NAME AS ctLnbName, CT_LNB_SUB_YN AS ctLnbSubYn, CT_LNB_URL AS ctLnbUrl, CT_LNB_USE_YN AS ctLnbUseYn FROM CT_LNB WHERE CT_LNB_USE_YN = 'Y' ORDER BY CT_LNB_IDX
2025-01-08 19:41:07 [http-nio-8080-exec-3] DEBUG c.s.d.m.CommonMapper.selectLnbList - ==> Parameters: 
2025-01-08 19:41:07 [http-nio-8080-exec-3] DEBUG c.s.d.m.CommonMapper.selectLnbList - <==      Total: 4
2025-01-08 19:41:07 [http-nio-8080-exec-3] DEBUG org.mybatis.spring.SqlSessionUtils - Closing non transactional SqlSession [org.apache.ibatis.session.defaults.DefaultSqlSession@2d336813]
2025-01-08 19:41:07 [http-nio-8080-exec-7] DEBUG org.mybatis.spring.SqlSessionUtils - Creating a new SqlSession
2025-01-08 19:41:07 [http-nio-8080-exec-7] DEBUG org.mybatis.spring.SqlSessionUtils - SqlSession [org.apache.ibatis.session.defaults.DefaultSqlSession@6c5eb76d] was not registered for synchronization because synchronization is not active
2025-01-08 19:41:07 [http-nio-8080-exec-7] DEBUG o.m.s.t.SpringManagedTransaction - JDBC Connection [HikariProxyConnection@729656781 wrapping com.mysql.cj.jdbc.ConnectionImpl@2260f8c3] will not be managed by Spring
2025-01-08 19:41:07 [http-nio-8080-exec-7] DEBUG c.s.d.m.C.selectLnbSubList - ==>  Preparing: SELECT CT_LNB_SUB_IDX AS ctLnbSubIdx, CT_LNB_ID AS ctLnbId, CT_LNB_SUB_ID AS ctLnbSubId, CT_LNB_SUB_NAME AS ctLnbSubName, CT_LNB_SUB_URL AS ctLnbSubUrl FROM CT_LNB_SUB WHERE CT_LNB_ID = ? ORDER BY CT_LNB_SUB_IDX
2025-01-08 19:41:07 [http-nio-8080-exec-7] DEBUG c.s.d.m.C.selectLnbSubList - ==> Parameters: CT_LNB_INFORMATION(String)
2025-01-08 19:41:07 [http-nio-8080-exec-7] DEBUG c.s.d.m.C.selectLnbSubList - <==      Total: 2
2025-01-08 19:41:07 [http-nio-8080-exec-7] DEBUG org.mybatis.spring.SqlSessionUtils - Closing non transactional SqlSession [org.apache.ibatis.session.defaults.DefaultSqlSession@6c5eb76d]
2025-01-08 19:41:07 [http-nio-8080-exec-10] DEBUG org.mybatis.spring.SqlSessionUtils - Creating a new SqlSession
2025-01-08 19:41:07 [http-nio-8080-exec-5] DEBUG org.mybatis.spring.SqlSessionUtils - Creating a new SqlSession
2025-01-08 19:41:07 [http-nio-8080-exec-4] DEBUG org.mybatis.spring.SqlSessionUtils - Creating a new SqlSession
2025-01-08 19:41:07 [http-nio-8080-exec-10] DEBUG org.mybatis.spring.SqlSessionUtils - SqlSession [org.apache.ibatis.session.defaults.DefaultSqlSession@6cbb8bc5] was not registered for synchronization because synchronization is not active
2025-01-08 19:41:07 [http-nio-8080-exec-4] DEBUG org.mybatis.spring.SqlSessionUtils - SqlSession [org.apache.ibatis.session.defaults.DefaultSqlSession@1ef6724e] was not registered for synchronization because synchronization is not active
2025-01-08 19:41:07 [http-nio-8080-exec-5] DEBUG org.mybatis.spring.SqlSessionUtils - SqlSession [org.apache.ibatis.session.defaults.DefaultSqlSession@704b5893] was not registered for synchronization because synchronization is not active
2025-01-08 19:41:07 [http-nio-8080-exec-4] DEBUG o.m.s.t.SpringManagedTransaction - JDBC Connection [HikariProxyConnection@207166728 wrapping com.mysql.cj.jdbc.ConnectionImpl@2260f8c3] will not be managed by Spring
2025-01-08 19:41:07 [http-nio-8080-exec-4] DEBUG c.s.d.m.C.selectLnbSubList - ==>  Preparing: SELECT CT_LNB_SUB_IDX AS ctLnbSubIdx, CT_LNB_ID AS ctLnbId, CT_LNB_SUB_ID AS ctLnbSubId, CT_LNB_SUB_NAME AS ctLnbSubName, CT_LNB_SUB_URL AS ctLnbSubUrl FROM CT_LNB_SUB WHERE CT_LNB_ID = ? ORDER BY CT_LNB_SUB_IDX
2025-01-08 19:41:07 [http-nio-8080-exec-4] DEBUG c.s.d.m.C.selectLnbSubList - ==> Parameters: CT_LNB_INFORMATION(String)
2025-01-08 19:41:07 [http-nio-8080-exec-10] DEBUG o.m.s.t.SpringManagedTransaction - JDBC Connection [HikariProxyConnection@1938118268 wrapping com.mysql.cj.jdbc.ConnectionImpl@7fa75eab] will not be managed by Spring
2025-01-08 19:41:07 [http-nio-8080-exec-10] DEBUG c.s.d.m.C.selectLnbSubList - ==>  Preparing: SELECT CT_LNB_SUB_IDX AS ctLnbSubIdx, CT_LNB_ID AS ctLnbId, CT_LNB_SUB_ID AS ctLnbSubId, CT_LNB_SUB_NAME AS ctLnbSubName, CT_LNB_SUB_URL AS ctLnbSubUrl FROM CT_LNB_SUB WHERE CT_LNB_ID = ? ORDER BY CT_LNB_SUB_IDX
2025-01-08 19:41:07 [http-nio-8080-exec-5] DEBUG o.m.s.t.SpringManagedTransaction - JDBC Connection [HikariProxyConnection@1212101078 wrapping com.mysql.cj.jdbc.ConnectionImpl@3217cb86] will not be managed by Spring
2025-01-08 19:41:07 [http-nio-8080-exec-5] DEBUG c.s.d.m.C.selectLnbSubList - ==>  Preparing: SELECT CT_LNB_SUB_IDX AS ctLnbSubIdx, CT_LNB_ID AS ctLnbId, CT_LNB_SUB_ID AS ctLnbSubId, CT_LNB_SUB_NAME AS ctLnbSubName, CT_LNB_SUB_URL AS ctLnbSubUrl FROM CT_LNB_SUB WHERE CT_LNB_ID = ? ORDER BY CT_LNB_SUB_IDX
2025-01-08 19:41:07 [http-nio-8080-exec-10] DEBUG c.s.d.m.C.selectLnbSubList - ==> Parameters: CT_LNB_CONTACT(String)
2025-01-08 19:41:07 [http-nio-8080-exec-5] DEBUG c.s.d.m.C.selectLnbSubList - ==> Parameters: CT_LNB_SERVICE(String)
2025-01-08 19:41:07 [http-nio-8080-exec-5] DEBUG c.s.d.m.C.selectLnbSubList - <==      Total: 4
2025-01-08 19:41:07 [http-nio-8080-exec-4] DEBUG c.s.d.m.C.selectLnbSubList - <==      Total: 2
2025-01-08 19:41:07 [http-nio-8080-exec-10] DEBUG c.s.d.m.C.selectLnbSubList - <==      Total: 2
2025-01-08 19:41:07 [http-nio-8080-exec-10] DEBUG org.mybatis.spring.SqlSessionUtils - Closing non transactional SqlSession [org.apache.ibatis.session.defaults.DefaultSqlSession@6cbb8bc5]
2025-01-08 19:41:07 [http-nio-8080-exec-4] DEBUG org.mybatis.spring.SqlSessionUtils - Closing non transactional SqlSession [org.apache.ibatis.session.defaults.DefaultSqlSession@1ef6724e]
2025-01-08 19:41:07 [http-nio-8080-exec-5] DEBUG org.mybatis.spring.SqlSessionUtils - Closing non transactional SqlSession [org.apache.ibatis.session.defaults.DefaultSqlSession@704b5893]
2025-01-08 19:41:07 [http-nio-8080-exec-9] DEBUG org.mybatis.spring.SqlSessionUtils - Creating a new SqlSession
2025-01-08 19:41:07 [http-nio-8080-exec-6] DEBUG org.mybatis.spring.SqlSessionUtils - Creating a new SqlSession
2025-01-08 19:41:07 [http-nio-8080-exec-6] DEBUG org.mybatis.spring.SqlSessionUtils - SqlSession [org.apache.ibatis.session.defaults.DefaultSqlSession@2a0a7af4] was not registered for synchronization because synchronization is not active
2025-01-08 19:41:07 [http-nio-8080-exec-9] DEBUG org.mybatis.spring.SqlSessionUtils - SqlSession [org.apache.ibatis.session.defaults.DefaultSqlSession@212f923b] was not registered for synchronization because synchronization is not active
2025-01-08 19:41:07 [http-nio-8080-exec-6] DEBUG o.m.s.t.SpringManagedTransaction - JDBC Connection [HikariProxyConnection@1482844538 wrapping com.mysql.cj.jdbc.ConnectionImpl@2260f8c3] will not be managed by Spring
2025-01-08 19:41:07 [http-nio-8080-exec-9] DEBUG o.m.s.t.SpringManagedTransaction - JDBC Connection [HikariProxyConnection@1150029898 wrapping com.mysql.cj.jdbc.ConnectionImpl@7fa75eab] will not be managed by Spring
2025-01-08 19:41:07 [http-nio-8080-exec-6] DEBUG c.s.d.m.C.selectLnbSubList - ==>  Preparing: SELECT CT_LNB_SUB_IDX AS ctLnbSubIdx, CT_LNB_ID AS ctLnbId, CT_LNB_SUB_ID AS ctLnbSubId, CT_LNB_SUB_NAME AS ctLnbSubName, CT_LNB_SUB_URL AS ctLnbSubUrl FROM CT_LNB_SUB WHERE CT_LNB_ID = ? ORDER BY CT_LNB_SUB_IDX
2025-01-08 19:41:07 [http-nio-8080-exec-9] DEBUG c.s.d.m.C.selectLnbSubList - ==>  Preparing: SELECT CT_LNB_SUB_IDX AS ctLnbSubIdx, CT_LNB_ID AS ctLnbId, CT_LNB_SUB_ID AS ctLnbSubId, CT_LNB_SUB_NAME AS ctLnbSubName, CT_LNB_SUB_URL AS ctLnbSubUrl FROM CT_LNB_SUB WHERE CT_LNB_ID = ? ORDER BY CT_LNB_SUB_IDX
2025-01-08 19:41:07 [http-nio-8080-exec-6] DEBUG c.s.d.m.C.selectLnbSubList - ==> Parameters: CT_LNB_CONTACT(String)
2025-01-08 19:41:07 [http-nio-8080-exec-9] DEBUG c.s.d.m.C.selectLnbSubList - ==> Parameters: CT_LNB_SERVICE(String)
2025-01-08 19:41:07 [http-nio-8080-exec-6] DEBUG c.s.d.m.C.selectLnbSubList - <==      Total: 2
2025-01-08 19:41:07 [http-nio-8080-exec-6] DEBUG org.mybatis.spring.SqlSessionUtils - Closing non transactional SqlSession [org.apache.ibatis.session.defaults.DefaultSqlSession@2a0a7af4]
2025-01-08 19:41:07 [http-nio-8080-exec-9] DEBUG c.s.d.m.C.selectLnbSubList - <==      Total: 4
2025-01-08 19:41:07 [http-nio-8080-exec-9] DEBUG org.mybatis.spring.SqlSessionUtils - Closing non transactional SqlSession [org.apache.ibatis.session.defaults.DefaultSqlSession@212f923b]
2025-01-08 19:47:19 [File Watcher] INFO  o.s.b.d.a.LocalDevToolsAutoConfiguration$RestartingClassPathChangeChangedEventListener - Restarting due to 1 class path change (0 additions, 0 deletions, 1 modification)
2025-01-08 19:47:19 [Thread-5] INFO  o.s.b.w.e.tomcat.GracefulShutdown - Commencing graceful shutdown. Waiting for active requests to complete
2025-01-08 19:47:19 [tomcat-shutdown] INFO  o.a.coyote.http11.Http11NioProtocol - Pausing ProtocolHandler ["http-nio-8080"]
2025-01-08 19:47:19 [tomcat-shutdown] INFO  o.s.b.w.e.tomcat.GracefulShutdown - Graceful shutdown complete
2025-01-08 19:47:19 [Thread-5] INFO  o.a.coyote.http11.Http11NioProtocol - Stopping ProtocolHandler ["http-nio-8080"]
2025-01-08 19:47:19 [Thread-5] INFO  com.zaxxer.hikari.HikariDataSource - HikariPool-1 - Shutdown initiated...
2025-01-08 19:47:19 [Thread-5] INFO  com.zaxxer.hikari.HikariDataSource - HikariPool-1 - Shutdown completed.
2025-01-08 19:47:19 [restartedMain] INFO  c.s.devspring.DevspringApplication - Starting DevspringApplication using Java 17.0.12 with PID 13152 (D:\Spring\sts-4.4\workspace\devspring\bin\main started by aatjx in D:\Spring\sts-4.4\workspace\devspring)
2025-01-08 19:47:19 [restartedMain] INFO  c.s.devspring.DevspringApplication - No active profile set, falling back to 1 default profile: "default"
2025-01-08 19:47:19 [restartedMain] DEBUG o.m.s.mapper.ClassPathMapperScanner - Identified candidate component class: file [D:\Spring\sts-4.4\workspace\devspring\bin\main\com\spring\devspring\mapper\BoardMapper.class]
2025-01-08 19:47:19 [restartedMain] DEBUG o.m.s.mapper.ClassPathMapperScanner - Identified candidate component class: file [D:\Spring\sts-4.4\workspace\devspring\bin\main\com\spring\devspring\mapper\CommonMapper.class]
2025-01-08 19:47:19 [restartedMain] DEBUG o.m.s.mapper.ClassPathMapperScanner - Creating MapperFactoryBean with name 'boardMapper' and 'com.spring.devspring.mapper.BoardMapper' mapperInterface
2025-01-08 19:47:19 [restartedMain] DEBUG o.m.s.mapper.ClassPathMapperScanner - Creating MapperFactoryBean with name 'commonMapper' and 'com.spring.devspring.mapper.CommonMapper' mapperInterface
2025-01-08 19:47:19 [restartedMain] INFO  o.s.b.w.e.tomcat.TomcatWebServer - Tomcat initialized with port 8080 (http)
2025-01-08 19:47:19 [restartedMain] INFO  o.a.coyote.http11.Http11NioProtocol - Initializing ProtocolHandler ["http-nio-8080"]
2025-01-08 19:47:19 [restartedMain] INFO  o.a.catalina.core.StandardService - Starting service [Tomcat]
2025-01-08 19:47:19 [restartedMain] INFO  o.a.catalina.core.StandardEngine - Starting Servlet engine: [Apache Tomcat/10.1.34]
2025-01-08 19:47:19 [restartedMain] INFO  o.a.c.c.C.[Tomcat].[localhost].[/] - Initializing Spring embedded WebApplicationContext
2025-01-08 19:47:19 [restartedMain] INFO  o.s.b.w.s.c.ServletWebServerApplicationContext - Root WebApplicationContext: initialization completed in 175 ms
2025-01-08 19:47:19 [restartedMain] DEBUG o.m.spring.SqlSessionFactoryBean - Property 'configuration' or 'configLocation' not specified, using default MyBatis Configuration
2025-01-08 19:47:19 [restartedMain] DEBUG o.m.spring.SqlSessionFactoryBean - Parsed mapper file: 'file [D:\Spring\sts-4.4\workspace\devspring\bin\main\static\mapper\BoardMapper.xml]'
2025-01-08 19:47:19 [restartedMain] DEBUG o.m.spring.SqlSessionFactoryBean - Parsed mapper file: 'file [D:\Spring\sts-4.4\workspace\devspring\bin\main\static\mapper\CommonMapper.xml]'
2025-01-08 19:47:19 [restartedMain] INFO  o.s.b.d.a.OptionalLiveReloadServer - LiveReload server is running on port 35729
2025-01-08 19:47:19 [restartedMain] INFO  o.a.coyote.http11.Http11NioProtocol - Starting ProtocolHandler ["http-nio-8080"]
2025-01-08 19:47:19 [restartedMain] INFO  o.s.b.w.e.tomcat.TomcatWebServer - Tomcat started on port 8080 (http) with context path '/'
2025-01-08 19:47:19 [restartedMain] INFO  c.s.devspring.DevspringApplication - Started DevspringApplication in 0.306 seconds (process running for 735.165)
2025-01-08 19:47:19 [restartedMain] INFO  o.s.b.d.a.ConditionEvaluationDeltaLoggingListener - Condition evaluation unchanged
2025-01-08 19:47:23 [http-nio-8080-exec-1] INFO  o.a.c.c.C.[Tomcat].[localhost].[/] - Initializing Spring DispatcherServlet 'dispatcherServlet'
2025-01-08 19:47:23 [http-nio-8080-exec-1] INFO  o.s.web.servlet.DispatcherServlet - Initializing Servlet 'dispatcherServlet'
2025-01-08 19:47:23 [http-nio-8080-exec-1] INFO  o.s.web.servlet.DispatcherServlet - Completed initialization in 1 ms
2025-01-08 19:47:23 [http-nio-8080-exec-1] WARN  o.t.s.p.AbstractStandardFragmentInsertionTagProcessor - [THYMELEAF][http-nio-8080-exec-1][common/layout/layout] Deprecated unwrapped fragment expression "common/fragments/header::header" found in template common/layout/layout, line 31, col 10. Please use the complete syntax of fragment expressions instead ("~{common/fragments/header::header}"). The old, unwrapped syntax for fragment expressions will be removed in future versions of Thymeleaf.
2025-01-08 19:47:23 [http-nio-8080-exec-1] WARN  o.t.s.p.AbstractStandardFragmentInsertionTagProcessor - [THYMELEAF][http-nio-8080-exec-1][common/layout/layout] Deprecated unwrapped fragment expression "common/fragments/footer::footer" found in template common/layout/layout, line 35, col 10. Please use the complete syntax of fragment expressions instead ("~{common/fragments/footer::footer}"). The old, unwrapped syntax for fragment expressions will be removed in future versions of Thymeleaf.
2025-01-08 19:47:23 [http-nio-8080-exec-1] DEBUG org.mybatis.spring.SqlSessionUtils - Creating a new SqlSession
2025-01-08 19:47:23 [http-nio-8080-exec-1] DEBUG org.mybatis.spring.SqlSessionUtils - SqlSession [org.apache.ibatis.session.defaults.DefaultSqlSession@580d3f0c] was not registered for synchronization because synchronization is not active
2025-01-08 19:47:23 [http-nio-8080-exec-1] INFO  com.zaxxer.hikari.HikariDataSource - HikariPool-2 - Starting...
2025-01-08 19:47:23 [http-nio-8080-exec-1] INFO  com.zaxxer.hikari.pool.HikariPool - HikariPool-2 - Added connection com.mysql.cj.jdbc.ConnectionImpl@5dbe24d9
2025-01-08 19:47:23 [http-nio-8080-exec-1] INFO  com.zaxxer.hikari.HikariDataSource - HikariPool-2 - Start completed.
2025-01-08 19:47:23 [http-nio-8080-exec-1] DEBUG o.m.s.t.SpringManagedTransaction - JDBC Connection [HikariProxyConnection@1819972925 wrapping com.mysql.cj.jdbc.ConnectionImpl@5dbe24d9] will not be managed by Spring
2025-01-08 19:47:23 [http-nio-8080-exec-1] DEBUG c.s.d.m.CommonMapper.selectLnbList - ==>  Preparing: SELECT CT_LNB_IDX AS ctLnbIdx, CT_LNB_ID AS ctLnbId, CT_LNB_NAME AS ctLnbName, CT_LNB_SUB_YN AS ctLnbSubYn, CT_LNB_URL AS ctLnbUrl, CT_LNB_USE_YN AS ctLnbUseYn FROM CT_LNB WHERE CT_LNB_USE_YN = 'Y' ORDER BY CT_LNB_IDX
2025-01-08 19:47:23 [http-nio-8080-exec-1] DEBUG c.s.d.m.CommonMapper.selectLnbList - ==> Parameters: 
2025-01-08 19:47:23 [http-nio-8080-exec-1] DEBUG c.s.d.m.CommonMapper.selectLnbList - <==      Total: 4
2025-01-08 19:47:23 [http-nio-8080-exec-1] DEBUG org.mybatis.spring.SqlSessionUtils - Closing non transactional SqlSession [org.apache.ibatis.session.defaults.DefaultSqlSession@580d3f0c]
2025-01-08 19:47:23 [http-nio-8080-exec-2] DEBUG org.mybatis.spring.SqlSessionUtils - Creating a new SqlSession
2025-01-08 19:47:23 [http-nio-8080-exec-2] DEBUG org.mybatis.spring.SqlSessionUtils - SqlSession [org.apache.ibatis.session.defaults.DefaultSqlSession@371175d5] was not registered for synchronization because synchronization is not active
2025-01-08 19:47:23 [http-nio-8080-exec-2] DEBUG o.m.s.t.SpringManagedTransaction - JDBC Connection [HikariProxyConnection@858712047 wrapping com.mysql.cj.jdbc.ConnectionImpl@5dbe24d9] will not be managed by Spring
2025-01-08 19:47:23 [http-nio-8080-exec-2] DEBUG c.s.d.m.CommonMapper.selectLnbList - ==>  Preparing: SELECT CT_LNB_IDX AS ctLnbIdx, CT_LNB_ID AS ctLnbId, CT_LNB_NAME AS ctLnbName, CT_LNB_SUB_YN AS ctLnbSubYn, CT_LNB_URL AS ctLnbUrl, CT_LNB_USE_YN AS ctLnbUseYn FROM CT_LNB WHERE CT_LNB_USE_YN = 'Y' ORDER BY CT_LNB_IDX
2025-01-08 19:47:23 [http-nio-8080-exec-2] DEBUG c.s.d.m.CommonMapper.selectLnbList - ==> Parameters: 
2025-01-08 19:47:23 [http-nio-8080-exec-2] DEBUG c.s.d.m.CommonMapper.selectLnbList - <==      Total: 4
2025-01-08 19:47:23 [http-nio-8080-exec-2] DEBUG org.mybatis.spring.SqlSessionUtils - Closing non transactional SqlSession [org.apache.ibatis.session.defaults.DefaultSqlSession@371175d5]
2025-01-08 19:47:23 [http-nio-8080-exec-3] DEBUG org.mybatis.spring.SqlSessionUtils - Creating a new SqlSession
2025-01-08 19:47:23 [http-nio-8080-exec-3] DEBUG org.mybatis.spring.SqlSessionUtils - SqlSession [org.apache.ibatis.session.defaults.DefaultSqlSession@3ed23519] was not registered for synchronization because synchronization is not active
2025-01-08 19:47:23 [http-nio-8080-exec-3] DEBUG o.m.s.t.SpringManagedTransaction - JDBC Connection [HikariProxyConnection@162957011 wrapping com.mysql.cj.jdbc.ConnectionImpl@5dbe24d9] will not be managed by Spring
2025-01-08 19:47:23 [http-nio-8080-exec-3] DEBUG c.s.d.m.C.selectLnbSubList - ==>  Preparing: SELECT CT_LNB_SUB_IDX AS ctLnbSubIdx, CT_LNB_ID AS ctLnbId, CT_LNB_SUB_ID AS ctLnbSubId, CT_LNB_SUB_NAME AS ctLnbSubName, CT_LNB_SUB_URL AS ctLnbSubUrl FROM CT_LNB_SUB WHERE CT_LNB_ID = ? ORDER BY CT_LNB_SUB_IDX
2025-01-08 19:47:23 [http-nio-8080-exec-3] DEBUG c.s.d.m.C.selectLnbSubList - ==> Parameters: CT_LNB_INFORMATION(String)
2025-01-08 19:47:23 [http-nio-8080-exec-8] DEBUG org.mybatis.spring.SqlSessionUtils - Creating a new SqlSession
2025-01-08 19:47:23 [http-nio-8080-exec-4] DEBUG org.mybatis.spring.SqlSessionUtils - Creating a new SqlSession
2025-01-08 19:47:23 [http-nio-8080-exec-8] DEBUG org.mybatis.spring.SqlSessionUtils - SqlSession [org.apache.ibatis.session.defaults.DefaultSqlSession@34443b12] was not registered for synchronization because synchronization is not active
2025-01-08 19:47:23 [http-nio-8080-exec-4] DEBUG org.mybatis.spring.SqlSessionUtils - SqlSession [org.apache.ibatis.session.defaults.DefaultSqlSession@5b49db4a] was not registered for synchronization because synchronization is not active
2025-01-08 19:47:23 [http-nio-8080-exec-3] DEBUG c.s.d.m.C.selectLnbSubList - <==      Total: 2
2025-01-08 19:47:23 [http-nio-8080-exec-3] DEBUG org.mybatis.spring.SqlSessionUtils - Closing non transactional SqlSession [org.apache.ibatis.session.defaults.DefaultSqlSession@3ed23519]
2025-01-08 19:47:23 [http-nio-8080-exec-4] DEBUG o.m.s.t.SpringManagedTransaction - JDBC Connection [HikariProxyConnection@1601586427 wrapping com.mysql.cj.jdbc.ConnectionImpl@5dbe24d9] will not be managed by Spring
2025-01-08 19:47:23 [http-nio-8080-exec-4] DEBUG c.s.d.m.C.selectLnbSubList - ==>  Preparing: SELECT CT_LNB_SUB_IDX AS ctLnbSubIdx, CT_LNB_ID AS ctLnbId, CT_LNB_SUB_ID AS ctLnbSubId, CT_LNB_SUB_NAME AS ctLnbSubName, CT_LNB_SUB_URL AS ctLnbSubUrl FROM CT_LNB_SUB WHERE CT_LNB_ID = ? ORDER BY CT_LNB_SUB_IDX
2025-01-08 19:47:23 [http-nio-8080-exec-4] DEBUG c.s.d.m.C.selectLnbSubList - ==> Parameters: CT_LNB_SERVICE(String)
2025-01-08 19:47:23 [http-nio-8080-exec-4] DEBUG c.s.d.m.C.selectLnbSubList - <==      Total: 4
2025-01-08 19:47:23 [http-nio-8080-exec-4] DEBUG org.mybatis.spring.SqlSessionUtils - Closing non transactional SqlSession [org.apache.ibatis.session.defaults.DefaultSqlSession@5b49db4a]
2025-01-08 19:47:23 [http-nio-8080-exec-8] DEBUG o.m.s.t.SpringManagedTransaction - JDBC Connection [HikariProxyConnection@1970876713 wrapping com.mysql.cj.jdbc.ConnectionImpl@5dbe24d9] will not be managed by Spring
2025-01-08 19:47:23 [http-nio-8080-exec-8] DEBUG c.s.d.m.C.selectLnbSubList - ==>  Preparing: SELECT CT_LNB_SUB_IDX AS ctLnbSubIdx, CT_LNB_ID AS ctLnbId, CT_LNB_SUB_ID AS ctLnbSubId, CT_LNB_SUB_NAME AS ctLnbSubName, CT_LNB_SUB_URL AS ctLnbSubUrl FROM CT_LNB_SUB WHERE CT_LNB_ID = ? ORDER BY CT_LNB_SUB_IDX
2025-01-08 19:47:23 [http-nio-8080-exec-8] DEBUG c.s.d.m.C.selectLnbSubList - ==> Parameters: CT_LNB_CONTACT(String)
2025-01-08 19:47:23 [http-nio-8080-exec-6] DEBUG org.mybatis.spring.SqlSessionUtils - Creating a new SqlSession
2025-01-08 19:47:23 [http-nio-8080-exec-6] DEBUG org.mybatis.spring.SqlSessionUtils - SqlSession [org.apache.ibatis.session.defaults.DefaultSqlSession@4f6ae244] was not registered for synchronization because synchronization is not active
2025-01-08 19:47:23 [http-nio-8080-exec-8] DEBUG c.s.d.m.C.selectLnbSubList - <==      Total: 2
2025-01-08 19:47:23 [http-nio-8080-exec-8] DEBUG org.mybatis.spring.SqlSessionUtils - Closing non transactional SqlSession [org.apache.ibatis.session.defaults.DefaultSqlSession@34443b12]
2025-01-08 19:47:23 [http-nio-8080-exec-6] DEBUG o.m.s.t.SpringManagedTransaction - JDBC Connection [HikariProxyConnection@1263890289 wrapping com.mysql.cj.jdbc.ConnectionImpl@5dbe24d9] will not be managed by Spring
2025-01-08 19:47:23 [http-nio-8080-exec-6] DEBUG c.s.d.m.C.selectLnbSubList - ==>  Preparing: SELECT CT_LNB_SUB_IDX AS ctLnbSubIdx, CT_LNB_ID AS ctLnbId, CT_LNB_SUB_ID AS ctLnbSubId, CT_LNB_SUB_NAME AS ctLnbSubName, CT_LNB_SUB_URL AS ctLnbSubUrl FROM CT_LNB_SUB WHERE CT_LNB_ID = ? ORDER BY CT_LNB_SUB_IDX
2025-01-08 19:47:23 [http-nio-8080-exec-5] DEBUG org.mybatis.spring.SqlSessionUtils - Creating a new SqlSession
2025-01-08 19:47:23 [http-nio-8080-exec-5] DEBUG org.mybatis.spring.SqlSessionUtils - SqlSession [org.apache.ibatis.session.defaults.DefaultSqlSession@6d010362] was not registered for synchronization because synchronization is not active
2025-01-08 19:47:23 [http-nio-8080-exec-6] DEBUG c.s.d.m.C.selectLnbSubList - ==> Parameters: CT_LNB_INFORMATION(String)
2025-01-08 19:47:23 [http-nio-8080-exec-6] DEBUG c.s.d.m.C.selectLnbSubList - <==      Total: 2
2025-01-08 19:47:23 [http-nio-8080-exec-6] DEBUG org.mybatis.spring.SqlSessionUtils - Closing non transactional SqlSession [org.apache.ibatis.session.defaults.DefaultSqlSession@4f6ae244]
2025-01-08 19:47:23 [http-nio-8080-exec-7] DEBUG org.mybatis.spring.SqlSessionUtils - Creating a new SqlSession
2025-01-08 19:47:23 [http-nio-8080-exec-5] DEBUG o.m.s.t.SpringManagedTransaction - JDBC Connection [HikariProxyConnection@1765706266 wrapping com.mysql.cj.jdbc.ConnectionImpl@5dbe24d9] will not be managed by Spring
2025-01-08 19:47:23 [http-nio-8080-exec-7] DEBUG org.mybatis.spring.SqlSessionUtils - SqlSession [org.apache.ibatis.session.defaults.DefaultSqlSession@52f848a] was not registered for synchronization because synchronization is not active
2025-01-08 19:47:23 [http-nio-8080-exec-5] DEBUG c.s.d.m.C.selectLnbSubList - ==>  Preparing: SELECT CT_LNB_SUB_IDX AS ctLnbSubIdx, CT_LNB_ID AS ctLnbId, CT_LNB_SUB_ID AS ctLnbSubId, CT_LNB_SUB_NAME AS ctLnbSubName, CT_LNB_SUB_URL AS ctLnbSubUrl FROM CT_LNB_SUB WHERE CT_LNB_ID = ? ORDER BY CT_LNB_SUB_IDX
2025-01-08 19:47:23 [http-nio-8080-exec-5] DEBUG c.s.d.m.C.selectLnbSubList - ==> Parameters: CT_LNB_SERVICE(String)
2025-01-08 19:47:23 [http-nio-8080-exec-5] DEBUG c.s.d.m.C.selectLnbSubList - <==      Total: 4
2025-01-08 19:47:23 [http-nio-8080-exec-5] DEBUG org.mybatis.spring.SqlSessionUtils - Closing non transactional SqlSession [org.apache.ibatis.session.defaults.DefaultSqlSession@6d010362]
2025-01-08 19:47:23 [http-nio-8080-exec-7] DEBUG o.m.s.t.SpringManagedTransaction - JDBC Connection [HikariProxyConnection@17826039 wrapping com.mysql.cj.jdbc.ConnectionImpl@5dbe24d9] will not be managed by Spring
2025-01-08 19:47:23 [http-nio-8080-exec-7] DEBUG c.s.d.m.C.selectLnbSubList - ==>  Preparing: SELECT CT_LNB_SUB_IDX AS ctLnbSubIdx, CT_LNB_ID AS ctLnbId, CT_LNB_SUB_ID AS ctLnbSubId, CT_LNB_SUB_NAME AS ctLnbSubName, CT_LNB_SUB_URL AS ctLnbSubUrl FROM CT_LNB_SUB WHERE CT_LNB_ID = ? ORDER BY CT_LNB_SUB_IDX
2025-01-08 19:47:23 [http-nio-8080-exec-7] DEBUG c.s.d.m.C.selectLnbSubList - ==> Parameters: CT_LNB_CONTACT(String)
2025-01-08 19:47:23 [http-nio-8080-exec-7] DEBUG c.s.d.m.C.selectLnbSubList - <==      Total: 2
2025-01-08 19:47:23 [http-nio-8080-exec-7] DEBUG org.mybatis.spring.SqlSessionUtils - Closing non transactional SqlSession [org.apache.ibatis.session.defaults.DefaultSqlSession@52f848a]
2025-01-08 19:47:43 [File Watcher] INFO  o.s.b.d.a.LocalDevToolsAutoConfiguration$RestartingClassPathChangeChangedEventListener - Restarting due to 1 class path change (0 additions, 0 deletions, 1 modification)
2025-01-08 19:47:43 [Thread-7] INFO  o.s.b.w.e.tomcat.GracefulShutdown - Commencing graceful shutdown. Waiting for active requests to complete
2025-01-08 19:47:43 [tomcat-shutdown] INFO  o.a.coyote.http11.Http11NioProtocol - Pausing ProtocolHandler ["http-nio-8080"]
2025-01-08 19:47:43 [tomcat-shutdown] INFO  o.s.b.w.e.tomcat.GracefulShutdown - Graceful shutdown complete
2025-01-08 19:47:43 [Thread-7] INFO  o.a.coyote.http11.Http11NioProtocol - Stopping ProtocolHandler ["http-nio-8080"]
2025-01-08 19:47:43 [Thread-7] INFO  com.zaxxer.hikari.HikariDataSource - HikariPool-2 - Shutdown initiated...
2025-01-08 19:47:43 [Thread-7] INFO  com.zaxxer.hikari.HikariDataSource - HikariPool-2 - Shutdown completed.
2025-01-08 19:47:43 [restartedMain] INFO  c.s.devspring.DevspringApplication - Starting DevspringApplication using Java 17.0.12 with PID 13152 (D:\Spring\sts-4.4\workspace\devspring\bin\main started by aatjx in D:\Spring\sts-4.4\workspace\devspring)
2025-01-08 19:47:43 [restartedMain] INFO  c.s.devspring.DevspringApplication - No active profile set, falling back to 1 default profile: "default"
2025-01-08 19:47:44 [restartedMain] DEBUG o.m.s.mapper.ClassPathMapperScanner - Identified candidate component class: file [D:\Spring\sts-4.4\workspace\devspring\bin\main\com\spring\devspring\mapper\BoardMapper.class]
2025-01-08 19:47:44 [restartedMain] DEBUG o.m.s.mapper.ClassPathMapperScanner - Identified candidate component class: file [D:\Spring\sts-4.4\workspace\devspring\bin\main\com\spring\devspring\mapper\CommonMapper.class]
2025-01-08 19:47:44 [restartedMain] DEBUG o.m.s.mapper.ClassPathMapperScanner - Creating MapperFactoryBean with name 'boardMapper' and 'com.spring.devspring.mapper.BoardMapper' mapperInterface
2025-01-08 19:47:44 [restartedMain] DEBUG o.m.s.mapper.ClassPathMapperScanner - Creating MapperFactoryBean with name 'commonMapper' and 'com.spring.devspring.mapper.CommonMapper' mapperInterface
2025-01-08 19:47:44 [restartedMain] INFO  o.s.b.w.e.tomcat.TomcatWebServer - Tomcat initialized with port 8080 (http)
2025-01-08 19:47:44 [restartedMain] INFO  o.a.coyote.http11.Http11NioProtocol - Initializing ProtocolHandler ["http-nio-8080"]
2025-01-08 19:47:44 [restartedMain] INFO  o.a.catalina.core.StandardService - Starting service [Tomcat]
2025-01-08 19:47:44 [restartedMain] INFO  o.a.catalina.core.StandardEngine - Starting Servlet engine: [Apache Tomcat/10.1.34]
2025-01-08 19:47:44 [restartedMain] INFO  o.a.c.c.C.[Tomcat].[localhost].[/] - Initializing Spring embedded WebApplicationContext
2025-01-08 19:47:44 [restartedMain] INFO  o.s.b.w.s.c.ServletWebServerApplicationContext - Root WebApplicationContext: initialization completed in 162 ms
2025-01-08 19:47:44 [restartedMain] DEBUG o.m.spring.SqlSessionFactoryBean - Property 'configuration' or 'configLocation' not specified, using default MyBatis Configuration
2025-01-08 19:47:44 [restartedMain] DEBUG o.m.spring.SqlSessionFactoryBean - Parsed mapper file: 'file [D:\Spring\sts-4.4\workspace\devspring\bin\main\static\mapper\BoardMapper.xml]'
2025-01-08 19:47:44 [restartedMain] DEBUG o.m.spring.SqlSessionFactoryBean - Parsed mapper file: 'file [D:\Spring\sts-4.4\workspace\devspring\bin\main\static\mapper\CommonMapper.xml]'
2025-01-08 19:47:44 [restartedMain] INFO  o.s.b.d.a.OptionalLiveReloadServer - LiveReload server is running on port 35729
2025-01-08 19:47:44 [restartedMain] INFO  o.a.coyote.http11.Http11NioProtocol - Starting ProtocolHandler ["http-nio-8080"]
2025-01-08 19:47:44 [restartedMain] INFO  o.s.b.w.e.tomcat.TomcatWebServer - Tomcat started on port 8080 (http) with context path '/'
2025-01-08 19:47:44 [restartedMain] INFO  c.s.devspring.DevspringApplication - Started DevspringApplication in 0.274 seconds (process running for 759.474)
2025-01-08 19:47:44 [restartedMain] INFO  o.s.b.d.a.ConditionEvaluationDeltaLoggingListener - Condition evaluation unchanged
2025-01-08 19:47:53 [RMI TCP Connection(26)-127.0.0.1] INFO  o.s.b.a.SpringApplicationAdminMXBeanRegistrar$SpringApplicationAdmin - Application shutdown requested.
2025-01-08 19:47:53 [RMI TCP Connection(26)-127.0.0.1] INFO  o.s.b.w.e.tomcat.GracefulShutdown - Commencing graceful shutdown. Waiting for active requests to complete
2025-01-08 19:47:53 [tomcat-shutdown] INFO  o.a.coyote.http11.Http11NioProtocol - Pausing ProtocolHandler ["http-nio-8080"]
2025-01-08 19:47:53 [tomcat-shutdown] INFO  o.s.b.w.e.tomcat.GracefulShutdown - Graceful shutdown complete
2025-01-08 19:47:53 [RMI TCP Connection(26)-127.0.0.1] INFO  o.a.coyote.http11.Http11NioProtocol - Stopping ProtocolHandler ["http-nio-8080"]
2025-01-08 19:55:01 [restartedMain] INFO  c.s.devspring.DevspringApplication - Starting DevspringApplication using Java 17.0.12 with PID 14776 (D:\Spring\sts-4.4\workspace\devspring\bin\main started by aatjx in D:\Spring\sts-4.4\workspace\devspring)
2025-01-08 19:55:01 [restartedMain] INFO  c.s.devspring.DevspringApplication - No active profile set, falling back to 1 default profile: "default"
2025-01-08 19:55:01 [restartedMain] INFO  o.s.b.d.e.DevToolsPropertyDefaultsPostProcessor - Devtools property defaults active! Set 'spring.devtools.add-properties' to 'false' to disable
2025-01-08 19:55:01 [restartedMain] INFO  o.s.b.d.e.DevToolsPropertyDefaultsPostProcessor - For additional web related logging consider setting the 'logging.level.web' property to 'DEBUG'
2025-01-08 19:55:01 [restartedMain] DEBUG o.apache.ibatis.logging.LogFactory - Logging initialized using 'class org.apache.ibatis.logging.slf4j.Slf4jImpl' adapter.
2025-01-08 19:55:01 [restartedMain] DEBUG o.m.s.mapper.ClassPathMapperScanner - Identified candidate component class: file [D:\Spring\sts-4.4\workspace\devspring\bin\main\com\spring\devspring\mapper\BoardMapper.class]
2025-01-08 19:55:01 [restartedMain] DEBUG o.m.s.mapper.ClassPathMapperScanner - Identified candidate component class: file [D:\Spring\sts-4.4\workspace\devspring\bin\main\com\spring\devspring\mapper\CommonMapper.class]
2025-01-08 19:55:01 [restartedMain] DEBUG o.m.s.mapper.ClassPathMapperScanner - Creating MapperFactoryBean with name 'boardMapper' and 'com.spring.devspring.mapper.BoardMapper' mapperInterface
2025-01-08 19:55:01 [restartedMain] DEBUG o.m.s.mapper.ClassPathMapperScanner - Creating MapperFactoryBean with name 'commonMapper' and 'com.spring.devspring.mapper.CommonMapper' mapperInterface
2025-01-08 19:55:01 [restartedMain] INFO  o.s.b.w.e.tomcat.TomcatWebServer - Tomcat initialized with port 8080 (http)
2025-01-08 19:55:01 [restartedMain] INFO  o.a.coyote.http11.Http11NioProtocol - Initializing ProtocolHandler ["http-nio-8080"]
2025-01-08 19:55:01 [restartedMain] INFO  o.a.catalina.core.StandardService - Starting service [Tomcat]
2025-01-08 19:55:01 [restartedMain] INFO  o.a.catalina.core.StandardEngine - Starting Servlet engine: [Apache Tomcat/10.1.34]
2025-01-08 19:55:01 [restartedMain] INFO  o.a.c.c.C.[Tomcat].[localhost].[/] - Initializing Spring embedded WebApplicationContext
2025-01-08 19:55:01 [restartedMain] INFO  o.s.b.w.s.c.ServletWebServerApplicationContext - Root WebApplicationContext: initialization completed in 674 ms
2025-01-08 19:55:01 [restartedMain] DEBUG o.m.spring.SqlSessionFactoryBean - Property 'configuration' or 'configLocation' not specified, using default MyBatis Configuration
2025-01-08 19:55:01 [restartedMain] DEBUG o.m.spring.SqlSessionFactoryBean - Parsed mapper file: 'file [D:\Spring\sts-4.4\workspace\devspring\bin\main\static\mapper\BoardMapper.xml]'
2025-01-08 19:55:01 [restartedMain] DEBUG o.m.spring.SqlSessionFactoryBean - Parsed mapper file: 'file [D:\Spring\sts-4.4\workspace\devspring\bin\main\static\mapper\CommonMapper.xml]'
2025-01-08 19:55:02 [restartedMain] INFO  o.s.b.d.a.OptionalLiveReloadServer - LiveReload server is running on port 35729
2025-01-08 19:55:02 [restartedMain] INFO  o.a.coyote.http11.Http11NioProtocol - Starting ProtocolHandler ["http-nio-8080"]
2025-01-08 19:55:02 [restartedMain] INFO  o.s.b.w.e.tomcat.TomcatWebServer - Tomcat started on port 8080 (http) with context path '/'
2025-01-08 19:55:02 [restartedMain] INFO  c.s.devspring.DevspringApplication - Started DevspringApplication in 1.478 seconds (process running for 1.873)
2025-01-08 19:55:02 [http-nio-8080-exec-1] INFO  o.a.c.c.C.[Tomcat].[localhost].[/] - Initializing Spring DispatcherServlet 'dispatcherServlet'
2025-01-08 19:55:02 [http-nio-8080-exec-1] INFO  o.s.web.servlet.DispatcherServlet - Initializing Servlet 'dispatcherServlet'
2025-01-08 19:55:02 [http-nio-8080-exec-1] INFO  o.s.web.servlet.DispatcherServlet - Completed initialization in 0 ms
2025-01-08 19:55:03 [http-nio-8080-exec-1] WARN  o.t.s.p.AbstractStandardFragmentInsertionTagProcessor - [THYMELEAF][http-nio-8080-exec-1][common/layout/layout] Deprecated unwrapped fragment expression "common/fragments/header::header" found in template common/layout/layout, line 31, col 10. Please use the complete syntax of fragment expressions instead ("~{common/fragments/header::header}"). The old, unwrapped syntax for fragment expressions will be removed in future versions of Thymeleaf.
2025-01-08 19:55:03 [http-nio-8080-exec-2] WARN  o.t.s.p.AbstractStandardFragmentInsertionTagProcessor - [THYMELEAF][http-nio-8080-exec-2][common/layout/layout] Deprecated unwrapped fragment expression "common/fragments/header::header" found in template common/layout/layout, line 31, col 10. Please use the complete syntax of fragment expressions instead ("~{common/fragments/header::header}"). The old, unwrapped syntax for fragment expressions will be removed in future versions of Thymeleaf.
2025-01-08 19:55:03 [http-nio-8080-exec-1] WARN  o.t.s.p.AbstractStandardFragmentInsertionTagProcessor - [THYMELEAF][http-nio-8080-exec-1][common/layout/layout] Deprecated unwrapped fragment expression "common/fragments/footer::footer" found in template common/layout/layout, line 35, col 10. Please use the complete syntax of fragment expressions instead ("~{common/fragments/footer::footer}"). The old, unwrapped syntax for fragment expressions will be removed in future versions of Thymeleaf.
2025-01-08 19:55:03 [http-nio-8080-exec-2] WARN  o.t.s.p.AbstractStandardFragmentInsertionTagProcessor - [THYMELEAF][http-nio-8080-exec-2][common/layout/layout] Deprecated unwrapped fragment expression "common/fragments/footer::footer" found in template common/layout/layout, line 35, col 10. Please use the complete syntax of fragment expressions instead ("~{common/fragments/footer::footer}"). The old, unwrapped syntax for fragment expressions will be removed in future versions of Thymeleaf.
2025-01-08 19:55:03 [http-nio-8080-exec-1] DEBUG org.mybatis.spring.SqlSessionUtils - Creating a new SqlSession
2025-01-08 19:55:03 [http-nio-8080-exec-1] DEBUG org.mybatis.spring.SqlSessionUtils - SqlSession [org.apache.ibatis.session.defaults.DefaultSqlSession@7060683f] was not registered for synchronization because synchronization is not active
2025-01-08 19:55:03 [http-nio-8080-exec-1] INFO  com.zaxxer.hikari.HikariDataSource - HikariPool-1 - Starting...
2025-01-08 19:55:03 [http-nio-8080-exec-1] INFO  com.zaxxer.hikari.pool.HikariPool - HikariPool-1 - Added connection com.mysql.cj.jdbc.ConnectionImpl@71ad33c6
2025-01-08 19:55:03 [http-nio-8080-exec-1] INFO  com.zaxxer.hikari.HikariDataSource - HikariPool-1 - Start completed.
2025-01-08 19:55:03 [http-nio-8080-exec-1] DEBUG o.m.s.t.SpringManagedTransaction - JDBC Connection [HikariProxyConnection@1096007956 wrapping com.mysql.cj.jdbc.ConnectionImpl@71ad33c6] will not be managed by Spring
2025-01-08 19:55:03 [http-nio-8080-exec-1] DEBUG c.s.d.m.CommonMapper.selectLnbList - ==>  Preparing: SELECT CT_LNB_IDX AS ctLnbIdx, CT_LNB_ID AS ctLnbId, CT_LNB_NAME AS ctLnbName, CT_LNB_SUB_YN AS ctLnbSubYn, CT_LNB_URL AS ctLnbUrl, CT_LNB_USE_YN AS ctLnbUseYn FROM CT_LNB WHERE CT_LNB_USE_YN = 'Y' ORDER BY CT_LNB_IDX
2025-01-08 19:55:03 [http-nio-8080-exec-1] DEBUG c.s.d.m.CommonMapper.selectLnbList - ==> Parameters: 
2025-01-08 19:55:03 [http-nio-8080-exec-1] DEBUG c.s.d.m.CommonMapper.selectLnbList - <==      Total: 4
2025-01-08 19:55:03 [http-nio-8080-exec-1] DEBUG org.mybatis.spring.SqlSessionUtils - Closing non transactional SqlSession [org.apache.ibatis.session.defaults.DefaultSqlSession@7060683f]
2025-01-08 19:55:03 [http-nio-8080-exec-8] DEBUG org.mybatis.spring.SqlSessionUtils - Creating a new SqlSession
2025-01-08 19:55:03 [http-nio-8080-exec-8] DEBUG org.mybatis.spring.SqlSessionUtils - SqlSession [org.apache.ibatis.session.defaults.DefaultSqlSession@4f24ba9f] was not registered for synchronization because synchronization is not active
2025-01-08 19:55:03 [http-nio-8080-exec-8] DEBUG o.m.s.t.SpringManagedTransaction - JDBC Connection [HikariProxyConnection@404302662 wrapping com.mysql.cj.jdbc.ConnectionImpl@71ad33c6] will not be managed by Spring
2025-01-08 19:55:03 [http-nio-8080-exec-8] DEBUG c.s.d.m.CommonMapper.selectLnbList - ==>  Preparing: SELECT CT_LNB_IDX AS ctLnbIdx, CT_LNB_ID AS ctLnbId, CT_LNB_NAME AS ctLnbName, CT_LNB_SUB_YN AS ctLnbSubYn, CT_LNB_URL AS ctLnbUrl, CT_LNB_USE_YN AS ctLnbUseYn FROM CT_LNB WHERE CT_LNB_USE_YN = 'Y' ORDER BY CT_LNB_IDX
2025-01-08 19:55:03 [http-nio-8080-exec-8] DEBUG c.s.d.m.CommonMapper.selectLnbList - ==> Parameters: 
2025-01-08 19:55:03 [http-nio-8080-exec-8] DEBUG c.s.d.m.CommonMapper.selectLnbList - <==      Total: 4
2025-01-08 19:55:03 [http-nio-8080-exec-8] DEBUG org.mybatis.spring.SqlSessionUtils - Closing non transactional SqlSession [org.apache.ibatis.session.defaults.DefaultSqlSession@4f24ba9f]
2025-01-08 19:55:03 [http-nio-8080-exec-4] DEBUG org.mybatis.spring.SqlSessionUtils - Creating a new SqlSession
2025-01-08 19:55:03 [http-nio-8080-exec-7] DEBUG org.mybatis.spring.SqlSessionUtils - Creating a new SqlSession
2025-01-08 19:55:03 [http-nio-8080-exec-6] DEBUG org.mybatis.spring.SqlSessionUtils - Creating a new SqlSession
2025-01-08 19:55:03 [http-nio-8080-exec-4] DEBUG org.mybatis.spring.SqlSessionUtils - SqlSession [org.apache.ibatis.session.defaults.DefaultSqlSession@1efa369] was not registered for synchronization because synchronization is not active
2025-01-08 19:55:03 [http-nio-8080-exec-7] DEBUG org.mybatis.spring.SqlSessionUtils - SqlSession [org.apache.ibatis.session.defaults.DefaultSqlSession@795520b6] was not registered for synchronization because synchronization is not active
2025-01-08 19:55:03 [http-nio-8080-exec-6] DEBUG org.mybatis.spring.SqlSessionUtils - SqlSession [org.apache.ibatis.session.defaults.DefaultSqlSession@7f7aacbe] was not registered for synchronization because synchronization is not active
2025-01-08 19:55:03 [http-nio-8080-exec-6] DEBUG o.m.s.t.SpringManagedTransaction - JDBC Connection [HikariProxyConnection@2130232241 wrapping com.mysql.cj.jdbc.ConnectionImpl@71ad33c6] will not be managed by Spring
2025-01-08 19:55:03 [http-nio-8080-exec-6] DEBUG c.s.d.m.C.selectLnbSubList - ==>  Preparing: SELECT CT_LNB_SUB_IDX AS ctLnbSubIdx, CT_LNB_ID AS ctLnbId, CT_LNB_SUB_ID AS ctLnbSubId, CT_LNB_SUB_NAME AS ctLnbSubName, CT_LNB_SUB_URL AS ctLnbSubUrl FROM CT_LNB_SUB WHERE CT_LNB_ID = ? ORDER BY CT_LNB_SUB_IDX
2025-01-08 19:55:03 [http-nio-8080-exec-6] DEBUG c.s.d.m.C.selectLnbSubList - ==> Parameters: CT_LNB_CONTACT(String)
2025-01-08 19:55:03 [http-nio-8080-exec-6] DEBUG c.s.d.m.C.selectLnbSubList - <==      Total: 2
2025-01-08 19:55:03 [http-nio-8080-exec-6] DEBUG org.mybatis.spring.SqlSessionUtils - Closing non transactional SqlSession [org.apache.ibatis.session.defaults.DefaultSqlSession@7f7aacbe]
2025-01-08 19:55:03 [http-nio-8080-exec-4] DEBUG o.m.s.t.SpringManagedTransaction - JDBC Connection [HikariProxyConnection@1899893699 wrapping com.mysql.cj.jdbc.ConnectionImpl@71ad33c6] will not be managed by Spring
2025-01-08 19:55:03 [http-nio-8080-exec-4] DEBUG c.s.d.m.C.selectLnbSubList - ==>  Preparing: SELECT CT_LNB_SUB_IDX AS ctLnbSubIdx, CT_LNB_ID AS ctLnbId, CT_LNB_SUB_ID AS ctLnbSubId, CT_LNB_SUB_NAME AS ctLnbSubName, CT_LNB_SUB_URL AS ctLnbSubUrl FROM CT_LNB_SUB WHERE CT_LNB_ID = ? ORDER BY CT_LNB_SUB_IDX
2025-01-08 19:55:03 [http-nio-8080-exec-4] DEBUG c.s.d.m.C.selectLnbSubList - ==> Parameters: CT_LNB_INFORMATION(String)
2025-01-08 19:55:03 [http-nio-8080-exec-4] DEBUG c.s.d.m.C.selectLnbSubList - <==      Total: 2
2025-01-08 19:55:03 [http-nio-8080-exec-4] DEBUG org.mybatis.spring.SqlSessionUtils - Closing non transactional SqlSession [org.apache.ibatis.session.defaults.DefaultSqlSession@1efa369]
2025-01-08 19:55:03 [http-nio-8080-exec-7] DEBUG o.m.s.t.SpringManagedTransaction - JDBC Connection [HikariProxyConnection@1242136770 wrapping com.mysql.cj.jdbc.ConnectionImpl@71ad33c6] will not be managed by Spring
2025-01-08 19:55:03 [http-nio-8080-exec-7] DEBUG c.s.d.m.C.selectLnbSubList - ==>  Preparing: SELECT CT_LNB_SUB_IDX AS ctLnbSubIdx, CT_LNB_ID AS ctLnbId, CT_LNB_SUB_ID AS ctLnbSubId, CT_LNB_SUB_NAME AS ctLnbSubName, CT_LNB_SUB_URL AS ctLnbSubUrl FROM CT_LNB_SUB WHERE CT_LNB_ID = ? ORDER BY CT_LNB_SUB_IDX
2025-01-08 19:55:03 [http-nio-8080-exec-7] DEBUG c.s.d.m.C.selectLnbSubList - ==> Parameters: CT_LNB_SERVICE(String)
2025-01-08 19:55:03 [http-nio-8080-exec-5] DEBUG org.mybatis.spring.SqlSessionUtils - Creating a new SqlSession
2025-01-08 19:55:03 [http-nio-8080-exec-5] DEBUG org.mybatis.spring.SqlSessionUtils - SqlSession [org.apache.ibatis.session.defaults.DefaultSqlSession@39932c12] was not registered for synchronization because synchronization is not active
2025-01-08 19:55:03 [http-nio-8080-exec-7] DEBUG c.s.d.m.C.selectLnbSubList - <==      Total: 4
2025-01-08 19:55:03 [http-nio-8080-exec-3] DEBUG org.mybatis.spring.SqlSessionUtils - Creating a new SqlSession
2025-01-08 19:55:03 [http-nio-8080-exec-7] DEBUG org.mybatis.spring.SqlSessionUtils - Closing non transactional SqlSession [org.apache.ibatis.session.defaults.DefaultSqlSession@795520b6]
2025-01-08 19:55:03 [http-nio-8080-exec-3] DEBUG org.mybatis.spring.SqlSessionUtils - SqlSession [org.apache.ibatis.session.defaults.DefaultSqlSession@fb443d3] was not registered for synchronization because synchronization is not active
2025-01-08 19:55:03 [http-nio-8080-exec-5] DEBUG o.m.s.t.SpringManagedTransaction - JDBC Connection [HikariProxyConnection@1377410104 wrapping com.mysql.cj.jdbc.ConnectionImpl@71ad33c6] will not be managed by Spring
2025-01-08 19:55:03 [http-nio-8080-exec-5] DEBUG c.s.d.m.C.selectLnbSubList - ==>  Preparing: SELECT CT_LNB_SUB_IDX AS ctLnbSubIdx, CT_LNB_ID AS ctLnbId, CT_LNB_SUB_ID AS ctLnbSubId, CT_LNB_SUB_NAME AS ctLnbSubName, CT_LNB_SUB_URL AS ctLnbSubUrl FROM CT_LNB_SUB WHERE CT_LNB_ID = ? ORDER BY CT_LNB_SUB_IDX
2025-01-08 19:55:03 [http-nio-8080-exec-5] DEBUG c.s.d.m.C.selectLnbSubList - ==> Parameters: CT_LNB_CONTACT(String)
2025-01-08 19:55:03 [http-nio-8080-exec-5] DEBUG c.s.d.m.C.selectLnbSubList - <==      Total: 2
2025-01-08 19:55:03 [http-nio-8080-exec-5] DEBUG org.mybatis.spring.SqlSessionUtils - Closing non transactional SqlSession [org.apache.ibatis.session.defaults.DefaultSqlSession@39932c12]
2025-01-08 19:55:03 [http-nio-8080-exec-3] DEBUG o.m.s.t.SpringManagedTransaction - JDBC Connection [HikariProxyConnection@175787927 wrapping com.mysql.cj.jdbc.ConnectionImpl@71ad33c6] will not be managed by Spring
2025-01-08 19:55:03 [http-nio-8080-exec-3] DEBUG c.s.d.m.C.selectLnbSubList - ==>  Preparing: SELECT CT_LNB_SUB_IDX AS ctLnbSubIdx, CT_LNB_ID AS ctLnbId, CT_LNB_SUB_ID AS ctLnbSubId, CT_LNB_SUB_NAME AS ctLnbSubName, CT_LNB_SUB_URL AS ctLnbSubUrl FROM CT_LNB_SUB WHERE CT_LNB_ID = ? ORDER BY CT_LNB_SUB_IDX
2025-01-08 19:55:03 [http-nio-8080-exec-3] DEBUG c.s.d.m.C.selectLnbSubList - ==> Parameters: CT_LNB_INFORMATION(String)
2025-01-08 19:55:03 [http-nio-8080-exec-9] DEBUG org.mybatis.spring.SqlSessionUtils - Creating a new SqlSession
2025-01-08 19:55:03 [http-nio-8080-exec-9] DEBUG org.mybatis.spring.SqlSessionUtils - SqlSession [org.apache.ibatis.session.defaults.DefaultSqlSession@6cdf2263] was not registered for synchronization because synchronization is not active
2025-01-08 19:55:03 [http-nio-8080-exec-3] DEBUG c.s.d.m.C.selectLnbSubList - <==      Total: 2
2025-01-08 19:55:03 [http-nio-8080-exec-3] DEBUG org.mybatis.spring.SqlSessionUtils - Closing non transactional SqlSession [org.apache.ibatis.session.defaults.DefaultSqlSession@fb443d3]
2025-01-08 19:55:03 [http-nio-8080-exec-9] DEBUG o.m.s.t.SpringManagedTransaction - JDBC Connection [HikariProxyConnection@1759554336 wrapping com.mysql.cj.jdbc.ConnectionImpl@71ad33c6] will not be managed by Spring
2025-01-08 19:55:03 [http-nio-8080-exec-9] DEBUG c.s.d.m.C.selectLnbSubList - ==>  Preparing: SELECT CT_LNB_SUB_IDX AS ctLnbSubIdx, CT_LNB_ID AS ctLnbId, CT_LNB_SUB_ID AS ctLnbSubId, CT_LNB_SUB_NAME AS ctLnbSubName, CT_LNB_SUB_URL AS ctLnbSubUrl FROM CT_LNB_SUB WHERE CT_LNB_ID = ? ORDER BY CT_LNB_SUB_IDX
2025-01-08 19:55:03 [http-nio-8080-exec-9] DEBUG c.s.d.m.C.selectLnbSubList - ==> Parameters: CT_LNB_SERVICE(String)
2025-01-08 19:55:03 [http-nio-8080-exec-9] DEBUG c.s.d.m.C.selectLnbSubList - <==      Total: 4
2025-01-08 19:55:03 [http-nio-8080-exec-9] DEBUG org.mybatis.spring.SqlSessionUtils - Closing non transactional SqlSession [org.apache.ibatis.session.defaults.DefaultSqlSession@6cdf2263]
2025-01-08 19:55:05 [http-nio-8080-exec-2] WARN  o.t.s.p.AbstractStandardFragmentInsertionTagProcessor - [THYMELEAF][http-nio-8080-exec-2][common/layout/layout] Deprecated unwrapped fragment expression "common/fragments/header::header" found in template common/layout/layout, line 31, col 10. Please use the complete syntax of fragment expressions instead ("~{common/fragments/header::header}"). The old, unwrapped syntax for fragment expressions will be removed in future versions of Thymeleaf.
2025-01-08 19:55:05 [http-nio-8080-exec-2] WARN  o.t.s.p.AbstractStandardFragmentInsertionTagProcessor - [THYMELEAF][http-nio-8080-exec-2][common/layout/layout] Deprecated unwrapped fragment expression "common/fragments/footer::footer" found in template common/layout/layout, line 35, col 10. Please use the complete syntax of fragment expressions instead ("~{common/fragments/footer::footer}"). The old, unwrapped syntax for fragment expressions will be removed in future versions of Thymeleaf.
2025-01-08 19:55:05 [http-nio-8080-exec-2] DEBUG org.mybatis.spring.SqlSessionUtils - Creating a new SqlSession
2025-01-08 19:55:05 [http-nio-8080-exec-2] DEBUG org.mybatis.spring.SqlSessionUtils - SqlSession [org.apache.ibatis.session.defaults.DefaultSqlSession@3bfa3cb4] was not registered for synchronization because synchronization is not active
2025-01-08 19:55:05 [http-nio-8080-exec-2] DEBUG o.m.s.t.SpringManagedTransaction - JDBC Connection [HikariProxyConnection@1880274663 wrapping com.mysql.cj.jdbc.ConnectionImpl@71ad33c6] will not be managed by Spring
2025-01-08 19:55:05 [http-nio-8080-exec-2] DEBUG c.s.d.m.CommonMapper.selectLnbList - ==>  Preparing: SELECT CT_LNB_IDX AS ctLnbIdx, CT_LNB_ID AS ctLnbId, CT_LNB_NAME AS ctLnbName, CT_LNB_SUB_YN AS ctLnbSubYn, CT_LNB_URL AS ctLnbUrl, CT_LNB_USE_YN AS ctLnbUseYn FROM CT_LNB WHERE CT_LNB_USE_YN = 'Y' ORDER BY CT_LNB_IDX
2025-01-08 19:55:05 [http-nio-8080-exec-2] DEBUG c.s.d.m.CommonMapper.selectLnbList - ==> Parameters: 
2025-01-08 19:55:05 [http-nio-8080-exec-2] DEBUG c.s.d.m.CommonMapper.selectLnbList - <==      Total: 4
2025-01-08 19:55:05 [http-nio-8080-exec-2] DEBUG org.mybatis.spring.SqlSessionUtils - Closing non transactional SqlSession [org.apache.ibatis.session.defaults.DefaultSqlSession@3bfa3cb4]
2025-01-08 19:55:05 [http-nio-8080-exec-10] DEBUG org.mybatis.spring.SqlSessionUtils - Creating a new SqlSession
2025-01-08 19:55:05 [http-nio-8080-exec-10] DEBUG org.mybatis.spring.SqlSessionUtils - SqlSession [org.apache.ibatis.session.defaults.DefaultSqlSession@f854722] was not registered for synchronization because synchronization is not active
2025-01-08 19:55:05 [http-nio-8080-exec-10] DEBUG o.m.s.t.SpringManagedTransaction - JDBC Connection [HikariProxyConnection@1250416822 wrapping com.mysql.cj.jdbc.ConnectionImpl@71ad33c6] will not be managed by Spring
2025-01-08 19:55:05 [http-nio-8080-exec-10] DEBUG c.s.d.m.CommonMapper.selectLnbList - ==>  Preparing: SELECT CT_LNB_IDX AS ctLnbIdx, CT_LNB_ID AS ctLnbId, CT_LNB_NAME AS ctLnbName, CT_LNB_SUB_YN AS ctLnbSubYn, CT_LNB_URL AS ctLnbUrl, CT_LNB_USE_YN AS ctLnbUseYn FROM CT_LNB WHERE CT_LNB_USE_YN = 'Y' ORDER BY CT_LNB_IDX
2025-01-08 19:55:05 [http-nio-8080-exec-10] DEBUG c.s.d.m.CommonMapper.selectLnbList - ==> Parameters: 
2025-01-08 19:55:05 [http-nio-8080-exec-10] DEBUG c.s.d.m.CommonMapper.selectLnbList - <==      Total: 4
2025-01-08 19:55:05 [http-nio-8080-exec-10] DEBUG org.mybatis.spring.SqlSessionUtils - Closing non transactional SqlSession [org.apache.ibatis.session.defaults.DefaultSqlSession@f854722]
2025-01-08 19:55:05 [http-nio-8080-exec-1] DEBUG org.mybatis.spring.SqlSessionUtils - Creating a new SqlSession
2025-01-08 19:55:05 [http-nio-8080-exec-6] DEBUG org.mybatis.spring.SqlSessionUtils - Creating a new SqlSession
2025-01-08 19:55:05 [http-nio-8080-exec-7] DEBUG org.mybatis.spring.SqlSessionUtils - Creating a new SqlSession
2025-01-08 19:55:05 [http-nio-8080-exec-1] DEBUG org.mybatis.spring.SqlSessionUtils - SqlSession [org.apache.ibatis.session.defaults.DefaultSqlSession@1fddf79f] was not registered for synchronization because synchronization is not active
2025-01-08 19:55:05 [http-nio-8080-exec-6] DEBUG org.mybatis.spring.SqlSessionUtils - SqlSession [org.apache.ibatis.session.defaults.DefaultSqlSession@74925574] was not registered for synchronization because synchronization is not active
2025-01-08 19:55:05 [http-nio-8080-exec-7] DEBUG org.mybatis.spring.SqlSessionUtils - SqlSession [org.apache.ibatis.session.defaults.DefaultSqlSession@c1fa370] was not registered for synchronization because synchronization is not active
2025-01-08 19:55:05 [http-nio-8080-exec-6] DEBUG o.m.s.t.SpringManagedTransaction - JDBC Connection [HikariProxyConnection@1867570353 wrapping com.mysql.cj.jdbc.ConnectionImpl@71ad33c6] will not be managed by Spring
2025-01-08 19:55:05 [http-nio-8080-exec-6] DEBUG c.s.d.m.C.selectLnbSubList - ==>  Preparing: SELECT CT_LNB_SUB_IDX AS ctLnbSubIdx, CT_LNB_ID AS ctLnbId, CT_LNB_SUB_ID AS ctLnbSubId, CT_LNB_SUB_NAME AS ctLnbSubName, CT_LNB_SUB_URL AS ctLnbSubUrl FROM CT_LNB_SUB WHERE CT_LNB_ID = ? ORDER BY CT_LNB_SUB_IDX
2025-01-08 19:55:05 [http-nio-8080-exec-6] DEBUG c.s.d.m.C.selectLnbSubList - ==> Parameters: CT_LNB_SERVICE(String)
2025-01-08 19:55:05 [http-nio-8080-exec-1] DEBUG o.m.s.t.SpringManagedTransaction - JDBC Connection [HikariProxyConnection@1725509006 wrapping com.mysql.cj.jdbc.ConnectionImpl@509e1419] will not be managed by Spring
2025-01-08 19:55:05 [http-nio-8080-exec-7] DEBUG o.m.s.t.SpringManagedTransaction - JDBC Connection [HikariProxyConnection@1297857066 wrapping com.mysql.cj.jdbc.ConnectionImpl@3b0072ed] will not be managed by Spring
2025-01-08 19:55:05 [http-nio-8080-exec-1] DEBUG c.s.d.m.C.selectLnbSubList - ==>  Preparing: SELECT CT_LNB_SUB_IDX AS ctLnbSubIdx, CT_LNB_ID AS ctLnbId, CT_LNB_SUB_ID AS ctLnbSubId, CT_LNB_SUB_NAME AS ctLnbSubName, CT_LNB_SUB_URL AS ctLnbSubUrl FROM CT_LNB_SUB WHERE CT_LNB_ID = ? ORDER BY CT_LNB_SUB_IDX
2025-01-08 19:55:05 [http-nio-8080-exec-7] DEBUG c.s.d.m.C.selectLnbSubList - ==>  Preparing: SELECT CT_LNB_SUB_IDX AS ctLnbSubIdx, CT_LNB_ID AS ctLnbId, CT_LNB_SUB_ID AS ctLnbSubId, CT_LNB_SUB_NAME AS ctLnbSubName, CT_LNB_SUB_URL AS ctLnbSubUrl FROM CT_LNB_SUB WHERE CT_LNB_ID = ? ORDER BY CT_LNB_SUB_IDX
2025-01-08 19:55:05 [http-nio-8080-exec-1] DEBUG c.s.d.m.C.selectLnbSubList - ==> Parameters: CT_LNB_INFORMATION(String)
2025-01-08 19:55:05 [http-nio-8080-exec-7] DEBUG c.s.d.m.C.selectLnbSubList - ==> Parameters: CT_LNB_CONTACT(String)
2025-01-08 19:55:05 [http-nio-8080-exec-1] DEBUG c.s.d.m.C.selectLnbSubList - <==      Total: 2
2025-01-08 19:55:05 [http-nio-8080-exec-7] DEBUG c.s.d.m.C.selectLnbSubList - <==      Total: 2
2025-01-08 19:55:05 [http-nio-8080-exec-6] DEBUG c.s.d.m.C.selectLnbSubList - <==      Total: 4
2025-01-08 19:55:05 [http-nio-8080-exec-1] DEBUG org.mybatis.spring.SqlSessionUtils - Closing non transactional SqlSession [org.apache.ibatis.session.defaults.DefaultSqlSession@1fddf79f]
2025-01-08 19:55:05 [http-nio-8080-exec-7] DEBUG org.mybatis.spring.SqlSessionUtils - Closing non transactional SqlSession [org.apache.ibatis.session.defaults.DefaultSqlSession@c1fa370]
2025-01-08 19:55:05 [http-nio-8080-exec-6] DEBUG org.mybatis.spring.SqlSessionUtils - Closing non transactional SqlSession [org.apache.ibatis.session.defaults.DefaultSqlSession@74925574]
2025-01-08 19:55:05 [http-nio-8080-exec-8] DEBUG org.mybatis.spring.SqlSessionUtils - Creating a new SqlSession
2025-01-08 19:55:05 [http-nio-8080-exec-9] DEBUG org.mybatis.spring.SqlSessionUtils - Creating a new SqlSession
2025-01-08 19:55:05 [http-nio-8080-exec-4] DEBUG org.mybatis.spring.SqlSessionUtils - Creating a new SqlSession
2025-01-08 19:55:05 [http-nio-8080-exec-8] DEBUG org.mybatis.spring.SqlSessionUtils - SqlSession [org.apache.ibatis.session.defaults.DefaultSqlSession@6d57843c] was not registered for synchronization because synchronization is not active
2025-01-08 19:55:05 [http-nio-8080-exec-9] DEBUG org.mybatis.spring.SqlSessionUtils - SqlSession [org.apache.ibatis.session.defaults.DefaultSqlSession@27a7689d] was not registered for synchronization because synchronization is not active
2025-01-08 19:55:05 [http-nio-8080-exec-4] DEBUG org.mybatis.spring.SqlSessionUtils - SqlSession [org.apache.ibatis.session.defaults.DefaultSqlSession@7566e623] was not registered for synchronization because synchronization is not active
2025-01-08 19:55:05 [http-nio-8080-exec-8] DEBUG o.m.s.t.SpringManagedTransaction - JDBC Connection [HikariProxyConnection@1019597259 wrapping com.mysql.cj.jdbc.ConnectionImpl@71ad33c6] will not be managed by Spring
2025-01-08 19:55:05 [http-nio-8080-exec-9] DEBUG o.m.s.t.SpringManagedTransaction - JDBC Connection [HikariProxyConnection@557835952 wrapping com.mysql.cj.jdbc.ConnectionImpl@3b0072ed] will not be managed by Spring
2025-01-08 19:55:05 [http-nio-8080-exec-8] DEBUG c.s.d.m.C.selectLnbSubList - ==>  Preparing: SELECT CT_LNB_SUB_IDX AS ctLnbSubIdx, CT_LNB_ID AS ctLnbId, CT_LNB_SUB_ID AS ctLnbSubId, CT_LNB_SUB_NAME AS ctLnbSubName, CT_LNB_SUB_URL AS ctLnbSubUrl FROM CT_LNB_SUB WHERE CT_LNB_ID = ? ORDER BY CT_LNB_SUB_IDX
2025-01-08 19:55:05 [http-nio-8080-exec-4] DEBUG o.m.s.t.SpringManagedTransaction - JDBC Connection [HikariProxyConnection@1036535719 wrapping com.mysql.cj.jdbc.ConnectionImpl@509e1419] will not be managed by Spring
2025-01-08 19:55:05 [http-nio-8080-exec-9] DEBUG c.s.d.m.C.selectLnbSubList - ==>  Preparing: SELECT CT_LNB_SUB_IDX AS ctLnbSubIdx, CT_LNB_ID AS ctLnbId, CT_LNB_SUB_ID AS ctLnbSubId, CT_LNB_SUB_NAME AS ctLnbSubName, CT_LNB_SUB_URL AS ctLnbSubUrl FROM CT_LNB_SUB WHERE CT_LNB_ID = ? ORDER BY CT_LNB_SUB_IDX
2025-01-08 19:55:05 [http-nio-8080-exec-4] DEBUG c.s.d.m.C.selectLnbSubList - ==>  Preparing: SELECT CT_LNB_SUB_IDX AS ctLnbSubIdx, CT_LNB_ID AS ctLnbId, CT_LNB_SUB_ID AS ctLnbSubId, CT_LNB_SUB_NAME AS ctLnbSubName, CT_LNB_SUB_URL AS ctLnbSubUrl FROM CT_LNB_SUB WHERE CT_LNB_ID = ? ORDER BY CT_LNB_SUB_IDX
2025-01-08 19:55:05 [http-nio-8080-exec-8] DEBUG c.s.d.m.C.selectLnbSubList - ==> Parameters: CT_LNB_CONTACT(String)
2025-01-08 19:55:05 [http-nio-8080-exec-9] DEBUG c.s.d.m.C.selectLnbSubList - ==> Parameters: CT_LNB_INFORMATION(String)
2025-01-08 19:55:05 [http-nio-8080-exec-4] DEBUG c.s.d.m.C.selectLnbSubList - ==> Parameters: CT_LNB_SERVICE(String)
2025-01-08 19:55:05 [http-nio-8080-exec-8] DEBUG c.s.d.m.C.selectLnbSubList - <==      Total: 2
2025-01-08 19:55:05 [http-nio-8080-exec-9] DEBUG c.s.d.m.C.selectLnbSubList - <==      Total: 2
2025-01-08 19:55:05 [http-nio-8080-exec-9] DEBUG org.mybatis.spring.SqlSessionUtils - Closing non transactional SqlSession [org.apache.ibatis.session.defaults.DefaultSqlSession@27a7689d]
2025-01-08 19:55:05 [http-nio-8080-exec-8] DEBUG org.mybatis.spring.SqlSessionUtils - Closing non transactional SqlSession [org.apache.ibatis.session.defaults.DefaultSqlSession@6d57843c]
2025-01-08 19:55:05 [http-nio-8080-exec-4] DEBUG c.s.d.m.C.selectLnbSubList - <==      Total: 4
2025-01-08 19:55:05 [http-nio-8080-exec-4] DEBUG org.mybatis.spring.SqlSessionUtils - Closing non transactional SqlSession [org.apache.ibatis.session.defaults.DefaultSqlSession@7566e623]
2025-01-08 19:56:40 [File Watcher] INFO  o.s.b.d.a.LocalDevToolsAutoConfiguration$RestartingClassPathChangeChangedEventListener - Restarting due to 1 class path change (0 additions, 0 deletions, 1 modification)
2025-01-08 19:56:40 [Thread-5] INFO  o.s.b.w.e.tomcat.GracefulShutdown - Commencing graceful shutdown. Waiting for active requests to complete
2025-01-08 19:56:40 [tomcat-shutdown] INFO  o.a.coyote.http11.Http11NioProtocol - Pausing ProtocolHandler ["http-nio-8080"]
2025-01-08 19:56:40 [tomcat-shutdown] INFO  o.s.b.w.e.tomcat.GracefulShutdown - Graceful shutdown complete
2025-01-08 19:56:40 [Thread-5] INFO  o.a.coyote.http11.Http11NioProtocol - Stopping ProtocolHandler ["http-nio-8080"]
2025-01-08 19:56:40 [Thread-5] INFO  com.zaxxer.hikari.HikariDataSource - HikariPool-1 - Shutdown initiated...
2025-01-08 19:56:40 [Thread-5] INFO  com.zaxxer.hikari.HikariDataSource - HikariPool-1 - Shutdown completed.
2025-01-08 19:56:40 [restartedMain] INFO  c.s.devspring.DevspringApplication - Starting DevspringApplication using Java 17.0.12 with PID 14776 (D:\Spring\sts-4.4\workspace\devspring\bin\main started by aatjx in D:\Spring\sts-4.4\workspace\devspring)
2025-01-08 19:56:40 [restartedMain] INFO  c.s.devspring.DevspringApplication - No active profile set, falling back to 1 default profile: "default"
2025-01-08 19:56:40 [restartedMain] DEBUG o.m.s.mapper.ClassPathMapperScanner - Identified candidate component class: file [D:\Spring\sts-4.4\workspace\devspring\bin\main\com\spring\devspring\mapper\BoardMapper.class]
2025-01-08 19:56:40 [restartedMain] DEBUG o.m.s.mapper.ClassPathMapperScanner - Identified candidate component class: file [D:\Spring\sts-4.4\workspace\devspring\bin\main\com\spring\devspring\mapper\CommonMapper.class]
2025-01-08 19:56:40 [restartedMain] DEBUG o.m.s.mapper.ClassPathMapperScanner - Creating MapperFactoryBean with name 'boardMapper' and 'com.spring.devspring.mapper.BoardMapper' mapperInterface
2025-01-08 19:56:40 [restartedMain] DEBUG o.m.s.mapper.ClassPathMapperScanner - Creating MapperFactoryBean with name 'commonMapper' and 'com.spring.devspring.mapper.CommonMapper' mapperInterface
2025-01-08 19:56:40 [restartedMain] INFO  o.s.b.w.e.tomcat.TomcatWebServer - Tomcat initialized with port 8080 (http)
2025-01-08 19:56:40 [restartedMain] INFO  o.a.coyote.http11.Http11NioProtocol - Initializing ProtocolHandler ["http-nio-8080"]
2025-01-08 19:56:40 [restartedMain] INFO  o.a.catalina.core.StandardService - Starting service [Tomcat]
2025-01-08 19:56:40 [restartedMain] INFO  o.a.catalina.core.StandardEngine - Starting Servlet engine: [Apache Tomcat/10.1.34]
2025-01-08 19:56:40 [restartedMain] INFO  o.a.c.c.C.[Tomcat].[localhost].[/] - Initializing Spring embedded WebApplicationContext
2025-01-08 19:56:40 [restartedMain] INFO  o.s.b.w.s.c.ServletWebServerApplicationContext - Root WebApplicationContext: initialization completed in 170 ms
2025-01-08 19:56:40 [restartedMain] DEBUG o.m.spring.SqlSessionFactoryBean - Property 'configuration' or 'configLocation' not specified, using default MyBatis Configuration
2025-01-08 19:56:40 [restartedMain] DEBUG o.m.spring.SqlSessionFactoryBean - Parsed mapper file: 'file [D:\Spring\sts-4.4\workspace\devspring\bin\main\static\mapper\BoardMapper.xml]'
2025-01-08 19:56:40 [restartedMain] DEBUG o.m.spring.SqlSessionFactoryBean - Parsed mapper file: 'file [D:\Spring\sts-4.4\workspace\devspring\bin\main\static\mapper\CommonMapper.xml]'
2025-01-08 19:56:40 [restartedMain] INFO  o.s.b.d.a.OptionalLiveReloadServer - LiveReload server is running on port 35729
2025-01-08 19:56:40 [restartedMain] INFO  o.a.coyote.http11.Http11NioProtocol - Starting ProtocolHandler ["http-nio-8080"]
2025-01-08 19:56:40 [restartedMain] INFO  o.s.b.w.e.tomcat.TomcatWebServer - Tomcat started on port 8080 (http) with context path '/'
2025-01-08 19:56:40 [restartedMain] INFO  c.s.devspring.DevspringApplication - Started DevspringApplication in 0.288 seconds (process running for 100.231)
2025-01-08 19:56:40 [restartedMain] INFO  o.s.b.d.a.ConditionEvaluationDeltaLoggingListener - Condition evaluation unchanged
2025-01-08 19:56:41 [RMI TCP Connection(12)-127.0.0.1] INFO  o.s.b.a.SpringApplicationAdminMXBeanRegistrar$SpringApplicationAdmin - Application shutdown requested.
2025-01-08 19:56:41 [RMI TCP Connection(12)-127.0.0.1] INFO  o.s.b.w.e.tomcat.GracefulShutdown - Commencing graceful shutdown. Waiting for active requests to complete
2025-01-08 19:56:41 [tomcat-shutdown] INFO  o.a.coyote.http11.Http11NioProtocol - Pausing ProtocolHandler ["http-nio-8080"]
2025-01-08 19:56:41 [tomcat-shutdown] INFO  o.s.b.w.e.tomcat.GracefulShutdown - Graceful shutdown complete
2025-01-08 19:56:41 [RMI TCP Connection(12)-127.0.0.1] INFO  o.a.coyote.http11.Http11NioProtocol - Stopping ProtocolHandler ["http-nio-8080"]
2025-01-08 19:56:50 [restartedMain] INFO  c.s.devspring.DevspringApplication - Starting DevspringApplication using Java 17.0.12 with PID 20248 (D:\Spring\sts-4.4\workspace\devspring\bin\main started by aatjx in D:\Spring\sts-4.4\workspace\devspring)
2025-01-08 19:56:50 [restartedMain] INFO  c.s.devspring.DevspringApplication - No active profile set, falling back to 1 default profile: "default"
2025-01-08 19:56:50 [restartedMain] INFO  o.s.b.d.e.DevToolsPropertyDefaultsPostProcessor - Devtools property defaults active! Set 'spring.devtools.add-properties' to 'false' to disable
2025-01-08 19:56:50 [restartedMain] INFO  o.s.b.d.e.DevToolsPropertyDefaultsPostProcessor - For additional web related logging consider setting the 'logging.level.web' property to 'DEBUG'
2025-01-08 19:56:50 [restartedMain] DEBUG o.apache.ibatis.logging.LogFactory - Logging initialized using 'class org.apache.ibatis.logging.slf4j.Slf4jImpl' adapter.
2025-01-08 19:56:50 [restartedMain] DEBUG o.m.s.mapper.ClassPathMapperScanner - Identified candidate component class: file [D:\Spring\sts-4.4\workspace\devspring\bin\main\com\spring\devspring\mapper\BoardMapper.class]
2025-01-08 19:56:50 [restartedMain] DEBUG o.m.s.mapper.ClassPathMapperScanner - Identified candidate component class: file [D:\Spring\sts-4.4\workspace\devspring\bin\main\com\spring\devspring\mapper\CommonMapper.class]
2025-01-08 19:56:50 [restartedMain] DEBUG o.m.s.mapper.ClassPathMapperScanner - Creating MapperFactoryBean with name 'boardMapper' and 'com.spring.devspring.mapper.BoardMapper' mapperInterface
2025-01-08 19:56:50 [restartedMain] DEBUG o.m.s.mapper.ClassPathMapperScanner - Creating MapperFactoryBean with name 'commonMapper' and 'com.spring.devspring.mapper.CommonMapper' mapperInterface
2025-01-08 19:56:50 [restartedMain] INFO  o.s.b.w.e.tomcat.TomcatWebServer - Tomcat initialized with port 8080 (http)
2025-01-08 19:56:50 [restartedMain] INFO  o.a.coyote.http11.Http11NioProtocol - Initializing ProtocolHandler ["http-nio-8080"]
2025-01-08 19:56:50 [restartedMain] INFO  o.a.catalina.core.StandardService - Starting service [Tomcat]
2025-01-08 19:56:50 [restartedMain] INFO  o.a.catalina.core.StandardEngine - Starting Servlet engine: [Apache Tomcat/10.1.34]
2025-01-08 19:56:50 [restartedMain] INFO  o.a.c.c.C.[Tomcat].[localhost].[/] - Initializing Spring embedded WebApplicationContext
2025-01-08 19:56:50 [restartedMain] INFO  o.s.b.w.s.c.ServletWebServerApplicationContext - Root WebApplicationContext: initialization completed in 635 ms
2025-01-08 19:56:50 [restartedMain] DEBUG o.m.spring.SqlSessionFactoryBean - Property 'configuration' or 'configLocation' not specified, using default MyBatis Configuration
2025-01-08 19:56:51 [restartedMain] DEBUG o.m.spring.SqlSessionFactoryBean - Parsed mapper file: 'file [D:\Spring\sts-4.4\workspace\devspring\bin\main\static\mapper\BoardMapper.xml]'
2025-01-08 19:56:51 [restartedMain] DEBUG o.m.spring.SqlSessionFactoryBean - Parsed mapper file: 'file [D:\Spring\sts-4.4\workspace\devspring\bin\main\static\mapper\CommonMapper.xml]'
2025-01-08 19:56:51 [restartedMain] INFO  o.s.b.d.a.OptionalLiveReloadServer - LiveReload server is running on port 35729
2025-01-08 19:56:51 [restartedMain] INFO  o.a.coyote.http11.Http11NioProtocol - Starting ProtocolHandler ["http-nio-8080"]
2025-01-08 19:56:51 [restartedMain] INFO  o.s.b.w.e.tomcat.TomcatWebServer - Tomcat started on port 8080 (http) with context path '/'
2025-01-08 19:56:51 [restartedMain] INFO  c.s.devspring.DevspringApplication - Started DevspringApplication in 1.437 seconds (process running for 1.826)
2025-01-08 19:57:02 [http-nio-8080-exec-1] INFO  o.a.c.c.C.[Tomcat].[localhost].[/] - Initializing Spring DispatcherServlet 'dispatcherServlet'
2025-01-08 19:57:02 [http-nio-8080-exec-1] INFO  o.s.web.servlet.DispatcherServlet - Initializing Servlet 'dispatcherServlet'
2025-01-08 19:57:02 [http-nio-8080-exec-1] INFO  o.s.web.servlet.DispatcherServlet - Completed initialization in 0 ms
2025-01-08 19:57:03 [http-nio-8080-exec-1] WARN  o.t.s.p.AbstractStandardFragmentInsertionTagProcessor - [THYMELEAF][http-nio-8080-exec-1][common/layout/layout] Deprecated unwrapped fragment expression "common/fragments/header::header" found in template common/layout/layout, line 31, col 10. Please use the complete syntax of fragment expressions instead ("~{common/fragments/header::header}"). The old, unwrapped syntax for fragment expressions will be removed in future versions of Thymeleaf.
2025-01-08 19:57:03 [http-nio-8080-exec-1] WARN  o.t.s.p.AbstractStandardFragmentInsertionTagProcessor - [THYMELEAF][http-nio-8080-exec-1][common/layout/layout] Deprecated unwrapped fragment expression "common/fragments/footer::footer" found in template common/layout/layout, line 35, col 10. Please use the complete syntax of fragment expressions instead ("~{common/fragments/footer::footer}"). The old, unwrapped syntax for fragment expressions will be removed in future versions of Thymeleaf.
2025-01-08 19:57:03 [http-nio-8080-exec-1] DEBUG org.mybatis.spring.SqlSessionUtils - Creating a new SqlSession
2025-01-08 19:57:03 [http-nio-8080-exec-1] DEBUG org.mybatis.spring.SqlSessionUtils - SqlSession [org.apache.ibatis.session.defaults.DefaultSqlSession@39fdd8a4] was not registered for synchronization because synchronization is not active
2025-01-08 19:57:03 [http-nio-8080-exec-1] INFO  com.zaxxer.hikari.HikariDataSource - HikariPool-1 - Starting...
2025-01-08 19:57:03 [http-nio-8080-exec-1] INFO  com.zaxxer.hikari.pool.HikariPool - HikariPool-1 - Added connection com.mysql.cj.jdbc.ConnectionImpl@28ef736c
2025-01-08 19:57:03 [http-nio-8080-exec-1] INFO  com.zaxxer.hikari.HikariDataSource - HikariPool-1 - Start completed.
2025-01-08 19:57:03 [http-nio-8080-exec-1] DEBUG o.m.s.t.SpringManagedTransaction - JDBC Connection [HikariProxyConnection@1733079341 wrapping com.mysql.cj.jdbc.ConnectionImpl@28ef736c] will not be managed by Spring
2025-01-08 19:57:03 [http-nio-8080-exec-1] DEBUG c.s.d.m.CommonMapper.selectLnbList - ==>  Preparing: SELECT CT_LNB_IDX AS ctLnbIdx, CT_LNB_ID AS ctLnbId, CT_LNB_NAME AS ctLnbName, CT_LNB_SUB_YN AS ctLnbSubYn, CT_LNB_URL AS ctLnbUrl, CT_LNB_USE_YN AS ctLnbUseYn FROM CT_LNB WHERE CT_LNB_USE_YN = 'Y' ORDER BY CT_LNB_IDX
2025-01-08 19:57:03 [http-nio-8080-exec-1] DEBUG c.s.d.m.CommonMapper.selectLnbList - ==> Parameters: 
2025-01-08 19:57:03 [http-nio-8080-exec-1] DEBUG c.s.d.m.CommonMapper.selectLnbList - <==      Total: 4
2025-01-08 19:57:03 [http-nio-8080-exec-1] DEBUG org.mybatis.spring.SqlSessionUtils - Closing non transactional SqlSession [org.apache.ibatis.session.defaults.DefaultSqlSession@39fdd8a4]
2025-01-08 19:57:03 [http-nio-8080-exec-5] DEBUG org.mybatis.spring.SqlSessionUtils - Creating a new SqlSession
2025-01-08 19:57:03 [http-nio-8080-exec-5] DEBUG org.mybatis.spring.SqlSessionUtils - SqlSession [org.apache.ibatis.session.defaults.DefaultSqlSession@5ae385a8] was not registered for synchronization because synchronization is not active
2025-01-08 19:57:03 [http-nio-8080-exec-5] DEBUG o.m.s.t.SpringManagedTransaction - JDBC Connection [HikariProxyConnection@1353962250 wrapping com.mysql.cj.jdbc.ConnectionImpl@28ef736c] will not be managed by Spring
2025-01-08 19:57:03 [http-nio-8080-exec-5] DEBUG c.s.d.m.CommonMapper.selectLnbList - ==>  Preparing: SELECT CT_LNB_IDX AS ctLnbIdx, CT_LNB_ID AS ctLnbId, CT_LNB_NAME AS ctLnbName, CT_LNB_SUB_YN AS ctLnbSubYn, CT_LNB_URL AS ctLnbUrl, CT_LNB_USE_YN AS ctLnbUseYn FROM CT_LNB WHERE CT_LNB_USE_YN = 'Y' ORDER BY CT_LNB_IDX
2025-01-08 19:57:03 [http-nio-8080-exec-5] DEBUG c.s.d.m.CommonMapper.selectLnbList - ==> Parameters: 
2025-01-08 19:57:03 [http-nio-8080-exec-5] DEBUG c.s.d.m.CommonMapper.selectLnbList - <==      Total: 4
2025-01-08 19:57:03 [http-nio-8080-exec-5] DEBUG org.mybatis.spring.SqlSessionUtils - Closing non transactional SqlSession [org.apache.ibatis.session.defaults.DefaultSqlSession@5ae385a8]
2025-01-08 19:57:03 [http-nio-8080-exec-3] DEBUG org.mybatis.spring.SqlSessionUtils - Creating a new SqlSession
2025-01-08 19:57:03 [http-nio-8080-exec-7] DEBUG org.mybatis.spring.SqlSessionUtils - Creating a new SqlSession
2025-01-08 19:57:03 [http-nio-8080-exec-2] DEBUG org.mybatis.spring.SqlSessionUtils - Creating a new SqlSession
2025-01-08 19:57:03 [http-nio-8080-exec-3] DEBUG org.mybatis.spring.SqlSessionUtils - SqlSession [org.apache.ibatis.session.defaults.DefaultSqlSession@5e3f9f60] was not registered for synchronization because synchronization is not active
2025-01-08 19:57:03 [http-nio-8080-exec-7] DEBUG org.mybatis.spring.SqlSessionUtils - SqlSession [org.apache.ibatis.session.defaults.DefaultSqlSession@5889cbaf] was not registered for synchronization because synchronization is not active
2025-01-08 19:57:03 [http-nio-8080-exec-2] DEBUG org.mybatis.spring.SqlSessionUtils - SqlSession [org.apache.ibatis.session.defaults.DefaultSqlSession@18602d64] was not registered for synchronization because synchronization is not active
2025-01-08 19:57:03 [http-nio-8080-exec-3] DEBUG o.m.s.t.SpringManagedTransaction - JDBC Connection [HikariProxyConnection@854878226 wrapping com.mysql.cj.jdbc.ConnectionImpl@28ef736c] will not be managed by Spring
2025-01-08 19:57:03 [http-nio-8080-exec-3] DEBUG c.s.d.m.C.selectLnbSubList - ==>  Preparing: SELECT CT_LNB_SUB_IDX AS ctLnbSubIdx, CT_LNB_ID AS ctLnbId, CT_LNB_SUB_ID AS ctLnbSubId, CT_LNB_SUB_NAME AS ctLnbSubName, CT_LNB_SUB_URL AS ctLnbSubUrl FROM CT_LNB_SUB WHERE CT_LNB_ID = ? ORDER BY CT_LNB_SUB_IDX
2025-01-08 19:57:03 [http-nio-8080-exec-3] DEBUG c.s.d.m.C.selectLnbSubList - ==> Parameters: CT_LNB_CONTACT(String)
2025-01-08 19:57:03 [http-nio-8080-exec-3] DEBUG c.s.d.m.C.selectLnbSubList - <==      Total: 2
2025-01-08 19:57:03 [http-nio-8080-exec-3] DEBUG org.mybatis.spring.SqlSessionUtils - Closing non transactional SqlSession [org.apache.ibatis.session.defaults.DefaultSqlSession@5e3f9f60]
2025-01-08 19:57:03 [http-nio-8080-exec-2] DEBUG o.m.s.t.SpringManagedTransaction - JDBC Connection [HikariProxyConnection@1377025197 wrapping com.mysql.cj.jdbc.ConnectionImpl@28ef736c] will not be managed by Spring
2025-01-08 19:57:03 [http-nio-8080-exec-2] DEBUG c.s.d.m.C.selectLnbSubList - ==>  Preparing: SELECT CT_LNB_SUB_IDX AS ctLnbSubIdx, CT_LNB_ID AS ctLnbId, CT_LNB_SUB_ID AS ctLnbSubId, CT_LNB_SUB_NAME AS ctLnbSubName, CT_LNB_SUB_URL AS ctLnbSubUrl FROM CT_LNB_SUB WHERE CT_LNB_ID = ? ORDER BY CT_LNB_SUB_IDX
2025-01-08 19:57:03 [http-nio-8080-exec-2] DEBUG c.s.d.m.C.selectLnbSubList - ==> Parameters: CT_LNB_INFORMATION(String)
2025-01-08 19:57:03 [http-nio-8080-exec-2] DEBUG c.s.d.m.C.selectLnbSubList - <==      Total: 2
2025-01-08 19:57:03 [http-nio-8080-exec-2] DEBUG org.mybatis.spring.SqlSessionUtils - Closing non transactional SqlSession [org.apache.ibatis.session.defaults.DefaultSqlSession@18602d64]
2025-01-08 19:57:03 [http-nio-8080-exec-7] DEBUG o.m.s.t.SpringManagedTransaction - JDBC Connection [HikariProxyConnection@2037038717 wrapping com.mysql.cj.jdbc.ConnectionImpl@28ef736c] will not be managed by Spring
2025-01-08 19:57:03 [http-nio-8080-exec-7] DEBUG c.s.d.m.C.selectLnbSubList - ==>  Preparing: SELECT CT_LNB_SUB_IDX AS ctLnbSubIdx, CT_LNB_ID AS ctLnbId, CT_LNB_SUB_ID AS ctLnbSubId, CT_LNB_SUB_NAME AS ctLnbSubName, CT_LNB_SUB_URL AS ctLnbSubUrl FROM CT_LNB_SUB WHERE CT_LNB_ID = ? ORDER BY CT_LNB_SUB_IDX
2025-01-08 19:57:03 [http-nio-8080-exec-7] DEBUG c.s.d.m.C.selectLnbSubList - ==> Parameters: CT_LNB_SERVICE(String)
2025-01-08 19:57:03 [http-nio-8080-exec-6] DEBUG org.mybatis.spring.SqlSessionUtils - Creating a new SqlSession
2025-01-08 19:57:03 [http-nio-8080-exec-6] DEBUG org.mybatis.spring.SqlSessionUtils - SqlSession [org.apache.ibatis.session.defaults.DefaultSqlSession@65aa422] was not registered for synchronization because synchronization is not active
2025-01-08 19:57:03 [http-nio-8080-exec-7] DEBUG c.s.d.m.C.selectLnbSubList - <==      Total: 4
2025-01-08 19:57:03 [http-nio-8080-exec-4] DEBUG org.mybatis.spring.SqlSessionUtils - Creating a new SqlSession
2025-01-08 19:57:03 [http-nio-8080-exec-4] DEBUG org.mybatis.spring.SqlSessionUtils - SqlSession [org.apache.ibatis.session.defaults.DefaultSqlSession@601f0fcd] was not registered for synchronization because synchronization is not active
2025-01-08 19:57:03 [http-nio-8080-exec-7] DEBUG org.mybatis.spring.SqlSessionUtils - Closing non transactional SqlSession [org.apache.ibatis.session.defaults.DefaultSqlSession@5889cbaf]
2025-01-08 19:57:03 [http-nio-8080-exec-6] DEBUG o.m.s.t.SpringManagedTransaction - JDBC Connection [HikariProxyConnection@623297 wrapping com.mysql.cj.jdbc.ConnectionImpl@28ef736c] will not be managed by Spring
2025-01-08 19:57:03 [http-nio-8080-exec-6] DEBUG c.s.d.m.C.selectLnbSubList - ==>  Preparing: SELECT CT_LNB_SUB_IDX AS ctLnbSubIdx, CT_LNB_ID AS ctLnbId, CT_LNB_SUB_ID AS ctLnbSubId, CT_LNB_SUB_NAME AS ctLnbSubName, CT_LNB_SUB_URL AS ctLnbSubUrl FROM CT_LNB_SUB WHERE CT_LNB_ID = ? ORDER BY CT_LNB_SUB_IDX
2025-01-08 19:57:03 [http-nio-8080-exec-6] DEBUG c.s.d.m.C.selectLnbSubList - ==> Parameters: CT_LNB_CONTACT(String)
2025-01-08 19:57:03 [http-nio-8080-exec-6] DEBUG c.s.d.m.C.selectLnbSubList - <==      Total: 2
2025-01-08 19:57:03 [http-nio-8080-exec-6] DEBUG org.mybatis.spring.SqlSessionUtils - Closing non transactional SqlSession [org.apache.ibatis.session.defaults.DefaultSqlSession@65aa422]
2025-01-08 19:57:03 [http-nio-8080-exec-4] DEBUG o.m.s.t.SpringManagedTransaction - JDBC Connection [HikariProxyConnection@1093988396 wrapping com.mysql.cj.jdbc.ConnectionImpl@28ef736c] will not be managed by Spring
2025-01-08 19:57:03 [http-nio-8080-exec-4] DEBUG c.s.d.m.C.selectLnbSubList - ==>  Preparing: SELECT CT_LNB_SUB_IDX AS ctLnbSubIdx, CT_LNB_ID AS ctLnbId, CT_LNB_SUB_ID AS ctLnbSubId, CT_LNB_SUB_NAME AS ctLnbSubName, CT_LNB_SUB_URL AS ctLnbSubUrl FROM CT_LNB_SUB WHERE CT_LNB_ID = ? ORDER BY CT_LNB_SUB_IDX
2025-01-08 19:57:03 [http-nio-8080-exec-10] DEBUG org.mybatis.spring.SqlSessionUtils - Creating a new SqlSession
2025-01-08 19:57:03 [http-nio-8080-exec-4] DEBUG c.s.d.m.C.selectLnbSubList - ==> Parameters: CT_LNB_INFORMATION(String)
2025-01-08 19:57:03 [http-nio-8080-exec-10] DEBUG org.mybatis.spring.SqlSessionUtils - SqlSession [org.apache.ibatis.session.defaults.DefaultSqlSession@44be2af6] was not registered for synchronization because synchronization is not active
2025-01-08 19:57:03 [http-nio-8080-exec-4] DEBUG c.s.d.m.C.selectLnbSubList - <==      Total: 2
2025-01-08 19:57:03 [http-nio-8080-exec-4] DEBUG org.mybatis.spring.SqlSessionUtils - Closing non transactional SqlSession [org.apache.ibatis.session.defaults.DefaultSqlSession@601f0fcd]
2025-01-08 19:57:03 [http-nio-8080-exec-10] DEBUG o.m.s.t.SpringManagedTransaction - JDBC Connection [HikariProxyConnection@1082238649 wrapping com.mysql.cj.jdbc.ConnectionImpl@28ef736c] will not be managed by Spring
2025-01-08 19:57:03 [http-nio-8080-exec-10] DEBUG c.s.d.m.C.selectLnbSubList - ==>  Preparing: SELECT CT_LNB_SUB_IDX AS ctLnbSubIdx, CT_LNB_ID AS ctLnbId, CT_LNB_SUB_ID AS ctLnbSubId, CT_LNB_SUB_NAME AS ctLnbSubName, CT_LNB_SUB_URL AS ctLnbSubUrl FROM CT_LNB_SUB WHERE CT_LNB_ID = ? ORDER BY CT_LNB_SUB_IDX
2025-01-08 19:57:03 [http-nio-8080-exec-10] DEBUG c.s.d.m.C.selectLnbSubList - ==> Parameters: CT_LNB_SERVICE(String)
2025-01-08 19:57:03 [http-nio-8080-exec-10] DEBUG c.s.d.m.C.selectLnbSubList - <==      Total: 4
2025-01-08 19:57:03 [http-nio-8080-exec-10] DEBUG org.mybatis.spring.SqlSessionUtils - Closing non transactional SqlSession [org.apache.ibatis.session.defaults.DefaultSqlSession@44be2af6]
2025-01-08 19:58:00 [http-nio-8080-exec-6] WARN  o.t.s.p.AbstractStandardFragmentInsertionTagProcessor - [THYMELEAF][http-nio-8080-exec-6][common/layout/layout] Deprecated unwrapped fragment expression "common/fragments/header::header" found in template common/layout/layout, line 31, col 10. Please use the complete syntax of fragment expressions instead ("~{common/fragments/header::header}"). The old, unwrapped syntax for fragment expressions will be removed in future versions of Thymeleaf.
2025-01-08 19:58:00 [http-nio-8080-exec-6] WARN  o.t.s.p.AbstractStandardFragmentInsertionTagProcessor - [THYMELEAF][http-nio-8080-exec-6][common/layout/layout] Deprecated unwrapped fragment expression "common/fragments/footer::footer" found in template common/layout/layout, line 35, col 10. Please use the complete syntax of fragment expressions instead ("~{common/fragments/footer::footer}"). The old, unwrapped syntax for fragment expressions will be removed in future versions of Thymeleaf.
2025-01-08 19:58:00 [http-nio-8080-exec-6] DEBUG org.mybatis.spring.SqlSessionUtils - Creating a new SqlSession
2025-01-08 19:58:00 [http-nio-8080-exec-6] DEBUG org.mybatis.spring.SqlSessionUtils - SqlSession [org.apache.ibatis.session.defaults.DefaultSqlSession@2f1672f] was not registered for synchronization because synchronization is not active
2025-01-08 19:58:00 [http-nio-8080-exec-6] DEBUG o.m.s.t.SpringManagedTransaction - JDBC Connection [HikariProxyConnection@1969677859 wrapping com.mysql.cj.jdbc.ConnectionImpl@28ef736c] will not be managed by Spring
2025-01-08 19:58:00 [http-nio-8080-exec-6] DEBUG c.s.d.m.CommonMapper.selectLnbList - ==>  Preparing: SELECT CT_LNB_IDX AS ctLnbIdx, CT_LNB_ID AS ctLnbId, CT_LNB_NAME AS ctLnbName, CT_LNB_SUB_YN AS ctLnbSubYn, CT_LNB_URL AS ctLnbUrl, CT_LNB_USE_YN AS ctLnbUseYn FROM CT_LNB WHERE CT_LNB_USE_YN = 'Y' ORDER BY CT_LNB_IDX
2025-01-08 19:58:00 [http-nio-8080-exec-6] DEBUG c.s.d.m.CommonMapper.selectLnbList - ==> Parameters: 
2025-01-08 19:58:00 [http-nio-8080-exec-6] DEBUG c.s.d.m.CommonMapper.selectLnbList - <==      Total: 4
2025-01-08 19:58:00 [http-nio-8080-exec-6] DEBUG org.mybatis.spring.SqlSessionUtils - Closing non transactional SqlSession [org.apache.ibatis.session.defaults.DefaultSqlSession@2f1672f]
2025-01-08 19:58:00 [http-nio-8080-exec-8] DEBUG org.mybatis.spring.SqlSessionUtils - Creating a new SqlSession
2025-01-08 19:58:00 [http-nio-8080-exec-8] DEBUG org.mybatis.spring.SqlSessionUtils - SqlSession [org.apache.ibatis.session.defaults.DefaultSqlSession@c3df08b] was not registered for synchronization because synchronization is not active
2025-01-08 19:58:00 [http-nio-8080-exec-8] DEBUG o.m.s.t.SpringManagedTransaction - JDBC Connection [HikariProxyConnection@1535875377 wrapping com.mysql.cj.jdbc.ConnectionImpl@28ef736c] will not be managed by Spring
2025-01-08 19:58:00 [http-nio-8080-exec-8] DEBUG c.s.d.m.CommonMapper.selectLnbList - ==>  Preparing: SELECT CT_LNB_IDX AS ctLnbIdx, CT_LNB_ID AS ctLnbId, CT_LNB_NAME AS ctLnbName, CT_LNB_SUB_YN AS ctLnbSubYn, CT_LNB_URL AS ctLnbUrl, CT_LNB_USE_YN AS ctLnbUseYn FROM CT_LNB WHERE CT_LNB_USE_YN = 'Y' ORDER BY CT_LNB_IDX
2025-01-08 19:58:00 [http-nio-8080-exec-8] DEBUG c.s.d.m.CommonMapper.selectLnbList - ==> Parameters: 
2025-01-08 19:58:00 [http-nio-8080-exec-8] DEBUG c.s.d.m.CommonMapper.selectLnbList - <==      Total: 4
2025-01-08 19:58:00 [http-nio-8080-exec-8] DEBUG org.mybatis.spring.SqlSessionUtils - Closing non transactional SqlSession [org.apache.ibatis.session.defaults.DefaultSqlSession@c3df08b]
2025-01-08 19:58:00 [http-nio-8080-exec-9] DEBUG org.mybatis.spring.SqlSessionUtils - Creating a new SqlSession
2025-01-08 19:58:00 [http-nio-8080-exec-10] DEBUG org.mybatis.spring.SqlSessionUtils - Creating a new SqlSession
2025-01-08 19:58:00 [http-nio-8080-exec-4] DEBUG org.mybatis.spring.SqlSessionUtils - Creating a new SqlSession
2025-01-08 19:58:00 [http-nio-8080-exec-9] DEBUG org.mybatis.spring.SqlSessionUtils - SqlSession [org.apache.ibatis.session.defaults.DefaultSqlSession@2be3ff39] was not registered for synchronization because synchronization is not active
2025-01-08 19:58:00 [http-nio-8080-exec-10] DEBUG org.mybatis.spring.SqlSessionUtils - SqlSession [org.apache.ibatis.session.defaults.DefaultSqlSession@44f24a2e] was not registered for synchronization because synchronization is not active
2025-01-08 19:58:00 [http-nio-8080-exec-4] DEBUG org.mybatis.spring.SqlSessionUtils - SqlSession [org.apache.ibatis.session.defaults.DefaultSqlSession@3ce3ceb6] was not registered for synchronization because synchronization is not active
2025-01-08 19:58:00 [http-nio-8080-exec-4] DEBUG o.m.s.t.SpringManagedTransaction - JDBC Connection [HikariProxyConnection@1513159830 wrapping com.mysql.cj.jdbc.ConnectionImpl@28ef736c] will not be managed by Spring
2025-01-08 19:58:00 [http-nio-8080-exec-4] DEBUG c.s.d.m.C.selectLnbSubList - ==>  Preparing: SELECT CT_LNB_SUB_IDX AS ctLnbSubIdx, CT_LNB_ID AS ctLnbId, CT_LNB_SUB_ID AS ctLnbSubId, CT_LNB_SUB_NAME AS ctLnbSubName, CT_LNB_SUB_URL AS ctLnbSubUrl FROM CT_LNB_SUB WHERE CT_LNB_ID = ? ORDER BY CT_LNB_SUB_IDX
2025-01-08 19:58:00 [http-nio-8080-exec-4] DEBUG c.s.d.m.C.selectLnbSubList - ==> Parameters: CT_LNB_SERVICE(String)
2025-01-08 19:58:00 [http-nio-8080-exec-10] DEBUG o.m.s.t.SpringManagedTransaction - JDBC Connection [HikariProxyConnection@1213802876 wrapping com.mysql.cj.jdbc.ConnectionImpl@6e5bf4be] will not be managed by Spring
2025-01-08 19:58:00 [http-nio-8080-exec-9] DEBUG o.m.s.t.SpringManagedTransaction - JDBC Connection [HikariProxyConnection@444747809 wrapping com.mysql.cj.jdbc.ConnectionImpl@7fe23284] will not be managed by Spring
2025-01-08 19:58:00 [http-nio-8080-exec-10] DEBUG c.s.d.m.C.selectLnbSubList - ==>  Preparing: SELECT CT_LNB_SUB_IDX AS ctLnbSubIdx, CT_LNB_ID AS ctLnbId, CT_LNB_SUB_ID AS ctLnbSubId, CT_LNB_SUB_NAME AS ctLnbSubName, CT_LNB_SUB_URL AS ctLnbSubUrl FROM CT_LNB_SUB WHERE CT_LNB_ID = ? ORDER BY CT_LNB_SUB_IDX
2025-01-08 19:58:00 [http-nio-8080-exec-9] DEBUG c.s.d.m.C.selectLnbSubList - ==>  Preparing: SELECT CT_LNB_SUB_IDX AS ctLnbSubIdx, CT_LNB_ID AS ctLnbId, CT_LNB_SUB_ID AS ctLnbSubId, CT_LNB_SUB_NAME AS ctLnbSubName, CT_LNB_SUB_URL AS ctLnbSubUrl FROM CT_LNB_SUB WHERE CT_LNB_ID = ? ORDER BY CT_LNB_SUB_IDX
2025-01-08 19:58:00 [http-nio-8080-exec-9] DEBUG c.s.d.m.C.selectLnbSubList - ==> Parameters: CT_LNB_INFORMATION(String)
2025-01-08 19:58:00 [http-nio-8080-exec-10] DEBUG c.s.d.m.C.selectLnbSubList - ==> Parameters: CT_LNB_CONTACT(String)
2025-01-08 19:58:00 [http-nio-8080-exec-10] DEBUG c.s.d.m.C.selectLnbSubList - <==      Total: 2
2025-01-08 19:58:00 [http-nio-8080-exec-9] DEBUG c.s.d.m.C.selectLnbSubList - <==      Total: 2
2025-01-08 19:58:00 [http-nio-8080-exec-4] DEBUG c.s.d.m.C.selectLnbSubList - <==      Total: 4
2025-01-08 19:58:00 [http-nio-8080-exec-4] DEBUG org.mybatis.spring.SqlSessionUtils - Closing non transactional SqlSession [org.apache.ibatis.session.defaults.DefaultSqlSession@3ce3ceb6]
2025-01-08 19:58:00 [http-nio-8080-exec-9] DEBUG org.mybatis.spring.SqlSessionUtils - Closing non transactional SqlSession [org.apache.ibatis.session.defaults.DefaultSqlSession@2be3ff39]
2025-01-08 19:58:00 [http-nio-8080-exec-10] DEBUG org.mybatis.spring.SqlSessionUtils - Closing non transactional SqlSession [org.apache.ibatis.session.defaults.DefaultSqlSession@44f24a2e]
2025-01-08 19:58:00 [http-nio-8080-exec-5] DEBUG org.mybatis.spring.SqlSessionUtils - Creating a new SqlSession
2025-01-08 19:58:00 [http-nio-8080-exec-1] DEBUG org.mybatis.spring.SqlSessionUtils - Creating a new SqlSession
2025-01-08 19:58:00 [http-nio-8080-exec-7] DEBUG org.mybatis.spring.SqlSessionUtils - Creating a new SqlSession
2025-01-08 19:58:00 [http-nio-8080-exec-1] DEBUG org.mybatis.spring.SqlSessionUtils - SqlSession [org.apache.ibatis.session.defaults.DefaultSqlSession@15f1a909] was not registered for synchronization because synchronization is not active
2025-01-08 19:58:00 [http-nio-8080-exec-7] DEBUG org.mybatis.spring.SqlSessionUtils - SqlSession [org.apache.ibatis.session.defaults.DefaultSqlSession@57ed4c69] was not registered for synchronization because synchronization is not active
2025-01-08 19:58:00 [http-nio-8080-exec-5] DEBUG org.mybatis.spring.SqlSessionUtils - SqlSession [org.apache.ibatis.session.defaults.DefaultSqlSession@9da11b8] was not registered for synchronization because synchronization is not active
2025-01-08 19:58:00 [http-nio-8080-exec-1] DEBUG o.m.s.t.SpringManagedTransaction - JDBC Connection [HikariProxyConnection@628364972 wrapping com.mysql.cj.jdbc.ConnectionImpl@28ef736c] will not be managed by Spring
2025-01-08 19:58:00 [http-nio-8080-exec-7] DEBUG o.m.s.t.SpringManagedTransaction - JDBC Connection [HikariProxyConnection@989272343 wrapping com.mysql.cj.jdbc.ConnectionImpl@7fe23284] will not be managed by Spring
2025-01-08 19:58:00 [http-nio-8080-exec-1] DEBUG c.s.d.m.C.selectLnbSubList - ==>  Preparing: SELECT CT_LNB_SUB_IDX AS ctLnbSubIdx, CT_LNB_ID AS ctLnbId, CT_LNB_SUB_ID AS ctLnbSubId, CT_LNB_SUB_NAME AS ctLnbSubName, CT_LNB_SUB_URL AS ctLnbSubUrl FROM CT_LNB_SUB WHERE CT_LNB_ID = ? ORDER BY CT_LNB_SUB_IDX
2025-01-08 19:58:00 [http-nio-8080-exec-5] DEBUG o.m.s.t.SpringManagedTransaction - JDBC Connection [HikariProxyConnection@1064494947 wrapping com.mysql.cj.jdbc.ConnectionImpl@6e5bf4be] will not be managed by Spring
2025-01-08 19:58:00 [http-nio-8080-exec-7] DEBUG c.s.d.m.C.selectLnbSubList - ==>  Preparing: SELECT CT_LNB_SUB_IDX AS ctLnbSubIdx, CT_LNB_ID AS ctLnbId, CT_LNB_SUB_ID AS ctLnbSubId, CT_LNB_SUB_NAME AS ctLnbSubName, CT_LNB_SUB_URL AS ctLnbSubUrl FROM CT_LNB_SUB WHERE CT_LNB_ID = ? ORDER BY CT_LNB_SUB_IDX
2025-01-08 19:58:00 [http-nio-8080-exec-5] DEBUG c.s.d.m.C.selectLnbSubList - ==>  Preparing: SELECT CT_LNB_SUB_IDX AS ctLnbSubIdx, CT_LNB_ID AS ctLnbId, CT_LNB_SUB_ID AS ctLnbSubId, CT_LNB_SUB_NAME AS ctLnbSubName, CT_LNB_SUB_URL AS ctLnbSubUrl FROM CT_LNB_SUB WHERE CT_LNB_ID = ? ORDER BY CT_LNB_SUB_IDX
2025-01-08 19:58:00 [http-nio-8080-exec-1] DEBUG c.s.d.m.C.selectLnbSubList - ==> Parameters: CT_LNB_SERVICE(String)
2025-01-08 19:58:00 [http-nio-8080-exec-7] DEBUG c.s.d.m.C.selectLnbSubList - ==> Parameters: CT_LNB_CONTACT(String)
2025-01-08 19:58:00 [http-nio-8080-exec-5] DEBUG c.s.d.m.C.selectLnbSubList - ==> Parameters: CT_LNB_INFORMATION(String)
2025-01-08 19:58:00 [http-nio-8080-exec-7] DEBUG c.s.d.m.C.selectLnbSubList - <==      Total: 2
2025-01-08 19:58:00 [http-nio-8080-exec-1] DEBUG c.s.d.m.C.selectLnbSubList - <==      Total: 4
2025-01-08 19:58:00 [http-nio-8080-exec-7] DEBUG org.mybatis.spring.SqlSessionUtils - Closing non transactional SqlSession [org.apache.ibatis.session.defaults.DefaultSqlSession@57ed4c69]
2025-01-08 19:58:00 [http-nio-8080-exec-1] DEBUG org.mybatis.spring.SqlSessionUtils - Closing non transactional SqlSession [org.apache.ibatis.session.defaults.DefaultSqlSession@15f1a909]
2025-01-08 19:58:00 [http-nio-8080-exec-5] DEBUG c.s.d.m.C.selectLnbSubList - <==      Total: 2
2025-01-08 19:58:00 [http-nio-8080-exec-5] DEBUG org.mybatis.spring.SqlSessionUtils - Closing non transactional SqlSession [org.apache.ibatis.session.defaults.DefaultSqlSession@9da11b8]
2025-01-08 19:59:01 [RMI TCP Connection(10)-127.0.0.1] INFO  o.s.b.a.SpringApplicationAdminMXBeanRegistrar$SpringApplicationAdmin - Application shutdown requested.
2025-01-08 19:59:01 [RMI TCP Connection(10)-127.0.0.1] INFO  o.s.b.w.e.tomcat.GracefulShutdown - Commencing graceful shutdown. Waiting for active requests to complete
2025-01-08 19:59:01 [tomcat-shutdown] INFO  o.a.coyote.http11.Http11NioProtocol - Pausing ProtocolHandler ["http-nio-8080"]
2025-01-08 19:59:01 [File Watcher] INFO  o.s.b.d.a.LocalDevToolsAutoConfiguration$RestartingClassPathChangeChangedEventListener - Restarting due to 1 class path change (0 additions, 0 deletions, 1 modification)
2025-01-08 19:59:01 [RMI TCP Connection(10)-127.0.0.1] INFO  o.a.coyote.http11.Http11NioProtocol - Stopping ProtocolHandler ["http-nio-8080"]
2025-01-08 19:59:01 [RMI TCP Connection(10)-127.0.0.1] WARN  org.apache.tomcat.util.net.Acceptor - Interrupt was received while waiting for the acceptor thread [http-nio-8080-Acceptor] to stop
java.lang.InterruptedException: null
	at java.base/java.util.concurrent.locks.AbstractQueuedSynchronizer.tryAcquireSharedNanos(AbstractQueuedSynchronizer.java:1081)
	at java.base/java.util.concurrent.CountDownLatch.await(CountDownLatch.java:276)
	at org.apache.tomcat.util.net.Acceptor.stopMillis(Acceptor.java:187)
	at org.apache.tomcat.util.net.NioEndpoint.stopInternal(NioEndpoint.java:304)
	at org.apache.tomcat.util.net.AbstractEndpoint.stop(AbstractEndpoint.java:1432)
	at org.apache.coyote.AbstractProtocol.stop(AbstractProtocol.java:723)
	at org.apache.catalina.connector.Connector.stopInternal(Connector.java:1078)
	at org.apache.catalina.util.LifecycleBase.stop(LifecycleBase.java:235)
	at org.apache.catalina.core.StandardService.removeConnector(StandardService.java:299)
	at org.springframework.boot.web.embedded.tomcat.TomcatWebServer.lambda$removeServiceConnectors$1(TomcatWebServer.java:173)
	at org.springframework.boot.web.embedded.tomcat.TomcatWebServer.doWithConnectors(TomcatWebServer.java:192)
	at org.springframework.boot.web.embedded.tomcat.TomcatWebServer.removeServiceConnectors(TomcatWebServer.java:170)
	at org.springframework.boot.web.embedded.tomcat.TomcatWebServer.stop(TomcatWebServer.java:358)
	at org.springframework.boot.web.servlet.context.WebServerStartStopLifecycle.stop(WebServerStartStopLifecycle.java:53)
	at org.springframework.context.SmartLifecycle.stop(SmartLifecycle.java:120)
	at org.springframework.context.support.DefaultLifecycleProcessor.doStop(DefaultLifecycleProcessor.java:384)
	at org.springframework.context.support.DefaultLifecycleProcessor$LifecycleGroup.stop(DefaultLifecycleProcessor.java:526)
	at java.base/java.lang.Iterable.forEach(Iterable.java:75)
	at org.springframework.context.support.DefaultLifecycleProcessor.stopBeans(DefaultLifecycleProcessor.java:353)
	at org.springframework.context.support.DefaultLifecycleProcessor.onClose(DefaultLifecycleProcessor.java:253)
	at org.springframework.context.support.AbstractApplicationContext.doClose(AbstractApplicationContext.java:1172)
	at org.springframework.boot.web.servlet.context.ServletWebServerApplicationContext.doClose(ServletWebServerApplicationContext.java:174)
	at org.springframework.context.support.AbstractApplicationContext.close(AbstractApplicationContext.java:1126)
	at org.springframework.boot.admin.SpringApplicationAdminMXBeanRegistrar$SpringApplicationAdmin.shutdown(SpringApplicationAdminMXBeanRegistrar.java:160)
	at java.base/jdk.internal.reflect.NativeMethodAccessorImpl.invoke0(Native Method)
	at java.base/jdk.internal.reflect.NativeMethodAccessorImpl.invoke(NativeMethodAccessorImpl.java:77)
	at java.base/jdk.internal.reflect.DelegatingMethodAccessorImpl.invoke(DelegatingMethodAccessorImpl.java:43)
	at java.base/java.lang.reflect.Method.invoke(Method.java:568)
	at sun.reflect.misc.Trampoline.invoke(MethodUtil.java:72)
	at jdk.internal.reflect.GeneratedMethodAccessor6.invoke(Unknown Source)
	at java.base/jdk.internal.reflect.DelegatingMethodAccessorImpl.invoke(DelegatingMethodAccessorImpl.java:43)
	at java.base/java.lang.reflect.Method.invoke(Method.java:568)
	at java.base/sun.reflect.misc.MethodUtil.invoke(MethodUtil.java:262)
	at java.management/com.sun.jmx.mbeanserver.ConvertingMethod.invokeWithOpenReturn(ConvertingMethod.java:193)
	at java.management/com.sun.jmx.mbeanserver.ConvertingMethod.invokeWithOpenReturn(ConvertingMethod.java:175)
	at java.management/com.sun.jmx.mbeanserver.MXBeanIntrospector.invokeM2(MXBeanIntrospector.java:117)
	at java.management/com.sun.jmx.mbeanserver.MXBeanIntrospector.invokeM2(MXBeanIntrospector.java:54)
	at java.management/com.sun.jmx.mbeanserver.MBeanIntrospector.invokeM(MBeanIntrospector.java:237)
	at java.management/com.sun.jmx.mbeanserver.PerInterface.invoke(PerInterface.java:138)
	at java.management/com.sun.jmx.mbeanserver.MBeanSupport.invoke(MBeanSupport.java:252)
	at java.management/com.sun.jmx.interceptor.DefaultMBeanServerInterceptor.invoke(DefaultMBeanServerInterceptor.java:814)
	at java.management/com.sun.jmx.mbeanserver.JmxMBeanServer.invoke(JmxMBeanServer.java:802)
	at java.management.rmi/javax.management.remote.rmi.RMIConnectionImpl.doOperation(RMIConnectionImpl.java:1472)
	at java.management.rmi/javax.management.remote.rmi.RMIConnectionImpl$PrivilegedOperation.run(RMIConnectionImpl.java:1310)
	at java.management.rmi/javax.management.remote.rmi.RMIConnectionImpl.doPrivilegedOperation(RMIConnectionImpl.java:1405)
	at java.management.rmi/javax.management.remote.rmi.RMIConnectionImpl.invoke(RMIConnectionImpl.java:829)
	at java.base/jdk.internal.reflect.GeneratedMethodAccessor8.invoke(Unknown Source)
	at java.base/jdk.internal.reflect.DelegatingMethodAccessorImpl.invoke(DelegatingMethodAccessorImpl.java:43)
	at java.base/java.lang.reflect.Method.invoke(Method.java:568)
	at java.rmi/sun.rmi.server.UnicastServerRef.dispatch(UnicastServerRef.java:360)
	at java.rmi/sun.rmi.transport.Transport$1.run(Transport.java:200)
	at java.rmi/sun.rmi.transport.Transport$1.run(Transport.java:197)
	at java.base/java.security.AccessController.doPrivileged(AccessController.java:712)
	at java.rmi/sun.rmi.transport.Transport.serviceCall(Transport.java:196)
	at java.rmi/sun.rmi.transport.tcp.TCPTransport.handleMessages(TCPTransport.java:587)
	at java.rmi/sun.rmi.transport.tcp.TCPTransport$ConnectionHandler.run0(TCPTransport.java:828)
	at java.rmi/sun.rmi.transport.tcp.TCPTransport$ConnectionHandler.lambda$run$0(TCPTransport.java:705)
	at java.base/java.security.AccessController.doPrivileged(AccessController.java:399)
	at java.rmi/sun.rmi.transport.tcp.TCPTransport$ConnectionHandler.run(TCPTransport.java:704)
	at java.base/java.util.concurrent.ThreadPoolExecutor.runWorker(ThreadPoolExecutor.java:1136)
	at java.base/java.util.concurrent.ThreadPoolExecutor$Worker.run(ThreadPoolExecutor.java:635)
	at java.base/java.lang.Thread.run(Thread.java:842)
2025-01-08 19:59:01 [RMI TCP Connection(10)-127.0.0.1] INFO  com.zaxxer.hikari.HikariDataSource - HikariPool-1 - Shutdown initiated...
2025-01-08 19:59:01 [RMI TCP Connection(10)-127.0.0.1] INFO  com.zaxxer.hikari.HikariDataSource - HikariPool-1 - Shutdown completed.
2025-01-08 19:59:01 [restartedMain] INFO  c.s.devspring.DevspringApplication - Starting DevspringApplication using Java 17.0.12 with PID 20248 (D:\Spring\sts-4.4\workspace\devspring\bin\main started by aatjx in D:\Spring\sts-4.4\workspace\devspring)
2025-01-08 19:59:01 [restartedMain] INFO  c.s.devspring.DevspringApplication - No active profile set, falling back to 1 default profile: "default"
2025-01-08 19:59:01 [restartedMain] DEBUG o.m.s.mapper.ClassPathMapperScanner - Identified candidate component class: file [D:\Spring\sts-4.4\workspace\devspring\bin\main\com\spring\devspring\mapper\BoardMapper.class]
2025-01-08 19:59:01 [restartedMain] DEBUG o.m.s.mapper.ClassPathMapperScanner - Identified candidate component class: file [D:\Spring\sts-4.4\workspace\devspring\bin\main\com\spring\devspring\mapper\CommonMapper.class]
2025-01-08 19:59:01 [restartedMain] DEBUG o.m.s.mapper.ClassPathMapperScanner - Creating MapperFactoryBean with name 'boardMapper' and 'com.spring.devspring.mapper.BoardMapper' mapperInterface
2025-01-08 19:59:01 [restartedMain] DEBUG o.m.s.mapper.ClassPathMapperScanner - Creating MapperFactoryBean with name 'commonMapper' and 'com.spring.devspring.mapper.CommonMapper' mapperInterface
2025-01-08 19:59:01 [restartedMain] INFO  o.s.b.w.e.tomcat.TomcatWebServer - Tomcat initialized with port 8080 (http)
2025-01-08 19:59:01 [restartedMain] INFO  o.a.coyote.http11.Http11NioProtocol - Initializing ProtocolHandler ["http-nio-8080"]
2025-01-08 19:59:01 [restartedMain] INFO  o.a.catalina.core.StandardService - Starting service [Tomcat]
2025-01-08 19:59:01 [restartedMain] INFO  o.a.catalina.core.StandardEngine - Starting Servlet engine: [Apache Tomcat/10.1.34]
2025-01-08 19:59:01 [restartedMain] INFO  o.a.c.c.C.[Tomcat].[localhost].[/] - Initializing Spring embedded WebApplicationContext
2025-01-08 19:59:01 [restartedMain] INFO  o.s.b.w.s.c.ServletWebServerApplicationContext - Root WebApplicationContext: initialization completed in 167 ms
2025-01-08 19:59:01 [restartedMain] DEBUG o.m.spring.SqlSessionFactoryBean - Property 'configuration' or 'configLocation' not specified, using default MyBatis Configuration
2025-01-08 19:59:01 [restartedMain] DEBUG o.m.spring.SqlSessionFactoryBean - Parsed mapper file: 'file [D:\Spring\sts-4.4\workspace\devspring\bin\main\static\mapper\BoardMapper.xml]'
2025-01-08 19:59:01 [restartedMain] DEBUG o.m.spring.SqlSessionFactoryBean - Parsed mapper file: 'file [D:\Spring\sts-4.4\workspace\devspring\bin\main\static\mapper\CommonMapper.xml]'
2025-01-08 19:59:01 [restartedMain] INFO  o.s.b.d.a.OptionalLiveReloadServer - LiveReload server is running on port 35729
2025-01-08 19:59:01 [restartedMain] INFO  o.a.coyote.http11.Http11NioProtocol - Starting ProtocolHandler ["http-nio-8080"]
2025-01-08 19:59:01 [restartedMain] INFO  o.s.b.w.e.tomcat.TomcatWebServer - Tomcat started on port 8080 (http) with context path '/'
2025-01-08 19:59:01 [restartedMain] INFO  c.s.devspring.DevspringApplication - Started DevspringApplication in 0.284 seconds (process running for 132.107)
2025-01-08 19:59:01 [restartedMain] INFO  o.s.b.d.a.ConditionEvaluationDeltaLoggingListener - Condition evaluation unchanged
2025-01-08 19:59:04 [File Watcher] INFO  o.s.b.d.a.LocalDevToolsAutoConfiguration$RestartingClassPathChangeChangedEventListener - Restarting due to 1 class path change (0 additions, 0 deletions, 1 modification)
2025-01-08 19:59:04 [Thread-7] INFO  o.s.b.w.e.tomcat.GracefulShutdown - Commencing graceful shutdown. Waiting for active requests to complete
2025-01-08 19:59:04 [tomcat-shutdown] INFO  o.a.coyote.http11.Http11NioProtocol - Pausing ProtocolHandler ["http-nio-8080"]
2025-01-08 19:59:04 [tomcat-shutdown] INFO  o.s.b.w.e.tomcat.GracefulShutdown - Graceful shutdown complete
2025-01-08 19:59:04 [Thread-7] INFO  o.a.coyote.http11.Http11NioProtocol - Stopping ProtocolHandler ["http-nio-8080"]
2025-01-08 19:59:04 [restartedMain] INFO  c.s.devspring.DevspringApplication - Starting DevspringApplication using Java 17.0.12 with PID 20248 (D:\Spring\sts-4.4\workspace\devspring\bin\main started by aatjx in D:\Spring\sts-4.4\workspace\devspring)
2025-01-08 19:59:04 [restartedMain] INFO  c.s.devspring.DevspringApplication - No active profile set, falling back to 1 default profile: "default"
2025-01-08 19:59:04 [restartedMain] DEBUG o.m.s.mapper.ClassPathMapperScanner - Identified candidate component class: file [D:\Spring\sts-4.4\workspace\devspring\bin\main\com\spring\devspring\mapper\BoardMapper.class]
2025-01-08 19:59:04 [restartedMain] DEBUG o.m.s.mapper.ClassPathMapperScanner - Identified candidate component class: file [D:\Spring\sts-4.4\workspace\devspring\bin\main\com\spring\devspring\mapper\CommonMapper.class]
2025-01-08 19:59:04 [restartedMain] DEBUG o.m.s.mapper.ClassPathMapperScanner - Creating MapperFactoryBean with name 'boardMapper' and 'com.spring.devspring.mapper.BoardMapper' mapperInterface
2025-01-08 19:59:04 [restartedMain] DEBUG o.m.s.mapper.ClassPathMapperScanner - Creating MapperFactoryBean with name 'commonMapper' and 'com.spring.devspring.mapper.CommonMapper' mapperInterface
2025-01-08 19:59:04 [restartedMain] INFO  o.s.b.w.e.tomcat.TomcatWebServer - Tomcat initialized with port 8080 (http)
2025-01-08 19:59:04 [restartedMain] INFO  o.a.coyote.http11.Http11NioProtocol - Initializing ProtocolHandler ["http-nio-8080"]
2025-01-08 19:59:04 [restartedMain] INFO  o.a.catalina.core.StandardService - Starting service [Tomcat]
2025-01-08 19:59:04 [restartedMain] INFO  o.a.catalina.core.StandardEngine - Starting Servlet engine: [Apache Tomcat/10.1.34]
2025-01-08 19:59:04 [restartedMain] INFO  o.a.c.c.C.[Tomcat].[localhost].[/] - Initializing Spring embedded WebApplicationContext
2025-01-08 19:59:04 [restartedMain] INFO  o.s.b.w.s.c.ServletWebServerApplicationContext - Root WebApplicationContext: initialization completed in 159 ms
2025-01-08 19:59:04 [restartedMain] DEBUG o.m.spring.SqlSessionFactoryBean - Property 'configuration' or 'configLocation' not specified, using default MyBatis Configuration
2025-01-08 19:59:04 [restartedMain] DEBUG o.m.spring.SqlSessionFactoryBean - Parsed mapper file: 'file [D:\Spring\sts-4.4\workspace\devspring\bin\main\static\mapper\BoardMapper.xml]'
2025-01-08 19:59:04 [restartedMain] DEBUG o.m.spring.SqlSessionFactoryBean - Parsed mapper file: 'file [D:\Spring\sts-4.4\workspace\devspring\bin\main\static\mapper\CommonMapper.xml]'
2025-01-08 19:59:04 [restartedMain] INFO  o.s.b.d.a.OptionalLiveReloadServer - LiveReload server is running on port 35729
2025-01-08 19:59:04 [restartedMain] INFO  o.a.coyote.http11.Http11NioProtocol - Starting ProtocolHandler ["http-nio-8080"]
2025-01-08 19:59:04 [restartedMain] INFO  o.s.b.w.e.tomcat.TomcatWebServer - Tomcat started on port 8080 (http) with context path '/'
2025-01-08 19:59:04 [restartedMain] INFO  c.s.devspring.DevspringApplication - Started DevspringApplication in 0.268 seconds (process running for 134.932)
2025-01-08 19:59:04 [restartedMain] INFO  o.s.b.d.a.ConditionEvaluationDeltaLoggingListener - Condition evaluation unchanged
2025-01-08 19:59:05 [RMI TCP Connection(13)-127.0.0.1] INFO  o.s.b.a.SpringApplicationAdminMXBeanRegistrar$SpringApplicationAdmin - Application shutdown requested.
2025-01-08 19:59:05 [RMI TCP Connection(13)-127.0.0.1] INFO  o.s.b.w.e.tomcat.GracefulShutdown - Commencing graceful shutdown. Waiting for active requests to complete
2025-01-08 19:59:05 [tomcat-shutdown] INFO  o.a.coyote.http11.Http11NioProtocol - Pausing ProtocolHandler ["http-nio-8080"]
2025-01-08 19:59:05 [tomcat-shutdown] INFO  o.s.b.w.e.tomcat.GracefulShutdown - Graceful shutdown complete
2025-01-08 19:59:05 [RMI TCP Connection(13)-127.0.0.1] INFO  o.a.coyote.http11.Http11NioProtocol - Stopping ProtocolHandler ["http-nio-8080"]
2025-01-08 20:00:22 [restartedMain] INFO  c.s.devspring.DevspringApplication - Starting DevspringApplication using Java 17.0.12 with PID 3088 (D:\Spring\sts-4.4\workspace\devspring\bin\main started by aatjx in D:\Spring\sts-4.4\workspace\devspring)
2025-01-08 20:00:22 [restartedMain] INFO  c.s.devspring.DevspringApplication - No active profile set, falling back to 1 default profile: "default"
2025-01-08 20:00:22 [restartedMain] INFO  o.s.b.d.e.DevToolsPropertyDefaultsPostProcessor - Devtools property defaults active! Set 'spring.devtools.add-properties' to 'false' to disable
2025-01-08 20:00:22 [restartedMain] INFO  o.s.b.d.e.DevToolsPropertyDefaultsPostProcessor - For additional web related logging consider setting the 'logging.level.web' property to 'DEBUG'
2025-01-08 20:00:22 [restartedMain] DEBUG o.apache.ibatis.logging.LogFactory - Logging initialized using 'class org.apache.ibatis.logging.slf4j.Slf4jImpl' adapter.
2025-01-08 20:00:22 [restartedMain] DEBUG o.m.s.mapper.ClassPathMapperScanner - Identified candidate component class: file [D:\Spring\sts-4.4\workspace\devspring\bin\main\com\spring\devspring\mapper\BoardMapper.class]
2025-01-08 20:00:22 [restartedMain] DEBUG o.m.s.mapper.ClassPathMapperScanner - Identified candidate component class: file [D:\Spring\sts-4.4\workspace\devspring\bin\main\com\spring\devspring\mapper\CommonMapper.class]
2025-01-08 20:00:22 [restartedMain] DEBUG o.m.s.mapper.ClassPathMapperScanner - Creating MapperFactoryBean with name 'boardMapper' and 'com.spring.devspring.mapper.BoardMapper' mapperInterface
2025-01-08 20:00:22 [restartedMain] DEBUG o.m.s.mapper.ClassPathMapperScanner - Creating MapperFactoryBean with name 'commonMapper' and 'com.spring.devspring.mapper.CommonMapper' mapperInterface
2025-01-08 20:00:22 [restartedMain] INFO  o.s.b.w.e.tomcat.TomcatWebServer - Tomcat initialized with port 8080 (http)
2025-01-08 20:00:22 [restartedMain] INFO  o.a.coyote.http11.Http11NioProtocol - Initializing ProtocolHandler ["http-nio-8080"]
2025-01-08 20:00:22 [restartedMain] INFO  o.a.catalina.core.StandardService - Starting service [Tomcat]
2025-01-08 20:00:22 [restartedMain] INFO  o.a.catalina.core.StandardEngine - Starting Servlet engine: [Apache Tomcat/10.1.34]
2025-01-08 20:00:22 [restartedMain] INFO  o.a.c.c.C.[Tomcat].[localhost].[/] - Initializing Spring embedded WebApplicationContext
2025-01-08 20:00:22 [restartedMain] INFO  o.s.b.w.s.c.ServletWebServerApplicationContext - Root WebApplicationContext: initialization completed in 658 ms
2025-01-08 20:00:23 [restartedMain] DEBUG o.m.spring.SqlSessionFactoryBean - Property 'configuration' or 'configLocation' not specified, using default MyBatis Configuration
2025-01-08 20:00:23 [restartedMain] DEBUG o.m.spring.SqlSessionFactoryBean - Parsed mapper file: 'file [D:\Spring\sts-4.4\workspace\devspring\bin\main\static\mapper\BoardMapper.xml]'
2025-01-08 20:00:23 [restartedMain] DEBUG o.m.spring.SqlSessionFactoryBean - Parsed mapper file: 'file [D:\Spring\sts-4.4\workspace\devspring\bin\main\static\mapper\CommonMapper.xml]'
2025-01-08 20:00:23 [restartedMain] INFO  o.s.b.d.a.OptionalLiveReloadServer - LiveReload server is running on port 35729
2025-01-08 20:00:23 [restartedMain] INFO  o.a.coyote.http11.Http11NioProtocol - Starting ProtocolHandler ["http-nio-8080"]
2025-01-08 20:00:23 [restartedMain] INFO  o.s.b.w.e.tomcat.TomcatWebServer - Tomcat started on port 8080 (http) with context path '/'
2025-01-08 20:00:23 [restartedMain] INFO  c.s.devspring.DevspringApplication - Started DevspringApplication in 1.467 seconds (process running for 1.863)
2025-01-08 20:00:26 [http-nio-8080-exec-1] INFO  o.a.c.c.C.[Tomcat].[localhost].[/] - Initializing Spring DispatcherServlet 'dispatcherServlet'
2025-01-08 20:00:26 [http-nio-8080-exec-1] INFO  o.s.web.servlet.DispatcherServlet - Initializing Servlet 'dispatcherServlet'
2025-01-08 20:00:26 [http-nio-8080-exec-1] INFO  o.s.web.servlet.DispatcherServlet - Completed initialization in 0 ms
2025-01-08 20:00:26 [http-nio-8080-exec-1] WARN  o.t.s.p.AbstractStandardFragmentInsertionTagProcessor - [THYMELEAF][http-nio-8080-exec-1][common/layout/layout] Deprecated unwrapped fragment expression "common/fragments/header::header" found in template common/layout/layout, line 31, col 10. Please use the complete syntax of fragment expressions instead ("~{common/fragments/header::header}"). The old, unwrapped syntax for fragment expressions will be removed in future versions of Thymeleaf.
2025-01-08 20:00:26 [http-nio-8080-exec-1] WARN  o.t.s.p.AbstractStandardFragmentInsertionTagProcessor - [THYMELEAF][http-nio-8080-exec-1][common/layout/layout] Deprecated unwrapped fragment expression "common/fragments/footer::footer" found in template common/layout/layout, line 35, col 10. Please use the complete syntax of fragment expressions instead ("~{common/fragments/footer::footer}"). The old, unwrapped syntax for fragment expressions will be removed in future versions of Thymeleaf.
2025-01-08 20:00:26 [http-nio-8080-exec-1] DEBUG org.mybatis.spring.SqlSessionUtils - Creating a new SqlSession
2025-01-08 20:00:26 [http-nio-8080-exec-1] DEBUG org.mybatis.spring.SqlSessionUtils - SqlSession [org.apache.ibatis.session.defaults.DefaultSqlSession@39fdd8a4] was not registered for synchronization because synchronization is not active
2025-01-08 20:00:26 [http-nio-8080-exec-1] INFO  com.zaxxer.hikari.HikariDataSource - HikariPool-1 - Starting...
2025-01-08 20:00:27 [http-nio-8080-exec-1] INFO  com.zaxxer.hikari.pool.HikariPool - HikariPool-1 - Added connection com.mysql.cj.jdbc.ConnectionImpl@28ef736c
2025-01-08 20:00:27 [http-nio-8080-exec-1] INFO  com.zaxxer.hikari.HikariDataSource - HikariPool-1 - Start completed.
2025-01-08 20:00:27 [http-nio-8080-exec-1] DEBUG o.m.s.t.SpringManagedTransaction - JDBC Connection [HikariProxyConnection@1733079341 wrapping com.mysql.cj.jdbc.ConnectionImpl@28ef736c] will not be managed by Spring
2025-01-08 20:00:27 [http-nio-8080-exec-1] DEBUG c.s.d.m.CommonMapper.selectLnbList - ==>  Preparing: SELECT CT_LNB_IDX AS ctLnbIdx, CT_LNB_ID AS ctLnbId, CT_LNB_NAME AS ctLnbName, CT_LNB_SUB_YN AS ctLnbSubYn, CT_LNB_URL AS ctLnbUrl, CT_LNB_USE_YN AS ctLnbUseYn FROM CT_LNB WHERE CT_LNB_USE_YN = 'Y' ORDER BY CT_LNB_IDX
2025-01-08 20:00:27 [http-nio-8080-exec-1] DEBUG c.s.d.m.CommonMapper.selectLnbList - ==> Parameters: 
2025-01-08 20:00:27 [http-nio-8080-exec-1] DEBUG c.s.d.m.CommonMapper.selectLnbList - <==      Total: 4
2025-01-08 20:00:27 [http-nio-8080-exec-1] DEBUG org.mybatis.spring.SqlSessionUtils - Closing non transactional SqlSession [org.apache.ibatis.session.defaults.DefaultSqlSession@39fdd8a4]
2025-01-08 20:00:27 [http-nio-8080-exec-4] DEBUG org.mybatis.spring.SqlSessionUtils - Creating a new SqlSession
2025-01-08 20:00:27 [http-nio-8080-exec-4] DEBUG org.mybatis.spring.SqlSessionUtils - SqlSession [org.apache.ibatis.session.defaults.DefaultSqlSession@39459c26] was not registered for synchronization because synchronization is not active
2025-01-08 20:00:27 [http-nio-8080-exec-4] DEBUG o.m.s.t.SpringManagedTransaction - JDBC Connection [HikariProxyConnection@1612648397 wrapping com.mysql.cj.jdbc.ConnectionImpl@28ef736c] will not be managed by Spring
2025-01-08 20:00:27 [http-nio-8080-exec-4] DEBUG c.s.d.m.CommonMapper.selectLnbList - ==>  Preparing: SELECT CT_LNB_IDX AS ctLnbIdx, CT_LNB_ID AS ctLnbId, CT_LNB_NAME AS ctLnbName, CT_LNB_SUB_YN AS ctLnbSubYn, CT_LNB_URL AS ctLnbUrl, CT_LNB_USE_YN AS ctLnbUseYn FROM CT_LNB WHERE CT_LNB_USE_YN = 'Y' ORDER BY CT_LNB_IDX
2025-01-08 20:00:27 [http-nio-8080-exec-4] DEBUG c.s.d.m.CommonMapper.selectLnbList - ==> Parameters: 
2025-01-08 20:00:27 [http-nio-8080-exec-4] DEBUG c.s.d.m.CommonMapper.selectLnbList - <==      Total: 4
2025-01-08 20:00:27 [http-nio-8080-exec-4] DEBUG org.mybatis.spring.SqlSessionUtils - Closing non transactional SqlSession [org.apache.ibatis.session.defaults.DefaultSqlSession@39459c26]
2025-01-08 20:00:27 [http-nio-8080-exec-5] DEBUG org.mybatis.spring.SqlSessionUtils - Creating a new SqlSession
2025-01-08 20:00:27 [http-nio-8080-exec-5] DEBUG org.mybatis.spring.SqlSessionUtils - SqlSession [org.apache.ibatis.session.defaults.DefaultSqlSession@287533da] was not registered for synchronization because synchronization is not active
2025-01-08 20:00:27 [http-nio-8080-exec-5] DEBUG o.m.s.t.SpringManagedTransaction - JDBC Connection [HikariProxyConnection@1251877391 wrapping com.mysql.cj.jdbc.ConnectionImpl@28ef736c] will not be managed by Spring
2025-01-08 20:00:27 [http-nio-8080-exec-5] DEBUG c.s.d.m.C.selectLnbSubList - ==>  Preparing: SELECT CT_LNB_SUB_IDX AS ctLnbSubIdx, CT_LNB_ID AS ctLnbId, CT_LNB_SUB_ID AS ctLnbSubId, CT_LNB_SUB_NAME AS ctLnbSubName, CT_LNB_SUB_URL AS ctLnbSubUrl FROM CT_LNB_SUB WHERE CT_LNB_ID = ? ORDER BY CT_LNB_SUB_IDX
2025-01-08 20:00:27 [http-nio-8080-exec-5] DEBUG c.s.d.m.C.selectLnbSubList - ==> Parameters: CT_LNB_INFORMATION(String)
2025-01-08 20:00:27 [http-nio-8080-exec-5] DEBUG c.s.d.m.C.selectLnbSubList - <==      Total: 2
2025-01-08 20:00:27 [http-nio-8080-exec-5] DEBUG org.mybatis.spring.SqlSessionUtils - Closing non transactional SqlSession [org.apache.ibatis.session.defaults.DefaultSqlSession@287533da]
2025-01-08 20:00:27 [http-nio-8080-exec-7] DEBUG org.mybatis.spring.SqlSessionUtils - Creating a new SqlSession
2025-01-08 20:00:27 [http-nio-8080-exec-7] DEBUG org.mybatis.spring.SqlSessionUtils - SqlSession [org.apache.ibatis.session.defaults.DefaultSqlSession@36785981] was not registered for synchronization because synchronization is not active
2025-01-08 20:00:27 [http-nio-8080-exec-7] DEBUG o.m.s.t.SpringManagedTransaction - JDBC Connection [HikariProxyConnection@1518446790 wrapping com.mysql.cj.jdbc.ConnectionImpl@28ef736c] will not be managed by Spring
2025-01-08 20:00:27 [http-nio-8080-exec-7] DEBUG c.s.d.m.C.selectLnbSubList - ==>  Preparing: SELECT CT_LNB_SUB_IDX AS ctLnbSubIdx, CT_LNB_ID AS ctLnbId, CT_LNB_SUB_ID AS ctLnbSubId, CT_LNB_SUB_NAME AS ctLnbSubName, CT_LNB_SUB_URL AS ctLnbSubUrl FROM CT_LNB_SUB WHERE CT_LNB_ID = ? ORDER BY CT_LNB_SUB_IDX
2025-01-08 20:00:27 [http-nio-8080-exec-7] DEBUG c.s.d.m.C.selectLnbSubList - ==> Parameters: CT_LNB_SERVICE(String)
2025-01-08 20:00:27 [http-nio-8080-exec-2] DEBUG org.mybatis.spring.SqlSessionUtils - Creating a new SqlSession
2025-01-08 20:00:27 [http-nio-8080-exec-2] DEBUG org.mybatis.spring.SqlSessionUtils - SqlSession [org.apache.ibatis.session.defaults.DefaultSqlSession@2cef157d] was not registered for synchronization because synchronization is not active
2025-01-08 20:00:27 [http-nio-8080-exec-2] DEBUG o.m.s.t.SpringManagedTransaction - JDBC Connection [HikariProxyConnection@469912902 wrapping com.mysql.cj.jdbc.ConnectionImpl@56526681] will not be managed by Spring
2025-01-08 20:00:27 [http-nio-8080-exec-2] DEBUG c.s.d.m.C.selectLnbSubList - ==>  Preparing: SELECT CT_LNB_SUB_IDX AS ctLnbSubIdx, CT_LNB_ID AS ctLnbId, CT_LNB_SUB_ID AS ctLnbSubId, CT_LNB_SUB_NAME AS ctLnbSubName, CT_LNB_SUB_URL AS ctLnbSubUrl FROM CT_LNB_SUB WHERE CT_LNB_ID = ? ORDER BY CT_LNB_SUB_IDX
2025-01-08 20:00:27 [http-nio-8080-exec-2] DEBUG c.s.d.m.C.selectLnbSubList - ==> Parameters: CT_LNB_CONTACT(String)
2025-01-08 20:00:27 [http-nio-8080-exec-7] DEBUG c.s.d.m.C.selectLnbSubList - <==      Total: 4
2025-01-08 20:00:27 [http-nio-8080-exec-2] DEBUG c.s.d.m.C.selectLnbSubList - <==      Total: 2
2025-01-08 20:00:27 [http-nio-8080-exec-7] DEBUG org.mybatis.spring.SqlSessionUtils - Closing non transactional SqlSession [org.apache.ibatis.session.defaults.DefaultSqlSession@36785981]
2025-01-08 20:00:27 [http-nio-8080-exec-2] DEBUG org.mybatis.spring.SqlSessionUtils - Closing non transactional SqlSession [org.apache.ibatis.session.defaults.DefaultSqlSession@2cef157d]
2025-01-08 20:00:27 [http-nio-8080-exec-3] DEBUG org.mybatis.spring.SqlSessionUtils - Creating a new SqlSession
2025-01-08 20:00:27 [http-nio-8080-exec-3] DEBUG org.mybatis.spring.SqlSessionUtils - SqlSession [org.apache.ibatis.session.defaults.DefaultSqlSession@1755958c] was not registered for synchronization because synchronization is not active
2025-01-08 20:00:27 [http-nio-8080-exec-3] DEBUG o.m.s.t.SpringManagedTransaction - JDBC Connection [HikariProxyConnection@1025095110 wrapping com.mysql.cj.jdbc.ConnectionImpl@28ef736c] will not be managed by Spring
2025-01-08 20:00:27 [http-nio-8080-exec-3] DEBUG c.s.d.m.C.selectLnbSubList - ==>  Preparing: SELECT CT_LNB_SUB_IDX AS ctLnbSubIdx, CT_LNB_ID AS ctLnbId, CT_LNB_SUB_ID AS ctLnbSubId, CT_LNB_SUB_NAME AS ctLnbSubName, CT_LNB_SUB_URL AS ctLnbSubUrl FROM CT_LNB_SUB WHERE CT_LNB_ID = ? ORDER BY CT_LNB_SUB_IDX
2025-01-08 20:00:27 [http-nio-8080-exec-3] DEBUG c.s.d.m.C.selectLnbSubList - ==> Parameters: CT_LNB_INFORMATION(String)
2025-01-08 20:00:27 [http-nio-8080-exec-6] DEBUG org.mybatis.spring.SqlSessionUtils - Creating a new SqlSession
2025-01-08 20:00:27 [http-nio-8080-exec-10] DEBUG org.mybatis.spring.SqlSessionUtils - Creating a new SqlSession
2025-01-08 20:00:27 [http-nio-8080-exec-3] DEBUG c.s.d.m.C.selectLnbSubList - <==      Total: 2
2025-01-08 20:00:27 [http-nio-8080-exec-6] DEBUG org.mybatis.spring.SqlSessionUtils - SqlSession [org.apache.ibatis.session.defaults.DefaultSqlSession@982c1] was not registered for synchronization because synchronization is not active
2025-01-08 20:00:27 [http-nio-8080-exec-10] DEBUG org.mybatis.spring.SqlSessionUtils - SqlSession [org.apache.ibatis.session.defaults.DefaultSqlSession@44be2af6] was not registered for synchronization because synchronization is not active
2025-01-08 20:00:27 [http-nio-8080-exec-3] DEBUG org.mybatis.spring.SqlSessionUtils - Closing non transactional SqlSession [org.apache.ibatis.session.defaults.DefaultSqlSession@1755958c]
2025-01-08 20:00:27 [http-nio-8080-exec-6] DEBUG o.m.s.t.SpringManagedTransaction - JDBC Connection [HikariProxyConnection@657944181 wrapping com.mysql.cj.jdbc.ConnectionImpl@56526681] will not be managed by Spring
2025-01-08 20:00:27 [http-nio-8080-exec-6] DEBUG c.s.d.m.C.selectLnbSubList - ==>  Preparing: SELECT CT_LNB_SUB_IDX AS ctLnbSubIdx, CT_LNB_ID AS ctLnbId, CT_LNB_SUB_ID AS ctLnbSubId, CT_LNB_SUB_NAME AS ctLnbSubName, CT_LNB_SUB_URL AS ctLnbSubUrl FROM CT_LNB_SUB WHERE CT_LNB_ID = ? ORDER BY CT_LNB_SUB_IDX
2025-01-08 20:00:27 [http-nio-8080-exec-10] DEBUG o.m.s.t.SpringManagedTransaction - JDBC Connection [HikariProxyConnection@1082238649 wrapping com.mysql.cj.jdbc.ConnectionImpl@28ef736c] will not be managed by Spring
2025-01-08 20:00:27 [http-nio-8080-exec-6] DEBUG c.s.d.m.C.selectLnbSubList - ==> Parameters: CT_LNB_CONTACT(String)
2025-01-08 20:00:27 [http-nio-8080-exec-10] DEBUG c.s.d.m.C.selectLnbSubList - ==>  Preparing: SELECT CT_LNB_SUB_IDX AS ctLnbSubIdx, CT_LNB_ID AS ctLnbId, CT_LNB_SUB_ID AS ctLnbSubId, CT_LNB_SUB_NAME AS ctLnbSubName, CT_LNB_SUB_URL AS ctLnbSubUrl FROM CT_LNB_SUB WHERE CT_LNB_ID = ? ORDER BY CT_LNB_SUB_IDX
2025-01-08 20:00:27 [http-nio-8080-exec-10] DEBUG c.s.d.m.C.selectLnbSubList - ==> Parameters: CT_LNB_SERVICE(String)
2025-01-08 20:00:27 [http-nio-8080-exec-6] DEBUG c.s.d.m.C.selectLnbSubList - <==      Total: 2
2025-01-08 20:00:27 [http-nio-8080-exec-6] DEBUG org.mybatis.spring.SqlSessionUtils - Closing non transactional SqlSession [org.apache.ibatis.session.defaults.DefaultSqlSession@982c1]
2025-01-08 20:00:27 [http-nio-8080-exec-10] DEBUG c.s.d.m.C.selectLnbSubList - <==      Total: 4
2025-01-08 20:00:27 [http-nio-8080-exec-10] DEBUG org.mybatis.spring.SqlSessionUtils - Closing non transactional SqlSession [org.apache.ibatis.session.defaults.DefaultSqlSession@44be2af6]
2025-01-08 20:01:13 [RMI TCP Connection(10)-127.0.0.1] INFO  o.s.b.a.SpringApplicationAdminMXBeanRegistrar$SpringApplicationAdmin - Application shutdown requested.
2025-01-08 20:01:13 [RMI TCP Connection(10)-127.0.0.1] INFO  o.s.b.w.e.tomcat.GracefulShutdown - Commencing graceful shutdown. Waiting for active requests to complete
2025-01-08 20:01:13 [tomcat-shutdown] INFO  o.a.coyote.http11.Http11NioProtocol - Pausing ProtocolHandler ["http-nio-8080"]
2025-01-08 20:01:13 [tomcat-shutdown] INFO  o.s.b.w.e.tomcat.GracefulShutdown - Graceful shutdown complete
2025-01-08 20:01:13 [RMI TCP Connection(10)-127.0.0.1] INFO  o.a.coyote.http11.Http11NioProtocol - Stopping ProtocolHandler ["http-nio-8080"]
2025-01-08 20:01:13 [RMI TCP Connection(10)-127.0.0.1] INFO  com.zaxxer.hikari.HikariDataSource - HikariPool-1 - Shutdown initiated...
2025-01-08 20:01:13 [RMI TCP Connection(10)-127.0.0.1] INFO  com.zaxxer.hikari.HikariDataSource - HikariPool-1 - Shutdown completed.
2025-01-08 20:05:55 [restartedMain] INFO  c.s.devspring.DevspringApplication - Starting DevspringApplication using Java 17.0.12 with PID 11360 (D:\Spring\sts-4.4\workspace\devspring\bin\main started by aatjx in D:\Spring\sts-4.4\workspace\devspring)
2025-01-08 20:05:55 [restartedMain] INFO  c.s.devspring.DevspringApplication - No active profile set, falling back to 1 default profile: "default"
2025-01-08 20:05:55 [restartedMain] INFO  o.s.b.d.e.DevToolsPropertyDefaultsPostProcessor - Devtools property defaults active! Set 'spring.devtools.add-properties' to 'false' to disable
2025-01-08 20:05:55 [restartedMain] INFO  o.s.b.d.e.DevToolsPropertyDefaultsPostProcessor - For additional web related logging consider setting the 'logging.level.web' property to 'DEBUG'
2025-01-08 20:05:55 [restartedMain] DEBUG o.apache.ibatis.logging.LogFactory - Logging initialized using 'class org.apache.ibatis.logging.slf4j.Slf4jImpl' adapter.
2025-01-08 20:05:55 [restartedMain] DEBUG o.m.s.mapper.ClassPathMapperScanner - Identified candidate component class: file [D:\Spring\sts-4.4\workspace\devspring\bin\main\com\spring\devspring\mapper\BoardMapper.class]
2025-01-08 20:05:55 [restartedMain] DEBUG o.m.s.mapper.ClassPathMapperScanner - Identified candidate component class: file [D:\Spring\sts-4.4\workspace\devspring\bin\main\com\spring\devspring\mapper\CommonMapper.class]
2025-01-08 20:05:55 [restartedMain] DEBUG o.m.s.mapper.ClassPathMapperScanner - Creating MapperFactoryBean with name 'boardMapper' and 'com.spring.devspring.mapper.BoardMapper' mapperInterface
2025-01-08 20:05:55 [restartedMain] DEBUG o.m.s.mapper.ClassPathMapperScanner - Creating MapperFactoryBean with name 'commonMapper' and 'com.spring.devspring.mapper.CommonMapper' mapperInterface
2025-01-08 20:05:55 [restartedMain] INFO  o.s.b.w.e.tomcat.TomcatWebServer - Tomcat initialized with port 8080 (http)
2025-01-08 20:05:55 [restartedMain] INFO  o.a.coyote.http11.Http11NioProtocol - Initializing ProtocolHandler ["http-nio-8080"]
2025-01-08 20:05:55 [restartedMain] INFO  o.a.catalina.core.StandardService - Starting service [Tomcat]
2025-01-08 20:05:55 [restartedMain] INFO  o.a.catalina.core.StandardEngine - Starting Servlet engine: [Apache Tomcat/10.1.34]
2025-01-08 20:05:56 [restartedMain] INFO  o.a.c.c.C.[Tomcat].[localhost].[/] - Initializing Spring embedded WebApplicationContext
2025-01-08 20:05:56 [restartedMain] INFO  o.s.b.w.s.c.ServletWebServerApplicationContext - Root WebApplicationContext: initialization completed in 669 ms
2025-01-08 20:05:56 [restartedMain] DEBUG o.m.spring.SqlSessionFactoryBean - Property 'configuration' or 'configLocation' not specified, using default MyBatis Configuration
2025-01-08 20:05:56 [restartedMain] DEBUG o.m.spring.SqlSessionFactoryBean - Parsed mapper file: 'file [D:\Spring\sts-4.4\workspace\devspring\bin\main\static\mapper\BoardMapper.xml]'
2025-01-08 20:05:56 [restartedMain] DEBUG o.m.spring.SqlSessionFactoryBean - Parsed mapper file: 'file [D:\Spring\sts-4.4\workspace\devspring\bin\main\static\mapper\CommonMapper.xml]'
2025-01-08 20:05:56 [restartedMain] INFO  o.s.b.d.a.OptionalLiveReloadServer - LiveReload server is running on port 35729
2025-01-08 20:05:56 [restartedMain] INFO  o.a.coyote.http11.Http11NioProtocol - Starting ProtocolHandler ["http-nio-8080"]
2025-01-08 20:05:56 [restartedMain] INFO  o.s.b.w.e.tomcat.TomcatWebServer - Tomcat started on port 8080 (http) with context path '/'
2025-01-08 20:05:56 [restartedMain] INFO  c.s.devspring.DevspringApplication - Started DevspringApplication in 1.487 seconds (process running for 1.883)
2025-01-08 20:05:59 [http-nio-8080-exec-1] INFO  o.a.c.c.C.[Tomcat].[localhost].[/] - Initializing Spring DispatcherServlet 'dispatcherServlet'
2025-01-08 20:05:59 [http-nio-8080-exec-1] INFO  o.s.web.servlet.DispatcherServlet - Initializing Servlet 'dispatcherServlet'
2025-01-08 20:05:59 [http-nio-8080-exec-1] INFO  o.s.web.servlet.DispatcherServlet - Completed initialization in 1 ms
2025-01-08 20:05:59 [http-nio-8080-exec-1] WARN  o.t.s.p.AbstractStandardFragmentInsertionTagProcessor - [THYMELEAF][http-nio-8080-exec-1][common/layout/layout] Deprecated unwrapped fragment expression "common/fragments/header::header" found in template common/layout/layout, line 31, col 10. Please use the complete syntax of fragment expressions instead ("~{common/fragments/header::header}"). The old, unwrapped syntax for fragment expressions will be removed in future versions of Thymeleaf.
2025-01-08 20:05:59 [http-nio-8080-exec-1] WARN  o.t.s.p.AbstractStandardFragmentInsertionTagProcessor - [THYMELEAF][http-nio-8080-exec-1][common/layout/layout] Deprecated unwrapped fragment expression "common/fragments/footer::footer" found in template common/layout/layout, line 35, col 10. Please use the complete syntax of fragment expressions instead ("~{common/fragments/footer::footer}"). The old, unwrapped syntax for fragment expressions will be removed in future versions of Thymeleaf.
2025-01-08 20:05:59 [http-nio-8080-exec-1] DEBUG org.mybatis.spring.SqlSessionUtils - Creating a new SqlSession
2025-01-08 20:05:59 [http-nio-8080-exec-1] DEBUG org.mybatis.spring.SqlSessionUtils - SqlSession [org.apache.ibatis.session.defaults.DefaultSqlSession@39fdd8a4] was not registered for synchronization because synchronization is not active
2025-01-08 20:05:59 [http-nio-8080-exec-1] INFO  com.zaxxer.hikari.HikariDataSource - HikariPool-1 - Starting...
2025-01-08 20:05:59 [http-nio-8080-exec-1] INFO  com.zaxxer.hikari.pool.HikariPool - HikariPool-1 - Added connection com.mysql.cj.jdbc.ConnectionImpl@28ef736c
2025-01-08 20:05:59 [http-nio-8080-exec-1] INFO  com.zaxxer.hikari.HikariDataSource - HikariPool-1 - Start completed.
2025-01-08 20:05:59 [http-nio-8080-exec-1] DEBUG o.m.s.t.SpringManagedTransaction - JDBC Connection [HikariProxyConnection@1733079341 wrapping com.mysql.cj.jdbc.ConnectionImpl@28ef736c] will not be managed by Spring
2025-01-08 20:05:59 [http-nio-8080-exec-1] DEBUG c.s.d.m.CommonMapper.selectLnbList - ==>  Preparing: SELECT CT_LNB_IDX AS ctLnbIdx, CT_LNB_ID AS ctLnbId, CT_LNB_NAME AS ctLnbName, CT_LNB_SUB_YN AS ctLnbSubYn, CT_LNB_URL AS ctLnbUrl, CT_LNB_USE_YN AS ctLnbUseYn FROM CT_LNB WHERE CT_LNB_USE_YN = 'Y' ORDER BY CT_LNB_IDX
2025-01-08 20:05:59 [http-nio-8080-exec-1] DEBUG c.s.d.m.CommonMapper.selectLnbList - ==> Parameters: 
2025-01-08 20:05:59 [http-nio-8080-exec-1] DEBUG c.s.d.m.CommonMapper.selectLnbList - <==      Total: 4
2025-01-08 20:05:59 [http-nio-8080-exec-1] DEBUG org.mybatis.spring.SqlSessionUtils - Closing non transactional SqlSession [org.apache.ibatis.session.defaults.DefaultSqlSession@39fdd8a4]
2025-01-08 20:06:00 [http-nio-8080-exec-5] DEBUG org.mybatis.spring.SqlSessionUtils - Creating a new SqlSession
2025-01-08 20:06:00 [http-nio-8080-exec-5] DEBUG org.mybatis.spring.SqlSessionUtils - SqlSession [org.apache.ibatis.session.defaults.DefaultSqlSession@1b7aa9d] was not registered for synchronization because synchronization is not active
2025-01-08 20:06:00 [http-nio-8080-exec-5] DEBUG o.m.s.t.SpringManagedTransaction - JDBC Connection [HikariProxyConnection@1203745222 wrapping com.mysql.cj.jdbc.ConnectionImpl@28ef736c] will not be managed by Spring
2025-01-08 20:06:00 [http-nio-8080-exec-5] DEBUG c.s.d.m.CommonMapper.selectLnbList - ==>  Preparing: SELECT CT_LNB_IDX AS ctLnbIdx, CT_LNB_ID AS ctLnbId, CT_LNB_NAME AS ctLnbName, CT_LNB_SUB_YN AS ctLnbSubYn, CT_LNB_URL AS ctLnbUrl, CT_LNB_USE_YN AS ctLnbUseYn FROM CT_LNB WHERE CT_LNB_USE_YN = 'Y' ORDER BY CT_LNB_IDX
2025-01-08 20:06:00 [http-nio-8080-exec-5] DEBUG c.s.d.m.CommonMapper.selectLnbList - ==> Parameters: 
2025-01-08 20:06:00 [http-nio-8080-exec-5] DEBUG c.s.d.m.CommonMapper.selectLnbList - <==      Total: 4
2025-01-08 20:06:00 [http-nio-8080-exec-5] DEBUG org.mybatis.spring.SqlSessionUtils - Closing non transactional SqlSession [org.apache.ibatis.session.defaults.DefaultSqlSession@1b7aa9d]
2025-01-08 20:06:00 [http-nio-8080-exec-4] DEBUG org.mybatis.spring.SqlSessionUtils - Creating a new SqlSession
2025-01-08 20:06:00 [http-nio-8080-exec-3] DEBUG org.mybatis.spring.SqlSessionUtils - Creating a new SqlSession
2025-01-08 20:06:00 [http-nio-8080-exec-6] DEBUG org.mybatis.spring.SqlSessionUtils - Creating a new SqlSession
2025-01-08 20:06:00 [http-nio-8080-exec-3] DEBUG org.mybatis.spring.SqlSessionUtils - SqlSession [org.apache.ibatis.session.defaults.DefaultSqlSession@12b1c0] was not registered for synchronization because synchronization is not active
2025-01-08 20:06:00 [http-nio-8080-exec-4] DEBUG org.mybatis.spring.SqlSessionUtils - SqlSession [org.apache.ibatis.session.defaults.DefaultSqlSession@72d92f42] was not registered for synchronization because synchronization is not active
2025-01-08 20:06:00 [http-nio-8080-exec-6] DEBUG org.mybatis.spring.SqlSessionUtils - SqlSession [org.apache.ibatis.session.defaults.DefaultSqlSession@36664753] was not registered for synchronization because synchronization is not active
2025-01-08 20:06:00 [http-nio-8080-exec-6] DEBUG o.m.s.t.SpringManagedTransaction - JDBC Connection [HikariProxyConnection@2003523756 wrapping com.mysql.cj.jdbc.ConnectionImpl@28ef736c] will not be managed by Spring
2025-01-08 20:06:00 [http-nio-8080-exec-6] DEBUG c.s.d.m.C.selectLnbSubList - ==>  Preparing: SELECT CT_LNB_SUB_IDX AS ctLnbSubIdx, CT_LNB_ID AS ctLnbId, CT_LNB_SUB_ID AS ctLnbSubId, CT_LNB_SUB_NAME AS ctLnbSubName, CT_LNB_SUB_URL AS ctLnbSubUrl FROM CT_LNB_SUB WHERE CT_LNB_ID = ? ORDER BY CT_LNB_SUB_IDX
2025-01-08 20:06:00 [http-nio-8080-exec-6] DEBUG c.s.d.m.C.selectLnbSubList - ==> Parameters: CT_LNB_SERVICE(String)
2025-01-08 20:06:00 [http-nio-8080-exec-6] DEBUG c.s.d.m.C.selectLnbSubList - <==      Total: 4
2025-01-08 20:06:00 [http-nio-8080-exec-6] DEBUG org.mybatis.spring.SqlSessionUtils - Closing non transactional SqlSession [org.apache.ibatis.session.defaults.DefaultSqlSession@36664753]
2025-01-08 20:06:00 [http-nio-8080-exec-3] DEBUG o.m.s.t.SpringManagedTransaction - JDBC Connection [HikariProxyConnection@818420220 wrapping com.mysql.cj.jdbc.ConnectionImpl@28ef736c] will not be managed by Spring
2025-01-08 20:06:00 [http-nio-8080-exec-3] DEBUG c.s.d.m.C.selectLnbSubList - ==>  Preparing: SELECT CT_LNB_SUB_IDX AS ctLnbSubIdx, CT_LNB_ID AS ctLnbId, CT_LNB_SUB_ID AS ctLnbSubId, CT_LNB_SUB_NAME AS ctLnbSubName, CT_LNB_SUB_URL AS ctLnbSubUrl FROM CT_LNB_SUB WHERE CT_LNB_ID = ? ORDER BY CT_LNB_SUB_IDX
2025-01-08 20:06:00 [http-nio-8080-exec-3] DEBUG c.s.d.m.C.selectLnbSubList - ==> Parameters: CT_LNB_CONTACT(String)
2025-01-08 20:06:00 [http-nio-8080-exec-3] DEBUG c.s.d.m.C.selectLnbSubList - <==      Total: 2
2025-01-08 20:06:00 [http-nio-8080-exec-3] DEBUG org.mybatis.spring.SqlSessionUtils - Closing non transactional SqlSession [org.apache.ibatis.session.defaults.DefaultSqlSession@12b1c0]
2025-01-08 20:06:00 [http-nio-8080-exec-4] DEBUG o.m.s.t.SpringManagedTransaction - JDBC Connection [HikariProxyConnection@1575383496 wrapping com.mysql.cj.jdbc.ConnectionImpl@28ef736c] will not be managed by Spring
2025-01-08 20:06:00 [http-nio-8080-exec-4] DEBUG c.s.d.m.C.selectLnbSubList - ==>  Preparing: SELECT CT_LNB_SUB_IDX AS ctLnbSubIdx, CT_LNB_ID AS ctLnbId, CT_LNB_SUB_ID AS ctLnbSubId, CT_LNB_SUB_NAME AS ctLnbSubName, CT_LNB_SUB_URL AS ctLnbSubUrl FROM CT_LNB_SUB WHERE CT_LNB_ID = ? ORDER BY CT_LNB_SUB_IDX
2025-01-08 20:06:00 [http-nio-8080-exec-4] DEBUG c.s.d.m.C.selectLnbSubList - ==> Parameters: CT_LNB_INFORMATION(String)
2025-01-08 20:06:00 [http-nio-8080-exec-2] DEBUG org.mybatis.spring.SqlSessionUtils - Creating a new SqlSession
2025-01-08 20:06:00 [http-nio-8080-exec-2] DEBUG org.mybatis.spring.SqlSessionUtils - SqlSession [org.apache.ibatis.session.defaults.DefaultSqlSession@66b6e754] was not registered for synchronization because synchronization is not active
2025-01-08 20:06:00 [http-nio-8080-exec-4] DEBUG c.s.d.m.C.selectLnbSubList - <==      Total: 2
2025-01-08 20:06:00 [http-nio-8080-exec-4] DEBUG org.mybatis.spring.SqlSessionUtils - Closing non transactional SqlSession [org.apache.ibatis.session.defaults.DefaultSqlSession@72d92f42]
2025-01-08 20:06:00 [http-nio-8080-exec-7] DEBUG org.mybatis.spring.SqlSessionUtils - Creating a new SqlSession
2025-01-08 20:06:00 [http-nio-8080-exec-2] DEBUG o.m.s.t.SpringManagedTransaction - JDBC Connection [HikariProxyConnection@362263213 wrapping com.mysql.cj.jdbc.ConnectionImpl@28ef736c] will not be managed by Spring
2025-01-08 20:06:00 [http-nio-8080-exec-7] DEBUG org.mybatis.spring.SqlSessionUtils - SqlSession [org.apache.ibatis.session.defaults.DefaultSqlSession@7f31b17d] was not registered for synchronization because synchronization is not active
2025-01-08 20:06:00 [http-nio-8080-exec-2] DEBUG c.s.d.m.C.selectLnbSubList - ==>  Preparing: SELECT CT_LNB_SUB_IDX AS ctLnbSubIdx, CT_LNB_ID AS ctLnbId, CT_LNB_SUB_ID AS ctLnbSubId, CT_LNB_SUB_NAME AS ctLnbSubName, CT_LNB_SUB_URL AS ctLnbSubUrl FROM CT_LNB_SUB WHERE CT_LNB_ID = ? ORDER BY CT_LNB_SUB_IDX
2025-01-08 20:06:00 [http-nio-8080-exec-2] DEBUG c.s.d.m.C.selectLnbSubList - ==> Parameters: CT_LNB_SERVICE(String)
2025-01-08 20:06:00 [http-nio-8080-exec-2] DEBUG c.s.d.m.C.selectLnbSubList - <==      Total: 4
2025-01-08 20:06:00 [http-nio-8080-exec-2] DEBUG org.mybatis.spring.SqlSessionUtils - Closing non transactional SqlSession [org.apache.ibatis.session.defaults.DefaultSqlSession@66b6e754]
2025-01-08 20:06:00 [http-nio-8080-exec-7] DEBUG o.m.s.t.SpringManagedTransaction - JDBC Connection [HikariProxyConnection@1115829494 wrapping com.mysql.cj.jdbc.ConnectionImpl@28ef736c] will not be managed by Spring
2025-01-08 20:06:00 [http-nio-8080-exec-7] DEBUG c.s.d.m.C.selectLnbSubList - ==>  Preparing: SELECT CT_LNB_SUB_IDX AS ctLnbSubIdx, CT_LNB_ID AS ctLnbId, CT_LNB_SUB_ID AS ctLnbSubId, CT_LNB_SUB_NAME AS ctLnbSubName, CT_LNB_SUB_URL AS ctLnbSubUrl FROM CT_LNB_SUB WHERE CT_LNB_ID = ? ORDER BY CT_LNB_SUB_IDX
2025-01-08 20:06:00 [http-nio-8080-exec-7] DEBUG c.s.d.m.C.selectLnbSubList - ==> Parameters: CT_LNB_CONTACT(String)
2025-01-08 20:06:00 [http-nio-8080-exec-7] DEBUG c.s.d.m.C.selectLnbSubList - <==      Total: 2
2025-01-08 20:06:00 [http-nio-8080-exec-8] DEBUG org.mybatis.spring.SqlSessionUtils - Creating a new SqlSession
2025-01-08 20:06:00 [http-nio-8080-exec-8] DEBUG org.mybatis.spring.SqlSessionUtils - SqlSession [org.apache.ibatis.session.defaults.DefaultSqlSession@525dd827] was not registered for synchronization because synchronization is not active
2025-01-08 20:06:00 [http-nio-8080-exec-7] DEBUG org.mybatis.spring.SqlSessionUtils - Closing non transactional SqlSession [org.apache.ibatis.session.defaults.DefaultSqlSession@7f31b17d]
2025-01-08 20:06:00 [http-nio-8080-exec-8] DEBUG o.m.s.t.SpringManagedTransaction - JDBC Connection [HikariProxyConnection@1449281204 wrapping com.mysql.cj.jdbc.ConnectionImpl@28ef736c] will not be managed by Spring
2025-01-08 20:06:00 [http-nio-8080-exec-8] DEBUG c.s.d.m.C.selectLnbSubList - ==>  Preparing: SELECT CT_LNB_SUB_IDX AS ctLnbSubIdx, CT_LNB_ID AS ctLnbId, CT_LNB_SUB_ID AS ctLnbSubId, CT_LNB_SUB_NAME AS ctLnbSubName, CT_LNB_SUB_URL AS ctLnbSubUrl FROM CT_LNB_SUB WHERE CT_LNB_ID = ? ORDER BY CT_LNB_SUB_IDX
2025-01-08 20:06:00 [http-nio-8080-exec-8] DEBUG c.s.d.m.C.selectLnbSubList - ==> Parameters: CT_LNB_INFORMATION(String)
2025-01-08 20:06:00 [http-nio-8080-exec-8] DEBUG c.s.d.m.C.selectLnbSubList - <==      Total: 2
2025-01-08 20:06:00 [http-nio-8080-exec-8] DEBUG org.mybatis.spring.SqlSessionUtils - Closing non transactional SqlSession [org.apache.ibatis.session.defaults.DefaultSqlSession@525dd827]
2025-01-08 20:06:01 [http-nio-8080-exec-9] WARN  o.t.s.p.AbstractStandardFragmentInsertionTagProcessor - [THYMELEAF][http-nio-8080-exec-9][common/layout/layout] Deprecated unwrapped fragment expression "common/fragments/header::header" found in template common/layout/layout, line 31, col 10. Please use the complete syntax of fragment expressions instead ("~{common/fragments/header::header}"). The old, unwrapped syntax for fragment expressions will be removed in future versions of Thymeleaf.
2025-01-08 20:06:01 [http-nio-8080-exec-9] WARN  o.t.s.p.AbstractStandardFragmentInsertionTagProcessor - [THYMELEAF][http-nio-8080-exec-9][common/layout/layout] Deprecated unwrapped fragment expression "common/fragments/footer::footer" found in template common/layout/layout, line 35, col 10. Please use the complete syntax of fragment expressions instead ("~{common/fragments/footer::footer}"). The old, unwrapped syntax for fragment expressions will be removed in future versions of Thymeleaf.
2025-01-08 20:06:01 [http-nio-8080-exec-9] DEBUG org.mybatis.spring.SqlSessionUtils - Creating a new SqlSession
2025-01-08 20:06:01 [http-nio-8080-exec-9] DEBUG org.mybatis.spring.SqlSessionUtils - SqlSession [org.apache.ibatis.session.defaults.DefaultSqlSession@7492912f] was not registered for synchronization because synchronization is not active
2025-01-08 20:06:01 [http-nio-8080-exec-9] DEBUG o.m.s.t.SpringManagedTransaction - JDBC Connection [HikariProxyConnection@503714706 wrapping com.mysql.cj.jdbc.ConnectionImpl@28ef736c] will not be managed by Spring
2025-01-08 20:06:01 [http-nio-8080-exec-9] DEBUG c.s.d.m.CommonMapper.selectLnbList - ==>  Preparing: SELECT CT_LNB_IDX AS ctLnbIdx, CT_LNB_ID AS ctLnbId, CT_LNB_NAME AS ctLnbName, CT_LNB_SUB_YN AS ctLnbSubYn, CT_LNB_URL AS ctLnbUrl, CT_LNB_USE_YN AS ctLnbUseYn FROM CT_LNB WHERE CT_LNB_USE_YN = 'Y' ORDER BY CT_LNB_IDX
2025-01-08 20:06:01 [http-nio-8080-exec-9] DEBUG c.s.d.m.CommonMapper.selectLnbList - ==> Parameters: 
2025-01-08 20:06:01 [http-nio-8080-exec-9] DEBUG c.s.d.m.CommonMapper.selectLnbList - <==      Total: 4
2025-01-08 20:06:01 [http-nio-8080-exec-9] DEBUG org.mybatis.spring.SqlSessionUtils - Closing non transactional SqlSession [org.apache.ibatis.session.defaults.DefaultSqlSession@7492912f]
2025-01-08 20:06:01 [http-nio-8080-exec-10] DEBUG org.mybatis.spring.SqlSessionUtils - Creating a new SqlSession
2025-01-08 20:06:01 [http-nio-8080-exec-10] DEBUG org.mybatis.spring.SqlSessionUtils - SqlSession [org.apache.ibatis.session.defaults.DefaultSqlSession@4081a6b9] was not registered for synchronization because synchronization is not active
2025-01-08 20:06:01 [http-nio-8080-exec-10] DEBUG o.m.s.t.SpringManagedTransaction - JDBC Connection [HikariProxyConnection@92479693 wrapping com.mysql.cj.jdbc.ConnectionImpl@28ef736c] will not be managed by Spring
2025-01-08 20:06:01 [http-nio-8080-exec-10] DEBUG c.s.d.m.CommonMapper.selectLnbList - ==>  Preparing: SELECT CT_LNB_IDX AS ctLnbIdx, CT_LNB_ID AS ctLnbId, CT_LNB_NAME AS ctLnbName, CT_LNB_SUB_YN AS ctLnbSubYn, CT_LNB_URL AS ctLnbUrl, CT_LNB_USE_YN AS ctLnbUseYn FROM CT_LNB WHERE CT_LNB_USE_YN = 'Y' ORDER BY CT_LNB_IDX
2025-01-08 20:06:01 [http-nio-8080-exec-10] DEBUG c.s.d.m.CommonMapper.selectLnbList - ==> Parameters: 
2025-01-08 20:06:01 [http-nio-8080-exec-10] DEBUG c.s.d.m.CommonMapper.selectLnbList - <==      Total: 4
2025-01-08 20:06:01 [http-nio-8080-exec-10] DEBUG org.mybatis.spring.SqlSessionUtils - Closing non transactional SqlSession [org.apache.ibatis.session.defaults.DefaultSqlSession@4081a6b9]
2025-01-08 20:06:01 [http-nio-8080-exec-5] DEBUG org.mybatis.spring.SqlSessionUtils - Creating a new SqlSession
2025-01-08 20:06:01 [http-nio-8080-exec-5] DEBUG org.mybatis.spring.SqlSessionUtils - SqlSession [org.apache.ibatis.session.defaults.DefaultSqlSession@5f9579b] was not registered for synchronization because synchronization is not active
2025-01-08 20:06:01 [http-nio-8080-exec-5] DEBUG o.m.s.t.SpringManagedTransaction - JDBC Connection [HikariProxyConnection@1064494947 wrapping com.mysql.cj.jdbc.ConnectionImpl@28ef736c] will not be managed by Spring
2025-01-08 20:06:01 [http-nio-8080-exec-5] DEBUG c.s.d.m.C.selectLnbSubList - ==>  Preparing: SELECT CT_LNB_SUB_IDX AS ctLnbSubIdx, CT_LNB_ID AS ctLnbId, CT_LNB_SUB_ID AS ctLnbSubId, CT_LNB_SUB_NAME AS ctLnbSubName, CT_LNB_SUB_URL AS ctLnbSubUrl FROM CT_LNB_SUB WHERE CT_LNB_ID = ? ORDER BY CT_LNB_SUB_IDX
2025-01-08 20:06:01 [http-nio-8080-exec-5] DEBUG c.s.d.m.C.selectLnbSubList - ==> Parameters: CT_LNB_INFORMATION(String)
2025-01-08 20:06:01 [http-nio-8080-exec-5] DEBUG c.s.d.m.C.selectLnbSubList - <==      Total: 2
2025-01-08 20:06:01 [http-nio-8080-exec-5] DEBUG org.mybatis.spring.SqlSessionUtils - Closing non transactional SqlSession [org.apache.ibatis.session.defaults.DefaultSqlSession@5f9579b]
2025-01-08 20:06:01 [http-nio-8080-exec-6] DEBUG org.mybatis.spring.SqlSessionUtils - Creating a new SqlSession
2025-01-08 20:06:01 [http-nio-8080-exec-1] DEBUG org.mybatis.spring.SqlSessionUtils - Creating a new SqlSession
2025-01-08 20:06:01 [http-nio-8080-exec-6] DEBUG org.mybatis.spring.SqlSessionUtils - SqlSession [org.apache.ibatis.session.defaults.DefaultSqlSession@713e13c3] was not registered for synchronization because synchronization is not active
2025-01-08 20:06:01 [http-nio-8080-exec-1] DEBUG org.mybatis.spring.SqlSessionUtils - SqlSession [org.apache.ibatis.session.defaults.DefaultSqlSession@47e1119a] was not registered for synchronization because synchronization is not active
2025-01-08 20:06:01 [http-nio-8080-exec-6] DEBUG o.m.s.t.SpringManagedTransaction - JDBC Connection [HikariProxyConnection@1098300562 wrapping com.mysql.cj.jdbc.ConnectionImpl@28ef736c] will not be managed by Spring
2025-01-08 20:06:01 [http-nio-8080-exec-6] DEBUG c.s.d.m.C.selectLnbSubList - ==>  Preparing: SELECT CT_LNB_SUB_IDX AS ctLnbSubIdx, CT_LNB_ID AS ctLnbId, CT_LNB_SUB_ID AS ctLnbSubId, CT_LNB_SUB_NAME AS ctLnbSubName, CT_LNB_SUB_URL AS ctLnbSubUrl FROM CT_LNB_SUB WHERE CT_LNB_ID = ? ORDER BY CT_LNB_SUB_IDX
2025-01-08 20:06:01 [http-nio-8080-exec-6] DEBUG c.s.d.m.C.selectLnbSubList - ==> Parameters: CT_LNB_SERVICE(String)
2025-01-08 20:06:01 [http-nio-8080-exec-1] DEBUG o.m.s.t.SpringManagedTransaction - JDBC Connection [HikariProxyConnection@368158985 wrapping com.mysql.cj.jdbc.ConnectionImpl@257416ac] will not be managed by Spring
2025-01-08 20:06:01 [http-nio-8080-exec-1] DEBUG c.s.d.m.C.selectLnbSubList - ==>  Preparing: SELECT CT_LNB_SUB_IDX AS ctLnbSubIdx, CT_LNB_ID AS ctLnbId, CT_LNB_SUB_ID AS ctLnbSubId, CT_LNB_SUB_NAME AS ctLnbSubName, CT_LNB_SUB_URL AS ctLnbSubUrl FROM CT_LNB_SUB WHERE CT_LNB_ID = ? ORDER BY CT_LNB_SUB_IDX
2025-01-08 20:06:01 [http-nio-8080-exec-1] DEBUG c.s.d.m.C.selectLnbSubList - ==> Parameters: CT_LNB_CONTACT(String)
2025-01-08 20:06:01 [http-nio-8080-exec-3] DEBUG org.mybatis.spring.SqlSessionUtils - Creating a new SqlSession
2025-01-08 20:06:01 [http-nio-8080-exec-3] DEBUG org.mybatis.spring.SqlSessionUtils - SqlSession [org.apache.ibatis.session.defaults.DefaultSqlSession@2d319744] was not registered for synchronization because synchronization is not active
2025-01-08 20:06:01 [http-nio-8080-exec-1] DEBUG c.s.d.m.C.selectLnbSubList - <==      Total: 2
2025-01-08 20:06:01 [http-nio-8080-exec-6] DEBUG c.s.d.m.C.selectLnbSubList - <==      Total: 4
2025-01-08 20:06:01 [http-nio-8080-exec-1] DEBUG org.mybatis.spring.SqlSessionUtils - Closing non transactional SqlSession [org.apache.ibatis.session.defaults.DefaultSqlSession@47e1119a]
2025-01-08 20:06:01 [http-nio-8080-exec-6] DEBUG org.mybatis.spring.SqlSessionUtils - Closing non transactional SqlSession [org.apache.ibatis.session.defaults.DefaultSqlSession@713e13c3]
2025-01-08 20:06:01 [http-nio-8080-exec-3] DEBUG o.m.s.t.SpringManagedTransaction - JDBC Connection [HikariProxyConnection@1454668415 wrapping com.mysql.cj.jdbc.ConnectionImpl@19dbe0e6] will not be managed by Spring
2025-01-08 20:06:01 [http-nio-8080-exec-3] DEBUG c.s.d.m.C.selectLnbSubList - ==>  Preparing: SELECT CT_LNB_SUB_IDX AS ctLnbSubIdx, CT_LNB_ID AS ctLnbId, CT_LNB_SUB_ID AS ctLnbSubId, CT_LNB_SUB_NAME AS ctLnbSubName, CT_LNB_SUB_URL AS ctLnbSubUrl FROM CT_LNB_SUB WHERE CT_LNB_ID = ? ORDER BY CT_LNB_SUB_IDX
2025-01-08 20:06:01 [http-nio-8080-exec-3] DEBUG c.s.d.m.C.selectLnbSubList - ==> Parameters: CT_LNB_INFORMATION(String)
2025-01-08 20:06:01 [http-nio-8080-exec-3] DEBUG c.s.d.m.C.selectLnbSubList - <==      Total: 2
2025-01-08 20:06:01 [http-nio-8080-exec-3] DEBUG org.mybatis.spring.SqlSessionUtils - Closing non transactional SqlSession [org.apache.ibatis.session.defaults.DefaultSqlSession@2d319744]
2025-01-08 20:06:01 [http-nio-8080-exec-2] DEBUG org.mybatis.spring.SqlSessionUtils - Creating a new SqlSession
2025-01-08 20:06:01 [http-nio-8080-exec-4] DEBUG org.mybatis.spring.SqlSessionUtils - Creating a new SqlSession
2025-01-08 20:06:01 [http-nio-8080-exec-2] DEBUG org.mybatis.spring.SqlSessionUtils - SqlSession [org.apache.ibatis.session.defaults.DefaultSqlSession@7ff104fc] was not registered for synchronization because synchronization is not active
2025-01-08 20:06:01 [http-nio-8080-exec-4] DEBUG org.mybatis.spring.SqlSessionUtils - SqlSession [org.apache.ibatis.session.defaults.DefaultSqlSession@de50d50] was not registered for synchronization because synchronization is not active
2025-01-08 20:06:01 [http-nio-8080-exec-2] DEBUG o.m.s.t.SpringManagedTransaction - JDBC Connection [HikariProxyConnection@1465631605 wrapping com.mysql.cj.jdbc.ConnectionImpl@28ef736c] will not be managed by Spring
2025-01-08 20:06:01 [http-nio-8080-exec-2] DEBUG c.s.d.m.C.selectLnbSubList - ==>  Preparing: SELECT CT_LNB_SUB_IDX AS ctLnbSubIdx, CT_LNB_ID AS ctLnbId, CT_LNB_SUB_ID AS ctLnbSubId, CT_LNB_SUB_NAME AS ctLnbSubName, CT_LNB_SUB_URL AS ctLnbSubUrl FROM CT_LNB_SUB WHERE CT_LNB_ID = ? ORDER BY CT_LNB_SUB_IDX
2025-01-08 20:06:01 [http-nio-8080-exec-4] DEBUG o.m.s.t.SpringManagedTransaction - JDBC Connection [HikariProxyConnection@81656276 wrapping com.mysql.cj.jdbc.ConnectionImpl@257416ac] will not be managed by Spring
2025-01-08 20:06:01 [http-nio-8080-exec-4] DEBUG c.s.d.m.C.selectLnbSubList - ==>  Preparing: SELECT CT_LNB_SUB_IDX AS ctLnbSubIdx, CT_LNB_ID AS ctLnbId, CT_LNB_SUB_ID AS ctLnbSubId, CT_LNB_SUB_NAME AS ctLnbSubName, CT_LNB_SUB_URL AS ctLnbSubUrl FROM CT_LNB_SUB WHERE CT_LNB_ID = ? ORDER BY CT_LNB_SUB_IDX
2025-01-08 20:06:01 [http-nio-8080-exec-2] DEBUG c.s.d.m.C.selectLnbSubList - ==> Parameters: CT_LNB_CONTACT(String)
2025-01-08 20:06:01 [http-nio-8080-exec-4] DEBUG c.s.d.m.C.selectLnbSubList - ==> Parameters: CT_LNB_SERVICE(String)
2025-01-08 20:06:01 [http-nio-8080-exec-2] DEBUG c.s.d.m.C.selectLnbSubList - <==      Total: 2
2025-01-08 20:06:01 [http-nio-8080-exec-2] DEBUG org.mybatis.spring.SqlSessionUtils - Closing non transactional SqlSession [org.apache.ibatis.session.defaults.DefaultSqlSession@7ff104fc]
2025-01-08 20:06:01 [http-nio-8080-exec-4] DEBUG c.s.d.m.C.selectLnbSubList - <==      Total: 4
2025-01-08 20:06:01 [http-nio-8080-exec-4] DEBUG org.mybatis.spring.SqlSessionUtils - Closing non transactional SqlSession [org.apache.ibatis.session.defaults.DefaultSqlSession@de50d50]
2025-01-08 20:06:32 [RMI TCP Connection(9)-127.0.0.1] INFO  o.s.b.a.SpringApplicationAdminMXBeanRegistrar$SpringApplicationAdmin - Application shutdown requested.
2025-01-08 20:06:32 [RMI TCP Connection(9)-127.0.0.1] INFO  o.s.b.w.e.tomcat.GracefulShutdown - Commencing graceful shutdown. Waiting for active requests to complete
2025-01-08 20:06:32 [tomcat-shutdown] INFO  o.a.coyote.http11.Http11NioProtocol - Pausing ProtocolHandler ["http-nio-8080"]
2025-01-08 20:06:32 [tomcat-shutdown] INFO  o.s.b.w.e.tomcat.GracefulShutdown - Graceful shutdown complete
2025-01-08 20:06:32 [RMI TCP Connection(9)-127.0.0.1] INFO  o.a.coyote.http11.Http11NioProtocol - Stopping ProtocolHandler ["http-nio-8080"]
2025-01-08 20:06:32 [RMI TCP Connection(9)-127.0.0.1] INFO  com.zaxxer.hikari.HikariDataSource - HikariPool-1 - Shutdown initiated...
2025-01-08 20:06:32 [RMI TCP Connection(9)-127.0.0.1] INFO  com.zaxxer.hikari.HikariDataSource - HikariPool-1 - Shutdown completed.
2025-01-08 20:10:34 [restartedMain] INFO  c.s.devspring.DevspringApplication - Starting DevspringApplication using Java 17.0.12 with PID 2556 (D:\Spring\sts-4.4\workspace\devspring\bin\main started by aatjx in D:\Spring\sts-4.4\workspace\devspring)
2025-01-08 20:10:34 [restartedMain] INFO  c.s.devspring.DevspringApplication - No active profile set, falling back to 1 default profile: "default"
2025-01-08 20:10:34 [restartedMain] INFO  o.s.b.d.e.DevToolsPropertyDefaultsPostProcessor - Devtools property defaults active! Set 'spring.devtools.add-properties' to 'false' to disable
2025-01-08 20:10:34 [restartedMain] INFO  o.s.b.d.e.DevToolsPropertyDefaultsPostProcessor - For additional web related logging consider setting the 'logging.level.web' property to 'DEBUG'
2025-01-08 20:10:34 [restartedMain] DEBUG o.apache.ibatis.logging.LogFactory - Logging initialized using 'class org.apache.ibatis.logging.slf4j.Slf4jImpl' adapter.
2025-01-08 20:10:34 [restartedMain] DEBUG o.m.s.mapper.ClassPathMapperScanner - Identified candidate component class: file [D:\Spring\sts-4.4\workspace\devspring\bin\main\com\spring\devspring\mapper\BoardMapper.class]
2025-01-08 20:10:34 [restartedMain] DEBUG o.m.s.mapper.ClassPathMapperScanner - Identified candidate component class: file [D:\Spring\sts-4.4\workspace\devspring\bin\main\com\spring\devspring\mapper\CommonMapper.class]
2025-01-08 20:10:34 [restartedMain] DEBUG o.m.s.mapper.ClassPathMapperScanner - Creating MapperFactoryBean with name 'boardMapper' and 'com.spring.devspring.mapper.BoardMapper' mapperInterface
2025-01-08 20:10:34 [restartedMain] DEBUG o.m.s.mapper.ClassPathMapperScanner - Creating MapperFactoryBean with name 'commonMapper' and 'com.spring.devspring.mapper.CommonMapper' mapperInterface
2025-01-08 20:10:35 [restartedMain] INFO  o.s.b.w.e.tomcat.TomcatWebServer - Tomcat initialized with port 8080 (http)
2025-01-08 20:10:35 [restartedMain] INFO  o.a.coyote.http11.Http11NioProtocol - Initializing ProtocolHandler ["http-nio-8080"]
2025-01-08 20:10:35 [restartedMain] INFO  o.a.catalina.core.StandardService - Starting service [Tomcat]
2025-01-08 20:10:35 [restartedMain] INFO  o.a.catalina.core.StandardEngine - Starting Servlet engine: [Apache Tomcat/10.1.34]
2025-01-08 20:10:35 [restartedMain] INFO  o.a.c.c.C.[Tomcat].[localhost].[/] - Initializing Spring embedded WebApplicationContext
2025-01-08 20:10:35 [restartedMain] INFO  o.s.b.w.s.c.ServletWebServerApplicationContext - Root WebApplicationContext: initialization completed in 663 ms
2025-01-08 20:10:35 [restartedMain] DEBUG o.m.spring.SqlSessionFactoryBean - Property 'configuration' or 'configLocation' not specified, using default MyBatis Configuration
2025-01-08 20:10:35 [restartedMain] DEBUG o.m.spring.SqlSessionFactoryBean - Parsed mapper file: 'file [D:\Spring\sts-4.4\workspace\devspring\bin\main\static\mapper\BoardMapper.xml]'
2025-01-08 20:10:35 [restartedMain] DEBUG o.m.spring.SqlSessionFactoryBean - Parsed mapper file: 'file [D:\Spring\sts-4.4\workspace\devspring\bin\main\static\mapper\CommonMapper.xml]'
2025-01-08 20:10:35 [restartedMain] INFO  o.s.b.d.a.OptionalLiveReloadServer - LiveReload server is running on port 35729
2025-01-08 20:10:35 [restartedMain] INFO  o.a.coyote.http11.Http11NioProtocol - Starting ProtocolHandler ["http-nio-8080"]
2025-01-08 20:10:35 [restartedMain] INFO  o.s.b.w.e.tomcat.TomcatWebServer - Tomcat started on port 8080 (http) with context path '/'
2025-01-08 20:10:35 [restartedMain] INFO  c.s.devspring.DevspringApplication - Started DevspringApplication in 1.475 seconds (process running for 1.867)
2025-01-08 20:10:36 [http-nio-8080-exec-1] INFO  o.a.c.c.C.[Tomcat].[localhost].[/] - Initializing Spring DispatcherServlet 'dispatcherServlet'
2025-01-08 20:10:36 [http-nio-8080-exec-1] INFO  o.s.web.servlet.DispatcherServlet - Initializing Servlet 'dispatcherServlet'
2025-01-08 20:10:36 [http-nio-8080-exec-1] INFO  o.s.web.servlet.DispatcherServlet - Completed initialization in 1 ms
2025-01-08 20:10:37 [http-nio-8080-exec-1] WARN  o.t.s.p.AbstractStandardFragmentInsertionTagProcessor - [THYMELEAF][http-nio-8080-exec-1][common/layout/layout] Deprecated unwrapped fragment expression "common/fragments/header::header" found in template common/layout/layout, line 31, col 10. Please use the complete syntax of fragment expressions instead ("~{common/fragments/header::header}"). The old, unwrapped syntax for fragment expressions will be removed in future versions of Thymeleaf.
2025-01-08 20:10:37 [http-nio-8080-exec-1] WARN  o.t.s.p.AbstractStandardFragmentInsertionTagProcessor - [THYMELEAF][http-nio-8080-exec-1][common/layout/layout] Deprecated unwrapped fragment expression "common/fragments/footer::footer" found in template common/layout/layout, line 35, col 10. Please use the complete syntax of fragment expressions instead ("~{common/fragments/footer::footer}"). The old, unwrapped syntax for fragment expressions will be removed in future versions of Thymeleaf.
2025-01-08 20:10:37 [http-nio-8080-exec-1] DEBUG org.mybatis.spring.SqlSessionUtils - Creating a new SqlSession
2025-01-08 20:10:37 [http-nio-8080-exec-1] DEBUG org.mybatis.spring.SqlSessionUtils - SqlSession [org.apache.ibatis.session.defaults.DefaultSqlSession@a0151c4] was not registered for synchronization because synchronization is not active
2025-01-08 20:10:37 [http-nio-8080-exec-1] INFO  com.zaxxer.hikari.HikariDataSource - HikariPool-1 - Starting...
2025-01-08 20:10:37 [http-nio-8080-exec-1] INFO  com.zaxxer.hikari.pool.HikariPool - HikariPool-1 - Added connection com.mysql.cj.jdbc.ConnectionImpl@1cae75df
2025-01-08 20:10:37 [http-nio-8080-exec-1] INFO  com.zaxxer.hikari.HikariDataSource - HikariPool-1 - Start completed.
2025-01-08 20:10:37 [http-nio-8080-exec-1] DEBUG o.m.s.t.SpringManagedTransaction - JDBC Connection [HikariProxyConnection@1169574596 wrapping com.mysql.cj.jdbc.ConnectionImpl@1cae75df] will not be managed by Spring
2025-01-08 20:10:37 [http-nio-8080-exec-1] DEBUG c.s.d.m.CommonMapper.selectLnbList - ==>  Preparing: SELECT CT_LNB_IDX AS ctLnbIdx, CT_LNB_ID AS ctLnbId, CT_LNB_NAME AS ctLnbName, CT_LNB_SUB_YN AS ctLnbSubYn, CT_LNB_URL AS ctLnbUrl, CT_LNB_USE_YN AS ctLnbUseYn FROM CT_LNB WHERE CT_LNB_USE_YN = 'Y' ORDER BY CT_LNB_IDX
2025-01-08 20:10:37 [http-nio-8080-exec-1] DEBUG c.s.d.m.CommonMapper.selectLnbList - ==> Parameters: 
2025-01-08 20:10:37 [http-nio-8080-exec-1] DEBUG c.s.d.m.CommonMapper.selectLnbList - <==      Total: 4
2025-01-08 20:10:37 [http-nio-8080-exec-1] DEBUG org.mybatis.spring.SqlSessionUtils - Closing non transactional SqlSession [org.apache.ibatis.session.defaults.DefaultSqlSession@a0151c4]
2025-01-08 20:10:37 [http-nio-8080-exec-7] DEBUG org.mybatis.spring.SqlSessionUtils - Creating a new SqlSession
2025-01-08 20:10:37 [http-nio-8080-exec-7] DEBUG org.mybatis.spring.SqlSessionUtils - SqlSession [org.apache.ibatis.session.defaults.DefaultSqlSession@164761b7] was not registered for synchronization because synchronization is not active
2025-01-08 20:10:37 [http-nio-8080-exec-7] DEBUG o.m.s.t.SpringManagedTransaction - JDBC Connection [HikariProxyConnection@66051969 wrapping com.mysql.cj.jdbc.ConnectionImpl@1cae75df] will not be managed by Spring
2025-01-08 20:10:37 [http-nio-8080-exec-7] DEBUG c.s.d.m.CommonMapper.selectLnbList - ==>  Preparing: SELECT CT_LNB_IDX AS ctLnbIdx, CT_LNB_ID AS ctLnbId, CT_LNB_NAME AS ctLnbName, CT_LNB_SUB_YN AS ctLnbSubYn, CT_LNB_URL AS ctLnbUrl, CT_LNB_USE_YN AS ctLnbUseYn FROM CT_LNB WHERE CT_LNB_USE_YN = 'Y' ORDER BY CT_LNB_IDX
2025-01-08 20:10:37 [http-nio-8080-exec-7] DEBUG c.s.d.m.CommonMapper.selectLnbList - ==> Parameters: 
2025-01-08 20:10:37 [http-nio-8080-exec-7] DEBUG c.s.d.m.CommonMapper.selectLnbList - <==      Total: 4
2025-01-08 20:10:37 [http-nio-8080-exec-7] DEBUG org.mybatis.spring.SqlSessionUtils - Closing non transactional SqlSession [org.apache.ibatis.session.defaults.DefaultSqlSession@164761b7]
2025-01-08 20:10:37 [http-nio-8080-exec-3] DEBUG org.mybatis.spring.SqlSessionUtils - Creating a new SqlSession
2025-01-08 20:10:37 [http-nio-8080-exec-6] DEBUG org.mybatis.spring.SqlSessionUtils - Creating a new SqlSession
2025-01-08 20:10:37 [http-nio-8080-exec-4] DEBUG org.mybatis.spring.SqlSessionUtils - Creating a new SqlSession
2025-01-08 20:10:37 [http-nio-8080-exec-3] DEBUG org.mybatis.spring.SqlSessionUtils - SqlSession [org.apache.ibatis.session.defaults.DefaultSqlSession@8edd0fb] was not registered for synchronization because synchronization is not active
2025-01-08 20:10:37 [http-nio-8080-exec-6] DEBUG org.mybatis.spring.SqlSessionUtils - SqlSession [org.apache.ibatis.session.defaults.DefaultSqlSession@68e55b5a] was not registered for synchronization because synchronization is not active
2025-01-08 20:10:37 [http-nio-8080-exec-4] DEBUG org.mybatis.spring.SqlSessionUtils - SqlSession [org.apache.ibatis.session.defaults.DefaultSqlSession@71723483] was not registered for synchronization because synchronization is not active
2025-01-08 20:10:37 [http-nio-8080-exec-3] DEBUG o.m.s.t.SpringManagedTransaction - JDBC Connection [HikariProxyConnection@1935430569 wrapping com.mysql.cj.jdbc.ConnectionImpl@1cae75df] will not be managed by Spring
2025-01-08 20:10:37 [http-nio-8080-exec-3] DEBUG c.s.d.m.C.selectLnbSubList - ==>  Preparing: SELECT CT_LNB_SUB_IDX AS ctLnbSubIdx, CT_LNB_ID AS ctLnbId, CT_LNB_SUB_ID AS ctLnbSubId, CT_LNB_SUB_NAME AS ctLnbSubName, CT_LNB_SUB_URL AS ctLnbSubUrl FROM CT_LNB_SUB WHERE CT_LNB_ID = ? ORDER BY CT_LNB_SUB_IDX
2025-01-08 20:10:37 [http-nio-8080-exec-3] DEBUG c.s.d.m.C.selectLnbSubList - ==> Parameters: CT_LNB_CONTACT(String)
2025-01-08 20:10:37 [http-nio-8080-exec-3] DEBUG c.s.d.m.C.selectLnbSubList - <==      Total: 2
2025-01-08 20:10:37 [http-nio-8080-exec-3] DEBUG org.mybatis.spring.SqlSessionUtils - Closing non transactional SqlSession [org.apache.ibatis.session.defaults.DefaultSqlSession@8edd0fb]
2025-01-08 20:10:37 [http-nio-8080-exec-4] DEBUG o.m.s.t.SpringManagedTransaction - JDBC Connection [HikariProxyConnection@138093517 wrapping com.mysql.cj.jdbc.ConnectionImpl@1cae75df] will not be managed by Spring
2025-01-08 20:10:37 [http-nio-8080-exec-4] DEBUG c.s.d.m.C.selectLnbSubList - ==>  Preparing: SELECT CT_LNB_SUB_IDX AS ctLnbSubIdx, CT_LNB_ID AS ctLnbId, CT_LNB_SUB_ID AS ctLnbSubId, CT_LNB_SUB_NAME AS ctLnbSubName, CT_LNB_SUB_URL AS ctLnbSubUrl FROM CT_LNB_SUB WHERE CT_LNB_ID = ? ORDER BY CT_LNB_SUB_IDX
2025-01-08 20:10:37 [http-nio-8080-exec-4] DEBUG c.s.d.m.C.selectLnbSubList - ==> Parameters: CT_LNB_SERVICE(String)
2025-01-08 20:10:37 [http-nio-8080-exec-4] DEBUG c.s.d.m.C.selectLnbSubList - <==      Total: 4
2025-01-08 20:10:37 [http-nio-8080-exec-4] DEBUG org.mybatis.spring.SqlSessionUtils - Closing non transactional SqlSession [org.apache.ibatis.session.defaults.DefaultSqlSession@71723483]
2025-01-08 20:10:37 [http-nio-8080-exec-6] DEBUG o.m.s.t.SpringManagedTransaction - JDBC Connection [HikariProxyConnection@1400056220 wrapping com.mysql.cj.jdbc.ConnectionImpl@1cae75df] will not be managed by Spring
2025-01-08 20:10:37 [http-nio-8080-exec-6] DEBUG c.s.d.m.C.selectLnbSubList - ==>  Preparing: SELECT CT_LNB_SUB_IDX AS ctLnbSubIdx, CT_LNB_ID AS ctLnbId, CT_LNB_SUB_ID AS ctLnbSubId, CT_LNB_SUB_NAME AS ctLnbSubName, CT_LNB_SUB_URL AS ctLnbSubUrl FROM CT_LNB_SUB WHERE CT_LNB_ID = ? ORDER BY CT_LNB_SUB_IDX
2025-01-08 20:10:37 [http-nio-8080-exec-6] DEBUG c.s.d.m.C.selectLnbSubList - ==> Parameters: CT_LNB_INFORMATION(String)
2025-01-08 20:10:37 [http-nio-8080-exec-2] DEBUG org.mybatis.spring.SqlSessionUtils - Creating a new SqlSession
2025-01-08 20:10:37 [http-nio-8080-exec-2] DEBUG org.mybatis.spring.SqlSessionUtils - SqlSession [org.apache.ibatis.session.defaults.DefaultSqlSession@6096f333] was not registered for synchronization because synchronization is not active
2025-01-08 20:10:37 [http-nio-8080-exec-6] DEBUG c.s.d.m.C.selectLnbSubList - <==      Total: 2
2025-01-08 20:10:37 [http-nio-8080-exec-6] DEBUG org.mybatis.spring.SqlSessionUtils - Closing non transactional SqlSession [org.apache.ibatis.session.defaults.DefaultSqlSession@68e55b5a]
2025-01-08 20:10:37 [http-nio-8080-exec-2] DEBUG o.m.s.t.SpringManagedTransaction - JDBC Connection [HikariProxyConnection@281987549 wrapping com.mysql.cj.jdbc.ConnectionImpl@1cae75df] will not be managed by Spring
2025-01-08 20:10:37 [http-nio-8080-exec-5] DEBUG org.mybatis.spring.SqlSessionUtils - Creating a new SqlSession
2025-01-08 20:10:37 [http-nio-8080-exec-2] DEBUG c.s.d.m.C.selectLnbSubList - ==>  Preparing: SELECT CT_LNB_SUB_IDX AS ctLnbSubIdx, CT_LNB_ID AS ctLnbId, CT_LNB_SUB_ID AS ctLnbSubId, CT_LNB_SUB_NAME AS ctLnbSubName, CT_LNB_SUB_URL AS ctLnbSubUrl FROM CT_LNB_SUB WHERE CT_LNB_ID = ? ORDER BY CT_LNB_SUB_IDX
2025-01-08 20:10:37 [http-nio-8080-exec-5] DEBUG org.mybatis.spring.SqlSessionUtils - SqlSession [org.apache.ibatis.session.defaults.DefaultSqlSession@5c35ce0] was not registered for synchronization because synchronization is not active
2025-01-08 20:10:37 [http-nio-8080-exec-2] DEBUG c.s.d.m.C.selectLnbSubList - ==> Parameters: CT_LNB_CONTACT(String)
2025-01-08 20:10:37 [http-nio-8080-exec-2] DEBUG c.s.d.m.C.selectLnbSubList - <==      Total: 2
2025-01-08 20:10:37 [http-nio-8080-exec-2] DEBUG org.mybatis.spring.SqlSessionUtils - Closing non transactional SqlSession [org.apache.ibatis.session.defaults.DefaultSqlSession@6096f333]
2025-01-08 20:10:37 [http-nio-8080-exec-5] DEBUG o.m.s.t.SpringManagedTransaction - JDBC Connection [HikariProxyConnection@1832235570 wrapping com.mysql.cj.jdbc.ConnectionImpl@1cae75df] will not be managed by Spring
2025-01-08 20:10:37 [http-nio-8080-exec-5] DEBUG c.s.d.m.C.selectLnbSubList - ==>  Preparing: SELECT CT_LNB_SUB_IDX AS ctLnbSubIdx, CT_LNB_ID AS ctLnbId, CT_LNB_SUB_ID AS ctLnbSubId, CT_LNB_SUB_NAME AS ctLnbSubName, CT_LNB_SUB_URL AS ctLnbSubUrl FROM CT_LNB_SUB WHERE CT_LNB_ID = ? ORDER BY CT_LNB_SUB_IDX
2025-01-08 20:10:37 [http-nio-8080-exec-9] DEBUG org.mybatis.spring.SqlSessionUtils - Creating a new SqlSession
2025-01-08 20:10:37 [http-nio-8080-exec-9] DEBUG org.mybatis.spring.SqlSessionUtils - SqlSession [org.apache.ibatis.session.defaults.DefaultSqlSession@2150a339] was not registered for synchronization because synchronization is not active
2025-01-08 20:10:37 [http-nio-8080-exec-5] DEBUG c.s.d.m.C.selectLnbSubList - ==> Parameters: CT_LNB_SERVICE(String)
2025-01-08 20:10:37 [http-nio-8080-exec-5] DEBUG c.s.d.m.C.selectLnbSubList - <==      Total: 4
2025-01-08 20:10:37 [http-nio-8080-exec-5] DEBUG org.mybatis.spring.SqlSessionUtils - Closing non transactional SqlSession [org.apache.ibatis.session.defaults.DefaultSqlSession@5c35ce0]
2025-01-08 20:10:37 [http-nio-8080-exec-9] DEBUG o.m.s.t.SpringManagedTransaction - JDBC Connection [HikariProxyConnection@628044747 wrapping com.mysql.cj.jdbc.ConnectionImpl@1cae75df] will not be managed by Spring
2025-01-08 20:10:37 [http-nio-8080-exec-9] DEBUG c.s.d.m.C.selectLnbSubList - ==>  Preparing: SELECT CT_LNB_SUB_IDX AS ctLnbSubIdx, CT_LNB_ID AS ctLnbId, CT_LNB_SUB_ID AS ctLnbSubId, CT_LNB_SUB_NAME AS ctLnbSubName, CT_LNB_SUB_URL AS ctLnbSubUrl FROM CT_LNB_SUB WHERE CT_LNB_ID = ? ORDER BY CT_LNB_SUB_IDX
2025-01-08 20:10:37 [http-nio-8080-exec-9] DEBUG c.s.d.m.C.selectLnbSubList - ==> Parameters: CT_LNB_INFORMATION(String)
2025-01-08 20:10:37 [http-nio-8080-exec-9] DEBUG c.s.d.m.C.selectLnbSubList - <==      Total: 2
2025-01-08 20:10:37 [http-nio-8080-exec-9] DEBUG org.mybatis.spring.SqlSessionUtils - Closing non transactional SqlSession [org.apache.ibatis.session.defaults.DefaultSqlSession@2150a339]
2025-01-08 20:10:39 [http-nio-8080-exec-10] WARN  o.t.s.p.AbstractStandardFragmentInsertionTagProcessor - [THYMELEAF][http-nio-8080-exec-10][common/layout/layout] Deprecated unwrapped fragment expression "common/fragments/header::header" found in template common/layout/layout, line 31, col 10. Please use the complete syntax of fragment expressions instead ("~{common/fragments/header::header}"). The old, unwrapped syntax for fragment expressions will be removed in future versions of Thymeleaf.
2025-01-08 20:10:39 [http-nio-8080-exec-10] WARN  o.t.s.p.AbstractStandardFragmentInsertionTagProcessor - [THYMELEAF][http-nio-8080-exec-10][common/layout/layout] Deprecated unwrapped fragment expression "common/fragments/footer::footer" found in template common/layout/layout, line 35, col 10. Please use the complete syntax of fragment expressions instead ("~{common/fragments/footer::footer}"). The old, unwrapped syntax for fragment expressions will be removed in future versions of Thymeleaf.
2025-01-08 20:10:39 [http-nio-8080-exec-10] DEBUG org.mybatis.spring.SqlSessionUtils - Creating a new SqlSession
2025-01-08 20:10:39 [http-nio-8080-exec-10] DEBUG org.mybatis.spring.SqlSessionUtils - SqlSession [org.apache.ibatis.session.defaults.DefaultSqlSession@2dd91525] was not registered for synchronization because synchronization is not active
2025-01-08 20:10:39 [http-nio-8080-exec-10] DEBUG o.m.s.t.SpringManagedTransaction - JDBC Connection [HikariProxyConnection@19409634 wrapping com.mysql.cj.jdbc.ConnectionImpl@1cae75df] will not be managed by Spring
2025-01-08 20:10:39 [http-nio-8080-exec-10] DEBUG c.s.d.m.CommonMapper.selectLnbList - ==>  Preparing: SELECT CT_LNB_IDX AS ctLnbIdx, CT_LNB_ID AS ctLnbId, CT_LNB_NAME AS ctLnbName, CT_LNB_SUB_YN AS ctLnbSubYn, CT_LNB_URL AS ctLnbUrl, CT_LNB_USE_YN AS ctLnbUseYn FROM CT_LNB WHERE CT_LNB_USE_YN = 'Y' ORDER BY CT_LNB_IDX
2025-01-08 20:10:39 [http-nio-8080-exec-10] DEBUG c.s.d.m.CommonMapper.selectLnbList - ==> Parameters: 
2025-01-08 20:10:39 [http-nio-8080-exec-10] DEBUG c.s.d.m.CommonMapper.selectLnbList - <==      Total: 4
2025-01-08 20:10:39 [http-nio-8080-exec-10] DEBUG org.mybatis.spring.SqlSessionUtils - Closing non transactional SqlSession [org.apache.ibatis.session.defaults.DefaultSqlSession@2dd91525]
2025-01-08 20:10:39 [http-nio-8080-exec-8] DEBUG org.mybatis.spring.SqlSessionUtils - Creating a new SqlSession
2025-01-08 20:10:39 [http-nio-8080-exec-8] DEBUG org.mybatis.spring.SqlSessionUtils - SqlSession [org.apache.ibatis.session.defaults.DefaultSqlSession@1a173b2c] was not registered for synchronization because synchronization is not active
2025-01-08 20:10:39 [http-nio-8080-exec-8] DEBUG o.m.s.t.SpringManagedTransaction - JDBC Connection [HikariProxyConnection@1595258378 wrapping com.mysql.cj.jdbc.ConnectionImpl@1cae75df] will not be managed by Spring
2025-01-08 20:10:39 [http-nio-8080-exec-8] DEBUG c.s.d.m.CommonMapper.selectLnbList - ==>  Preparing: SELECT CT_LNB_IDX AS ctLnbIdx, CT_LNB_ID AS ctLnbId, CT_LNB_NAME AS ctLnbName, CT_LNB_SUB_YN AS ctLnbSubYn, CT_LNB_URL AS ctLnbUrl, CT_LNB_USE_YN AS ctLnbUseYn FROM CT_LNB WHERE CT_LNB_USE_YN = 'Y' ORDER BY CT_LNB_IDX
2025-01-08 20:10:39 [http-nio-8080-exec-8] DEBUG c.s.d.m.CommonMapper.selectLnbList - ==> Parameters: 
2025-01-08 20:10:39 [http-nio-8080-exec-8] DEBUG c.s.d.m.CommonMapper.selectLnbList - <==      Total: 4
2025-01-08 20:10:39 [http-nio-8080-exec-8] DEBUG org.mybatis.spring.SqlSessionUtils - Closing non transactional SqlSession [org.apache.ibatis.session.defaults.DefaultSqlSession@1a173b2c]
2025-01-08 20:10:39 [http-nio-8080-exec-1] DEBUG org.mybatis.spring.SqlSessionUtils - Creating a new SqlSession
2025-01-08 20:10:39 [http-nio-8080-exec-4] DEBUG org.mybatis.spring.SqlSessionUtils - Creating a new SqlSession
2025-01-08 20:10:39 [http-nio-8080-exec-7] DEBUG org.mybatis.spring.SqlSessionUtils - Creating a new SqlSession
2025-01-08 20:10:39 [http-nio-8080-exec-1] DEBUG org.mybatis.spring.SqlSessionUtils - SqlSession [org.apache.ibatis.session.defaults.DefaultSqlSession@1099ebbf] was not registered for synchronization because synchronization is not active
2025-01-08 20:10:39 [http-nio-8080-exec-4] DEBUG org.mybatis.spring.SqlSessionUtils - SqlSession [org.apache.ibatis.session.defaults.DefaultSqlSession@2b15737c] was not registered for synchronization because synchronization is not active
2025-01-08 20:10:39 [http-nio-8080-exec-7] DEBUG org.mybatis.spring.SqlSessionUtils - SqlSession [org.apache.ibatis.session.defaults.DefaultSqlSession@7e09639c] was not registered for synchronization because synchronization is not active
2025-01-08 20:10:39 [http-nio-8080-exec-4] DEBUG o.m.s.t.SpringManagedTransaction - JDBC Connection [HikariProxyConnection@1690591317 wrapping com.mysql.cj.jdbc.ConnectionImpl@1cae75df] will not be managed by Spring
2025-01-08 20:10:39 [http-nio-8080-exec-4] DEBUG c.s.d.m.C.selectLnbSubList - ==>  Preparing: SELECT CT_LNB_SUB_IDX AS ctLnbSubIdx, CT_LNB_ID AS ctLnbId, CT_LNB_SUB_ID AS ctLnbSubId, CT_LNB_SUB_NAME AS ctLnbSubName, CT_LNB_SUB_URL AS ctLnbSubUrl FROM CT_LNB_SUB WHERE CT_LNB_ID = ? ORDER BY CT_LNB_SUB_IDX
2025-01-08 20:10:39 [http-nio-8080-exec-4] DEBUG c.s.d.m.C.selectLnbSubList - ==> Parameters: CT_LNB_CONTACT(String)
2025-01-08 20:10:39 [http-nio-8080-exec-1] DEBUG o.m.s.t.SpringManagedTransaction - JDBC Connection [HikariProxyConnection@1985180956 wrapping com.mysql.cj.jdbc.ConnectionImpl@5b3f6a2e] will not be managed by Spring
2025-01-08 20:10:39 [http-nio-8080-exec-7] DEBUG o.m.s.t.SpringManagedTransaction - JDBC Connection [HikariProxyConnection@65517579 wrapping com.mysql.cj.jdbc.ConnectionImpl@3af2f362] will not be managed by Spring
2025-01-08 20:10:39 [http-nio-8080-exec-1] DEBUG c.s.d.m.C.selectLnbSubList - ==>  Preparing: SELECT CT_LNB_SUB_IDX AS ctLnbSubIdx, CT_LNB_ID AS ctLnbId, CT_LNB_SUB_ID AS ctLnbSubId, CT_LNB_SUB_NAME AS ctLnbSubName, CT_LNB_SUB_URL AS ctLnbSubUrl FROM CT_LNB_SUB WHERE CT_LNB_ID = ? ORDER BY CT_LNB_SUB_IDX
2025-01-08 20:10:39 [http-nio-8080-exec-7] DEBUG c.s.d.m.C.selectLnbSubList - ==>  Preparing: SELECT CT_LNB_SUB_IDX AS ctLnbSubIdx, CT_LNB_ID AS ctLnbId, CT_LNB_SUB_ID AS ctLnbSubId, CT_LNB_SUB_NAME AS ctLnbSubName, CT_LNB_SUB_URL AS ctLnbSubUrl FROM CT_LNB_SUB WHERE CT_LNB_ID = ? ORDER BY CT_LNB_SUB_IDX
2025-01-08 20:10:39 [http-nio-8080-exec-1] DEBUG c.s.d.m.C.selectLnbSubList - ==> Parameters: CT_LNB_INFORMATION(String)
2025-01-08 20:10:39 [http-nio-8080-exec-7] DEBUG c.s.d.m.C.selectLnbSubList - ==> Parameters: CT_LNB_SERVICE(String)
2025-01-08 20:10:39 [http-nio-8080-exec-4] DEBUG c.s.d.m.C.selectLnbSubList - <==      Total: 2
2025-01-08 20:10:39 [http-nio-8080-exec-1] DEBUG c.s.d.m.C.selectLnbSubList - <==      Total: 2
2025-01-08 20:10:39 [http-nio-8080-exec-7] DEBUG c.s.d.m.C.selectLnbSubList - <==      Total: 4
2025-01-08 20:10:39 [http-nio-8080-exec-4] DEBUG org.mybatis.spring.SqlSessionUtils - Closing non transactional SqlSession [org.apache.ibatis.session.defaults.DefaultSqlSession@2b15737c]
2025-01-08 20:10:39 [http-nio-8080-exec-7] DEBUG org.mybatis.spring.SqlSessionUtils - Closing non transactional SqlSession [org.apache.ibatis.session.defaults.DefaultSqlSession@7e09639c]
2025-01-08 20:10:39 [http-nio-8080-exec-1] DEBUG org.mybatis.spring.SqlSessionUtils - Closing non transactional SqlSession [org.apache.ibatis.session.defaults.DefaultSqlSession@1099ebbf]
2025-01-08 20:10:39 [http-nio-8080-exec-3] DEBUG org.mybatis.spring.SqlSessionUtils - Creating a new SqlSession
2025-01-08 20:10:39 [http-nio-8080-exec-3] DEBUG org.mybatis.spring.SqlSessionUtils - SqlSession [org.apache.ibatis.session.defaults.DefaultSqlSession@1e2081cb] was not registered for synchronization because synchronization is not active
2025-01-08 20:10:39 [http-nio-8080-exec-5] DEBUG org.mybatis.spring.SqlSessionUtils - Creating a new SqlSession
2025-01-08 20:10:39 [http-nio-8080-exec-6] DEBUG org.mybatis.spring.SqlSessionUtils - Creating a new SqlSession
2025-01-08 20:10:39 [http-nio-8080-exec-5] DEBUG org.mybatis.spring.SqlSessionUtils - SqlSession [org.apache.ibatis.session.defaults.DefaultSqlSession@23b72a43] was not registered for synchronization because synchronization is not active
2025-01-08 20:10:39 [http-nio-8080-exec-3] DEBUG o.m.s.t.SpringManagedTransaction - JDBC Connection [HikariProxyConnection@1722615956 wrapping com.mysql.cj.jdbc.ConnectionImpl@1cae75df] will not be managed by Spring
2025-01-08 20:10:39 [http-nio-8080-exec-6] DEBUG org.mybatis.spring.SqlSessionUtils - SqlSession [org.apache.ibatis.session.defaults.DefaultSqlSession@142cb338] was not registered for synchronization because synchronization is not active
2025-01-08 20:10:39 [http-nio-8080-exec-3] DEBUG c.s.d.m.C.selectLnbSubList - ==>  Preparing: SELECT CT_LNB_SUB_IDX AS ctLnbSubIdx, CT_LNB_ID AS ctLnbId, CT_LNB_SUB_ID AS ctLnbSubId, CT_LNB_SUB_NAME AS ctLnbSubName, CT_LNB_SUB_URL AS ctLnbSubUrl FROM CT_LNB_SUB WHERE CT_LNB_ID = ? ORDER BY CT_LNB_SUB_IDX
2025-01-08 20:10:39 [http-nio-8080-exec-5] DEBUG o.m.s.t.SpringManagedTransaction - JDBC Connection [HikariProxyConnection@1674815525 wrapping com.mysql.cj.jdbc.ConnectionImpl@5b3f6a2e] will not be managed by Spring
2025-01-08 20:10:39 [http-nio-8080-exec-3] DEBUG c.s.d.m.C.selectLnbSubList - ==> Parameters: CT_LNB_INFORMATION(String)
2025-01-08 20:10:39 [http-nio-8080-exec-5] DEBUG c.s.d.m.C.selectLnbSubList - ==>  Preparing: SELECT CT_LNB_SUB_IDX AS ctLnbSubIdx, CT_LNB_ID AS ctLnbId, CT_LNB_SUB_ID AS ctLnbSubId, CT_LNB_SUB_NAME AS ctLnbSubName, CT_LNB_SUB_URL AS ctLnbSubUrl FROM CT_LNB_SUB WHERE CT_LNB_ID = ? ORDER BY CT_LNB_SUB_IDX
2025-01-08 20:10:39 [http-nio-8080-exec-6] DEBUG o.m.s.t.SpringManagedTransaction - JDBC Connection [HikariProxyConnection@1515193081 wrapping com.mysql.cj.jdbc.ConnectionImpl@3af2f362] will not be managed by Spring
2025-01-08 20:10:39 [http-nio-8080-exec-6] DEBUG c.s.d.m.C.selectLnbSubList - ==>  Preparing: SELECT CT_LNB_SUB_IDX AS ctLnbSubIdx, CT_LNB_ID AS ctLnbId, CT_LNB_SUB_ID AS ctLnbSubId, CT_LNB_SUB_NAME AS ctLnbSubName, CT_LNB_SUB_URL AS ctLnbSubUrl FROM CT_LNB_SUB WHERE CT_LNB_ID = ? ORDER BY CT_LNB_SUB_IDX
2025-01-08 20:10:39 [http-nio-8080-exec-5] DEBUG c.s.d.m.C.selectLnbSubList - ==> Parameters: CT_LNB_CONTACT(String)
2025-01-08 20:10:39 [http-nio-8080-exec-6] DEBUG c.s.d.m.C.selectLnbSubList - ==> Parameters: CT_LNB_SERVICE(String)
2025-01-08 20:10:39 [http-nio-8080-exec-5] DEBUG c.s.d.m.C.selectLnbSubList - <==      Total: 2
2025-01-08 20:10:39 [http-nio-8080-exec-3] DEBUG c.s.d.m.C.selectLnbSubList - <==      Total: 2
2025-01-08 20:10:39 [http-nio-8080-exec-5] DEBUG org.mybatis.spring.SqlSessionUtils - Closing non transactional SqlSession [org.apache.ibatis.session.defaults.DefaultSqlSession@23b72a43]
2025-01-08 20:10:39 [http-nio-8080-exec-3] DEBUG org.mybatis.spring.SqlSessionUtils - Closing non transactional SqlSession [org.apache.ibatis.session.defaults.DefaultSqlSession@1e2081cb]
2025-01-08 20:10:39 [http-nio-8080-exec-6] DEBUG c.s.d.m.C.selectLnbSubList - <==      Total: 4
2025-01-08 20:10:39 [http-nio-8080-exec-6] DEBUG org.mybatis.spring.SqlSessionUtils - Closing non transactional SqlSession [org.apache.ibatis.session.defaults.DefaultSqlSession@142cb338]
2025-01-08 20:10:40 [http-nio-8080-exec-9] WARN  o.t.s.p.AbstractStandardFragmentInsertionTagProcessor - [THYMELEAF][http-nio-8080-exec-9][common/layout/layout] Deprecated unwrapped fragment expression "common/fragments/header::header" found in template common/layout/layout, line 31, col 10. Please use the complete syntax of fragment expressions instead ("~{common/fragments/header::header}"). The old, unwrapped syntax for fragment expressions will be removed in future versions of Thymeleaf.
2025-01-08 20:10:40 [http-nio-8080-exec-9] WARN  o.t.s.p.AbstractStandardFragmentInsertionTagProcessor - [THYMELEAF][http-nio-8080-exec-9][common/layout/layout] Deprecated unwrapped fragment expression "common/fragments/footer::footer" found in template common/layout/layout, line 35, col 10. Please use the complete syntax of fragment expressions instead ("~{common/fragments/footer::footer}"). The old, unwrapped syntax for fragment expressions will be removed in future versions of Thymeleaf.
2025-01-08 20:10:40 [http-nio-8080-exec-9] DEBUG org.mybatis.spring.SqlSessionUtils - Creating a new SqlSession
2025-01-08 20:10:40 [http-nio-8080-exec-9] DEBUG org.mybatis.spring.SqlSessionUtils - SqlSession [org.apache.ibatis.session.defaults.DefaultSqlSession@1c0f352f] was not registered for synchronization because synchronization is not active
2025-01-08 20:10:40 [http-nio-8080-exec-9] DEBUG o.m.s.t.SpringManagedTransaction - JDBC Connection [HikariProxyConnection@1107802395 wrapping com.mysql.cj.jdbc.ConnectionImpl@1cae75df] will not be managed by Spring
2025-01-08 20:10:40 [http-nio-8080-exec-9] DEBUG c.s.d.m.CommonMapper.selectLnbList - ==>  Preparing: SELECT CT_LNB_IDX AS ctLnbIdx, CT_LNB_ID AS ctLnbId, CT_LNB_NAME AS ctLnbName, CT_LNB_SUB_YN AS ctLnbSubYn, CT_LNB_URL AS ctLnbUrl, CT_LNB_USE_YN AS ctLnbUseYn FROM CT_LNB WHERE CT_LNB_USE_YN = 'Y' ORDER BY CT_LNB_IDX
2025-01-08 20:10:40 [http-nio-8080-exec-9] DEBUG c.s.d.m.CommonMapper.selectLnbList - ==> Parameters: 
2025-01-08 20:10:40 [http-nio-8080-exec-9] DEBUG c.s.d.m.CommonMapper.selectLnbList - <==      Total: 4
2025-01-08 20:10:40 [http-nio-8080-exec-9] DEBUG org.mybatis.spring.SqlSessionUtils - Closing non transactional SqlSession [org.apache.ibatis.session.defaults.DefaultSqlSession@1c0f352f]
2025-01-08 20:10:40 [http-nio-8080-exec-2] DEBUG org.mybatis.spring.SqlSessionUtils - Creating a new SqlSession
2025-01-08 20:10:40 [http-nio-8080-exec-2] DEBUG org.mybatis.spring.SqlSessionUtils - SqlSession [org.apache.ibatis.session.defaults.DefaultSqlSession@398d8df7] was not registered for synchronization because synchronization is not active
2025-01-08 20:10:40 [http-nio-8080-exec-2] DEBUG o.m.s.t.SpringManagedTransaction - JDBC Connection [HikariProxyConnection@1470105577 wrapping com.mysql.cj.jdbc.ConnectionImpl@1cae75df] will not be managed by Spring
2025-01-08 20:10:40 [http-nio-8080-exec-2] DEBUG c.s.d.m.CommonMapper.selectLnbList - ==>  Preparing: SELECT CT_LNB_IDX AS ctLnbIdx, CT_LNB_ID AS ctLnbId, CT_LNB_NAME AS ctLnbName, CT_LNB_SUB_YN AS ctLnbSubYn, CT_LNB_URL AS ctLnbUrl, CT_LNB_USE_YN AS ctLnbUseYn FROM CT_LNB WHERE CT_LNB_USE_YN = 'Y' ORDER BY CT_LNB_IDX
2025-01-08 20:10:40 [http-nio-8080-exec-2] DEBUG c.s.d.m.CommonMapper.selectLnbList - ==> Parameters: 
2025-01-08 20:10:40 [http-nio-8080-exec-2] DEBUG c.s.d.m.CommonMapper.selectLnbList - <==      Total: 4
2025-01-08 20:10:40 [http-nio-8080-exec-2] DEBUG org.mybatis.spring.SqlSessionUtils - Closing non transactional SqlSession [org.apache.ibatis.session.defaults.DefaultSqlSession@398d8df7]
2025-01-08 20:10:40 [http-nio-8080-exec-8] DEBUG org.mybatis.spring.SqlSessionUtils - Creating a new SqlSession
2025-01-08 20:10:40 [http-nio-8080-exec-10] DEBUG org.mybatis.spring.SqlSessionUtils - Creating a new SqlSession
2025-01-08 20:10:40 [http-nio-8080-exec-1] DEBUG org.mybatis.spring.SqlSessionUtils - Creating a new SqlSession
2025-01-08 20:10:40 [http-nio-8080-exec-8] DEBUG org.mybatis.spring.SqlSessionUtils - SqlSession [org.apache.ibatis.session.defaults.DefaultSqlSession@55955e05] was not registered for synchronization because synchronization is not active
2025-01-08 20:10:40 [http-nio-8080-exec-10] DEBUG org.mybatis.spring.SqlSessionUtils - SqlSession [org.apache.ibatis.session.defaults.DefaultSqlSession@12a73e26] was not registered for synchronization because synchronization is not active
2025-01-08 20:10:40 [http-nio-8080-exec-1] DEBUG org.mybatis.spring.SqlSessionUtils - SqlSession [org.apache.ibatis.session.defaults.DefaultSqlSession@9314598] was not registered for synchronization because synchronization is not active
2025-01-08 20:10:40 [http-nio-8080-exec-10] DEBUG o.m.s.t.SpringManagedTransaction - JDBC Connection [HikariProxyConnection@1377335722 wrapping com.mysql.cj.jdbc.ConnectionImpl@1cae75df] will not be managed by Spring
2025-01-08 20:10:40 [http-nio-8080-exec-10] DEBUG c.s.d.m.C.selectLnbSubList - ==>  Preparing: SELECT CT_LNB_SUB_IDX AS ctLnbSubIdx, CT_LNB_ID AS ctLnbId, CT_LNB_SUB_ID AS ctLnbSubId, CT_LNB_SUB_NAME AS ctLnbSubName, CT_LNB_SUB_URL AS ctLnbSubUrl FROM CT_LNB_SUB WHERE CT_LNB_ID = ? ORDER BY CT_LNB_SUB_IDX
2025-01-08 20:10:40 [http-nio-8080-exec-10] DEBUG c.s.d.m.C.selectLnbSubList - ==> Parameters: CT_LNB_INFORMATION(String)
2025-01-08 20:10:40 [http-nio-8080-exec-8] DEBUG o.m.s.t.SpringManagedTransaction - JDBC Connection [HikariProxyConnection@911714670 wrapping com.mysql.cj.jdbc.ConnectionImpl@3af2f362] will not be managed by Spring
2025-01-08 20:10:40 [http-nio-8080-exec-1] DEBUG o.m.s.t.SpringManagedTransaction - JDBC Connection [HikariProxyConnection@704585866 wrapping com.mysql.cj.jdbc.ConnectionImpl@5b3f6a2e] will not be managed by Spring
2025-01-08 20:10:40 [http-nio-8080-exec-8] DEBUG c.s.d.m.C.selectLnbSubList - ==>  Preparing: SELECT CT_LNB_SUB_IDX AS ctLnbSubIdx, CT_LNB_ID AS ctLnbId, CT_LNB_SUB_ID AS ctLnbSubId, CT_LNB_SUB_NAME AS ctLnbSubName, CT_LNB_SUB_URL AS ctLnbSubUrl FROM CT_LNB_SUB WHERE CT_LNB_ID = ? ORDER BY CT_LNB_SUB_IDX
2025-01-08 20:10:40 [http-nio-8080-exec-1] DEBUG c.s.d.m.C.selectLnbSubList - ==>  Preparing: SELECT CT_LNB_SUB_IDX AS ctLnbSubIdx, CT_LNB_ID AS ctLnbId, CT_LNB_SUB_ID AS ctLnbSubId, CT_LNB_SUB_NAME AS ctLnbSubName, CT_LNB_SUB_URL AS ctLnbSubUrl FROM CT_LNB_SUB WHERE CT_LNB_ID = ? ORDER BY CT_LNB_SUB_IDX
2025-01-08 20:10:40 [http-nio-8080-exec-8] DEBUG c.s.d.m.C.selectLnbSubList - ==> Parameters: CT_LNB_CONTACT(String)
2025-01-08 20:10:40 [http-nio-8080-exec-1] DEBUG c.s.d.m.C.selectLnbSubList - ==> Parameters: CT_LNB_SERVICE(String)
2025-01-08 20:10:40 [http-nio-8080-exec-10] DEBUG c.s.d.m.C.selectLnbSubList - <==      Total: 2
2025-01-08 20:10:40 [http-nio-8080-exec-8] DEBUG c.s.d.m.C.selectLnbSubList - <==      Total: 2
2025-01-08 20:10:40 [http-nio-8080-exec-1] DEBUG c.s.d.m.C.selectLnbSubList - <==      Total: 4
2025-01-08 20:10:40 [http-nio-8080-exec-8] DEBUG org.mybatis.spring.SqlSessionUtils - Closing non transactional SqlSession [org.apache.ibatis.session.defaults.DefaultSqlSession@55955e05]
2025-01-08 20:10:40 [http-nio-8080-exec-1] DEBUG org.mybatis.spring.SqlSessionUtils - Closing non transactional SqlSession [org.apache.ibatis.session.defaults.DefaultSqlSession@9314598]
2025-01-08 20:10:40 [http-nio-8080-exec-10] DEBUG org.mybatis.spring.SqlSessionUtils - Closing non transactional SqlSession [org.apache.ibatis.session.defaults.DefaultSqlSession@12a73e26]
2025-01-08 20:10:40 [http-nio-8080-exec-4] DEBUG org.mybatis.spring.SqlSessionUtils - Creating a new SqlSession
2025-01-08 20:10:40 [http-nio-8080-exec-3] DEBUG org.mybatis.spring.SqlSessionUtils - Creating a new SqlSession
2025-01-08 20:10:40 [http-nio-8080-exec-7] DEBUG org.mybatis.spring.SqlSessionUtils - Creating a new SqlSession
2025-01-08 20:10:40 [http-nio-8080-exec-4] DEBUG org.mybatis.spring.SqlSessionUtils - SqlSession [org.apache.ibatis.session.defaults.DefaultSqlSession@35381ab4] was not registered for synchronization because synchronization is not active
2025-01-08 20:10:40 [http-nio-8080-exec-3] DEBUG org.mybatis.spring.SqlSessionUtils - SqlSession [org.apache.ibatis.session.defaults.DefaultSqlSession@5cced90e] was not registered for synchronization because synchronization is not active
2025-01-08 20:10:40 [http-nio-8080-exec-7] DEBUG org.mybatis.spring.SqlSessionUtils - SqlSession [org.apache.ibatis.session.defaults.DefaultSqlSession@15550b71] was not registered for synchronization because synchronization is not active
2025-01-08 20:10:40 [http-nio-8080-exec-4] DEBUG o.m.s.t.SpringManagedTransaction - JDBC Connection [HikariProxyConnection@1916342926 wrapping com.mysql.cj.jdbc.ConnectionImpl@5b3f6a2e] will not be managed by Spring
2025-01-08 20:10:40 [http-nio-8080-exec-7] DEBUG o.m.s.t.SpringManagedTransaction - JDBC Connection [HikariProxyConnection@949064538 wrapping com.mysql.cj.jdbc.ConnectionImpl@3af2f362] will not be managed by Spring
2025-01-08 20:10:40 [http-nio-8080-exec-3] DEBUG o.m.s.t.SpringManagedTransaction - JDBC Connection [HikariProxyConnection@1378452395 wrapping com.mysql.cj.jdbc.ConnectionImpl@1cae75df] will not be managed by Spring
2025-01-08 20:10:40 [http-nio-8080-exec-4] DEBUG c.s.d.m.C.selectLnbSubList - ==>  Preparing: SELECT CT_LNB_SUB_IDX AS ctLnbSubIdx, CT_LNB_ID AS ctLnbId, CT_LNB_SUB_ID AS ctLnbSubId, CT_LNB_SUB_NAME AS ctLnbSubName, CT_LNB_SUB_URL AS ctLnbSubUrl FROM CT_LNB_SUB WHERE CT_LNB_ID = ? ORDER BY CT_LNB_SUB_IDX
2025-01-08 20:10:40 [http-nio-8080-exec-3] DEBUG c.s.d.m.C.selectLnbSubList - ==>  Preparing: SELECT CT_LNB_SUB_IDX AS ctLnbSubIdx, CT_LNB_ID AS ctLnbId, CT_LNB_SUB_ID AS ctLnbSubId, CT_LNB_SUB_NAME AS ctLnbSubName, CT_LNB_SUB_URL AS ctLnbSubUrl FROM CT_LNB_SUB WHERE CT_LNB_ID = ? ORDER BY CT_LNB_SUB_IDX
2025-01-08 20:10:40 [http-nio-8080-exec-7] DEBUG c.s.d.m.C.selectLnbSubList - ==>  Preparing: SELECT CT_LNB_SUB_IDX AS ctLnbSubIdx, CT_LNB_ID AS ctLnbId, CT_LNB_SUB_ID AS ctLnbSubId, CT_LNB_SUB_NAME AS ctLnbSubName, CT_LNB_SUB_URL AS ctLnbSubUrl FROM CT_LNB_SUB WHERE CT_LNB_ID = ? ORDER BY CT_LNB_SUB_IDX
2025-01-08 20:10:40 [http-nio-8080-exec-4] DEBUG c.s.d.m.C.selectLnbSubList - ==> Parameters: CT_LNB_SERVICE(String)
2025-01-08 20:10:40 [http-nio-8080-exec-3] DEBUG c.s.d.m.C.selectLnbSubList - ==> Parameters: CT_LNB_CONTACT(String)
2025-01-08 20:10:40 [http-nio-8080-exec-7] DEBUG c.s.d.m.C.selectLnbSubList - ==> Parameters: CT_LNB_INFORMATION(String)
2025-01-08 20:10:40 [http-nio-8080-exec-4] DEBUG c.s.d.m.C.selectLnbSubList - <==      Total: 4
2025-01-08 20:10:40 [http-nio-8080-exec-7] DEBUG c.s.d.m.C.selectLnbSubList - <==      Total: 2
2025-01-08 20:10:40 [http-nio-8080-exec-3] DEBUG c.s.d.m.C.selectLnbSubList - <==      Total: 2
2025-01-08 20:10:40 [http-nio-8080-exec-4] DEBUG org.mybatis.spring.SqlSessionUtils - Closing non transactional SqlSession [org.apache.ibatis.session.defaults.DefaultSqlSession@35381ab4]
2025-01-08 20:10:40 [http-nio-8080-exec-3] DEBUG org.mybatis.spring.SqlSessionUtils - Closing non transactional SqlSession [org.apache.ibatis.session.defaults.DefaultSqlSession@5cced90e]
2025-01-08 20:10:40 [http-nio-8080-exec-7] DEBUG org.mybatis.spring.SqlSessionUtils - Closing non transactional SqlSession [org.apache.ibatis.session.defaults.DefaultSqlSession@15550b71]
2025-01-08 20:10:42 [http-nio-8080-exec-5] WARN  o.t.s.p.AbstractStandardFragmentInsertionTagProcessor - [THYMELEAF][http-nio-8080-exec-5][common/layout/layout] Deprecated unwrapped fragment expression "common/fragments/header::header" found in template common/layout/layout, line 31, col 10. Please use the complete syntax of fragment expressions instead ("~{common/fragments/header::header}"). The old, unwrapped syntax for fragment expressions will be removed in future versions of Thymeleaf.
2025-01-08 20:10:42 [http-nio-8080-exec-5] WARN  o.t.s.p.AbstractStandardFragmentInsertionTagProcessor - [THYMELEAF][http-nio-8080-exec-5][common/layout/layout] Deprecated unwrapped fragment expression "common/fragments/footer::footer" found in template common/layout/layout, line 35, col 10. Please use the complete syntax of fragment expressions instead ("~{common/fragments/footer::footer}"). The old, unwrapped syntax for fragment expressions will be removed in future versions of Thymeleaf.
2025-01-08 20:10:42 [http-nio-8080-exec-5] DEBUG org.mybatis.spring.SqlSessionUtils - Creating a new SqlSession
2025-01-08 20:10:42 [http-nio-8080-exec-5] DEBUG org.mybatis.spring.SqlSessionUtils - SqlSession [org.apache.ibatis.session.defaults.DefaultSqlSession@1f9edd42] was not registered for synchronization because synchronization is not active
2025-01-08 20:10:42 [http-nio-8080-exec-5] DEBUG o.m.s.t.SpringManagedTransaction - JDBC Connection [HikariProxyConnection@1043269564 wrapping com.mysql.cj.jdbc.ConnectionImpl@5b3f6a2e] will not be managed by Spring
2025-01-08 20:10:42 [http-nio-8080-exec-5] DEBUG c.s.d.m.CommonMapper.selectLnbList - ==>  Preparing: SELECT CT_LNB_IDX AS ctLnbIdx, CT_LNB_ID AS ctLnbId, CT_LNB_NAME AS ctLnbName, CT_LNB_SUB_YN AS ctLnbSubYn, CT_LNB_URL AS ctLnbUrl, CT_LNB_USE_YN AS ctLnbUseYn FROM CT_LNB WHERE CT_LNB_USE_YN = 'Y' ORDER BY CT_LNB_IDX
2025-01-08 20:10:42 [http-nio-8080-exec-5] DEBUG c.s.d.m.CommonMapper.selectLnbList - ==> Parameters: 
2025-01-08 20:10:42 [http-nio-8080-exec-5] DEBUG c.s.d.m.CommonMapper.selectLnbList - <==      Total: 4
2025-01-08 20:10:42 [http-nio-8080-exec-5] DEBUG org.mybatis.spring.SqlSessionUtils - Closing non transactional SqlSession [org.apache.ibatis.session.defaults.DefaultSqlSession@1f9edd42]
2025-01-08 20:10:42 [http-nio-8080-exec-6] DEBUG org.mybatis.spring.SqlSessionUtils - Creating a new SqlSession
2025-01-08 20:10:42 [http-nio-8080-exec-6] DEBUG org.mybatis.spring.SqlSessionUtils - SqlSession [org.apache.ibatis.session.defaults.DefaultSqlSession@5731c8f8] was not registered for synchronization because synchronization is not active
2025-01-08 20:10:42 [http-nio-8080-exec-6] DEBUG o.m.s.t.SpringManagedTransaction - JDBC Connection [HikariProxyConnection@1709125783 wrapping com.mysql.cj.jdbc.ConnectionImpl@3af2f362] will not be managed by Spring
2025-01-08 20:10:42 [http-nio-8080-exec-6] DEBUG c.s.d.m.CommonMapper.selectLnbList - ==>  Preparing: SELECT CT_LNB_IDX AS ctLnbIdx, CT_LNB_ID AS ctLnbId, CT_LNB_NAME AS ctLnbName, CT_LNB_SUB_YN AS ctLnbSubYn, CT_LNB_URL AS ctLnbUrl, CT_LNB_USE_YN AS ctLnbUseYn FROM CT_LNB WHERE CT_LNB_USE_YN = 'Y' ORDER BY CT_LNB_IDX
2025-01-08 20:10:42 [http-nio-8080-exec-6] DEBUG c.s.d.m.CommonMapper.selectLnbList - ==> Parameters: 
2025-01-08 20:10:42 [http-nio-8080-exec-6] DEBUG c.s.d.m.CommonMapper.selectLnbList - <==      Total: 4
2025-01-08 20:10:42 [http-nio-8080-exec-6] DEBUG org.mybatis.spring.SqlSessionUtils - Closing non transactional SqlSession [org.apache.ibatis.session.defaults.DefaultSqlSession@5731c8f8]
2025-01-08 20:10:42 [http-nio-8080-exec-2] DEBUG org.mybatis.spring.SqlSessionUtils - Creating a new SqlSession
2025-01-08 20:10:42 [http-nio-8080-exec-9] DEBUG org.mybatis.spring.SqlSessionUtils - Creating a new SqlSession
2025-01-08 20:10:42 [http-nio-8080-exec-2] DEBUG org.mybatis.spring.SqlSessionUtils - SqlSession [org.apache.ibatis.session.defaults.DefaultSqlSession@16713d4e] was not registered for synchronization because synchronization is not active
2025-01-08 20:10:42 [http-nio-8080-exec-9] DEBUG org.mybatis.spring.SqlSessionUtils - SqlSession [org.apache.ibatis.session.defaults.DefaultSqlSession@5e96f42d] was not registered for synchronization because synchronization is not active
2025-01-08 20:10:42 [http-nio-8080-exec-10] DEBUG org.mybatis.spring.SqlSessionUtils - Creating a new SqlSession
2025-01-08 20:10:42 [http-nio-8080-exec-10] DEBUG org.mybatis.spring.SqlSessionUtils - SqlSession [org.apache.ibatis.session.defaults.DefaultSqlSession@2a3f15ee] was not registered for synchronization because synchronization is not active
2025-01-08 20:10:42 [http-nio-8080-exec-2] DEBUG o.m.s.t.SpringManagedTransaction - JDBC Connection [HikariProxyConnection@1102708518 wrapping com.mysql.cj.jdbc.ConnectionImpl@5b3f6a2e] will not be managed by Spring
2025-01-08 20:10:42 [http-nio-8080-exec-10] DEBUG o.m.s.t.SpringManagedTransaction - JDBC Connection [HikariProxyConnection@1006365738 wrapping com.mysql.cj.jdbc.ConnectionImpl@3af2f362] will not be managed by Spring
2025-01-08 20:10:42 [http-nio-8080-exec-2] DEBUG c.s.d.m.C.selectLnbSubList - ==>  Preparing: SELECT CT_LNB_SUB_IDX AS ctLnbSubIdx, CT_LNB_ID AS ctLnbId, CT_LNB_SUB_ID AS ctLnbSubId, CT_LNB_SUB_NAME AS ctLnbSubName, CT_LNB_SUB_URL AS ctLnbSubUrl FROM CT_LNB_SUB WHERE CT_LNB_ID = ? ORDER BY CT_LNB_SUB_IDX
2025-01-08 20:10:42 [http-nio-8080-exec-10] DEBUG c.s.d.m.C.selectLnbSubList - ==>  Preparing: SELECT CT_LNB_SUB_IDX AS ctLnbSubIdx, CT_LNB_ID AS ctLnbId, CT_LNB_SUB_ID AS ctLnbSubId, CT_LNB_SUB_NAME AS ctLnbSubName, CT_LNB_SUB_URL AS ctLnbSubUrl FROM CT_LNB_SUB WHERE CT_LNB_ID = ? ORDER BY CT_LNB_SUB_IDX
2025-01-08 20:10:42 [http-nio-8080-exec-2] DEBUG c.s.d.m.C.selectLnbSubList - ==> Parameters: CT_LNB_SERVICE(String)
2025-01-08 20:10:42 [http-nio-8080-exec-10] DEBUG c.s.d.m.C.selectLnbSubList - ==> Parameters: CT_LNB_CONTACT(String)
2025-01-08 20:10:42 [http-nio-8080-exec-9] DEBUG o.m.s.t.SpringManagedTransaction - JDBC Connection [HikariProxyConnection@208025788 wrapping com.mysql.cj.jdbc.ConnectionImpl@1cae75df] will not be managed by Spring
2025-01-08 20:10:42 [http-nio-8080-exec-9] DEBUG c.s.d.m.C.selectLnbSubList - ==>  Preparing: SELECT CT_LNB_SUB_IDX AS ctLnbSubIdx, CT_LNB_ID AS ctLnbId, CT_LNB_SUB_ID AS ctLnbSubId, CT_LNB_SUB_NAME AS ctLnbSubName, CT_LNB_SUB_URL AS ctLnbSubUrl FROM CT_LNB_SUB WHERE CT_LNB_ID = ? ORDER BY CT_LNB_SUB_IDX
2025-01-08 20:10:42 [http-nio-8080-exec-9] DEBUG c.s.d.m.C.selectLnbSubList - ==> Parameters: CT_LNB_INFORMATION(String)
2025-01-08 20:10:42 [http-nio-8080-exec-10] DEBUG c.s.d.m.C.selectLnbSubList - <==      Total: 2
2025-01-08 20:10:42 [http-nio-8080-exec-2] DEBUG c.s.d.m.C.selectLnbSubList - <==      Total: 4
2025-01-08 20:10:42 [http-nio-8080-exec-9] DEBUG c.s.d.m.C.selectLnbSubList - <==      Total: 2
2025-01-08 20:10:42 [http-nio-8080-exec-2] DEBUG org.mybatis.spring.SqlSessionUtils - Closing non transactional SqlSession [org.apache.ibatis.session.defaults.DefaultSqlSession@16713d4e]
2025-01-08 20:10:42 [http-nio-8080-exec-10] DEBUG org.mybatis.spring.SqlSessionUtils - Closing non transactional SqlSession [org.apache.ibatis.session.defaults.DefaultSqlSession@2a3f15ee]
2025-01-08 20:10:42 [http-nio-8080-exec-9] DEBUG org.mybatis.spring.SqlSessionUtils - Closing non transactional SqlSession [org.apache.ibatis.session.defaults.DefaultSqlSession@5e96f42d]
2025-01-08 20:10:42 [http-nio-8080-exec-8] DEBUG org.mybatis.spring.SqlSessionUtils - Creating a new SqlSession
2025-01-08 20:10:42 [http-nio-8080-exec-1] DEBUG org.mybatis.spring.SqlSessionUtils - Creating a new SqlSession
2025-01-08 20:10:42 [http-nio-8080-exec-1] DEBUG org.mybatis.spring.SqlSessionUtils - SqlSession [org.apache.ibatis.session.defaults.DefaultSqlSession@2bfda343] was not registered for synchronization because synchronization is not active
2025-01-08 20:10:42 [http-nio-8080-exec-8] DEBUG org.mybatis.spring.SqlSessionUtils - SqlSession [org.apache.ibatis.session.defaults.DefaultSqlSession@2521a7e3] was not registered for synchronization because synchronization is not active
2025-01-08 20:10:42 [http-nio-8080-exec-4] DEBUG org.mybatis.spring.SqlSessionUtils - Creating a new SqlSession
2025-01-08 20:10:42 [http-nio-8080-exec-4] DEBUG org.mybatis.spring.SqlSessionUtils - SqlSession [org.apache.ibatis.session.defaults.DefaultSqlSession@ed7d7dd] was not registered for synchronization because synchronization is not active
2025-01-08 20:10:42 [http-nio-8080-exec-1] DEBUG o.m.s.t.SpringManagedTransaction - JDBC Connection [HikariProxyConnection@2077638086 wrapping com.mysql.cj.jdbc.ConnectionImpl@5b3f6a2e] will not be managed by Spring
2025-01-08 20:10:42 [http-nio-8080-exec-8] DEBUG o.m.s.t.SpringManagedTransaction - JDBC Connection [HikariProxyConnection@783705840 wrapping com.mysql.cj.jdbc.ConnectionImpl@3af2f362] will not be managed by Spring
2025-01-08 20:10:42 [http-nio-8080-exec-4] DEBUG o.m.s.t.SpringManagedTransaction - JDBC Connection [HikariProxyConnection@2038462976 wrapping com.mysql.cj.jdbc.ConnectionImpl@1cae75df] will not be managed by Spring
2025-01-08 20:10:42 [http-nio-8080-exec-8] DEBUG c.s.d.m.C.selectLnbSubList - ==>  Preparing: SELECT CT_LNB_SUB_IDX AS ctLnbSubIdx, CT_LNB_ID AS ctLnbId, CT_LNB_SUB_ID AS ctLnbSubId, CT_LNB_SUB_NAME AS ctLnbSubName, CT_LNB_SUB_URL AS ctLnbSubUrl FROM CT_LNB_SUB WHERE CT_LNB_ID = ? ORDER BY CT_LNB_SUB_IDX
2025-01-08 20:10:42 [http-nio-8080-exec-1] DEBUG c.s.d.m.C.selectLnbSubList - ==>  Preparing: SELECT CT_LNB_SUB_IDX AS ctLnbSubIdx, CT_LNB_ID AS ctLnbId, CT_LNB_SUB_ID AS ctLnbSubId, CT_LNB_SUB_NAME AS ctLnbSubName, CT_LNB_SUB_URL AS ctLnbSubUrl FROM CT_LNB_SUB WHERE CT_LNB_ID = ? ORDER BY CT_LNB_SUB_IDX
2025-01-08 20:10:42 [http-nio-8080-exec-4] DEBUG c.s.d.m.C.selectLnbSubList - ==>  Preparing: SELECT CT_LNB_SUB_IDX AS ctLnbSubIdx, CT_LNB_ID AS ctLnbId, CT_LNB_SUB_ID AS ctLnbSubId, CT_LNB_SUB_NAME AS ctLnbSubName, CT_LNB_SUB_URL AS ctLnbSubUrl FROM CT_LNB_SUB WHERE CT_LNB_ID = ? ORDER BY CT_LNB_SUB_IDX
2025-01-08 20:10:42 [http-nio-8080-exec-8] DEBUG c.s.d.m.C.selectLnbSubList - ==> Parameters: CT_LNB_INFORMATION(String)
2025-01-08 20:10:42 [http-nio-8080-exec-4] DEBUG c.s.d.m.C.selectLnbSubList - ==> Parameters: CT_LNB_CONTACT(String)
2025-01-08 20:10:42 [http-nio-8080-exec-1] DEBUG c.s.d.m.C.selectLnbSubList - ==> Parameters: CT_LNB_SERVICE(String)
2025-01-08 20:10:42 [http-nio-8080-exec-4] DEBUG c.s.d.m.C.selectLnbSubList - <==      Total: 2
2025-01-08 20:10:42 [http-nio-8080-exec-1] DEBUG c.s.d.m.C.selectLnbSubList - <==      Total: 4
2025-01-08 20:10:42 [http-nio-8080-exec-8] DEBUG c.s.d.m.C.selectLnbSubList - <==      Total: 2
2025-01-08 20:10:42 [http-nio-8080-exec-4] DEBUG org.mybatis.spring.SqlSessionUtils - Closing non transactional SqlSession [org.apache.ibatis.session.defaults.DefaultSqlSession@ed7d7dd]
2025-01-08 20:10:42 [http-nio-8080-exec-1] DEBUG org.mybatis.spring.SqlSessionUtils - Closing non transactional SqlSession [org.apache.ibatis.session.defaults.DefaultSqlSession@2bfda343]
2025-01-08 20:10:42 [http-nio-8080-exec-8] DEBUG org.mybatis.spring.SqlSessionUtils - Closing non transactional SqlSession [org.apache.ibatis.session.defaults.DefaultSqlSession@2521a7e3]
2025-01-08 20:10:43 [http-nio-8080-exec-7] WARN  o.t.s.p.AbstractStandardFragmentInsertionTagProcessor - [THYMELEAF][http-nio-8080-exec-7][common/layout/layout] Deprecated unwrapped fragment expression "common/fragments/header::header" found in template common/layout/layout, line 31, col 10. Please use the complete syntax of fragment expressions instead ("~{common/fragments/header::header}"). The old, unwrapped syntax for fragment expressions will be removed in future versions of Thymeleaf.
2025-01-08 20:10:43 [http-nio-8080-exec-7] WARN  o.t.s.p.AbstractStandardFragmentInsertionTagProcessor - [THYMELEAF][http-nio-8080-exec-7][common/layout/layout] Deprecated unwrapped fragment expression "common/fragments/footer::footer" found in template common/layout/layout, line 35, col 10. Please use the complete syntax of fragment expressions instead ("~{common/fragments/footer::footer}"). The old, unwrapped syntax for fragment expressions will be removed in future versions of Thymeleaf.
2025-01-08 20:10:43 [http-nio-8080-exec-7] DEBUG org.mybatis.spring.SqlSessionUtils - Creating a new SqlSession
2025-01-08 20:10:43 [http-nio-8080-exec-7] DEBUG org.mybatis.spring.SqlSessionUtils - SqlSession [org.apache.ibatis.session.defaults.DefaultSqlSession@50636bfd] was not registered for synchronization because synchronization is not active
2025-01-08 20:10:43 [http-nio-8080-exec-7] DEBUG o.m.s.t.SpringManagedTransaction - JDBC Connection [HikariProxyConnection@2135525278 wrapping com.mysql.cj.jdbc.ConnectionImpl@3af2f362] will not be managed by Spring
2025-01-08 20:10:43 [http-nio-8080-exec-7] DEBUG c.s.d.m.CommonMapper.selectLnbList - ==>  Preparing: SELECT CT_LNB_IDX AS ctLnbIdx, CT_LNB_ID AS ctLnbId, CT_LNB_NAME AS ctLnbName, CT_LNB_SUB_YN AS ctLnbSubYn, CT_LNB_URL AS ctLnbUrl, CT_LNB_USE_YN AS ctLnbUseYn FROM CT_LNB WHERE CT_LNB_USE_YN = 'Y' ORDER BY CT_LNB_IDX
2025-01-08 20:10:43 [http-nio-8080-exec-7] DEBUG c.s.d.m.CommonMapper.selectLnbList - ==> Parameters: 
2025-01-08 20:10:43 [http-nio-8080-exec-7] DEBUG c.s.d.m.CommonMapper.selectLnbList - <==      Total: 4
2025-01-08 20:10:43 [http-nio-8080-exec-7] DEBUG org.mybatis.spring.SqlSessionUtils - Closing non transactional SqlSession [org.apache.ibatis.session.defaults.DefaultSqlSession@50636bfd]
2025-01-08 20:10:43 [http-nio-8080-exec-3] DEBUG org.mybatis.spring.SqlSessionUtils - Creating a new SqlSession
2025-01-08 20:10:43 [http-nio-8080-exec-3] DEBUG org.mybatis.spring.SqlSessionUtils - SqlSession [org.apache.ibatis.session.defaults.DefaultSqlSession@3e9014c0] was not registered for synchronization because synchronization is not active
2025-01-08 20:10:43 [http-nio-8080-exec-3] DEBUG o.m.s.t.SpringManagedTransaction - JDBC Connection [HikariProxyConnection@1311361540 wrapping com.mysql.cj.jdbc.ConnectionImpl@1cae75df] will not be managed by Spring
2025-01-08 20:10:43 [http-nio-8080-exec-3] DEBUG c.s.d.m.CommonMapper.selectLnbList - ==>  Preparing: SELECT CT_LNB_IDX AS ctLnbIdx, CT_LNB_ID AS ctLnbId, CT_LNB_NAME AS ctLnbName, CT_LNB_SUB_YN AS ctLnbSubYn, CT_LNB_URL AS ctLnbUrl, CT_LNB_USE_YN AS ctLnbUseYn FROM CT_LNB WHERE CT_LNB_USE_YN = 'Y' ORDER BY CT_LNB_IDX
2025-01-08 20:10:43 [http-nio-8080-exec-3] DEBUG c.s.d.m.CommonMapper.selectLnbList - ==> Parameters: 
2025-01-08 20:10:43 [http-nio-8080-exec-3] DEBUG c.s.d.m.CommonMapper.selectLnbList - <==      Total: 4
2025-01-08 20:10:43 [http-nio-8080-exec-3] DEBUG org.mybatis.spring.SqlSessionUtils - Closing non transactional SqlSession [org.apache.ibatis.session.defaults.DefaultSqlSession@3e9014c0]
2025-01-08 20:10:43 [http-nio-8080-exec-5] DEBUG org.mybatis.spring.SqlSessionUtils - Creating a new SqlSession
2025-01-08 20:10:43 [http-nio-8080-exec-10] DEBUG org.mybatis.spring.SqlSessionUtils - Creating a new SqlSession
2025-01-08 20:10:43 [http-nio-8080-exec-6] DEBUG org.mybatis.spring.SqlSessionUtils - Creating a new SqlSession
2025-01-08 20:10:43 [http-nio-8080-exec-5] DEBUG org.mybatis.spring.SqlSessionUtils - SqlSession [org.apache.ibatis.session.defaults.DefaultSqlSession@666321b2] was not registered for synchronization because synchronization is not active
2025-01-08 20:10:43 [http-nio-8080-exec-6] DEBUG org.mybatis.spring.SqlSessionUtils - SqlSession [org.apache.ibatis.session.defaults.DefaultSqlSession@727eb875] was not registered for synchronization because synchronization is not active
2025-01-08 20:10:43 [http-nio-8080-exec-10] DEBUG org.mybatis.spring.SqlSessionUtils - SqlSession [org.apache.ibatis.session.defaults.DefaultSqlSession@4acce74e] was not registered for synchronization because synchronization is not active
2025-01-08 20:10:43 [http-nio-8080-exec-6] DEBUG o.m.s.t.SpringManagedTransaction - JDBC Connection [HikariProxyConnection@1849259301 wrapping com.mysql.cj.jdbc.ConnectionImpl@3af2f362] will not be managed by Spring
2025-01-08 20:10:43 [http-nio-8080-exec-10] DEBUG o.m.s.t.SpringManagedTransaction - JDBC Connection [HikariProxyConnection@783468673 wrapping com.mysql.cj.jdbc.ConnectionImpl@1cae75df] will not be managed by Spring
2025-01-08 20:10:43 [http-nio-8080-exec-6] DEBUG c.s.d.m.C.selectLnbSubList - ==>  Preparing: SELECT CT_LNB_SUB_IDX AS ctLnbSubIdx, CT_LNB_ID AS ctLnbId, CT_LNB_SUB_ID AS ctLnbSubId, CT_LNB_SUB_NAME AS ctLnbSubName, CT_LNB_SUB_URL AS ctLnbSubUrl FROM CT_LNB_SUB WHERE CT_LNB_ID = ? ORDER BY CT_LNB_SUB_IDX
2025-01-08 20:10:43 [http-nio-8080-exec-10] DEBUG c.s.d.m.C.selectLnbSubList - ==>  Preparing: SELECT CT_LNB_SUB_IDX AS ctLnbSubIdx, CT_LNB_ID AS ctLnbId, CT_LNB_SUB_ID AS ctLnbSubId, CT_LNB_SUB_NAME AS ctLnbSubName, CT_LNB_SUB_URL AS ctLnbSubUrl FROM CT_LNB_SUB WHERE CT_LNB_ID = ? ORDER BY CT_LNB_SUB_IDX
2025-01-08 20:10:43 [http-nio-8080-exec-6] DEBUG c.s.d.m.C.selectLnbSubList - ==> Parameters: CT_LNB_CONTACT(String)
2025-01-08 20:10:43 [http-nio-8080-exec-10] DEBUG c.s.d.m.C.selectLnbSubList - ==> Parameters: CT_LNB_SERVICE(String)
2025-01-08 20:10:43 [http-nio-8080-exec-5] DEBUG o.m.s.t.SpringManagedTransaction - JDBC Connection [HikariProxyConnection@548919333 wrapping com.mysql.cj.jdbc.ConnectionImpl@5b3f6a2e] will not be managed by Spring
2025-01-08 20:10:43 [http-nio-8080-exec-5] DEBUG c.s.d.m.C.selectLnbSubList - ==>  Preparing: SELECT CT_LNB_SUB_IDX AS ctLnbSubIdx, CT_LNB_ID AS ctLnbId, CT_LNB_SUB_ID AS ctLnbSubId, CT_LNB_SUB_NAME AS ctLnbSubName, CT_LNB_SUB_URL AS ctLnbSubUrl FROM CT_LNB_SUB WHERE CT_LNB_ID = ? ORDER BY CT_LNB_SUB_IDX
2025-01-08 20:10:43 [http-nio-8080-exec-5] DEBUG c.s.d.m.C.selectLnbSubList - ==> Parameters: CT_LNB_INFORMATION(String)
2025-01-08 20:10:43 [http-nio-8080-exec-6] DEBUG c.s.d.m.C.selectLnbSubList - <==      Total: 2
2025-01-08 20:10:43 [http-nio-8080-exec-5] DEBUG c.s.d.m.C.selectLnbSubList - <==      Total: 2
2025-01-08 20:10:43 [http-nio-8080-exec-10] DEBUG c.s.d.m.C.selectLnbSubList - <==      Total: 4
2025-01-08 20:10:43 [http-nio-8080-exec-5] DEBUG org.mybatis.spring.SqlSessionUtils - Closing non transactional SqlSession [org.apache.ibatis.session.defaults.DefaultSqlSession@666321b2]
2025-01-08 20:10:43 [http-nio-8080-exec-10] DEBUG org.mybatis.spring.SqlSessionUtils - Closing non transactional SqlSession [org.apache.ibatis.session.defaults.DefaultSqlSession@4acce74e]
2025-01-08 20:10:43 [http-nio-8080-exec-6] DEBUG org.mybatis.spring.SqlSessionUtils - Closing non transactional SqlSession [org.apache.ibatis.session.defaults.DefaultSqlSession@727eb875]
2025-01-08 20:10:43 [http-nio-8080-exec-4] DEBUG org.mybatis.spring.SqlSessionUtils - Creating a new SqlSession
2025-01-08 20:10:43 [http-nio-8080-exec-9] DEBUG org.mybatis.spring.SqlSessionUtils - Creating a new SqlSession
2025-01-08 20:10:43 [http-nio-8080-exec-2] DEBUG org.mybatis.spring.SqlSessionUtils - Creating a new SqlSession
2025-01-08 20:10:43 [http-nio-8080-exec-4] DEBUG org.mybatis.spring.SqlSessionUtils - SqlSession [org.apache.ibatis.session.defaults.DefaultSqlSession@4d15c015] was not registered for synchronization because synchronization is not active
2025-01-08 20:10:43 [http-nio-8080-exec-9] DEBUG org.mybatis.spring.SqlSessionUtils - SqlSession [org.apache.ibatis.session.defaults.DefaultSqlSession@1f483db4] was not registered for synchronization because synchronization is not active
2025-01-08 20:10:43 [http-nio-8080-exec-2] DEBUG org.mybatis.spring.SqlSessionUtils - SqlSession [org.apache.ibatis.session.defaults.DefaultSqlSession@4e216016] was not registered for synchronization because synchronization is not active
2025-01-08 20:10:43 [http-nio-8080-exec-9] DEBUG o.m.s.t.SpringManagedTransaction - JDBC Connection [HikariProxyConnection@576079161 wrapping com.mysql.cj.jdbc.ConnectionImpl@1cae75df] will not be managed by Spring
2025-01-08 20:10:43 [http-nio-8080-exec-4] DEBUG o.m.s.t.SpringManagedTransaction - JDBC Connection [HikariProxyConnection@935322573 wrapping com.mysql.cj.jdbc.ConnectionImpl@5b3f6a2e] will not be managed by Spring
2025-01-08 20:10:43 [http-nio-8080-exec-9] DEBUG c.s.d.m.C.selectLnbSubList - ==>  Preparing: SELECT CT_LNB_SUB_IDX AS ctLnbSubIdx, CT_LNB_ID AS ctLnbId, CT_LNB_SUB_ID AS ctLnbSubId, CT_LNB_SUB_NAME AS ctLnbSubName, CT_LNB_SUB_URL AS ctLnbSubUrl FROM CT_LNB_SUB WHERE CT_LNB_ID = ? ORDER BY CT_LNB_SUB_IDX
2025-01-08 20:10:43 [http-nio-8080-exec-2] DEBUG o.m.s.t.SpringManagedTransaction - JDBC Connection [HikariProxyConnection@1081079355 wrapping com.mysql.cj.jdbc.ConnectionImpl@3af2f362] will not be managed by Spring
2025-01-08 20:10:43 [http-nio-8080-exec-4] DEBUG c.s.d.m.C.selectLnbSubList - ==>  Preparing: SELECT CT_LNB_SUB_IDX AS ctLnbSubIdx, CT_LNB_ID AS ctLnbId, CT_LNB_SUB_ID AS ctLnbSubId, CT_LNB_SUB_NAME AS ctLnbSubName, CT_LNB_SUB_URL AS ctLnbSubUrl FROM CT_LNB_SUB WHERE CT_LNB_ID = ? ORDER BY CT_LNB_SUB_IDX
2025-01-08 20:10:43 [http-nio-8080-exec-2] DEBUG c.s.d.m.C.selectLnbSubList - ==>  Preparing: SELECT CT_LNB_SUB_IDX AS ctLnbSubIdx, CT_LNB_ID AS ctLnbId, CT_LNB_SUB_ID AS ctLnbSubId, CT_LNB_SUB_NAME AS ctLnbSubName, CT_LNB_SUB_URL AS ctLnbSubUrl FROM CT_LNB_SUB WHERE CT_LNB_ID = ? ORDER BY CT_LNB_SUB_IDX
2025-01-08 20:10:43 [http-nio-8080-exec-4] DEBUG c.s.d.m.C.selectLnbSubList - ==> Parameters: CT_LNB_INFORMATION(String)
2025-01-08 20:10:43 [http-nio-8080-exec-2] DEBUG c.s.d.m.C.selectLnbSubList - ==> Parameters: CT_LNB_CONTACT(String)
2025-01-08 20:10:43 [http-nio-8080-exec-9] DEBUG c.s.d.m.C.selectLnbSubList - ==> Parameters: CT_LNB_SERVICE(String)
2025-01-08 20:10:43 [http-nio-8080-exec-4] DEBUG c.s.d.m.C.selectLnbSubList - <==      Total: 2
2025-01-08 20:10:43 [http-nio-8080-exec-9] DEBUG c.s.d.m.C.selectLnbSubList - <==      Total: 4
2025-01-08 20:10:43 [http-nio-8080-exec-2] DEBUG c.s.d.m.C.selectLnbSubList - <==      Total: 2
2025-01-08 20:10:43 [http-nio-8080-exec-2] DEBUG org.mybatis.spring.SqlSessionUtils - Closing non transactional SqlSession [org.apache.ibatis.session.defaults.DefaultSqlSession@4e216016]
2025-01-08 20:10:43 [http-nio-8080-exec-9] DEBUG org.mybatis.spring.SqlSessionUtils - Closing non transactional SqlSession [org.apache.ibatis.session.defaults.DefaultSqlSession@1f483db4]
2025-01-08 20:10:43 [http-nio-8080-exec-4] DEBUG org.mybatis.spring.SqlSessionUtils - Closing non transactional SqlSession [org.apache.ibatis.session.defaults.DefaultSqlSession@4d15c015]
2025-01-08 20:10:45 [http-nio-8080-exec-1] WARN  o.t.s.p.AbstractStandardFragmentInsertionTagProcessor - [THYMELEAF][http-nio-8080-exec-1][common/layout/layout] Deprecated unwrapped fragment expression "common/fragments/header::header" found in template common/layout/layout, line 31, col 10. Please use the complete syntax of fragment expressions instead ("~{common/fragments/header::header}"). The old, unwrapped syntax for fragment expressions will be removed in future versions of Thymeleaf.
2025-01-08 20:10:45 [http-nio-8080-exec-1] WARN  o.t.s.p.AbstractStandardFragmentInsertionTagProcessor - [THYMELEAF][http-nio-8080-exec-1][common/layout/layout] Deprecated unwrapped fragment expression "common/fragments/footer::footer" found in template common/layout/layout, line 35, col 10. Please use the complete syntax of fragment expressions instead ("~{common/fragments/footer::footer}"). The old, unwrapped syntax for fragment expressions will be removed in future versions of Thymeleaf.
2025-01-08 20:10:45 [http-nio-8080-exec-1] DEBUG org.mybatis.spring.SqlSessionUtils - Creating a new SqlSession
2025-01-08 20:10:45 [http-nio-8080-exec-1] DEBUG org.mybatis.spring.SqlSessionUtils - SqlSession [org.apache.ibatis.session.defaults.DefaultSqlSession@17dd512a] was not registered for synchronization because synchronization is not active
2025-01-08 20:10:45 [http-nio-8080-exec-1] DEBUG o.m.s.t.SpringManagedTransaction - JDBC Connection [HikariProxyConnection@307166951 wrapping com.mysql.cj.jdbc.ConnectionImpl@5b3f6a2e] will not be managed by Spring
2025-01-08 20:10:45 [http-nio-8080-exec-1] DEBUG c.s.d.m.CommonMapper.selectLnbList - ==>  Preparing: SELECT CT_LNB_IDX AS ctLnbIdx, CT_LNB_ID AS ctLnbId, CT_LNB_NAME AS ctLnbName, CT_LNB_SUB_YN AS ctLnbSubYn, CT_LNB_URL AS ctLnbUrl, CT_LNB_USE_YN AS ctLnbUseYn FROM CT_LNB WHERE CT_LNB_USE_YN = 'Y' ORDER BY CT_LNB_IDX
2025-01-08 20:10:45 [http-nio-8080-exec-1] DEBUG c.s.d.m.CommonMapper.selectLnbList - ==> Parameters: 
2025-01-08 20:10:45 [http-nio-8080-exec-1] DEBUG c.s.d.m.CommonMapper.selectLnbList - <==      Total: 4
2025-01-08 20:10:45 [http-nio-8080-exec-1] DEBUG org.mybatis.spring.SqlSessionUtils - Closing non transactional SqlSession [org.apache.ibatis.session.defaults.DefaultSqlSession@17dd512a]
2025-01-08 20:10:45 [http-nio-8080-exec-8] DEBUG org.mybatis.spring.SqlSessionUtils - Creating a new SqlSession
2025-01-08 20:10:45 [http-nio-8080-exec-8] DEBUG org.mybatis.spring.SqlSessionUtils - SqlSession [org.apache.ibatis.session.defaults.DefaultSqlSession@5c22dcad] was not registered for synchronization because synchronization is not active
2025-01-08 20:10:45 [http-nio-8080-exec-8] DEBUG o.m.s.t.SpringManagedTransaction - JDBC Connection [HikariProxyConnection@1683462721 wrapping com.mysql.cj.jdbc.ConnectionImpl@3af2f362] will not be managed by Spring
2025-01-08 20:10:45 [http-nio-8080-exec-8] DEBUG c.s.d.m.CommonMapper.selectLnbList - ==>  Preparing: SELECT CT_LNB_IDX AS ctLnbIdx, CT_LNB_ID AS ctLnbId, CT_LNB_NAME AS ctLnbName, CT_LNB_SUB_YN AS ctLnbSubYn, CT_LNB_URL AS ctLnbUrl, CT_LNB_USE_YN AS ctLnbUseYn FROM CT_LNB WHERE CT_LNB_USE_YN = 'Y' ORDER BY CT_LNB_IDX
2025-01-08 20:10:45 [http-nio-8080-exec-8] DEBUG c.s.d.m.CommonMapper.selectLnbList - ==> Parameters: 
2025-01-08 20:10:45 [http-nio-8080-exec-8] DEBUG c.s.d.m.CommonMapper.selectLnbList - <==      Total: 4
2025-01-08 20:10:45 [http-nio-8080-exec-8] DEBUG org.mybatis.spring.SqlSessionUtils - Closing non transactional SqlSession [org.apache.ibatis.session.defaults.DefaultSqlSession@5c22dcad]
2025-01-08 20:10:45 [http-nio-8080-exec-7] DEBUG org.mybatis.spring.SqlSessionUtils - Creating a new SqlSession
2025-01-08 20:10:45 [http-nio-8080-exec-3] DEBUG org.mybatis.spring.SqlSessionUtils - Creating a new SqlSession
2025-01-08 20:10:45 [http-nio-8080-exec-6] DEBUG org.mybatis.spring.SqlSessionUtils - Creating a new SqlSession
2025-01-08 20:10:45 [http-nio-8080-exec-7] DEBUG org.mybatis.spring.SqlSessionUtils - SqlSession [org.apache.ibatis.session.defaults.DefaultSqlSession@6a6eb3db] was not registered for synchronization because synchronization is not active
2025-01-08 20:10:45 [http-nio-8080-exec-6] DEBUG org.mybatis.spring.SqlSessionUtils - SqlSession [org.apache.ibatis.session.defaults.DefaultSqlSession@16d08f44] was not registered for synchronization because synchronization is not active
2025-01-08 20:10:45 [http-nio-8080-exec-3] DEBUG org.mybatis.spring.SqlSessionUtils - SqlSession [org.apache.ibatis.session.defaults.DefaultSqlSession@3fb52200] was not registered for synchronization because synchronization is not active
2025-01-08 20:10:45 [http-nio-8080-exec-6] DEBUG o.m.s.t.SpringManagedTransaction - JDBC Connection [HikariProxyConnection@862273766 wrapping com.mysql.cj.jdbc.ConnectionImpl@3af2f362] will not be managed by Spring
2025-01-08 20:10:45 [http-nio-8080-exec-7] DEBUG o.m.s.t.SpringManagedTransaction - JDBC Connection [HikariProxyConnection@1495841919 wrapping com.mysql.cj.jdbc.ConnectionImpl@5b3f6a2e] will not be managed by Spring
2025-01-08 20:10:45 [http-nio-8080-exec-7] DEBUG c.s.d.m.C.selectLnbSubList - ==>  Preparing: SELECT CT_LNB_SUB_IDX AS ctLnbSubIdx, CT_LNB_ID AS ctLnbId, CT_LNB_SUB_ID AS ctLnbSubId, CT_LNB_SUB_NAME AS ctLnbSubName, CT_LNB_SUB_URL AS ctLnbSubUrl FROM CT_LNB_SUB WHERE CT_LNB_ID = ? ORDER BY CT_LNB_SUB_IDX
2025-01-08 20:10:45 [http-nio-8080-exec-6] DEBUG c.s.d.m.C.selectLnbSubList - ==>  Preparing: SELECT CT_LNB_SUB_IDX AS ctLnbSubIdx, CT_LNB_ID AS ctLnbId, CT_LNB_SUB_ID AS ctLnbSubId, CT_LNB_SUB_NAME AS ctLnbSubName, CT_LNB_SUB_URL AS ctLnbSubUrl FROM CT_LNB_SUB WHERE CT_LNB_ID = ? ORDER BY CT_LNB_SUB_IDX
2025-01-08 20:10:45 [http-nio-8080-exec-3] DEBUG o.m.s.t.SpringManagedTransaction - JDBC Connection [HikariProxyConnection@1061987864 wrapping com.mysql.cj.jdbc.ConnectionImpl@1cae75df] will not be managed by Spring
2025-01-08 20:10:45 [http-nio-8080-exec-7] DEBUG c.s.d.m.C.selectLnbSubList - ==> Parameters: CT_LNB_SERVICE(String)
2025-01-08 20:10:45 [http-nio-8080-exec-6] DEBUG c.s.d.m.C.selectLnbSubList - ==> Parameters: CT_LNB_CONTACT(String)
2025-01-08 20:10:45 [http-nio-8080-exec-3] DEBUG c.s.d.m.C.selectLnbSubList - ==>  Preparing: SELECT CT_LNB_SUB_IDX AS ctLnbSubIdx, CT_LNB_ID AS ctLnbId, CT_LNB_SUB_ID AS ctLnbSubId, CT_LNB_SUB_NAME AS ctLnbSubName, CT_LNB_SUB_URL AS ctLnbSubUrl FROM CT_LNB_SUB WHERE CT_LNB_ID = ? ORDER BY CT_LNB_SUB_IDX
2025-01-08 20:10:45 [http-nio-8080-exec-3] DEBUG c.s.d.m.C.selectLnbSubList - ==> Parameters: CT_LNB_INFORMATION(String)
2025-01-08 20:10:45 [http-nio-8080-exec-6] DEBUG c.s.d.m.C.selectLnbSubList - <==      Total: 2
2025-01-08 20:10:45 [http-nio-8080-exec-3] DEBUG c.s.d.m.C.selectLnbSubList - <==      Total: 2
2025-01-08 20:10:45 [http-nio-8080-exec-7] DEBUG c.s.d.m.C.selectLnbSubList - <==      Total: 4
2025-01-08 20:10:45 [http-nio-8080-exec-6] DEBUG org.mybatis.spring.SqlSessionUtils - Closing non transactional SqlSession [org.apache.ibatis.session.defaults.DefaultSqlSession@16d08f44]
2025-01-08 20:10:45 [http-nio-8080-exec-7] DEBUG org.mybatis.spring.SqlSessionUtils - Closing non transactional SqlSession [org.apache.ibatis.session.defaults.DefaultSqlSession@6a6eb3db]
2025-01-08 20:10:45 [http-nio-8080-exec-3] DEBUG org.mybatis.spring.SqlSessionUtils - Closing non transactional SqlSession [org.apache.ibatis.session.defaults.DefaultSqlSession@3fb52200]
2025-01-08 20:10:45 [http-nio-8080-exec-5] DEBUG org.mybatis.spring.SqlSessionUtils - Creating a new SqlSession
2025-01-08 20:10:45 [http-nio-8080-exec-4] DEBUG org.mybatis.spring.SqlSessionUtils - Creating a new SqlSession
2025-01-08 20:10:45 [http-nio-8080-exec-10] DEBUG org.mybatis.spring.SqlSessionUtils - Creating a new SqlSession
2025-01-08 20:10:45 [http-nio-8080-exec-5] DEBUG org.mybatis.spring.SqlSessionUtils - SqlSession [org.apache.ibatis.session.defaults.DefaultSqlSession@666d5608] was not registered for synchronization because synchronization is not active
2025-01-08 20:10:45 [http-nio-8080-exec-4] DEBUG org.mybatis.spring.SqlSessionUtils - SqlSession [org.apache.ibatis.session.defaults.DefaultSqlSession@5cdfdd56] was not registered for synchronization because synchronization is not active
2025-01-08 20:10:45 [http-nio-8080-exec-10] DEBUG org.mybatis.spring.SqlSessionUtils - SqlSession [org.apache.ibatis.session.defaults.DefaultSqlSession@60b9bb0f] was not registered for synchronization because synchronization is not active
2025-01-08 20:10:45 [http-nio-8080-exec-5] DEBUG o.m.s.t.SpringManagedTransaction - JDBC Connection [HikariProxyConnection@2013649936 wrapping com.mysql.cj.jdbc.ConnectionImpl@3af2f362] will not be managed by Spring
2025-01-08 20:10:45 [http-nio-8080-exec-4] DEBUG o.m.s.t.SpringManagedTransaction - JDBC Connection [HikariProxyConnection@339147915 wrapping com.mysql.cj.jdbc.ConnectionImpl@5b3f6a2e] will not be managed by Spring
2025-01-08 20:10:45 [http-nio-8080-exec-10] DEBUG o.m.s.t.SpringManagedTransaction - JDBC Connection [HikariProxyConnection@1484226905 wrapping com.mysql.cj.jdbc.ConnectionImpl@1cae75df] will not be managed by Spring
2025-01-08 20:10:45 [http-nio-8080-exec-5] DEBUG c.s.d.m.C.selectLnbSubList - ==>  Preparing: SELECT CT_LNB_SUB_IDX AS ctLnbSubIdx, CT_LNB_ID AS ctLnbId, CT_LNB_SUB_ID AS ctLnbSubId, CT_LNB_SUB_NAME AS ctLnbSubName, CT_LNB_SUB_URL AS ctLnbSubUrl FROM CT_LNB_SUB WHERE CT_LNB_ID = ? ORDER BY CT_LNB_SUB_IDX
2025-01-08 20:10:45 [http-nio-8080-exec-4] DEBUG c.s.d.m.C.selectLnbSubList - ==>  Preparing: SELECT CT_LNB_SUB_IDX AS ctLnbSubIdx, CT_LNB_ID AS ctLnbId, CT_LNB_SUB_ID AS ctLnbSubId, CT_LNB_SUB_NAME AS ctLnbSubName, CT_LNB_SUB_URL AS ctLnbSubUrl FROM CT_LNB_SUB WHERE CT_LNB_ID = ? ORDER BY CT_LNB_SUB_IDX
2025-01-08 20:10:45 [http-nio-8080-exec-10] DEBUG c.s.d.m.C.selectLnbSubList - ==>  Preparing: SELECT CT_LNB_SUB_IDX AS ctLnbSubIdx, CT_LNB_ID AS ctLnbId, CT_LNB_SUB_ID AS ctLnbSubId, CT_LNB_SUB_NAME AS ctLnbSubName, CT_LNB_SUB_URL AS ctLnbSubUrl FROM CT_LNB_SUB WHERE CT_LNB_ID = ? ORDER BY CT_LNB_SUB_IDX
2025-01-08 20:10:45 [http-nio-8080-exec-5] DEBUG c.s.d.m.C.selectLnbSubList - ==> Parameters: CT_LNB_CONTACT(String)
2025-01-08 20:10:45 [http-nio-8080-exec-10] DEBUG c.s.d.m.C.selectLnbSubList - ==> Parameters: CT_LNB_SERVICE(String)
2025-01-08 20:10:45 [http-nio-8080-exec-4] DEBUG c.s.d.m.C.selectLnbSubList - ==> Parameters: CT_LNB_INFORMATION(String)
2025-01-08 20:10:45 [http-nio-8080-exec-5] DEBUG c.s.d.m.C.selectLnbSubList - <==      Total: 2
2025-01-08 20:10:45 [http-nio-8080-exec-4] DEBUG c.s.d.m.C.selectLnbSubList - <==      Total: 2
2025-01-08 20:10:45 [http-nio-8080-exec-10] DEBUG c.s.d.m.C.selectLnbSubList - <==      Total: 4
2025-01-08 20:10:45 [http-nio-8080-exec-5] DEBUG org.mybatis.spring.SqlSessionUtils - Closing non transactional SqlSession [org.apache.ibatis.session.defaults.DefaultSqlSession@666d5608]
2025-01-08 20:10:45 [http-nio-8080-exec-4] DEBUG org.mybatis.spring.SqlSessionUtils - Closing non transactional SqlSession [org.apache.ibatis.session.defaults.DefaultSqlSession@5cdfdd56]
2025-01-08 20:10:45 [http-nio-8080-exec-10] DEBUG org.mybatis.spring.SqlSessionUtils - Closing non transactional SqlSession [org.apache.ibatis.session.defaults.DefaultSqlSession@60b9bb0f]
2025-01-08 20:10:49 [http-nio-8080-exec-2] WARN  o.t.s.p.AbstractStandardFragmentInsertionTagProcessor - [THYMELEAF][http-nio-8080-exec-2][common/layout/layout] Deprecated unwrapped fragment expression "common/fragments/header::header" found in template common/layout/layout, line 31, col 10. Please use the complete syntax of fragment expressions instead ("~{common/fragments/header::header}"). The old, unwrapped syntax for fragment expressions will be removed in future versions of Thymeleaf.
2025-01-08 20:10:49 [http-nio-8080-exec-2] WARN  o.t.s.p.AbstractStandardFragmentInsertionTagProcessor - [THYMELEAF][http-nio-8080-exec-2][common/layout/layout] Deprecated unwrapped fragment expression "common/fragments/footer::footer" found in template common/layout/layout, line 35, col 10. Please use the complete syntax of fragment expressions instead ("~{common/fragments/footer::footer}"). The old, unwrapped syntax for fragment expressions will be removed in future versions of Thymeleaf.
2025-01-08 20:10:49 [http-nio-8080-exec-2] DEBUG org.mybatis.spring.SqlSessionUtils - Creating a new SqlSession
2025-01-08 20:10:49 [http-nio-8080-exec-2] DEBUG org.mybatis.spring.SqlSessionUtils - SqlSession [org.apache.ibatis.session.defaults.DefaultSqlSession@69c071a0] was not registered for synchronization because synchronization is not active
2025-01-08 20:10:49 [http-nio-8080-exec-2] DEBUG o.m.s.t.SpringManagedTransaction - JDBC Connection [HikariProxyConnection@472252306 wrapping com.mysql.cj.jdbc.ConnectionImpl@3af2f362] will not be managed by Spring
2025-01-08 20:10:49 [http-nio-8080-exec-2] DEBUG c.s.d.m.CommonMapper.selectLnbList - ==>  Preparing: SELECT CT_LNB_IDX AS ctLnbIdx, CT_LNB_ID AS ctLnbId, CT_LNB_NAME AS ctLnbName, CT_LNB_SUB_YN AS ctLnbSubYn, CT_LNB_URL AS ctLnbUrl, CT_LNB_USE_YN AS ctLnbUseYn FROM CT_LNB WHERE CT_LNB_USE_YN = 'Y' ORDER BY CT_LNB_IDX
2025-01-08 20:10:49 [http-nio-8080-exec-2] DEBUG c.s.d.m.CommonMapper.selectLnbList - ==> Parameters: 
2025-01-08 20:10:49 [http-nio-8080-exec-2] DEBUG c.s.d.m.CommonMapper.selectLnbList - <==      Total: 4
2025-01-08 20:10:49 [http-nio-8080-exec-2] DEBUG org.mybatis.spring.SqlSessionUtils - Closing non transactional SqlSession [org.apache.ibatis.session.defaults.DefaultSqlSession@69c071a0]
2025-01-08 20:10:49 [http-nio-8080-exec-9] DEBUG org.mybatis.spring.SqlSessionUtils - Creating a new SqlSession
2025-01-08 20:10:49 [http-nio-8080-exec-9] DEBUG org.mybatis.spring.SqlSessionUtils - SqlSession [org.apache.ibatis.session.defaults.DefaultSqlSession@4f8ecbcd] was not registered for synchronization because synchronization is not active
2025-01-08 20:10:49 [http-nio-8080-exec-9] DEBUG o.m.s.t.SpringManagedTransaction - JDBC Connection [HikariProxyConnection@1259499535 wrapping com.mysql.cj.jdbc.ConnectionImpl@1cae75df] will not be managed by Spring
2025-01-08 20:10:49 [http-nio-8080-exec-9] DEBUG c.s.d.m.CommonMapper.selectLnbList - ==>  Preparing: SELECT CT_LNB_IDX AS ctLnbIdx, CT_LNB_ID AS ctLnbId, CT_LNB_NAME AS ctLnbName, CT_LNB_SUB_YN AS ctLnbSubYn, CT_LNB_URL AS ctLnbUrl, CT_LNB_USE_YN AS ctLnbUseYn FROM CT_LNB WHERE CT_LNB_USE_YN = 'Y' ORDER BY CT_LNB_IDX
2025-01-08 20:10:49 [http-nio-8080-exec-9] DEBUG c.s.d.m.CommonMapper.selectLnbList - ==> Parameters: 
2025-01-08 20:10:49 [http-nio-8080-exec-9] DEBUG c.s.d.m.CommonMapper.selectLnbList - <==      Total: 4
2025-01-08 20:10:49 [http-nio-8080-exec-9] DEBUG org.mybatis.spring.SqlSessionUtils - Closing non transactional SqlSession [org.apache.ibatis.session.defaults.DefaultSqlSession@4f8ecbcd]
2025-01-08 20:10:49 [http-nio-8080-exec-3] DEBUG org.mybatis.spring.SqlSessionUtils - Creating a new SqlSession
2025-01-08 20:10:49 [http-nio-8080-exec-1] DEBUG org.mybatis.spring.SqlSessionUtils - Creating a new SqlSession
2025-01-08 20:10:49 [http-nio-8080-exec-3] DEBUG org.mybatis.spring.SqlSessionUtils - SqlSession [org.apache.ibatis.session.defaults.DefaultSqlSession@5ec9ecde] was not registered for synchronization because synchronization is not active
2025-01-08 20:10:49 [http-nio-8080-exec-1] DEBUG org.mybatis.spring.SqlSessionUtils - SqlSession [org.apache.ibatis.session.defaults.DefaultSqlSession@33ca0b3f] was not registered for synchronization because synchronization is not active
2025-01-08 20:10:49 [http-nio-8080-exec-3] DEBUG o.m.s.t.SpringManagedTransaction - JDBC Connection [HikariProxyConnection@82832761 wrapping com.mysql.cj.jdbc.ConnectionImpl@1cae75df] will not be managed by Spring
2025-01-08 20:10:49 [http-nio-8080-exec-8] DEBUG org.mybatis.spring.SqlSessionUtils - Creating a new SqlSession
2025-01-08 20:10:49 [http-nio-8080-exec-8] DEBUG org.mybatis.spring.SqlSessionUtils - SqlSession [org.apache.ibatis.session.defaults.DefaultSqlSession@331272e9] was not registered for synchronization because synchronization is not active
2025-01-08 20:10:49 [http-nio-8080-exec-3] DEBUG c.s.d.m.C.selectLnbSubList - ==>  Preparing: SELECT CT_LNB_SUB_IDX AS ctLnbSubIdx, CT_LNB_ID AS ctLnbId, CT_LNB_SUB_ID AS ctLnbSubId, CT_LNB_SUB_NAME AS ctLnbSubName, CT_LNB_SUB_URL AS ctLnbSubUrl FROM CT_LNB_SUB WHERE CT_LNB_ID = ? ORDER BY CT_LNB_SUB_IDX
2025-01-08 20:10:49 [http-nio-8080-exec-8] DEBUG o.m.s.t.SpringManagedTransaction - JDBC Connection [HikariProxyConnection@1808753496 wrapping com.mysql.cj.jdbc.ConnectionImpl@3af2f362] will not be managed by Spring
2025-01-08 20:10:49 [http-nio-8080-exec-8] DEBUG c.s.d.m.C.selectLnbSubList - ==>  Preparing: SELECT CT_LNB_SUB_IDX AS ctLnbSubIdx, CT_LNB_ID AS ctLnbId, CT_LNB_SUB_ID AS ctLnbSubId, CT_LNB_SUB_NAME AS ctLnbSubName, CT_LNB_SUB_URL AS ctLnbSubUrl FROM CT_LNB_SUB WHERE CT_LNB_ID = ? ORDER BY CT_LNB_SUB_IDX
2025-01-08 20:10:49 [http-nio-8080-exec-3] DEBUG c.s.d.m.C.selectLnbSubList - ==> Parameters: CT_LNB_INFORMATION(String)
2025-01-08 20:10:49 [http-nio-8080-exec-8] DEBUG c.s.d.m.C.selectLnbSubList - ==> Parameters: CT_LNB_CONTACT(String)
2025-01-08 20:10:49 [http-nio-8080-exec-1] DEBUG o.m.s.t.SpringManagedTransaction - JDBC Connection [HikariProxyConnection@1452696167 wrapping com.mysql.cj.jdbc.ConnectionImpl@5b3f6a2e] will not be managed by Spring
2025-01-08 20:10:49 [http-nio-8080-exec-1] DEBUG c.s.d.m.C.selectLnbSubList - ==>  Preparing: SELECT CT_LNB_SUB_IDX AS ctLnbSubIdx, CT_LNB_ID AS ctLnbId, CT_LNB_SUB_ID AS ctLnbSubId, CT_LNB_SUB_NAME AS ctLnbSubName, CT_LNB_SUB_URL AS ctLnbSubUrl FROM CT_LNB_SUB WHERE CT_LNB_ID = ? ORDER BY CT_LNB_SUB_IDX
2025-01-08 20:10:49 [http-nio-8080-exec-1] DEBUG c.s.d.m.C.selectLnbSubList - ==> Parameters: CT_LNB_SERVICE(String)
2025-01-08 20:10:49 [http-nio-8080-exec-3] DEBUG c.s.d.m.C.selectLnbSubList - <==      Total: 2
2025-01-08 20:10:49 [http-nio-8080-exec-8] DEBUG c.s.d.m.C.selectLnbSubList - <==      Total: 2
2025-01-08 20:10:49 [http-nio-8080-exec-1] DEBUG c.s.d.m.C.selectLnbSubList - <==      Total: 4
2025-01-08 20:10:49 [http-nio-8080-exec-1] DEBUG org.mybatis.spring.SqlSessionUtils - Closing non transactional SqlSession [org.apache.ibatis.session.defaults.DefaultSqlSession@33ca0b3f]
2025-01-08 20:10:49 [http-nio-8080-exec-3] DEBUG org.mybatis.spring.SqlSessionUtils - Closing non transactional SqlSession [org.apache.ibatis.session.defaults.DefaultSqlSession@5ec9ecde]
2025-01-08 20:10:49 [http-nio-8080-exec-8] DEBUG org.mybatis.spring.SqlSessionUtils - Closing non transactional SqlSession [org.apache.ibatis.session.defaults.DefaultSqlSession@331272e9]
2025-01-08 20:10:49 [http-nio-8080-exec-7] DEBUG org.mybatis.spring.SqlSessionUtils - Creating a new SqlSession
2025-01-08 20:10:49 [http-nio-8080-exec-7] DEBUG org.mybatis.spring.SqlSessionUtils - SqlSession [org.apache.ibatis.session.defaults.DefaultSqlSession@2d2c0886] was not registered for synchronization because synchronization is not active
2025-01-08 20:10:49 [http-nio-8080-exec-7] DEBUG o.m.s.t.SpringManagedTransaction - JDBC Connection [HikariProxyConnection@838570520 wrapping com.mysql.cj.jdbc.ConnectionImpl@5b3f6a2e] will not be managed by Spring
2025-01-08 20:10:49 [http-nio-8080-exec-7] DEBUG c.s.d.m.C.selectLnbSubList - ==>  Preparing: SELECT CT_LNB_SUB_IDX AS ctLnbSubIdx, CT_LNB_ID AS ctLnbId, CT_LNB_SUB_ID AS ctLnbSubId, CT_LNB_SUB_NAME AS ctLnbSubName, CT_LNB_SUB_URL AS ctLnbSubUrl FROM CT_LNB_SUB WHERE CT_LNB_ID = ? ORDER BY CT_LNB_SUB_IDX
2025-01-08 20:10:49 [http-nio-8080-exec-7] DEBUG c.s.d.m.C.selectLnbSubList - ==> Parameters: CT_LNB_INFORMATION(String)
2025-01-08 20:10:49 [http-nio-8080-exec-5] DEBUG org.mybatis.spring.SqlSessionUtils - Creating a new SqlSession
2025-01-08 20:10:49 [http-nio-8080-exec-6] DEBUG org.mybatis.spring.SqlSessionUtils - Creating a new SqlSession
2025-01-08 20:10:49 [http-nio-8080-exec-5] DEBUG org.mybatis.spring.SqlSessionUtils - SqlSession [org.apache.ibatis.session.defaults.DefaultSqlSession@52152d64] was not registered for synchronization because synchronization is not active
2025-01-08 20:10:49 [http-nio-8080-exec-6] DEBUG org.mybatis.spring.SqlSessionUtils - SqlSession [org.apache.ibatis.session.defaults.DefaultSqlSession@5bd6f9e3] was not registered for synchronization because synchronization is not active
2025-01-08 20:10:49 [http-nio-8080-exec-5] DEBUG o.m.s.t.SpringManagedTransaction - JDBC Connection [HikariProxyConnection@78024298 wrapping com.mysql.cj.jdbc.ConnectionImpl@3af2f362] will not be managed by Spring
2025-01-08 20:10:49 [http-nio-8080-exec-6] DEBUG o.m.s.t.SpringManagedTransaction - JDBC Connection [HikariProxyConnection@1118691343 wrapping com.mysql.cj.jdbc.ConnectionImpl@1cae75df] will not be managed by Spring
2025-01-08 20:10:49 [http-nio-8080-exec-5] DEBUG c.s.d.m.C.selectLnbSubList - ==>  Preparing: SELECT CT_LNB_SUB_IDX AS ctLnbSubIdx, CT_LNB_ID AS ctLnbId, CT_LNB_SUB_ID AS ctLnbSubId, CT_LNB_SUB_NAME AS ctLnbSubName, CT_LNB_SUB_URL AS ctLnbSubUrl FROM CT_LNB_SUB WHERE CT_LNB_ID = ? ORDER BY CT_LNB_SUB_IDX
2025-01-08 20:10:49 [http-nio-8080-exec-6] DEBUG c.s.d.m.C.selectLnbSubList - ==>  Preparing: SELECT CT_LNB_SUB_IDX AS ctLnbSubIdx, CT_LNB_ID AS ctLnbId, CT_LNB_SUB_ID AS ctLnbSubId, CT_LNB_SUB_NAME AS ctLnbSubName, CT_LNB_SUB_URL AS ctLnbSubUrl FROM CT_LNB_SUB WHERE CT_LNB_ID = ? ORDER BY CT_LNB_SUB_IDX
2025-01-08 20:10:49 [http-nio-8080-exec-7] DEBUG c.s.d.m.C.selectLnbSubList - <==      Total: 2
2025-01-08 20:10:49 [http-nio-8080-exec-6] DEBUG c.s.d.m.C.selectLnbSubList - ==> Parameters: CT_LNB_SERVICE(String)
2025-01-08 20:10:49 [http-nio-8080-exec-5] DEBUG c.s.d.m.C.selectLnbSubList - ==> Parameters: CT_LNB_CONTACT(String)
2025-01-08 20:10:49 [http-nio-8080-exec-7] DEBUG org.mybatis.spring.SqlSessionUtils - Closing non transactional SqlSession [org.apache.ibatis.session.defaults.DefaultSqlSession@2d2c0886]
2025-01-08 20:10:49 [http-nio-8080-exec-5] DEBUG c.s.d.m.C.selectLnbSubList - <==      Total: 2
2025-01-08 20:10:49 [http-nio-8080-exec-6] DEBUG c.s.d.m.C.selectLnbSubList - <==      Total: 4
2025-01-08 20:10:49 [http-nio-8080-exec-6] DEBUG org.mybatis.spring.SqlSessionUtils - Closing non transactional SqlSession [org.apache.ibatis.session.defaults.DefaultSqlSession@5bd6f9e3]
2025-01-08 20:10:49 [http-nio-8080-exec-5] DEBUG org.mybatis.spring.SqlSessionUtils - Closing non transactional SqlSession [org.apache.ibatis.session.defaults.DefaultSqlSession@52152d64]
2025-01-08 20:10:55 [http-nio-8080-exec-4] WARN  o.t.s.p.AbstractStandardFragmentInsertionTagProcessor - [THYMELEAF][http-nio-8080-exec-4][common/layout/layout] Deprecated unwrapped fragment expression "common/fragments/header::header" found in template common/layout/layout, line 31, col 10. Please use the complete syntax of fragment expressions instead ("~{common/fragments/header::header}"). The old, unwrapped syntax for fragment expressions will be removed in future versions of Thymeleaf.
2025-01-08 20:10:55 [http-nio-8080-exec-4] WARN  o.t.s.p.AbstractStandardFragmentInsertionTagProcessor - [THYMELEAF][http-nio-8080-exec-4][common/layout/layout] Deprecated unwrapped fragment expression "common/fragments/footer::footer" found in template common/layout/layout, line 35, col 10. Please use the complete syntax of fragment expressions instead ("~{common/fragments/footer::footer}"). The old, unwrapped syntax for fragment expressions will be removed in future versions of Thymeleaf.
2025-01-08 20:10:55 [http-nio-8080-exec-4] DEBUG org.mybatis.spring.SqlSessionUtils - Creating a new SqlSession
2025-01-08 20:10:55 [http-nio-8080-exec-4] DEBUG org.mybatis.spring.SqlSessionUtils - SqlSession [org.apache.ibatis.session.defaults.DefaultSqlSession@1213defe] was not registered for synchronization because synchronization is not active
2025-01-08 20:10:55 [http-nio-8080-exec-4] DEBUG o.m.s.t.SpringManagedTransaction - JDBC Connection [HikariProxyConnection@1519771808 wrapping com.mysql.cj.jdbc.ConnectionImpl@5b3f6a2e] will not be managed by Spring
2025-01-08 20:10:55 [http-nio-8080-exec-4] DEBUG c.s.d.m.CommonMapper.selectLnbList - ==>  Preparing: SELECT CT_LNB_IDX AS ctLnbIdx, CT_LNB_ID AS ctLnbId, CT_LNB_NAME AS ctLnbName, CT_LNB_SUB_YN AS ctLnbSubYn, CT_LNB_URL AS ctLnbUrl, CT_LNB_USE_YN AS ctLnbUseYn FROM CT_LNB WHERE CT_LNB_USE_YN = 'Y' ORDER BY CT_LNB_IDX
2025-01-08 20:10:55 [http-nio-8080-exec-4] DEBUG c.s.d.m.CommonMapper.selectLnbList - ==> Parameters: 
2025-01-08 20:10:55 [http-nio-8080-exec-4] DEBUG c.s.d.m.CommonMapper.selectLnbList - <==      Total: 4
2025-01-08 20:10:55 [http-nio-8080-exec-4] DEBUG org.mybatis.spring.SqlSessionUtils - Closing non transactional SqlSession [org.apache.ibatis.session.defaults.DefaultSqlSession@1213defe]
2025-01-08 20:10:55 [http-nio-8080-exec-9] DEBUG org.mybatis.spring.SqlSessionUtils - Creating a new SqlSession
2025-01-08 20:10:55 [http-nio-8080-exec-9] DEBUG org.mybatis.spring.SqlSessionUtils - SqlSession [org.apache.ibatis.session.defaults.DefaultSqlSession@5d5cb6fe] was not registered for synchronization because synchronization is not active
2025-01-08 20:10:55 [http-nio-8080-exec-9] DEBUG o.m.s.t.SpringManagedTransaction - JDBC Connection [HikariProxyConnection@1619329218 wrapping com.mysql.cj.jdbc.ConnectionImpl@1cae75df] will not be managed by Spring
2025-01-08 20:10:55 [http-nio-8080-exec-9] DEBUG c.s.d.m.CommonMapper.selectLnbList - ==>  Preparing: SELECT CT_LNB_IDX AS ctLnbIdx, CT_LNB_ID AS ctLnbId, CT_LNB_NAME AS ctLnbName, CT_LNB_SUB_YN AS ctLnbSubYn, CT_LNB_URL AS ctLnbUrl, CT_LNB_USE_YN AS ctLnbUseYn FROM CT_LNB WHERE CT_LNB_USE_YN = 'Y' ORDER BY CT_LNB_IDX
2025-01-08 20:10:55 [http-nio-8080-exec-9] DEBUG c.s.d.m.CommonMapper.selectLnbList - ==> Parameters: 
2025-01-08 20:10:55 [http-nio-8080-exec-9] DEBUG c.s.d.m.CommonMapper.selectLnbList - <==      Total: 4
2025-01-08 20:10:55 [http-nio-8080-exec-9] DEBUG org.mybatis.spring.SqlSessionUtils - Closing non transactional SqlSession [org.apache.ibatis.session.defaults.DefaultSqlSession@5d5cb6fe]
2025-01-08 20:10:55 [http-nio-8080-exec-1] DEBUG org.mybatis.spring.SqlSessionUtils - Creating a new SqlSession
2025-01-08 20:10:55 [http-nio-8080-exec-10] DEBUG org.mybatis.spring.SqlSessionUtils - Creating a new SqlSession
2025-01-08 20:10:55 [http-nio-8080-exec-1] DEBUG org.mybatis.spring.SqlSessionUtils - SqlSession [org.apache.ibatis.session.defaults.DefaultSqlSession@5c7a178a] was not registered for synchronization because synchronization is not active
2025-01-08 20:10:55 [http-nio-8080-exec-10] DEBUG org.mybatis.spring.SqlSessionUtils - SqlSession [org.apache.ibatis.session.defaults.DefaultSqlSession@384d4f24] was not registered for synchronization because synchronization is not active
2025-01-08 20:10:55 [http-nio-8080-exec-2] DEBUG org.mybatis.spring.SqlSessionUtils - Creating a new SqlSession
2025-01-08 20:10:55 [http-nio-8080-exec-2] DEBUG org.mybatis.spring.SqlSessionUtils - SqlSession [org.apache.ibatis.session.defaults.DefaultSqlSession@5af52ce4] was not registered for synchronization because synchronization is not active
2025-01-08 20:10:55 [http-nio-8080-exec-1] DEBUG o.m.s.t.SpringManagedTransaction - JDBC Connection [HikariProxyConnection@958059320 wrapping com.mysql.cj.jdbc.ConnectionImpl@5b3f6a2e] will not be managed by Spring
2025-01-08 20:10:55 [http-nio-8080-exec-10] DEBUG o.m.s.t.SpringManagedTransaction - JDBC Connection [HikariProxyConnection@1134010905 wrapping com.mysql.cj.jdbc.ConnectionImpl@1cae75df] will not be managed by Spring
2025-01-08 20:10:55 [http-nio-8080-exec-1] DEBUG c.s.d.m.C.selectLnbSubList - ==>  Preparing: SELECT CT_LNB_SUB_IDX AS ctLnbSubIdx, CT_LNB_ID AS ctLnbId, CT_LNB_SUB_ID AS ctLnbSubId, CT_LNB_SUB_NAME AS ctLnbSubName, CT_LNB_SUB_URL AS ctLnbSubUrl FROM CT_LNB_SUB WHERE CT_LNB_ID = ? ORDER BY CT_LNB_SUB_IDX
2025-01-08 20:10:55 [http-nio-8080-exec-10] DEBUG c.s.d.m.C.selectLnbSubList - ==>  Preparing: SELECT CT_LNB_SUB_IDX AS ctLnbSubIdx, CT_LNB_ID AS ctLnbId, CT_LNB_SUB_ID AS ctLnbSubId, CT_LNB_SUB_NAME AS ctLnbSubName, CT_LNB_SUB_URL AS ctLnbSubUrl FROM CT_LNB_SUB WHERE CT_LNB_ID = ? ORDER BY CT_LNB_SUB_IDX
2025-01-08 20:10:55 [http-nio-8080-exec-10] DEBUG c.s.d.m.C.selectLnbSubList - ==> Parameters: CT_LNB_INFORMATION(String)
2025-01-08 20:10:55 [http-nio-8080-exec-1] DEBUG c.s.d.m.C.selectLnbSubList - ==> Parameters: CT_LNB_SERVICE(String)
2025-01-08 20:10:55 [http-nio-8080-exec-2] DEBUG o.m.s.t.SpringManagedTransaction - JDBC Connection [HikariProxyConnection@1772065095 wrapping com.mysql.cj.jdbc.ConnectionImpl@3af2f362] will not be managed by Spring
2025-01-08 20:10:55 [http-nio-8080-exec-2] DEBUG c.s.d.m.C.selectLnbSubList - ==>  Preparing: SELECT CT_LNB_SUB_IDX AS ctLnbSubIdx, CT_LNB_ID AS ctLnbId, CT_LNB_SUB_ID AS ctLnbSubId, CT_LNB_SUB_NAME AS ctLnbSubName, CT_LNB_SUB_URL AS ctLnbSubUrl FROM CT_LNB_SUB WHERE CT_LNB_ID = ? ORDER BY CT_LNB_SUB_IDX
2025-01-08 20:10:55 [http-nio-8080-exec-2] DEBUG c.s.d.m.C.selectLnbSubList - ==> Parameters: CT_LNB_CONTACT(String)
2025-01-08 20:10:55 [http-nio-8080-exec-10] DEBUG c.s.d.m.C.selectLnbSubList - <==      Total: 2
2025-01-08 20:10:55 [http-nio-8080-exec-2] DEBUG c.s.d.m.C.selectLnbSubList - <==      Total: 2
2025-01-08 20:10:55 [http-nio-8080-exec-1] DEBUG c.s.d.m.C.selectLnbSubList - <==      Total: 4
2025-01-08 20:10:55 [http-nio-8080-exec-10] DEBUG org.mybatis.spring.SqlSessionUtils - Closing non transactional SqlSession [org.apache.ibatis.session.defaults.DefaultSqlSession@384d4f24]
2025-01-08 20:10:55 [http-nio-8080-exec-2] DEBUG org.mybatis.spring.SqlSessionUtils - Closing non transactional SqlSession [org.apache.ibatis.session.defaults.DefaultSqlSession@5af52ce4]
2025-01-08 20:10:55 [http-nio-8080-exec-1] DEBUG org.mybatis.spring.SqlSessionUtils - Closing non transactional SqlSession [org.apache.ibatis.session.defaults.DefaultSqlSession@5c7a178a]
2025-01-08 20:10:55 [http-nio-8080-exec-8] DEBUG org.mybatis.spring.SqlSessionUtils - Creating a new SqlSession
2025-01-08 20:10:55 [http-nio-8080-exec-6] DEBUG org.mybatis.spring.SqlSessionUtils - Creating a new SqlSession
2025-01-08 20:10:55 [http-nio-8080-exec-3] DEBUG org.mybatis.spring.SqlSessionUtils - Creating a new SqlSession
2025-01-08 20:10:55 [http-nio-8080-exec-8] DEBUG org.mybatis.spring.SqlSessionUtils - SqlSession [org.apache.ibatis.session.defaults.DefaultSqlSession@48380839] was not registered for synchronization because synchronization is not active
2025-01-08 20:10:55 [http-nio-8080-exec-6] DEBUG org.mybatis.spring.SqlSessionUtils - SqlSession [org.apache.ibatis.session.defaults.DefaultSqlSession@3fb86d78] was not registered for synchronization because synchronization is not active
2025-01-08 20:10:55 [http-nio-8080-exec-3] DEBUG org.mybatis.spring.SqlSessionUtils - SqlSession [org.apache.ibatis.session.defaults.DefaultSqlSession@6144fa50] was not registered for synchronization because synchronization is not active
2025-01-08 20:10:55 [http-nio-8080-exec-6] DEBUG o.m.s.t.SpringManagedTransaction - JDBC Connection [HikariProxyConnection@305680152 wrapping com.mysql.cj.jdbc.ConnectionImpl@1cae75df] will not be managed by Spring
2025-01-08 20:10:55 [http-nio-8080-exec-8] DEBUG o.m.s.t.SpringManagedTransaction - JDBC Connection [HikariProxyConnection@1493002181 wrapping com.mysql.cj.jdbc.ConnectionImpl@3af2f362] will not be managed by Spring
2025-01-08 20:10:55 [http-nio-8080-exec-3] DEBUG o.m.s.t.SpringManagedTransaction - JDBC Connection [HikariProxyConnection@440096548 wrapping com.mysql.cj.jdbc.ConnectionImpl@5b3f6a2e] will not be managed by Spring
2025-01-08 20:10:55 [http-nio-8080-exec-6] DEBUG c.s.d.m.C.selectLnbSubList - ==>  Preparing: SELECT CT_LNB_SUB_IDX AS ctLnbSubIdx, CT_LNB_ID AS ctLnbId, CT_LNB_SUB_ID AS ctLnbSubId, CT_LNB_SUB_NAME AS ctLnbSubName, CT_LNB_SUB_URL AS ctLnbSubUrl FROM CT_LNB_SUB WHERE CT_LNB_ID = ? ORDER BY CT_LNB_SUB_IDX
2025-01-08 20:10:55 [http-nio-8080-exec-8] DEBUG c.s.d.m.C.selectLnbSubList - ==>  Preparing: SELECT CT_LNB_SUB_IDX AS ctLnbSubIdx, CT_LNB_ID AS ctLnbId, CT_LNB_SUB_ID AS ctLnbSubId, CT_LNB_SUB_NAME AS ctLnbSubName, CT_LNB_SUB_URL AS ctLnbSubUrl FROM CT_LNB_SUB WHERE CT_LNB_ID = ? ORDER BY CT_LNB_SUB_IDX
2025-01-08 20:10:55 [http-nio-8080-exec-3] DEBUG c.s.d.m.C.selectLnbSubList - ==>  Preparing: SELECT CT_LNB_SUB_IDX AS ctLnbSubIdx, CT_LNB_ID AS ctLnbId, CT_LNB_SUB_ID AS ctLnbSubId, CT_LNB_SUB_NAME AS ctLnbSubName, CT_LNB_SUB_URL AS ctLnbSubUrl FROM CT_LNB_SUB WHERE CT_LNB_ID = ? ORDER BY CT_LNB_SUB_IDX
2025-01-08 20:10:55 [http-nio-8080-exec-8] DEBUG c.s.d.m.C.selectLnbSubList - ==> Parameters: CT_LNB_INFORMATION(String)
2025-01-08 20:10:55 [http-nio-8080-exec-6] DEBUG c.s.d.m.C.selectLnbSubList - ==> Parameters: CT_LNB_CONTACT(String)
2025-01-08 20:10:55 [http-nio-8080-exec-3] DEBUG c.s.d.m.C.selectLnbSubList - ==> Parameters: CT_LNB_SERVICE(String)
2025-01-08 20:10:55 [http-nio-8080-exec-6] DEBUG c.s.d.m.C.selectLnbSubList - <==      Total: 2
2025-01-08 20:10:55 [http-nio-8080-exec-8] DEBUG c.s.d.m.C.selectLnbSubList - <==      Total: 2
2025-01-08 20:10:55 [http-nio-8080-exec-3] DEBUG c.s.d.m.C.selectLnbSubList - <==      Total: 4
2025-01-08 20:10:55 [http-nio-8080-exec-6] DEBUG org.mybatis.spring.SqlSessionUtils - Closing non transactional SqlSession [org.apache.ibatis.session.defaults.DefaultSqlSession@3fb86d78]
2025-01-08 20:10:55 [http-nio-8080-exec-3] DEBUG org.mybatis.spring.SqlSessionUtils - Closing non transactional SqlSession [org.apache.ibatis.session.defaults.DefaultSqlSession@6144fa50]
2025-01-08 20:10:55 [http-nio-8080-exec-8] DEBUG org.mybatis.spring.SqlSessionUtils - Closing non transactional SqlSession [org.apache.ibatis.session.defaults.DefaultSqlSession@48380839]
2025-01-08 20:11:30 [http-nio-8080-exec-7] WARN  o.t.s.p.AbstractStandardFragmentInsertionTagProcessor - [THYMELEAF][http-nio-8080-exec-7][common/layout/layout] Deprecated unwrapped fragment expression "common/fragments/header::header" found in template common/layout/layout, line 31, col 10. Please use the complete syntax of fragment expressions instead ("~{common/fragments/header::header}"). The old, unwrapped syntax for fragment expressions will be removed in future versions of Thymeleaf.
2025-01-08 20:11:30 [http-nio-8080-exec-7] WARN  o.t.s.p.AbstractStandardFragmentInsertionTagProcessor - [THYMELEAF][http-nio-8080-exec-7][common/layout/layout] Deprecated unwrapped fragment expression "common/fragments/footer::footer" found in template common/layout/layout, line 35, col 10. Please use the complete syntax of fragment expressions instead ("~{common/fragments/footer::footer}"). The old, unwrapped syntax for fragment expressions will be removed in future versions of Thymeleaf.
2025-01-08 20:11:30 [http-nio-8080-exec-7] DEBUG org.mybatis.spring.SqlSessionUtils - Creating a new SqlSession
2025-01-08 20:11:30 [http-nio-8080-exec-7] DEBUG org.mybatis.spring.SqlSessionUtils - SqlSession [org.apache.ibatis.session.defaults.DefaultSqlSession@19179839] was not registered for synchronization because synchronization is not active
2025-01-08 20:11:30 [http-nio-8080-exec-7] DEBUG o.m.s.t.SpringManagedTransaction - JDBC Connection [HikariProxyConnection@900194892 wrapping com.mysql.cj.jdbc.ConnectionImpl@5b3f6a2e] will not be managed by Spring
2025-01-08 20:11:30 [http-nio-8080-exec-7] DEBUG c.s.d.m.CommonMapper.selectLnbList - ==>  Preparing: SELECT CT_LNB_IDX AS ctLnbIdx, CT_LNB_ID AS ctLnbId, CT_LNB_NAME AS ctLnbName, CT_LNB_SUB_YN AS ctLnbSubYn, CT_LNB_URL AS ctLnbUrl, CT_LNB_USE_YN AS ctLnbUseYn FROM CT_LNB WHERE CT_LNB_USE_YN = 'Y' ORDER BY CT_LNB_IDX
2025-01-08 20:11:30 [http-nio-8080-exec-7] DEBUG c.s.d.m.CommonMapper.selectLnbList - ==> Parameters: 
2025-01-08 20:11:30 [http-nio-8080-exec-7] DEBUG c.s.d.m.CommonMapper.selectLnbList - <==      Total: 4
2025-01-08 20:11:30 [http-nio-8080-exec-7] DEBUG org.mybatis.spring.SqlSessionUtils - Closing non transactional SqlSession [org.apache.ibatis.session.defaults.DefaultSqlSession@19179839]
2025-01-08 20:11:30 [http-nio-8080-exec-9] DEBUG org.mybatis.spring.SqlSessionUtils - Creating a new SqlSession
2025-01-08 20:11:30 [http-nio-8080-exec-1] DEBUG org.mybatis.spring.SqlSessionUtils - Creating a new SqlSession
2025-01-08 20:11:30 [http-nio-8080-exec-9] DEBUG org.mybatis.spring.SqlSessionUtils - SqlSession [org.apache.ibatis.session.defaults.DefaultSqlSession@73f6e93c] was not registered for synchronization because synchronization is not active
2025-01-08 20:11:30 [http-nio-8080-exec-1] DEBUG org.mybatis.spring.SqlSessionUtils - SqlSession [org.apache.ibatis.session.defaults.DefaultSqlSession@2f7ed35a] was not registered for synchronization because synchronization is not active
2025-01-08 20:11:30 [http-nio-8080-exec-1] DEBUG o.m.s.t.SpringManagedTransaction - JDBC Connection [HikariProxyConnection@1074943646 wrapping com.mysql.cj.jdbc.ConnectionImpl@5b3f6a2e] will not be managed by Spring
2025-01-08 20:11:30 [http-nio-8080-exec-1] DEBUG c.s.d.m.CommonMapper.selectLnbList - ==>  Preparing: SELECT CT_LNB_IDX AS ctLnbIdx, CT_LNB_ID AS ctLnbId, CT_LNB_NAME AS ctLnbName, CT_LNB_SUB_YN AS ctLnbSubYn, CT_LNB_URL AS ctLnbUrl, CT_LNB_USE_YN AS ctLnbUseYn FROM CT_LNB WHERE CT_LNB_USE_YN = 'Y' ORDER BY CT_LNB_IDX
2025-01-08 20:11:30 [http-nio-8080-exec-1] DEBUG c.s.d.m.CommonMapper.selectLnbList - ==> Parameters: 
2025-01-08 20:11:30 [http-nio-8080-exec-9] DEBUG o.m.s.t.SpringManagedTransaction - JDBC Connection [HikariProxyConnection@324373666 wrapping com.mysql.cj.jdbc.ConnectionImpl@1cae75df] will not be managed by Spring
2025-01-08 20:11:30 [http-nio-8080-exec-9] DEBUG c.s.d.m.B.selectBoardListTotal - ==>  Preparing: SELECT COUNT(*) FROM CT_BOARD
2025-01-08 20:11:30 [http-nio-8080-exec-9] DEBUG c.s.d.m.B.selectBoardListTotal - ==> Parameters: 
2025-01-08 20:11:30 [http-nio-8080-exec-1] DEBUG c.s.d.m.CommonMapper.selectLnbList - <==      Total: 4
2025-01-08 20:11:30 [http-nio-8080-exec-1] DEBUG org.mybatis.spring.SqlSessionUtils - Closing non transactional SqlSession [org.apache.ibatis.session.defaults.DefaultSqlSession@2f7ed35a]
2025-01-08 20:11:30 [http-nio-8080-exec-9] DEBUG c.s.d.m.B.selectBoardListTotal - <==      Total: 1
2025-01-08 20:11:30 [http-nio-8080-exec-9] DEBUG org.mybatis.spring.SqlSessionUtils - Closing non transactional SqlSession [org.apache.ibatis.session.defaults.DefaultSqlSession@73f6e93c]
2025-01-08 20:11:30 [http-nio-8080-exec-9] DEBUG org.mybatis.spring.SqlSessionUtils - Creating a new SqlSession
2025-01-08 20:11:30 [http-nio-8080-exec-9] DEBUG org.mybatis.spring.SqlSessionUtils - SqlSession [org.apache.ibatis.session.defaults.DefaultSqlSession@3ed43957] was not registered for synchronization because synchronization is not active
2025-01-08 20:11:30 [http-nio-8080-exec-9] DEBUG o.m.s.t.SpringManagedTransaction - JDBC Connection [HikariProxyConnection@664900162 wrapping com.mysql.cj.jdbc.ConnectionImpl@1cae75df] will not be managed by Spring
2025-01-08 20:11:30 [http-nio-8080-exec-9] DEBUG c.s.d.m.BoardMapper.selectBoardList - ==>  Preparing: SELECT ROW_NUMBER() OVER (ORDER BY CT_BOARD_IDX) AS roNum, CT_BOARD_IDX AS ctBoardIdx, CT_BOARD_ID AS ctBoardId, CT_BOARD_SUBJECT AS ctBoardSubject, CT_BOARD_NAME AS ctBoardName, CT_BOARD_CREATE_DATE AS ctBoardCreateDate FROM CT_BOARD LIMIT ?,?
2025-01-08 20:11:30 [http-nio-8080-exec-9] DEBUG c.s.d.m.BoardMapper.selectBoardList - ==> Parameters: 0(Integer), 20(Integer)
2025-01-08 20:11:30 [http-nio-8080-exec-9] DEBUG c.s.d.m.BoardMapper.selectBoardList - <==      Total: 20
2025-01-08 20:11:30 [http-nio-8080-exec-9] DEBUG org.mybatis.spring.SqlSessionUtils - Closing non transactional SqlSession [org.apache.ibatis.session.defaults.DefaultSqlSession@3ed43957]
2025-01-08 20:11:30 [http-nio-8080-exec-2] DEBUG org.mybatis.spring.SqlSessionUtils - Creating a new SqlSession
2025-01-08 20:11:30 [http-nio-8080-exec-5] DEBUG org.mybatis.spring.SqlSessionUtils - Creating a new SqlSession
2025-01-08 20:11:30 [http-nio-8080-exec-4] DEBUG org.mybatis.spring.SqlSessionUtils - Creating a new SqlSession
2025-01-08 20:11:30 [http-nio-8080-exec-2] DEBUG org.mybatis.spring.SqlSessionUtils - SqlSession [org.apache.ibatis.session.defaults.DefaultSqlSession@4fbdfdbe] was not registered for synchronization because synchronization is not active
2025-01-08 20:11:30 [http-nio-8080-exec-5] DEBUG org.mybatis.spring.SqlSessionUtils - SqlSession [org.apache.ibatis.session.defaults.DefaultSqlSession@3670c5d4] was not registered for synchronization because synchronization is not active
2025-01-08 20:11:30 [http-nio-8080-exec-4] DEBUG org.mybatis.spring.SqlSessionUtils - SqlSession [org.apache.ibatis.session.defaults.DefaultSqlSession@2f297a0] was not registered for synchronization because synchronization is not active
2025-01-08 20:11:30 [http-nio-8080-exec-4] DEBUG o.m.s.t.SpringManagedTransaction - JDBC Connection [HikariProxyConnection@2006443966 wrapping com.mysql.cj.jdbc.ConnectionImpl@5b3f6a2e] will not be managed by Spring
2025-01-08 20:11:30 [http-nio-8080-exec-5] DEBUG o.m.s.t.SpringManagedTransaction - JDBC Connection [HikariProxyConnection@822226978 wrapping com.mysql.cj.jdbc.ConnectionImpl@1cae75df] will not be managed by Spring
2025-01-08 20:11:30 [http-nio-8080-exec-5] DEBUG c.s.d.m.C.selectLnbSubList - ==>  Preparing: SELECT CT_LNB_SUB_IDX AS ctLnbSubIdx, CT_LNB_ID AS ctLnbId, CT_LNB_SUB_ID AS ctLnbSubId, CT_LNB_SUB_NAME AS ctLnbSubName, CT_LNB_SUB_URL AS ctLnbSubUrl FROM CT_LNB_SUB WHERE CT_LNB_ID = ? ORDER BY CT_LNB_SUB_IDX
2025-01-08 20:11:30 [http-nio-8080-exec-4] DEBUG c.s.d.m.C.selectLnbSubList - ==>  Preparing: SELECT CT_LNB_SUB_IDX AS ctLnbSubIdx, CT_LNB_ID AS ctLnbId, CT_LNB_SUB_ID AS ctLnbSubId, CT_LNB_SUB_NAME AS ctLnbSubName, CT_LNB_SUB_URL AS ctLnbSubUrl FROM CT_LNB_SUB WHERE CT_LNB_ID = ? ORDER BY CT_LNB_SUB_IDX
2025-01-08 20:11:30 [http-nio-8080-exec-4] DEBUG c.s.d.m.C.selectLnbSubList - ==> Parameters: CT_LNB_CONTACT(String)
2025-01-08 20:11:30 [http-nio-8080-exec-2] DEBUG o.m.s.t.SpringManagedTransaction - JDBC Connection [HikariProxyConnection@1522358439 wrapping com.mysql.cj.jdbc.ConnectionImpl@3af2f362] will not be managed by Spring
2025-01-08 20:11:30 [http-nio-8080-exec-5] DEBUG c.s.d.m.C.selectLnbSubList - ==> Parameters: CT_LNB_SERVICE(String)
2025-01-08 20:11:30 [http-nio-8080-exec-2] DEBUG c.s.d.m.C.selectLnbSubList - ==>  Preparing: SELECT CT_LNB_SUB_IDX AS ctLnbSubIdx, CT_LNB_ID AS ctLnbId, CT_LNB_SUB_ID AS ctLnbSubId, CT_LNB_SUB_NAME AS ctLnbSubName, CT_LNB_SUB_URL AS ctLnbSubUrl FROM CT_LNB_SUB WHERE CT_LNB_ID = ? ORDER BY CT_LNB_SUB_IDX
2025-01-08 20:11:30 [http-nio-8080-exec-2] DEBUG c.s.d.m.C.selectLnbSubList - ==> Parameters: CT_LNB_INFORMATION(String)
2025-01-08 20:11:30 [http-nio-8080-exec-2] DEBUG c.s.d.m.C.selectLnbSubList - <==      Total: 2
2025-01-08 20:11:30 [http-nio-8080-exec-4] DEBUG c.s.d.m.C.selectLnbSubList - <==      Total: 2
2025-01-08 20:11:30 [http-nio-8080-exec-5] DEBUG c.s.d.m.C.selectLnbSubList - <==      Total: 4
2025-01-08 20:11:30 [http-nio-8080-exec-4] DEBUG org.mybatis.spring.SqlSessionUtils - Closing non transactional SqlSession [org.apache.ibatis.session.defaults.DefaultSqlSession@2f297a0]
2025-01-08 20:11:30 [http-nio-8080-exec-5] DEBUG org.mybatis.spring.SqlSessionUtils - Closing non transactional SqlSession [org.apache.ibatis.session.defaults.DefaultSqlSession@3670c5d4]
2025-01-08 20:11:30 [http-nio-8080-exec-2] DEBUG org.mybatis.spring.SqlSessionUtils - Closing non transactional SqlSession [org.apache.ibatis.session.defaults.DefaultSqlSession@4fbdfdbe]
2025-01-08 20:11:30 [http-nio-8080-exec-6] DEBUG org.mybatis.spring.SqlSessionUtils - Creating a new SqlSession
2025-01-08 20:11:30 [http-nio-8080-exec-10] DEBUG org.mybatis.spring.SqlSessionUtils - Creating a new SqlSession
2025-01-08 20:11:30 [http-nio-8080-exec-3] DEBUG org.mybatis.spring.SqlSessionUtils - Creating a new SqlSession
2025-01-08 20:11:30 [http-nio-8080-exec-6] DEBUG org.mybatis.spring.SqlSessionUtils - SqlSession [org.apache.ibatis.session.defaults.DefaultSqlSession@1c2284c2] was not registered for synchronization because synchronization is not active
2025-01-08 20:11:30 [http-nio-8080-exec-10] DEBUG org.mybatis.spring.SqlSessionUtils - SqlSession [org.apache.ibatis.session.defaults.DefaultSqlSession@599211fe] was not registered for synchronization because synchronization is not active
2025-01-08 20:11:30 [http-nio-8080-exec-3] DEBUG org.mybatis.spring.SqlSessionUtils - SqlSession [org.apache.ibatis.session.defaults.DefaultSqlSession@7765d327] was not registered for synchronization because synchronization is not active
2025-01-08 20:11:30 [http-nio-8080-exec-10] DEBUG o.m.s.t.SpringManagedTransaction - JDBC Connection [HikariProxyConnection@661383103 wrapping com.mysql.cj.jdbc.ConnectionImpl@3af2f362] will not be managed by Spring
2025-01-08 20:11:30 [http-nio-8080-exec-6] DEBUG o.m.s.t.SpringManagedTransaction - JDBC Connection [HikariProxyConnection@1278367953 wrapping com.mysql.cj.jdbc.ConnectionImpl@1cae75df] will not be managed by Spring
2025-01-08 20:11:30 [http-nio-8080-exec-3] DEBUG o.m.s.t.SpringManagedTransaction - JDBC Connection [HikariProxyConnection@933701784 wrapping com.mysql.cj.jdbc.ConnectionImpl@5b3f6a2e] will not be managed by Spring
2025-01-08 20:11:30 [http-nio-8080-exec-6] DEBUG c.s.d.m.C.selectLnbSubList - ==>  Preparing: SELECT CT_LNB_SUB_IDX AS ctLnbSubIdx, CT_LNB_ID AS ctLnbId, CT_LNB_SUB_ID AS ctLnbSubId, CT_LNB_SUB_NAME AS ctLnbSubName, CT_LNB_SUB_URL AS ctLnbSubUrl FROM CT_LNB_SUB WHERE CT_LNB_ID = ? ORDER BY CT_LNB_SUB_IDX
2025-01-08 20:11:30 [http-nio-8080-exec-3] DEBUG c.s.d.m.C.selectLnbSubList - ==>  Preparing: SELECT CT_LNB_SUB_IDX AS ctLnbSubIdx, CT_LNB_ID AS ctLnbId, CT_LNB_SUB_ID AS ctLnbSubId, CT_LNB_SUB_NAME AS ctLnbSubName, CT_LNB_SUB_URL AS ctLnbSubUrl FROM CT_LNB_SUB WHERE CT_LNB_ID = ? ORDER BY CT_LNB_SUB_IDX
2025-01-08 20:11:30 [http-nio-8080-exec-10] DEBUG c.s.d.m.C.selectLnbSubList - ==>  Preparing: SELECT CT_LNB_SUB_IDX AS ctLnbSubIdx, CT_LNB_ID AS ctLnbId, CT_LNB_SUB_ID AS ctLnbSubId, CT_LNB_SUB_NAME AS ctLnbSubName, CT_LNB_SUB_URL AS ctLnbSubUrl FROM CT_LNB_SUB WHERE CT_LNB_ID = ? ORDER BY CT_LNB_SUB_IDX
2025-01-08 20:11:30 [http-nio-8080-exec-6] DEBUG c.s.d.m.C.selectLnbSubList - ==> Parameters: CT_LNB_CONTACT(String)
2025-01-08 20:11:30 [http-nio-8080-exec-3] DEBUG c.s.d.m.C.selectLnbSubList - ==> Parameters: CT_LNB_INFORMATION(String)
2025-01-08 20:11:30 [http-nio-8080-exec-10] DEBUG c.s.d.m.C.selectLnbSubList - ==> Parameters: CT_LNB_SERVICE(String)
2025-01-08 20:11:30 [http-nio-8080-exec-3] DEBUG c.s.d.m.C.selectLnbSubList - <==      Total: 2
2025-01-08 20:11:30 [http-nio-8080-exec-10] DEBUG c.s.d.m.C.selectLnbSubList - <==      Total: 4
2025-01-08 20:11:30 [http-nio-8080-exec-6] DEBUG c.s.d.m.C.selectLnbSubList - <==      Total: 2
2025-01-08 20:11:30 [http-nio-8080-exec-3] DEBUG org.mybatis.spring.SqlSessionUtils - Closing non transactional SqlSession [org.apache.ibatis.session.defaults.DefaultSqlSession@7765d327]
2025-01-08 20:11:30 [http-nio-8080-exec-10] DEBUG org.mybatis.spring.SqlSessionUtils - Closing non transactional SqlSession [org.apache.ibatis.session.defaults.DefaultSqlSession@599211fe]
2025-01-08 20:11:30 [http-nio-8080-exec-6] DEBUG org.mybatis.spring.SqlSessionUtils - Closing non transactional SqlSession [org.apache.ibatis.session.defaults.DefaultSqlSession@1c2284c2]
2025-01-08 20:11:33 [http-nio-8080-exec-8] DEBUG org.mybatis.spring.SqlSessionUtils - Creating a new SqlSession
2025-01-08 20:11:33 [http-nio-8080-exec-8] DEBUG org.mybatis.spring.SqlSessionUtils - SqlSession [org.apache.ibatis.session.defaults.DefaultSqlSession@1635904b] was not registered for synchronization because synchronization is not active
2025-01-08 20:11:33 [http-nio-8080-exec-8] DEBUG o.m.s.t.SpringManagedTransaction - JDBC Connection [HikariProxyConnection@633675271 wrapping com.mysql.cj.jdbc.ConnectionImpl@3af2f362] will not be managed by Spring
2025-01-08 20:11:33 [http-nio-8080-exec-8] DEBUG c.s.d.m.B.selectBoardListTotal - ==>  Preparing: SELECT COUNT(*) FROM CT_BOARD
2025-01-08 20:11:33 [http-nio-8080-exec-8] DEBUG c.s.d.m.B.selectBoardListTotal - ==> Parameters: 
2025-01-08 20:11:33 [http-nio-8080-exec-8] DEBUG c.s.d.m.B.selectBoardListTotal - <==      Total: 1
2025-01-08 20:11:33 [http-nio-8080-exec-8] DEBUG org.mybatis.spring.SqlSessionUtils - Closing non transactional SqlSession [org.apache.ibatis.session.defaults.DefaultSqlSession@1635904b]
2025-01-08 20:11:33 [http-nio-8080-exec-8] DEBUG org.mybatis.spring.SqlSessionUtils - Creating a new SqlSession
2025-01-08 20:11:33 [http-nio-8080-exec-8] DEBUG org.mybatis.spring.SqlSessionUtils - SqlSession [org.apache.ibatis.session.defaults.DefaultSqlSession@592de9fe] was not registered for synchronization because synchronization is not active
2025-01-08 20:11:33 [http-nio-8080-exec-8] DEBUG o.m.s.t.SpringManagedTransaction - JDBC Connection [HikariProxyConnection@1663077720 wrapping com.mysql.cj.jdbc.ConnectionImpl@3af2f362] will not be managed by Spring
2025-01-08 20:11:33 [http-nio-8080-exec-8] DEBUG c.s.d.m.BoardMapper.selectBoardList - ==>  Preparing: SELECT ROW_NUMBER() OVER (ORDER BY CT_BOARD_IDX) AS roNum, CT_BOARD_IDX AS ctBoardIdx, CT_BOARD_ID AS ctBoardId, CT_BOARD_SUBJECT AS ctBoardSubject, CT_BOARD_NAME AS ctBoardName, CT_BOARD_CREATE_DATE AS ctBoardCreateDate FROM CT_BOARD LIMIT ?,?
2025-01-08 20:11:33 [http-nio-8080-exec-8] DEBUG c.s.d.m.BoardMapper.selectBoardList - ==> Parameters: 20(Integer), 20(Integer)
2025-01-08 20:11:33 [http-nio-8080-exec-8] DEBUG c.s.d.m.BoardMapper.selectBoardList - <==      Total: 20
2025-01-08 20:11:33 [http-nio-8080-exec-8] DEBUG org.mybatis.spring.SqlSessionUtils - Closing non transactional SqlSession [org.apache.ibatis.session.defaults.DefaultSqlSession@592de9fe]
2025-01-08 20:11:33 [http-nio-8080-exec-7] DEBUG org.mybatis.spring.SqlSessionUtils - Creating a new SqlSession
2025-01-08 20:11:33 [http-nio-8080-exec-7] DEBUG org.mybatis.spring.SqlSessionUtils - SqlSession [org.apache.ibatis.session.defaults.DefaultSqlSession@55790522] was not registered for synchronization because synchronization is not active
2025-01-08 20:11:33 [http-nio-8080-exec-7] DEBUG o.m.s.t.SpringManagedTransaction - JDBC Connection [HikariProxyConnection@1888131556 wrapping com.mysql.cj.jdbc.ConnectionImpl@5b3f6a2e] will not be managed by Spring
2025-01-08 20:11:33 [http-nio-8080-exec-7] DEBUG c.s.d.m.B.selectBoardListTotal - ==>  Preparing: SELECT COUNT(*) FROM CT_BOARD
2025-01-08 20:11:33 [http-nio-8080-exec-7] DEBUG c.s.d.m.B.selectBoardListTotal - ==> Parameters: 
2025-01-08 20:11:33 [http-nio-8080-exec-7] DEBUG c.s.d.m.B.selectBoardListTotal - <==      Total: 1
2025-01-08 20:11:33 [http-nio-8080-exec-7] DEBUG org.mybatis.spring.SqlSessionUtils - Closing non transactional SqlSession [org.apache.ibatis.session.defaults.DefaultSqlSession@55790522]
2025-01-08 20:11:33 [http-nio-8080-exec-7] DEBUG org.mybatis.spring.SqlSessionUtils - Creating a new SqlSession
2025-01-08 20:11:33 [http-nio-8080-exec-7] DEBUG org.mybatis.spring.SqlSessionUtils - SqlSession [org.apache.ibatis.session.defaults.DefaultSqlSession@2790cee8] was not registered for synchronization because synchronization is not active
2025-01-08 20:11:33 [http-nio-8080-exec-7] DEBUG o.m.s.t.SpringManagedTransaction - JDBC Connection [HikariProxyConnection@987598637 wrapping com.mysql.cj.jdbc.ConnectionImpl@5b3f6a2e] will not be managed by Spring
2025-01-08 20:11:33 [http-nio-8080-exec-7] DEBUG c.s.d.m.BoardMapper.selectBoardList - ==>  Preparing: SELECT ROW_NUMBER() OVER (ORDER BY CT_BOARD_IDX) AS roNum, CT_BOARD_IDX AS ctBoardIdx, CT_BOARD_ID AS ctBoardId, CT_BOARD_SUBJECT AS ctBoardSubject, CT_BOARD_NAME AS ctBoardName, CT_BOARD_CREATE_DATE AS ctBoardCreateDate FROM CT_BOARD LIMIT ?,?
2025-01-08 20:11:33 [http-nio-8080-exec-7] DEBUG c.s.d.m.BoardMapper.selectBoardList - ==> Parameters: 40(Integer), 20(Integer)
2025-01-08 20:11:33 [http-nio-8080-exec-7] DEBUG c.s.d.m.BoardMapper.selectBoardList - <==      Total: 4
2025-01-08 20:11:33 [http-nio-8080-exec-7] DEBUG org.mybatis.spring.SqlSessionUtils - Closing non transactional SqlSession [org.apache.ibatis.session.defaults.DefaultSqlSession@2790cee8]
2025-01-08 20:11:34 [http-nio-8080-exec-1] DEBUG org.mybatis.spring.SqlSessionUtils - Creating a new SqlSession
2025-01-08 20:11:34 [http-nio-8080-exec-1] DEBUG org.mybatis.spring.SqlSessionUtils - SqlSession [org.apache.ibatis.session.defaults.DefaultSqlSession@3273bd11] was not registered for synchronization because synchronization is not active
2025-01-08 20:11:34 [http-nio-8080-exec-1] DEBUG o.m.s.t.SpringManagedTransaction - JDBC Connection [HikariProxyConnection@1808686086 wrapping com.mysql.cj.jdbc.ConnectionImpl@5b3f6a2e] will not be managed by Spring
2025-01-08 20:11:34 [http-nio-8080-exec-1] DEBUG c.s.d.m.B.selectBoardListTotal - ==>  Preparing: SELECT COUNT(*) FROM CT_BOARD
2025-01-08 20:11:34 [http-nio-8080-exec-1] DEBUG c.s.d.m.B.selectBoardListTotal - ==> Parameters: 
2025-01-08 20:11:34 [http-nio-8080-exec-1] DEBUG c.s.d.m.B.selectBoardListTotal - <==      Total: 1
2025-01-08 20:11:34 [http-nio-8080-exec-1] DEBUG org.mybatis.spring.SqlSessionUtils - Closing non transactional SqlSession [org.apache.ibatis.session.defaults.DefaultSqlSession@3273bd11]
2025-01-08 20:11:34 [http-nio-8080-exec-1] DEBUG org.mybatis.spring.SqlSessionUtils - Creating a new SqlSession
2025-01-08 20:11:34 [http-nio-8080-exec-1] DEBUG org.mybatis.spring.SqlSessionUtils - SqlSession [org.apache.ibatis.session.defaults.DefaultSqlSession@14577c6] was not registered for synchronization because synchronization is not active
2025-01-08 20:11:34 [http-nio-8080-exec-1] DEBUG o.m.s.t.SpringManagedTransaction - JDBC Connection [HikariProxyConnection@779213258 wrapping com.mysql.cj.jdbc.ConnectionImpl@5b3f6a2e] will not be managed by Spring
2025-01-08 20:11:34 [http-nio-8080-exec-1] DEBUG c.s.d.m.BoardMapper.selectBoardList - ==>  Preparing: SELECT ROW_NUMBER() OVER (ORDER BY CT_BOARD_IDX) AS roNum, CT_BOARD_IDX AS ctBoardIdx, CT_BOARD_ID AS ctBoardId, CT_BOARD_SUBJECT AS ctBoardSubject, CT_BOARD_NAME AS ctBoardName, CT_BOARD_CREATE_DATE AS ctBoardCreateDate FROM CT_BOARD LIMIT ?,?
2025-01-08 20:11:34 [http-nio-8080-exec-1] DEBUG c.s.d.m.BoardMapper.selectBoardList - ==> Parameters: 0(Integer), 20(Integer)
2025-01-08 20:11:34 [http-nio-8080-exec-1] DEBUG c.s.d.m.BoardMapper.selectBoardList - <==      Total: 20
2025-01-08 20:11:34 [http-nio-8080-exec-1] DEBUG org.mybatis.spring.SqlSessionUtils - Closing non transactional SqlSession [org.apache.ibatis.session.defaults.DefaultSqlSession@14577c6]
2025-01-08 20:11:35 [http-nio-8080-exec-9] DEBUG org.mybatis.spring.SqlSessionUtils - Creating a new SqlSession
2025-01-08 20:11:35 [http-nio-8080-exec-9] DEBUG org.mybatis.spring.SqlSessionUtils - SqlSession [org.apache.ibatis.session.defaults.DefaultSqlSession@52a61121] was not registered for synchronization because synchronization is not active
2025-01-08 20:11:35 [http-nio-8080-exec-9] DEBUG o.m.s.t.SpringManagedTransaction - JDBC Connection [HikariProxyConnection@1045214102 wrapping com.mysql.cj.jdbc.ConnectionImpl@1cae75df] will not be managed by Spring
2025-01-08 20:11:35 [http-nio-8080-exec-9] DEBUG c.s.d.m.B.selectBoardListTotal - ==>  Preparing: SELECT COUNT(*) FROM CT_BOARD
2025-01-08 20:11:35 [http-nio-8080-exec-9] DEBUG c.s.d.m.B.selectBoardListTotal - ==> Parameters: 
2025-01-08 20:11:35 [http-nio-8080-exec-9] DEBUG c.s.d.m.B.selectBoardListTotal - <==      Total: 1
2025-01-08 20:11:35 [http-nio-8080-exec-9] DEBUG org.mybatis.spring.SqlSessionUtils - Closing non transactional SqlSession [org.apache.ibatis.session.defaults.DefaultSqlSession@52a61121]
2025-01-08 20:11:35 [http-nio-8080-exec-9] DEBUG org.mybatis.spring.SqlSessionUtils - Creating a new SqlSession
2025-01-08 20:11:35 [http-nio-8080-exec-9] DEBUG org.mybatis.spring.SqlSessionUtils - SqlSession [org.apache.ibatis.session.defaults.DefaultSqlSession@2123edbd] was not registered for synchronization because synchronization is not active
2025-01-08 20:11:35 [http-nio-8080-exec-9] DEBUG o.m.s.t.SpringManagedTransaction - JDBC Connection [HikariProxyConnection@1131339681 wrapping com.mysql.cj.jdbc.ConnectionImpl@1cae75df] will not be managed by Spring
2025-01-08 20:11:35 [http-nio-8080-exec-9] DEBUG c.s.d.m.BoardMapper.selectBoardList - ==>  Preparing: SELECT ROW_NUMBER() OVER (ORDER BY CT_BOARD_IDX) AS roNum, CT_BOARD_IDX AS ctBoardIdx, CT_BOARD_ID AS ctBoardId, CT_BOARD_SUBJECT AS ctBoardSubject, CT_BOARD_NAME AS ctBoardName, CT_BOARD_CREATE_DATE AS ctBoardCreateDate FROM CT_BOARD LIMIT ?,?
2025-01-08 20:11:35 [http-nio-8080-exec-9] DEBUG c.s.d.m.BoardMapper.selectBoardList - ==> Parameters: 40(Integer), 20(Integer)
2025-01-08 20:11:35 [http-nio-8080-exec-9] DEBUG c.s.d.m.BoardMapper.selectBoardList - <==      Total: 4
2025-01-08 20:11:35 [http-nio-8080-exec-9] DEBUG org.mybatis.spring.SqlSessionUtils - Closing non transactional SqlSession [org.apache.ibatis.session.defaults.DefaultSqlSession@2123edbd]
2025-01-08 20:11:36 [http-nio-8080-exec-5] DEBUG org.mybatis.spring.SqlSessionUtils - Creating a new SqlSession
2025-01-08 20:11:36 [http-nio-8080-exec-5] DEBUG org.mybatis.spring.SqlSessionUtils - SqlSession [org.apache.ibatis.session.defaults.DefaultSqlSession@613168c2] was not registered for synchronization because synchronization is not active
2025-01-08 20:11:36 [http-nio-8080-exec-5] DEBUG o.m.s.t.SpringManagedTransaction - JDBC Connection [HikariProxyConnection@1373593429 wrapping com.mysql.cj.jdbc.ConnectionImpl@1cae75df] will not be managed by Spring
2025-01-08 20:11:36 [http-nio-8080-exec-5] DEBUG c.s.d.m.B.selectBoardListTotal - ==>  Preparing: SELECT COUNT(*) FROM CT_BOARD
2025-01-08 20:11:36 [http-nio-8080-exec-5] DEBUG c.s.d.m.B.selectBoardListTotal - ==> Parameters: 
2025-01-08 20:11:36 [http-nio-8080-exec-5] DEBUG c.s.d.m.B.selectBoardListTotal - <==      Total: 1
2025-01-08 20:11:36 [http-nio-8080-exec-5] DEBUG org.mybatis.spring.SqlSessionUtils - Closing non transactional SqlSession [org.apache.ibatis.session.defaults.DefaultSqlSession@613168c2]
2025-01-08 20:11:36 [http-nio-8080-exec-5] DEBUG org.mybatis.spring.SqlSessionUtils - Creating a new SqlSession
2025-01-08 20:11:36 [http-nio-8080-exec-5] DEBUG org.mybatis.spring.SqlSessionUtils - SqlSession [org.apache.ibatis.session.defaults.DefaultSqlSession@727aba15] was not registered for synchronization because synchronization is not active
2025-01-08 20:11:36 [http-nio-8080-exec-5] DEBUG o.m.s.t.SpringManagedTransaction - JDBC Connection [HikariProxyConnection@417840096 wrapping com.mysql.cj.jdbc.ConnectionImpl@1cae75df] will not be managed by Spring
2025-01-08 20:11:36 [http-nio-8080-exec-5] DEBUG c.s.d.m.BoardMapper.selectBoardList - ==>  Preparing: SELECT ROW_NUMBER() OVER (ORDER BY CT_BOARD_IDX) AS roNum, CT_BOARD_IDX AS ctBoardIdx, CT_BOARD_ID AS ctBoardId, CT_BOARD_SUBJECT AS ctBoardSubject, CT_BOARD_NAME AS ctBoardName, CT_BOARD_CREATE_DATE AS ctBoardCreateDate FROM CT_BOARD LIMIT ?,?
2025-01-08 20:11:36 [http-nio-8080-exec-5] DEBUG c.s.d.m.BoardMapper.selectBoardList - ==> Parameters: 20(Integer), 20(Integer)
2025-01-08 20:11:36 [http-nio-8080-exec-5] DEBUG c.s.d.m.BoardMapper.selectBoardList - <==      Total: 20
2025-01-08 20:11:36 [http-nio-8080-exec-5] DEBUG org.mybatis.spring.SqlSessionUtils - Closing non transactional SqlSession [org.apache.ibatis.session.defaults.DefaultSqlSession@727aba15]
2025-01-08 20:11:36 [http-nio-8080-exec-4] DEBUG org.mybatis.spring.SqlSessionUtils - Creating a new SqlSession
2025-01-08 20:11:36 [http-nio-8080-exec-4] DEBUG org.mybatis.spring.SqlSessionUtils - SqlSession [org.apache.ibatis.session.defaults.DefaultSqlSession@3f11519c] was not registered for synchronization because synchronization is not active
2025-01-08 20:11:36 [http-nio-8080-exec-4] DEBUG o.m.s.t.SpringManagedTransaction - JDBC Connection [HikariProxyConnection@701013577 wrapping com.mysql.cj.jdbc.ConnectionImpl@5b3f6a2e] will not be managed by Spring
2025-01-08 20:11:36 [http-nio-8080-exec-4] DEBUG c.s.d.m.B.selectBoardListTotal - ==>  Preparing: SELECT COUNT(*) FROM CT_BOARD
2025-01-08 20:11:36 [http-nio-8080-exec-4] DEBUG c.s.d.m.B.selectBoardListTotal - ==> Parameters: 
2025-01-08 20:11:36 [http-nio-8080-exec-4] DEBUG c.s.d.m.B.selectBoardListTotal - <==      Total: 1
2025-01-08 20:11:36 [http-nio-8080-exec-4] DEBUG org.mybatis.spring.SqlSessionUtils - Closing non transactional SqlSession [org.apache.ibatis.session.defaults.DefaultSqlSession@3f11519c]
2025-01-08 20:11:36 [http-nio-8080-exec-4] DEBUG org.mybatis.spring.SqlSessionUtils - Creating a new SqlSession
2025-01-08 20:11:36 [http-nio-8080-exec-4] DEBUG org.mybatis.spring.SqlSessionUtils - SqlSession [org.apache.ibatis.session.defaults.DefaultSqlSession@11dc227f] was not registered for synchronization because synchronization is not active
2025-01-08 20:11:36 [http-nio-8080-exec-4] DEBUG o.m.s.t.SpringManagedTransaction - JDBC Connection [HikariProxyConnection@611589225 wrapping com.mysql.cj.jdbc.ConnectionImpl@5b3f6a2e] will not be managed by Spring
2025-01-08 20:11:36 [http-nio-8080-exec-4] DEBUG c.s.d.m.BoardMapper.selectBoardList - ==>  Preparing: SELECT ROW_NUMBER() OVER (ORDER BY CT_BOARD_IDX) AS roNum, CT_BOARD_IDX AS ctBoardIdx, CT_BOARD_ID AS ctBoardId, CT_BOARD_SUBJECT AS ctBoardSubject, CT_BOARD_NAME AS ctBoardName, CT_BOARD_CREATE_DATE AS ctBoardCreateDate FROM CT_BOARD LIMIT ?,?
2025-01-08 20:11:36 [http-nio-8080-exec-4] DEBUG c.s.d.m.BoardMapper.selectBoardList - ==> Parameters: 0(Integer), 20(Integer)
2025-01-08 20:11:36 [http-nio-8080-exec-4] DEBUG c.s.d.m.BoardMapper.selectBoardList - <==      Total: 20
2025-01-08 20:11:36 [http-nio-8080-exec-4] DEBUG org.mybatis.spring.SqlSessionUtils - Closing non transactional SqlSession [org.apache.ibatis.session.defaults.DefaultSqlSession@11dc227f]
2025-01-08 20:11:39 [http-nio-8080-exec-2] WARN  o.t.s.p.AbstractStandardFragmentInsertionTagProcessor - [THYMELEAF][http-nio-8080-exec-2][common/layout/layout] Deprecated unwrapped fragment expression "common/fragments/header::header" found in template common/layout/layout, line 31, col 10. Please use the complete syntax of fragment expressions instead ("~{common/fragments/header::header}"). The old, unwrapped syntax for fragment expressions will be removed in future versions of Thymeleaf.
2025-01-08 20:11:39 [http-nio-8080-exec-2] WARN  o.t.s.p.AbstractStandardFragmentInsertionTagProcessor - [THYMELEAF][http-nio-8080-exec-2][common/layout/layout] Deprecated unwrapped fragment expression "common/fragments/footer::footer" found in template common/layout/layout, line 35, col 10. Please use the complete syntax of fragment expressions instead ("~{common/fragments/footer::footer}"). The old, unwrapped syntax for fragment expressions will be removed in future versions of Thymeleaf.
2025-01-08 20:11:39 [http-nio-8080-exec-2] DEBUG org.mybatis.spring.SqlSessionUtils - Creating a new SqlSession
2025-01-08 20:11:39 [http-nio-8080-exec-2] DEBUG org.mybatis.spring.SqlSessionUtils - SqlSession [org.apache.ibatis.session.defaults.DefaultSqlSession@45061e97] was not registered for synchronization because synchronization is not active
2025-01-08 20:11:39 [http-nio-8080-exec-2] DEBUG o.m.s.t.SpringManagedTransaction - JDBC Connection [HikariProxyConnection@1986708441 wrapping com.mysql.cj.jdbc.ConnectionImpl@3af2f362] will not be managed by Spring
2025-01-08 20:11:39 [http-nio-8080-exec-2] DEBUG c.s.d.m.CommonMapper.selectLnbList - ==>  Preparing: SELECT CT_LNB_IDX AS ctLnbIdx, CT_LNB_ID AS ctLnbId, CT_LNB_NAME AS ctLnbName, CT_LNB_SUB_YN AS ctLnbSubYn, CT_LNB_URL AS ctLnbUrl, CT_LNB_USE_YN AS ctLnbUseYn FROM CT_LNB WHERE CT_LNB_USE_YN = 'Y' ORDER BY CT_LNB_IDX
2025-01-08 20:11:39 [http-nio-8080-exec-2] DEBUG c.s.d.m.CommonMapper.selectLnbList - ==> Parameters: 
2025-01-08 20:11:39 [http-nio-8080-exec-2] DEBUG c.s.d.m.CommonMapper.selectLnbList - <==      Total: 4
2025-01-08 20:11:39 [http-nio-8080-exec-2] DEBUG org.mybatis.spring.SqlSessionUtils - Closing non transactional SqlSession [org.apache.ibatis.session.defaults.DefaultSqlSession@45061e97]
2025-01-08 20:11:39 [http-nio-8080-exec-10] DEBUG org.mybatis.spring.SqlSessionUtils - Creating a new SqlSession
2025-01-08 20:11:39 [http-nio-8080-exec-10] DEBUG org.mybatis.spring.SqlSessionUtils - SqlSession [org.apache.ibatis.session.defaults.DefaultSqlSession@63652aaf] was not registered for synchronization because synchronization is not active
2025-01-08 20:11:39 [http-nio-8080-exec-10] DEBUG o.m.s.t.SpringManagedTransaction - JDBC Connection [HikariProxyConnection@466317155 wrapping com.mysql.cj.jdbc.ConnectionImpl@3af2f362] will not be managed by Spring
2025-01-08 20:11:39 [http-nio-8080-exec-10] DEBUG c.s.d.m.CommonMapper.selectLnbList - ==>  Preparing: SELECT CT_LNB_IDX AS ctLnbIdx, CT_LNB_ID AS ctLnbId, CT_LNB_NAME AS ctLnbName, CT_LNB_SUB_YN AS ctLnbSubYn, CT_LNB_URL AS ctLnbUrl, CT_LNB_USE_YN AS ctLnbUseYn FROM CT_LNB WHERE CT_LNB_USE_YN = 'Y' ORDER BY CT_LNB_IDX
2025-01-08 20:11:39 [http-nio-8080-exec-10] DEBUG c.s.d.m.CommonMapper.selectLnbList - ==> Parameters: 
2025-01-08 20:11:39 [http-nio-8080-exec-10] DEBUG c.s.d.m.CommonMapper.selectLnbList - <==      Total: 4
2025-01-08 20:11:39 [http-nio-8080-exec-10] DEBUG org.mybatis.spring.SqlSessionUtils - Closing non transactional SqlSession [org.apache.ibatis.session.defaults.DefaultSqlSession@63652aaf]
2025-01-08 20:11:39 [http-nio-8080-exec-3] DEBUG org.mybatis.spring.SqlSessionUtils - Creating a new SqlSession
2025-01-08 20:11:39 [http-nio-8080-exec-8] DEBUG org.mybatis.spring.SqlSessionUtils - Creating a new SqlSession
2025-01-08 20:11:39 [http-nio-8080-exec-6] DEBUG org.mybatis.spring.SqlSessionUtils - Creating a new SqlSession
2025-01-08 20:11:39 [http-nio-8080-exec-8] DEBUG org.mybatis.spring.SqlSessionUtils - SqlSession [org.apache.ibatis.session.defaults.DefaultSqlSession@16c2d86d] was not registered for synchronization because synchronization is not active
2025-01-08 20:11:39 [http-nio-8080-exec-3] DEBUG org.mybatis.spring.SqlSessionUtils - SqlSession [org.apache.ibatis.session.defaults.DefaultSqlSession@6f3d2fcf] was not registered for synchronization because synchronization is not active
2025-01-08 20:11:39 [http-nio-8080-exec-6] DEBUG org.mybatis.spring.SqlSessionUtils - SqlSession [org.apache.ibatis.session.defaults.DefaultSqlSession@2e110c1a] was not registered for synchronization because synchronization is not active
2025-01-08 20:11:39 [http-nio-8080-exec-8] DEBUG o.m.s.t.SpringManagedTransaction - JDBC Connection [HikariProxyConnection@1911545248 wrapping com.mysql.cj.jdbc.ConnectionImpl@3af2f362] will not be managed by Spring
2025-01-08 20:11:39 [http-nio-8080-exec-8] DEBUG c.s.d.m.C.selectLnbSubList - ==>  Preparing: SELECT CT_LNB_SUB_IDX AS ctLnbSubIdx, CT_LNB_ID AS ctLnbId, CT_LNB_SUB_ID AS ctLnbSubId, CT_LNB_SUB_NAME AS ctLnbSubName, CT_LNB_SUB_URL AS ctLnbSubUrl FROM CT_LNB_SUB WHERE CT_LNB_ID = ? ORDER BY CT_LNB_SUB_IDX
2025-01-08 20:11:39 [http-nio-8080-exec-3] DEBUG o.m.s.t.SpringManagedTransaction - JDBC Connection [HikariProxyConnection@1641032024 wrapping com.mysql.cj.jdbc.ConnectionImpl@5b3f6a2e] will not be managed by Spring
2025-01-08 20:11:39 [http-nio-8080-exec-6] DEBUG o.m.s.t.SpringManagedTransaction - JDBC Connection [HikariProxyConnection@1891315161 wrapping com.mysql.cj.jdbc.ConnectionImpl@1cae75df] will not be managed by Spring
2025-01-08 20:11:39 [http-nio-8080-exec-8] DEBUG c.s.d.m.C.selectLnbSubList - ==> Parameters: CT_LNB_CONTACT(String)
2025-01-08 20:11:39 [http-nio-8080-exec-3] DEBUG c.s.d.m.C.selectLnbSubList - ==>  Preparing: SELECT CT_LNB_SUB_IDX AS ctLnbSubIdx, CT_LNB_ID AS ctLnbId, CT_LNB_SUB_ID AS ctLnbSubId, CT_LNB_SUB_NAME AS ctLnbSubName, CT_LNB_SUB_URL AS ctLnbSubUrl FROM CT_LNB_SUB WHERE CT_LNB_ID = ? ORDER BY CT_LNB_SUB_IDX
2025-01-08 20:11:39 [http-nio-8080-exec-6] DEBUG c.s.d.m.C.selectLnbSubList - ==>  Preparing: SELECT CT_LNB_SUB_IDX AS ctLnbSubIdx, CT_LNB_ID AS ctLnbId, CT_LNB_SUB_ID AS ctLnbSubId, CT_LNB_SUB_NAME AS ctLnbSubName, CT_LNB_SUB_URL AS ctLnbSubUrl FROM CT_LNB_SUB WHERE CT_LNB_ID = ? ORDER BY CT_LNB_SUB_IDX
2025-01-08 20:11:39 [http-nio-8080-exec-6] DEBUG c.s.d.m.C.selectLnbSubList - ==> Parameters: CT_LNB_SERVICE(String)
2025-01-08 20:11:39 [http-nio-8080-exec-3] DEBUG c.s.d.m.C.selectLnbSubList - ==> Parameters: CT_LNB_INFORMATION(String)
2025-01-08 20:11:39 [http-nio-8080-exec-8] DEBUG c.s.d.m.C.selectLnbSubList - <==      Total: 2
2025-01-08 20:11:39 [http-nio-8080-exec-6] DEBUG c.s.d.m.C.selectLnbSubList - <==      Total: 4
2025-01-08 20:11:39 [http-nio-8080-exec-3] DEBUG c.s.d.m.C.selectLnbSubList - <==      Total: 2
2025-01-08 20:11:39 [http-nio-8080-exec-8] DEBUG org.mybatis.spring.SqlSessionUtils - Closing non transactional SqlSession [org.apache.ibatis.session.defaults.DefaultSqlSession@16c2d86d]
2025-01-08 20:11:39 [http-nio-8080-exec-3] DEBUG org.mybatis.spring.SqlSessionUtils - Closing non transactional SqlSession [org.apache.ibatis.session.defaults.DefaultSqlSession@6f3d2fcf]
2025-01-08 20:11:39 [http-nio-8080-exec-6] DEBUG org.mybatis.spring.SqlSessionUtils - Closing non transactional SqlSession [org.apache.ibatis.session.defaults.DefaultSqlSession@2e110c1a]
2025-01-08 20:11:39 [http-nio-8080-exec-7] DEBUG org.mybatis.spring.SqlSessionUtils - Creating a new SqlSession
2025-01-08 20:11:39 [http-nio-8080-exec-1] DEBUG org.mybatis.spring.SqlSessionUtils - Creating a new SqlSession
2025-01-08 20:11:39 [http-nio-8080-exec-5] DEBUG org.mybatis.spring.SqlSessionUtils - Creating a new SqlSession
2025-01-08 20:11:39 [http-nio-8080-exec-7] DEBUG org.mybatis.spring.SqlSessionUtils - SqlSession [org.apache.ibatis.session.defaults.DefaultSqlSession@68995be2] was not registered for synchronization because synchronization is not active
2025-01-08 20:11:39 [http-nio-8080-exec-5] DEBUG org.mybatis.spring.SqlSessionUtils - SqlSession [org.apache.ibatis.session.defaults.DefaultSqlSession@2bd0978] was not registered for synchronization because synchronization is not active
2025-01-08 20:11:39 [http-nio-8080-exec-1] DEBUG org.mybatis.spring.SqlSessionUtils - SqlSession [org.apache.ibatis.session.defaults.DefaultSqlSession@76cc66aa] was not registered for synchronization because synchronization is not active
2025-01-08 20:11:39 [http-nio-8080-exec-1] DEBUG o.m.s.t.SpringManagedTransaction - JDBC Connection [HikariProxyConnection@1448300080 wrapping com.mysql.cj.jdbc.ConnectionImpl@3af2f362] will not be managed by Spring
2025-01-08 20:11:39 [http-nio-8080-exec-7] DEBUG o.m.s.t.SpringManagedTransaction - JDBC Connection [HikariProxyConnection@1055589691 wrapping com.mysql.cj.jdbc.ConnectionImpl@5b3f6a2e] will not be managed by Spring
2025-01-08 20:11:39 [http-nio-8080-exec-5] DEBUG o.m.s.t.SpringManagedTransaction - JDBC Connection [HikariProxyConnection@656444020 wrapping com.mysql.cj.jdbc.ConnectionImpl@1cae75df] will not be managed by Spring
2025-01-08 20:11:39 [http-nio-8080-exec-1] DEBUG c.s.d.m.C.selectLnbSubList - ==>  Preparing: SELECT CT_LNB_SUB_IDX AS ctLnbSubIdx, CT_LNB_ID AS ctLnbId, CT_LNB_SUB_ID AS ctLnbSubId, CT_LNB_SUB_NAME AS ctLnbSubName, CT_LNB_SUB_URL AS ctLnbSubUrl FROM CT_LNB_SUB WHERE CT_LNB_ID = ? ORDER BY CT_LNB_SUB_IDX
2025-01-08 20:11:39 [http-nio-8080-exec-5] DEBUG c.s.d.m.C.selectLnbSubList - ==>  Preparing: SELECT CT_LNB_SUB_IDX AS ctLnbSubIdx, CT_LNB_ID AS ctLnbId, CT_LNB_SUB_ID AS ctLnbSubId, CT_LNB_SUB_NAME AS ctLnbSubName, CT_LNB_SUB_URL AS ctLnbSubUrl FROM CT_LNB_SUB WHERE CT_LNB_ID = ? ORDER BY CT_LNB_SUB_IDX
2025-01-08 20:11:39 [http-nio-8080-exec-7] DEBUG c.s.d.m.C.selectLnbSubList - ==>  Preparing: SELECT CT_LNB_SUB_IDX AS ctLnbSubIdx, CT_LNB_ID AS ctLnbId, CT_LNB_SUB_ID AS ctLnbSubId, CT_LNB_SUB_NAME AS ctLnbSubName, CT_LNB_SUB_URL AS ctLnbSubUrl FROM CT_LNB_SUB WHERE CT_LNB_ID = ? ORDER BY CT_LNB_SUB_IDX
2025-01-08 20:11:39 [http-nio-8080-exec-1] DEBUG c.s.d.m.C.selectLnbSubList - ==> Parameters: CT_LNB_SERVICE(String)
2025-01-08 20:11:39 [http-nio-8080-exec-5] DEBUG c.s.d.m.C.selectLnbSubList - ==> Parameters: CT_LNB_CONTACT(String)
2025-01-08 20:11:39 [http-nio-8080-exec-7] DEBUG c.s.d.m.C.selectLnbSubList - ==> Parameters: CT_LNB_INFORMATION(String)
2025-01-08 20:11:39 [http-nio-8080-exec-7] DEBUG c.s.d.m.C.selectLnbSubList - <==      Total: 2
2025-01-08 20:11:39 [http-nio-8080-exec-1] DEBUG c.s.d.m.C.selectLnbSubList - <==      Total: 4
2025-01-08 20:11:39 [http-nio-8080-exec-5] DEBUG c.s.d.m.C.selectLnbSubList - <==      Total: 2
2025-01-08 20:11:39 [http-nio-8080-exec-7] DEBUG org.mybatis.spring.SqlSessionUtils - Closing non transactional SqlSession [org.apache.ibatis.session.defaults.DefaultSqlSession@68995be2]
2025-01-08 20:11:39 [http-nio-8080-exec-1] DEBUG org.mybatis.spring.SqlSessionUtils - Closing non transactional SqlSession [org.apache.ibatis.session.defaults.DefaultSqlSession@76cc66aa]
2025-01-08 20:11:39 [http-nio-8080-exec-5] DEBUG org.mybatis.spring.SqlSessionUtils - Closing non transactional SqlSession [org.apache.ibatis.session.defaults.DefaultSqlSession@2bd0978]
2025-01-08 20:11:41 [http-nio-8080-exec-4] WARN  o.t.s.p.AbstractStandardFragmentInsertionTagProcessor - [THYMELEAF][http-nio-8080-exec-4][common/layout/layout] Deprecated unwrapped fragment expression "common/fragments/header::header" found in template common/layout/layout, line 31, col 10. Please use the complete syntax of fragment expressions instead ("~{common/fragments/header::header}"). The old, unwrapped syntax for fragment expressions will be removed in future versions of Thymeleaf.
2025-01-08 20:11:41 [http-nio-8080-exec-4] WARN  o.t.s.p.AbstractStandardFragmentInsertionTagProcessor - [THYMELEAF][http-nio-8080-exec-4][common/layout/layout] Deprecated unwrapped fragment expression "common/fragments/footer::footer" found in template common/layout/layout, line 35, col 10. Please use the complete syntax of fragment expressions instead ("~{common/fragments/footer::footer}"). The old, unwrapped syntax for fragment expressions will be removed in future versions of Thymeleaf.
2025-01-08 20:11:41 [http-nio-8080-exec-4] DEBUG org.mybatis.spring.SqlSessionUtils - Creating a new SqlSession
2025-01-08 20:11:41 [http-nio-8080-exec-4] DEBUG org.mybatis.spring.SqlSessionUtils - SqlSession [org.apache.ibatis.session.defaults.DefaultSqlSession@409942ed] was not registered for synchronization because synchronization is not active
2025-01-08 20:11:41 [http-nio-8080-exec-4] DEBUG o.m.s.t.SpringManagedTransaction - JDBC Connection [HikariProxyConnection@881372640 wrapping com.mysql.cj.jdbc.ConnectionImpl@5b3f6a2e] will not be managed by Spring
2025-01-08 20:11:41 [http-nio-8080-exec-4] DEBUG c.s.d.m.CommonMapper.selectLnbList - ==>  Preparing: SELECT CT_LNB_IDX AS ctLnbIdx, CT_LNB_ID AS ctLnbId, CT_LNB_NAME AS ctLnbName, CT_LNB_SUB_YN AS ctLnbSubYn, CT_LNB_URL AS ctLnbUrl, CT_LNB_USE_YN AS ctLnbUseYn FROM CT_LNB WHERE CT_LNB_USE_YN = 'Y' ORDER BY CT_LNB_IDX
2025-01-08 20:11:41 [http-nio-8080-exec-4] DEBUG c.s.d.m.CommonMapper.selectLnbList - ==> Parameters: 
2025-01-08 20:11:41 [http-nio-8080-exec-4] DEBUG c.s.d.m.CommonMapper.selectLnbList - <==      Total: 4
2025-01-08 20:11:41 [http-nio-8080-exec-4] DEBUG org.mybatis.spring.SqlSessionUtils - Closing non transactional SqlSession [org.apache.ibatis.session.defaults.DefaultSqlSession@409942ed]
2025-01-08 20:11:41 [http-nio-8080-exec-2] DEBUG org.mybatis.spring.SqlSessionUtils - Creating a new SqlSession
2025-01-08 20:11:41 [http-nio-8080-exec-2] DEBUG org.mybatis.spring.SqlSessionUtils - SqlSession [org.apache.ibatis.session.defaults.DefaultSqlSession@9b5c273] was not registered for synchronization because synchronization is not active
2025-01-08 20:11:41 [http-nio-8080-exec-2] DEBUG o.m.s.t.SpringManagedTransaction - JDBC Connection [HikariProxyConnection@702655639 wrapping com.mysql.cj.jdbc.ConnectionImpl@3af2f362] will not be managed by Spring
2025-01-08 20:11:41 [http-nio-8080-exec-2] DEBUG c.s.d.m.CommonMapper.selectLnbList - ==>  Preparing: SELECT CT_LNB_IDX AS ctLnbIdx, CT_LNB_ID AS ctLnbId, CT_LNB_NAME AS ctLnbName, CT_LNB_SUB_YN AS ctLnbSubYn, CT_LNB_URL AS ctLnbUrl, CT_LNB_USE_YN AS ctLnbUseYn FROM CT_LNB WHERE CT_LNB_USE_YN = 'Y' ORDER BY CT_LNB_IDX
2025-01-08 20:11:41 [http-nio-8080-exec-2] DEBUG c.s.d.m.CommonMapper.selectLnbList - ==> Parameters: 
2025-01-08 20:11:41 [http-nio-8080-exec-2] DEBUG c.s.d.m.CommonMapper.selectLnbList - <==      Total: 4
2025-01-08 20:11:41 [http-nio-8080-exec-2] DEBUG org.mybatis.spring.SqlSessionUtils - Closing non transactional SqlSession [org.apache.ibatis.session.defaults.DefaultSqlSession@9b5c273]
2025-01-08 20:11:41 [http-nio-8080-exec-8] DEBUG org.mybatis.spring.SqlSessionUtils - Creating a new SqlSession
2025-01-08 20:11:41 [http-nio-8080-exec-10] DEBUG org.mybatis.spring.SqlSessionUtils - Creating a new SqlSession
2025-01-08 20:11:41 [http-nio-8080-exec-9] DEBUG org.mybatis.spring.SqlSessionUtils - Creating a new SqlSession
2025-01-08 20:11:41 [http-nio-8080-exec-8] DEBUG org.mybatis.spring.SqlSessionUtils - SqlSession [org.apache.ibatis.session.defaults.DefaultSqlSession@4e73cfef] was not registered for synchronization because synchronization is not active
2025-01-08 20:11:41 [http-nio-8080-exec-10] DEBUG org.mybatis.spring.SqlSessionUtils - SqlSession [org.apache.ibatis.session.defaults.DefaultSqlSession@65cf9901] was not registered for synchronization because synchronization is not active
2025-01-08 20:11:41 [http-nio-8080-exec-9] DEBUG org.mybatis.spring.SqlSessionUtils - SqlSession [org.apache.ibatis.session.defaults.DefaultSqlSession@18979860] was not registered for synchronization because synchronization is not active
2025-01-08 20:11:41 [http-nio-8080-exec-8] DEBUG o.m.s.t.SpringManagedTransaction - JDBC Connection [HikariProxyConnection@1098778972 wrapping com.mysql.cj.jdbc.ConnectionImpl@5b3f6a2e] will not be managed by Spring
2025-01-08 20:11:41 [http-nio-8080-exec-10] DEBUG o.m.s.t.SpringManagedTransaction - JDBC Connection [HikariProxyConnection@633295532 wrapping com.mysql.cj.jdbc.ConnectionImpl@3af2f362] will not be managed by Spring
2025-01-08 20:11:41 [http-nio-8080-exec-10] DEBUG c.s.d.m.C.selectLnbSubList - ==>  Preparing: SELECT CT_LNB_SUB_IDX AS ctLnbSubIdx, CT_LNB_ID AS ctLnbId, CT_LNB_SUB_ID AS ctLnbSubId, CT_LNB_SUB_NAME AS ctLnbSubName, CT_LNB_SUB_URL AS ctLnbSubUrl FROM CT_LNB_SUB WHERE CT_LNB_ID = ? ORDER BY CT_LNB_SUB_IDX
2025-01-08 20:11:41 [http-nio-8080-exec-8] DEBUG c.s.d.m.C.selectLnbSubList - ==>  Preparing: SELECT CT_LNB_SUB_IDX AS ctLnbSubIdx, CT_LNB_ID AS ctLnbId, CT_LNB_SUB_ID AS ctLnbSubId, CT_LNB_SUB_NAME AS ctLnbSubName, CT_LNB_SUB_URL AS ctLnbSubUrl FROM CT_LNB_SUB WHERE CT_LNB_ID = ? ORDER BY CT_LNB_SUB_IDX
2025-01-08 20:11:41 [http-nio-8080-exec-10] DEBUG c.s.d.m.C.selectLnbSubList - ==> Parameters: CT_LNB_CONTACT(String)
2025-01-08 20:11:41 [http-nio-8080-exec-8] DEBUG c.s.d.m.C.selectLnbSubList - ==> Parameters: CT_LNB_INFORMATION(String)
2025-01-08 20:11:41 [http-nio-8080-exec-9] DEBUG o.m.s.t.SpringManagedTransaction - JDBC Connection [HikariProxyConnection@677413095 wrapping com.mysql.cj.jdbc.ConnectionImpl@1cae75df] will not be managed by Spring
2025-01-08 20:11:41 [http-nio-8080-exec-9] DEBUG c.s.d.m.C.selectLnbSubList - ==>  Preparing: SELECT CT_LNB_SUB_IDX AS ctLnbSubIdx, CT_LNB_ID AS ctLnbId, CT_LNB_SUB_ID AS ctLnbSubId, CT_LNB_SUB_NAME AS ctLnbSubName, CT_LNB_SUB_URL AS ctLnbSubUrl FROM CT_LNB_SUB WHERE CT_LNB_ID = ? ORDER BY CT_LNB_SUB_IDX
2025-01-08 20:11:41 [http-nio-8080-exec-9] DEBUG c.s.d.m.C.selectLnbSubList - ==> Parameters: CT_LNB_SERVICE(String)
2025-01-08 20:11:41 [http-nio-8080-exec-8] DEBUG c.s.d.m.C.selectLnbSubList - <==      Total: 2
2025-01-08 20:11:41 [http-nio-8080-exec-10] DEBUG c.s.d.m.C.selectLnbSubList - <==      Total: 2
2025-01-08 20:11:41 [http-nio-8080-exec-9] DEBUG c.s.d.m.C.selectLnbSubList - <==      Total: 4
2025-01-08 20:11:41 [http-nio-8080-exec-8] DEBUG org.mybatis.spring.SqlSessionUtils - Closing non transactional SqlSession [org.apache.ibatis.session.defaults.DefaultSqlSession@4e73cfef]
2025-01-08 20:11:41 [http-nio-8080-exec-10] DEBUG org.mybatis.spring.SqlSessionUtils - Closing non transactional SqlSession [org.apache.ibatis.session.defaults.DefaultSqlSession@65cf9901]
2025-01-08 20:11:41 [http-nio-8080-exec-9] DEBUG org.mybatis.spring.SqlSessionUtils - Closing non transactional SqlSession [org.apache.ibatis.session.defaults.DefaultSqlSession@18979860]
2025-01-08 20:11:41 [http-nio-8080-exec-3] DEBUG org.mybatis.spring.SqlSessionUtils - Creating a new SqlSession
2025-01-08 20:11:41 [http-nio-8080-exec-1] DEBUG org.mybatis.spring.SqlSessionUtils - Creating a new SqlSession
2025-01-08 20:11:41 [http-nio-8080-exec-6] DEBUG org.mybatis.spring.SqlSessionUtils - Creating a new SqlSession
2025-01-08 20:11:41 [http-nio-8080-exec-1] DEBUG org.mybatis.spring.SqlSessionUtils - SqlSession [org.apache.ibatis.session.defaults.DefaultSqlSession@72abc79b] was not registered for synchronization because synchronization is not active
2025-01-08 20:11:41 [http-nio-8080-exec-6] DEBUG org.mybatis.spring.SqlSessionUtils - SqlSession [org.apache.ibatis.session.defaults.DefaultSqlSession@4a3584f9] was not registered for synchronization because synchronization is not active
2025-01-08 20:11:41 [http-nio-8080-exec-3] DEBUG org.mybatis.spring.SqlSessionUtils - SqlSession [org.apache.ibatis.session.defaults.DefaultSqlSession@5b0dab3c] was not registered for synchronization because synchronization is not active
2025-01-08 20:11:41 [http-nio-8080-exec-3] DEBUG o.m.s.t.SpringManagedTransaction - JDBC Connection [HikariProxyConnection@997708780 wrapping com.mysql.cj.jdbc.ConnectionImpl@5b3f6a2e] will not be managed by Spring
2025-01-08 20:11:41 [http-nio-8080-exec-1] DEBUG o.m.s.t.SpringManagedTransaction - JDBC Connection [HikariProxyConnection@1053111600 wrapping com.mysql.cj.jdbc.ConnectionImpl@3af2f362] will not be managed by Spring
2025-01-08 20:11:41 [http-nio-8080-exec-6] DEBUG o.m.s.t.SpringManagedTransaction - JDBC Connection [HikariProxyConnection@1665772931 wrapping com.mysql.cj.jdbc.ConnectionImpl@1cae75df] will not be managed by Spring
2025-01-08 20:11:41 [http-nio-8080-exec-1] DEBUG c.s.d.m.C.selectLnbSubList - ==>  Preparing: SELECT CT_LNB_SUB_IDX AS ctLnbSubIdx, CT_LNB_ID AS ctLnbId, CT_LNB_SUB_ID AS ctLnbSubId, CT_LNB_SUB_NAME AS ctLnbSubName, CT_LNB_SUB_URL AS ctLnbSubUrl FROM CT_LNB_SUB WHERE CT_LNB_ID = ? ORDER BY CT_LNB_SUB_IDX
2025-01-08 20:11:41 [http-nio-8080-exec-6] DEBUG c.s.d.m.C.selectLnbSubList - ==>  Preparing: SELECT CT_LNB_SUB_IDX AS ctLnbSubIdx, CT_LNB_ID AS ctLnbId, CT_LNB_SUB_ID AS ctLnbSubId, CT_LNB_SUB_NAME AS ctLnbSubName, CT_LNB_SUB_URL AS ctLnbSubUrl FROM CT_LNB_SUB WHERE CT_LNB_ID = ? ORDER BY CT_LNB_SUB_IDX
2025-01-08 20:11:41 [http-nio-8080-exec-3] DEBUG c.s.d.m.C.selectLnbSubList - ==>  Preparing: SELECT CT_LNB_SUB_IDX AS ctLnbSubIdx, CT_LNB_ID AS ctLnbId, CT_LNB_SUB_ID AS ctLnbSubId, CT_LNB_SUB_NAME AS ctLnbSubName, CT_LNB_SUB_URL AS ctLnbSubUrl FROM CT_LNB_SUB WHERE CT_LNB_ID = ? ORDER BY CT_LNB_SUB_IDX
2025-01-08 20:11:41 [http-nio-8080-exec-6] DEBUG c.s.d.m.C.selectLnbSubList - ==> Parameters: CT_LNB_SERVICE(String)
2025-01-08 20:11:41 [http-nio-8080-exec-3] DEBUG c.s.d.m.C.selectLnbSubList - ==> Parameters: CT_LNB_INFORMATION(String)
2025-01-08 20:11:41 [http-nio-8080-exec-1] DEBUG c.s.d.m.C.selectLnbSubList - ==> Parameters: CT_LNB_CONTACT(String)
2025-01-08 20:11:41 [http-nio-8080-exec-3] DEBUG c.s.d.m.C.selectLnbSubList - <==      Total: 2
2025-01-08 20:11:41 [http-nio-8080-exec-6] DEBUG c.s.d.m.C.selectLnbSubList - <==      Total: 4
2025-01-08 20:11:41 [http-nio-8080-exec-1] DEBUG c.s.d.m.C.selectLnbSubList - <==      Total: 2
2025-01-08 20:11:41 [http-nio-8080-exec-3] DEBUG org.mybatis.spring.SqlSessionUtils - Closing non transactional SqlSession [org.apache.ibatis.session.defaults.DefaultSqlSession@5b0dab3c]
2025-01-08 20:11:41 [http-nio-8080-exec-6] DEBUG org.mybatis.spring.SqlSessionUtils - Closing non transactional SqlSession [org.apache.ibatis.session.defaults.DefaultSqlSession@4a3584f9]
2025-01-08 20:11:41 [http-nio-8080-exec-1] DEBUG org.mybatis.spring.SqlSessionUtils - Closing non transactional SqlSession [org.apache.ibatis.session.defaults.DefaultSqlSession@72abc79b]
2025-01-08 20:12:22 [http-nio-8080-exec-5] WARN  o.t.s.p.AbstractStandardFragmentInsertionTagProcessor - [THYMELEAF][http-nio-8080-exec-5][common/layout/layout] Deprecated unwrapped fragment expression "common/fragments/header::header" found in template common/layout/layout, line 31, col 10. Please use the complete syntax of fragment expressions instead ("~{common/fragments/header::header}"). The old, unwrapped syntax for fragment expressions will be removed in future versions of Thymeleaf.
2025-01-08 20:12:22 [http-nio-8080-exec-5] WARN  o.t.s.p.AbstractStandardFragmentInsertionTagProcessor - [THYMELEAF][http-nio-8080-exec-5][common/layout/layout] Deprecated unwrapped fragment expression "common/fragments/footer::footer" found in template common/layout/layout, line 35, col 10. Please use the complete syntax of fragment expressions instead ("~{common/fragments/footer::footer}"). The old, unwrapped syntax for fragment expressions will be removed in future versions of Thymeleaf.
2025-01-08 20:12:22 [http-nio-8080-exec-5] DEBUG org.mybatis.spring.SqlSessionUtils - Creating a new SqlSession
2025-01-08 20:12:22 [http-nio-8080-exec-5] DEBUG org.mybatis.spring.SqlSessionUtils - SqlSession [org.apache.ibatis.session.defaults.DefaultSqlSession@4494835a] was not registered for synchronization because synchronization is not active
2025-01-08 20:12:22 [http-nio-8080-exec-5] DEBUG o.m.s.t.SpringManagedTransaction - JDBC Connection [HikariProxyConnection@1094370453 wrapping com.mysql.cj.jdbc.ConnectionImpl@1cae75df] will not be managed by Spring
2025-01-08 20:12:22 [http-nio-8080-exec-5] DEBUG c.s.d.m.CommonMapper.selectLnbList - ==>  Preparing: SELECT CT_LNB_IDX AS ctLnbIdx, CT_LNB_ID AS ctLnbId, CT_LNB_NAME AS ctLnbName, CT_LNB_SUB_YN AS ctLnbSubYn, CT_LNB_URL AS ctLnbUrl, CT_LNB_USE_YN AS ctLnbUseYn FROM CT_LNB WHERE CT_LNB_USE_YN = 'Y' ORDER BY CT_LNB_IDX
2025-01-08 20:12:22 [http-nio-8080-exec-5] DEBUG c.s.d.m.CommonMapper.selectLnbList - ==> Parameters: 
2025-01-08 20:12:22 [http-nio-8080-exec-5] DEBUG c.s.d.m.CommonMapper.selectLnbList - <==      Total: 4
2025-01-08 20:12:22 [http-nio-8080-exec-5] DEBUG org.mybatis.spring.SqlSessionUtils - Closing non transactional SqlSession [org.apache.ibatis.session.defaults.DefaultSqlSession@4494835a]
2025-01-08 20:12:22 [http-nio-8080-exec-9] DEBUG org.mybatis.spring.SqlSessionUtils - Creating a new SqlSession
2025-01-08 20:12:22 [http-nio-8080-exec-9] DEBUG org.mybatis.spring.SqlSessionUtils - SqlSession [org.apache.ibatis.session.defaults.DefaultSqlSession@30123a71] was not registered for synchronization because synchronization is not active
2025-01-08 20:12:22 [http-nio-8080-exec-9] DEBUG o.m.s.t.SpringManagedTransaction - JDBC Connection [HikariProxyConnection@484041516 wrapping com.mysql.cj.jdbc.ConnectionImpl@1cae75df] will not be managed by Spring
2025-01-08 20:12:22 [http-nio-8080-exec-9] DEBUG c.s.d.m.CommonMapper.selectLnbList - ==>  Preparing: SELECT CT_LNB_IDX AS ctLnbIdx, CT_LNB_ID AS ctLnbId, CT_LNB_NAME AS ctLnbName, CT_LNB_SUB_YN AS ctLnbSubYn, CT_LNB_URL AS ctLnbUrl, CT_LNB_USE_YN AS ctLnbUseYn FROM CT_LNB WHERE CT_LNB_USE_YN = 'Y' ORDER BY CT_LNB_IDX
2025-01-08 20:12:22 [http-nio-8080-exec-9] DEBUG c.s.d.m.CommonMapper.selectLnbList - ==> Parameters: 
2025-01-08 20:12:22 [http-nio-8080-exec-9] DEBUG c.s.d.m.CommonMapper.selectLnbList - <==      Total: 4
2025-01-08 20:12:22 [http-nio-8080-exec-9] DEBUG org.mybatis.spring.SqlSessionUtils - Closing non transactional SqlSession [org.apache.ibatis.session.defaults.DefaultSqlSession@30123a71]
2025-01-08 20:12:22 [http-nio-8080-exec-7] DEBUG org.mybatis.spring.SqlSessionUtils - Creating a new SqlSession
2025-01-08 20:12:22 [http-nio-8080-exec-4] DEBUG org.mybatis.spring.SqlSessionUtils - Creating a new SqlSession
2025-01-08 20:12:22 [http-nio-8080-exec-2] DEBUG org.mybatis.spring.SqlSessionUtils - Creating a new SqlSession
2025-01-08 20:12:22 [http-nio-8080-exec-7] DEBUG org.mybatis.spring.SqlSessionUtils - SqlSession [org.apache.ibatis.session.defaults.DefaultSqlSession@37796cff] was not registered for synchronization because synchronization is not active
2025-01-08 20:12:22 [http-nio-8080-exec-4] DEBUG org.mybatis.spring.SqlSessionUtils - SqlSession [org.apache.ibatis.session.defaults.DefaultSqlSession@6a2240] was not registered for synchronization because synchronization is not active
2025-01-08 20:12:22 [http-nio-8080-exec-2] DEBUG org.mybatis.spring.SqlSessionUtils - SqlSession [org.apache.ibatis.session.defaults.DefaultSqlSession@71579ab0] was not registered for synchronization because synchronization is not active
2025-01-08 20:12:22 [http-nio-8080-exec-4] DEBUG o.m.s.t.SpringManagedTransaction - JDBC Connection [HikariProxyConnection@1903982592 wrapping com.mysql.cj.jdbc.ConnectionImpl@1cae75df] will not be managed by Spring
2025-01-08 20:12:22 [http-nio-8080-exec-4] DEBUG c.s.d.m.C.selectLnbSubList - ==>  Preparing: SELECT CT_LNB_SUB_IDX AS ctLnbSubIdx, CT_LNB_ID AS ctLnbId, CT_LNB_SUB_ID AS ctLnbSubId, CT_LNB_SUB_NAME AS ctLnbSubName, CT_LNB_SUB_URL AS ctLnbSubUrl FROM CT_LNB_SUB WHERE CT_LNB_ID = ? ORDER BY CT_LNB_SUB_IDX
2025-01-08 20:12:22 [http-nio-8080-exec-2] DEBUG o.m.s.t.SpringManagedTransaction - JDBC Connection [HikariProxyConnection@1433802009 wrapping com.mysql.cj.jdbc.ConnectionImpl@3af2f362] will not be managed by Spring
2025-01-08 20:12:22 [http-nio-8080-exec-7] DEBUG o.m.s.t.SpringManagedTransaction - JDBC Connection [HikariProxyConnection@703812938 wrapping com.mysql.cj.jdbc.ConnectionImpl@5b3f6a2e] will not be managed by Spring
2025-01-08 20:12:22 [http-nio-8080-exec-4] DEBUG c.s.d.m.C.selectLnbSubList - ==> Parameters: CT_LNB_INFORMATION(String)
2025-01-08 20:12:22 [http-nio-8080-exec-2] DEBUG c.s.d.m.C.selectLnbSubList - ==>  Preparing: SELECT CT_LNB_SUB_IDX AS ctLnbSubIdx, CT_LNB_ID AS ctLnbId, CT_LNB_SUB_ID AS ctLnbSubId, CT_LNB_SUB_NAME AS ctLnbSubName, CT_LNB_SUB_URL AS ctLnbSubUrl FROM CT_LNB_SUB WHERE CT_LNB_ID = ? ORDER BY CT_LNB_SUB_IDX
2025-01-08 20:12:22 [http-nio-8080-exec-7] DEBUG c.s.d.m.C.selectLnbSubList - ==>  Preparing: SELECT CT_LNB_SUB_IDX AS ctLnbSubIdx, CT_LNB_ID AS ctLnbId, CT_LNB_SUB_ID AS ctLnbSubId, CT_LNB_SUB_NAME AS ctLnbSubName, CT_LNB_SUB_URL AS ctLnbSubUrl FROM CT_LNB_SUB WHERE CT_LNB_ID = ? ORDER BY CT_LNB_SUB_IDX
2025-01-08 20:12:22 [http-nio-8080-exec-7] DEBUG c.s.d.m.C.selectLnbSubList - ==> Parameters: CT_LNB_SERVICE(String)
2025-01-08 20:12:22 [http-nio-8080-exec-2] DEBUG c.s.d.m.C.selectLnbSubList - ==> Parameters: CT_LNB_CONTACT(String)
2025-01-08 20:12:22 [http-nio-8080-exec-4] DEBUG c.s.d.m.C.selectLnbSubList - <==      Total: 2
2025-01-08 20:12:22 [http-nio-8080-exec-2] DEBUG c.s.d.m.C.selectLnbSubList - <==      Total: 2
2025-01-08 20:12:22 [http-nio-8080-exec-7] DEBUG c.s.d.m.C.selectLnbSubList - <==      Total: 4
2025-01-08 20:12:22 [http-nio-8080-exec-4] DEBUG org.mybatis.spring.SqlSessionUtils - Closing non transactional SqlSession [org.apache.ibatis.session.defaults.DefaultSqlSession@6a2240]
2025-01-08 20:12:22 [http-nio-8080-exec-2] DEBUG org.mybatis.spring.SqlSessionUtils - Closing non transactional SqlSession [org.apache.ibatis.session.defaults.DefaultSqlSession@71579ab0]
2025-01-08 20:12:22 [http-nio-8080-exec-7] DEBUG org.mybatis.spring.SqlSessionUtils - Closing non transactional SqlSession [org.apache.ibatis.session.defaults.DefaultSqlSession@37796cff]
2025-01-08 20:12:22 [http-nio-8080-exec-10] DEBUG org.mybatis.spring.SqlSessionUtils - Creating a new SqlSession
2025-01-08 20:12:22 [http-nio-8080-exec-6] DEBUG org.mybatis.spring.SqlSessionUtils - Creating a new SqlSession
2025-01-08 20:12:22 [http-nio-8080-exec-8] DEBUG org.mybatis.spring.SqlSessionUtils - Creating a new SqlSession
2025-01-08 20:12:22 [http-nio-8080-exec-6] DEBUG org.mybatis.spring.SqlSessionUtils - SqlSession [org.apache.ibatis.session.defaults.DefaultSqlSession@5210af6c] was not registered for synchronization because synchronization is not active
2025-01-08 20:12:22 [http-nio-8080-exec-8] DEBUG org.mybatis.spring.SqlSessionUtils - SqlSession [org.apache.ibatis.session.defaults.DefaultSqlSession@7e4258f9] was not registered for synchronization because synchronization is not active
2025-01-08 20:12:22 [http-nio-8080-exec-10] DEBUG org.mybatis.spring.SqlSessionUtils - SqlSession [org.apache.ibatis.session.defaults.DefaultSqlSession@4ebee1bd] was not registered for synchronization because synchronization is not active
2025-01-08 20:12:22 [http-nio-8080-exec-6] DEBUG o.m.s.t.SpringManagedTransaction - JDBC Connection [HikariProxyConnection@2082153752 wrapping com.mysql.cj.jdbc.ConnectionImpl@1cae75df] will not be managed by Spring
2025-01-08 20:12:22 [http-nio-8080-exec-8] DEBUG o.m.s.t.SpringManagedTransaction - JDBC Connection [HikariProxyConnection@1330088580 wrapping com.mysql.cj.jdbc.ConnectionImpl@5b3f6a2e] will not be managed by Spring
2025-01-08 20:12:22 [http-nio-8080-exec-10] DEBUG o.m.s.t.SpringManagedTransaction - JDBC Connection [HikariProxyConnection@298578164 wrapping com.mysql.cj.jdbc.ConnectionImpl@3af2f362] will not be managed by Spring
2025-01-08 20:12:22 [http-nio-8080-exec-10] DEBUG c.s.d.m.C.selectLnbSubList - ==>  Preparing: SELECT CT_LNB_SUB_IDX AS ctLnbSubIdx, CT_LNB_ID AS ctLnbId, CT_LNB_SUB_ID AS ctLnbSubId, CT_LNB_SUB_NAME AS ctLnbSubName, CT_LNB_SUB_URL AS ctLnbSubUrl FROM CT_LNB_SUB WHERE CT_LNB_ID = ? ORDER BY CT_LNB_SUB_IDX
2025-01-08 20:12:22 [http-nio-8080-exec-8] DEBUG c.s.d.m.C.selectLnbSubList - ==>  Preparing: SELECT CT_LNB_SUB_IDX AS ctLnbSubIdx, CT_LNB_ID AS ctLnbId, CT_LNB_SUB_ID AS ctLnbSubId, CT_LNB_SUB_NAME AS ctLnbSubName, CT_LNB_SUB_URL AS ctLnbSubUrl FROM CT_LNB_SUB WHERE CT_LNB_ID = ? ORDER BY CT_LNB_SUB_IDX
2025-01-08 20:12:22 [http-nio-8080-exec-6] DEBUG c.s.d.m.C.selectLnbSubList - ==>  Preparing: SELECT CT_LNB_SUB_IDX AS ctLnbSubIdx, CT_LNB_ID AS ctLnbId, CT_LNB_SUB_ID AS ctLnbSubId, CT_LNB_SUB_NAME AS ctLnbSubName, CT_LNB_SUB_URL AS ctLnbSubUrl FROM CT_LNB_SUB WHERE CT_LNB_ID = ? ORDER BY CT_LNB_SUB_IDX
2025-01-08 20:12:22 [http-nio-8080-exec-10] DEBUG c.s.d.m.C.selectLnbSubList - ==> Parameters: CT_LNB_INFORMATION(String)
2025-01-08 20:12:22 [http-nio-8080-exec-6] DEBUG c.s.d.m.C.selectLnbSubList - ==> Parameters: CT_LNB_CONTACT(String)
2025-01-08 20:12:22 [http-nio-8080-exec-8] DEBUG c.s.d.m.C.selectLnbSubList - ==> Parameters: CT_LNB_SERVICE(String)
2025-01-08 20:12:22 [http-nio-8080-exec-10] DEBUG c.s.d.m.C.selectLnbSubList - <==      Total: 2
2025-01-08 20:12:22 [http-nio-8080-exec-6] DEBUG c.s.d.m.C.selectLnbSubList - <==      Total: 2
2025-01-08 20:12:22 [http-nio-8080-exec-8] DEBUG c.s.d.m.C.selectLnbSubList - <==      Total: 4
2025-01-08 20:12:22 [http-nio-8080-exec-10] DEBUG org.mybatis.spring.SqlSessionUtils - Closing non transactional SqlSession [org.apache.ibatis.session.defaults.DefaultSqlSession@4ebee1bd]
2025-01-08 20:12:22 [http-nio-8080-exec-6] DEBUG org.mybatis.spring.SqlSessionUtils - Closing non transactional SqlSession [org.apache.ibatis.session.defaults.DefaultSqlSession@5210af6c]
2025-01-08 20:12:22 [http-nio-8080-exec-8] DEBUG org.mybatis.spring.SqlSessionUtils - Closing non transactional SqlSession [org.apache.ibatis.session.defaults.DefaultSqlSession@7e4258f9]
2025-01-08 20:12:59 [RMI TCP Connection(12)-127.0.0.1] INFO  o.s.b.a.SpringApplicationAdminMXBeanRegistrar$SpringApplicationAdmin - Application shutdown requested.
2025-01-08 20:12:59 [RMI TCP Connection(12)-127.0.0.1] INFO  o.s.b.w.e.tomcat.GracefulShutdown - Commencing graceful shutdown. Waiting for active requests to complete
2025-01-08 20:12:59 [tomcat-shutdown] INFO  o.a.coyote.http11.Http11NioProtocol - Pausing ProtocolHandler ["http-nio-8080"]
2025-01-08 20:13:00 [tomcat-shutdown] INFO  o.s.b.w.e.tomcat.GracefulShutdown - Graceful shutdown complete
2025-01-08 20:13:00 [RMI TCP Connection(12)-127.0.0.1] INFO  o.a.coyote.http11.Http11NioProtocol - Stopping ProtocolHandler ["http-nio-8080"]
2025-01-08 20:13:00 [RMI TCP Connection(12)-127.0.0.1] INFO  com.zaxxer.hikari.HikariDataSource - HikariPool-1 - Shutdown initiated...
2025-01-08 20:13:00 [RMI TCP Connection(12)-127.0.0.1] INFO  com.zaxxer.hikari.HikariDataSource - HikariPool-1 - Shutdown completed.
