2025-01-07 09:15:29 [restartedMain] INFO  c.s.devspring.DevspringApplication - Starting DevspringApplication using Java 17.0.12 with PID 10556 (D:\Spring\sts-4.4\workspace\devspring\bin\main started by aatjx in D:\Spring\sts-4.4\workspace\devspring)
2025-01-07 09:15:29 [restartedMain] INFO  c.s.devspring.DevspringApplication - No active profile set, falling back to 1 default profile: "default"
2025-01-07 09:15:29 [restartedMain] INFO  o.s.b.d.e.DevToolsPropertyDefaultsPostProcessor - Devtools property defaults active! Set 'spring.devtools.add-properties' to 'false' to disable
2025-01-07 09:15:29 [restartedMain] INFO  o.s.b.d.e.DevToolsPropertyDefaultsPostProcessor - For additional web related logging consider setting the 'logging.level.web' property to 'DEBUG'
2025-01-07 09:15:29 [restartedMain] DEBUG o.apache.ibatis.logging.LogFactory - Logging initialized using 'class org.apache.ibatis.logging.slf4j.Slf4jImpl' adapter.
2025-01-07 09:15:29 [restartedMain] DEBUG o.m.s.mapper.ClassPathMapperScanner - Identified candidate component class: file [D:\Spring\sts-4.4\workspace\devspring\bin\main\com\spring\devspring\mapper\BoardMapper.class]
2025-01-07 09:15:29 [restartedMain] DEBUG o.m.s.mapper.ClassPathMapperScanner - Identified candidate component class: file [D:\Spring\sts-4.4\workspace\devspring\bin\main\com\spring\devspring\mapper\CommonMapper.class]
2025-01-07 09:15:29 [restartedMain] DEBUG o.m.s.mapper.ClassPathMapperScanner - Creating MapperFactoryBean with name 'boardMapper' and 'com.spring.devspring.mapper.BoardMapper' mapperInterface
2025-01-07 09:15:29 [restartedMain] DEBUG o.m.s.mapper.ClassPathMapperScanner - Creating MapperFactoryBean with name 'commonMapper' and 'com.spring.devspring.mapper.CommonMapper' mapperInterface
2025-01-07 09:15:29 [restartedMain] INFO  o.s.b.w.e.tomcat.TomcatWebServer - Tomcat initialized with port 8080 (http)
2025-01-07 09:15:29 [restartedMain] INFO  o.a.coyote.http11.Http11NioProtocol - Initializing ProtocolHandler ["http-nio-8080"]
2025-01-07 09:15:29 [restartedMain] INFO  o.a.catalina.core.StandardService - Starting service [Tomcat]
2025-01-07 09:15:29 [restartedMain] INFO  o.a.catalina.core.StandardEngine - Starting Servlet engine: [Apache Tomcat/10.1.34]
2025-01-07 09:15:29 [restartedMain] INFO  o.a.c.c.C.[Tomcat].[localhost].[/] - Initializing Spring embedded WebApplicationContext
2025-01-07 09:15:29 [restartedMain] INFO  o.s.b.w.s.c.ServletWebServerApplicationContext - Root WebApplicationContext: initialization completed in 784 ms
2025-01-07 09:15:30 [restartedMain] DEBUG o.m.spring.SqlSessionFactoryBean - Property 'configuration' or 'configLocation' not specified, using default MyBatis Configuration
2025-01-07 09:15:30 [restartedMain] DEBUG o.m.spring.SqlSessionFactoryBean - Parsed mapper file: 'file [D:\Spring\sts-4.4\workspace\devspring\bin\main\static\mapper\BoardMapper.xml]'
2025-01-07 09:15:30 [restartedMain] DEBUG o.m.spring.SqlSessionFactoryBean - Parsed mapper file: 'file [D:\Spring\sts-4.4\workspace\devspring\bin\main\static\mapper\CommonMapper.xml]'
2025-01-07 09:15:30 [restartedMain] INFO  o.s.b.d.a.OptionalLiveReloadServer - LiveReload server is running on port 35729
2025-01-07 09:15:30 [restartedMain] INFO  o.a.coyote.http11.Http11NioProtocol - Starting ProtocolHandler ["http-nio-8080"]
2025-01-07 09:15:30 [restartedMain] INFO  o.s.b.w.e.tomcat.TomcatWebServer - Tomcat started on port 8080 (http) with context path '/'
2025-01-07 09:15:30 [restartedMain] INFO  c.s.devspring.DevspringApplication - Started DevspringApplication in 1.891 seconds (process running for 2.424)
2025-01-07 09:15:32 [http-nio-8080-exec-1] INFO  o.a.c.c.C.[Tomcat].[localhost].[/] - Initializing Spring DispatcherServlet 'dispatcherServlet'
2025-01-07 09:15:32 [http-nio-8080-exec-1] INFO  o.s.web.servlet.DispatcherServlet - Initializing Servlet 'dispatcherServlet'
2025-01-07 09:15:32 [http-nio-8080-exec-1] INFO  o.s.web.servlet.DispatcherServlet - Completed initialization in 1 ms
2025-01-07 09:15:33 [http-nio-8080-exec-1] WARN  o.t.s.p.AbstractStandardFragmentInsertionTagProcessor - [THYMELEAF][http-nio-8080-exec-1][common/layout/layout] Deprecated unwrapped fragment expression "common/fragments/header::header" found in template common/layout/layout, line 29, col 10. Please use the complete syntax of fragment expressions instead ("~{common/fragments/header::header}"). The old, unwrapped syntax for fragment expressions will be removed in future versions of Thymeleaf.
2025-01-07 09:15:33 [http-nio-8080-exec-1] WARN  o.t.s.p.AbstractStandardFragmentInsertionTagProcessor - [THYMELEAF][http-nio-8080-exec-1][common/layout/layout] Deprecated unwrapped fragment expression "common/fragments/footer::footer" found in template common/layout/layout, line 33, col 10. Please use the complete syntax of fragment expressions instead ("~{common/fragments/footer::footer}"). The old, unwrapped syntax for fragment expressions will be removed in future versions of Thymeleaf.
2025-01-07 09:15:33 [http-nio-8080-exec-10] DEBUG org.mybatis.spring.SqlSessionUtils - Creating a new SqlSession
2025-01-07 09:15:33 [http-nio-8080-exec-10] DEBUG org.mybatis.spring.SqlSessionUtils - SqlSession [org.apache.ibatis.session.defaults.DefaultSqlSession@1b8081c] was not registered for synchronization because synchronization is not active
2025-01-07 09:15:33 [http-nio-8080-exec-10] INFO  com.zaxxer.hikari.HikariDataSource - HikariPool-1 - Starting...
2025-01-07 09:15:33 [http-nio-8080-exec-10] INFO  com.zaxxer.hikari.pool.HikariPool - HikariPool-1 - Added connection com.mysql.cj.jdbc.ConnectionImpl@5c96ebdb
2025-01-07 09:15:33 [http-nio-8080-exec-10] INFO  com.zaxxer.hikari.HikariDataSource - HikariPool-1 - Start completed.
2025-01-07 09:15:33 [http-nio-8080-exec-10] DEBUG o.m.s.t.SpringManagedTransaction - JDBC Connection [HikariProxyConnection@1015268419 wrapping com.mysql.cj.jdbc.ConnectionImpl@5c96ebdb] will not be managed by Spring
2025-01-07 09:15:33 [http-nio-8080-exec-10] DEBUG c.s.d.m.CommonMapper.selectLnbList - ==>  Preparing: SELECT CT_LNB_IDX AS ctLnbIdx, CT_LNB_ID AS ctLnbId, CT_LNB_NAME AS ctLnbName, CT_LNB_SUB_YN AS ctLnbSubYn, CT_LNB_URL AS ctLnbUrl FROM CT_LNB ORDER BY CT_LNB_IDX
2025-01-07 09:15:33 [http-nio-8080-exec-10] DEBUG c.s.d.m.CommonMapper.selectLnbList - ==> Parameters: 
2025-01-07 09:15:33 [http-nio-8080-exec-10] DEBUG c.s.d.m.CommonMapper.selectLnbList - <==      Total: 5
2025-01-07 09:15:33 [http-nio-8080-exec-10] DEBUG org.mybatis.spring.SqlSessionUtils - Closing non transactional SqlSession [org.apache.ibatis.session.defaults.DefaultSqlSession@1b8081c]
2025-01-07 09:15:33 [http-nio-8080-exec-6] DEBUG org.mybatis.spring.SqlSessionUtils - Creating a new SqlSession
2025-01-07 09:15:33 [http-nio-8080-exec-6] DEBUG org.mybatis.spring.SqlSessionUtils - SqlSession [org.apache.ibatis.session.defaults.DefaultSqlSession@3a221b44] was not registered for synchronization because synchronization is not active
2025-01-07 09:15:33 [http-nio-8080-exec-6] DEBUG o.m.s.t.SpringManagedTransaction - JDBC Connection [HikariProxyConnection@1625935630 wrapping com.mysql.cj.jdbc.ConnectionImpl@5c96ebdb] will not be managed by Spring
2025-01-07 09:15:33 [http-nio-8080-exec-6] DEBUG c.s.d.m.CommonMapper.selectLnbList - ==>  Preparing: SELECT CT_LNB_IDX AS ctLnbIdx, CT_LNB_ID AS ctLnbId, CT_LNB_NAME AS ctLnbName, CT_LNB_SUB_YN AS ctLnbSubYn, CT_LNB_URL AS ctLnbUrl FROM CT_LNB ORDER BY CT_LNB_IDX
2025-01-07 09:15:33 [http-nio-8080-exec-6] DEBUG c.s.d.m.CommonMapper.selectLnbList - ==> Parameters: 
2025-01-07 09:15:33 [http-nio-8080-exec-6] DEBUG c.s.d.m.CommonMapper.selectLnbList - <==      Total: 5
2025-01-07 09:15:33 [http-nio-8080-exec-6] DEBUG org.mybatis.spring.SqlSessionUtils - Closing non transactional SqlSession [org.apache.ibatis.session.defaults.DefaultSqlSession@3a221b44]
2025-01-07 09:15:33 [http-nio-8080-exec-2] DEBUG org.mybatis.spring.SqlSessionUtils - Creating a new SqlSession
2025-01-07 09:15:33 [http-nio-8080-exec-7] DEBUG org.mybatis.spring.SqlSessionUtils - Creating a new SqlSession
2025-01-07 09:15:33 [http-nio-8080-exec-4] DEBUG org.mybatis.spring.SqlSessionUtils - Creating a new SqlSession
2025-01-07 09:15:33 [http-nio-8080-exec-7] DEBUG org.mybatis.spring.SqlSessionUtils - SqlSession [org.apache.ibatis.session.defaults.DefaultSqlSession@7af10882] was not registered for synchronization because synchronization is not active
2025-01-07 09:15:33 [http-nio-8080-exec-2] DEBUG org.mybatis.spring.SqlSessionUtils - SqlSession [org.apache.ibatis.session.defaults.DefaultSqlSession@5b9cf824] was not registered for synchronization because synchronization is not active
2025-01-07 09:15:33 [http-nio-8080-exec-4] DEBUG org.mybatis.spring.SqlSessionUtils - SqlSession [org.apache.ibatis.session.defaults.DefaultSqlSession@7c1b936e] was not registered for synchronization because synchronization is not active
2025-01-07 09:15:33 [http-nio-8080-exec-4] DEBUG o.m.s.t.SpringManagedTransaction - JDBC Connection [HikariProxyConnection@1252985609 wrapping com.mysql.cj.jdbc.ConnectionImpl@5c96ebdb] will not be managed by Spring
2025-01-07 09:15:33 [http-nio-8080-exec-4] DEBUG c.s.d.m.C.selectLnbSubList - ==>  Preparing: SELECT CT_LNB_SUB_IDX AS ctLnbSubIdx, CT_LNB_ID AS ctLnbId, CT_LNB_SUB_ID AS ctLnbSubId, CT_LNB_SUB_NAME AS ctLnbSubName, CT_LNB_SUB_URL AS ctLnbSubUrl FROM CT_LNB_SUB WHERE CT_LNB_ID = ? ORDER BY CT_LNB_SUB_IDX
2025-01-07 09:15:33 [http-nio-8080-exec-4] DEBUG c.s.d.m.C.selectLnbSubList - ==> Parameters: CT_LNB_INFORMATION(String)
2025-01-07 09:15:33 [http-nio-8080-exec-4] DEBUG c.s.d.m.C.selectLnbSubList - <==      Total: 2
2025-01-07 09:15:33 [http-nio-8080-exec-4] DEBUG org.mybatis.spring.SqlSessionUtils - Closing non transactional SqlSession [org.apache.ibatis.session.defaults.DefaultSqlSession@7c1b936e]
2025-01-07 09:15:33 [http-nio-8080-exec-2] DEBUG o.m.s.t.SpringManagedTransaction - JDBC Connection [HikariProxyConnection@876325300 wrapping com.mysql.cj.jdbc.ConnectionImpl@5c96ebdb] will not be managed by Spring
2025-01-07 09:15:33 [http-nio-8080-exec-2] DEBUG c.s.d.m.C.selectLnbSubList - ==>  Preparing: SELECT CT_LNB_SUB_IDX AS ctLnbSubIdx, CT_LNB_ID AS ctLnbId, CT_LNB_SUB_ID AS ctLnbSubId, CT_LNB_SUB_NAME AS ctLnbSubName, CT_LNB_SUB_URL AS ctLnbSubUrl FROM CT_LNB_SUB WHERE CT_LNB_ID = ? ORDER BY CT_LNB_SUB_IDX
2025-01-07 09:15:33 [http-nio-8080-exec-2] DEBUG c.s.d.m.C.selectLnbSubList - ==> Parameters: CT_LNB_SERVICE(String)
2025-01-07 09:15:33 [http-nio-8080-exec-2] DEBUG c.s.d.m.C.selectLnbSubList - <==      Total: 4
2025-01-07 09:15:33 [http-nio-8080-exec-2] DEBUG org.mybatis.spring.SqlSessionUtils - Closing non transactional SqlSession [org.apache.ibatis.session.defaults.DefaultSqlSession@5b9cf824]
2025-01-07 09:15:33 [http-nio-8080-exec-7] DEBUG o.m.s.t.SpringManagedTransaction - JDBC Connection [HikariProxyConnection@919270661 wrapping com.mysql.cj.jdbc.ConnectionImpl@5c96ebdb] will not be managed by Spring
2025-01-07 09:15:33 [http-nio-8080-exec-7] DEBUG c.s.d.m.C.selectLnbSubList - ==>  Preparing: SELECT CT_LNB_SUB_IDX AS ctLnbSubIdx, CT_LNB_ID AS ctLnbId, CT_LNB_SUB_ID AS ctLnbSubId, CT_LNB_SUB_NAME AS ctLnbSubName, CT_LNB_SUB_URL AS ctLnbSubUrl FROM CT_LNB_SUB WHERE CT_LNB_ID = ? ORDER BY CT_LNB_SUB_IDX
2025-01-07 09:15:33 [http-nio-8080-exec-7] DEBUG c.s.d.m.C.selectLnbSubList - ==> Parameters: CT_LNB_CONTACT(String)
2025-01-07 09:15:33 [http-nio-8080-exec-3] DEBUG org.mybatis.spring.SqlSessionUtils - Creating a new SqlSession
2025-01-07 09:15:33 [http-nio-8080-exec-3] DEBUG org.mybatis.spring.SqlSessionUtils - SqlSession [org.apache.ibatis.session.defaults.DefaultSqlSession@67bfa7c6] was not registered for synchronization because synchronization is not active
2025-01-07 09:15:33 [http-nio-8080-exec-7] DEBUG c.s.d.m.C.selectLnbSubList - <==      Total: 2
2025-01-07 09:15:33 [http-nio-8080-exec-7] DEBUG org.mybatis.spring.SqlSessionUtils - Closing non transactional SqlSession [org.apache.ibatis.session.defaults.DefaultSqlSession@7af10882]
2025-01-07 09:15:33 [http-nio-8080-exec-3] DEBUG o.m.s.t.SpringManagedTransaction - JDBC Connection [HikariProxyConnection@878449841 wrapping com.mysql.cj.jdbc.ConnectionImpl@5c96ebdb] will not be managed by Spring
2025-01-07 09:15:33 [http-nio-8080-exec-3] DEBUG c.s.d.m.C.selectLnbSubList - ==>  Preparing: SELECT CT_LNB_SUB_IDX AS ctLnbSubIdx, CT_LNB_ID AS ctLnbId, CT_LNB_SUB_ID AS ctLnbSubId, CT_LNB_SUB_NAME AS ctLnbSubName, CT_LNB_SUB_URL AS ctLnbSubUrl FROM CT_LNB_SUB WHERE CT_LNB_ID = ? ORDER BY CT_LNB_SUB_IDX
2025-01-07 09:15:33 [http-nio-8080-exec-5] DEBUG org.mybatis.spring.SqlSessionUtils - Creating a new SqlSession
2025-01-07 09:15:33 [http-nio-8080-exec-5] DEBUG org.mybatis.spring.SqlSessionUtils - SqlSession [org.apache.ibatis.session.defaults.DefaultSqlSession@5946b094] was not registered for synchronization because synchronization is not active
2025-01-07 09:15:33 [http-nio-8080-exec-3] DEBUG c.s.d.m.C.selectLnbSubList - ==> Parameters: CT_LNB_INFORMATION(String)
2025-01-07 09:15:33 [http-nio-8080-exec-3] DEBUG c.s.d.m.C.selectLnbSubList - <==      Total: 2
2025-01-07 09:15:33 [http-nio-8080-exec-3] DEBUG org.mybatis.spring.SqlSessionUtils - Closing non transactional SqlSession [org.apache.ibatis.session.defaults.DefaultSqlSession@67bfa7c6]
2025-01-07 09:15:33 [http-nio-8080-exec-5] DEBUG o.m.s.t.SpringManagedTransaction - JDBC Connection [HikariProxyConnection@1884679845 wrapping com.mysql.cj.jdbc.ConnectionImpl@5c96ebdb] will not be managed by Spring
2025-01-07 09:15:33 [http-nio-8080-exec-5] DEBUG c.s.d.m.C.selectLnbSubList - ==>  Preparing: SELECT CT_LNB_SUB_IDX AS ctLnbSubIdx, CT_LNB_ID AS ctLnbId, CT_LNB_SUB_ID AS ctLnbSubId, CT_LNB_SUB_NAME AS ctLnbSubName, CT_LNB_SUB_URL AS ctLnbSubUrl FROM CT_LNB_SUB WHERE CT_LNB_ID = ? ORDER BY CT_LNB_SUB_IDX
2025-01-07 09:15:33 [http-nio-8080-exec-5] DEBUG c.s.d.m.C.selectLnbSubList - ==> Parameters: CT_LNB_SERVICE(String)
2025-01-07 09:15:33 [http-nio-8080-exec-8] DEBUG org.mybatis.spring.SqlSessionUtils - Creating a new SqlSession
2025-01-07 09:15:33 [http-nio-8080-exec-8] DEBUG org.mybatis.spring.SqlSessionUtils - SqlSession [org.apache.ibatis.session.defaults.DefaultSqlSession@3ca876fa] was not registered for synchronization because synchronization is not active
2025-01-07 09:15:33 [http-nio-8080-exec-5] DEBUG c.s.d.m.C.selectLnbSubList - <==      Total: 4
2025-01-07 09:15:33 [http-nio-8080-exec-5] DEBUG org.mybatis.spring.SqlSessionUtils - Closing non transactional SqlSession [org.apache.ibatis.session.defaults.DefaultSqlSession@5946b094]
2025-01-07 09:15:33 [http-nio-8080-exec-8] DEBUG o.m.s.t.SpringManagedTransaction - JDBC Connection [HikariProxyConnection@949482935 wrapping com.mysql.cj.jdbc.ConnectionImpl@5c96ebdb] will not be managed by Spring
2025-01-07 09:15:33 [http-nio-8080-exec-8] DEBUG c.s.d.m.C.selectLnbSubList - ==>  Preparing: SELECT CT_LNB_SUB_IDX AS ctLnbSubIdx, CT_LNB_ID AS ctLnbId, CT_LNB_SUB_ID AS ctLnbSubId, CT_LNB_SUB_NAME AS ctLnbSubName, CT_LNB_SUB_URL AS ctLnbSubUrl FROM CT_LNB_SUB WHERE CT_LNB_ID = ? ORDER BY CT_LNB_SUB_IDX
2025-01-07 09:15:33 [http-nio-8080-exec-8] DEBUG c.s.d.m.C.selectLnbSubList - ==> Parameters: CT_LNB_CONTACT(String)
2025-01-07 09:15:33 [http-nio-8080-exec-8] DEBUG c.s.d.m.C.selectLnbSubList - <==      Total: 2
2025-01-07 09:15:33 [http-nio-8080-exec-8] DEBUG org.mybatis.spring.SqlSessionUtils - Closing non transactional SqlSession [org.apache.ibatis.session.defaults.DefaultSqlSession@3ca876fa]
2025-01-07 09:15:42 [http-nio-8080-exec-9] WARN  o.t.s.p.AbstractStandardFragmentInsertionTagProcessor - [THYMELEAF][http-nio-8080-exec-9][common/layout/layout] Deprecated unwrapped fragment expression "common/fragments/header::header" found in template common/layout/layout, line 29, col 10. Please use the complete syntax of fragment expressions instead ("~{common/fragments/header::header}"). The old, unwrapped syntax for fragment expressions will be removed in future versions of Thymeleaf.
2025-01-07 09:15:42 [http-nio-8080-exec-9] WARN  o.t.s.p.AbstractStandardFragmentInsertionTagProcessor - [THYMELEAF][http-nio-8080-exec-9][common/layout/layout] Deprecated unwrapped fragment expression "common/fragments/footer::footer" found in template common/layout/layout, line 33, col 10. Please use the complete syntax of fragment expressions instead ("~{common/fragments/footer::footer}"). The old, unwrapped syntax for fragment expressions will be removed in future versions of Thymeleaf.
2025-01-07 09:15:42 [http-nio-8080-exec-8] DEBUG org.mybatis.spring.SqlSessionUtils - Creating a new SqlSession
2025-01-07 09:15:42 [http-nio-8080-exec-8] DEBUG org.mybatis.spring.SqlSessionUtils - SqlSession [org.apache.ibatis.session.defaults.DefaultSqlSession@48a2989e] was not registered for synchronization because synchronization is not active
2025-01-07 09:15:42 [http-nio-8080-exec-8] DEBUG o.m.s.t.SpringManagedTransaction - JDBC Connection [HikariProxyConnection@1810772811 wrapping com.mysql.cj.jdbc.ConnectionImpl@5c96ebdb] will not be managed by Spring
2025-01-07 09:15:42 [http-nio-8080-exec-8] DEBUG c.s.d.m.CommonMapper.selectLnbList - ==>  Preparing: SELECT CT_LNB_IDX AS ctLnbIdx, CT_LNB_ID AS ctLnbId, CT_LNB_NAME AS ctLnbName, CT_LNB_SUB_YN AS ctLnbSubYn, CT_LNB_URL AS ctLnbUrl FROM CT_LNB ORDER BY CT_LNB_IDX
2025-01-07 09:15:42 [http-nio-8080-exec-8] DEBUG c.s.d.m.CommonMapper.selectLnbList - ==> Parameters: 
2025-01-07 09:15:42 [http-nio-8080-exec-8] DEBUG c.s.d.m.CommonMapper.selectLnbList - <==      Total: 5
2025-01-07 09:15:42 [http-nio-8080-exec-8] DEBUG org.mybatis.spring.SqlSessionUtils - Closing non transactional SqlSession [org.apache.ibatis.session.defaults.DefaultSqlSession@48a2989e]
2025-01-07 09:15:42 [http-nio-8080-exec-9] DEBUG org.mybatis.spring.SqlSessionUtils - Creating a new SqlSession
2025-01-07 09:15:42 [http-nio-8080-exec-9] DEBUG org.mybatis.spring.SqlSessionUtils - SqlSession [org.apache.ibatis.session.defaults.DefaultSqlSession@34a3cb54] was not registered for synchronization because synchronization is not active
2025-01-07 09:15:42 [http-nio-8080-exec-9] DEBUG o.m.s.t.SpringManagedTransaction - JDBC Connection [HikariProxyConnection@37204302 wrapping com.mysql.cj.jdbc.ConnectionImpl@5c96ebdb] will not be managed by Spring
2025-01-07 09:15:42 [http-nio-8080-exec-9] DEBUG c.s.d.m.CommonMapper.selectLnbList - ==>  Preparing: SELECT CT_LNB_IDX AS ctLnbIdx, CT_LNB_ID AS ctLnbId, CT_LNB_NAME AS ctLnbName, CT_LNB_SUB_YN AS ctLnbSubYn, CT_LNB_URL AS ctLnbUrl FROM CT_LNB ORDER BY CT_LNB_IDX
2025-01-07 09:15:42 [http-nio-8080-exec-9] DEBUG c.s.d.m.CommonMapper.selectLnbList - ==> Parameters: 
2025-01-07 09:15:42 [http-nio-8080-exec-9] DEBUG c.s.d.m.CommonMapper.selectLnbList - <==      Total: 5
2025-01-07 09:15:42 [http-nio-8080-exec-9] DEBUG org.mybatis.spring.SqlSessionUtils - Closing non transactional SqlSession [org.apache.ibatis.session.defaults.DefaultSqlSession@34a3cb54]
2025-01-07 09:15:42 [http-nio-8080-exec-1] DEBUG org.mybatis.spring.SqlSessionUtils - Creating a new SqlSession
2025-01-07 09:15:42 [http-nio-8080-exec-10] DEBUG org.mybatis.spring.SqlSessionUtils - Creating a new SqlSession
2025-01-07 09:15:42 [http-nio-8080-exec-6] DEBUG org.mybatis.spring.SqlSessionUtils - Creating a new SqlSession
2025-01-07 09:15:42 [http-nio-8080-exec-1] DEBUG org.mybatis.spring.SqlSessionUtils - SqlSession [org.apache.ibatis.session.defaults.DefaultSqlSession@bb81b0c] was not registered for synchronization because synchronization is not active
2025-01-07 09:15:42 [http-nio-8080-exec-10] DEBUG org.mybatis.spring.SqlSessionUtils - SqlSession [org.apache.ibatis.session.defaults.DefaultSqlSession@231bf7f6] was not registered for synchronization because synchronization is not active
2025-01-07 09:15:42 [http-nio-8080-exec-6] DEBUG org.mybatis.spring.SqlSessionUtils - SqlSession [org.apache.ibatis.session.defaults.DefaultSqlSession@25bb07cd] was not registered for synchronization because synchronization is not active
2025-01-07 09:15:42 [http-nio-8080-exec-10] DEBUG o.m.s.t.SpringManagedTransaction - JDBC Connection [HikariProxyConnection@761845543 wrapping com.mysql.cj.jdbc.ConnectionImpl@5c96ebdb] will not be managed by Spring
2025-01-07 09:15:42 [http-nio-8080-exec-10] DEBUG c.s.d.m.C.selectLnbSubList - ==>  Preparing: SELECT CT_LNB_SUB_IDX AS ctLnbSubIdx, CT_LNB_ID AS ctLnbId, CT_LNB_SUB_ID AS ctLnbSubId, CT_LNB_SUB_NAME AS ctLnbSubName, CT_LNB_SUB_URL AS ctLnbSubUrl FROM CT_LNB_SUB WHERE CT_LNB_ID = ? ORDER BY CT_LNB_SUB_IDX
2025-01-07 09:15:42 [http-nio-8080-exec-10] DEBUG c.s.d.m.C.selectLnbSubList - ==> Parameters: CT_LNB_CONTACT(String)
2025-01-07 09:15:42 [http-nio-8080-exec-1] DEBUG o.m.s.t.SpringManagedTransaction - JDBC Connection [HikariProxyConnection@1025616299 wrapping com.mysql.cj.jdbc.ConnectionImpl@7683fdce] will not be managed by Spring
2025-01-07 09:15:42 [http-nio-8080-exec-6] DEBUG o.m.s.t.SpringManagedTransaction - JDBC Connection [HikariProxyConnection@2076742512 wrapping com.mysql.cj.jdbc.ConnectionImpl@3acaf26b] will not be managed by Spring
2025-01-07 09:15:42 [http-nio-8080-exec-1] DEBUG c.s.d.m.C.selectLnbSubList - ==>  Preparing: SELECT CT_LNB_SUB_IDX AS ctLnbSubIdx, CT_LNB_ID AS ctLnbId, CT_LNB_SUB_ID AS ctLnbSubId, CT_LNB_SUB_NAME AS ctLnbSubName, CT_LNB_SUB_URL AS ctLnbSubUrl FROM CT_LNB_SUB WHERE CT_LNB_ID = ? ORDER BY CT_LNB_SUB_IDX
2025-01-07 09:15:42 [http-nio-8080-exec-6] DEBUG c.s.d.m.C.selectLnbSubList - ==>  Preparing: SELECT CT_LNB_SUB_IDX AS ctLnbSubIdx, CT_LNB_ID AS ctLnbId, CT_LNB_SUB_ID AS ctLnbSubId, CT_LNB_SUB_NAME AS ctLnbSubName, CT_LNB_SUB_URL AS ctLnbSubUrl FROM CT_LNB_SUB WHERE CT_LNB_ID = ? ORDER BY CT_LNB_SUB_IDX
2025-01-07 09:15:42 [http-nio-8080-exec-6] DEBUG c.s.d.m.C.selectLnbSubList - ==> Parameters: CT_LNB_SERVICE(String)
2025-01-07 09:15:42 [http-nio-8080-exec-1] DEBUG c.s.d.m.C.selectLnbSubList - ==> Parameters: CT_LNB_INFORMATION(String)
2025-01-07 09:15:42 [http-nio-8080-exec-10] DEBUG c.s.d.m.C.selectLnbSubList - <==      Total: 2
2025-01-07 09:15:42 [http-nio-8080-exec-1] DEBUG c.s.d.m.C.selectLnbSubList - <==      Total: 2
2025-01-07 09:15:42 [http-nio-8080-exec-6] DEBUG c.s.d.m.C.selectLnbSubList - <==      Total: 4
2025-01-07 09:15:42 [http-nio-8080-exec-1] DEBUG org.mybatis.spring.SqlSessionUtils - Closing non transactional SqlSession [org.apache.ibatis.session.defaults.DefaultSqlSession@bb81b0c]
2025-01-07 09:15:42 [http-nio-8080-exec-10] DEBUG org.mybatis.spring.SqlSessionUtils - Closing non transactional SqlSession [org.apache.ibatis.session.defaults.DefaultSqlSession@231bf7f6]
2025-01-07 09:15:42 [http-nio-8080-exec-6] DEBUG org.mybatis.spring.SqlSessionUtils - Closing non transactional SqlSession [org.apache.ibatis.session.defaults.DefaultSqlSession@25bb07cd]
2025-01-07 09:15:42 [http-nio-8080-exec-7] DEBUG org.mybatis.spring.SqlSessionUtils - Creating a new SqlSession
2025-01-07 09:15:42 [http-nio-8080-exec-4] DEBUG org.mybatis.spring.SqlSessionUtils - Creating a new SqlSession
2025-01-07 09:15:42 [http-nio-8080-exec-2] DEBUG org.mybatis.spring.SqlSessionUtils - Creating a new SqlSession
2025-01-07 09:15:42 [http-nio-8080-exec-4] DEBUG org.mybatis.spring.SqlSessionUtils - SqlSession [org.apache.ibatis.session.defaults.DefaultSqlSession@3617ff0c] was not registered for synchronization because synchronization is not active
2025-01-07 09:15:42 [http-nio-8080-exec-2] DEBUG org.mybatis.spring.SqlSessionUtils - SqlSession [org.apache.ibatis.session.defaults.DefaultSqlSession@65b9576c] was not registered for synchronization because synchronization is not active
2025-01-07 09:15:42 [http-nio-8080-exec-7] DEBUG org.mybatis.spring.SqlSessionUtils - SqlSession [org.apache.ibatis.session.defaults.DefaultSqlSession@11fec62f] was not registered for synchronization because synchronization is not active
2025-01-07 09:15:42 [http-nio-8080-exec-4] DEBUG o.m.s.t.SpringManagedTransaction - JDBC Connection [HikariProxyConnection@2117044410 wrapping com.mysql.cj.jdbc.ConnectionImpl@3acaf26b] will not be managed by Spring
2025-01-07 09:15:42 [http-nio-8080-exec-2] DEBUG o.m.s.t.SpringManagedTransaction - JDBC Connection [HikariProxyConnection@1600514088 wrapping com.mysql.cj.jdbc.ConnectionImpl@5c96ebdb] will not be managed by Spring
2025-01-07 09:15:42 [http-nio-8080-exec-4] DEBUG c.s.d.m.C.selectLnbSubList - ==>  Preparing: SELECT CT_LNB_SUB_IDX AS ctLnbSubIdx, CT_LNB_ID AS ctLnbId, CT_LNB_SUB_ID AS ctLnbSubId, CT_LNB_SUB_NAME AS ctLnbSubName, CT_LNB_SUB_URL AS ctLnbSubUrl FROM CT_LNB_SUB WHERE CT_LNB_ID = ? ORDER BY CT_LNB_SUB_IDX
2025-01-07 09:15:42 [http-nio-8080-exec-7] DEBUG o.m.s.t.SpringManagedTransaction - JDBC Connection [HikariProxyConnection@1071410768 wrapping com.mysql.cj.jdbc.ConnectionImpl@7683fdce] will not be managed by Spring
2025-01-07 09:15:42 [http-nio-8080-exec-7] DEBUG c.s.d.m.C.selectLnbSubList - ==>  Preparing: SELECT CT_LNB_SUB_IDX AS ctLnbSubIdx, CT_LNB_ID AS ctLnbId, CT_LNB_SUB_ID AS ctLnbSubId, CT_LNB_SUB_NAME AS ctLnbSubName, CT_LNB_SUB_URL AS ctLnbSubUrl FROM CT_LNB_SUB WHERE CT_LNB_ID = ? ORDER BY CT_LNB_SUB_IDX
2025-01-07 09:15:42 [http-nio-8080-exec-4] DEBUG c.s.d.m.C.selectLnbSubList - ==> Parameters: CT_LNB_INFORMATION(String)
2025-01-07 09:15:42 [http-nio-8080-exec-7] DEBUG c.s.d.m.C.selectLnbSubList - ==> Parameters: CT_LNB_CONTACT(String)
2025-01-07 09:15:42 [http-nio-8080-exec-2] DEBUG c.s.d.m.C.selectLnbSubList - ==>  Preparing: SELECT CT_LNB_SUB_IDX AS ctLnbSubIdx, CT_LNB_ID AS ctLnbId, CT_LNB_SUB_ID AS ctLnbSubId, CT_LNB_SUB_NAME AS ctLnbSubName, CT_LNB_SUB_URL AS ctLnbSubUrl FROM CT_LNB_SUB WHERE CT_LNB_ID = ? ORDER BY CT_LNB_SUB_IDX
2025-01-07 09:15:42 [http-nio-8080-exec-2] DEBUG c.s.d.m.C.selectLnbSubList - ==> Parameters: CT_LNB_SERVICE(String)
2025-01-07 09:15:42 [http-nio-8080-exec-7] DEBUG c.s.d.m.C.selectLnbSubList - <==      Total: 2
2025-01-07 09:15:42 [http-nio-8080-exec-4] DEBUG c.s.d.m.C.selectLnbSubList - <==      Total: 2
2025-01-07 09:15:42 [http-nio-8080-exec-7] DEBUG org.mybatis.spring.SqlSessionUtils - Closing non transactional SqlSession [org.apache.ibatis.session.defaults.DefaultSqlSession@11fec62f]
2025-01-07 09:15:42 [http-nio-8080-exec-4] DEBUG org.mybatis.spring.SqlSessionUtils - Closing non transactional SqlSession [org.apache.ibatis.session.defaults.DefaultSqlSession@3617ff0c]
2025-01-07 09:15:42 [http-nio-8080-exec-2] DEBUG c.s.d.m.C.selectLnbSubList - <==      Total: 4
2025-01-07 09:15:42 [http-nio-8080-exec-2] DEBUG org.mybatis.spring.SqlSessionUtils - Closing non transactional SqlSession [org.apache.ibatis.session.defaults.DefaultSqlSession@65b9576c]
2025-01-07 09:15:48 [http-nio-8080-exec-3] WARN  o.t.s.p.AbstractStandardFragmentInsertionTagProcessor - [THYMELEAF][http-nio-8080-exec-3][common/layout/layout] Deprecated unwrapped fragment expression "common/fragments/header::header" found in template common/layout/layout, line 29, col 10. Please use the complete syntax of fragment expressions instead ("~{common/fragments/header::header}"). The old, unwrapped syntax for fragment expressions will be removed in future versions of Thymeleaf.
2025-01-07 09:15:48 [http-nio-8080-exec-3] WARN  o.t.s.p.AbstractStandardFragmentInsertionTagProcessor - [THYMELEAF][http-nio-8080-exec-3][common/layout/layout] Deprecated unwrapped fragment expression "common/fragments/footer::footer" found in template common/layout/layout, line 33, col 10. Please use the complete syntax of fragment expressions instead ("~{common/fragments/footer::footer}"). The old, unwrapped syntax for fragment expressions will be removed in future versions of Thymeleaf.
2025-01-07 09:15:48 [http-nio-8080-exec-2] DEBUG org.mybatis.spring.SqlSessionUtils - Creating a new SqlSession
2025-01-07 09:15:48 [http-nio-8080-exec-2] DEBUG org.mybatis.spring.SqlSessionUtils - SqlSession [org.apache.ibatis.session.defaults.DefaultSqlSession@b3841d8] was not registered for synchronization because synchronization is not active
2025-01-07 09:15:48 [http-nio-8080-exec-2] DEBUG o.m.s.t.SpringManagedTransaction - JDBC Connection [HikariProxyConnection@2073505588 wrapping com.mysql.cj.jdbc.ConnectionImpl@5c96ebdb] will not be managed by Spring
2025-01-07 09:15:48 [http-nio-8080-exec-2] DEBUG c.s.d.m.CommonMapper.selectLnbList - ==>  Preparing: SELECT CT_LNB_IDX AS ctLnbIdx, CT_LNB_ID AS ctLnbId, CT_LNB_NAME AS ctLnbName, CT_LNB_SUB_YN AS ctLnbSubYn, CT_LNB_URL AS ctLnbUrl FROM CT_LNB ORDER BY CT_LNB_IDX
2025-01-07 09:15:48 [http-nio-8080-exec-2] DEBUG c.s.d.m.CommonMapper.selectLnbList - ==> Parameters: 
2025-01-07 09:15:48 [http-nio-8080-exec-2] DEBUG c.s.d.m.CommonMapper.selectLnbList - <==      Total: 5
2025-01-07 09:15:48 [http-nio-8080-exec-2] DEBUG org.mybatis.spring.SqlSessionUtils - Closing non transactional SqlSession [org.apache.ibatis.session.defaults.DefaultSqlSession@b3841d8]
2025-01-07 09:15:48 [http-nio-8080-exec-3] DEBUG org.mybatis.spring.SqlSessionUtils - Creating a new SqlSession
2025-01-07 09:15:48 [http-nio-8080-exec-3] DEBUG org.mybatis.spring.SqlSessionUtils - SqlSession [org.apache.ibatis.session.defaults.DefaultSqlSession@6159695d] was not registered for synchronization because synchronization is not active
2025-01-07 09:15:48 [http-nio-8080-exec-3] DEBUG o.m.s.t.SpringManagedTransaction - JDBC Connection [HikariProxyConnection@1038228335 wrapping com.mysql.cj.jdbc.ConnectionImpl@5c96ebdb] will not be managed by Spring
2025-01-07 09:15:48 [http-nio-8080-exec-3] DEBUG c.s.d.m.B.selectBoardListTotal - ==>  Preparing: SELECT COUNT(*) FROM CT_BOARD
2025-01-07 09:15:48 [http-nio-8080-exec-3] DEBUG c.s.d.m.B.selectBoardListTotal - ==> Parameters: 
2025-01-07 09:15:48 [http-nio-8080-exec-5] DEBUG org.mybatis.spring.SqlSessionUtils - Creating a new SqlSession
2025-01-07 09:15:48 [http-nio-8080-exec-5] DEBUG org.mybatis.spring.SqlSessionUtils - SqlSession [org.apache.ibatis.session.defaults.DefaultSqlSession@475647da] was not registered for synchronization because synchronization is not active
2025-01-07 09:15:48 [http-nio-8080-exec-5] DEBUG o.m.s.t.SpringManagedTransaction - JDBC Connection [HikariProxyConnection@773098300 wrapping com.mysql.cj.jdbc.ConnectionImpl@3acaf26b] will not be managed by Spring
2025-01-07 09:15:48 [http-nio-8080-exec-5] DEBUG c.s.d.m.CommonMapper.selectLnbList - ==>  Preparing: SELECT CT_LNB_IDX AS ctLnbIdx, CT_LNB_ID AS ctLnbId, CT_LNB_NAME AS ctLnbName, CT_LNB_SUB_YN AS ctLnbSubYn, CT_LNB_URL AS ctLnbUrl FROM CT_LNB ORDER BY CT_LNB_IDX
2025-01-07 09:15:48 [http-nio-8080-exec-5] DEBUG c.s.d.m.CommonMapper.selectLnbList - ==> Parameters: 
2025-01-07 09:15:48 [http-nio-8080-exec-3] DEBUG c.s.d.m.B.selectBoardListTotal - <==      Total: 1
2025-01-07 09:15:48 [http-nio-8080-exec-5] DEBUG c.s.d.m.CommonMapper.selectLnbList - <==      Total: 5
2025-01-07 09:15:48 [http-nio-8080-exec-3] DEBUG org.mybatis.spring.SqlSessionUtils - Closing non transactional SqlSession [org.apache.ibatis.session.defaults.DefaultSqlSession@6159695d]
2025-01-07 09:15:48 [http-nio-8080-exec-5] DEBUG org.mybatis.spring.SqlSessionUtils - Closing non transactional SqlSession [org.apache.ibatis.session.defaults.DefaultSqlSession@475647da]
2025-01-07 09:15:48 [http-nio-8080-exec-3] DEBUG org.mybatis.spring.SqlSessionUtils - Creating a new SqlSession
2025-01-07 09:15:48 [http-nio-8080-exec-3] DEBUG org.mybatis.spring.SqlSessionUtils - SqlSession [org.apache.ibatis.session.defaults.DefaultSqlSession@760f2e5f] was not registered for synchronization because synchronization is not active
2025-01-07 09:15:48 [http-nio-8080-exec-3] DEBUG o.m.s.t.SpringManagedTransaction - JDBC Connection [HikariProxyConnection@214537184 wrapping com.mysql.cj.jdbc.ConnectionImpl@5c96ebdb] will not be managed by Spring
2025-01-07 09:15:48 [http-nio-8080-exec-3] DEBUG c.s.d.m.BoardMapper.selectBoardList - ==>  Preparing: SELECT ROW_NUMBER() OVER (ORDER BY CT_BOARD_IDX) AS roNum, CT_BOARD_IDX AS ctBoardIdx, CT_BOARD_ID AS ctBoardId, CT_BOARD_SUBJECT AS ctBoardSubject, CT_BOARD_NAME AS ctBoardName, CT_BOARD_CREATE_DATE AS ctBoardCreateDate FROM CT_BOARD LIMIT ?,?
2025-01-07 09:15:48 [http-nio-8080-exec-3] DEBUG c.s.d.m.BoardMapper.selectBoardList - ==> Parameters: 0(Integer), 20(Integer)
2025-01-07 09:15:48 [http-nio-8080-exec-9] DEBUG org.mybatis.spring.SqlSessionUtils - Creating a new SqlSession
2025-01-07 09:15:48 [http-nio-8080-exec-8] DEBUG org.mybatis.spring.SqlSessionUtils - Creating a new SqlSession
2025-01-07 09:15:48 [http-nio-8080-exec-6] DEBUG org.mybatis.spring.SqlSessionUtils - Creating a new SqlSession
2025-01-07 09:15:48 [http-nio-8080-exec-9] DEBUG org.mybatis.spring.SqlSessionUtils - SqlSession [org.apache.ibatis.session.defaults.DefaultSqlSession@365a8fe3] was not registered for synchronization because synchronization is not active
2025-01-07 09:15:48 [http-nio-8080-exec-6] DEBUG org.mybatis.spring.SqlSessionUtils - SqlSession [org.apache.ibatis.session.defaults.DefaultSqlSession@521ec505] was not registered for synchronization because synchronization is not active
2025-01-07 09:15:48 [http-nio-8080-exec-8] DEBUG org.mybatis.spring.SqlSessionUtils - SqlSession [org.apache.ibatis.session.defaults.DefaultSqlSession@5c8e97c9] was not registered for synchronization because synchronization is not active
2025-01-07 09:15:48 [http-nio-8080-exec-6] DEBUG o.m.s.t.SpringManagedTransaction - JDBC Connection [HikariProxyConnection@1068121223 wrapping com.mysql.cj.jdbc.ConnectionImpl@3acaf26b] will not be managed by Spring
2025-01-07 09:15:48 [http-nio-8080-exec-6] DEBUG c.s.d.m.C.selectLnbSubList - ==>  Preparing: SELECT CT_LNB_SUB_IDX AS ctLnbSubIdx, CT_LNB_ID AS ctLnbId, CT_LNB_SUB_ID AS ctLnbSubId, CT_LNB_SUB_NAME AS ctLnbSubName, CT_LNB_SUB_URL AS ctLnbSubUrl FROM CT_LNB_SUB WHERE CT_LNB_ID = ? ORDER BY CT_LNB_SUB_IDX
2025-01-07 09:15:48 [http-nio-8080-exec-8] DEBUG o.m.s.t.SpringManagedTransaction - JDBC Connection [HikariProxyConnection@1180730232 wrapping com.mysql.cj.jdbc.ConnectionImpl@3ad44df1] will not be managed by Spring
2025-01-07 09:15:48 [http-nio-8080-exec-6] DEBUG c.s.d.m.C.selectLnbSubList - ==> Parameters: CT_LNB_CONTACT(String)
2025-01-07 09:15:48 [http-nio-8080-exec-8] DEBUG c.s.d.m.C.selectLnbSubList - ==>  Preparing: SELECT CT_LNB_SUB_IDX AS ctLnbSubIdx, CT_LNB_ID AS ctLnbId, CT_LNB_SUB_ID AS ctLnbSubId, CT_LNB_SUB_NAME AS ctLnbSubName, CT_LNB_SUB_URL AS ctLnbSubUrl FROM CT_LNB_SUB WHERE CT_LNB_ID = ? ORDER BY CT_LNB_SUB_IDX
2025-01-07 09:15:48 [http-nio-8080-exec-9] DEBUG o.m.s.t.SpringManagedTransaction - JDBC Connection [HikariProxyConnection@133701880 wrapping com.mysql.cj.jdbc.ConnectionImpl@7683fdce] will not be managed by Spring
2025-01-07 09:15:48 [http-nio-8080-exec-9] DEBUG c.s.d.m.C.selectLnbSubList - ==>  Preparing: SELECT CT_LNB_SUB_IDX AS ctLnbSubIdx, CT_LNB_ID AS ctLnbId, CT_LNB_SUB_ID AS ctLnbSubId, CT_LNB_SUB_NAME AS ctLnbSubName, CT_LNB_SUB_URL AS ctLnbSubUrl FROM CT_LNB_SUB WHERE CT_LNB_ID = ? ORDER BY CT_LNB_SUB_IDX
2025-01-07 09:15:48 [http-nio-8080-exec-8] DEBUG c.s.d.m.C.selectLnbSubList - ==> Parameters: CT_LNB_INFORMATION(String)
2025-01-07 09:15:48 [http-nio-8080-exec-9] DEBUG c.s.d.m.C.selectLnbSubList - ==> Parameters: CT_LNB_SERVICE(String)
2025-01-07 09:15:48 [http-nio-8080-exec-8] DEBUG c.s.d.m.C.selectLnbSubList - <==      Total: 2
2025-01-07 09:15:48 [http-nio-8080-exec-6] DEBUG c.s.d.m.C.selectLnbSubList - <==      Total: 2
2025-01-07 09:15:48 [http-nio-8080-exec-9] DEBUG c.s.d.m.C.selectLnbSubList - <==      Total: 4
2025-01-07 09:15:48 [http-nio-8080-exec-6] DEBUG org.mybatis.spring.SqlSessionUtils - Closing non transactional SqlSession [org.apache.ibatis.session.defaults.DefaultSqlSession@521ec505]
2025-01-07 09:15:48 [http-nio-8080-exec-8] DEBUG org.mybatis.spring.SqlSessionUtils - Closing non transactional SqlSession [org.apache.ibatis.session.defaults.DefaultSqlSession@5c8e97c9]
2025-01-07 09:15:48 [http-nio-8080-exec-9] DEBUG org.mybatis.spring.SqlSessionUtils - Closing non transactional SqlSession [org.apache.ibatis.session.defaults.DefaultSqlSession@365a8fe3]
2025-01-07 09:15:48 [http-nio-8080-exec-1] DEBUG org.mybatis.spring.SqlSessionUtils - Creating a new SqlSession
2025-01-07 09:15:48 [http-nio-8080-exec-10] DEBUG org.mybatis.spring.SqlSessionUtils - Creating a new SqlSession
2025-01-07 09:15:48 [http-nio-8080-exec-4] DEBUG org.mybatis.spring.SqlSessionUtils - Creating a new SqlSession
2025-01-07 09:15:48 [http-nio-8080-exec-4] DEBUG org.mybatis.spring.SqlSessionUtils - SqlSession [org.apache.ibatis.session.defaults.DefaultSqlSession@50026b6e] was not registered for synchronization because synchronization is not active
2025-01-07 09:15:48 [http-nio-8080-exec-10] DEBUG org.mybatis.spring.SqlSessionUtils - SqlSession [org.apache.ibatis.session.defaults.DefaultSqlSession@4901ae77] was not registered for synchronization because synchronization is not active
2025-01-07 09:15:48 [http-nio-8080-exec-1] DEBUG org.mybatis.spring.SqlSessionUtils - SqlSession [org.apache.ibatis.session.defaults.DefaultSqlSession@2af31544] was not registered for synchronization because synchronization is not active
2025-01-07 09:15:48 [http-nio-8080-exec-4] DEBUG o.m.s.t.SpringManagedTransaction - JDBC Connection [HikariProxyConnection@1382695820 wrapping com.mysql.cj.jdbc.ConnectionImpl@3acaf26b] will not be managed by Spring
2025-01-07 09:15:48 [http-nio-8080-exec-10] DEBUG o.m.s.t.SpringManagedTransaction - JDBC Connection [HikariProxyConnection@582715807 wrapping com.mysql.cj.jdbc.ConnectionImpl@7683fdce] will not be managed by Spring
2025-01-07 09:15:48 [http-nio-8080-exec-1] DEBUG o.m.s.t.SpringManagedTransaction - JDBC Connection [HikariProxyConnection@1131929689 wrapping com.mysql.cj.jdbc.ConnectionImpl@3ad44df1] will not be managed by Spring
2025-01-07 09:15:48 [http-nio-8080-exec-10] DEBUG c.s.d.m.C.selectLnbSubList - ==>  Preparing: SELECT CT_LNB_SUB_IDX AS ctLnbSubIdx, CT_LNB_ID AS ctLnbId, CT_LNB_SUB_ID AS ctLnbSubId, CT_LNB_SUB_NAME AS ctLnbSubName, CT_LNB_SUB_URL AS ctLnbSubUrl FROM CT_LNB_SUB WHERE CT_LNB_ID = ? ORDER BY CT_LNB_SUB_IDX
2025-01-07 09:15:48 [http-nio-8080-exec-1] DEBUG c.s.d.m.C.selectLnbSubList - ==>  Preparing: SELECT CT_LNB_SUB_IDX AS ctLnbSubIdx, CT_LNB_ID AS ctLnbId, CT_LNB_SUB_ID AS ctLnbSubId, CT_LNB_SUB_NAME AS ctLnbSubName, CT_LNB_SUB_URL AS ctLnbSubUrl FROM CT_LNB_SUB WHERE CT_LNB_ID = ? ORDER BY CT_LNB_SUB_IDX
2025-01-07 09:15:48 [http-nio-8080-exec-4] DEBUG c.s.d.m.C.selectLnbSubList - ==>  Preparing: SELECT CT_LNB_SUB_IDX AS ctLnbSubIdx, CT_LNB_ID AS ctLnbId, CT_LNB_SUB_ID AS ctLnbSubId, CT_LNB_SUB_NAME AS ctLnbSubName, CT_LNB_SUB_URL AS ctLnbSubUrl FROM CT_LNB_SUB WHERE CT_LNB_ID = ? ORDER BY CT_LNB_SUB_IDX
2025-01-07 09:15:48 [http-nio-8080-exec-10] DEBUG c.s.d.m.C.selectLnbSubList - ==> Parameters: CT_LNB_CONTACT(String)
2025-01-07 09:15:48 [http-nio-8080-exec-1] DEBUG c.s.d.m.C.selectLnbSubList - ==> Parameters: CT_LNB_INFORMATION(String)
2025-01-07 09:15:48 [http-nio-8080-exec-4] DEBUG c.s.d.m.C.selectLnbSubList - ==> Parameters: CT_LNB_SERVICE(String)
2025-01-07 09:15:48 [http-nio-8080-exec-3] DEBUG c.s.d.m.BoardMapper.selectBoardList - <==      Total: 20
2025-01-07 09:15:48 [http-nio-8080-exec-3] DEBUG org.mybatis.spring.SqlSessionUtils - Closing non transactional SqlSession [org.apache.ibatis.session.defaults.DefaultSqlSession@760f2e5f]
2025-01-07 09:15:48 [http-nio-8080-exec-10] DEBUG c.s.d.m.C.selectLnbSubList - <==      Total: 2
2025-01-07 09:15:48 [http-nio-8080-exec-1] DEBUG c.s.d.m.C.selectLnbSubList - <==      Total: 2
2025-01-07 09:15:48 [http-nio-8080-exec-4] DEBUG c.s.d.m.C.selectLnbSubList - <==      Total: 4
2025-01-07 09:15:48 [http-nio-8080-exec-1] DEBUG org.mybatis.spring.SqlSessionUtils - Closing non transactional SqlSession [org.apache.ibatis.session.defaults.DefaultSqlSession@2af31544]
2025-01-07 09:15:48 [http-nio-8080-exec-10] DEBUG org.mybatis.spring.SqlSessionUtils - Closing non transactional SqlSession [org.apache.ibatis.session.defaults.DefaultSqlSession@4901ae77]
2025-01-07 09:15:48 [http-nio-8080-exec-4] DEBUG org.mybatis.spring.SqlSessionUtils - Closing non transactional SqlSession [org.apache.ibatis.session.defaults.DefaultSqlSession@50026b6e]
2025-01-07 09:15:49 [http-nio-8080-exec-7] WARN  o.t.s.p.AbstractStandardFragmentInsertionTagProcessor - [THYMELEAF][http-nio-8080-exec-7][common/layout/layout] Deprecated unwrapped fragment expression "common/fragments/header::header" found in template common/layout/layout, line 29, col 10. Please use the complete syntax of fragment expressions instead ("~{common/fragments/header::header}"). The old, unwrapped syntax for fragment expressions will be removed in future versions of Thymeleaf.
2025-01-07 09:15:49 [http-nio-8080-exec-7] WARN  o.t.s.p.AbstractStandardFragmentInsertionTagProcessor - [THYMELEAF][http-nio-8080-exec-7][common/layout/layout] Deprecated unwrapped fragment expression "common/fragments/footer::footer" found in template common/layout/layout, line 33, col 10. Please use the complete syntax of fragment expressions instead ("~{common/fragments/footer::footer}"). The old, unwrapped syntax for fragment expressions will be removed in future versions of Thymeleaf.
2025-01-07 09:15:49 [http-nio-8080-exec-3] DEBUG org.mybatis.spring.SqlSessionUtils - Creating a new SqlSession
2025-01-07 09:15:49 [http-nio-8080-exec-3] DEBUG org.mybatis.spring.SqlSessionUtils - SqlSession [org.apache.ibatis.session.defaults.DefaultSqlSession@3aa63a6c] was not registered for synchronization because synchronization is not active
2025-01-07 09:15:49 [http-nio-8080-exec-3] DEBUG o.m.s.t.SpringManagedTransaction - JDBC Connection [HikariProxyConnection@1534362938 wrapping com.mysql.cj.jdbc.ConnectionImpl@5c96ebdb] will not be managed by Spring
2025-01-07 09:15:49 [http-nio-8080-exec-3] DEBUG c.s.d.m.CommonMapper.selectLnbList - ==>  Preparing: SELECT CT_LNB_IDX AS ctLnbIdx, CT_LNB_ID AS ctLnbId, CT_LNB_NAME AS ctLnbName, CT_LNB_SUB_YN AS ctLnbSubYn, CT_LNB_URL AS ctLnbUrl FROM CT_LNB ORDER BY CT_LNB_IDX
2025-01-07 09:15:49 [http-nio-8080-exec-3] DEBUG c.s.d.m.CommonMapper.selectLnbList - ==> Parameters: 
2025-01-07 09:15:49 [http-nio-8080-exec-3] DEBUG c.s.d.m.CommonMapper.selectLnbList - <==      Total: 5
2025-01-07 09:15:49 [http-nio-8080-exec-3] DEBUG org.mybatis.spring.SqlSessionUtils - Closing non transactional SqlSession [org.apache.ibatis.session.defaults.DefaultSqlSession@3aa63a6c]
2025-01-07 09:15:49 [http-nio-8080-exec-7] DEBUG org.mybatis.spring.SqlSessionUtils - Creating a new SqlSession
2025-01-07 09:15:49 [http-nio-8080-exec-7] DEBUG org.mybatis.spring.SqlSessionUtils - SqlSession [org.apache.ibatis.session.defaults.DefaultSqlSession@18b38129] was not registered for synchronization because synchronization is not active
2025-01-07 09:15:49 [http-nio-8080-exec-7] DEBUG o.m.s.t.SpringManagedTransaction - JDBC Connection [HikariProxyConnection@340257493 wrapping com.mysql.cj.jdbc.ConnectionImpl@7683fdce] will not be managed by Spring
2025-01-07 09:15:49 [http-nio-8080-exec-7] DEBUG c.s.d.m.CommonMapper.selectLnbList - ==>  Preparing: SELECT CT_LNB_IDX AS ctLnbIdx, CT_LNB_ID AS ctLnbId, CT_LNB_NAME AS ctLnbName, CT_LNB_SUB_YN AS ctLnbSubYn, CT_LNB_URL AS ctLnbUrl FROM CT_LNB ORDER BY CT_LNB_IDX
2025-01-07 09:15:49 [http-nio-8080-exec-7] DEBUG c.s.d.m.CommonMapper.selectLnbList - ==> Parameters: 
2025-01-07 09:15:49 [http-nio-8080-exec-7] DEBUG c.s.d.m.CommonMapper.selectLnbList - <==      Total: 5
2025-01-07 09:15:49 [http-nio-8080-exec-7] DEBUG org.mybatis.spring.SqlSessionUtils - Closing non transactional SqlSession [org.apache.ibatis.session.defaults.DefaultSqlSession@18b38129]
2025-01-07 09:15:49 [http-nio-8080-exec-5] DEBUG org.mybatis.spring.SqlSessionUtils - Creating a new SqlSession
2025-01-07 09:15:49 [http-nio-8080-exec-9] DEBUG org.mybatis.spring.SqlSessionUtils - Creating a new SqlSession
2025-01-07 09:15:49 [http-nio-8080-exec-8] DEBUG org.mybatis.spring.SqlSessionUtils - Creating a new SqlSession
2025-01-07 09:15:49 [http-nio-8080-exec-5] DEBUG org.mybatis.spring.SqlSessionUtils - SqlSession [org.apache.ibatis.session.defaults.DefaultSqlSession@41ddd966] was not registered for synchronization because synchronization is not active
2025-01-07 09:15:49 [http-nio-8080-exec-9] DEBUG org.mybatis.spring.SqlSessionUtils - SqlSession [org.apache.ibatis.session.defaults.DefaultSqlSession@3cc511ee] was not registered for synchronization because synchronization is not active
2025-01-07 09:15:49 [http-nio-8080-exec-8] DEBUG org.mybatis.spring.SqlSessionUtils - SqlSession [org.apache.ibatis.session.defaults.DefaultSqlSession@74ac247d] was not registered for synchronization because synchronization is not active
2025-01-07 09:15:49 [http-nio-8080-exec-9] DEBUG o.m.s.t.SpringManagedTransaction - JDBC Connection [HikariProxyConnection@2063341934 wrapping com.mysql.cj.jdbc.ConnectionImpl@7683fdce] will not be managed by Spring
2025-01-07 09:15:49 [http-nio-8080-exec-9] DEBUG c.s.d.m.C.selectLnbSubList - ==>  Preparing: SELECT CT_LNB_SUB_IDX AS ctLnbSubIdx, CT_LNB_ID AS ctLnbId, CT_LNB_SUB_ID AS ctLnbSubId, CT_LNB_SUB_NAME AS ctLnbSubName, CT_LNB_SUB_URL AS ctLnbSubUrl FROM CT_LNB_SUB WHERE CT_LNB_ID = ? ORDER BY CT_LNB_SUB_IDX
2025-01-07 09:15:49 [http-nio-8080-exec-9] DEBUG c.s.d.m.C.selectLnbSubList - ==> Parameters: CT_LNB_INFORMATION(String)
2025-01-07 09:15:49 [http-nio-8080-exec-5] DEBUG o.m.s.t.SpringManagedTransaction - JDBC Connection [HikariProxyConnection@1268442890 wrapping com.mysql.cj.jdbc.ConnectionImpl@3acaf26b] will not be managed by Spring
2025-01-07 09:15:49 [http-nio-8080-exec-8] DEBUG o.m.s.t.SpringManagedTransaction - JDBC Connection [HikariProxyConnection@1812939996 wrapping com.mysql.cj.jdbc.ConnectionImpl@3ad44df1] will not be managed by Spring
2025-01-07 09:15:49 [http-nio-8080-exec-5] DEBUG c.s.d.m.C.selectLnbSubList - ==>  Preparing: SELECT CT_LNB_SUB_IDX AS ctLnbSubIdx, CT_LNB_ID AS ctLnbId, CT_LNB_SUB_ID AS ctLnbSubId, CT_LNB_SUB_NAME AS ctLnbSubName, CT_LNB_SUB_URL AS ctLnbSubUrl FROM CT_LNB_SUB WHERE CT_LNB_ID = ? ORDER BY CT_LNB_SUB_IDX
2025-01-07 09:15:49 [http-nio-8080-exec-8] DEBUG c.s.d.m.C.selectLnbSubList - ==>  Preparing: SELECT CT_LNB_SUB_IDX AS ctLnbSubIdx, CT_LNB_ID AS ctLnbId, CT_LNB_SUB_ID AS ctLnbSubId, CT_LNB_SUB_NAME AS ctLnbSubName, CT_LNB_SUB_URL AS ctLnbSubUrl FROM CT_LNB_SUB WHERE CT_LNB_ID = ? ORDER BY CT_LNB_SUB_IDX
2025-01-07 09:15:49 [http-nio-8080-exec-5] DEBUG c.s.d.m.C.selectLnbSubList - ==> Parameters: CT_LNB_CONTACT(String)
2025-01-07 09:15:49 [http-nio-8080-exec-8] DEBUG c.s.d.m.C.selectLnbSubList - ==> Parameters: CT_LNB_SERVICE(String)
2025-01-07 09:15:49 [http-nio-8080-exec-9] DEBUG c.s.d.m.C.selectLnbSubList - <==      Total: 2
2025-01-07 09:15:49 [http-nio-8080-exec-5] DEBUG c.s.d.m.C.selectLnbSubList - <==      Total: 2
2025-01-07 09:15:49 [http-nio-8080-exec-8] DEBUG c.s.d.m.C.selectLnbSubList - <==      Total: 4
2025-01-07 09:15:49 [http-nio-8080-exec-9] DEBUG org.mybatis.spring.SqlSessionUtils - Closing non transactional SqlSession [org.apache.ibatis.session.defaults.DefaultSqlSession@3cc511ee]
2025-01-07 09:15:49 [http-nio-8080-exec-5] DEBUG org.mybatis.spring.SqlSessionUtils - Closing non transactional SqlSession [org.apache.ibatis.session.defaults.DefaultSqlSession@41ddd966]
2025-01-07 09:15:49 [http-nio-8080-exec-8] DEBUG org.mybatis.spring.SqlSessionUtils - Closing non transactional SqlSession [org.apache.ibatis.session.defaults.DefaultSqlSession@74ac247d]
2025-01-07 09:15:49 [http-nio-8080-exec-2] DEBUG org.mybatis.spring.SqlSessionUtils - Creating a new SqlSession
2025-01-07 09:15:49 [http-nio-8080-exec-2] DEBUG org.mybatis.spring.SqlSessionUtils - SqlSession [org.apache.ibatis.session.defaults.DefaultSqlSession@18c40fa1] was not registered for synchronization because synchronization is not active
2025-01-07 09:15:49 [http-nio-8080-exec-2] DEBUG o.m.s.t.SpringManagedTransaction - JDBC Connection [HikariProxyConnection@1775924872 wrapping com.mysql.cj.jdbc.ConnectionImpl@5c96ebdb] will not be managed by Spring
2025-01-07 09:15:49 [http-nio-8080-exec-2] DEBUG c.s.d.m.C.selectLnbSubList - ==>  Preparing: SELECT CT_LNB_SUB_IDX AS ctLnbSubIdx, CT_LNB_ID AS ctLnbId, CT_LNB_SUB_ID AS ctLnbSubId, CT_LNB_SUB_NAME AS ctLnbSubName, CT_LNB_SUB_URL AS ctLnbSubUrl FROM CT_LNB_SUB WHERE CT_LNB_ID = ? ORDER BY CT_LNB_SUB_IDX
2025-01-07 09:15:49 [http-nio-8080-exec-2] DEBUG c.s.d.m.C.selectLnbSubList - ==> Parameters: CT_LNB_INFORMATION(String)
2025-01-07 09:15:49 [http-nio-8080-exec-2] DEBUG c.s.d.m.C.selectLnbSubList - <==      Total: 2
2025-01-07 09:15:49 [http-nio-8080-exec-2] DEBUG org.mybatis.spring.SqlSessionUtils - Closing non transactional SqlSession [org.apache.ibatis.session.defaults.DefaultSqlSession@18c40fa1]
2025-01-07 09:15:49 [http-nio-8080-exec-6] DEBUG org.mybatis.spring.SqlSessionUtils - Creating a new SqlSession
2025-01-07 09:15:49 [http-nio-8080-exec-6] DEBUG org.mybatis.spring.SqlSessionUtils - SqlSession [org.apache.ibatis.session.defaults.DefaultSqlSession@356cd22c] was not registered for synchronization because synchronization is not active
2025-01-07 09:15:49 [http-nio-8080-exec-10] DEBUG org.mybatis.spring.SqlSessionUtils - Creating a new SqlSession
2025-01-07 09:15:49 [http-nio-8080-exec-10] DEBUG org.mybatis.spring.SqlSessionUtils - SqlSession [org.apache.ibatis.session.defaults.DefaultSqlSession@561ef3c9] was not registered for synchronization because synchronization is not active
2025-01-07 09:15:49 [http-nio-8080-exec-6] DEBUG o.m.s.t.SpringManagedTransaction - JDBC Connection [HikariProxyConnection@1540132354 wrapping com.mysql.cj.jdbc.ConnectionImpl@3acaf26b] will not be managed by Spring
2025-01-07 09:15:49 [http-nio-8080-exec-10] DEBUG o.m.s.t.SpringManagedTransaction - JDBC Connection [HikariProxyConnection@706490126 wrapping com.mysql.cj.jdbc.ConnectionImpl@7683fdce] will not be managed by Spring
2025-01-07 09:15:49 [http-nio-8080-exec-6] DEBUG c.s.d.m.C.selectLnbSubList - ==>  Preparing: SELECT CT_LNB_SUB_IDX AS ctLnbSubIdx, CT_LNB_ID AS ctLnbId, CT_LNB_SUB_ID AS ctLnbSubId, CT_LNB_SUB_NAME AS ctLnbSubName, CT_LNB_SUB_URL AS ctLnbSubUrl FROM CT_LNB_SUB WHERE CT_LNB_ID = ? ORDER BY CT_LNB_SUB_IDX
2025-01-07 09:15:49 [http-nio-8080-exec-10] DEBUG c.s.d.m.C.selectLnbSubList - ==>  Preparing: SELECT CT_LNB_SUB_IDX AS ctLnbSubIdx, CT_LNB_ID AS ctLnbId, CT_LNB_SUB_ID AS ctLnbSubId, CT_LNB_SUB_NAME AS ctLnbSubName, CT_LNB_SUB_URL AS ctLnbSubUrl FROM CT_LNB_SUB WHERE CT_LNB_ID = ? ORDER BY CT_LNB_SUB_IDX
2025-01-07 09:15:49 [http-nio-8080-exec-6] DEBUG c.s.d.m.C.selectLnbSubList - ==> Parameters: CT_LNB_SERVICE(String)
2025-01-07 09:15:49 [http-nio-8080-exec-10] DEBUG c.s.d.m.C.selectLnbSubList - ==> Parameters: CT_LNB_CONTACT(String)
2025-01-07 09:15:49 [http-nio-8080-exec-10] DEBUG c.s.d.m.C.selectLnbSubList - <==      Total: 2
2025-01-07 09:15:49 [http-nio-8080-exec-6] DEBUG c.s.d.m.C.selectLnbSubList - <==      Total: 4
2025-01-07 09:15:49 [http-nio-8080-exec-10] DEBUG org.mybatis.spring.SqlSessionUtils - Closing non transactional SqlSession [org.apache.ibatis.session.defaults.DefaultSqlSession@561ef3c9]
2025-01-07 09:15:49 [http-nio-8080-exec-6] DEBUG org.mybatis.spring.SqlSessionUtils - Closing non transactional SqlSession [org.apache.ibatis.session.defaults.DefaultSqlSession@356cd22c]
2025-01-07 09:16:02 [http-nio-8080-exec-4] WARN  o.t.s.p.AbstractStandardFragmentInsertionTagProcessor - [THYMELEAF][http-nio-8080-exec-4][common/layout/layout] Deprecated unwrapped fragment expression "common/fragments/header::header" found in template common/layout/layout, line 29, col 10. Please use the complete syntax of fragment expressions instead ("~{common/fragments/header::header}"). The old, unwrapped syntax for fragment expressions will be removed in future versions of Thymeleaf.
2025-01-07 09:16:02 [http-nio-8080-exec-4] WARN  o.t.s.p.AbstractStandardFragmentInsertionTagProcessor - [THYMELEAF][http-nio-8080-exec-4][common/layout/layout] Deprecated unwrapped fragment expression "common/fragments/footer::footer" found in template common/layout/layout, line 33, col 10. Please use the complete syntax of fragment expressions instead ("~{common/fragments/footer::footer}"). The old, unwrapped syntax for fragment expressions will be removed in future versions of Thymeleaf.
2025-01-07 09:16:02 [http-nio-8080-exec-6] DEBUG org.mybatis.spring.SqlSessionUtils - Creating a new SqlSession
2025-01-07 09:16:02 [http-nio-8080-exec-6] DEBUG org.mybatis.spring.SqlSessionUtils - SqlSession [org.apache.ibatis.session.defaults.DefaultSqlSession@499f0027] was not registered for synchronization because synchronization is not active
2025-01-07 09:16:02 [http-nio-8080-exec-6] DEBUG o.m.s.t.SpringManagedTransaction - JDBC Connection [HikariProxyConnection@447825546 wrapping com.mysql.cj.jdbc.ConnectionImpl@3acaf26b] will not be managed by Spring
2025-01-07 09:16:02 [http-nio-8080-exec-6] DEBUG c.s.d.m.CommonMapper.selectLnbList - ==>  Preparing: SELECT CT_LNB_IDX AS ctLnbIdx, CT_LNB_ID AS ctLnbId, CT_LNB_NAME AS ctLnbName, CT_LNB_SUB_YN AS ctLnbSubYn, CT_LNB_URL AS ctLnbUrl FROM CT_LNB ORDER BY CT_LNB_IDX
2025-01-07 09:16:02 [http-nio-8080-exec-6] DEBUG c.s.d.m.CommonMapper.selectLnbList - ==> Parameters: 
2025-01-07 09:16:02 [http-nio-8080-exec-6] DEBUG c.s.d.m.CommonMapper.selectLnbList - <==      Total: 5
2025-01-07 09:16:02 [http-nio-8080-exec-6] DEBUG org.mybatis.spring.SqlSessionUtils - Closing non transactional SqlSession [org.apache.ibatis.session.defaults.DefaultSqlSession@499f0027]
2025-01-07 09:16:02 [http-nio-8080-exec-4] DEBUG org.mybatis.spring.SqlSessionUtils - Creating a new SqlSession
2025-01-07 09:16:02 [http-nio-8080-exec-4] DEBUG org.mybatis.spring.SqlSessionUtils - SqlSession [org.apache.ibatis.session.defaults.DefaultSqlSession@31f810aa] was not registered for synchronization because synchronization is not active
2025-01-07 09:16:02 [http-nio-8080-exec-4] DEBUG o.m.s.t.SpringManagedTransaction - JDBC Connection [HikariProxyConnection@284437363 wrapping com.mysql.cj.jdbc.ConnectionImpl@3acaf26b] will not be managed by Spring
2025-01-07 09:16:02 [http-nio-8080-exec-4] DEBUG c.s.d.m.CommonMapper.selectLnbList - ==>  Preparing: SELECT CT_LNB_IDX AS ctLnbIdx, CT_LNB_ID AS ctLnbId, CT_LNB_NAME AS ctLnbName, CT_LNB_SUB_YN AS ctLnbSubYn, CT_LNB_URL AS ctLnbUrl FROM CT_LNB ORDER BY CT_LNB_IDX
2025-01-07 09:16:02 [http-nio-8080-exec-4] DEBUG c.s.d.m.CommonMapper.selectLnbList - ==> Parameters: 
2025-01-07 09:16:02 [http-nio-8080-exec-4] DEBUG c.s.d.m.CommonMapper.selectLnbList - <==      Total: 5
2025-01-07 09:16:02 [http-nio-8080-exec-4] DEBUG org.mybatis.spring.SqlSessionUtils - Closing non transactional SqlSession [org.apache.ibatis.session.defaults.DefaultSqlSession@31f810aa]
2025-01-07 09:16:02 [http-nio-8080-exec-3] DEBUG org.mybatis.spring.SqlSessionUtils - Creating a new SqlSession
2025-01-07 09:16:02 [http-nio-8080-exec-5] DEBUG org.mybatis.spring.SqlSessionUtils - Creating a new SqlSession
2025-01-07 09:16:02 [http-nio-8080-exec-1] DEBUG org.mybatis.spring.SqlSessionUtils - Creating a new SqlSession
2025-01-07 09:16:02 [http-nio-8080-exec-3] DEBUG org.mybatis.spring.SqlSessionUtils - SqlSession [org.apache.ibatis.session.defaults.DefaultSqlSession@5e46fee] was not registered for synchronization because synchronization is not active
2025-01-07 09:16:02 [http-nio-8080-exec-1] DEBUG org.mybatis.spring.SqlSessionUtils - SqlSession [org.apache.ibatis.session.defaults.DefaultSqlSession@1e27d15e] was not registered for synchronization because synchronization is not active
2025-01-07 09:16:02 [http-nio-8080-exec-5] DEBUG org.mybatis.spring.SqlSessionUtils - SqlSession [org.apache.ibatis.session.defaults.DefaultSqlSession@7e4652a9] was not registered for synchronization because synchronization is not active
2025-01-07 09:16:02 [http-nio-8080-exec-5] DEBUG o.m.s.t.SpringManagedTransaction - JDBC Connection [HikariProxyConnection@1660438748 wrapping com.mysql.cj.jdbc.ConnectionImpl@3acaf26b] will not be managed by Spring
2025-01-07 09:16:02 [http-nio-8080-exec-5] DEBUG c.s.d.m.C.selectLnbSubList - ==>  Preparing: SELECT CT_LNB_SUB_IDX AS ctLnbSubIdx, CT_LNB_ID AS ctLnbId, CT_LNB_SUB_ID AS ctLnbSubId, CT_LNB_SUB_NAME AS ctLnbSubName, CT_LNB_SUB_URL AS ctLnbSubUrl FROM CT_LNB_SUB WHERE CT_LNB_ID = ? ORDER BY CT_LNB_SUB_IDX
2025-01-07 09:16:02 [http-nio-8080-exec-5] DEBUG c.s.d.m.C.selectLnbSubList - ==> Parameters: CT_LNB_CONTACT(String)
2025-01-07 09:16:02 [http-nio-8080-exec-1] DEBUG o.m.s.t.SpringManagedTransaction - JDBC Connection [HikariProxyConnection@508030101 wrapping com.mysql.cj.jdbc.ConnectionImpl@3ad44df1] will not be managed by Spring
2025-01-07 09:16:02 [http-nio-8080-exec-3] DEBUG o.m.s.t.SpringManagedTransaction - JDBC Connection [HikariProxyConnection@2059827005 wrapping com.mysql.cj.jdbc.ConnectionImpl@5c96ebdb] will not be managed by Spring
2025-01-07 09:16:02 [http-nio-8080-exec-1] DEBUG c.s.d.m.C.selectLnbSubList - ==>  Preparing: SELECT CT_LNB_SUB_IDX AS ctLnbSubIdx, CT_LNB_ID AS ctLnbId, CT_LNB_SUB_ID AS ctLnbSubId, CT_LNB_SUB_NAME AS ctLnbSubName, CT_LNB_SUB_URL AS ctLnbSubUrl FROM CT_LNB_SUB WHERE CT_LNB_ID = ? ORDER BY CT_LNB_SUB_IDX
2025-01-07 09:16:02 [http-nio-8080-exec-3] DEBUG c.s.d.m.C.selectLnbSubList - ==>  Preparing: SELECT CT_LNB_SUB_IDX AS ctLnbSubIdx, CT_LNB_ID AS ctLnbId, CT_LNB_SUB_ID AS ctLnbSubId, CT_LNB_SUB_NAME AS ctLnbSubName, CT_LNB_SUB_URL AS ctLnbSubUrl FROM CT_LNB_SUB WHERE CT_LNB_ID = ? ORDER BY CT_LNB_SUB_IDX
2025-01-07 09:16:02 [http-nio-8080-exec-1] DEBUG c.s.d.m.C.selectLnbSubList - ==> Parameters: CT_LNB_INFORMATION(String)
2025-01-07 09:16:02 [http-nio-8080-exec-3] DEBUG c.s.d.m.C.selectLnbSubList - ==> Parameters: CT_LNB_SERVICE(String)
2025-01-07 09:16:02 [http-nio-8080-exec-1] DEBUG c.s.d.m.C.selectLnbSubList - <==      Total: 2
2025-01-07 09:16:02 [http-nio-8080-exec-5] DEBUG c.s.d.m.C.selectLnbSubList - <==      Total: 2
2025-01-07 09:16:02 [http-nio-8080-exec-3] DEBUG c.s.d.m.C.selectLnbSubList - <==      Total: 4
2025-01-07 09:16:02 [http-nio-8080-exec-3] DEBUG org.mybatis.spring.SqlSessionUtils - Closing non transactional SqlSession [org.apache.ibatis.session.defaults.DefaultSqlSession@5e46fee]
2025-01-07 09:16:02 [http-nio-8080-exec-5] DEBUG org.mybatis.spring.SqlSessionUtils - Closing non transactional SqlSession [org.apache.ibatis.session.defaults.DefaultSqlSession@7e4652a9]
2025-01-07 09:16:02 [http-nio-8080-exec-1] DEBUG org.mybatis.spring.SqlSessionUtils - Closing non transactional SqlSession [org.apache.ibatis.session.defaults.DefaultSqlSession@1e27d15e]
2025-01-07 09:16:02 [http-nio-8080-exec-9] DEBUG org.mybatis.spring.SqlSessionUtils - Creating a new SqlSession
2025-01-07 09:16:02 [http-nio-8080-exec-7] DEBUG org.mybatis.spring.SqlSessionUtils - Creating a new SqlSession
2025-01-07 09:16:02 [http-nio-8080-exec-8] DEBUG org.mybatis.spring.SqlSessionUtils - Creating a new SqlSession
2025-01-07 09:16:02 [http-nio-8080-exec-9] DEBUG org.mybatis.spring.SqlSessionUtils - SqlSession [org.apache.ibatis.session.defaults.DefaultSqlSession@31333edb] was not registered for synchronization because synchronization is not active
2025-01-07 09:16:02 [http-nio-8080-exec-8] DEBUG org.mybatis.spring.SqlSessionUtils - SqlSession [org.apache.ibatis.session.defaults.DefaultSqlSession@168423a4] was not registered for synchronization because synchronization is not active
2025-01-07 09:16:02 [http-nio-8080-exec-7] DEBUG org.mybatis.spring.SqlSessionUtils - SqlSession [org.apache.ibatis.session.defaults.DefaultSqlSession@439835da] was not registered for synchronization because synchronization is not active
2025-01-07 09:16:02 [http-nio-8080-exec-7] DEBUG o.m.s.t.SpringManagedTransaction - JDBC Connection [HikariProxyConnection@1384599957 wrapping com.mysql.cj.jdbc.ConnectionImpl@5c96ebdb] will not be managed by Spring
2025-01-07 09:16:02 [http-nio-8080-exec-8] DEBUG o.m.s.t.SpringManagedTransaction - JDBC Connection [HikariProxyConnection@3914764 wrapping com.mysql.cj.jdbc.ConnectionImpl@3ad44df1] will not be managed by Spring
2025-01-07 09:16:02 [http-nio-8080-exec-7] DEBUG c.s.d.m.C.selectLnbSubList - ==>  Preparing: SELECT CT_LNB_SUB_IDX AS ctLnbSubIdx, CT_LNB_ID AS ctLnbId, CT_LNB_SUB_ID AS ctLnbSubId, CT_LNB_SUB_NAME AS ctLnbSubName, CT_LNB_SUB_URL AS ctLnbSubUrl FROM CT_LNB_SUB WHERE CT_LNB_ID = ? ORDER BY CT_LNB_SUB_IDX
2025-01-07 09:16:02 [http-nio-8080-exec-8] DEBUG c.s.d.m.C.selectLnbSubList - ==>  Preparing: SELECT CT_LNB_SUB_IDX AS ctLnbSubIdx, CT_LNB_ID AS ctLnbId, CT_LNB_SUB_ID AS ctLnbSubId, CT_LNB_SUB_NAME AS ctLnbSubName, CT_LNB_SUB_URL AS ctLnbSubUrl FROM CT_LNB_SUB WHERE CT_LNB_ID = ? ORDER BY CT_LNB_SUB_IDX
2025-01-07 09:16:02 [http-nio-8080-exec-7] DEBUG c.s.d.m.C.selectLnbSubList - ==> Parameters: CT_LNB_SERVICE(String)
2025-01-07 09:16:02 [http-nio-8080-exec-8] DEBUG c.s.d.m.C.selectLnbSubList - ==> Parameters: CT_LNB_INFORMATION(String)
2025-01-07 09:16:02 [http-nio-8080-exec-9] DEBUG o.m.s.t.SpringManagedTransaction - JDBC Connection [HikariProxyConnection@731801338 wrapping com.mysql.cj.jdbc.ConnectionImpl@7683fdce] will not be managed by Spring
2025-01-07 09:16:02 [http-nio-8080-exec-9] DEBUG c.s.d.m.C.selectLnbSubList - ==>  Preparing: SELECT CT_LNB_SUB_IDX AS ctLnbSubIdx, CT_LNB_ID AS ctLnbId, CT_LNB_SUB_ID AS ctLnbSubId, CT_LNB_SUB_NAME AS ctLnbSubName, CT_LNB_SUB_URL AS ctLnbSubUrl FROM CT_LNB_SUB WHERE CT_LNB_ID = ? ORDER BY CT_LNB_SUB_IDX
2025-01-07 09:16:02 [http-nio-8080-exec-9] DEBUG c.s.d.m.C.selectLnbSubList - ==> Parameters: CT_LNB_CONTACT(String)
2025-01-07 09:16:02 [http-nio-8080-exec-8] DEBUG c.s.d.m.C.selectLnbSubList - <==      Total: 2
2025-01-07 09:16:02 [http-nio-8080-exec-9] DEBUG c.s.d.m.C.selectLnbSubList - <==      Total: 2
2025-01-07 09:16:02 [http-nio-8080-exec-7] DEBUG c.s.d.m.C.selectLnbSubList - <==      Total: 4
2025-01-07 09:16:02 [http-nio-8080-exec-7] DEBUG org.mybatis.spring.SqlSessionUtils - Closing non transactional SqlSession [org.apache.ibatis.session.defaults.DefaultSqlSession@439835da]
2025-01-07 09:16:02 [http-nio-8080-exec-8] DEBUG org.mybatis.spring.SqlSessionUtils - Closing non transactional SqlSession [org.apache.ibatis.session.defaults.DefaultSqlSession@168423a4]
2025-01-07 09:16:02 [http-nio-8080-exec-9] DEBUG org.mybatis.spring.SqlSessionUtils - Closing non transactional SqlSession [org.apache.ibatis.session.defaults.DefaultSqlSession@31333edb]
2025-01-07 09:16:17 [http-nio-8080-exec-10] WARN  o.t.s.p.AbstractStandardFragmentInsertionTagProcessor - [THYMELEAF][http-nio-8080-exec-10][common/layout/layout] Deprecated unwrapped fragment expression "common/fragments/header::header" found in template common/layout/layout, line 29, col 10. Please use the complete syntax of fragment expressions instead ("~{common/fragments/header::header}"). The old, unwrapped syntax for fragment expressions will be removed in future versions of Thymeleaf.
2025-01-07 09:16:17 [http-nio-8080-exec-10] WARN  o.t.s.p.AbstractStandardFragmentInsertionTagProcessor - [THYMELEAF][http-nio-8080-exec-10][common/layout/layout] Deprecated unwrapped fragment expression "common/fragments/footer::footer" found in template common/layout/layout, line 33, col 10. Please use the complete syntax of fragment expressions instead ("~{common/fragments/footer::footer}"). The old, unwrapped syntax for fragment expressions will be removed in future versions of Thymeleaf.
2025-01-07 09:16:17 [http-nio-8080-exec-9] DEBUG org.mybatis.spring.SqlSessionUtils - Creating a new SqlSession
2025-01-07 09:16:17 [http-nio-8080-exec-9] DEBUG org.mybatis.spring.SqlSessionUtils - SqlSession [org.apache.ibatis.session.defaults.DefaultSqlSession@6ffde410] was not registered for synchronization because synchronization is not active
2025-01-07 09:16:17 [http-nio-8080-exec-9] DEBUG o.m.s.t.SpringManagedTransaction - JDBC Connection [HikariProxyConnection@1200675538 wrapping com.mysql.cj.jdbc.ConnectionImpl@7683fdce] will not be managed by Spring
2025-01-07 09:16:17 [http-nio-8080-exec-9] DEBUG c.s.d.m.CommonMapper.selectLnbList - ==>  Preparing: SELECT CT_LNB_IDX AS ctLnbIdx, CT_LNB_ID AS ctLnbId, CT_LNB_NAME AS ctLnbName, CT_LNB_SUB_YN AS ctLnbSubYn, CT_LNB_URL AS ctLnbUrl FROM CT_LNB ORDER BY CT_LNB_IDX
2025-01-07 09:16:17 [http-nio-8080-exec-9] DEBUG c.s.d.m.CommonMapper.selectLnbList - ==> Parameters: 
2025-01-07 09:16:17 [http-nio-8080-exec-9] DEBUG c.s.d.m.CommonMapper.selectLnbList - <==      Total: 5
2025-01-07 09:16:17 [http-nio-8080-exec-9] DEBUG org.mybatis.spring.SqlSessionUtils - Closing non transactional SqlSession [org.apache.ibatis.session.defaults.DefaultSqlSession@6ffde410]
2025-01-07 09:16:17 [http-nio-8080-exec-10] DEBUG org.mybatis.spring.SqlSessionUtils - Creating a new SqlSession
2025-01-07 09:16:17 [http-nio-8080-exec-10] DEBUG org.mybatis.spring.SqlSessionUtils - SqlSession [org.apache.ibatis.session.defaults.DefaultSqlSession@142fb2f9] was not registered for synchronization because synchronization is not active
2025-01-07 09:16:17 [http-nio-8080-exec-10] DEBUG o.m.s.t.SpringManagedTransaction - JDBC Connection [HikariProxyConnection@246760542 wrapping com.mysql.cj.jdbc.ConnectionImpl@7683fdce] will not be managed by Spring
2025-01-07 09:16:17 [http-nio-8080-exec-10] DEBUG c.s.d.m.CommonMapper.selectLnbList - ==>  Preparing: SELECT CT_LNB_IDX AS ctLnbIdx, CT_LNB_ID AS ctLnbId, CT_LNB_NAME AS ctLnbName, CT_LNB_SUB_YN AS ctLnbSubYn, CT_LNB_URL AS ctLnbUrl FROM CT_LNB ORDER BY CT_LNB_IDX
2025-01-07 09:16:17 [http-nio-8080-exec-10] DEBUG c.s.d.m.CommonMapper.selectLnbList - ==> Parameters: 
2025-01-07 09:16:17 [http-nio-8080-exec-10] DEBUG c.s.d.m.CommonMapper.selectLnbList - <==      Total: 5
2025-01-07 09:16:17 [http-nio-8080-exec-10] DEBUG org.mybatis.spring.SqlSessionUtils - Closing non transactional SqlSession [org.apache.ibatis.session.defaults.DefaultSqlSession@142fb2f9]
2025-01-07 09:16:17 [http-nio-8080-exec-3] DEBUG org.mybatis.spring.SqlSessionUtils - Creating a new SqlSession
2025-01-07 09:16:17 [http-nio-8080-exec-6] DEBUG org.mybatis.spring.SqlSessionUtils - Creating a new SqlSession
2025-01-07 09:16:17 [http-nio-8080-exec-4] DEBUG org.mybatis.spring.SqlSessionUtils - Creating a new SqlSession
2025-01-07 09:16:17 [http-nio-8080-exec-3] DEBUG org.mybatis.spring.SqlSessionUtils - SqlSession [org.apache.ibatis.session.defaults.DefaultSqlSession@25fafd27] was not registered for synchronization because synchronization is not active
2025-01-07 09:16:17 [http-nio-8080-exec-6] DEBUG org.mybatis.spring.SqlSessionUtils - SqlSession [org.apache.ibatis.session.defaults.DefaultSqlSession@47a9fbfa] was not registered for synchronization because synchronization is not active
2025-01-07 09:16:17 [http-nio-8080-exec-4] DEBUG org.mybatis.spring.SqlSessionUtils - SqlSession [org.apache.ibatis.session.defaults.DefaultSqlSession@55de3722] was not registered for synchronization because synchronization is not active
2025-01-07 09:16:17 [http-nio-8080-exec-6] DEBUG o.m.s.t.SpringManagedTransaction - JDBC Connection [HikariProxyConnection@1463574675 wrapping com.mysql.cj.jdbc.ConnectionImpl@7683fdce] will not be managed by Spring
2025-01-07 09:16:17 [http-nio-8080-exec-6] DEBUG c.s.d.m.C.selectLnbSubList - ==>  Preparing: SELECT CT_LNB_SUB_IDX AS ctLnbSubIdx, CT_LNB_ID AS ctLnbId, CT_LNB_SUB_ID AS ctLnbSubId, CT_LNB_SUB_NAME AS ctLnbSubName, CT_LNB_SUB_URL AS ctLnbSubUrl FROM CT_LNB_SUB WHERE CT_LNB_ID = ? ORDER BY CT_LNB_SUB_IDX
2025-01-07 09:16:17 [http-nio-8080-exec-4] DEBUG o.m.s.t.SpringManagedTransaction - JDBC Connection [HikariProxyConnection@1690317145 wrapping com.mysql.cj.jdbc.ConnectionImpl@3acaf26b] will not be managed by Spring
2025-01-07 09:16:17 [http-nio-8080-exec-3] DEBUG o.m.s.t.SpringManagedTransaction - JDBC Connection [HikariProxyConnection@1816922426 wrapping com.mysql.cj.jdbc.ConnectionImpl@5c96ebdb] will not be managed by Spring
2025-01-07 09:16:17 [http-nio-8080-exec-4] DEBUG c.s.d.m.C.selectLnbSubList - ==>  Preparing: SELECT CT_LNB_SUB_IDX AS ctLnbSubIdx, CT_LNB_ID AS ctLnbId, CT_LNB_SUB_ID AS ctLnbSubId, CT_LNB_SUB_NAME AS ctLnbSubName, CT_LNB_SUB_URL AS ctLnbSubUrl FROM CT_LNB_SUB WHERE CT_LNB_ID = ? ORDER BY CT_LNB_SUB_IDX
2025-01-07 09:16:17 [http-nio-8080-exec-3] DEBUG c.s.d.m.C.selectLnbSubList - ==>  Preparing: SELECT CT_LNB_SUB_IDX AS ctLnbSubIdx, CT_LNB_ID AS ctLnbId, CT_LNB_SUB_ID AS ctLnbSubId, CT_LNB_SUB_NAME AS ctLnbSubName, CT_LNB_SUB_URL AS ctLnbSubUrl FROM CT_LNB_SUB WHERE CT_LNB_ID = ? ORDER BY CT_LNB_SUB_IDX
2025-01-07 09:16:17 [http-nio-8080-exec-6] DEBUG c.s.d.m.C.selectLnbSubList - ==> Parameters: CT_LNB_CONTACT(String)
2025-01-07 09:16:17 [http-nio-8080-exec-4] DEBUG c.s.d.m.C.selectLnbSubList - ==> Parameters: CT_LNB_INFORMATION(String)
2025-01-07 09:16:17 [http-nio-8080-exec-3] DEBUG c.s.d.m.C.selectLnbSubList - ==> Parameters: CT_LNB_SERVICE(String)
2025-01-07 09:16:17 [http-nio-8080-exec-6] DEBUG c.s.d.m.C.selectLnbSubList - <==      Total: 2
2025-01-07 09:16:17 [http-nio-8080-exec-4] DEBUG c.s.d.m.C.selectLnbSubList - <==      Total: 2
2025-01-07 09:16:17 [http-nio-8080-exec-3] DEBUG c.s.d.m.C.selectLnbSubList - <==      Total: 4
2025-01-07 09:16:17 [http-nio-8080-exec-3] DEBUG org.mybatis.spring.SqlSessionUtils - Closing non transactional SqlSession [org.apache.ibatis.session.defaults.DefaultSqlSession@25fafd27]
2025-01-07 09:16:17 [http-nio-8080-exec-6] DEBUG org.mybatis.spring.SqlSessionUtils - Closing non transactional SqlSession [org.apache.ibatis.session.defaults.DefaultSqlSession@47a9fbfa]
2025-01-07 09:16:17 [http-nio-8080-exec-4] DEBUG org.mybatis.spring.SqlSessionUtils - Closing non transactional SqlSession [org.apache.ibatis.session.defaults.DefaultSqlSession@55de3722]
2025-01-07 09:16:17 [http-nio-8080-exec-5] DEBUG org.mybatis.spring.SqlSessionUtils - Creating a new SqlSession
2025-01-07 09:16:17 [http-nio-8080-exec-1] DEBUG org.mybatis.spring.SqlSessionUtils - Creating a new SqlSession
2025-01-07 09:16:17 [http-nio-8080-exec-2] DEBUG org.mybatis.spring.SqlSessionUtils - Creating a new SqlSession
2025-01-07 09:16:17 [http-nio-8080-exec-5] DEBUG org.mybatis.spring.SqlSessionUtils - SqlSession [org.apache.ibatis.session.defaults.DefaultSqlSession@1c294586] was not registered for synchronization because synchronization is not active
2025-01-07 09:16:17 [http-nio-8080-exec-2] DEBUG org.mybatis.spring.SqlSessionUtils - SqlSession [org.apache.ibatis.session.defaults.DefaultSqlSession@4aa20739] was not registered for synchronization because synchronization is not active
2025-01-07 09:16:17 [http-nio-8080-exec-1] DEBUG org.mybatis.spring.SqlSessionUtils - SqlSession [org.apache.ibatis.session.defaults.DefaultSqlSession@577b17b2] was not registered for synchronization because synchronization is not active
2025-01-07 09:16:17 [http-nio-8080-exec-5] DEBUG o.m.s.t.SpringManagedTransaction - JDBC Connection [HikariProxyConnection@1010258039 wrapping com.mysql.cj.jdbc.ConnectionImpl@3acaf26b] will not be managed by Spring
2025-01-07 09:16:17 [http-nio-8080-exec-2] DEBUG o.m.s.t.SpringManagedTransaction - JDBC Connection [HikariProxyConnection@1791543054 wrapping com.mysql.cj.jdbc.ConnectionImpl@5c96ebdb] will not be managed by Spring
2025-01-07 09:16:17 [http-nio-8080-exec-2] DEBUG c.s.d.m.C.selectLnbSubList - ==>  Preparing: SELECT CT_LNB_SUB_IDX AS ctLnbSubIdx, CT_LNB_ID AS ctLnbId, CT_LNB_SUB_ID AS ctLnbSubId, CT_LNB_SUB_NAME AS ctLnbSubName, CT_LNB_SUB_URL AS ctLnbSubUrl FROM CT_LNB_SUB WHERE CT_LNB_ID = ? ORDER BY CT_LNB_SUB_IDX
2025-01-07 09:16:17 [http-nio-8080-exec-5] DEBUG c.s.d.m.C.selectLnbSubList - ==>  Preparing: SELECT CT_LNB_SUB_IDX AS ctLnbSubIdx, CT_LNB_ID AS ctLnbId, CT_LNB_SUB_ID AS ctLnbSubId, CT_LNB_SUB_NAME AS ctLnbSubName, CT_LNB_SUB_URL AS ctLnbSubUrl FROM CT_LNB_SUB WHERE CT_LNB_ID = ? ORDER BY CT_LNB_SUB_IDX
2025-01-07 09:16:17 [http-nio-8080-exec-2] DEBUG c.s.d.m.C.selectLnbSubList - ==> Parameters: CT_LNB_SERVICE(String)
2025-01-07 09:16:17 [http-nio-8080-exec-1] DEBUG o.m.s.t.SpringManagedTransaction - JDBC Connection [HikariProxyConnection@1987668620 wrapping com.mysql.cj.jdbc.ConnectionImpl@3ad44df1] will not be managed by Spring
2025-01-07 09:16:17 [http-nio-8080-exec-5] DEBUG c.s.d.m.C.selectLnbSubList - ==> Parameters: CT_LNB_CONTACT(String)
2025-01-07 09:16:17 [http-nio-8080-exec-1] DEBUG c.s.d.m.C.selectLnbSubList - ==>  Preparing: SELECT CT_LNB_SUB_IDX AS ctLnbSubIdx, CT_LNB_ID AS ctLnbId, CT_LNB_SUB_ID AS ctLnbSubId, CT_LNB_SUB_NAME AS ctLnbSubName, CT_LNB_SUB_URL AS ctLnbSubUrl FROM CT_LNB_SUB WHERE CT_LNB_ID = ? ORDER BY CT_LNB_SUB_IDX
2025-01-07 09:16:17 [http-nio-8080-exec-1] DEBUG c.s.d.m.C.selectLnbSubList - ==> Parameters: CT_LNB_INFORMATION(String)
2025-01-07 09:16:17 [http-nio-8080-exec-1] DEBUG c.s.d.m.C.selectLnbSubList - <==      Total: 2
2025-01-07 09:16:17 [http-nio-8080-exec-5] DEBUG c.s.d.m.C.selectLnbSubList - <==      Total: 2
2025-01-07 09:16:17 [http-nio-8080-exec-2] DEBUG c.s.d.m.C.selectLnbSubList - <==      Total: 4
2025-01-07 09:16:17 [http-nio-8080-exec-2] DEBUG org.mybatis.spring.SqlSessionUtils - Closing non transactional SqlSession [org.apache.ibatis.session.defaults.DefaultSqlSession@4aa20739]
2025-01-07 09:16:17 [http-nio-8080-exec-1] DEBUG org.mybatis.spring.SqlSessionUtils - Closing non transactional SqlSession [org.apache.ibatis.session.defaults.DefaultSqlSession@577b17b2]
2025-01-07 09:16:17 [http-nio-8080-exec-5] DEBUG org.mybatis.spring.SqlSessionUtils - Closing non transactional SqlSession [org.apache.ibatis.session.defaults.DefaultSqlSession@1c294586]
2025-01-07 09:16:46 [http-nio-8080-exec-3] WARN  o.t.s.p.AbstractStandardFragmentInsertionTagProcessor - [THYMELEAF][http-nio-8080-exec-3][common/layout/layout] Deprecated unwrapped fragment expression "common/fragments/header::header" found in template common/layout/layout, line 29, col 10. Please use the complete syntax of fragment expressions instead ("~{common/fragments/header::header}"). The old, unwrapped syntax for fragment expressions will be removed in future versions of Thymeleaf.
2025-01-07 09:16:46 [http-nio-8080-exec-3] WARN  o.t.s.p.AbstractStandardFragmentInsertionTagProcessor - [THYMELEAF][http-nio-8080-exec-3][common/layout/layout] Deprecated unwrapped fragment expression "common/fragments/footer::footer" found in template common/layout/layout, line 33, col 10. Please use the complete syntax of fragment expressions instead ("~{common/fragments/footer::footer}"). The old, unwrapped syntax for fragment expressions will be removed in future versions of Thymeleaf.
2025-01-07 09:16:46 [http-nio-8080-exec-6] DEBUG org.mybatis.spring.SqlSessionUtils - Creating a new SqlSession
2025-01-07 09:16:46 [http-nio-8080-exec-6] DEBUG org.mybatis.spring.SqlSessionUtils - SqlSession [org.apache.ibatis.session.defaults.DefaultSqlSession@25d9edad] was not registered for synchronization because synchronization is not active
2025-01-07 09:16:46 [http-nio-8080-exec-6] DEBUG o.m.s.t.SpringManagedTransaction - JDBC Connection [HikariProxyConnection@765961415 wrapping com.mysql.cj.jdbc.ConnectionImpl@7683fdce] will not be managed by Spring
2025-01-07 09:16:46 [http-nio-8080-exec-6] DEBUG c.s.d.m.CommonMapper.selectLnbList - ==>  Preparing: SELECT CT_LNB_IDX AS ctLnbIdx, CT_LNB_ID AS ctLnbId, CT_LNB_NAME AS ctLnbName, CT_LNB_SUB_YN AS ctLnbSubYn, CT_LNB_URL AS ctLnbUrl FROM CT_LNB ORDER BY CT_LNB_IDX
2025-01-07 09:16:46 [http-nio-8080-exec-6] DEBUG c.s.d.m.CommonMapper.selectLnbList - ==> Parameters: 
2025-01-07 09:16:46 [http-nio-8080-exec-6] DEBUG c.s.d.m.CommonMapper.selectLnbList - <==      Total: 5
2025-01-07 09:16:46 [http-nio-8080-exec-6] DEBUG org.mybatis.spring.SqlSessionUtils - Closing non transactional SqlSession [org.apache.ibatis.session.defaults.DefaultSqlSession@25d9edad]
2025-01-07 09:16:46 [http-nio-8080-exec-3] DEBUG org.mybatis.spring.SqlSessionUtils - Creating a new SqlSession
2025-01-07 09:16:46 [http-nio-8080-exec-3] DEBUG org.mybatis.spring.SqlSessionUtils - SqlSession [org.apache.ibatis.session.defaults.DefaultSqlSession@64010e40] was not registered for synchronization because synchronization is not active
2025-01-07 09:16:46 [http-nio-8080-exec-3] DEBUG o.m.s.t.SpringManagedTransaction - JDBC Connection [HikariProxyConnection@1352723884 wrapping com.mysql.cj.jdbc.ConnectionImpl@5c96ebdb] will not be managed by Spring
2025-01-07 09:16:46 [http-nio-8080-exec-3] DEBUG c.s.d.m.CommonMapper.selectLnbList - ==>  Preparing: SELECT CT_LNB_IDX AS ctLnbIdx, CT_LNB_ID AS ctLnbId, CT_LNB_NAME AS ctLnbName, CT_LNB_SUB_YN AS ctLnbSubYn, CT_LNB_URL AS ctLnbUrl FROM CT_LNB ORDER BY CT_LNB_IDX
2025-01-07 09:16:46 [http-nio-8080-exec-3] DEBUG c.s.d.m.CommonMapper.selectLnbList - ==> Parameters: 
2025-01-07 09:16:46 [http-nio-8080-exec-3] DEBUG c.s.d.m.CommonMapper.selectLnbList - <==      Total: 5
2025-01-07 09:16:46 [http-nio-8080-exec-3] DEBUG org.mybatis.spring.SqlSessionUtils - Closing non transactional SqlSession [org.apache.ibatis.session.defaults.DefaultSqlSession@64010e40]
2025-01-07 09:16:46 [http-nio-8080-exec-7] DEBUG org.mybatis.spring.SqlSessionUtils - Creating a new SqlSession
2025-01-07 09:16:46 [http-nio-8080-exec-2] DEBUG org.mybatis.spring.SqlSessionUtils - Creating a new SqlSession
2025-01-07 09:16:46 [http-nio-8080-exec-1] DEBUG org.mybatis.spring.SqlSessionUtils - Creating a new SqlSession
2025-01-07 09:16:46 [http-nio-8080-exec-2] DEBUG org.mybatis.spring.SqlSessionUtils - SqlSession [org.apache.ibatis.session.defaults.DefaultSqlSession@500cdb9] was not registered for synchronization because synchronization is not active
2025-01-07 09:16:46 [http-nio-8080-exec-7] DEBUG org.mybatis.spring.SqlSessionUtils - SqlSession [org.apache.ibatis.session.defaults.DefaultSqlSession@417efeb1] was not registered for synchronization because synchronization is not active
2025-01-07 09:16:46 [http-nio-8080-exec-1] DEBUG org.mybatis.spring.SqlSessionUtils - SqlSession [org.apache.ibatis.session.defaults.DefaultSqlSession@304a776f] was not registered for synchronization because synchronization is not active
2025-01-07 09:16:46 [http-nio-8080-exec-2] DEBUG o.m.s.t.SpringManagedTransaction - JDBC Connection [HikariProxyConnection@702323360 wrapping com.mysql.cj.jdbc.ConnectionImpl@5c96ebdb] will not be managed by Spring
2025-01-07 09:16:46 [http-nio-8080-exec-2] DEBUG c.s.d.m.C.selectLnbSubList - ==>  Preparing: SELECT CT_LNB_SUB_IDX AS ctLnbSubIdx, CT_LNB_ID AS ctLnbId, CT_LNB_SUB_ID AS ctLnbSubId, CT_LNB_SUB_NAME AS ctLnbSubName, CT_LNB_SUB_URL AS ctLnbSubUrl FROM CT_LNB_SUB WHERE CT_LNB_ID = ? ORDER BY CT_LNB_SUB_IDX
2025-01-07 09:16:46 [http-nio-8080-exec-2] DEBUG c.s.d.m.C.selectLnbSubList - ==> Parameters: CT_LNB_SERVICE(String)
2025-01-07 09:16:46 [http-nio-8080-exec-7] DEBUG o.m.s.t.SpringManagedTransaction - JDBC Connection [HikariProxyConnection@698323375 wrapping com.mysql.cj.jdbc.ConnectionImpl@3acaf26b] will not be managed by Spring
2025-01-07 09:16:46 [http-nio-8080-exec-1] DEBUG o.m.s.t.SpringManagedTransaction - JDBC Connection [HikariProxyConnection@224024288 wrapping com.mysql.cj.jdbc.ConnectionImpl@3ad44df1] will not be managed by Spring
2025-01-07 09:16:46 [http-nio-8080-exec-7] DEBUG c.s.d.m.C.selectLnbSubList - ==>  Preparing: SELECT CT_LNB_SUB_IDX AS ctLnbSubIdx, CT_LNB_ID AS ctLnbId, CT_LNB_SUB_ID AS ctLnbSubId, CT_LNB_SUB_NAME AS ctLnbSubName, CT_LNB_SUB_URL AS ctLnbSubUrl FROM CT_LNB_SUB WHERE CT_LNB_ID = ? ORDER BY CT_LNB_SUB_IDX
2025-01-07 09:16:46 [http-nio-8080-exec-1] DEBUG c.s.d.m.C.selectLnbSubList - ==>  Preparing: SELECT CT_LNB_SUB_IDX AS ctLnbSubIdx, CT_LNB_ID AS ctLnbId, CT_LNB_SUB_ID AS ctLnbSubId, CT_LNB_SUB_NAME AS ctLnbSubName, CT_LNB_SUB_URL AS ctLnbSubUrl FROM CT_LNB_SUB WHERE CT_LNB_ID = ? ORDER BY CT_LNB_SUB_IDX
2025-01-07 09:16:46 [http-nio-8080-exec-7] DEBUG c.s.d.m.C.selectLnbSubList - ==> Parameters: CT_LNB_CONTACT(String)
2025-01-07 09:16:46 [http-nio-8080-exec-1] DEBUG c.s.d.m.C.selectLnbSubList - ==> Parameters: CT_LNB_INFORMATION(String)
2025-01-07 09:16:46 [http-nio-8080-exec-7] DEBUG c.s.d.m.C.selectLnbSubList - <==      Total: 2
2025-01-07 09:16:46 [http-nio-8080-exec-2] DEBUG c.s.d.m.C.selectLnbSubList - <==      Total: 4
2025-01-07 09:16:46 [http-nio-8080-exec-1] DEBUG c.s.d.m.C.selectLnbSubList - <==      Total: 2
2025-01-07 09:16:46 [http-nio-8080-exec-2] DEBUG org.mybatis.spring.SqlSessionUtils - Closing non transactional SqlSession [org.apache.ibatis.session.defaults.DefaultSqlSession@500cdb9]
2025-01-07 09:16:46 [http-nio-8080-exec-1] DEBUG org.mybatis.spring.SqlSessionUtils - Closing non transactional SqlSession [org.apache.ibatis.session.defaults.DefaultSqlSession@304a776f]
2025-01-07 09:16:46 [http-nio-8080-exec-7] DEBUG org.mybatis.spring.SqlSessionUtils - Closing non transactional SqlSession [org.apache.ibatis.session.defaults.DefaultSqlSession@417efeb1]
2025-01-07 09:16:46 [http-nio-8080-exec-9] DEBUG org.mybatis.spring.SqlSessionUtils - Creating a new SqlSession
2025-01-07 09:16:46 [http-nio-8080-exec-5] DEBUG org.mybatis.spring.SqlSessionUtils - Creating a new SqlSession
2025-01-07 09:16:46 [http-nio-8080-exec-8] DEBUG org.mybatis.spring.SqlSessionUtils - Creating a new SqlSession
2025-01-07 09:16:46 [http-nio-8080-exec-9] DEBUG org.mybatis.spring.SqlSessionUtils - SqlSession [org.apache.ibatis.session.defaults.DefaultSqlSession@2f81f4ee] was not registered for synchronization because synchronization is not active
2025-01-07 09:16:46 [http-nio-8080-exec-5] DEBUG org.mybatis.spring.SqlSessionUtils - SqlSession [org.apache.ibatis.session.defaults.DefaultSqlSession@1bc5a43c] was not registered for synchronization because synchronization is not active
2025-01-07 09:16:46 [http-nio-8080-exec-8] DEBUG org.mybatis.spring.SqlSessionUtils - SqlSession [org.apache.ibatis.session.defaults.DefaultSqlSession@b6de262] was not registered for synchronization because synchronization is not active
2025-01-07 09:16:46 [http-nio-8080-exec-9] DEBUG o.m.s.t.SpringManagedTransaction - JDBC Connection [HikariProxyConnection@1845947782 wrapping com.mysql.cj.jdbc.ConnectionImpl@7683fdce] will not be managed by Spring
2025-01-07 09:16:46 [http-nio-8080-exec-5] DEBUG o.m.s.t.SpringManagedTransaction - JDBC Connection [HikariProxyConnection@494402523 wrapping com.mysql.cj.jdbc.ConnectionImpl@3acaf26b] will not be managed by Spring
2025-01-07 09:16:46 [http-nio-8080-exec-8] DEBUG o.m.s.t.SpringManagedTransaction - JDBC Connection [HikariProxyConnection@1596379714 wrapping com.mysql.cj.jdbc.ConnectionImpl@3ad44df1] will not be managed by Spring
2025-01-07 09:16:46 [http-nio-8080-exec-9] DEBUG c.s.d.m.C.selectLnbSubList - ==>  Preparing: SELECT CT_LNB_SUB_IDX AS ctLnbSubIdx, CT_LNB_ID AS ctLnbId, CT_LNB_SUB_ID AS ctLnbSubId, CT_LNB_SUB_NAME AS ctLnbSubName, CT_LNB_SUB_URL AS ctLnbSubUrl FROM CT_LNB_SUB WHERE CT_LNB_ID = ? ORDER BY CT_LNB_SUB_IDX
2025-01-07 09:16:46 [http-nio-8080-exec-8] DEBUG c.s.d.m.C.selectLnbSubList - ==>  Preparing: SELECT CT_LNB_SUB_IDX AS ctLnbSubIdx, CT_LNB_ID AS ctLnbId, CT_LNB_SUB_ID AS ctLnbSubId, CT_LNB_SUB_NAME AS ctLnbSubName, CT_LNB_SUB_URL AS ctLnbSubUrl FROM CT_LNB_SUB WHERE CT_LNB_ID = ? ORDER BY CT_LNB_SUB_IDX
2025-01-07 09:16:46 [http-nio-8080-exec-5] DEBUG c.s.d.m.C.selectLnbSubList - ==>  Preparing: SELECT CT_LNB_SUB_IDX AS ctLnbSubIdx, CT_LNB_ID AS ctLnbId, CT_LNB_SUB_ID AS ctLnbSubId, CT_LNB_SUB_NAME AS ctLnbSubName, CT_LNB_SUB_URL AS ctLnbSubUrl FROM CT_LNB_SUB WHERE CT_LNB_ID = ? ORDER BY CT_LNB_SUB_IDX
2025-01-07 09:16:46 [http-nio-8080-exec-9] DEBUG c.s.d.m.C.selectLnbSubList - ==> Parameters: CT_LNB_CONTACT(String)
2025-01-07 09:16:46 [http-nio-8080-exec-8] DEBUG c.s.d.m.C.selectLnbSubList - ==> Parameters: CT_LNB_SERVICE(String)
2025-01-07 09:16:46 [http-nio-8080-exec-5] DEBUG c.s.d.m.C.selectLnbSubList - ==> Parameters: CT_LNB_INFORMATION(String)
2025-01-07 09:16:46 [http-nio-8080-exec-5] DEBUG c.s.d.m.C.selectLnbSubList - <==      Total: 2
2025-01-07 09:16:46 [http-nio-8080-exec-9] DEBUG c.s.d.m.C.selectLnbSubList - <==      Total: 2
2025-01-07 09:16:46 [http-nio-8080-exec-8] DEBUG c.s.d.m.C.selectLnbSubList - <==      Total: 4
2025-01-07 09:16:46 [http-nio-8080-exec-8] DEBUG org.mybatis.spring.SqlSessionUtils - Closing non transactional SqlSession [org.apache.ibatis.session.defaults.DefaultSqlSession@b6de262]
2025-01-07 09:16:46 [http-nio-8080-exec-5] DEBUG org.mybatis.spring.SqlSessionUtils - Closing non transactional SqlSession [org.apache.ibatis.session.defaults.DefaultSqlSession@1bc5a43c]
2025-01-07 09:16:46 [http-nio-8080-exec-9] DEBUG org.mybatis.spring.SqlSessionUtils - Closing non transactional SqlSession [org.apache.ibatis.session.defaults.DefaultSqlSession@2f81f4ee]
2025-01-07 09:19:25 [http-nio-8080-exec-2] WARN  o.t.s.p.AbstractStandardFragmentInsertionTagProcessor - [THYMELEAF][http-nio-8080-exec-2][common/layout/layout] Deprecated unwrapped fragment expression "common/fragments/header::header" found in template common/layout/layout, line 29, col 10. Please use the complete syntax of fragment expressions instead ("~{common/fragments/header::header}"). The old, unwrapped syntax for fragment expressions will be removed in future versions of Thymeleaf.
2025-01-07 09:19:25 [http-nio-8080-exec-2] WARN  o.t.s.p.AbstractStandardFragmentInsertionTagProcessor - [THYMELEAF][http-nio-8080-exec-2][common/layout/layout] Deprecated unwrapped fragment expression "common/fragments/footer::footer" found in template common/layout/layout, line 33, col 10. Please use the complete syntax of fragment expressions instead ("~{common/fragments/footer::footer}"). The old, unwrapped syntax for fragment expressions will be removed in future versions of Thymeleaf.
2025-01-07 09:19:25 [http-nio-8080-exec-3] DEBUG org.mybatis.spring.SqlSessionUtils - Creating a new SqlSession
2025-01-07 09:19:25 [http-nio-8080-exec-3] DEBUG org.mybatis.spring.SqlSessionUtils - SqlSession [org.apache.ibatis.session.defaults.DefaultSqlSession@7403bc4c] was not registered for synchronization because synchronization is not active
2025-01-07 09:19:25 [http-nio-8080-exec-3] DEBUG o.m.s.t.SpringManagedTransaction - JDBC Connection [HikariProxyConnection@412929922 wrapping com.mysql.cj.jdbc.ConnectionImpl@5c96ebdb] will not be managed by Spring
2025-01-07 09:19:25 [http-nio-8080-exec-3] DEBUG c.s.d.m.CommonMapper.selectLnbList - ==>  Preparing: SELECT CT_LNB_IDX AS ctLnbIdx, CT_LNB_ID AS ctLnbId, CT_LNB_NAME AS ctLnbName, CT_LNB_SUB_YN AS ctLnbSubYn, CT_LNB_URL AS ctLnbUrl FROM CT_LNB ORDER BY CT_LNB_IDX
2025-01-07 09:19:25 [http-nio-8080-exec-3] DEBUG c.s.d.m.CommonMapper.selectLnbList - ==> Parameters: 
2025-01-07 09:19:25 [http-nio-8080-exec-3] DEBUG c.s.d.m.CommonMapper.selectLnbList - <==      Total: 5
2025-01-07 09:19:25 [http-nio-8080-exec-3] DEBUG org.mybatis.spring.SqlSessionUtils - Closing non transactional SqlSession [org.apache.ibatis.session.defaults.DefaultSqlSession@7403bc4c]
2025-01-07 09:19:25 [http-nio-8080-exec-2] DEBUG org.mybatis.spring.SqlSessionUtils - Creating a new SqlSession
2025-01-07 09:19:25 [http-nio-8080-exec-2] DEBUG org.mybatis.spring.SqlSessionUtils - SqlSession [org.apache.ibatis.session.defaults.DefaultSqlSession@250dab23] was not registered for synchronization because synchronization is not active
2025-01-07 09:19:25 [http-nio-8080-exec-2] DEBUG o.m.s.t.SpringManagedTransaction - JDBC Connection [HikariProxyConnection@1776282732 wrapping com.mysql.cj.jdbc.ConnectionImpl@5c96ebdb] will not be managed by Spring
2025-01-07 09:19:25 [http-nio-8080-exec-2] DEBUG c.s.d.m.CommonMapper.selectLnbList - ==>  Preparing: SELECT CT_LNB_IDX AS ctLnbIdx, CT_LNB_ID AS ctLnbId, CT_LNB_NAME AS ctLnbName, CT_LNB_SUB_YN AS ctLnbSubYn, CT_LNB_URL AS ctLnbUrl FROM CT_LNB ORDER BY CT_LNB_IDX
2025-01-07 09:19:25 [http-nio-8080-exec-2] DEBUG c.s.d.m.CommonMapper.selectLnbList - ==> Parameters: 
2025-01-07 09:19:25 [http-nio-8080-exec-2] DEBUG c.s.d.m.CommonMapper.selectLnbList - <==      Total: 5
2025-01-07 09:19:25 [http-nio-8080-exec-2] DEBUG org.mybatis.spring.SqlSessionUtils - Closing non transactional SqlSession [org.apache.ibatis.session.defaults.DefaultSqlSession@250dab23]
2025-01-07 09:19:25 [http-nio-8080-exec-5] DEBUG org.mybatis.spring.SqlSessionUtils - Creating a new SqlSession
2025-01-07 09:19:25 [http-nio-8080-exec-10] DEBUG org.mybatis.spring.SqlSessionUtils - Creating a new SqlSession
2025-01-07 09:19:25 [http-nio-8080-exec-8] DEBUG org.mybatis.spring.SqlSessionUtils - Creating a new SqlSession
2025-01-07 09:19:25 [http-nio-8080-exec-5] DEBUG org.mybatis.spring.SqlSessionUtils - SqlSession [org.apache.ibatis.session.defaults.DefaultSqlSession@575e54ea] was not registered for synchronization because synchronization is not active
2025-01-07 09:19:25 [http-nio-8080-exec-10] DEBUG org.mybatis.spring.SqlSessionUtils - SqlSession [org.apache.ibatis.session.defaults.DefaultSqlSession@3a83c29d] was not registered for synchronization because synchronization is not active
2025-01-07 09:19:25 [http-nio-8080-exec-8] DEBUG org.mybatis.spring.SqlSessionUtils - SqlSession [org.apache.ibatis.session.defaults.DefaultSqlSession@78652074] was not registered for synchronization because synchronization is not active
2025-01-07 09:19:25 [http-nio-8080-exec-10] DEBUG o.m.s.t.SpringManagedTransaction - JDBC Connection [HikariProxyConnection@942496360 wrapping com.mysql.cj.jdbc.ConnectionImpl@7683fdce] will not be managed by Spring
2025-01-07 09:19:25 [http-nio-8080-exec-8] DEBUG o.m.s.t.SpringManagedTransaction - JDBC Connection [HikariProxyConnection@288905720 wrapping com.mysql.cj.jdbc.ConnectionImpl@3ad44df1] will not be managed by Spring
2025-01-07 09:19:25 [http-nio-8080-exec-5] DEBUG o.m.s.t.SpringManagedTransaction - JDBC Connection [HikariProxyConnection@1968555257 wrapping com.mysql.cj.jdbc.ConnectionImpl@3acaf26b] will not be managed by Spring
2025-01-07 09:19:25 [http-nio-8080-exec-10] DEBUG c.s.d.m.C.selectLnbSubList - ==>  Preparing: SELECT CT_LNB_SUB_IDX AS ctLnbSubIdx, CT_LNB_ID AS ctLnbId, CT_LNB_SUB_ID AS ctLnbSubId, CT_LNB_SUB_NAME AS ctLnbSubName, CT_LNB_SUB_URL AS ctLnbSubUrl FROM CT_LNB_SUB WHERE CT_LNB_ID = ? ORDER BY CT_LNB_SUB_IDX
2025-01-07 09:19:25 [http-nio-8080-exec-8] DEBUG c.s.d.m.C.selectLnbSubList - ==>  Preparing: SELECT CT_LNB_SUB_IDX AS ctLnbSubIdx, CT_LNB_ID AS ctLnbId, CT_LNB_SUB_ID AS ctLnbSubId, CT_LNB_SUB_NAME AS ctLnbSubName, CT_LNB_SUB_URL AS ctLnbSubUrl FROM CT_LNB_SUB WHERE CT_LNB_ID = ? ORDER BY CT_LNB_SUB_IDX
2025-01-07 09:19:25 [http-nio-8080-exec-5] DEBUG c.s.d.m.C.selectLnbSubList - ==>  Preparing: SELECT CT_LNB_SUB_IDX AS ctLnbSubIdx, CT_LNB_ID AS ctLnbId, CT_LNB_SUB_ID AS ctLnbSubId, CT_LNB_SUB_NAME AS ctLnbSubName, CT_LNB_SUB_URL AS ctLnbSubUrl FROM CT_LNB_SUB WHERE CT_LNB_ID = ? ORDER BY CT_LNB_SUB_IDX
2025-01-07 09:19:25 [http-nio-8080-exec-10] DEBUG c.s.d.m.C.selectLnbSubList - ==> Parameters: CT_LNB_SERVICE(String)
2025-01-07 09:19:25 [http-nio-8080-exec-5] DEBUG c.s.d.m.C.selectLnbSubList - ==> Parameters: CT_LNB_CONTACT(String)
2025-01-07 09:19:25 [http-nio-8080-exec-8] DEBUG c.s.d.m.C.selectLnbSubList - ==> Parameters: CT_LNB_INFORMATION(String)
2025-01-07 09:19:25 [http-nio-8080-exec-5] DEBUG c.s.d.m.C.selectLnbSubList - <==      Total: 2
2025-01-07 09:19:25 [http-nio-8080-exec-10] DEBUG c.s.d.m.C.selectLnbSubList - <==      Total: 4
2025-01-07 09:19:25 [http-nio-8080-exec-8] DEBUG c.s.d.m.C.selectLnbSubList - <==      Total: 2
2025-01-07 09:19:25 [http-nio-8080-exec-5] DEBUG org.mybatis.spring.SqlSessionUtils - Closing non transactional SqlSession [org.apache.ibatis.session.defaults.DefaultSqlSession@575e54ea]
2025-01-07 09:19:25 [http-nio-8080-exec-8] DEBUG org.mybatis.spring.SqlSessionUtils - Closing non transactional SqlSession [org.apache.ibatis.session.defaults.DefaultSqlSession@78652074]
2025-01-07 09:19:25 [http-nio-8080-exec-10] DEBUG org.mybatis.spring.SqlSessionUtils - Closing non transactional SqlSession [org.apache.ibatis.session.defaults.DefaultSqlSession@3a83c29d]
2025-01-07 09:19:25 [http-nio-8080-exec-4] DEBUG org.mybatis.spring.SqlSessionUtils - Creating a new SqlSession
2025-01-07 09:19:25 [http-nio-8080-exec-9] DEBUG org.mybatis.spring.SqlSessionUtils - Creating a new SqlSession
2025-01-07 09:19:25 [http-nio-8080-exec-4] DEBUG org.mybatis.spring.SqlSessionUtils - SqlSession [org.apache.ibatis.session.defaults.DefaultSqlSession@2cba9d95] was not registered for synchronization because synchronization is not active
2025-01-07 09:19:25 [http-nio-8080-exec-9] DEBUG org.mybatis.spring.SqlSessionUtils - SqlSession [org.apache.ibatis.session.defaults.DefaultSqlSession@1249a3f6] was not registered for synchronization because synchronization is not active
2025-01-07 09:19:25 [http-nio-8080-exec-4] DEBUG o.m.s.t.SpringManagedTransaction - JDBC Connection [HikariProxyConnection@1733102577 wrapping com.mysql.cj.jdbc.ConnectionImpl@3acaf26b] will not be managed by Spring
2025-01-07 09:19:25 [http-nio-8080-exec-9] DEBUG o.m.s.t.SpringManagedTransaction - JDBC Connection [HikariProxyConnection@1266288356 wrapping com.mysql.cj.jdbc.ConnectionImpl@7683fdce] will not be managed by Spring
2025-01-07 09:19:25 [http-nio-8080-exec-9] DEBUG c.s.d.m.C.selectLnbSubList - ==>  Preparing: SELECT CT_LNB_SUB_IDX AS ctLnbSubIdx, CT_LNB_ID AS ctLnbId, CT_LNB_SUB_ID AS ctLnbSubId, CT_LNB_SUB_NAME AS ctLnbSubName, CT_LNB_SUB_URL AS ctLnbSubUrl FROM CT_LNB_SUB WHERE CT_LNB_ID = ? ORDER BY CT_LNB_SUB_IDX
2025-01-07 09:19:25 [http-nio-8080-exec-4] DEBUG c.s.d.m.C.selectLnbSubList - ==>  Preparing: SELECT CT_LNB_SUB_IDX AS ctLnbSubIdx, CT_LNB_ID AS ctLnbId, CT_LNB_SUB_ID AS ctLnbSubId, CT_LNB_SUB_NAME AS ctLnbSubName, CT_LNB_SUB_URL AS ctLnbSubUrl FROM CT_LNB_SUB WHERE CT_LNB_ID = ? ORDER BY CT_LNB_SUB_IDX
2025-01-07 09:19:25 [http-nio-8080-exec-4] DEBUG c.s.d.m.C.selectLnbSubList - ==> Parameters: CT_LNB_SERVICE(String)
2025-01-07 09:19:25 [http-nio-8080-exec-9] DEBUG c.s.d.m.C.selectLnbSubList - ==> Parameters: CT_LNB_INFORMATION(String)
2025-01-07 09:19:25 [http-nio-8080-exec-9] DEBUG c.s.d.m.C.selectLnbSubList - <==      Total: 2
2025-01-07 09:19:25 [http-nio-8080-exec-4] DEBUG c.s.d.m.C.selectLnbSubList - <==      Total: 4
2025-01-07 09:19:25 [http-nio-8080-exec-4] DEBUG org.mybatis.spring.SqlSessionUtils - Closing non transactional SqlSession [org.apache.ibatis.session.defaults.DefaultSqlSession@2cba9d95]
2025-01-07 09:19:25 [http-nio-8080-exec-9] DEBUG org.mybatis.spring.SqlSessionUtils - Closing non transactional SqlSession [org.apache.ibatis.session.defaults.DefaultSqlSession@1249a3f6]
2025-01-07 09:19:25 [http-nio-8080-exec-6] DEBUG org.mybatis.spring.SqlSessionUtils - Creating a new SqlSession
2025-01-07 09:19:25 [http-nio-8080-exec-6] DEBUG org.mybatis.spring.SqlSessionUtils - SqlSession [org.apache.ibatis.session.defaults.DefaultSqlSession@6a8eb55] was not registered for synchronization because synchronization is not active
2025-01-07 09:19:25 [http-nio-8080-exec-6] DEBUG o.m.s.t.SpringManagedTransaction - JDBC Connection [HikariProxyConnection@381286107 wrapping com.mysql.cj.jdbc.ConnectionImpl@7683fdce] will not be managed by Spring
2025-01-07 09:19:25 [http-nio-8080-exec-6] DEBUG c.s.d.m.C.selectLnbSubList - ==>  Preparing: SELECT CT_LNB_SUB_IDX AS ctLnbSubIdx, CT_LNB_ID AS ctLnbId, CT_LNB_SUB_ID AS ctLnbSubId, CT_LNB_SUB_NAME AS ctLnbSubName, CT_LNB_SUB_URL AS ctLnbSubUrl FROM CT_LNB_SUB WHERE CT_LNB_ID = ? ORDER BY CT_LNB_SUB_IDX
2025-01-07 09:19:25 [http-nio-8080-exec-6] DEBUG c.s.d.m.C.selectLnbSubList - ==> Parameters: CT_LNB_CONTACT(String)
2025-01-07 09:19:25 [http-nio-8080-exec-6] DEBUG c.s.d.m.C.selectLnbSubList - <==      Total: 2
2025-01-07 09:19:25 [http-nio-8080-exec-6] DEBUG org.mybatis.spring.SqlSessionUtils - Closing non transactional SqlSession [org.apache.ibatis.session.defaults.DefaultSqlSession@6a8eb55]
2025-01-07 09:20:19 [http-nio-8080-exec-7] WARN  o.t.s.p.AbstractStandardFragmentInsertionTagProcessor - [THYMELEAF][http-nio-8080-exec-7][common/layout/layout] Deprecated unwrapped fragment expression "common/fragments/header::header" found in template common/layout/layout, line 29, col 10. Please use the complete syntax of fragment expressions instead ("~{common/fragments/header::header}"). The old, unwrapped syntax for fragment expressions will be removed in future versions of Thymeleaf.
2025-01-07 09:20:19 [http-nio-8080-exec-7] WARN  o.t.s.p.AbstractStandardFragmentInsertionTagProcessor - [THYMELEAF][http-nio-8080-exec-7][common/layout/layout] Deprecated unwrapped fragment expression "common/fragments/footer::footer" found in template common/layout/layout, line 33, col 10. Please use the complete syntax of fragment expressions instead ("~{common/fragments/footer::footer}"). The old, unwrapped syntax for fragment expressions will be removed in future versions of Thymeleaf.
2025-01-07 09:20:19 [http-nio-8080-exec-6] DEBUG org.mybatis.spring.SqlSessionUtils - Creating a new SqlSession
2025-01-07 09:20:19 [http-nio-8080-exec-6] DEBUG org.mybatis.spring.SqlSessionUtils - SqlSession [org.apache.ibatis.session.defaults.DefaultSqlSession@e4b6a92] was not registered for synchronization because synchronization is not active
2025-01-07 09:20:19 [http-nio-8080-exec-6] DEBUG o.m.s.t.SpringManagedTransaction - JDBC Connection [HikariProxyConnection@1341708877 wrapping com.mysql.cj.jdbc.ConnectionImpl@7683fdce] will not be managed by Spring
2025-01-07 09:20:19 [http-nio-8080-exec-6] DEBUG c.s.d.m.CommonMapper.selectLnbList - ==>  Preparing: SELECT CT_LNB_IDX AS ctLnbIdx, CT_LNB_ID AS ctLnbId, CT_LNB_NAME AS ctLnbName, CT_LNB_SUB_YN AS ctLnbSubYn, CT_LNB_URL AS ctLnbUrl FROM CT_LNB ORDER BY CT_LNB_IDX
2025-01-07 09:20:19 [http-nio-8080-exec-6] DEBUG c.s.d.m.CommonMapper.selectLnbList - ==> Parameters: 
2025-01-07 09:20:19 [http-nio-8080-exec-6] DEBUG c.s.d.m.CommonMapper.selectLnbList - <==      Total: 5
2025-01-07 09:20:19 [http-nio-8080-exec-6] DEBUG org.mybatis.spring.SqlSessionUtils - Closing non transactional SqlSession [org.apache.ibatis.session.defaults.DefaultSqlSession@e4b6a92]
2025-01-07 09:20:19 [http-nio-8080-exec-7] DEBUG org.mybatis.spring.SqlSessionUtils - Creating a new SqlSession
2025-01-07 09:20:19 [http-nio-8080-exec-7] DEBUG org.mybatis.spring.SqlSessionUtils - SqlSession [org.apache.ibatis.session.defaults.DefaultSqlSession@58505262] was not registered for synchronization because synchronization is not active
2025-01-07 09:20:19 [http-nio-8080-exec-7] DEBUG o.m.s.t.SpringManagedTransaction - JDBC Connection [HikariProxyConnection@2109990008 wrapping com.mysql.cj.jdbc.ConnectionImpl@3acaf26b] will not be managed by Spring
2025-01-07 09:20:19 [http-nio-8080-exec-7] DEBUG c.s.d.m.CommonMapper.selectLnbList - ==>  Preparing: SELECT CT_LNB_IDX AS ctLnbIdx, CT_LNB_ID AS ctLnbId, CT_LNB_NAME AS ctLnbName, CT_LNB_SUB_YN AS ctLnbSubYn, CT_LNB_URL AS ctLnbUrl FROM CT_LNB ORDER BY CT_LNB_IDX
2025-01-07 09:20:19 [http-nio-8080-exec-7] DEBUG c.s.d.m.CommonMapper.selectLnbList - ==> Parameters: 
2025-01-07 09:20:19 [http-nio-8080-exec-7] DEBUG c.s.d.m.CommonMapper.selectLnbList - <==      Total: 5
2025-01-07 09:20:19 [http-nio-8080-exec-7] DEBUG org.mybatis.spring.SqlSessionUtils - Closing non transactional SqlSession [org.apache.ibatis.session.defaults.DefaultSqlSession@58505262]
2025-01-07 09:20:19 [http-nio-8080-exec-1] DEBUG org.mybatis.spring.SqlSessionUtils - Creating a new SqlSession
2025-01-07 09:20:19 [http-nio-8080-exec-8] DEBUG org.mybatis.spring.SqlSessionUtils - Creating a new SqlSession
2025-01-07 09:20:19 [http-nio-8080-exec-2] DEBUG org.mybatis.spring.SqlSessionUtils - Creating a new SqlSession
2025-01-07 09:20:19 [http-nio-8080-exec-1] DEBUG org.mybatis.spring.SqlSessionUtils - SqlSession [org.apache.ibatis.session.defaults.DefaultSqlSession@10aecf33] was not registered for synchronization because synchronization is not active
2025-01-07 09:20:19 [http-nio-8080-exec-8] DEBUG org.mybatis.spring.SqlSessionUtils - SqlSession [org.apache.ibatis.session.defaults.DefaultSqlSession@57da3e6] was not registered for synchronization because synchronization is not active
2025-01-07 09:20:19 [http-nio-8080-exec-2] DEBUG org.mybatis.spring.SqlSessionUtils - SqlSession [org.apache.ibatis.session.defaults.DefaultSqlSession@35d495e3] was not registered for synchronization because synchronization is not active
2025-01-07 09:20:19 [http-nio-8080-exec-8] DEBUG o.m.s.t.SpringManagedTransaction - JDBC Connection [HikariProxyConnection@1457118504 wrapping com.mysql.cj.jdbc.ConnectionImpl@3acaf26b] will not be managed by Spring
2025-01-07 09:20:19 [http-nio-8080-exec-8] DEBUG c.s.d.m.C.selectLnbSubList - ==>  Preparing: SELECT CT_LNB_SUB_IDX AS ctLnbSubIdx, CT_LNB_ID AS ctLnbId, CT_LNB_SUB_ID AS ctLnbSubId, CT_LNB_SUB_NAME AS ctLnbSubName, CT_LNB_SUB_URL AS ctLnbSubUrl FROM CT_LNB_SUB WHERE CT_LNB_ID = ? ORDER BY CT_LNB_SUB_IDX
2025-01-07 09:20:19 [http-nio-8080-exec-8] DEBUG c.s.d.m.C.selectLnbSubList - ==> Parameters: CT_LNB_INFORMATION(String)
2025-01-07 09:20:19 [http-nio-8080-exec-2] DEBUG o.m.s.t.SpringManagedTransaction - JDBC Connection [HikariProxyConnection@595502009 wrapping com.mysql.cj.jdbc.ConnectionImpl@5c96ebdb] will not be managed by Spring
2025-01-07 09:20:19 [http-nio-8080-exec-1] DEBUG o.m.s.t.SpringManagedTransaction - JDBC Connection [HikariProxyConnection@771068694 wrapping com.mysql.cj.jdbc.ConnectionImpl@3ad44df1] will not be managed by Spring
2025-01-07 09:20:19 [http-nio-8080-exec-2] DEBUG c.s.d.m.C.selectLnbSubList - ==>  Preparing: SELECT CT_LNB_SUB_IDX AS ctLnbSubIdx, CT_LNB_ID AS ctLnbId, CT_LNB_SUB_ID AS ctLnbSubId, CT_LNB_SUB_NAME AS ctLnbSubName, CT_LNB_SUB_URL AS ctLnbSubUrl FROM CT_LNB_SUB WHERE CT_LNB_ID = ? ORDER BY CT_LNB_SUB_IDX
2025-01-07 09:20:19 [http-nio-8080-exec-1] DEBUG c.s.d.m.C.selectLnbSubList - ==>  Preparing: SELECT CT_LNB_SUB_IDX AS ctLnbSubIdx, CT_LNB_ID AS ctLnbId, CT_LNB_SUB_ID AS ctLnbSubId, CT_LNB_SUB_NAME AS ctLnbSubName, CT_LNB_SUB_URL AS ctLnbSubUrl FROM CT_LNB_SUB WHERE CT_LNB_ID = ? ORDER BY CT_LNB_SUB_IDX
2025-01-07 09:20:19 [http-nio-8080-exec-2] DEBUG c.s.d.m.C.selectLnbSubList - ==> Parameters: CT_LNB_CONTACT(String)
2025-01-07 09:20:19 [http-nio-8080-exec-1] DEBUG c.s.d.m.C.selectLnbSubList - ==> Parameters: CT_LNB_SERVICE(String)
2025-01-07 09:20:19 [http-nio-8080-exec-2] DEBUG c.s.d.m.C.selectLnbSubList - <==      Total: 2
2025-01-07 09:20:19 [http-nio-8080-exec-1] DEBUG c.s.d.m.C.selectLnbSubList - <==      Total: 4
2025-01-07 09:20:19 [http-nio-8080-exec-1] DEBUG org.mybatis.spring.SqlSessionUtils - Closing non transactional SqlSession [org.apache.ibatis.session.defaults.DefaultSqlSession@10aecf33]
2025-01-07 09:20:19 [http-nio-8080-exec-2] DEBUG org.mybatis.spring.SqlSessionUtils - Closing non transactional SqlSession [org.apache.ibatis.session.defaults.DefaultSqlSession@35d495e3]
2025-01-07 09:20:19 [http-nio-8080-exec-8] DEBUG c.s.d.m.C.selectLnbSubList - <==      Total: 2
2025-01-07 09:20:19 [http-nio-8080-exec-8] DEBUG org.mybatis.spring.SqlSessionUtils - Closing non transactional SqlSession [org.apache.ibatis.session.defaults.DefaultSqlSession@57da3e6]
2025-01-07 09:20:19 [http-nio-8080-exec-10] DEBUG org.mybatis.spring.SqlSessionUtils - Creating a new SqlSession
2025-01-07 09:20:19 [http-nio-8080-exec-3] DEBUG org.mybatis.spring.SqlSessionUtils - Creating a new SqlSession
2025-01-07 09:20:19 [http-nio-8080-exec-5] DEBUG org.mybatis.spring.SqlSessionUtils - Creating a new SqlSession
2025-01-07 09:20:19 [http-nio-8080-exec-3] DEBUG org.mybatis.spring.SqlSessionUtils - SqlSession [org.apache.ibatis.session.defaults.DefaultSqlSession@32f63c5c] was not registered for synchronization because synchronization is not active
2025-01-07 09:20:19 [http-nio-8080-exec-10] DEBUG org.mybatis.spring.SqlSessionUtils - SqlSession [org.apache.ibatis.session.defaults.DefaultSqlSession@7b4be526] was not registered for synchronization because synchronization is not active
2025-01-07 09:20:19 [http-nio-8080-exec-5] DEBUG org.mybatis.spring.SqlSessionUtils - SqlSession [org.apache.ibatis.session.defaults.DefaultSqlSession@199efa7e] was not registered for synchronization because synchronization is not active
2025-01-07 09:20:19 [http-nio-8080-exec-3] DEBUG o.m.s.t.SpringManagedTransaction - JDBC Connection [HikariProxyConnection@1281889631 wrapping com.mysql.cj.jdbc.ConnectionImpl@5c96ebdb] will not be managed by Spring
2025-01-07 09:20:19 [http-nio-8080-exec-5] DEBUG o.m.s.t.SpringManagedTransaction - JDBC Connection [HikariProxyConnection@1110939576 wrapping com.mysql.cj.jdbc.ConnectionImpl@3acaf26b] will not be managed by Spring
2025-01-07 09:20:19 [http-nio-8080-exec-10] DEBUG o.m.s.t.SpringManagedTransaction - JDBC Connection [HikariProxyConnection@694623805 wrapping com.mysql.cj.jdbc.ConnectionImpl@7683fdce] will not be managed by Spring
2025-01-07 09:20:19 [http-nio-8080-exec-10] DEBUG c.s.d.m.C.selectLnbSubList - ==>  Preparing: SELECT CT_LNB_SUB_IDX AS ctLnbSubIdx, CT_LNB_ID AS ctLnbId, CT_LNB_SUB_ID AS ctLnbSubId, CT_LNB_SUB_NAME AS ctLnbSubName, CT_LNB_SUB_URL AS ctLnbSubUrl FROM CT_LNB_SUB WHERE CT_LNB_ID = ? ORDER BY CT_LNB_SUB_IDX
2025-01-07 09:20:19 [http-nio-8080-exec-5] DEBUG c.s.d.m.C.selectLnbSubList - ==>  Preparing: SELECT CT_LNB_SUB_IDX AS ctLnbSubIdx, CT_LNB_ID AS ctLnbId, CT_LNB_SUB_ID AS ctLnbSubId, CT_LNB_SUB_NAME AS ctLnbSubName, CT_LNB_SUB_URL AS ctLnbSubUrl FROM CT_LNB_SUB WHERE CT_LNB_ID = ? ORDER BY CT_LNB_SUB_IDX
2025-01-07 09:20:19 [http-nio-8080-exec-3] DEBUG c.s.d.m.C.selectLnbSubList - ==>  Preparing: SELECT CT_LNB_SUB_IDX AS ctLnbSubIdx, CT_LNB_ID AS ctLnbId, CT_LNB_SUB_ID AS ctLnbSubId, CT_LNB_SUB_NAME AS ctLnbSubName, CT_LNB_SUB_URL AS ctLnbSubUrl FROM CT_LNB_SUB WHERE CT_LNB_ID = ? ORDER BY CT_LNB_SUB_IDX
2025-01-07 09:20:19 [http-nio-8080-exec-5] DEBUG c.s.d.m.C.selectLnbSubList - ==> Parameters: CT_LNB_SERVICE(String)
2025-01-07 09:20:19 [http-nio-8080-exec-3] DEBUG c.s.d.m.C.selectLnbSubList - ==> Parameters: CT_LNB_CONTACT(String)
2025-01-07 09:20:19 [http-nio-8080-exec-10] DEBUG c.s.d.m.C.selectLnbSubList - ==> Parameters: CT_LNB_INFORMATION(String)
2025-01-07 09:20:19 [http-nio-8080-exec-5] DEBUG c.s.d.m.C.selectLnbSubList - <==      Total: 4
2025-01-07 09:20:19 [http-nio-8080-exec-3] DEBUG c.s.d.m.C.selectLnbSubList - <==      Total: 2
2025-01-07 09:20:19 [http-nio-8080-exec-10] DEBUG c.s.d.m.C.selectLnbSubList - <==      Total: 2
2025-01-07 09:20:19 [http-nio-8080-exec-5] DEBUG org.mybatis.spring.SqlSessionUtils - Closing non transactional SqlSession [org.apache.ibatis.session.defaults.DefaultSqlSession@199efa7e]
2025-01-07 09:20:19 [http-nio-8080-exec-3] DEBUG org.mybatis.spring.SqlSessionUtils - Closing non transactional SqlSession [org.apache.ibatis.session.defaults.DefaultSqlSession@32f63c5c]
2025-01-07 09:20:19 [http-nio-8080-exec-10] DEBUG org.mybatis.spring.SqlSessionUtils - Closing non transactional SqlSession [org.apache.ibatis.session.defaults.DefaultSqlSession@7b4be526]
2025-01-07 09:20:49 [http-nio-8080-exec-4] WARN  o.t.s.p.AbstractStandardFragmentInsertionTagProcessor - [THYMELEAF][http-nio-8080-exec-4][common/layout/layout] Deprecated unwrapped fragment expression "common/fragments/header::header" found in template common/layout/layout, line 29, col 10. Please use the complete syntax of fragment expressions instead ("~{common/fragments/header::header}"). The old, unwrapped syntax for fragment expressions will be removed in future versions of Thymeleaf.
2025-01-07 09:20:49 [http-nio-8080-exec-4] WARN  o.t.s.p.AbstractStandardFragmentInsertionTagProcessor - [THYMELEAF][http-nio-8080-exec-4][common/layout/layout] Deprecated unwrapped fragment expression "common/fragments/footer::footer" found in template common/layout/layout, line 33, col 10. Please use the complete syntax of fragment expressions instead ("~{common/fragments/footer::footer}"). The old, unwrapped syntax for fragment expressions will be removed in future versions of Thymeleaf.
2025-01-07 09:20:49 [http-nio-8080-exec-3] DEBUG org.mybatis.spring.SqlSessionUtils - Creating a new SqlSession
2025-01-07 09:20:49 [http-nio-8080-exec-3] DEBUG org.mybatis.spring.SqlSessionUtils - SqlSession [org.apache.ibatis.session.defaults.DefaultSqlSession@1cf05c31] was not registered for synchronization because synchronization is not active
2025-01-07 09:20:49 [http-nio-8080-exec-3] DEBUG o.m.s.t.SpringManagedTransaction - JDBC Connection [HikariProxyConnection@535271215 wrapping com.mysql.cj.jdbc.ConnectionImpl@5c96ebdb] will not be managed by Spring
2025-01-07 09:20:49 [http-nio-8080-exec-3] DEBUG c.s.d.m.CommonMapper.selectLnbList - ==>  Preparing: SELECT CT_LNB_IDX AS ctLnbIdx, CT_LNB_ID AS ctLnbId, CT_LNB_NAME AS ctLnbName, CT_LNB_SUB_YN AS ctLnbSubYn, CT_LNB_URL AS ctLnbUrl FROM CT_LNB ORDER BY CT_LNB_IDX
2025-01-07 09:20:49 [http-nio-8080-exec-3] DEBUG c.s.d.m.CommonMapper.selectLnbList - ==> Parameters: 
2025-01-07 09:20:49 [http-nio-8080-exec-3] DEBUG c.s.d.m.CommonMapper.selectLnbList - <==      Total: 5
2025-01-07 09:20:49 [http-nio-8080-exec-3] DEBUG org.mybatis.spring.SqlSessionUtils - Closing non transactional SqlSession [org.apache.ibatis.session.defaults.DefaultSqlSession@1cf05c31]
2025-01-07 09:20:49 [http-nio-8080-exec-4] DEBUG org.mybatis.spring.SqlSessionUtils - Creating a new SqlSession
2025-01-07 09:20:49 [http-nio-8080-exec-4] DEBUG org.mybatis.spring.SqlSessionUtils - SqlSession [org.apache.ibatis.session.defaults.DefaultSqlSession@4457a5d0] was not registered for synchronization because synchronization is not active
2025-01-07 09:20:49 [http-nio-8080-exec-4] DEBUG o.m.s.t.SpringManagedTransaction - JDBC Connection [HikariProxyConnection@1697315993 wrapping com.mysql.cj.jdbc.ConnectionImpl@3acaf26b] will not be managed by Spring
2025-01-07 09:20:49 [http-nio-8080-exec-4] DEBUG c.s.d.m.CommonMapper.selectLnbList - ==>  Preparing: SELECT CT_LNB_IDX AS ctLnbIdx, CT_LNB_ID AS ctLnbId, CT_LNB_NAME AS ctLnbName, CT_LNB_SUB_YN AS ctLnbSubYn, CT_LNB_URL AS ctLnbUrl FROM CT_LNB ORDER BY CT_LNB_IDX
2025-01-07 09:20:49 [http-nio-8080-exec-4] DEBUG c.s.d.m.CommonMapper.selectLnbList - ==> Parameters: 
2025-01-07 09:20:49 [http-nio-8080-exec-4] DEBUG c.s.d.m.CommonMapper.selectLnbList - <==      Total: 5
2025-01-07 09:20:49 [http-nio-8080-exec-4] DEBUG org.mybatis.spring.SqlSessionUtils - Closing non transactional SqlSession [org.apache.ibatis.session.defaults.DefaultSqlSession@4457a5d0]
2025-01-07 09:20:49 [http-nio-8080-exec-9] DEBUG org.mybatis.spring.SqlSessionUtils - Creating a new SqlSession
2025-01-07 09:20:49 [http-nio-8080-exec-6] DEBUG org.mybatis.spring.SqlSessionUtils - Creating a new SqlSession
2025-01-07 09:20:49 [http-nio-8080-exec-8] DEBUG org.mybatis.spring.SqlSessionUtils - Creating a new SqlSession
2025-01-07 09:20:49 [http-nio-8080-exec-9] DEBUG org.mybatis.spring.SqlSessionUtils - SqlSession [org.apache.ibatis.session.defaults.DefaultSqlSession@50aaa196] was not registered for synchronization because synchronization is not active
2025-01-07 09:20:49 [http-nio-8080-exec-6] DEBUG org.mybatis.spring.SqlSessionUtils - SqlSession [org.apache.ibatis.session.defaults.DefaultSqlSession@501a262b] was not registered for synchronization because synchronization is not active
2025-01-07 09:20:49 [http-nio-8080-exec-8] DEBUG org.mybatis.spring.SqlSessionUtils - SqlSession [org.apache.ibatis.session.defaults.DefaultSqlSession@7051d7d4] was not registered for synchronization because synchronization is not active
2025-01-07 09:20:49 [http-nio-8080-exec-6] DEBUG o.m.s.t.SpringManagedTransaction - JDBC Connection [HikariProxyConnection@1505342679 wrapping com.mysql.cj.jdbc.ConnectionImpl@5c96ebdb] will not be managed by Spring
2025-01-07 09:20:49 [http-nio-8080-exec-8] DEBUG o.m.s.t.SpringManagedTransaction - JDBC Connection [HikariProxyConnection@1752790123 wrapping com.mysql.cj.jdbc.ConnectionImpl@3acaf26b] will not be managed by Spring
2025-01-07 09:20:49 [http-nio-8080-exec-8] DEBUG c.s.d.m.C.selectLnbSubList - ==>  Preparing: SELECT CT_LNB_SUB_IDX AS ctLnbSubIdx, CT_LNB_ID AS ctLnbId, CT_LNB_SUB_ID AS ctLnbSubId, CT_LNB_SUB_NAME AS ctLnbSubName, CT_LNB_SUB_URL AS ctLnbSubUrl FROM CT_LNB_SUB WHERE CT_LNB_ID = ? ORDER BY CT_LNB_SUB_IDX
2025-01-07 09:20:49 [http-nio-8080-exec-6] DEBUG c.s.d.m.C.selectLnbSubList - ==>  Preparing: SELECT CT_LNB_SUB_IDX AS ctLnbSubIdx, CT_LNB_ID AS ctLnbId, CT_LNB_SUB_ID AS ctLnbSubId, CT_LNB_SUB_NAME AS ctLnbSubName, CT_LNB_SUB_URL AS ctLnbSubUrl FROM CT_LNB_SUB WHERE CT_LNB_ID = ? ORDER BY CT_LNB_SUB_IDX
2025-01-07 09:20:49 [http-nio-8080-exec-8] DEBUG c.s.d.m.C.selectLnbSubList - ==> Parameters: CT_LNB_SERVICE(String)
2025-01-07 09:20:49 [http-nio-8080-exec-6] DEBUG c.s.d.m.C.selectLnbSubList - ==> Parameters: CT_LNB_CONTACT(String)
2025-01-07 09:20:49 [http-nio-8080-exec-9] DEBUG o.m.s.t.SpringManagedTransaction - JDBC Connection [HikariProxyConnection@2084808489 wrapping com.mysql.cj.jdbc.ConnectionImpl@7683fdce] will not be managed by Spring
2025-01-07 09:20:49 [http-nio-8080-exec-9] DEBUG c.s.d.m.C.selectLnbSubList - ==>  Preparing: SELECT CT_LNB_SUB_IDX AS ctLnbSubIdx, CT_LNB_ID AS ctLnbId, CT_LNB_SUB_ID AS ctLnbSubId, CT_LNB_SUB_NAME AS ctLnbSubName, CT_LNB_SUB_URL AS ctLnbSubUrl FROM CT_LNB_SUB WHERE CT_LNB_ID = ? ORDER BY CT_LNB_SUB_IDX
2025-01-07 09:20:49 [http-nio-8080-exec-9] DEBUG c.s.d.m.C.selectLnbSubList - ==> Parameters: CT_LNB_INFORMATION(String)
2025-01-07 09:20:49 [http-nio-8080-exec-9] DEBUG c.s.d.m.C.selectLnbSubList - <==      Total: 2
2025-01-07 09:20:49 [http-nio-8080-exec-6] DEBUG c.s.d.m.C.selectLnbSubList - <==      Total: 2
2025-01-07 09:20:49 [http-nio-8080-exec-8] DEBUG c.s.d.m.C.selectLnbSubList - <==      Total: 4
2025-01-07 09:20:49 [http-nio-8080-exec-9] DEBUG org.mybatis.spring.SqlSessionUtils - Closing non transactional SqlSession [org.apache.ibatis.session.defaults.DefaultSqlSession@50aaa196]
2025-01-07 09:20:49 [http-nio-8080-exec-8] DEBUG org.mybatis.spring.SqlSessionUtils - Closing non transactional SqlSession [org.apache.ibatis.session.defaults.DefaultSqlSession@7051d7d4]
2025-01-07 09:20:49 [http-nio-8080-exec-6] DEBUG org.mybatis.spring.SqlSessionUtils - Closing non transactional SqlSession [org.apache.ibatis.session.defaults.DefaultSqlSession@501a262b]
2025-01-07 09:20:49 [http-nio-8080-exec-2] DEBUG org.mybatis.spring.SqlSessionUtils - Creating a new SqlSession
2025-01-07 09:20:49 [http-nio-8080-exec-1] DEBUG org.mybatis.spring.SqlSessionUtils - Creating a new SqlSession
2025-01-07 09:20:49 [http-nio-8080-exec-7] DEBUG org.mybatis.spring.SqlSessionUtils - Creating a new SqlSession
2025-01-07 09:20:49 [http-nio-8080-exec-2] DEBUG org.mybatis.spring.SqlSessionUtils - SqlSession [org.apache.ibatis.session.defaults.DefaultSqlSession@28fe8129] was not registered for synchronization because synchronization is not active
2025-01-07 09:20:49 [http-nio-8080-exec-7] DEBUG org.mybatis.spring.SqlSessionUtils - SqlSession [org.apache.ibatis.session.defaults.DefaultSqlSession@356cec55] was not registered for synchronization because synchronization is not active
2025-01-07 09:20:49 [http-nio-8080-exec-1] DEBUG org.mybatis.spring.SqlSessionUtils - SqlSession [org.apache.ibatis.session.defaults.DefaultSqlSession@3f7dad45] was not registered for synchronization because synchronization is not active
2025-01-07 09:20:49 [http-nio-8080-exec-7] DEBUG o.m.s.t.SpringManagedTransaction - JDBC Connection [HikariProxyConnection@1475227300 wrapping com.mysql.cj.jdbc.ConnectionImpl@3acaf26b] will not be managed by Spring
2025-01-07 09:20:49 [http-nio-8080-exec-2] DEBUG o.m.s.t.SpringManagedTransaction - JDBC Connection [HikariProxyConnection@2118884580 wrapping com.mysql.cj.jdbc.ConnectionImpl@5c96ebdb] will not be managed by Spring
2025-01-07 09:20:49 [http-nio-8080-exec-2] DEBUG c.s.d.m.C.selectLnbSubList - ==>  Preparing: SELECT CT_LNB_SUB_IDX AS ctLnbSubIdx, CT_LNB_ID AS ctLnbId, CT_LNB_SUB_ID AS ctLnbSubId, CT_LNB_SUB_NAME AS ctLnbSubName, CT_LNB_SUB_URL AS ctLnbSubUrl FROM CT_LNB_SUB WHERE CT_LNB_ID = ? ORDER BY CT_LNB_SUB_IDX
2025-01-07 09:20:49 [http-nio-8080-exec-7] DEBUG c.s.d.m.C.selectLnbSubList - ==>  Preparing: SELECT CT_LNB_SUB_IDX AS ctLnbSubIdx, CT_LNB_ID AS ctLnbId, CT_LNB_SUB_ID AS ctLnbSubId, CT_LNB_SUB_NAME AS ctLnbSubName, CT_LNB_SUB_URL AS ctLnbSubUrl FROM CT_LNB_SUB WHERE CT_LNB_ID = ? ORDER BY CT_LNB_SUB_IDX
2025-01-07 09:20:49 [http-nio-8080-exec-2] DEBUG c.s.d.m.C.selectLnbSubList - ==> Parameters: CT_LNB_INFORMATION(String)
2025-01-07 09:20:49 [http-nio-8080-exec-7] DEBUG c.s.d.m.C.selectLnbSubList - ==> Parameters: CT_LNB_SERVICE(String)
2025-01-07 09:20:49 [http-nio-8080-exec-1] DEBUG o.m.s.t.SpringManagedTransaction - JDBC Connection [HikariProxyConnection@1041364127 wrapping com.mysql.cj.jdbc.ConnectionImpl@3ad44df1] will not be managed by Spring
2025-01-07 09:20:49 [http-nio-8080-exec-1] DEBUG c.s.d.m.C.selectLnbSubList - ==>  Preparing: SELECT CT_LNB_SUB_IDX AS ctLnbSubIdx, CT_LNB_ID AS ctLnbId, CT_LNB_SUB_ID AS ctLnbSubId, CT_LNB_SUB_NAME AS ctLnbSubName, CT_LNB_SUB_URL AS ctLnbSubUrl FROM CT_LNB_SUB WHERE CT_LNB_ID = ? ORDER BY CT_LNB_SUB_IDX
2025-01-07 09:20:49 [http-nio-8080-exec-1] DEBUG c.s.d.m.C.selectLnbSubList - ==> Parameters: CT_LNB_CONTACT(String)
2025-01-07 09:20:49 [http-nio-8080-exec-2] DEBUG c.s.d.m.C.selectLnbSubList - <==      Total: 2
2025-01-07 09:20:49 [http-nio-8080-exec-1] DEBUG c.s.d.m.C.selectLnbSubList - <==      Total: 2
2025-01-07 09:20:49 [http-nio-8080-exec-7] DEBUG c.s.d.m.C.selectLnbSubList - <==      Total: 4
2025-01-07 09:20:49 [http-nio-8080-exec-2] DEBUG org.mybatis.spring.SqlSessionUtils - Closing non transactional SqlSession [org.apache.ibatis.session.defaults.DefaultSqlSession@28fe8129]
2025-01-07 09:20:49 [http-nio-8080-exec-7] DEBUG org.mybatis.spring.SqlSessionUtils - Closing non transactional SqlSession [org.apache.ibatis.session.defaults.DefaultSqlSession@356cec55]
2025-01-07 09:20:49 [http-nio-8080-exec-1] DEBUG org.mybatis.spring.SqlSessionUtils - Closing non transactional SqlSession [org.apache.ibatis.session.defaults.DefaultSqlSession@3f7dad45]
2025-01-07 09:21:00 [http-nio-8080-exec-10] WARN  o.t.s.p.AbstractStandardFragmentInsertionTagProcessor - [THYMELEAF][http-nio-8080-exec-10][common/layout/layout] Deprecated unwrapped fragment expression "common/fragments/header::header" found in template common/layout/layout, line 29, col 10. Please use the complete syntax of fragment expressions instead ("~{common/fragments/header::header}"). The old, unwrapped syntax for fragment expressions will be removed in future versions of Thymeleaf.
2025-01-07 09:21:00 [http-nio-8080-exec-10] WARN  o.t.s.p.AbstractStandardFragmentInsertionTagProcessor - [THYMELEAF][http-nio-8080-exec-10][common/layout/layout] Deprecated unwrapped fragment expression "common/fragments/footer::footer" found in template common/layout/layout, line 33, col 10. Please use the complete syntax of fragment expressions instead ("~{common/fragments/footer::footer}"). The old, unwrapped syntax for fragment expressions will be removed in future versions of Thymeleaf.
2025-01-07 09:21:00 [http-nio-8080-exec-7] DEBUG org.mybatis.spring.SqlSessionUtils - Creating a new SqlSession
2025-01-07 09:21:00 [http-nio-8080-exec-7] DEBUG org.mybatis.spring.SqlSessionUtils - SqlSession [org.apache.ibatis.session.defaults.DefaultSqlSession@3f23ea45] was not registered for synchronization because synchronization is not active
2025-01-07 09:21:00 [http-nio-8080-exec-7] DEBUG o.m.s.t.SpringManagedTransaction - JDBC Connection [HikariProxyConnection@1837082544 wrapping com.mysql.cj.jdbc.ConnectionImpl@3acaf26b] will not be managed by Spring
2025-01-07 09:21:00 [http-nio-8080-exec-7] DEBUG c.s.d.m.CommonMapper.selectLnbList - ==>  Preparing: SELECT CT_LNB_IDX AS ctLnbIdx, CT_LNB_ID AS ctLnbId, CT_LNB_NAME AS ctLnbName, CT_LNB_SUB_YN AS ctLnbSubYn, CT_LNB_URL AS ctLnbUrl FROM CT_LNB ORDER BY CT_LNB_IDX
2025-01-07 09:21:00 [http-nio-8080-exec-7] DEBUG c.s.d.m.CommonMapper.selectLnbList - ==> Parameters: 
2025-01-07 09:21:00 [http-nio-8080-exec-7] DEBUG c.s.d.m.CommonMapper.selectLnbList - <==      Total: 5
2025-01-07 09:21:00 [http-nio-8080-exec-7] DEBUG org.mybatis.spring.SqlSessionUtils - Closing non transactional SqlSession [org.apache.ibatis.session.defaults.DefaultSqlSession@3f23ea45]
2025-01-07 09:21:00 [http-nio-8080-exec-10] DEBUG org.mybatis.spring.SqlSessionUtils - Creating a new SqlSession
2025-01-07 09:21:00 [http-nio-8080-exec-10] DEBUG org.mybatis.spring.SqlSessionUtils - SqlSession [org.apache.ibatis.session.defaults.DefaultSqlSession@2258fe43] was not registered for synchronization because synchronization is not active
2025-01-07 09:21:00 [http-nio-8080-exec-10] DEBUG o.m.s.t.SpringManagedTransaction - JDBC Connection [HikariProxyConnection@941702482 wrapping com.mysql.cj.jdbc.ConnectionImpl@7683fdce] will not be managed by Spring
2025-01-07 09:21:00 [http-nio-8080-exec-10] DEBUG c.s.d.m.CommonMapper.selectLnbList - ==>  Preparing: SELECT CT_LNB_IDX AS ctLnbIdx, CT_LNB_ID AS ctLnbId, CT_LNB_NAME AS ctLnbName, CT_LNB_SUB_YN AS ctLnbSubYn, CT_LNB_URL AS ctLnbUrl FROM CT_LNB ORDER BY CT_LNB_IDX
2025-01-07 09:21:00 [http-nio-8080-exec-10] DEBUG c.s.d.m.CommonMapper.selectLnbList - ==> Parameters: 
2025-01-07 09:21:00 [http-nio-8080-exec-10] DEBUG c.s.d.m.CommonMapper.selectLnbList - <==      Total: 5
2025-01-07 09:21:00 [http-nio-8080-exec-10] DEBUG org.mybatis.spring.SqlSessionUtils - Closing non transactional SqlSession [org.apache.ibatis.session.defaults.DefaultSqlSession@2258fe43]
2025-01-07 09:21:00 [http-nio-8080-exec-5] DEBUG org.mybatis.spring.SqlSessionUtils - Creating a new SqlSession
2025-01-07 09:21:00 [http-nio-8080-exec-4] DEBUG org.mybatis.spring.SqlSessionUtils - Creating a new SqlSession
2025-01-07 09:21:00 [http-nio-8080-exec-3] DEBUG org.mybatis.spring.SqlSessionUtils - Creating a new SqlSession
2025-01-07 09:21:00 [http-nio-8080-exec-5] DEBUG org.mybatis.spring.SqlSessionUtils - SqlSession [org.apache.ibatis.session.defaults.DefaultSqlSession@2d201b3e] was not registered for synchronization because synchronization is not active
2025-01-07 09:21:00 [http-nio-8080-exec-4] DEBUG org.mybatis.spring.SqlSessionUtils - SqlSession [org.apache.ibatis.session.defaults.DefaultSqlSession@46d3667] was not registered for synchronization because synchronization is not active
2025-01-07 09:21:00 [http-nio-8080-exec-3] DEBUG org.mybatis.spring.SqlSessionUtils - SqlSession [org.apache.ibatis.session.defaults.DefaultSqlSession@3d7d80f2] was not registered for synchronization because synchronization is not active
2025-01-07 09:21:00 [http-nio-8080-exec-5] DEBUG o.m.s.t.SpringManagedTransaction - JDBC Connection [HikariProxyConnection@1879060444 wrapping com.mysql.cj.jdbc.ConnectionImpl@7683fdce] will not be managed by Spring
2025-01-07 09:21:00 [http-nio-8080-exec-4] DEBUG o.m.s.t.SpringManagedTransaction - JDBC Connection [HikariProxyConnection@907140167 wrapping com.mysql.cj.jdbc.ConnectionImpl@3acaf26b] will not be managed by Spring
2025-01-07 09:21:00 [http-nio-8080-exec-5] DEBUG c.s.d.m.C.selectLnbSubList - ==>  Preparing: SELECT CT_LNB_SUB_IDX AS ctLnbSubIdx, CT_LNB_ID AS ctLnbId, CT_LNB_SUB_ID AS ctLnbSubId, CT_LNB_SUB_NAME AS ctLnbSubName, CT_LNB_SUB_URL AS ctLnbSubUrl FROM CT_LNB_SUB WHERE CT_LNB_ID = ? ORDER BY CT_LNB_SUB_IDX
2025-01-07 09:21:00 [http-nio-8080-exec-4] DEBUG c.s.d.m.C.selectLnbSubList - ==>  Preparing: SELECT CT_LNB_SUB_IDX AS ctLnbSubIdx, CT_LNB_ID AS ctLnbId, CT_LNB_SUB_ID AS ctLnbSubId, CT_LNB_SUB_NAME AS ctLnbSubName, CT_LNB_SUB_URL AS ctLnbSubUrl FROM CT_LNB_SUB WHERE CT_LNB_ID = ? ORDER BY CT_LNB_SUB_IDX
2025-01-07 09:21:00 [http-nio-8080-exec-5] DEBUG c.s.d.m.C.selectLnbSubList - ==> Parameters: CT_LNB_INFORMATION(String)
2025-01-07 09:21:00 [http-nio-8080-exec-4] DEBUG c.s.d.m.C.selectLnbSubList - ==> Parameters: CT_LNB_CONTACT(String)
2025-01-07 09:21:00 [http-nio-8080-exec-3] DEBUG o.m.s.t.SpringManagedTransaction - JDBC Connection [HikariProxyConnection@503326365 wrapping com.mysql.cj.jdbc.ConnectionImpl@5c96ebdb] will not be managed by Spring
2025-01-07 09:21:00 [http-nio-8080-exec-3] DEBUG c.s.d.m.C.selectLnbSubList - ==>  Preparing: SELECT CT_LNB_SUB_IDX AS ctLnbSubIdx, CT_LNB_ID AS ctLnbId, CT_LNB_SUB_ID AS ctLnbSubId, CT_LNB_SUB_NAME AS ctLnbSubName, CT_LNB_SUB_URL AS ctLnbSubUrl FROM CT_LNB_SUB WHERE CT_LNB_ID = ? ORDER BY CT_LNB_SUB_IDX
2025-01-07 09:21:00 [http-nio-8080-exec-3] DEBUG c.s.d.m.C.selectLnbSubList - ==> Parameters: CT_LNB_SERVICE(String)
2025-01-07 09:21:00 [http-nio-8080-exec-5] DEBUG c.s.d.m.C.selectLnbSubList - <==      Total: 2
2025-01-07 09:21:00 [http-nio-8080-exec-4] DEBUG c.s.d.m.C.selectLnbSubList - <==      Total: 2
2025-01-07 09:21:00 [http-nio-8080-exec-3] DEBUG c.s.d.m.C.selectLnbSubList - <==      Total: 4
2025-01-07 09:21:00 [http-nio-8080-exec-4] DEBUG org.mybatis.spring.SqlSessionUtils - Closing non transactional SqlSession [org.apache.ibatis.session.defaults.DefaultSqlSession@46d3667]
2025-01-07 09:21:00 [http-nio-8080-exec-3] DEBUG org.mybatis.spring.SqlSessionUtils - Closing non transactional SqlSession [org.apache.ibatis.session.defaults.DefaultSqlSession@3d7d80f2]
2025-01-07 09:21:00 [http-nio-8080-exec-5] DEBUG org.mybatis.spring.SqlSessionUtils - Closing non transactional SqlSession [org.apache.ibatis.session.defaults.DefaultSqlSession@2d201b3e]
2025-01-07 09:21:00 [http-nio-8080-exec-6] DEBUG org.mybatis.spring.SqlSessionUtils - Creating a new SqlSession
2025-01-07 09:21:00 [http-nio-8080-exec-8] DEBUG org.mybatis.spring.SqlSessionUtils - Creating a new SqlSession
2025-01-07 09:21:00 [http-nio-8080-exec-9] DEBUG org.mybatis.spring.SqlSessionUtils - Creating a new SqlSession
2025-01-07 09:21:00 [http-nio-8080-exec-6] DEBUG org.mybatis.spring.SqlSessionUtils - SqlSession [org.apache.ibatis.session.defaults.DefaultSqlSession@3a82d823] was not registered for synchronization because synchronization is not active
2025-01-07 09:21:00 [http-nio-8080-exec-8] DEBUG org.mybatis.spring.SqlSessionUtils - SqlSession [org.apache.ibatis.session.defaults.DefaultSqlSession@1149758a] was not registered for synchronization because synchronization is not active
2025-01-07 09:21:00 [http-nio-8080-exec-9] DEBUG org.mybatis.spring.SqlSessionUtils - SqlSession [org.apache.ibatis.session.defaults.DefaultSqlSession@6c47a7fb] was not registered for synchronization because synchronization is not active
2025-01-07 09:21:00 [http-nio-8080-exec-6] DEBUG o.m.s.t.SpringManagedTransaction - JDBC Connection [HikariProxyConnection@780786856 wrapping com.mysql.cj.jdbc.ConnectionImpl@5c96ebdb] will not be managed by Spring
2025-01-07 09:21:00 [http-nio-8080-exec-9] DEBUG o.m.s.t.SpringManagedTransaction - JDBC Connection [HikariProxyConnection@232533941 wrapping com.mysql.cj.jdbc.ConnectionImpl@7683fdce] will not be managed by Spring
2025-01-07 09:21:00 [http-nio-8080-exec-8] DEBUG o.m.s.t.SpringManagedTransaction - JDBC Connection [HikariProxyConnection@842043876 wrapping com.mysql.cj.jdbc.ConnectionImpl@3acaf26b] will not be managed by Spring
2025-01-07 09:21:00 [http-nio-8080-exec-6] DEBUG c.s.d.m.C.selectLnbSubList - ==>  Preparing: SELECT CT_LNB_SUB_IDX AS ctLnbSubIdx, CT_LNB_ID AS ctLnbId, CT_LNB_SUB_ID AS ctLnbSubId, CT_LNB_SUB_NAME AS ctLnbSubName, CT_LNB_SUB_URL AS ctLnbSubUrl FROM CT_LNB_SUB WHERE CT_LNB_ID = ? ORDER BY CT_LNB_SUB_IDX
2025-01-07 09:21:00 [http-nio-8080-exec-9] DEBUG c.s.d.m.C.selectLnbSubList - ==>  Preparing: SELECT CT_LNB_SUB_IDX AS ctLnbSubIdx, CT_LNB_ID AS ctLnbId, CT_LNB_SUB_ID AS ctLnbSubId, CT_LNB_SUB_NAME AS ctLnbSubName, CT_LNB_SUB_URL AS ctLnbSubUrl FROM CT_LNB_SUB WHERE CT_LNB_ID = ? ORDER BY CT_LNB_SUB_IDX
2025-01-07 09:21:00 [http-nio-8080-exec-8] DEBUG c.s.d.m.C.selectLnbSubList - ==>  Preparing: SELECT CT_LNB_SUB_IDX AS ctLnbSubIdx, CT_LNB_ID AS ctLnbId, CT_LNB_SUB_ID AS ctLnbSubId, CT_LNB_SUB_NAME AS ctLnbSubName, CT_LNB_SUB_URL AS ctLnbSubUrl FROM CT_LNB_SUB WHERE CT_LNB_ID = ? ORDER BY CT_LNB_SUB_IDX
2025-01-07 09:21:00 [http-nio-8080-exec-8] DEBUG c.s.d.m.C.selectLnbSubList - ==> Parameters: CT_LNB_CONTACT(String)
2025-01-07 09:21:00 [http-nio-8080-exec-9] DEBUG c.s.d.m.C.selectLnbSubList - ==> Parameters: CT_LNB_INFORMATION(String)
2025-01-07 09:21:00 [http-nio-8080-exec-6] DEBUG c.s.d.m.C.selectLnbSubList - ==> Parameters: CT_LNB_SERVICE(String)
2025-01-07 09:21:00 [http-nio-8080-exec-8] DEBUG c.s.d.m.C.selectLnbSubList - <==      Total: 2
2025-01-07 09:21:00 [http-nio-8080-exec-6] DEBUG c.s.d.m.C.selectLnbSubList - <==      Total: 4
2025-01-07 09:21:00 [http-nio-8080-exec-9] DEBUG c.s.d.m.C.selectLnbSubList - <==      Total: 2
2025-01-07 09:21:00 [http-nio-8080-exec-6] DEBUG org.mybatis.spring.SqlSessionUtils - Closing non transactional SqlSession [org.apache.ibatis.session.defaults.DefaultSqlSession@3a82d823]
2025-01-07 09:21:00 [http-nio-8080-exec-9] DEBUG org.mybatis.spring.SqlSessionUtils - Closing non transactional SqlSession [org.apache.ibatis.session.defaults.DefaultSqlSession@6c47a7fb]
2025-01-07 09:21:00 [http-nio-8080-exec-8] DEBUG org.mybatis.spring.SqlSessionUtils - Closing non transactional SqlSession [org.apache.ibatis.session.defaults.DefaultSqlSession@1149758a]
2025-01-07 09:22:20 [http-nio-8080-exec-3] WARN  o.t.s.p.AbstractStandardFragmentInsertionTagProcessor - [THYMELEAF][http-nio-8080-exec-3][common/layout/layout] Deprecated unwrapped fragment expression "common/fragments/header::header" found in template common/layout/layout, line 29, col 10. Please use the complete syntax of fragment expressions instead ("~{common/fragments/header::header}"). The old, unwrapped syntax for fragment expressions will be removed in future versions of Thymeleaf.
2025-01-07 09:22:20 [http-nio-8080-exec-3] WARN  o.t.s.p.AbstractStandardFragmentInsertionTagProcessor - [THYMELEAF][http-nio-8080-exec-3][common/layout/layout] Deprecated unwrapped fragment expression "common/fragments/footer::footer" found in template common/layout/layout, line 33, col 10. Please use the complete syntax of fragment expressions instead ("~{common/fragments/footer::footer}"). The old, unwrapped syntax for fragment expressions will be removed in future versions of Thymeleaf.
2025-01-07 09:22:20 [http-nio-8080-exec-4] DEBUG org.mybatis.spring.SqlSessionUtils - Creating a new SqlSession
2025-01-07 09:22:20 [http-nio-8080-exec-4] DEBUG org.mybatis.spring.SqlSessionUtils - SqlSession [org.apache.ibatis.session.defaults.DefaultSqlSession@79d9ff83] was not registered for synchronization because synchronization is not active
2025-01-07 09:22:20 [http-nio-8080-exec-4] DEBUG o.m.s.t.SpringManagedTransaction - JDBC Connection [HikariProxyConnection@350888145 wrapping com.mysql.cj.jdbc.ConnectionImpl@3acaf26b] will not be managed by Spring
2025-01-07 09:22:20 [http-nio-8080-exec-4] DEBUG c.s.d.m.CommonMapper.selectLnbList - ==>  Preparing: SELECT CT_LNB_IDX AS ctLnbIdx, CT_LNB_ID AS ctLnbId, CT_LNB_NAME AS ctLnbName, CT_LNB_SUB_YN AS ctLnbSubYn, CT_LNB_URL AS ctLnbUrl FROM CT_LNB ORDER BY CT_LNB_IDX
2025-01-07 09:22:20 [http-nio-8080-exec-4] DEBUG c.s.d.m.CommonMapper.selectLnbList - ==> Parameters: 
2025-01-07 09:22:20 [http-nio-8080-exec-4] DEBUG c.s.d.m.CommonMapper.selectLnbList - <==      Total: 5
2025-01-07 09:22:20 [http-nio-8080-exec-4] DEBUG org.mybatis.spring.SqlSessionUtils - Closing non transactional SqlSession [org.apache.ibatis.session.defaults.DefaultSqlSession@79d9ff83]
2025-01-07 09:22:20 [http-nio-8080-exec-3] DEBUG org.mybatis.spring.SqlSessionUtils - Creating a new SqlSession
2025-01-07 09:22:20 [http-nio-8080-exec-3] DEBUG org.mybatis.spring.SqlSessionUtils - SqlSession [org.apache.ibatis.session.defaults.DefaultSqlSession@12cc06f1] was not registered for synchronization because synchronization is not active
2025-01-07 09:22:20 [http-nio-8080-exec-3] DEBUG o.m.s.t.SpringManagedTransaction - JDBC Connection [HikariProxyConnection@151008544 wrapping com.mysql.cj.jdbc.ConnectionImpl@5c96ebdb] will not be managed by Spring
2025-01-07 09:22:20 [http-nio-8080-exec-3] DEBUG c.s.d.m.CommonMapper.selectLnbList - ==>  Preparing: SELECT CT_LNB_IDX AS ctLnbIdx, CT_LNB_ID AS ctLnbId, CT_LNB_NAME AS ctLnbName, CT_LNB_SUB_YN AS ctLnbSubYn, CT_LNB_URL AS ctLnbUrl FROM CT_LNB ORDER BY CT_LNB_IDX
2025-01-07 09:22:20 [http-nio-8080-exec-3] DEBUG c.s.d.m.CommonMapper.selectLnbList - ==> Parameters: 
2025-01-07 09:22:20 [http-nio-8080-exec-3] DEBUG c.s.d.m.CommonMapper.selectLnbList - <==      Total: 5
2025-01-07 09:22:20 [http-nio-8080-exec-3] DEBUG org.mybatis.spring.SqlSessionUtils - Closing non transactional SqlSession [org.apache.ibatis.session.defaults.DefaultSqlSession@12cc06f1]
2025-01-07 09:22:20 [http-nio-8080-exec-8] DEBUG org.mybatis.spring.SqlSessionUtils - Creating a new SqlSession
2025-01-07 09:22:20 [http-nio-8080-exec-9] DEBUG org.mybatis.spring.SqlSessionUtils - Creating a new SqlSession
2025-01-07 09:22:20 [http-nio-8080-exec-6] DEBUG org.mybatis.spring.SqlSessionUtils - Creating a new SqlSession
2025-01-07 09:22:20 [http-nio-8080-exec-8] DEBUG org.mybatis.spring.SqlSessionUtils - SqlSession [org.apache.ibatis.session.defaults.DefaultSqlSession@11714317] was not registered for synchronization because synchronization is not active
2025-01-07 09:22:20 [http-nio-8080-exec-6] DEBUG org.mybatis.spring.SqlSessionUtils - SqlSession [org.apache.ibatis.session.defaults.DefaultSqlSession@67d43127] was not registered for synchronization because synchronization is not active
2025-01-07 09:22:20 [http-nio-8080-exec-9] DEBUG org.mybatis.spring.SqlSessionUtils - SqlSession [org.apache.ibatis.session.defaults.DefaultSqlSession@36669759] was not registered for synchronization because synchronization is not active
2025-01-07 09:22:20 [http-nio-8080-exec-6] DEBUG o.m.s.t.SpringManagedTransaction - JDBC Connection [HikariProxyConnection@123264489 wrapping com.mysql.cj.jdbc.ConnectionImpl@5c96ebdb] will not be managed by Spring
2025-01-07 09:22:20 [http-nio-8080-exec-8] DEBUG o.m.s.t.SpringManagedTransaction - JDBC Connection [HikariProxyConnection@662200172 wrapping com.mysql.cj.jdbc.ConnectionImpl@3acaf26b] will not be managed by Spring
2025-01-07 09:22:20 [http-nio-8080-exec-8] DEBUG c.s.d.m.C.selectLnbSubList - ==>  Preparing: SELECT CT_LNB_SUB_IDX AS ctLnbSubIdx, CT_LNB_ID AS ctLnbId, CT_LNB_SUB_ID AS ctLnbSubId, CT_LNB_SUB_NAME AS ctLnbSubName, CT_LNB_SUB_URL AS ctLnbSubUrl FROM CT_LNB_SUB WHERE CT_LNB_ID = ? ORDER BY CT_LNB_SUB_IDX
2025-01-07 09:22:20 [http-nio-8080-exec-6] DEBUG c.s.d.m.C.selectLnbSubList - ==>  Preparing: SELECT CT_LNB_SUB_IDX AS ctLnbSubIdx, CT_LNB_ID AS ctLnbId, CT_LNB_SUB_ID AS ctLnbSubId, CT_LNB_SUB_NAME AS ctLnbSubName, CT_LNB_SUB_URL AS ctLnbSubUrl FROM CT_LNB_SUB WHERE CT_LNB_ID = ? ORDER BY CT_LNB_SUB_IDX
2025-01-07 09:22:20 [http-nio-8080-exec-8] DEBUG c.s.d.m.C.selectLnbSubList - ==> Parameters: CT_LNB_SERVICE(String)
2025-01-07 09:22:20 [http-nio-8080-exec-6] DEBUG c.s.d.m.C.selectLnbSubList - ==> Parameters: CT_LNB_CONTACT(String)
2025-01-07 09:22:20 [http-nio-8080-exec-9] DEBUG o.m.s.t.SpringManagedTransaction - JDBC Connection [HikariProxyConnection@1512810407 wrapping com.mysql.cj.jdbc.ConnectionImpl@7683fdce] will not be managed by Spring
2025-01-07 09:22:20 [http-nio-8080-exec-9] DEBUG c.s.d.m.C.selectLnbSubList - ==>  Preparing: SELECT CT_LNB_SUB_IDX AS ctLnbSubIdx, CT_LNB_ID AS ctLnbId, CT_LNB_SUB_ID AS ctLnbSubId, CT_LNB_SUB_NAME AS ctLnbSubName, CT_LNB_SUB_URL AS ctLnbSubUrl FROM CT_LNB_SUB WHERE CT_LNB_ID = ? ORDER BY CT_LNB_SUB_IDX
2025-01-07 09:22:20 [http-nio-8080-exec-9] DEBUG c.s.d.m.C.selectLnbSubList - ==> Parameters: CT_LNB_INFORMATION(String)
2025-01-07 09:22:20 [http-nio-8080-exec-6] DEBUG c.s.d.m.C.selectLnbSubList - <==      Total: 2
2025-01-07 09:22:20 [http-nio-8080-exec-8] DEBUG c.s.d.m.C.selectLnbSubList - <==      Total: 4
2025-01-07 09:22:20 [http-nio-8080-exec-9] DEBUG c.s.d.m.C.selectLnbSubList - <==      Total: 2
2025-01-07 09:22:20 [http-nio-8080-exec-6] DEBUG org.mybatis.spring.SqlSessionUtils - Closing non transactional SqlSession [org.apache.ibatis.session.defaults.DefaultSqlSession@67d43127]
2025-01-07 09:22:20 [http-nio-8080-exec-9] DEBUG org.mybatis.spring.SqlSessionUtils - Closing non transactional SqlSession [org.apache.ibatis.session.defaults.DefaultSqlSession@36669759]
2025-01-07 09:22:20 [http-nio-8080-exec-8] DEBUG org.mybatis.spring.SqlSessionUtils - Closing non transactional SqlSession [org.apache.ibatis.session.defaults.DefaultSqlSession@11714317]
2025-01-07 09:22:20 [http-nio-8080-exec-1] DEBUG org.mybatis.spring.SqlSessionUtils - Creating a new SqlSession
2025-01-07 09:22:20 [http-nio-8080-exec-5] DEBUG org.mybatis.spring.SqlSessionUtils - Creating a new SqlSession
2025-01-07 09:22:20 [http-nio-8080-exec-10] DEBUG org.mybatis.spring.SqlSessionUtils - Creating a new SqlSession
2025-01-07 09:22:20 [http-nio-8080-exec-1] DEBUG org.mybatis.spring.SqlSessionUtils - SqlSession [org.apache.ibatis.session.defaults.DefaultSqlSession@2c5acb58] was not registered for synchronization because synchronization is not active
2025-01-07 09:22:20 [http-nio-8080-exec-10] DEBUG org.mybatis.spring.SqlSessionUtils - SqlSession [org.apache.ibatis.session.defaults.DefaultSqlSession@25525685] was not registered for synchronization because synchronization is not active
2025-01-07 09:22:20 [http-nio-8080-exec-5] DEBUG org.mybatis.spring.SqlSessionUtils - SqlSession [org.apache.ibatis.session.defaults.DefaultSqlSession@290508eb] was not registered for synchronization because synchronization is not active
2025-01-07 09:22:20 [http-nio-8080-exec-10] DEBUG o.m.s.t.SpringManagedTransaction - JDBC Connection [HikariProxyConnection@338179280 wrapping com.mysql.cj.jdbc.ConnectionImpl@7683fdce] will not be managed by Spring
2025-01-07 09:22:20 [http-nio-8080-exec-5] DEBUG o.m.s.t.SpringManagedTransaction - JDBC Connection [HikariProxyConnection@1485483224 wrapping com.mysql.cj.jdbc.ConnectionImpl@5c96ebdb] will not be managed by Spring
2025-01-07 09:22:20 [http-nio-8080-exec-10] DEBUG c.s.d.m.C.selectLnbSubList - ==>  Preparing: SELECT CT_LNB_SUB_IDX AS ctLnbSubIdx, CT_LNB_ID AS ctLnbId, CT_LNB_SUB_ID AS ctLnbSubId, CT_LNB_SUB_NAME AS ctLnbSubName, CT_LNB_SUB_URL AS ctLnbSubUrl FROM CT_LNB_SUB WHERE CT_LNB_ID = ? ORDER BY CT_LNB_SUB_IDX
2025-01-07 09:22:20 [http-nio-8080-exec-5] DEBUG c.s.d.m.C.selectLnbSubList - ==>  Preparing: SELECT CT_LNB_SUB_IDX AS ctLnbSubIdx, CT_LNB_ID AS ctLnbId, CT_LNB_SUB_ID AS ctLnbSubId, CT_LNB_SUB_NAME AS ctLnbSubName, CT_LNB_SUB_URL AS ctLnbSubUrl FROM CT_LNB_SUB WHERE CT_LNB_ID = ? ORDER BY CT_LNB_SUB_IDX
2025-01-07 09:22:20 [http-nio-8080-exec-10] DEBUG c.s.d.m.C.selectLnbSubList - ==> Parameters: CT_LNB_SERVICE(String)
2025-01-07 09:22:20 [http-nio-8080-exec-5] DEBUG c.s.d.m.C.selectLnbSubList - ==> Parameters: CT_LNB_CONTACT(String)
2025-01-07 09:22:20 [http-nio-8080-exec-1] DEBUG o.m.s.t.SpringManagedTransaction - JDBC Connection [HikariProxyConnection@620439899 wrapping com.mysql.cj.jdbc.ConnectionImpl@3ad44df1] will not be managed by Spring
2025-01-07 09:22:20 [http-nio-8080-exec-1] DEBUG c.s.d.m.C.selectLnbSubList - ==>  Preparing: SELECT CT_LNB_SUB_IDX AS ctLnbSubIdx, CT_LNB_ID AS ctLnbId, CT_LNB_SUB_ID AS ctLnbSubId, CT_LNB_SUB_NAME AS ctLnbSubName, CT_LNB_SUB_URL AS ctLnbSubUrl FROM CT_LNB_SUB WHERE CT_LNB_ID = ? ORDER BY CT_LNB_SUB_IDX
2025-01-07 09:22:20 [http-nio-8080-exec-1] DEBUG c.s.d.m.C.selectLnbSubList - ==> Parameters: CT_LNB_INFORMATION(String)
2025-01-07 09:22:20 [http-nio-8080-exec-1] DEBUG c.s.d.m.C.selectLnbSubList - <==      Total: 2
2025-01-07 09:22:20 [http-nio-8080-exec-10] DEBUG c.s.d.m.C.selectLnbSubList - <==      Total: 4
2025-01-07 09:22:20 [http-nio-8080-exec-5] DEBUG c.s.d.m.C.selectLnbSubList - <==      Total: 2
2025-01-07 09:22:20 [http-nio-8080-exec-5] DEBUG org.mybatis.spring.SqlSessionUtils - Closing non transactional SqlSession [org.apache.ibatis.session.defaults.DefaultSqlSession@290508eb]
2025-01-07 09:22:20 [http-nio-8080-exec-1] DEBUG org.mybatis.spring.SqlSessionUtils - Closing non transactional SqlSession [org.apache.ibatis.session.defaults.DefaultSqlSession@2c5acb58]
2025-01-07 09:22:20 [http-nio-8080-exec-10] DEBUG org.mybatis.spring.SqlSessionUtils - Closing non transactional SqlSession [org.apache.ibatis.session.defaults.DefaultSqlSession@25525685]
2025-01-07 09:24:14 [File Watcher] INFO  o.s.b.d.a.LocalDevToolsAutoConfiguration$RestartingClassPathChangeChangedEventListener - Restarting due to 1 class path change (0 additions, 0 deletions, 1 modification)
2025-01-07 09:24:14 [Thread-5] INFO  o.s.b.w.e.tomcat.GracefulShutdown - Commencing graceful shutdown. Waiting for active requests to complete
2025-01-07 09:24:14 [tomcat-shutdown] INFO  o.a.coyote.http11.Http11NioProtocol - Pausing ProtocolHandler ["http-nio-8080"]
2025-01-07 09:24:14 [tomcat-shutdown] INFO  o.s.b.w.e.tomcat.GracefulShutdown - Graceful shutdown complete
2025-01-07 09:24:14 [Thread-5] INFO  o.a.coyote.http11.Http11NioProtocol - Stopping ProtocolHandler ["http-nio-8080"]
2025-01-07 09:24:14 [Thread-5] INFO  com.zaxxer.hikari.HikariDataSource - HikariPool-1 - Shutdown initiated...
2025-01-07 09:24:14 [Thread-5] INFO  com.zaxxer.hikari.HikariDataSource - HikariPool-1 - Shutdown completed.
2025-01-07 09:24:14 [restartedMain] INFO  c.s.devspring.DevspringApplication - Starting DevspringApplication using Java 17.0.12 with PID 10556 (D:\Spring\sts-4.4\workspace\devspring\bin\main started by aatjx in D:\Spring\sts-4.4\workspace\devspring)
2025-01-07 09:24:14 [restartedMain] INFO  c.s.devspring.DevspringApplication - No active profile set, falling back to 1 default profile: "default"
2025-01-07 09:24:14 [restartedMain] DEBUG o.m.s.mapper.ClassPathMapperScanner - Identified candidate component class: file [D:\Spring\sts-4.4\workspace\devspring\bin\main\com\spring\devspring\mapper\BoardMapper.class]
2025-01-07 09:24:14 [restartedMain] DEBUG o.m.s.mapper.ClassPathMapperScanner - Identified candidate component class: file [D:\Spring\sts-4.4\workspace\devspring\bin\main\com\spring\devspring\mapper\CommonMapper.class]
2025-01-07 09:24:14 [restartedMain] DEBUG o.m.s.mapper.ClassPathMapperScanner - Creating MapperFactoryBean with name 'boardMapper' and 'com.spring.devspring.mapper.BoardMapper' mapperInterface
2025-01-07 09:24:14 [restartedMain] DEBUG o.m.s.mapper.ClassPathMapperScanner - Creating MapperFactoryBean with name 'commonMapper' and 'com.spring.devspring.mapper.CommonMapper' mapperInterface
2025-01-07 09:24:14 [restartedMain] INFO  o.s.b.w.e.tomcat.TomcatWebServer - Tomcat initialized with port 8080 (http)
2025-01-07 09:24:14 [restartedMain] INFO  o.a.coyote.http11.Http11NioProtocol - Initializing ProtocolHandler ["http-nio-8080"]
2025-01-07 09:24:14 [restartedMain] INFO  o.a.catalina.core.StandardService - Starting service [Tomcat]
2025-01-07 09:24:14 [restartedMain] INFO  o.a.catalina.core.StandardEngine - Starting Servlet engine: [Apache Tomcat/10.1.34]
2025-01-07 09:24:14 [restartedMain] INFO  o.a.c.c.C.[Tomcat].[localhost].[/] - Initializing Spring embedded WebApplicationContext
2025-01-07 09:24:14 [restartedMain] INFO  o.s.b.w.s.c.ServletWebServerApplicationContext - Root WebApplicationContext: initialization completed in 157 ms
2025-01-07 09:24:14 [restartedMain] DEBUG o.m.spring.SqlSessionFactoryBean - Property 'configuration' or 'configLocation' not specified, using default MyBatis Configuration
2025-01-07 09:24:14 [restartedMain] DEBUG o.m.spring.SqlSessionFactoryBean - Parsed mapper file: 'file [D:\Spring\sts-4.4\workspace\devspring\bin\main\static\mapper\BoardMapper.xml]'
2025-01-07 09:24:14 [restartedMain] DEBUG o.m.spring.SqlSessionFactoryBean - Parsed mapper file: 'file [D:\Spring\sts-4.4\workspace\devspring\bin\main\static\mapper\CommonMapper.xml]'
2025-01-07 09:24:14 [restartedMain] INFO  o.s.b.d.a.OptionalLiveReloadServer - LiveReload server is running on port 35729
2025-01-07 09:24:14 [restartedMain] INFO  o.a.coyote.http11.Http11NioProtocol - Starting ProtocolHandler ["http-nio-8080"]
2025-01-07 09:24:14 [restartedMain] INFO  o.s.b.w.e.tomcat.TomcatWebServer - Tomcat started on port 8080 (http) with context path '/'
2025-01-07 09:24:14 [restartedMain] INFO  c.s.devspring.DevspringApplication - Started DevspringApplication in 0.267 seconds (process running for 526.676)
2025-01-07 09:24:14 [restartedMain] INFO  o.s.b.d.a.ConditionEvaluationDeltaLoggingListener - Condition evaluation unchanged
2025-01-07 09:24:15 [RMI TCP Connection(19)-127.0.0.1] INFO  o.s.b.a.SpringApplicationAdminMXBeanRegistrar$SpringApplicationAdmin - Application shutdown requested.
2025-01-07 09:24:15 [RMI TCP Connection(19)-127.0.0.1] INFO  o.s.b.w.e.tomcat.GracefulShutdown - Commencing graceful shutdown. Waiting for active requests to complete
2025-01-07 09:24:15 [tomcat-shutdown] INFO  o.a.coyote.http11.Http11NioProtocol - Pausing ProtocolHandler ["http-nio-8080"]
2025-01-07 09:24:16 [tomcat-shutdown] INFO  o.s.b.w.e.tomcat.GracefulShutdown - Graceful shutdown complete
2025-01-07 09:24:16 [RMI TCP Connection(19)-127.0.0.1] INFO  o.a.coyote.http11.Http11NioProtocol - Stopping ProtocolHandler ["http-nio-8080"]
2025-01-07 09:25:21 [restartedMain] INFO  c.s.devspring.DevspringApplication - Starting DevspringApplication using Java 17.0.12 with PID 6916 (D:\Spring\sts-4.4\workspace\devspring\bin\main started by aatjx in D:\Spring\sts-4.4\workspace\devspring)
2025-01-07 09:25:21 [restartedMain] INFO  c.s.devspring.DevspringApplication - No active profile set, falling back to 1 default profile: "default"
2025-01-07 09:25:21 [restartedMain] INFO  o.s.b.d.e.DevToolsPropertyDefaultsPostProcessor - Devtools property defaults active! Set 'spring.devtools.add-properties' to 'false' to disable
2025-01-07 09:25:21 [restartedMain] INFO  o.s.b.d.e.DevToolsPropertyDefaultsPostProcessor - For additional web related logging consider setting the 'logging.level.web' property to 'DEBUG'
2025-01-07 09:25:22 [restartedMain] DEBUG o.apache.ibatis.logging.LogFactory - Logging initialized using 'class org.apache.ibatis.logging.slf4j.Slf4jImpl' adapter.
2025-01-07 09:25:22 [restartedMain] DEBUG o.m.s.mapper.ClassPathMapperScanner - Identified candidate component class: file [D:\Spring\sts-4.4\workspace\devspring\bin\main\com\spring\devspring\mapper\BoardMapper.class]
2025-01-07 09:25:22 [restartedMain] DEBUG o.m.s.mapper.ClassPathMapperScanner - Identified candidate component class: file [D:\Spring\sts-4.4\workspace\devspring\bin\main\com\spring\devspring\mapper\CommonMapper.class]
2025-01-07 09:25:22 [restartedMain] DEBUG o.m.s.mapper.ClassPathMapperScanner - Creating MapperFactoryBean with name 'boardMapper' and 'com.spring.devspring.mapper.BoardMapper' mapperInterface
2025-01-07 09:25:22 [restartedMain] DEBUG o.m.s.mapper.ClassPathMapperScanner - Creating MapperFactoryBean with name 'commonMapper' and 'com.spring.devspring.mapper.CommonMapper' mapperInterface
2025-01-07 09:25:22 [restartedMain] INFO  o.s.b.w.e.tomcat.TomcatWebServer - Tomcat initialized with port 8080 (http)
2025-01-07 09:25:22 [restartedMain] INFO  o.a.coyote.http11.Http11NioProtocol - Initializing ProtocolHandler ["http-nio-8080"]
2025-01-07 09:25:22 [restartedMain] INFO  o.a.catalina.core.StandardService - Starting service [Tomcat]
2025-01-07 09:25:22 [restartedMain] INFO  o.a.catalina.core.StandardEngine - Starting Servlet engine: [Apache Tomcat/10.1.34]
2025-01-07 09:25:22 [restartedMain] INFO  o.a.c.c.C.[Tomcat].[localhost].[/] - Initializing Spring embedded WebApplicationContext
2025-01-07 09:25:22 [restartedMain] INFO  o.s.b.w.s.c.ServletWebServerApplicationContext - Root WebApplicationContext: initialization completed in 616 ms
2025-01-07 09:25:22 [restartedMain] DEBUG o.m.spring.SqlSessionFactoryBean - Property 'configuration' or 'configLocation' not specified, using default MyBatis Configuration
2025-01-07 09:25:22 [restartedMain] DEBUG o.m.spring.SqlSessionFactoryBean - Parsed mapper file: 'file [D:\Spring\sts-4.4\workspace\devspring\bin\main\static\mapper\BoardMapper.xml]'
2025-01-07 09:25:22 [restartedMain] DEBUG o.m.spring.SqlSessionFactoryBean - Parsed mapper file: 'file [D:\Spring\sts-4.4\workspace\devspring\bin\main\static\mapper\CommonMapper.xml]'
2025-01-07 09:25:22 [restartedMain] INFO  o.s.b.d.a.OptionalLiveReloadServer - LiveReload server is running on port 35729
2025-01-07 09:25:22 [restartedMain] INFO  o.a.coyote.http11.Http11NioProtocol - Starting ProtocolHandler ["http-nio-8080"]
2025-01-07 09:25:22 [restartedMain] INFO  o.s.b.w.e.tomcat.TomcatWebServer - Tomcat started on port 8080 (http) with context path '/'
2025-01-07 09:25:22 [restartedMain] INFO  c.s.devspring.DevspringApplication - Started DevspringApplication in 1.385 seconds (process running for 1.775)
2025-01-07 09:25:28 [http-nio-8080-exec-1] INFO  o.a.c.c.C.[Tomcat].[localhost].[/] - Initializing Spring DispatcherServlet 'dispatcherServlet'
2025-01-07 09:25:28 [http-nio-8080-exec-1] INFO  o.s.web.servlet.DispatcherServlet - Initializing Servlet 'dispatcherServlet'
2025-01-07 09:25:28 [http-nio-8080-exec-1] INFO  o.s.web.servlet.DispatcherServlet - Completed initialization in 1 ms
2025-01-07 09:25:28 [http-nio-8080-exec-1] WARN  o.t.s.p.AbstractStandardFragmentInsertionTagProcessor - [THYMELEAF][http-nio-8080-exec-1][common/layout/layout] Deprecated unwrapped fragment expression "common/fragments/header::header" found in template common/layout/layout, line 29, col 10. Please use the complete syntax of fragment expressions instead ("~{common/fragments/header::header}"). The old, unwrapped syntax for fragment expressions will be removed in future versions of Thymeleaf.
2025-01-07 09:25:28 [http-nio-8080-exec-1] WARN  o.t.s.p.AbstractStandardFragmentInsertionTagProcessor - [THYMELEAF][http-nio-8080-exec-1][common/layout/layout] Deprecated unwrapped fragment expression "common/fragments/footer::footer" found in template common/layout/layout, line 33, col 10. Please use the complete syntax of fragment expressions instead ("~{common/fragments/footer::footer}"). The old, unwrapped syntax for fragment expressions will be removed in future versions of Thymeleaf.
2025-01-07 09:25:29 [http-nio-8080-exec-10] DEBUG org.mybatis.spring.SqlSessionUtils - Creating a new SqlSession
2025-01-07 09:25:29 [http-nio-8080-exec-10] DEBUG org.mybatis.spring.SqlSessionUtils - SqlSession [org.apache.ibatis.session.defaults.DefaultSqlSession@3d95f89c] was not registered for synchronization because synchronization is not active
2025-01-07 09:25:29 [http-nio-8080-exec-10] INFO  com.zaxxer.hikari.HikariDataSource - HikariPool-1 - Starting...
2025-01-07 09:25:29 [http-nio-8080-exec-10] INFO  com.zaxxer.hikari.pool.HikariPool - HikariPool-1 - Added connection com.mysql.cj.jdbc.ConnectionImpl@5126c08e
2025-01-07 09:25:29 [http-nio-8080-exec-10] INFO  com.zaxxer.hikari.HikariDataSource - HikariPool-1 - Start completed.
2025-01-07 09:25:29 [http-nio-8080-exec-10] DEBUG o.m.s.t.SpringManagedTransaction - JDBC Connection [HikariProxyConnection@1453562426 wrapping com.mysql.cj.jdbc.ConnectionImpl@5126c08e] will not be managed by Spring
2025-01-07 09:25:29 [http-nio-8080-exec-10] DEBUG c.s.d.m.CommonMapper.selectLnbList - ==>  Preparing: SELECT CT_LNB_IDX AS ctLnbIdx, CT_LNB_ID AS ctLnbId, CT_LNB_NAME AS ctLnbName, CT_LNB_SUB_YN AS ctLnbSubYn, CT_LNB_URL AS ctLnbUrl, CT_LNB_USE_YN AS ctLnbUseYn FROM CT_LNB WHERE CT_LNB_USE_YN = 'Y' ORDER BY CT_LNB_IDX
2025-01-07 09:25:29 [http-nio-8080-exec-10] DEBUG c.s.d.m.CommonMapper.selectLnbList - ==> Parameters: 
2025-01-07 09:25:29 [http-nio-8080-exec-10] DEBUG c.s.d.m.CommonMapper.selectLnbList - <==      Total: 4
2025-01-07 09:25:29 [http-nio-8080-exec-10] DEBUG org.mybatis.spring.SqlSessionUtils - Closing non transactional SqlSession [org.apache.ibatis.session.defaults.DefaultSqlSession@3d95f89c]
2025-01-07 09:25:29 [http-nio-8080-exec-1] DEBUG org.mybatis.spring.SqlSessionUtils - Creating a new SqlSession
2025-01-07 09:25:29 [http-nio-8080-exec-1] DEBUG org.mybatis.spring.SqlSessionUtils - SqlSession [org.apache.ibatis.session.defaults.DefaultSqlSession@506c1029] was not registered for synchronization because synchronization is not active
2025-01-07 09:25:29 [http-nio-8080-exec-1] DEBUG o.m.s.t.SpringManagedTransaction - JDBC Connection [HikariProxyConnection@1534253724 wrapping com.mysql.cj.jdbc.ConnectionImpl@5126c08e] will not be managed by Spring
2025-01-07 09:25:29 [http-nio-8080-exec-1] DEBUG c.s.d.m.CommonMapper.selectLnbList - ==>  Preparing: SELECT CT_LNB_IDX AS ctLnbIdx, CT_LNB_ID AS ctLnbId, CT_LNB_NAME AS ctLnbName, CT_LNB_SUB_YN AS ctLnbSubYn, CT_LNB_URL AS ctLnbUrl, CT_LNB_USE_YN AS ctLnbUseYn FROM CT_LNB WHERE CT_LNB_USE_YN = 'Y' ORDER BY CT_LNB_IDX
2025-01-07 09:25:29 [http-nio-8080-exec-1] DEBUG c.s.d.m.CommonMapper.selectLnbList - ==> Parameters: 
2025-01-07 09:25:29 [http-nio-8080-exec-1] DEBUG c.s.d.m.CommonMapper.selectLnbList - <==      Total: 4
2025-01-07 09:25:29 [http-nio-8080-exec-1] DEBUG org.mybatis.spring.SqlSessionUtils - Closing non transactional SqlSession [org.apache.ibatis.session.defaults.DefaultSqlSession@506c1029]
2025-01-07 09:25:29 [http-nio-8080-exec-4] DEBUG org.mybatis.spring.SqlSessionUtils - Creating a new SqlSession
2025-01-07 09:25:29 [http-nio-8080-exec-7] DEBUG org.mybatis.spring.SqlSessionUtils - Creating a new SqlSession
2025-01-07 09:25:29 [http-nio-8080-exec-2] DEBUG org.mybatis.spring.SqlSessionUtils - Creating a new SqlSession
2025-01-07 09:25:29 [http-nio-8080-exec-4] DEBUG org.mybatis.spring.SqlSessionUtils - SqlSession [org.apache.ibatis.session.defaults.DefaultSqlSession@2d657b59] was not registered for synchronization because synchronization is not active
2025-01-07 09:25:29 [http-nio-8080-exec-2] DEBUG org.mybatis.spring.SqlSessionUtils - SqlSession [org.apache.ibatis.session.defaults.DefaultSqlSession@6c8fb855] was not registered for synchronization because synchronization is not active
2025-01-07 09:25:29 [http-nio-8080-exec-7] DEBUG org.mybatis.spring.SqlSessionUtils - SqlSession [org.apache.ibatis.session.defaults.DefaultSqlSession@63b83894] was not registered for synchronization because synchronization is not active
2025-01-07 09:25:29 [http-nio-8080-exec-2] DEBUG o.m.s.t.SpringManagedTransaction - JDBC Connection [HikariProxyConnection@640992150 wrapping com.mysql.cj.jdbc.ConnectionImpl@5126c08e] will not be managed by Spring
2025-01-07 09:25:29 [http-nio-8080-exec-2] DEBUG c.s.d.m.C.selectLnbSubList - ==>  Preparing: SELECT CT_LNB_SUB_IDX AS ctLnbSubIdx, CT_LNB_ID AS ctLnbId, CT_LNB_SUB_ID AS ctLnbSubId, CT_LNB_SUB_NAME AS ctLnbSubName, CT_LNB_SUB_URL AS ctLnbSubUrl FROM CT_LNB_SUB WHERE CT_LNB_ID = ? ORDER BY CT_LNB_SUB_IDX
2025-01-07 09:25:29 [http-nio-8080-exec-2] DEBUG c.s.d.m.C.selectLnbSubList - ==> Parameters: CT_LNB_CONTACT(String)
2025-01-07 09:25:29 [http-nio-8080-exec-2] DEBUG c.s.d.m.C.selectLnbSubList - <==      Total: 2
2025-01-07 09:25:29 [http-nio-8080-exec-2] DEBUG org.mybatis.spring.SqlSessionUtils - Closing non transactional SqlSession [org.apache.ibatis.session.defaults.DefaultSqlSession@6c8fb855]
2025-01-07 09:25:29 [http-nio-8080-exec-4] DEBUG o.m.s.t.SpringManagedTransaction - JDBC Connection [HikariProxyConnection@1149358620 wrapping com.mysql.cj.jdbc.ConnectionImpl@5126c08e] will not be managed by Spring
2025-01-07 09:25:29 [http-nio-8080-exec-4] DEBUG c.s.d.m.C.selectLnbSubList - ==>  Preparing: SELECT CT_LNB_SUB_IDX AS ctLnbSubIdx, CT_LNB_ID AS ctLnbId, CT_LNB_SUB_ID AS ctLnbSubId, CT_LNB_SUB_NAME AS ctLnbSubName, CT_LNB_SUB_URL AS ctLnbSubUrl FROM CT_LNB_SUB WHERE CT_LNB_ID = ? ORDER BY CT_LNB_SUB_IDX
2025-01-07 09:25:29 [http-nio-8080-exec-4] DEBUG c.s.d.m.C.selectLnbSubList - ==> Parameters: CT_LNB_SERVICE(String)
2025-01-07 09:25:29 [http-nio-8080-exec-4] DEBUG c.s.d.m.C.selectLnbSubList - <==      Total: 4
2025-01-07 09:25:29 [http-nio-8080-exec-4] DEBUG org.mybatis.spring.SqlSessionUtils - Closing non transactional SqlSession [org.apache.ibatis.session.defaults.DefaultSqlSession@2d657b59]
2025-01-07 09:25:29 [http-nio-8080-exec-7] DEBUG o.m.s.t.SpringManagedTransaction - JDBC Connection [HikariProxyConnection@292635415 wrapping com.mysql.cj.jdbc.ConnectionImpl@5126c08e] will not be managed by Spring
2025-01-07 09:25:29 [http-nio-8080-exec-7] DEBUG c.s.d.m.C.selectLnbSubList - ==>  Preparing: SELECT CT_LNB_SUB_IDX AS ctLnbSubIdx, CT_LNB_ID AS ctLnbId, CT_LNB_SUB_ID AS ctLnbSubId, CT_LNB_SUB_NAME AS ctLnbSubName, CT_LNB_SUB_URL AS ctLnbSubUrl FROM CT_LNB_SUB WHERE CT_LNB_ID = ? ORDER BY CT_LNB_SUB_IDX
2025-01-07 09:25:29 [http-nio-8080-exec-7] DEBUG c.s.d.m.C.selectLnbSubList - ==> Parameters: CT_LNB_INFORMATION(String)
2025-01-07 09:25:29 [http-nio-8080-exec-5] DEBUG org.mybatis.spring.SqlSessionUtils - Creating a new SqlSession
2025-01-07 09:25:29 [http-nio-8080-exec-5] DEBUG org.mybatis.spring.SqlSessionUtils - SqlSession [org.apache.ibatis.session.defaults.DefaultSqlSession@2018ef8d] was not registered for synchronization because synchronization is not active
2025-01-07 09:25:29 [http-nio-8080-exec-7] DEBUG c.s.d.m.C.selectLnbSubList - <==      Total: 2
2025-01-07 09:25:29 [http-nio-8080-exec-7] DEBUG org.mybatis.spring.SqlSessionUtils - Closing non transactional SqlSession [org.apache.ibatis.session.defaults.DefaultSqlSession@63b83894]
2025-01-07 09:25:29 [http-nio-8080-exec-6] DEBUG org.mybatis.spring.SqlSessionUtils - Creating a new SqlSession
2025-01-07 09:25:29 [http-nio-8080-exec-5] DEBUG o.m.s.t.SpringManagedTransaction - JDBC Connection [HikariProxyConnection@1458770730 wrapping com.mysql.cj.jdbc.ConnectionImpl@5126c08e] will not be managed by Spring
2025-01-07 09:25:29 [http-nio-8080-exec-6] DEBUG org.mybatis.spring.SqlSessionUtils - SqlSession [org.apache.ibatis.session.defaults.DefaultSqlSession@6f7f99cc] was not registered for synchronization because synchronization is not active
2025-01-07 09:25:29 [http-nio-8080-exec-5] DEBUG c.s.d.m.C.selectLnbSubList - ==>  Preparing: SELECT CT_LNB_SUB_IDX AS ctLnbSubIdx, CT_LNB_ID AS ctLnbId, CT_LNB_SUB_ID AS ctLnbSubId, CT_LNB_SUB_NAME AS ctLnbSubName, CT_LNB_SUB_URL AS ctLnbSubUrl FROM CT_LNB_SUB WHERE CT_LNB_ID = ? ORDER BY CT_LNB_SUB_IDX
2025-01-07 09:25:29 [http-nio-8080-exec-5] DEBUG c.s.d.m.C.selectLnbSubList - ==> Parameters: CT_LNB_CONTACT(String)
2025-01-07 09:25:29 [http-nio-8080-exec-5] DEBUG c.s.d.m.C.selectLnbSubList - <==      Total: 2
2025-01-07 09:25:29 [http-nio-8080-exec-5] DEBUG org.mybatis.spring.SqlSessionUtils - Closing non transactional SqlSession [org.apache.ibatis.session.defaults.DefaultSqlSession@2018ef8d]
2025-01-07 09:25:29 [http-nio-8080-exec-6] DEBUG o.m.s.t.SpringManagedTransaction - JDBC Connection [HikariProxyConnection@24825269 wrapping com.mysql.cj.jdbc.ConnectionImpl@5126c08e] will not be managed by Spring
2025-01-07 09:25:29 [http-nio-8080-exec-6] DEBUG c.s.d.m.C.selectLnbSubList - ==>  Preparing: SELECT CT_LNB_SUB_IDX AS ctLnbSubIdx, CT_LNB_ID AS ctLnbId, CT_LNB_SUB_ID AS ctLnbSubId, CT_LNB_SUB_NAME AS ctLnbSubName, CT_LNB_SUB_URL AS ctLnbSubUrl FROM CT_LNB_SUB WHERE CT_LNB_ID = ? ORDER BY CT_LNB_SUB_IDX
2025-01-07 09:25:29 [http-nio-8080-exec-6] DEBUG c.s.d.m.C.selectLnbSubList - ==> Parameters: CT_LNB_SERVICE(String)
2025-01-07 09:25:29 [http-nio-8080-exec-3] DEBUG org.mybatis.spring.SqlSessionUtils - Creating a new SqlSession
2025-01-07 09:25:29 [http-nio-8080-exec-3] DEBUG org.mybatis.spring.SqlSessionUtils - SqlSession [org.apache.ibatis.session.defaults.DefaultSqlSession@60faf1a7] was not registered for synchronization because synchronization is not active
2025-01-07 09:25:29 [http-nio-8080-exec-6] DEBUG c.s.d.m.C.selectLnbSubList - <==      Total: 4
2025-01-07 09:25:29 [http-nio-8080-exec-6] DEBUG org.mybatis.spring.SqlSessionUtils - Closing non transactional SqlSession [org.apache.ibatis.session.defaults.DefaultSqlSession@6f7f99cc]
2025-01-07 09:25:29 [http-nio-8080-exec-3] DEBUG o.m.s.t.SpringManagedTransaction - JDBC Connection [HikariProxyConnection@1414153576 wrapping com.mysql.cj.jdbc.ConnectionImpl@5126c08e] will not be managed by Spring
2025-01-07 09:25:29 [http-nio-8080-exec-3] DEBUG c.s.d.m.C.selectLnbSubList - ==>  Preparing: SELECT CT_LNB_SUB_IDX AS ctLnbSubIdx, CT_LNB_ID AS ctLnbId, CT_LNB_SUB_ID AS ctLnbSubId, CT_LNB_SUB_NAME AS ctLnbSubName, CT_LNB_SUB_URL AS ctLnbSubUrl FROM CT_LNB_SUB WHERE CT_LNB_ID = ? ORDER BY CT_LNB_SUB_IDX
2025-01-07 09:25:29 [http-nio-8080-exec-3] DEBUG c.s.d.m.C.selectLnbSubList - ==> Parameters: CT_LNB_INFORMATION(String)
2025-01-07 09:25:29 [http-nio-8080-exec-3] DEBUG c.s.d.m.C.selectLnbSubList - <==      Total: 2
2025-01-07 09:25:29 [http-nio-8080-exec-3] DEBUG org.mybatis.spring.SqlSessionUtils - Closing non transactional SqlSession [org.apache.ibatis.session.defaults.DefaultSqlSession@60faf1a7]
2025-01-07 09:25:34 [http-nio-8080-exec-9] WARN  o.t.s.p.AbstractStandardFragmentInsertionTagProcessor - [THYMELEAF][http-nio-8080-exec-9][common/layout/layout] Deprecated unwrapped fragment expression "common/fragments/header::header" found in template common/layout/layout, line 29, col 10. Please use the complete syntax of fragment expressions instead ("~{common/fragments/header::header}"). The old, unwrapped syntax for fragment expressions will be removed in future versions of Thymeleaf.
2025-01-07 09:25:34 [http-nio-8080-exec-9] WARN  o.t.s.p.AbstractStandardFragmentInsertionTagProcessor - [THYMELEAF][http-nio-8080-exec-9][common/layout/layout] Deprecated unwrapped fragment expression "common/fragments/footer::footer" found in template common/layout/layout, line 33, col 10. Please use the complete syntax of fragment expressions instead ("~{common/fragments/footer::footer}"). The old, unwrapped syntax for fragment expressions will be removed in future versions of Thymeleaf.
2025-01-07 09:25:34 [http-nio-8080-exec-3] DEBUG org.mybatis.spring.SqlSessionUtils - Creating a new SqlSession
2025-01-07 09:25:34 [http-nio-8080-exec-3] DEBUG org.mybatis.spring.SqlSessionUtils - SqlSession [org.apache.ibatis.session.defaults.DefaultSqlSession@42c03918] was not registered for synchronization because synchronization is not active
2025-01-07 09:25:34 [http-nio-8080-exec-3] DEBUG o.m.s.t.SpringManagedTransaction - JDBC Connection [HikariProxyConnection@685704674 wrapping com.mysql.cj.jdbc.ConnectionImpl@5126c08e] will not be managed by Spring
2025-01-07 09:25:34 [http-nio-8080-exec-3] DEBUG c.s.d.m.CommonMapper.selectLnbList - ==>  Preparing: SELECT CT_LNB_IDX AS ctLnbIdx, CT_LNB_ID AS ctLnbId, CT_LNB_NAME AS ctLnbName, CT_LNB_SUB_YN AS ctLnbSubYn, CT_LNB_URL AS ctLnbUrl, CT_LNB_USE_YN AS ctLnbUseYn FROM CT_LNB WHERE CT_LNB_USE_YN = 'Y' ORDER BY CT_LNB_IDX
2025-01-07 09:25:34 [http-nio-8080-exec-3] DEBUG c.s.d.m.CommonMapper.selectLnbList - ==> Parameters: 
2025-01-07 09:25:34 [http-nio-8080-exec-3] DEBUG c.s.d.m.CommonMapper.selectLnbList - <==      Total: 4
2025-01-07 09:25:34 [http-nio-8080-exec-3] DEBUG org.mybatis.spring.SqlSessionUtils - Closing non transactional SqlSession [org.apache.ibatis.session.defaults.DefaultSqlSession@42c03918]
2025-01-07 09:25:34 [http-nio-8080-exec-9] DEBUG org.mybatis.spring.SqlSessionUtils - Creating a new SqlSession
2025-01-07 09:25:34 [http-nio-8080-exec-9] DEBUG org.mybatis.spring.SqlSessionUtils - SqlSession [org.apache.ibatis.session.defaults.DefaultSqlSession@830e494] was not registered for synchronization because synchronization is not active
2025-01-07 09:25:34 [http-nio-8080-exec-9] DEBUG o.m.s.t.SpringManagedTransaction - JDBC Connection [HikariProxyConnection@464075775 wrapping com.mysql.cj.jdbc.ConnectionImpl@5126c08e] will not be managed by Spring
2025-01-07 09:25:34 [http-nio-8080-exec-9] DEBUG c.s.d.m.CommonMapper.selectLnbList - ==>  Preparing: SELECT CT_LNB_IDX AS ctLnbIdx, CT_LNB_ID AS ctLnbId, CT_LNB_NAME AS ctLnbName, CT_LNB_SUB_YN AS ctLnbSubYn, CT_LNB_URL AS ctLnbUrl, CT_LNB_USE_YN AS ctLnbUseYn FROM CT_LNB WHERE CT_LNB_USE_YN = 'Y' ORDER BY CT_LNB_IDX
2025-01-07 09:25:34 [http-nio-8080-exec-9] DEBUG c.s.d.m.CommonMapper.selectLnbList - ==> Parameters: 
2025-01-07 09:25:34 [http-nio-8080-exec-9] DEBUG c.s.d.m.CommonMapper.selectLnbList - <==      Total: 4
2025-01-07 09:25:34 [http-nio-8080-exec-9] DEBUG org.mybatis.spring.SqlSessionUtils - Closing non transactional SqlSession [org.apache.ibatis.session.defaults.DefaultSqlSession@830e494]
2025-01-07 09:25:34 [http-nio-8080-exec-8] DEBUG org.mybatis.spring.SqlSessionUtils - Creating a new SqlSession
2025-01-07 09:25:34 [http-nio-8080-exec-10] DEBUG org.mybatis.spring.SqlSessionUtils - Creating a new SqlSession
2025-01-07 09:25:34 [http-nio-8080-exec-1] DEBUG org.mybatis.spring.SqlSessionUtils - Creating a new SqlSession
2025-01-07 09:25:34 [http-nio-8080-exec-10] DEBUG org.mybatis.spring.SqlSessionUtils - SqlSession [org.apache.ibatis.session.defaults.DefaultSqlSession@5c88c2f8] was not registered for synchronization because synchronization is not active
2025-01-07 09:25:34 [http-nio-8080-exec-8] DEBUG org.mybatis.spring.SqlSessionUtils - SqlSession [org.apache.ibatis.session.defaults.DefaultSqlSession@7a956eaa] was not registered for synchronization because synchronization is not active
2025-01-07 09:25:34 [http-nio-8080-exec-1] DEBUG org.mybatis.spring.SqlSessionUtils - SqlSession [org.apache.ibatis.session.defaults.DefaultSqlSession@7af720f2] was not registered for synchronization because synchronization is not active
2025-01-07 09:25:34 [http-nio-8080-exec-10] DEBUG o.m.s.t.SpringManagedTransaction - JDBC Connection [HikariProxyConnection@158771847 wrapping com.mysql.cj.jdbc.ConnectionImpl@5126c08e] will not be managed by Spring
2025-01-07 09:25:34 [http-nio-8080-exec-10] DEBUG c.s.d.m.C.selectLnbSubList - ==>  Preparing: SELECT CT_LNB_SUB_IDX AS ctLnbSubIdx, CT_LNB_ID AS ctLnbId, CT_LNB_SUB_ID AS ctLnbSubId, CT_LNB_SUB_NAME AS ctLnbSubName, CT_LNB_SUB_URL AS ctLnbSubUrl FROM CT_LNB_SUB WHERE CT_LNB_ID = ? ORDER BY CT_LNB_SUB_IDX
2025-01-07 09:25:34 [http-nio-8080-exec-10] DEBUG c.s.d.m.C.selectLnbSubList - ==> Parameters: CT_LNB_CONTACT(String)
2025-01-07 09:25:34 [http-nio-8080-exec-1] DEBUG o.m.s.t.SpringManagedTransaction - JDBC Connection [HikariProxyConnection@924623626 wrapping com.mysql.cj.jdbc.ConnectionImpl@18b04cf8] will not be managed by Spring
2025-01-07 09:25:34 [http-nio-8080-exec-8] DEBUG o.m.s.t.SpringManagedTransaction - JDBC Connection [HikariProxyConnection@1066925980 wrapping com.mysql.cj.jdbc.ConnectionImpl@27cc7e61] will not be managed by Spring
2025-01-07 09:25:34 [http-nio-8080-exec-1] DEBUG c.s.d.m.C.selectLnbSubList - ==>  Preparing: SELECT CT_LNB_SUB_IDX AS ctLnbSubIdx, CT_LNB_ID AS ctLnbId, CT_LNB_SUB_ID AS ctLnbSubId, CT_LNB_SUB_NAME AS ctLnbSubName, CT_LNB_SUB_URL AS ctLnbSubUrl FROM CT_LNB_SUB WHERE CT_LNB_ID = ? ORDER BY CT_LNB_SUB_IDX
2025-01-07 09:25:34 [http-nio-8080-exec-8] DEBUG c.s.d.m.C.selectLnbSubList - ==>  Preparing: SELECT CT_LNB_SUB_IDX AS ctLnbSubIdx, CT_LNB_ID AS ctLnbId, CT_LNB_SUB_ID AS ctLnbSubId, CT_LNB_SUB_NAME AS ctLnbSubName, CT_LNB_SUB_URL AS ctLnbSubUrl FROM CT_LNB_SUB WHERE CT_LNB_ID = ? ORDER BY CT_LNB_SUB_IDX
2025-01-07 09:25:34 [http-nio-8080-exec-1] DEBUG c.s.d.m.C.selectLnbSubList - ==> Parameters: CT_LNB_SERVICE(String)
2025-01-07 09:25:34 [http-nio-8080-exec-8] DEBUG c.s.d.m.C.selectLnbSubList - ==> Parameters: CT_LNB_INFORMATION(String)
2025-01-07 09:25:34 [http-nio-8080-exec-10] DEBUG c.s.d.m.C.selectLnbSubList - <==      Total: 2
2025-01-07 09:25:34 [http-nio-8080-exec-1] DEBUG c.s.d.m.C.selectLnbSubList - <==      Total: 4
2025-01-07 09:25:34 [http-nio-8080-exec-8] DEBUG c.s.d.m.C.selectLnbSubList - <==      Total: 2
2025-01-07 09:25:34 [http-nio-8080-exec-10] DEBUG org.mybatis.spring.SqlSessionUtils - Closing non transactional SqlSession [org.apache.ibatis.session.defaults.DefaultSqlSession@5c88c2f8]
2025-01-07 09:25:34 [http-nio-8080-exec-1] DEBUG org.mybatis.spring.SqlSessionUtils - Closing non transactional SqlSession [org.apache.ibatis.session.defaults.DefaultSqlSession@7af720f2]
2025-01-07 09:25:34 [http-nio-8080-exec-8] DEBUG org.mybatis.spring.SqlSessionUtils - Closing non transactional SqlSession [org.apache.ibatis.session.defaults.DefaultSqlSession@7a956eaa]
2025-01-07 09:25:34 [http-nio-8080-exec-4] DEBUG org.mybatis.spring.SqlSessionUtils - Creating a new SqlSession
2025-01-07 09:25:34 [http-nio-8080-exec-4] DEBUG org.mybatis.spring.SqlSessionUtils - SqlSession [org.apache.ibatis.session.defaults.DefaultSqlSession@7055eea5] was not registered for synchronization because synchronization is not active
2025-01-07 09:25:34 [http-nio-8080-exec-4] DEBUG o.m.s.t.SpringManagedTransaction - JDBC Connection [HikariProxyConnection@1242851315 wrapping com.mysql.cj.jdbc.ConnectionImpl@5126c08e] will not be managed by Spring
2025-01-07 09:25:34 [http-nio-8080-exec-4] DEBUG c.s.d.m.C.selectLnbSubList - ==>  Preparing: SELECT CT_LNB_SUB_IDX AS ctLnbSubIdx, CT_LNB_ID AS ctLnbId, CT_LNB_SUB_ID AS ctLnbSubId, CT_LNB_SUB_NAME AS ctLnbSubName, CT_LNB_SUB_URL AS ctLnbSubUrl FROM CT_LNB_SUB WHERE CT_LNB_ID = ? ORDER BY CT_LNB_SUB_IDX
2025-01-07 09:25:34 [http-nio-8080-exec-2] DEBUG org.mybatis.spring.SqlSessionUtils - Creating a new SqlSession
2025-01-07 09:25:34 [http-nio-8080-exec-4] DEBUG c.s.d.m.C.selectLnbSubList - ==> Parameters: CT_LNB_INFORMATION(String)
2025-01-07 09:25:34 [http-nio-8080-exec-7] DEBUG org.mybatis.spring.SqlSessionUtils - Creating a new SqlSession
2025-01-07 09:25:34 [http-nio-8080-exec-2] DEBUG org.mybatis.spring.SqlSessionUtils - SqlSession [org.apache.ibatis.session.defaults.DefaultSqlSession@468451d4] was not registered for synchronization because synchronization is not active
2025-01-07 09:25:34 [http-nio-8080-exec-7] DEBUG org.mybatis.spring.SqlSessionUtils - SqlSession [org.apache.ibatis.session.defaults.DefaultSqlSession@44158829] was not registered for synchronization because synchronization is not active
2025-01-07 09:25:34 [http-nio-8080-exec-2] DEBUG o.m.s.t.SpringManagedTransaction - JDBC Connection [HikariProxyConnection@1817077123 wrapping com.mysql.cj.jdbc.ConnectionImpl@18b04cf8] will not be managed by Spring
2025-01-07 09:25:34 [http-nio-8080-exec-7] DEBUG o.m.s.t.SpringManagedTransaction - JDBC Connection [HikariProxyConnection@2075107673 wrapping com.mysql.cj.jdbc.ConnectionImpl@27cc7e61] will not be managed by Spring
2025-01-07 09:25:34 [http-nio-8080-exec-2] DEBUG c.s.d.m.C.selectLnbSubList - ==>  Preparing: SELECT CT_LNB_SUB_IDX AS ctLnbSubIdx, CT_LNB_ID AS ctLnbId, CT_LNB_SUB_ID AS ctLnbSubId, CT_LNB_SUB_NAME AS ctLnbSubName, CT_LNB_SUB_URL AS ctLnbSubUrl FROM CT_LNB_SUB WHERE CT_LNB_ID = ? ORDER BY CT_LNB_SUB_IDX
2025-01-07 09:25:34 [http-nio-8080-exec-7] DEBUG c.s.d.m.C.selectLnbSubList - ==>  Preparing: SELECT CT_LNB_SUB_IDX AS ctLnbSubIdx, CT_LNB_ID AS ctLnbId, CT_LNB_SUB_ID AS ctLnbSubId, CT_LNB_SUB_NAME AS ctLnbSubName, CT_LNB_SUB_URL AS ctLnbSubUrl FROM CT_LNB_SUB WHERE CT_LNB_ID = ? ORDER BY CT_LNB_SUB_IDX
2025-01-07 09:25:34 [http-nio-8080-exec-2] DEBUG c.s.d.m.C.selectLnbSubList - ==> Parameters: CT_LNB_CONTACT(String)
2025-01-07 09:25:34 [http-nio-8080-exec-7] DEBUG c.s.d.m.C.selectLnbSubList - ==> Parameters: CT_LNB_SERVICE(String)
2025-01-07 09:25:34 [http-nio-8080-exec-4] DEBUG c.s.d.m.C.selectLnbSubList - <==      Total: 2
2025-01-07 09:25:34 [http-nio-8080-exec-4] DEBUG org.mybatis.spring.SqlSessionUtils - Closing non transactional SqlSession [org.apache.ibatis.session.defaults.DefaultSqlSession@7055eea5]
2025-01-07 09:25:34 [http-nio-8080-exec-2] DEBUG c.s.d.m.C.selectLnbSubList - <==      Total: 2
2025-01-07 09:25:34 [http-nio-8080-exec-2] DEBUG org.mybatis.spring.SqlSessionUtils - Closing non transactional SqlSession [org.apache.ibatis.session.defaults.DefaultSqlSession@468451d4]
2025-01-07 09:25:34 [http-nio-8080-exec-7] DEBUG c.s.d.m.C.selectLnbSubList - <==      Total: 4
2025-01-07 09:25:34 [http-nio-8080-exec-7] DEBUG org.mybatis.spring.SqlSessionUtils - Closing non transactional SqlSession [org.apache.ibatis.session.defaults.DefaultSqlSession@44158829]
2025-01-07 09:25:50 [http-nio-8080-exec-5] WARN  o.t.s.p.AbstractStandardFragmentInsertionTagProcessor - [THYMELEAF][http-nio-8080-exec-5][common/layout/layout] Deprecated unwrapped fragment expression "common/fragments/header::header" found in template common/layout/layout, line 29, col 10. Please use the complete syntax of fragment expressions instead ("~{common/fragments/header::header}"). The old, unwrapped syntax for fragment expressions will be removed in future versions of Thymeleaf.
2025-01-07 09:25:50 [http-nio-8080-exec-5] WARN  o.t.s.p.AbstractStandardFragmentInsertionTagProcessor - [THYMELEAF][http-nio-8080-exec-5][common/layout/layout] Deprecated unwrapped fragment expression "common/fragments/footer::footer" found in template common/layout/layout, line 33, col 10. Please use the complete syntax of fragment expressions instead ("~{common/fragments/footer::footer}"). The old, unwrapped syntax for fragment expressions will be removed in future versions of Thymeleaf.
2025-01-07 09:25:50 [http-nio-8080-exec-7] DEBUG org.mybatis.spring.SqlSessionUtils - Creating a new SqlSession
2025-01-07 09:25:50 [http-nio-8080-exec-7] DEBUG org.mybatis.spring.SqlSessionUtils - SqlSession [org.apache.ibatis.session.defaults.DefaultSqlSession@6b8fa38e] was not registered for synchronization because synchronization is not active
2025-01-07 09:25:50 [http-nio-8080-exec-7] DEBUG o.m.s.t.SpringManagedTransaction - JDBC Connection [HikariProxyConnection@841802207 wrapping com.mysql.cj.jdbc.ConnectionImpl@27cc7e61] will not be managed by Spring
2025-01-07 09:25:50 [http-nio-8080-exec-7] DEBUG c.s.d.m.CommonMapper.selectLnbList - ==>  Preparing: SELECT CT_LNB_IDX AS ctLnbIdx, CT_LNB_ID AS ctLnbId, CT_LNB_NAME AS ctLnbName, CT_LNB_SUB_YN AS ctLnbSubYn, CT_LNB_URL AS ctLnbUrl, CT_LNB_USE_YN AS ctLnbUseYn FROM CT_LNB WHERE CT_LNB_USE_YN = 'Y' ORDER BY CT_LNB_IDX
2025-01-07 09:25:50 [http-nio-8080-exec-7] DEBUG c.s.d.m.CommonMapper.selectLnbList - ==> Parameters: 
2025-01-07 09:25:50 [http-nio-8080-exec-7] DEBUG c.s.d.m.CommonMapper.selectLnbList - <==      Total: 5
2025-01-07 09:25:50 [http-nio-8080-exec-7] DEBUG org.mybatis.spring.SqlSessionUtils - Closing non transactional SqlSession [org.apache.ibatis.session.defaults.DefaultSqlSession@6b8fa38e]
2025-01-07 09:25:50 [http-nio-8080-exec-5] DEBUG org.mybatis.spring.SqlSessionUtils - Creating a new SqlSession
2025-01-07 09:25:50 [http-nio-8080-exec-5] DEBUG org.mybatis.spring.SqlSessionUtils - SqlSession [org.apache.ibatis.session.defaults.DefaultSqlSession@499f0027] was not registered for synchronization because synchronization is not active
2025-01-07 09:25:50 [http-nio-8080-exec-5] DEBUG o.m.s.t.SpringManagedTransaction - JDBC Connection [HikariProxyConnection@447825546 wrapping com.mysql.cj.jdbc.ConnectionImpl@5126c08e] will not be managed by Spring
2025-01-07 09:25:50 [http-nio-8080-exec-5] DEBUG c.s.d.m.CommonMapper.selectLnbList - ==>  Preparing: SELECT CT_LNB_IDX AS ctLnbIdx, CT_LNB_ID AS ctLnbId, CT_LNB_NAME AS ctLnbName, CT_LNB_SUB_YN AS ctLnbSubYn, CT_LNB_URL AS ctLnbUrl, CT_LNB_USE_YN AS ctLnbUseYn FROM CT_LNB WHERE CT_LNB_USE_YN = 'Y' ORDER BY CT_LNB_IDX
2025-01-07 09:25:50 [http-nio-8080-exec-5] DEBUG c.s.d.m.CommonMapper.selectLnbList - ==> Parameters: 
2025-01-07 09:25:50 [http-nio-8080-exec-5] DEBUG c.s.d.m.CommonMapper.selectLnbList - <==      Total: 5
2025-01-07 09:25:50 [http-nio-8080-exec-5] DEBUG org.mybatis.spring.SqlSessionUtils - Closing non transactional SqlSession [org.apache.ibatis.session.defaults.DefaultSqlSession@499f0027]
2025-01-07 09:25:50 [http-nio-8080-exec-10] DEBUG org.mybatis.spring.SqlSessionUtils - Creating a new SqlSession
2025-01-07 09:25:50 [http-nio-8080-exec-8] DEBUG org.mybatis.spring.SqlSessionUtils - Creating a new SqlSession
2025-01-07 09:25:50 [http-nio-8080-exec-3] DEBUG org.mybatis.spring.SqlSessionUtils - Creating a new SqlSession
2025-01-07 09:25:50 [http-nio-8080-exec-10] DEBUG org.mybatis.spring.SqlSessionUtils - SqlSession [org.apache.ibatis.session.defaults.DefaultSqlSession@4ca858d5] was not registered for synchronization because synchronization is not active
2025-01-07 09:25:50 [http-nio-8080-exec-8] DEBUG org.mybatis.spring.SqlSessionUtils - SqlSession [org.apache.ibatis.session.defaults.DefaultSqlSession@5fb800d3] was not registered for synchronization because synchronization is not active
2025-01-07 09:25:50 [http-nio-8080-exec-3] DEBUG org.mybatis.spring.SqlSessionUtils - SqlSession [org.apache.ibatis.session.defaults.DefaultSqlSession@5a9cd43b] was not registered for synchronization because synchronization is not active
2025-01-07 09:25:50 [http-nio-8080-exec-8] DEBUG o.m.s.t.SpringManagedTransaction - JDBC Connection [HikariProxyConnection@457392691 wrapping com.mysql.cj.jdbc.ConnectionImpl@27cc7e61] will not be managed by Spring
2025-01-07 09:25:50 [http-nio-8080-exec-3] DEBUG o.m.s.t.SpringManagedTransaction - JDBC Connection [HikariProxyConnection@180103839 wrapping com.mysql.cj.jdbc.ConnectionImpl@5126c08e] will not be managed by Spring
2025-01-07 09:25:50 [http-nio-8080-exec-8] DEBUG c.s.d.m.C.selectLnbSubList - ==>  Preparing: SELECT CT_LNB_SUB_IDX AS ctLnbSubIdx, CT_LNB_ID AS ctLnbId, CT_LNB_SUB_ID AS ctLnbSubId, CT_LNB_SUB_NAME AS ctLnbSubName, CT_LNB_SUB_URL AS ctLnbSubUrl FROM CT_LNB_SUB WHERE CT_LNB_ID = ? ORDER BY CT_LNB_SUB_IDX
2025-01-07 09:25:50 [http-nio-8080-exec-3] DEBUG c.s.d.m.C.selectLnbSubList - ==>  Preparing: SELECT CT_LNB_SUB_IDX AS ctLnbSubIdx, CT_LNB_ID AS ctLnbId, CT_LNB_SUB_ID AS ctLnbSubId, CT_LNB_SUB_NAME AS ctLnbSubName, CT_LNB_SUB_URL AS ctLnbSubUrl FROM CT_LNB_SUB WHERE CT_LNB_ID = ? ORDER BY CT_LNB_SUB_IDX
2025-01-07 09:25:50 [http-nio-8080-exec-3] DEBUG c.s.d.m.C.selectLnbSubList - ==> Parameters: CT_LNB_SERVICE(String)
2025-01-07 09:25:50 [http-nio-8080-exec-8] DEBUG c.s.d.m.C.selectLnbSubList - ==> Parameters: CT_LNB_CONTACT(String)
2025-01-07 09:25:50 [http-nio-8080-exec-10] DEBUG o.m.s.t.SpringManagedTransaction - JDBC Connection [HikariProxyConnection@1891033429 wrapping com.mysql.cj.jdbc.ConnectionImpl@18b04cf8] will not be managed by Spring
2025-01-07 09:25:50 [http-nio-8080-exec-10] DEBUG c.s.d.m.C.selectLnbSubList - ==>  Preparing: SELECT CT_LNB_SUB_IDX AS ctLnbSubIdx, CT_LNB_ID AS ctLnbId, CT_LNB_SUB_ID AS ctLnbSubId, CT_LNB_SUB_NAME AS ctLnbSubName, CT_LNB_SUB_URL AS ctLnbSubUrl FROM CT_LNB_SUB WHERE CT_LNB_ID = ? ORDER BY CT_LNB_SUB_IDX
2025-01-07 09:25:50 [http-nio-8080-exec-10] DEBUG c.s.d.m.C.selectLnbSubList - ==> Parameters: CT_LNB_INFORMATION(String)
2025-01-07 09:25:50 [http-nio-8080-exec-8] DEBUG c.s.d.m.C.selectLnbSubList - <==      Total: 2
2025-01-07 09:25:50 [http-nio-8080-exec-10] DEBUG c.s.d.m.C.selectLnbSubList - <==      Total: 2
2025-01-07 09:25:50 [http-nio-8080-exec-3] DEBUG c.s.d.m.C.selectLnbSubList - <==      Total: 4
2025-01-07 09:25:50 [http-nio-8080-exec-10] DEBUG org.mybatis.spring.SqlSessionUtils - Closing non transactional SqlSession [org.apache.ibatis.session.defaults.DefaultSqlSession@4ca858d5]
2025-01-07 09:25:50 [http-nio-8080-exec-8] DEBUG org.mybatis.spring.SqlSessionUtils - Closing non transactional SqlSession [org.apache.ibatis.session.defaults.DefaultSqlSession@5fb800d3]
2025-01-07 09:25:50 [http-nio-8080-exec-3] DEBUG org.mybatis.spring.SqlSessionUtils - Closing non transactional SqlSession [org.apache.ibatis.session.defaults.DefaultSqlSession@5a9cd43b]
2025-01-07 09:25:50 [http-nio-8080-exec-9] DEBUG org.mybatis.spring.SqlSessionUtils - Creating a new SqlSession
2025-01-07 09:25:50 [http-nio-8080-exec-6] DEBUG org.mybatis.spring.SqlSessionUtils - Creating a new SqlSession
2025-01-07 09:25:50 [http-nio-8080-exec-1] DEBUG org.mybatis.spring.SqlSessionUtils - Creating a new SqlSession
2025-01-07 09:25:50 [http-nio-8080-exec-9] DEBUG org.mybatis.spring.SqlSessionUtils - SqlSession [org.apache.ibatis.session.defaults.DefaultSqlSession@7d2936bb] was not registered for synchronization because synchronization is not active
2025-01-07 09:25:50 [http-nio-8080-exec-6] DEBUG org.mybatis.spring.SqlSessionUtils - SqlSession [org.apache.ibatis.session.defaults.DefaultSqlSession@2db1750c] was not registered for synchronization because synchronization is not active
2025-01-07 09:25:50 [http-nio-8080-exec-1] DEBUG org.mybatis.spring.SqlSessionUtils - SqlSession [org.apache.ibatis.session.defaults.DefaultSqlSession@17871059] was not registered for synchronization because synchronization is not active
2025-01-07 09:25:50 [http-nio-8080-exec-9] DEBUG o.m.s.t.SpringManagedTransaction - JDBC Connection [HikariProxyConnection@648067689 wrapping com.mysql.cj.jdbc.ConnectionImpl@5126c08e] will not be managed by Spring
2025-01-07 09:25:50 [http-nio-8080-exec-1] DEBUG o.m.s.t.SpringManagedTransaction - JDBC Connection [HikariProxyConnection@222972381 wrapping com.mysql.cj.jdbc.ConnectionImpl@18b04cf8] will not be managed by Spring
2025-01-07 09:25:50 [http-nio-8080-exec-6] DEBUG o.m.s.t.SpringManagedTransaction - JDBC Connection [HikariProxyConnection@919270661 wrapping com.mysql.cj.jdbc.ConnectionImpl@27cc7e61] will not be managed by Spring
2025-01-07 09:25:50 [http-nio-8080-exec-9] DEBUG c.s.d.m.C.selectLnbSubList - ==>  Preparing: SELECT CT_LNB_SUB_IDX AS ctLnbSubIdx, CT_LNB_ID AS ctLnbId, CT_LNB_SUB_ID AS ctLnbSubId, CT_LNB_SUB_NAME AS ctLnbSubName, CT_LNB_SUB_URL AS ctLnbSubUrl FROM CT_LNB_SUB WHERE CT_LNB_ID = ? ORDER BY CT_LNB_SUB_IDX
2025-01-07 09:25:50 [http-nio-8080-exec-6] DEBUG c.s.d.m.C.selectLnbSubList - ==>  Preparing: SELECT CT_LNB_SUB_IDX AS ctLnbSubIdx, CT_LNB_ID AS ctLnbId, CT_LNB_SUB_ID AS ctLnbSubId, CT_LNB_SUB_NAME AS ctLnbSubName, CT_LNB_SUB_URL AS ctLnbSubUrl FROM CT_LNB_SUB WHERE CT_LNB_ID = ? ORDER BY CT_LNB_SUB_IDX
2025-01-07 09:25:50 [http-nio-8080-exec-1] DEBUG c.s.d.m.C.selectLnbSubList - ==>  Preparing: SELECT CT_LNB_SUB_IDX AS ctLnbSubIdx, CT_LNB_ID AS ctLnbId, CT_LNB_SUB_ID AS ctLnbSubId, CT_LNB_SUB_NAME AS ctLnbSubName, CT_LNB_SUB_URL AS ctLnbSubUrl FROM CT_LNB_SUB WHERE CT_LNB_ID = ? ORDER BY CT_LNB_SUB_IDX
2025-01-07 09:25:50 [http-nio-8080-exec-6] DEBUG c.s.d.m.C.selectLnbSubList - ==> Parameters: CT_LNB_CONTACT(String)
2025-01-07 09:25:50 [http-nio-8080-exec-1] DEBUG c.s.d.m.C.selectLnbSubList - ==> Parameters: CT_LNB_SERVICE(String)
2025-01-07 09:25:50 [http-nio-8080-exec-9] DEBUG c.s.d.m.C.selectLnbSubList - ==> Parameters: CT_LNB_INFORMATION(String)
2025-01-07 09:25:50 [http-nio-8080-exec-6] DEBUG c.s.d.m.C.selectLnbSubList - <==      Total: 2
2025-01-07 09:25:50 [http-nio-8080-exec-9] DEBUG c.s.d.m.C.selectLnbSubList - <==      Total: 2
2025-01-07 09:25:50 [http-nio-8080-exec-1] DEBUG c.s.d.m.C.selectLnbSubList - <==      Total: 4
2025-01-07 09:25:50 [http-nio-8080-exec-1] DEBUG org.mybatis.spring.SqlSessionUtils - Closing non transactional SqlSession [org.apache.ibatis.session.defaults.DefaultSqlSession@17871059]
2025-01-07 09:25:50 [http-nio-8080-exec-6] DEBUG org.mybatis.spring.SqlSessionUtils - Closing non transactional SqlSession [org.apache.ibatis.session.defaults.DefaultSqlSession@2db1750c]
2025-01-07 09:25:50 [http-nio-8080-exec-9] DEBUG org.mybatis.spring.SqlSessionUtils - Closing non transactional SqlSession [org.apache.ibatis.session.defaults.DefaultSqlSession@7d2936bb]
2025-01-07 09:25:59 [http-nio-8080-exec-4] WARN  o.t.s.p.AbstractStandardFragmentInsertionTagProcessor - [THYMELEAF][http-nio-8080-exec-4][common/layout/layout] Deprecated unwrapped fragment expression "common/fragments/header::header" found in template common/layout/layout, line 29, col 10. Please use the complete syntax of fragment expressions instead ("~{common/fragments/header::header}"). The old, unwrapped syntax for fragment expressions will be removed in future versions of Thymeleaf.
2025-01-07 09:25:59 [http-nio-8080-exec-4] WARN  o.t.s.p.AbstractStandardFragmentInsertionTagProcessor - [THYMELEAF][http-nio-8080-exec-4][common/layout/layout] Deprecated unwrapped fragment expression "common/fragments/footer::footer" found in template common/layout/layout, line 33, col 10. Please use the complete syntax of fragment expressions instead ("~{common/fragments/footer::footer}"). The old, unwrapped syntax for fragment expressions will be removed in future versions of Thymeleaf.
2025-01-07 09:25:59 [http-nio-8080-exec-9] DEBUG org.mybatis.spring.SqlSessionUtils - Creating a new SqlSession
2025-01-07 09:25:59 [http-nio-8080-exec-9] DEBUG org.mybatis.spring.SqlSessionUtils - SqlSession [org.apache.ibatis.session.defaults.DefaultSqlSession@380a9b49] was not registered for synchronization because synchronization is not active
2025-01-07 09:25:59 [http-nio-8080-exec-9] DEBUG o.m.s.t.SpringManagedTransaction - JDBC Connection [HikariProxyConnection@1102199407 wrapping com.mysql.cj.jdbc.ConnectionImpl@5126c08e] will not be managed by Spring
2025-01-07 09:25:59 [http-nio-8080-exec-9] DEBUG c.s.d.m.CommonMapper.selectLnbList - ==>  Preparing: SELECT CT_LNB_IDX AS ctLnbIdx, CT_LNB_ID AS ctLnbId, CT_LNB_NAME AS ctLnbName, CT_LNB_SUB_YN AS ctLnbSubYn, CT_LNB_URL AS ctLnbUrl, CT_LNB_USE_YN AS ctLnbUseYn FROM CT_LNB WHERE CT_LNB_USE_YN = 'Y' ORDER BY CT_LNB_IDX
2025-01-07 09:25:59 [http-nio-8080-exec-9] DEBUG c.s.d.m.CommonMapper.selectLnbList - ==> Parameters: 
2025-01-07 09:25:59 [http-nio-8080-exec-9] DEBUG c.s.d.m.CommonMapper.selectLnbList - <==      Total: 4
2025-01-07 09:25:59 [http-nio-8080-exec-9] DEBUG org.mybatis.spring.SqlSessionUtils - Closing non transactional SqlSession [org.apache.ibatis.session.defaults.DefaultSqlSession@380a9b49]
2025-01-07 09:25:59 [http-nio-8080-exec-4] DEBUG org.mybatis.spring.SqlSessionUtils - Creating a new SqlSession
2025-01-07 09:25:59 [http-nio-8080-exec-4] DEBUG org.mybatis.spring.SqlSessionUtils - SqlSession [org.apache.ibatis.session.defaults.DefaultSqlSession@1d77fbdb] was not registered for synchronization because synchronization is not active
2025-01-07 09:25:59 [http-nio-8080-exec-4] DEBUG o.m.s.t.SpringManagedTransaction - JDBC Connection [HikariProxyConnection@436904874 wrapping com.mysql.cj.jdbc.ConnectionImpl@5126c08e] will not be managed by Spring
2025-01-07 09:25:59 [http-nio-8080-exec-4] DEBUG c.s.d.m.CommonMapper.selectLnbList - ==>  Preparing: SELECT CT_LNB_IDX AS ctLnbIdx, CT_LNB_ID AS ctLnbId, CT_LNB_NAME AS ctLnbName, CT_LNB_SUB_YN AS ctLnbSubYn, CT_LNB_URL AS ctLnbUrl, CT_LNB_USE_YN AS ctLnbUseYn FROM CT_LNB WHERE CT_LNB_USE_YN = 'Y' ORDER BY CT_LNB_IDX
2025-01-07 09:25:59 [http-nio-8080-exec-4] DEBUG c.s.d.m.CommonMapper.selectLnbList - ==> Parameters: 
2025-01-07 09:25:59 [http-nio-8080-exec-4] DEBUG c.s.d.m.CommonMapper.selectLnbList - <==      Total: 4
2025-01-07 09:25:59 [http-nio-8080-exec-4] DEBUG org.mybatis.spring.SqlSessionUtils - Closing non transactional SqlSession [org.apache.ibatis.session.defaults.DefaultSqlSession@1d77fbdb]
2025-01-07 09:25:59 [http-nio-8080-exec-8] DEBUG org.mybatis.spring.SqlSessionUtils - Creating a new SqlSession
2025-01-07 09:25:59 [http-nio-8080-exec-3] DEBUG org.mybatis.spring.SqlSessionUtils - Creating a new SqlSession
2025-01-07 09:25:59 [http-nio-8080-exec-8] DEBUG org.mybatis.spring.SqlSessionUtils - SqlSession [org.apache.ibatis.session.defaults.DefaultSqlSession@5bf63bca] was not registered for synchronization because synchronization is not active
2025-01-07 09:25:59 [http-nio-8080-exec-2] DEBUG org.mybatis.spring.SqlSessionUtils - Creating a new SqlSession
2025-01-07 09:25:59 [http-nio-8080-exec-3] DEBUG org.mybatis.spring.SqlSessionUtils - SqlSession [org.apache.ibatis.session.defaults.DefaultSqlSession@66a66785] was not registered for synchronization because synchronization is not active
2025-01-07 09:25:59 [http-nio-8080-exec-2] DEBUG org.mybatis.spring.SqlSessionUtils - SqlSession [org.apache.ibatis.session.defaults.DefaultSqlSession@73ee0781] was not registered for synchronization because synchronization is not active
2025-01-07 09:25:59 [http-nio-8080-exec-3] DEBUG o.m.s.t.SpringManagedTransaction - JDBC Connection [HikariProxyConnection@228933916 wrapping com.mysql.cj.jdbc.ConnectionImpl@5126c08e] will not be managed by Spring
2025-01-07 09:25:59 [http-nio-8080-exec-3] DEBUG c.s.d.m.C.selectLnbSubList - ==>  Preparing: SELECT CT_LNB_SUB_IDX AS ctLnbSubIdx, CT_LNB_ID AS ctLnbId, CT_LNB_SUB_ID AS ctLnbSubId, CT_LNB_SUB_NAME AS ctLnbSubName, CT_LNB_SUB_URL AS ctLnbSubUrl FROM CT_LNB_SUB WHERE CT_LNB_ID = ? ORDER BY CT_LNB_SUB_IDX
2025-01-07 09:25:59 [http-nio-8080-exec-8] DEBUG o.m.s.t.SpringManagedTransaction - JDBC Connection [HikariProxyConnection@1512417373 wrapping com.mysql.cj.jdbc.ConnectionImpl@27cc7e61] will not be managed by Spring
2025-01-07 09:25:59 [http-nio-8080-exec-2] DEBUG o.m.s.t.SpringManagedTransaction - JDBC Connection [HikariProxyConnection@777791434 wrapping com.mysql.cj.jdbc.ConnectionImpl@18b04cf8] will not be managed by Spring
2025-01-07 09:25:59 [http-nio-8080-exec-8] DEBUG c.s.d.m.C.selectLnbSubList - ==>  Preparing: SELECT CT_LNB_SUB_IDX AS ctLnbSubIdx, CT_LNB_ID AS ctLnbId, CT_LNB_SUB_ID AS ctLnbSubId, CT_LNB_SUB_NAME AS ctLnbSubName, CT_LNB_SUB_URL AS ctLnbSubUrl FROM CT_LNB_SUB WHERE CT_LNB_ID = ? ORDER BY CT_LNB_SUB_IDX
2025-01-07 09:25:59 [http-nio-8080-exec-2] DEBUG c.s.d.m.C.selectLnbSubList - ==>  Preparing: SELECT CT_LNB_SUB_IDX AS ctLnbSubIdx, CT_LNB_ID AS ctLnbId, CT_LNB_SUB_ID AS ctLnbSubId, CT_LNB_SUB_NAME AS ctLnbSubName, CT_LNB_SUB_URL AS ctLnbSubUrl FROM CT_LNB_SUB WHERE CT_LNB_ID = ? ORDER BY CT_LNB_SUB_IDX
2025-01-07 09:25:59 [http-nio-8080-exec-3] DEBUG c.s.d.m.C.selectLnbSubList - ==> Parameters: CT_LNB_CONTACT(String)
2025-01-07 09:25:59 [http-nio-8080-exec-2] DEBUG c.s.d.m.C.selectLnbSubList - ==> Parameters: CT_LNB_SERVICE(String)
2025-01-07 09:25:59 [http-nio-8080-exec-8] DEBUG c.s.d.m.C.selectLnbSubList - ==> Parameters: CT_LNB_INFORMATION(String)
2025-01-07 09:25:59 [http-nio-8080-exec-8] DEBUG c.s.d.m.C.selectLnbSubList - <==      Total: 2
2025-01-07 09:25:59 [http-nio-8080-exec-3] DEBUG c.s.d.m.C.selectLnbSubList - <==      Total: 2
2025-01-07 09:25:59 [http-nio-8080-exec-2] DEBUG c.s.d.m.C.selectLnbSubList - <==      Total: 4
2025-01-07 09:25:59 [http-nio-8080-exec-3] DEBUG org.mybatis.spring.SqlSessionUtils - Closing non transactional SqlSession [org.apache.ibatis.session.defaults.DefaultSqlSession@66a66785]
2025-01-07 09:25:59 [http-nio-8080-exec-8] DEBUG org.mybatis.spring.SqlSessionUtils - Closing non transactional SqlSession [org.apache.ibatis.session.defaults.DefaultSqlSession@5bf63bca]
2025-01-07 09:25:59 [http-nio-8080-exec-2] DEBUG org.mybatis.spring.SqlSessionUtils - Closing non transactional SqlSession [org.apache.ibatis.session.defaults.DefaultSqlSession@73ee0781]
2025-01-07 09:25:59 [http-nio-8080-exec-7] DEBUG org.mybatis.spring.SqlSessionUtils - Creating a new SqlSession
2025-01-07 09:25:59 [http-nio-8080-exec-10] DEBUG org.mybatis.spring.SqlSessionUtils - Creating a new SqlSession
2025-01-07 09:25:59 [http-nio-8080-exec-10] DEBUG org.mybatis.spring.SqlSessionUtils - SqlSession [org.apache.ibatis.session.defaults.DefaultSqlSession@3f877219] was not registered for synchronization because synchronization is not active
2025-01-07 09:25:59 [http-nio-8080-exec-5] DEBUG org.mybatis.spring.SqlSessionUtils - Creating a new SqlSession
2025-01-07 09:25:59 [http-nio-8080-exec-7] DEBUG org.mybatis.spring.SqlSessionUtils - SqlSession [org.apache.ibatis.session.defaults.DefaultSqlSession@413b1dca] was not registered for synchronization because synchronization is not active
2025-01-07 09:25:59 [http-nio-8080-exec-5] DEBUG org.mybatis.spring.SqlSessionUtils - SqlSession [org.apache.ibatis.session.defaults.DefaultSqlSession@61829543] was not registered for synchronization because synchronization is not active
2025-01-07 09:25:59 [http-nio-8080-exec-5] DEBUG o.m.s.t.SpringManagedTransaction - JDBC Connection [HikariProxyConnection@635039149 wrapping com.mysql.cj.jdbc.ConnectionImpl@5126c08e] will not be managed by Spring
2025-01-07 09:25:59 [http-nio-8080-exec-7] DEBUG o.m.s.t.SpringManagedTransaction - JDBC Connection [HikariProxyConnection@1197121793 wrapping com.mysql.cj.jdbc.ConnectionImpl@27cc7e61] will not be managed by Spring
2025-01-07 09:25:59 [http-nio-8080-exec-10] DEBUG o.m.s.t.SpringManagedTransaction - JDBC Connection [HikariProxyConnection@2029814005 wrapping com.mysql.cj.jdbc.ConnectionImpl@18b04cf8] will not be managed by Spring
2025-01-07 09:25:59 [http-nio-8080-exec-5] DEBUG c.s.d.m.C.selectLnbSubList - ==>  Preparing: SELECT CT_LNB_SUB_IDX AS ctLnbSubIdx, CT_LNB_ID AS ctLnbId, CT_LNB_SUB_ID AS ctLnbSubId, CT_LNB_SUB_NAME AS ctLnbSubName, CT_LNB_SUB_URL AS ctLnbSubUrl FROM CT_LNB_SUB WHERE CT_LNB_ID = ? ORDER BY CT_LNB_SUB_IDX
2025-01-07 09:25:59 [http-nio-8080-exec-10] DEBUG c.s.d.m.C.selectLnbSubList - ==>  Preparing: SELECT CT_LNB_SUB_IDX AS ctLnbSubIdx, CT_LNB_ID AS ctLnbId, CT_LNB_SUB_ID AS ctLnbSubId, CT_LNB_SUB_NAME AS ctLnbSubName, CT_LNB_SUB_URL AS ctLnbSubUrl FROM CT_LNB_SUB WHERE CT_LNB_ID = ? ORDER BY CT_LNB_SUB_IDX
2025-01-07 09:25:59 [http-nio-8080-exec-7] DEBUG c.s.d.m.C.selectLnbSubList - ==>  Preparing: SELECT CT_LNB_SUB_IDX AS ctLnbSubIdx, CT_LNB_ID AS ctLnbId, CT_LNB_SUB_ID AS ctLnbSubId, CT_LNB_SUB_NAME AS ctLnbSubName, CT_LNB_SUB_URL AS ctLnbSubUrl FROM CT_LNB_SUB WHERE CT_LNB_ID = ? ORDER BY CT_LNB_SUB_IDX
2025-01-07 09:25:59 [http-nio-8080-exec-10] DEBUG c.s.d.m.C.selectLnbSubList - ==> Parameters: CT_LNB_CONTACT(String)
2025-01-07 09:25:59 [http-nio-8080-exec-5] DEBUG c.s.d.m.C.selectLnbSubList - ==> Parameters: CT_LNB_INFORMATION(String)
2025-01-07 09:25:59 [http-nio-8080-exec-7] DEBUG c.s.d.m.C.selectLnbSubList - ==> Parameters: CT_LNB_SERVICE(String)
2025-01-07 09:25:59 [http-nio-8080-exec-5] DEBUG c.s.d.m.C.selectLnbSubList - <==      Total: 2
2025-01-07 09:25:59 [http-nio-8080-exec-7] DEBUG c.s.d.m.C.selectLnbSubList - <==      Total: 4
2025-01-07 09:25:59 [http-nio-8080-exec-10] DEBUG c.s.d.m.C.selectLnbSubList - <==      Total: 2
2025-01-07 09:25:59 [http-nio-8080-exec-10] DEBUG org.mybatis.spring.SqlSessionUtils - Closing non transactional SqlSession [org.apache.ibatis.session.defaults.DefaultSqlSession@3f877219]
2025-01-07 09:25:59 [http-nio-8080-exec-5] DEBUG org.mybatis.spring.SqlSessionUtils - Closing non transactional SqlSession [org.apache.ibatis.session.defaults.DefaultSqlSession@61829543]
2025-01-07 09:25:59 [http-nio-8080-exec-7] DEBUG org.mybatis.spring.SqlSessionUtils - Closing non transactional SqlSession [org.apache.ibatis.session.defaults.DefaultSqlSession@413b1dca]
2025-01-07 09:26:02 [http-nio-8080-exec-6] ERROR org.thymeleaf.TemplateEngine - [THYMELEAF][http-nio-8080-exec-6] Exception processing template "view/vision": Error resolving template [view/vision], template might not exist or might not be accessible by any of the configured Template Resolvers
org.thymeleaf.exceptions.TemplateInputException: Error resolving template [view/vision], template might not exist or might not be accessible by any of the configured Template Resolvers
	at org.thymeleaf.engine.TemplateManager.resolveTemplate(TemplateManager.java:869)
	at org.thymeleaf.engine.TemplateManager.parseAndProcess(TemplateManager.java:607)
	at org.thymeleaf.TemplateEngine.process(TemplateEngine.java:1103)
	at org.thymeleaf.TemplateEngine.process(TemplateEngine.java:1077)
	at org.thymeleaf.spring6.view.ThymeleafView.renderFragment(ThymeleafView.java:372)
	at org.thymeleaf.spring6.view.ThymeleafView.render(ThymeleafView.java:192)
	at org.springframework.web.servlet.DispatcherServlet.render(DispatcherServlet.java:1435)
	at org.springframework.web.servlet.DispatcherServlet.processDispatchResult(DispatcherServlet.java:1167)
	at org.springframework.web.servlet.DispatcherServlet.doDispatch(DispatcherServlet.java:1105)
	at org.springframework.web.servlet.DispatcherServlet.doService(DispatcherServlet.java:978)
	at org.springframework.web.servlet.FrameworkServlet.processRequest(FrameworkServlet.java:1014)
	at org.springframework.web.servlet.FrameworkServlet.doGet(FrameworkServlet.java:903)
	at jakarta.servlet.http.HttpServlet.service(HttpServlet.java:564)
	at org.springframework.web.servlet.FrameworkServlet.service(FrameworkServlet.java:885)
	at jakarta.servlet.http.HttpServlet.service(HttpServlet.java:658)
	at org.apache.catalina.core.ApplicationFilterChain.internalDoFilter(ApplicationFilterChain.java:195)
	at org.apache.catalina.core.ApplicationFilterChain.doFilter(ApplicationFilterChain.java:140)
	at org.apache.tomcat.websocket.server.WsFilter.doFilter(WsFilter.java:51)
	at org.apache.catalina.core.ApplicationFilterChain.internalDoFilter(ApplicationFilterChain.java:164)
	at org.apache.catalina.core.ApplicationFilterChain.doFilter(ApplicationFilterChain.java:140)
	at org.springframework.web.filter.RequestContextFilter.doFilterInternal(RequestContextFilter.java:100)
	at org.springframework.web.filter.OncePerRequestFilter.doFilter(OncePerRequestFilter.java:116)
	at org.apache.catalina.core.ApplicationFilterChain.internalDoFilter(ApplicationFilterChain.java:164)
	at org.apache.catalina.core.ApplicationFilterChain.doFilter(ApplicationFilterChain.java:140)
	at org.springframework.web.filter.FormContentFilter.doFilterInternal(FormContentFilter.java:93)
	at org.springframework.web.filter.OncePerRequestFilter.doFilter(OncePerRequestFilter.java:116)
	at org.apache.catalina.core.ApplicationFilterChain.internalDoFilter(ApplicationFilterChain.java:164)
	at org.apache.catalina.core.ApplicationFilterChain.doFilter(ApplicationFilterChain.java:140)
	at org.springframework.web.filter.CharacterEncodingFilter.doFilterInternal(CharacterEncodingFilter.java:201)
	at org.springframework.web.filter.OncePerRequestFilter.doFilter(OncePerRequestFilter.java:116)
	at org.apache.catalina.core.ApplicationFilterChain.internalDoFilter(ApplicationFilterChain.java:164)
	at org.apache.catalina.core.ApplicationFilterChain.doFilter(ApplicationFilterChain.java:140)
	at org.apache.catalina.core.StandardWrapperValve.invoke(StandardWrapperValve.java:167)
	at org.apache.catalina.core.StandardContextValve.invoke(StandardContextValve.java:90)
	at org.apache.catalina.authenticator.AuthenticatorBase.invoke(AuthenticatorBase.java:483)
	at org.apache.catalina.core.StandardHostValve.invoke(StandardHostValve.java:115)
	at org.apache.catalina.valves.ErrorReportValve.invoke(ErrorReportValve.java:93)
	at org.apache.catalina.core.StandardEngineValve.invoke(StandardEngineValve.java:74)
	at org.apache.catalina.connector.CoyoteAdapter.service(CoyoteAdapter.java:344)
	at org.apache.coyote.http11.Http11Processor.service(Http11Processor.java:397)
	at org.apache.coyote.AbstractProcessorLight.process(AbstractProcessorLight.java:63)
	at org.apache.coyote.AbstractProtocol$ConnectionHandler.process(AbstractProtocol.java:905)
	at org.apache.tomcat.util.net.NioEndpoint$SocketProcessor.doRun(NioEndpoint.java:1741)
	at org.apache.tomcat.util.net.SocketProcessorBase.run(SocketProcessorBase.java:52)
	at org.apache.tomcat.util.threads.ThreadPoolExecutor.runWorker(ThreadPoolExecutor.java:1190)
	at org.apache.tomcat.util.threads.ThreadPoolExecutor$Worker.run(ThreadPoolExecutor.java:659)
	at org.apache.tomcat.util.threads.TaskThread$WrappingRunnable.run(TaskThread.java:63)
	at java.base/java.lang.Thread.run(Thread.java:842)
2025-01-07 09:26:02 [http-nio-8080-exec-6] ERROR o.a.c.c.C.[.[.[.[dispatcherServlet] - Servlet.service() for servlet [dispatcherServlet] in context with path [] threw exception [Request processing failed: org.thymeleaf.exceptions.TemplateInputException: Error resolving template [view/vision], template might not exist or might not be accessible by any of the configured Template Resolvers] with root cause
org.thymeleaf.exceptions.TemplateInputException: Error resolving template [view/vision], template might not exist or might not be accessible by any of the configured Template Resolvers
	at org.thymeleaf.engine.TemplateManager.resolveTemplate(TemplateManager.java:869)
	at org.thymeleaf.engine.TemplateManager.parseAndProcess(TemplateManager.java:607)
	at org.thymeleaf.TemplateEngine.process(TemplateEngine.java:1103)
	at org.thymeleaf.TemplateEngine.process(TemplateEngine.java:1077)
	at org.thymeleaf.spring6.view.ThymeleafView.renderFragment(ThymeleafView.java:372)
	at org.thymeleaf.spring6.view.ThymeleafView.render(ThymeleafView.java:192)
	at org.springframework.web.servlet.DispatcherServlet.render(DispatcherServlet.java:1435)
	at org.springframework.web.servlet.DispatcherServlet.processDispatchResult(DispatcherServlet.java:1167)
	at org.springframework.web.servlet.DispatcherServlet.doDispatch(DispatcherServlet.java:1105)
	at org.springframework.web.servlet.DispatcherServlet.doService(DispatcherServlet.java:978)
	at org.springframework.web.servlet.FrameworkServlet.processRequest(FrameworkServlet.java:1014)
	at org.springframework.web.servlet.FrameworkServlet.doGet(FrameworkServlet.java:903)
	at jakarta.servlet.http.HttpServlet.service(HttpServlet.java:564)
	at org.springframework.web.servlet.FrameworkServlet.service(FrameworkServlet.java:885)
	at jakarta.servlet.http.HttpServlet.service(HttpServlet.java:658)
	at org.apache.catalina.core.ApplicationFilterChain.internalDoFilter(ApplicationFilterChain.java:195)
	at org.apache.catalina.core.ApplicationFilterChain.doFilter(ApplicationFilterChain.java:140)
	at org.apache.tomcat.websocket.server.WsFilter.doFilter(WsFilter.java:51)
	at org.apache.catalina.core.ApplicationFilterChain.internalDoFilter(ApplicationFilterChain.java:164)
	at org.apache.catalina.core.ApplicationFilterChain.doFilter(ApplicationFilterChain.java:140)
	at org.springframework.web.filter.RequestContextFilter.doFilterInternal(RequestContextFilter.java:100)
	at org.springframework.web.filter.OncePerRequestFilter.doFilter(OncePerRequestFilter.java:116)
	at org.apache.catalina.core.ApplicationFilterChain.internalDoFilter(ApplicationFilterChain.java:164)
	at org.apache.catalina.core.ApplicationFilterChain.doFilter(ApplicationFilterChain.java:140)
	at org.springframework.web.filter.FormContentFilter.doFilterInternal(FormContentFilter.java:93)
	at org.springframework.web.filter.OncePerRequestFilter.doFilter(OncePerRequestFilter.java:116)
	at org.apache.catalina.core.ApplicationFilterChain.internalDoFilter(ApplicationFilterChain.java:164)
	at org.apache.catalina.core.ApplicationFilterChain.doFilter(ApplicationFilterChain.java:140)
	at org.springframework.web.filter.CharacterEncodingFilter.doFilterInternal(CharacterEncodingFilter.java:201)
	at org.springframework.web.filter.OncePerRequestFilter.doFilter(OncePerRequestFilter.java:116)
	at org.apache.catalina.core.ApplicationFilterChain.internalDoFilter(ApplicationFilterChain.java:164)
	at org.apache.catalina.core.ApplicationFilterChain.doFilter(ApplicationFilterChain.java:140)
	at org.apache.catalina.core.StandardWrapperValve.invoke(StandardWrapperValve.java:167)
	at org.apache.catalina.core.StandardContextValve.invoke(StandardContextValve.java:90)
	at org.apache.catalina.authenticator.AuthenticatorBase.invoke(AuthenticatorBase.java:483)
	at org.apache.catalina.core.StandardHostValve.invoke(StandardHostValve.java:115)
	at org.apache.catalina.valves.ErrorReportValve.invoke(ErrorReportValve.java:93)
	at org.apache.catalina.core.StandardEngineValve.invoke(StandardEngineValve.java:74)
	at org.apache.catalina.connector.CoyoteAdapter.service(CoyoteAdapter.java:344)
	at org.apache.coyote.http11.Http11Processor.service(Http11Processor.java:397)
	at org.apache.coyote.AbstractProcessorLight.process(AbstractProcessorLight.java:63)
	at org.apache.coyote.AbstractProtocol$ConnectionHandler.process(AbstractProtocol.java:905)
	at org.apache.tomcat.util.net.NioEndpoint$SocketProcessor.doRun(NioEndpoint.java:1741)
	at org.apache.tomcat.util.net.SocketProcessorBase.run(SocketProcessorBase.java:52)
	at org.apache.tomcat.util.threads.ThreadPoolExecutor.runWorker(ThreadPoolExecutor.java:1190)
	at org.apache.tomcat.util.threads.ThreadPoolExecutor$Worker.run(ThreadPoolExecutor.java:659)
	at org.apache.tomcat.util.threads.TaskThread$WrappingRunnable.run(TaskThread.java:63)
	at java.base/java.lang.Thread.run(Thread.java:842)
2025-01-07 09:26:04 [http-nio-8080-exec-1] WARN  o.t.s.p.AbstractStandardFragmentInsertionTagProcessor - [THYMELEAF][http-nio-8080-exec-1][common/layout/layout] Deprecated unwrapped fragment expression "common/fragments/header::header" found in template common/layout/layout, line 29, col 10. Please use the complete syntax of fragment expressions instead ("~{common/fragments/header::header}"). The old, unwrapped syntax for fragment expressions will be removed in future versions of Thymeleaf.
2025-01-07 09:26:04 [http-nio-8080-exec-1] WARN  o.t.s.p.AbstractStandardFragmentInsertionTagProcessor - [THYMELEAF][http-nio-8080-exec-1][common/layout/layout] Deprecated unwrapped fragment expression "common/fragments/footer::footer" found in template common/layout/layout, line 33, col 10. Please use the complete syntax of fragment expressions instead ("~{common/fragments/footer::footer}"). The old, unwrapped syntax for fragment expressions will be removed in future versions of Thymeleaf.
2025-01-07 09:26:04 [http-nio-8080-exec-6] DEBUG org.mybatis.spring.SqlSessionUtils - Creating a new SqlSession
2025-01-07 09:26:04 [http-nio-8080-exec-6] DEBUG org.mybatis.spring.SqlSessionUtils - SqlSession [org.apache.ibatis.session.defaults.DefaultSqlSession@11c7b043] was not registered for synchronization because synchronization is not active
2025-01-07 09:26:04 [http-nio-8080-exec-6] DEBUG o.m.s.t.SpringManagedTransaction - JDBC Connection [HikariProxyConnection@181353267 wrapping com.mysql.cj.jdbc.ConnectionImpl@27cc7e61] will not be managed by Spring
2025-01-07 09:26:04 [http-nio-8080-exec-6] DEBUG c.s.d.m.CommonMapper.selectLnbList - ==>  Preparing: SELECT CT_LNB_IDX AS ctLnbIdx, CT_LNB_ID AS ctLnbId, CT_LNB_NAME AS ctLnbName, CT_LNB_SUB_YN AS ctLnbSubYn, CT_LNB_URL AS ctLnbUrl, CT_LNB_USE_YN AS ctLnbUseYn FROM CT_LNB WHERE CT_LNB_USE_YN = 'Y' ORDER BY CT_LNB_IDX
2025-01-07 09:26:04 [http-nio-8080-exec-6] DEBUG c.s.d.m.CommonMapper.selectLnbList - ==> Parameters: 
2025-01-07 09:26:04 [http-nio-8080-exec-6] DEBUG c.s.d.m.CommonMapper.selectLnbList - <==      Total: 4
2025-01-07 09:26:04 [http-nio-8080-exec-6] DEBUG org.mybatis.spring.SqlSessionUtils - Closing non transactional SqlSession [org.apache.ibatis.session.defaults.DefaultSqlSession@11c7b043]
2025-01-07 09:26:04 [http-nio-8080-exec-1] DEBUG org.mybatis.spring.SqlSessionUtils - Creating a new SqlSession
2025-01-07 09:26:04 [http-nio-8080-exec-1] DEBUG org.mybatis.spring.SqlSessionUtils - SqlSession [org.apache.ibatis.session.defaults.DefaultSqlSession@70464cab] was not registered for synchronization because synchronization is not active
2025-01-07 09:26:04 [http-nio-8080-exec-1] DEBUG o.m.s.t.SpringManagedTransaction - JDBC Connection [HikariProxyConnection@949302529 wrapping com.mysql.cj.jdbc.ConnectionImpl@18b04cf8] will not be managed by Spring
2025-01-07 09:26:04 [http-nio-8080-exec-1] DEBUG c.s.d.m.CommonMapper.selectLnbList - ==>  Preparing: SELECT CT_LNB_IDX AS ctLnbIdx, CT_LNB_ID AS ctLnbId, CT_LNB_NAME AS ctLnbName, CT_LNB_SUB_YN AS ctLnbSubYn, CT_LNB_URL AS ctLnbUrl, CT_LNB_USE_YN AS ctLnbUseYn FROM CT_LNB WHERE CT_LNB_USE_YN = 'Y' ORDER BY CT_LNB_IDX
2025-01-07 09:26:04 [http-nio-8080-exec-1] DEBUG c.s.d.m.CommonMapper.selectLnbList - ==> Parameters: 
2025-01-07 09:26:04 [http-nio-8080-exec-1] DEBUG c.s.d.m.CommonMapper.selectLnbList - <==      Total: 4
2025-01-07 09:26:04 [http-nio-8080-exec-1] DEBUG org.mybatis.spring.SqlSessionUtils - Closing non transactional SqlSession [org.apache.ibatis.session.defaults.DefaultSqlSession@70464cab]
2025-01-07 09:26:04 [http-nio-8080-exec-4] DEBUG org.mybatis.spring.SqlSessionUtils - Creating a new SqlSession
2025-01-07 09:26:04 [http-nio-8080-exec-3] DEBUG org.mybatis.spring.SqlSessionUtils - Creating a new SqlSession
2025-01-07 09:26:04 [http-nio-8080-exec-9] DEBUG org.mybatis.spring.SqlSessionUtils - Creating a new SqlSession
2025-01-07 09:26:04 [http-nio-8080-exec-4] DEBUG org.mybatis.spring.SqlSessionUtils - SqlSession [org.apache.ibatis.session.defaults.DefaultSqlSession@7555c4f9] was not registered for synchronization because synchronization is not active
2025-01-07 09:26:04 [http-nio-8080-exec-9] DEBUG org.mybatis.spring.SqlSessionUtils - SqlSession [org.apache.ibatis.session.defaults.DefaultSqlSession@5aec92ac] was not registered for synchronization because synchronization is not active
2025-01-07 09:26:04 [http-nio-8080-exec-3] DEBUG org.mybatis.spring.SqlSessionUtils - SqlSession [org.apache.ibatis.session.defaults.DefaultSqlSession@7ac49cf4] was not registered for synchronization because synchronization is not active
2025-01-07 09:26:04 [http-nio-8080-exec-9] DEBUG o.m.s.t.SpringManagedTransaction - JDBC Connection [HikariProxyConnection@173910748 wrapping com.mysql.cj.jdbc.ConnectionImpl@18b04cf8] will not be managed by Spring
2025-01-07 09:26:04 [http-nio-8080-exec-9] DEBUG c.s.d.m.C.selectLnbSubList - ==>  Preparing: SELECT CT_LNB_SUB_IDX AS ctLnbSubIdx, CT_LNB_ID AS ctLnbId, CT_LNB_SUB_ID AS ctLnbSubId, CT_LNB_SUB_NAME AS ctLnbSubName, CT_LNB_SUB_URL AS ctLnbSubUrl FROM CT_LNB_SUB WHERE CT_LNB_ID = ? ORDER BY CT_LNB_SUB_IDX
2025-01-07 09:26:04 [http-nio-8080-exec-3] DEBUG o.m.s.t.SpringManagedTransaction - JDBC Connection [HikariProxyConnection@221827832 wrapping com.mysql.cj.jdbc.ConnectionImpl@27cc7e61] will not be managed by Spring
2025-01-07 09:26:04 [http-nio-8080-exec-3] DEBUG c.s.d.m.C.selectLnbSubList - ==>  Preparing: SELECT CT_LNB_SUB_IDX AS ctLnbSubIdx, CT_LNB_ID AS ctLnbId, CT_LNB_SUB_ID AS ctLnbSubId, CT_LNB_SUB_NAME AS ctLnbSubName, CT_LNB_SUB_URL AS ctLnbSubUrl FROM CT_LNB_SUB WHERE CT_LNB_ID = ? ORDER BY CT_LNB_SUB_IDX
2025-01-07 09:26:04 [http-nio-8080-exec-9] DEBUG c.s.d.m.C.selectLnbSubList - ==> Parameters: CT_LNB_INFORMATION(String)
2025-01-07 09:26:04 [http-nio-8080-exec-4] DEBUG o.m.s.t.SpringManagedTransaction - JDBC Connection [HikariProxyConnection@973942282 wrapping com.mysql.cj.jdbc.ConnectionImpl@5126c08e] will not be managed by Spring
2025-01-07 09:26:04 [http-nio-8080-exec-4] DEBUG c.s.d.m.C.selectLnbSubList - ==>  Preparing: SELECT CT_LNB_SUB_IDX AS ctLnbSubIdx, CT_LNB_ID AS ctLnbId, CT_LNB_SUB_ID AS ctLnbSubId, CT_LNB_SUB_NAME AS ctLnbSubName, CT_LNB_SUB_URL AS ctLnbSubUrl FROM CT_LNB_SUB WHERE CT_LNB_ID = ? ORDER BY CT_LNB_SUB_IDX
2025-01-07 09:26:04 [http-nio-8080-exec-3] DEBUG c.s.d.m.C.selectLnbSubList - ==> Parameters: CT_LNB_SERVICE(String)
2025-01-07 09:26:04 [http-nio-8080-exec-4] DEBUG c.s.d.m.C.selectLnbSubList - ==> Parameters: CT_LNB_CONTACT(String)
2025-01-07 09:26:04 [http-nio-8080-exec-4] DEBUG c.s.d.m.C.selectLnbSubList - <==      Total: 2
2025-01-07 09:26:04 [http-nio-8080-exec-3] DEBUG c.s.d.m.C.selectLnbSubList - <==      Total: 4
2025-01-07 09:26:04 [http-nio-8080-exec-9] DEBUG c.s.d.m.C.selectLnbSubList - <==      Total: 2
2025-01-07 09:26:04 [http-nio-8080-exec-3] DEBUG org.mybatis.spring.SqlSessionUtils - Closing non transactional SqlSession [org.apache.ibatis.session.defaults.DefaultSqlSession@7ac49cf4]
2025-01-07 09:26:04 [http-nio-8080-exec-4] DEBUG org.mybatis.spring.SqlSessionUtils - Closing non transactional SqlSession [org.apache.ibatis.session.defaults.DefaultSqlSession@7555c4f9]
2025-01-07 09:26:04 [http-nio-8080-exec-9] DEBUG org.mybatis.spring.SqlSessionUtils - Closing non transactional SqlSession [org.apache.ibatis.session.defaults.DefaultSqlSession@5aec92ac]
2025-01-07 09:26:04 [http-nio-8080-exec-5] DEBUG org.mybatis.spring.SqlSessionUtils - Creating a new SqlSession
2025-01-07 09:26:04 [http-nio-8080-exec-8] DEBUG org.mybatis.spring.SqlSessionUtils - Creating a new SqlSession
2025-01-07 09:26:04 [http-nio-8080-exec-2] DEBUG org.mybatis.spring.SqlSessionUtils - Creating a new SqlSession
2025-01-07 09:26:04 [http-nio-8080-exec-5] DEBUG org.mybatis.spring.SqlSessionUtils - SqlSession [org.apache.ibatis.session.defaults.DefaultSqlSession@6c76d7f3] was not registered for synchronization because synchronization is not active
2025-01-07 09:26:04 [http-nio-8080-exec-8] DEBUG org.mybatis.spring.SqlSessionUtils - SqlSession [org.apache.ibatis.session.defaults.DefaultSqlSession@249598ab] was not registered for synchronization because synchronization is not active
2025-01-07 09:26:04 [http-nio-8080-exec-2] DEBUG org.mybatis.spring.SqlSessionUtils - SqlSession [org.apache.ibatis.session.defaults.DefaultSqlSession@2aa022ed] was not registered for synchronization because synchronization is not active
2025-01-07 09:26:04 [http-nio-8080-exec-5] DEBUG o.m.s.t.SpringManagedTransaction - JDBC Connection [HikariProxyConnection@111733589 wrapping com.mysql.cj.jdbc.ConnectionImpl@5126c08e] will not be managed by Spring
2025-01-07 09:26:04 [http-nio-8080-exec-2] DEBUG o.m.s.t.SpringManagedTransaction - JDBC Connection [HikariProxyConnection@1695363588 wrapping com.mysql.cj.jdbc.ConnectionImpl@18b04cf8] will not be managed by Spring
2025-01-07 09:26:04 [http-nio-8080-exec-8] DEBUG o.m.s.t.SpringManagedTransaction - JDBC Connection [HikariProxyConnection@1401269028 wrapping com.mysql.cj.jdbc.ConnectionImpl@27cc7e61] will not be managed by Spring
2025-01-07 09:26:04 [http-nio-8080-exec-2] DEBUG c.s.d.m.C.selectLnbSubList - ==>  Preparing: SELECT CT_LNB_SUB_IDX AS ctLnbSubIdx, CT_LNB_ID AS ctLnbId, CT_LNB_SUB_ID AS ctLnbSubId, CT_LNB_SUB_NAME AS ctLnbSubName, CT_LNB_SUB_URL AS ctLnbSubUrl FROM CT_LNB_SUB WHERE CT_LNB_ID = ? ORDER BY CT_LNB_SUB_IDX
2025-01-07 09:26:04 [http-nio-8080-exec-5] DEBUG c.s.d.m.C.selectLnbSubList - ==>  Preparing: SELECT CT_LNB_SUB_IDX AS ctLnbSubIdx, CT_LNB_ID AS ctLnbId, CT_LNB_SUB_ID AS ctLnbSubId, CT_LNB_SUB_NAME AS ctLnbSubName, CT_LNB_SUB_URL AS ctLnbSubUrl FROM CT_LNB_SUB WHERE CT_LNB_ID = ? ORDER BY CT_LNB_SUB_IDX
2025-01-07 09:26:04 [http-nio-8080-exec-8] DEBUG c.s.d.m.C.selectLnbSubList - ==>  Preparing: SELECT CT_LNB_SUB_IDX AS ctLnbSubIdx, CT_LNB_ID AS ctLnbId, CT_LNB_SUB_ID AS ctLnbSubId, CT_LNB_SUB_NAME AS ctLnbSubName, CT_LNB_SUB_URL AS ctLnbSubUrl FROM CT_LNB_SUB WHERE CT_LNB_ID = ? ORDER BY CT_LNB_SUB_IDX
2025-01-07 09:26:04 [http-nio-8080-exec-2] DEBUG c.s.d.m.C.selectLnbSubList - ==> Parameters: CT_LNB_SERVICE(String)
2025-01-07 09:26:04 [http-nio-8080-exec-5] DEBUG c.s.d.m.C.selectLnbSubList - ==> Parameters: CT_LNB_INFORMATION(String)
2025-01-07 09:26:04 [http-nio-8080-exec-8] DEBUG c.s.d.m.C.selectLnbSubList - ==> Parameters: CT_LNB_CONTACT(String)
2025-01-07 09:26:04 [http-nio-8080-exec-8] DEBUG c.s.d.m.C.selectLnbSubList - <==      Total: 2
2025-01-07 09:26:04 [http-nio-8080-exec-5] DEBUG c.s.d.m.C.selectLnbSubList - <==      Total: 2
2025-01-07 09:26:04 [http-nio-8080-exec-2] DEBUG c.s.d.m.C.selectLnbSubList - <==      Total: 4
2025-01-07 09:26:04 [http-nio-8080-exec-8] DEBUG org.mybatis.spring.SqlSessionUtils - Closing non transactional SqlSession [org.apache.ibatis.session.defaults.DefaultSqlSession@249598ab]
2025-01-07 09:26:04 [http-nio-8080-exec-2] DEBUG org.mybatis.spring.SqlSessionUtils - Closing non transactional SqlSession [org.apache.ibatis.session.defaults.DefaultSqlSession@2aa022ed]
2025-01-07 09:26:04 [http-nio-8080-exec-5] DEBUG org.mybatis.spring.SqlSessionUtils - Closing non transactional SqlSession [org.apache.ibatis.session.defaults.DefaultSqlSession@6c76d7f3]
2025-01-07 09:26:05 [http-nio-8080-exec-7] WARN  o.t.s.p.AbstractStandardFragmentInsertionTagProcessor - [THYMELEAF][http-nio-8080-exec-7][common/layout/layout] Deprecated unwrapped fragment expression "common/fragments/header::header" found in template common/layout/layout, line 29, col 10. Please use the complete syntax of fragment expressions instead ("~{common/fragments/header::header}"). The old, unwrapped syntax for fragment expressions will be removed in future versions of Thymeleaf.
2025-01-07 09:26:05 [http-nio-8080-exec-7] WARN  o.t.s.p.AbstractStandardFragmentInsertionTagProcessor - [THYMELEAF][http-nio-8080-exec-7][common/layout/layout] Deprecated unwrapped fragment expression "common/fragments/footer::footer" found in template common/layout/layout, line 33, col 10. Please use the complete syntax of fragment expressions instead ("~{common/fragments/footer::footer}"). The old, unwrapped syntax for fragment expressions will be removed in future versions of Thymeleaf.
2025-01-07 09:26:05 [http-nio-8080-exec-8] DEBUG org.mybatis.spring.SqlSessionUtils - Creating a new SqlSession
2025-01-07 09:26:05 [http-nio-8080-exec-8] DEBUG org.mybatis.spring.SqlSessionUtils - SqlSession [org.apache.ibatis.session.defaults.DefaultSqlSession@3243cac2] was not registered for synchronization because synchronization is not active
2025-01-07 09:26:05 [http-nio-8080-exec-8] DEBUG o.m.s.t.SpringManagedTransaction - JDBC Connection [HikariProxyConnection@974871777 wrapping com.mysql.cj.jdbc.ConnectionImpl@27cc7e61] will not be managed by Spring
2025-01-07 09:26:05 [http-nio-8080-exec-8] DEBUG c.s.d.m.CommonMapper.selectLnbList - ==>  Preparing: SELECT CT_LNB_IDX AS ctLnbIdx, CT_LNB_ID AS ctLnbId, CT_LNB_NAME AS ctLnbName, CT_LNB_SUB_YN AS ctLnbSubYn, CT_LNB_URL AS ctLnbUrl, CT_LNB_USE_YN AS ctLnbUseYn FROM CT_LNB WHERE CT_LNB_USE_YN = 'Y' ORDER BY CT_LNB_IDX
2025-01-07 09:26:05 [http-nio-8080-exec-8] DEBUG c.s.d.m.CommonMapper.selectLnbList - ==> Parameters: 
2025-01-07 09:26:05 [http-nio-8080-exec-8] DEBUG c.s.d.m.CommonMapper.selectLnbList - <==      Total: 4
2025-01-07 09:26:05 [http-nio-8080-exec-8] DEBUG org.mybatis.spring.SqlSessionUtils - Closing non transactional SqlSession [org.apache.ibatis.session.defaults.DefaultSqlSession@3243cac2]
2025-01-07 09:26:05 [http-nio-8080-exec-7] DEBUG org.mybatis.spring.SqlSessionUtils - Creating a new SqlSession
2025-01-07 09:26:05 [http-nio-8080-exec-7] DEBUG org.mybatis.spring.SqlSessionUtils - SqlSession [org.apache.ibatis.session.defaults.DefaultSqlSession@2c251a4d] was not registered for synchronization because synchronization is not active
2025-01-07 09:26:05 [http-nio-8080-exec-7] DEBUG o.m.s.t.SpringManagedTransaction - JDBC Connection [HikariProxyConnection@2146427097 wrapping com.mysql.cj.jdbc.ConnectionImpl@27cc7e61] will not be managed by Spring
2025-01-07 09:26:05 [http-nio-8080-exec-7] DEBUG c.s.d.m.CommonMapper.selectLnbList - ==>  Preparing: SELECT CT_LNB_IDX AS ctLnbIdx, CT_LNB_ID AS ctLnbId, CT_LNB_NAME AS ctLnbName, CT_LNB_SUB_YN AS ctLnbSubYn, CT_LNB_URL AS ctLnbUrl, CT_LNB_USE_YN AS ctLnbUseYn FROM CT_LNB WHERE CT_LNB_USE_YN = 'Y' ORDER BY CT_LNB_IDX
2025-01-07 09:26:05 [http-nio-8080-exec-7] DEBUG c.s.d.m.CommonMapper.selectLnbList - ==> Parameters: 
2025-01-07 09:26:05 [http-nio-8080-exec-7] DEBUG c.s.d.m.CommonMapper.selectLnbList - <==      Total: 4
2025-01-07 09:26:05 [http-nio-8080-exec-7] DEBUG org.mybatis.spring.SqlSessionUtils - Closing non transactional SqlSession [org.apache.ibatis.session.defaults.DefaultSqlSession@2c251a4d]
2025-01-07 09:26:05 [http-nio-8080-exec-3] DEBUG org.mybatis.spring.SqlSessionUtils - Creating a new SqlSession
2025-01-07 09:26:05 [http-nio-8080-exec-10] DEBUG org.mybatis.spring.SqlSessionUtils - Creating a new SqlSession
2025-01-07 09:26:05 [http-nio-8080-exec-6] DEBUG org.mybatis.spring.SqlSessionUtils - Creating a new SqlSession
2025-01-07 09:26:05 [http-nio-8080-exec-6] DEBUG org.mybatis.spring.SqlSessionUtils - SqlSession [org.apache.ibatis.session.defaults.DefaultSqlSession@306e3d0d] was not registered for synchronization because synchronization is not active
2025-01-07 09:26:05 [http-nio-8080-exec-3] DEBUG org.mybatis.spring.SqlSessionUtils - SqlSession [org.apache.ibatis.session.defaults.DefaultSqlSession@fc23fa5] was not registered for synchronization because synchronization is not active
2025-01-07 09:26:05 [http-nio-8080-exec-10] DEBUG org.mybatis.spring.SqlSessionUtils - SqlSession [org.apache.ibatis.session.defaults.DefaultSqlSession@e6e16ba] was not registered for synchronization because synchronization is not active
2025-01-07 09:26:05 [http-nio-8080-exec-3] DEBUG o.m.s.t.SpringManagedTransaction - JDBC Connection [HikariProxyConnection@1151763383 wrapping com.mysql.cj.jdbc.ConnectionImpl@27cc7e61] will not be managed by Spring
2025-01-07 09:26:05 [http-nio-8080-exec-3] DEBUG c.s.d.m.C.selectLnbSubList - ==>  Preparing: SELECT CT_LNB_SUB_IDX AS ctLnbSubIdx, CT_LNB_ID AS ctLnbId, CT_LNB_SUB_ID AS ctLnbSubId, CT_LNB_SUB_NAME AS ctLnbSubName, CT_LNB_SUB_URL AS ctLnbSubUrl FROM CT_LNB_SUB WHERE CT_LNB_ID = ? ORDER BY CT_LNB_SUB_IDX
2025-01-07 09:26:05 [http-nio-8080-exec-10] DEBUG o.m.s.t.SpringManagedTransaction - JDBC Connection [HikariProxyConnection@268007353 wrapping com.mysql.cj.jdbc.ConnectionImpl@18b04cf8] will not be managed by Spring
2025-01-07 09:26:05 [http-nio-8080-exec-6] DEBUG o.m.s.t.SpringManagedTransaction - JDBC Connection [HikariProxyConnection@1133223568 wrapping com.mysql.cj.jdbc.ConnectionImpl@5126c08e] will not be managed by Spring
2025-01-07 09:26:05 [http-nio-8080-exec-10] DEBUG c.s.d.m.C.selectLnbSubList - ==>  Preparing: SELECT CT_LNB_SUB_IDX AS ctLnbSubIdx, CT_LNB_ID AS ctLnbId, CT_LNB_SUB_ID AS ctLnbSubId, CT_LNB_SUB_NAME AS ctLnbSubName, CT_LNB_SUB_URL AS ctLnbSubUrl FROM CT_LNB_SUB WHERE CT_LNB_ID = ? ORDER BY CT_LNB_SUB_IDX
2025-01-07 09:26:05 [http-nio-8080-exec-6] DEBUG c.s.d.m.C.selectLnbSubList - ==>  Preparing: SELECT CT_LNB_SUB_IDX AS ctLnbSubIdx, CT_LNB_ID AS ctLnbId, CT_LNB_SUB_ID AS ctLnbSubId, CT_LNB_SUB_NAME AS ctLnbSubName, CT_LNB_SUB_URL AS ctLnbSubUrl FROM CT_LNB_SUB WHERE CT_LNB_ID = ? ORDER BY CT_LNB_SUB_IDX
2025-01-07 09:26:05 [http-nio-8080-exec-3] DEBUG c.s.d.m.C.selectLnbSubList - ==> Parameters: CT_LNB_INFORMATION(String)
2025-01-07 09:26:05 [http-nio-8080-exec-6] DEBUG c.s.d.m.C.selectLnbSubList - ==> Parameters: CT_LNB_SERVICE(String)
2025-01-07 09:26:05 [http-nio-8080-exec-10] DEBUG c.s.d.m.C.selectLnbSubList - ==> Parameters: CT_LNB_CONTACT(String)
2025-01-07 09:26:05 [http-nio-8080-exec-10] DEBUG c.s.d.m.C.selectLnbSubList - <==      Total: 2
2025-01-07 09:26:05 [http-nio-8080-exec-6] DEBUG c.s.d.m.C.selectLnbSubList - <==      Total: 4
2025-01-07 09:26:05 [http-nio-8080-exec-3] DEBUG c.s.d.m.C.selectLnbSubList - <==      Total: 2
2025-01-07 09:26:05 [http-nio-8080-exec-6] DEBUG org.mybatis.spring.SqlSessionUtils - Closing non transactional SqlSession [org.apache.ibatis.session.defaults.DefaultSqlSession@306e3d0d]
2025-01-07 09:26:05 [http-nio-8080-exec-10] DEBUG org.mybatis.spring.SqlSessionUtils - Closing non transactional SqlSession [org.apache.ibatis.session.defaults.DefaultSqlSession@e6e16ba]
2025-01-07 09:26:05 [http-nio-8080-exec-3] DEBUG org.mybatis.spring.SqlSessionUtils - Closing non transactional SqlSession [org.apache.ibatis.session.defaults.DefaultSqlSession@fc23fa5]
2025-01-07 09:26:05 [http-nio-8080-exec-4] DEBUG org.mybatis.spring.SqlSessionUtils - Creating a new SqlSession
2025-01-07 09:26:05 [http-nio-8080-exec-1] DEBUG org.mybatis.spring.SqlSessionUtils - Creating a new SqlSession
2025-01-07 09:26:05 [http-nio-8080-exec-9] DEBUG org.mybatis.spring.SqlSessionUtils - Creating a new SqlSession
2025-01-07 09:26:05 [http-nio-8080-exec-9] DEBUG org.mybatis.spring.SqlSessionUtils - SqlSession [org.apache.ibatis.session.defaults.DefaultSqlSession@1da5b15a] was not registered for synchronization because synchronization is not active
2025-01-07 09:26:05 [http-nio-8080-exec-1] DEBUG org.mybatis.spring.SqlSessionUtils - SqlSession [org.apache.ibatis.session.defaults.DefaultSqlSession@1a921d82] was not registered for synchronization because synchronization is not active
2025-01-07 09:26:05 [http-nio-8080-exec-4] DEBUG org.mybatis.spring.SqlSessionUtils - SqlSession [org.apache.ibatis.session.defaults.DefaultSqlSession@423797b8] was not registered for synchronization because synchronization is not active
2025-01-07 09:26:05 [http-nio-8080-exec-9] DEBUG o.m.s.t.SpringManagedTransaction - JDBC Connection [HikariProxyConnection@2051662712 wrapping com.mysql.cj.jdbc.ConnectionImpl@27cc7e61] will not be managed by Spring
2025-01-07 09:26:05 [http-nio-8080-exec-1] DEBUG o.m.s.t.SpringManagedTransaction - JDBC Connection [HikariProxyConnection@197009132 wrapping com.mysql.cj.jdbc.ConnectionImpl@18b04cf8] will not be managed by Spring
2025-01-07 09:26:05 [http-nio-8080-exec-4] DEBUG o.m.s.t.SpringManagedTransaction - JDBC Connection [HikariProxyConnection@286891146 wrapping com.mysql.cj.jdbc.ConnectionImpl@5126c08e] will not be managed by Spring
2025-01-07 09:26:05 [http-nio-8080-exec-9] DEBUG c.s.d.m.C.selectLnbSubList - ==>  Preparing: SELECT CT_LNB_SUB_IDX AS ctLnbSubIdx, CT_LNB_ID AS ctLnbId, CT_LNB_SUB_ID AS ctLnbSubId, CT_LNB_SUB_NAME AS ctLnbSubName, CT_LNB_SUB_URL AS ctLnbSubUrl FROM CT_LNB_SUB WHERE CT_LNB_ID = ? ORDER BY CT_LNB_SUB_IDX
2025-01-07 09:26:05 [http-nio-8080-exec-1] DEBUG c.s.d.m.C.selectLnbSubList - ==>  Preparing: SELECT CT_LNB_SUB_IDX AS ctLnbSubIdx, CT_LNB_ID AS ctLnbId, CT_LNB_SUB_ID AS ctLnbSubId, CT_LNB_SUB_NAME AS ctLnbSubName, CT_LNB_SUB_URL AS ctLnbSubUrl FROM CT_LNB_SUB WHERE CT_LNB_ID = ? ORDER BY CT_LNB_SUB_IDX
2025-01-07 09:26:05 [http-nio-8080-exec-4] DEBUG c.s.d.m.C.selectLnbSubList - ==>  Preparing: SELECT CT_LNB_SUB_IDX AS ctLnbSubIdx, CT_LNB_ID AS ctLnbId, CT_LNB_SUB_ID AS ctLnbSubId, CT_LNB_SUB_NAME AS ctLnbSubName, CT_LNB_SUB_URL AS ctLnbSubUrl FROM CT_LNB_SUB WHERE CT_LNB_ID = ? ORDER BY CT_LNB_SUB_IDX
2025-01-07 09:26:05 [http-nio-8080-exec-9] DEBUG c.s.d.m.C.selectLnbSubList - ==> Parameters: CT_LNB_SERVICE(String)
2025-01-07 09:26:05 [http-nio-8080-exec-1] DEBUG c.s.d.m.C.selectLnbSubList - ==> Parameters: CT_LNB_INFORMATION(String)
2025-01-07 09:26:05 [http-nio-8080-exec-4] DEBUG c.s.d.m.C.selectLnbSubList - ==> Parameters: CT_LNB_CONTACT(String)
2025-01-07 09:26:05 [http-nio-8080-exec-1] DEBUG c.s.d.m.C.selectLnbSubList - <==      Total: 2
2025-01-07 09:26:05 [http-nio-8080-exec-4] DEBUG c.s.d.m.C.selectLnbSubList - <==      Total: 2
2025-01-07 09:26:05 [http-nio-8080-exec-9] DEBUG c.s.d.m.C.selectLnbSubList - <==      Total: 4
2025-01-07 09:26:05 [http-nio-8080-exec-4] DEBUG org.mybatis.spring.SqlSessionUtils - Closing non transactional SqlSession [org.apache.ibatis.session.defaults.DefaultSqlSession@423797b8]
2025-01-07 09:26:05 [http-nio-8080-exec-1] DEBUG org.mybatis.spring.SqlSessionUtils - Closing non transactional SqlSession [org.apache.ibatis.session.defaults.DefaultSqlSession@1a921d82]
2025-01-07 09:26:05 [http-nio-8080-exec-9] DEBUG org.mybatis.spring.SqlSessionUtils - Closing non transactional SqlSession [org.apache.ibatis.session.defaults.DefaultSqlSession@1da5b15a]
2025-01-07 09:26:15 [http-nio-8080-exec-2] WARN  o.t.s.p.AbstractStandardFragmentInsertionTagProcessor - [THYMELEAF][http-nio-8080-exec-2][common/layout/layout] Deprecated unwrapped fragment expression "common/fragments/header::header" found in template common/layout/layout, line 29, col 10. Please use the complete syntax of fragment expressions instead ("~{common/fragments/header::header}"). The old, unwrapped syntax for fragment expressions will be removed in future versions of Thymeleaf.
2025-01-07 09:26:15 [http-nio-8080-exec-2] WARN  o.t.s.p.AbstractStandardFragmentInsertionTagProcessor - [THYMELEAF][http-nio-8080-exec-2][common/layout/layout] Deprecated unwrapped fragment expression "common/fragments/footer::footer" found in template common/layout/layout, line 33, col 10. Please use the complete syntax of fragment expressions instead ("~{common/fragments/footer::footer}"). The old, unwrapped syntax for fragment expressions will be removed in future versions of Thymeleaf.
2025-01-07 09:26:15 [http-nio-8080-exec-4] DEBUG org.mybatis.spring.SqlSessionUtils - Creating a new SqlSession
2025-01-07 09:26:15 [http-nio-8080-exec-4] DEBUG org.mybatis.spring.SqlSessionUtils - SqlSession [org.apache.ibatis.session.defaults.DefaultSqlSession@5354dcbb] was not registered for synchronization because synchronization is not active
2025-01-07 09:26:15 [http-nio-8080-exec-4] DEBUG o.m.s.t.SpringManagedTransaction - JDBC Connection [HikariProxyConnection@757078846 wrapping com.mysql.cj.jdbc.ConnectionImpl@5126c08e] will not be managed by Spring
2025-01-07 09:26:15 [http-nio-8080-exec-4] DEBUG c.s.d.m.CommonMapper.selectLnbList - ==>  Preparing: SELECT CT_LNB_IDX AS ctLnbIdx, CT_LNB_ID AS ctLnbId, CT_LNB_NAME AS ctLnbName, CT_LNB_SUB_YN AS ctLnbSubYn, CT_LNB_URL AS ctLnbUrl, CT_LNB_USE_YN AS ctLnbUseYn FROM CT_LNB WHERE CT_LNB_USE_YN = 'Y' ORDER BY CT_LNB_IDX
2025-01-07 09:26:15 [http-nio-8080-exec-4] DEBUG c.s.d.m.CommonMapper.selectLnbList - ==> Parameters: 
2025-01-07 09:26:15 [http-nio-8080-exec-4] DEBUG c.s.d.m.CommonMapper.selectLnbList - <==      Total: 4
2025-01-07 09:26:15 [http-nio-8080-exec-4] DEBUG org.mybatis.spring.SqlSessionUtils - Closing non transactional SqlSession [org.apache.ibatis.session.defaults.DefaultSqlSession@5354dcbb]
2025-01-07 09:26:15 [http-nio-8080-exec-2] DEBUG org.mybatis.spring.SqlSessionUtils - Creating a new SqlSession
2025-01-07 09:26:15 [http-nio-8080-exec-2] DEBUG org.mybatis.spring.SqlSessionUtils - SqlSession [org.apache.ibatis.session.defaults.DefaultSqlSession@462fd653] was not registered for synchronization because synchronization is not active
2025-01-07 09:26:15 [http-nio-8080-exec-2] DEBUG o.m.s.t.SpringManagedTransaction - JDBC Connection [HikariProxyConnection@1980706399 wrapping com.mysql.cj.jdbc.ConnectionImpl@18b04cf8] will not be managed by Spring
2025-01-07 09:26:15 [http-nio-8080-exec-2] DEBUG c.s.d.m.CommonMapper.selectLnbList - ==>  Preparing: SELECT CT_LNB_IDX AS ctLnbIdx, CT_LNB_ID AS ctLnbId, CT_LNB_NAME AS ctLnbName, CT_LNB_SUB_YN AS ctLnbSubYn, CT_LNB_URL AS ctLnbUrl, CT_LNB_USE_YN AS ctLnbUseYn FROM CT_LNB WHERE CT_LNB_USE_YN = 'Y' ORDER BY CT_LNB_IDX
2025-01-07 09:26:15 [http-nio-8080-exec-2] DEBUG c.s.d.m.CommonMapper.selectLnbList - ==> Parameters: 
2025-01-07 09:26:15 [http-nio-8080-exec-2] DEBUG c.s.d.m.CommonMapper.selectLnbList - <==      Total: 4
2025-01-07 09:26:15 [http-nio-8080-exec-2] DEBUG org.mybatis.spring.SqlSessionUtils - Closing non transactional SqlSession [org.apache.ibatis.session.defaults.DefaultSqlSession@462fd653]
2025-01-07 09:26:15 [http-nio-8080-exec-5] DEBUG org.mybatis.spring.SqlSessionUtils - Creating a new SqlSession
2025-01-07 09:26:15 [http-nio-8080-exec-8] DEBUG org.mybatis.spring.SqlSessionUtils - Creating a new SqlSession
2025-01-07 09:26:15 [http-nio-8080-exec-7] DEBUG org.mybatis.spring.SqlSessionUtils - Creating a new SqlSession
2025-01-07 09:26:15 [http-nio-8080-exec-5] DEBUG org.mybatis.spring.SqlSessionUtils - SqlSession [org.apache.ibatis.session.defaults.DefaultSqlSession@4ff8da4d] was not registered for synchronization because synchronization is not active
2025-01-07 09:26:15 [http-nio-8080-exec-7] DEBUG org.mybatis.spring.SqlSessionUtils - SqlSession [org.apache.ibatis.session.defaults.DefaultSqlSession@37ba9dbd] was not registered for synchronization because synchronization is not active
2025-01-07 09:26:15 [http-nio-8080-exec-8] DEBUG org.mybatis.spring.SqlSessionUtils - SqlSession [org.apache.ibatis.session.defaults.DefaultSqlSession@382a122f] was not registered for synchronization because synchronization is not active
2025-01-07 09:26:15 [http-nio-8080-exec-5] DEBUG o.m.s.t.SpringManagedTransaction - JDBC Connection [HikariProxyConnection@380564039 wrapping com.mysql.cj.jdbc.ConnectionImpl@5126c08e] will not be managed by Spring
2025-01-07 09:26:15 [http-nio-8080-exec-7] DEBUG o.m.s.t.SpringManagedTransaction - JDBC Connection [HikariProxyConnection@928209595 wrapping com.mysql.cj.jdbc.ConnectionImpl@18b04cf8] will not be managed by Spring
2025-01-07 09:26:15 [http-nio-8080-exec-7] DEBUG c.s.d.m.C.selectLnbSubList - ==>  Preparing: SELECT CT_LNB_SUB_IDX AS ctLnbSubIdx, CT_LNB_ID AS ctLnbId, CT_LNB_SUB_ID AS ctLnbSubId, CT_LNB_SUB_NAME AS ctLnbSubName, CT_LNB_SUB_URL AS ctLnbSubUrl FROM CT_LNB_SUB WHERE CT_LNB_ID = ? ORDER BY CT_LNB_SUB_IDX
2025-01-07 09:26:15 [http-nio-8080-exec-5] DEBUG c.s.d.m.C.selectLnbSubList - ==>  Preparing: SELECT CT_LNB_SUB_IDX AS ctLnbSubIdx, CT_LNB_ID AS ctLnbId, CT_LNB_SUB_ID AS ctLnbSubId, CT_LNB_SUB_NAME AS ctLnbSubName, CT_LNB_SUB_URL AS ctLnbSubUrl FROM CT_LNB_SUB WHERE CT_LNB_ID = ? ORDER BY CT_LNB_SUB_IDX
2025-01-07 09:26:15 [http-nio-8080-exec-5] DEBUG c.s.d.m.C.selectLnbSubList - ==> Parameters: CT_LNB_SERVICE(String)
2025-01-07 09:26:15 [http-nio-8080-exec-7] DEBUG c.s.d.m.C.selectLnbSubList - ==> Parameters: CT_LNB_CONTACT(String)
2025-01-07 09:26:15 [http-nio-8080-exec-8] DEBUG o.m.s.t.SpringManagedTransaction - JDBC Connection [HikariProxyConnection@1479982495 wrapping com.mysql.cj.jdbc.ConnectionImpl@27cc7e61] will not be managed by Spring
2025-01-07 09:26:15 [http-nio-8080-exec-8] DEBUG c.s.d.m.C.selectLnbSubList - ==>  Preparing: SELECT CT_LNB_SUB_IDX AS ctLnbSubIdx, CT_LNB_ID AS ctLnbId, CT_LNB_SUB_ID AS ctLnbSubId, CT_LNB_SUB_NAME AS ctLnbSubName, CT_LNB_SUB_URL AS ctLnbSubUrl FROM CT_LNB_SUB WHERE CT_LNB_ID = ? ORDER BY CT_LNB_SUB_IDX
2025-01-07 09:26:15 [http-nio-8080-exec-8] DEBUG c.s.d.m.C.selectLnbSubList - ==> Parameters: CT_LNB_INFORMATION(String)
2025-01-07 09:26:15 [http-nio-8080-exec-8] DEBUG c.s.d.m.C.selectLnbSubList - <==      Total: 2
2025-01-07 09:26:15 [http-nio-8080-exec-7] DEBUG c.s.d.m.C.selectLnbSubList - <==      Total: 2
2025-01-07 09:26:15 [http-nio-8080-exec-5] DEBUG c.s.d.m.C.selectLnbSubList - <==      Total: 4
2025-01-07 09:26:15 [http-nio-8080-exec-8] DEBUG org.mybatis.spring.SqlSessionUtils - Closing non transactional SqlSession [org.apache.ibatis.session.defaults.DefaultSqlSession@382a122f]
2025-01-07 09:26:15 [http-nio-8080-exec-5] DEBUG org.mybatis.spring.SqlSessionUtils - Closing non transactional SqlSession [org.apache.ibatis.session.defaults.DefaultSqlSession@4ff8da4d]
2025-01-07 09:26:15 [http-nio-8080-exec-7] DEBUG org.mybatis.spring.SqlSessionUtils - Closing non transactional SqlSession [org.apache.ibatis.session.defaults.DefaultSqlSession@37ba9dbd]
2025-01-07 09:26:15 [http-nio-8080-exec-10] DEBUG org.mybatis.spring.SqlSessionUtils - Creating a new SqlSession
2025-01-07 09:26:15 [http-nio-8080-exec-3] DEBUG org.mybatis.spring.SqlSessionUtils - Creating a new SqlSession
2025-01-07 09:26:15 [http-nio-8080-exec-6] DEBUG org.mybatis.spring.SqlSessionUtils - Creating a new SqlSession
2025-01-07 09:26:15 [http-nio-8080-exec-10] DEBUG org.mybatis.spring.SqlSessionUtils - SqlSession [org.apache.ibatis.session.defaults.DefaultSqlSession@68ada7e8] was not registered for synchronization because synchronization is not active
2025-01-07 09:26:15 [http-nio-8080-exec-3] DEBUG org.mybatis.spring.SqlSessionUtils - SqlSession [org.apache.ibatis.session.defaults.DefaultSqlSession@6cca3165] was not registered for synchronization because synchronization is not active
2025-01-07 09:26:15 [http-nio-8080-exec-6] DEBUG org.mybatis.spring.SqlSessionUtils - SqlSession [org.apache.ibatis.session.defaults.DefaultSqlSession@65cd5366] was not registered for synchronization because synchronization is not active
2025-01-07 09:26:15 [http-nio-8080-exec-10] DEBUG o.m.s.t.SpringManagedTransaction - JDBC Connection [HikariProxyConnection@741167611 wrapping com.mysql.cj.jdbc.ConnectionImpl@18b04cf8] will not be managed by Spring
2025-01-07 09:26:15 [http-nio-8080-exec-3] DEBUG o.m.s.t.SpringManagedTransaction - JDBC Connection [HikariProxyConnection@478260336 wrapping com.mysql.cj.jdbc.ConnectionImpl@27cc7e61] will not be managed by Spring
2025-01-07 09:26:15 [http-nio-8080-exec-6] DEBUG o.m.s.t.SpringManagedTransaction - JDBC Connection [HikariProxyConnection@2058174033 wrapping com.mysql.cj.jdbc.ConnectionImpl@5126c08e] will not be managed by Spring
2025-01-07 09:26:15 [http-nio-8080-exec-10] DEBUG c.s.d.m.C.selectLnbSubList - ==>  Preparing: SELECT CT_LNB_SUB_IDX AS ctLnbSubIdx, CT_LNB_ID AS ctLnbId, CT_LNB_SUB_ID AS ctLnbSubId, CT_LNB_SUB_NAME AS ctLnbSubName, CT_LNB_SUB_URL AS ctLnbSubUrl FROM CT_LNB_SUB WHERE CT_LNB_ID = ? ORDER BY CT_LNB_SUB_IDX
2025-01-07 09:26:15 [http-nio-8080-exec-3] DEBUG c.s.d.m.C.selectLnbSubList - ==>  Preparing: SELECT CT_LNB_SUB_IDX AS ctLnbSubIdx, CT_LNB_ID AS ctLnbId, CT_LNB_SUB_ID AS ctLnbSubId, CT_LNB_SUB_NAME AS ctLnbSubName, CT_LNB_SUB_URL AS ctLnbSubUrl FROM CT_LNB_SUB WHERE CT_LNB_ID = ? ORDER BY CT_LNB_SUB_IDX
2025-01-07 09:26:15 [http-nio-8080-exec-6] DEBUG c.s.d.m.C.selectLnbSubList - ==>  Preparing: SELECT CT_LNB_SUB_IDX AS ctLnbSubIdx, CT_LNB_ID AS ctLnbId, CT_LNB_SUB_ID AS ctLnbSubId, CT_LNB_SUB_NAME AS ctLnbSubName, CT_LNB_SUB_URL AS ctLnbSubUrl FROM CT_LNB_SUB WHERE CT_LNB_ID = ? ORDER BY CT_LNB_SUB_IDX
2025-01-07 09:26:15 [http-nio-8080-exec-3] DEBUG c.s.d.m.C.selectLnbSubList - ==> Parameters: CT_LNB_INFORMATION(String)
2025-01-07 09:26:15 [http-nio-8080-exec-6] DEBUG c.s.d.m.C.selectLnbSubList - ==> Parameters: CT_LNB_CONTACT(String)
2025-01-07 09:26:15 [http-nio-8080-exec-10] DEBUG c.s.d.m.C.selectLnbSubList - ==> Parameters: CT_LNB_SERVICE(String)
2025-01-07 09:26:15 [http-nio-8080-exec-3] DEBUG c.s.d.m.C.selectLnbSubList - <==      Total: 2
2025-01-07 09:26:15 [http-nio-8080-exec-10] DEBUG c.s.d.m.C.selectLnbSubList - <==      Total: 4
2025-01-07 09:26:15 [http-nio-8080-exec-6] DEBUG c.s.d.m.C.selectLnbSubList - <==      Total: 2
2025-01-07 09:26:15 [http-nio-8080-exec-10] DEBUG org.mybatis.spring.SqlSessionUtils - Closing non transactional SqlSession [org.apache.ibatis.session.defaults.DefaultSqlSession@68ada7e8]
2025-01-07 09:26:15 [http-nio-8080-exec-6] DEBUG org.mybatis.spring.SqlSessionUtils - Closing non transactional SqlSession [org.apache.ibatis.session.defaults.DefaultSqlSession@65cd5366]
2025-01-07 09:26:15 [http-nio-8080-exec-3] DEBUG org.mybatis.spring.SqlSessionUtils - Closing non transactional SqlSession [org.apache.ibatis.session.defaults.DefaultSqlSession@6cca3165]
2025-01-07 09:26:25 [http-nio-8080-exec-9] WARN  o.t.s.p.AbstractStandardFragmentInsertionTagProcessor - [THYMELEAF][http-nio-8080-exec-9][common/layout/layout] Deprecated unwrapped fragment expression "common/fragments/header::header" found in template common/layout/layout, line 29, col 10. Please use the complete syntax of fragment expressions instead ("~{common/fragments/header::header}"). The old, unwrapped syntax for fragment expressions will be removed in future versions of Thymeleaf.
2025-01-07 09:26:25 [http-nio-8080-exec-9] WARN  o.t.s.p.AbstractStandardFragmentInsertionTagProcessor - [THYMELEAF][http-nio-8080-exec-9][common/layout/layout] Deprecated unwrapped fragment expression "common/fragments/footer::footer" found in template common/layout/layout, line 33, col 10. Please use the complete syntax of fragment expressions instead ("~{common/fragments/footer::footer}"). The old, unwrapped syntax for fragment expressions will be removed in future versions of Thymeleaf.
2025-01-07 09:26:25 [http-nio-8080-exec-6] DEBUG org.mybatis.spring.SqlSessionUtils - Creating a new SqlSession
2025-01-07 09:26:25 [http-nio-8080-exec-6] DEBUG org.mybatis.spring.SqlSessionUtils - SqlSession [org.apache.ibatis.session.defaults.DefaultSqlSession@2b3c0dcc] was not registered for synchronization because synchronization is not active
2025-01-07 09:26:25 [http-nio-8080-exec-6] DEBUG o.m.s.t.SpringManagedTransaction - JDBC Connection [HikariProxyConnection@610610606 wrapping com.mysql.cj.jdbc.ConnectionImpl@5126c08e] will not be managed by Spring
2025-01-07 09:26:25 [http-nio-8080-exec-6] DEBUG c.s.d.m.CommonMapper.selectLnbList - ==>  Preparing: SELECT CT_LNB_IDX AS ctLnbIdx, CT_LNB_ID AS ctLnbId, CT_LNB_NAME AS ctLnbName, CT_LNB_SUB_YN AS ctLnbSubYn, CT_LNB_URL AS ctLnbUrl, CT_LNB_USE_YN AS ctLnbUseYn FROM CT_LNB WHERE CT_LNB_USE_YN = 'Y' ORDER BY CT_LNB_IDX
2025-01-07 09:26:25 [http-nio-8080-exec-6] DEBUG c.s.d.m.CommonMapper.selectLnbList - ==> Parameters: 
2025-01-07 09:26:25 [http-nio-8080-exec-6] DEBUG c.s.d.m.CommonMapper.selectLnbList - <==      Total: 4
2025-01-07 09:26:25 [http-nio-8080-exec-6] DEBUG org.mybatis.spring.SqlSessionUtils - Closing non transactional SqlSession [org.apache.ibatis.session.defaults.DefaultSqlSession@2b3c0dcc]
2025-01-07 09:26:25 [http-nio-8080-exec-9] DEBUG org.mybatis.spring.SqlSessionUtils - Creating a new SqlSession
2025-01-07 09:26:25 [http-nio-8080-exec-9] DEBUG org.mybatis.spring.SqlSessionUtils - SqlSession [org.apache.ibatis.session.defaults.DefaultSqlSession@eddaf14] was not registered for synchronization because synchronization is not active
2025-01-07 09:26:25 [http-nio-8080-exec-9] DEBUG o.m.s.t.SpringManagedTransaction - JDBC Connection [HikariProxyConnection@899807508 wrapping com.mysql.cj.jdbc.ConnectionImpl@27cc7e61] will not be managed by Spring
2025-01-07 09:26:25 [http-nio-8080-exec-9] DEBUG c.s.d.m.CommonMapper.selectLnbList - ==>  Preparing: SELECT CT_LNB_IDX AS ctLnbIdx, CT_LNB_ID AS ctLnbId, CT_LNB_NAME AS ctLnbName, CT_LNB_SUB_YN AS ctLnbSubYn, CT_LNB_URL AS ctLnbUrl, CT_LNB_USE_YN AS ctLnbUseYn FROM CT_LNB WHERE CT_LNB_USE_YN = 'Y' ORDER BY CT_LNB_IDX
2025-01-07 09:26:25 [http-nio-8080-exec-9] DEBUG c.s.d.m.CommonMapper.selectLnbList - ==> Parameters: 
2025-01-07 09:26:25 [http-nio-8080-exec-9] DEBUG c.s.d.m.CommonMapper.selectLnbList - <==      Total: 4
2025-01-07 09:26:25 [http-nio-8080-exec-9] DEBUG org.mybatis.spring.SqlSessionUtils - Closing non transactional SqlSession [org.apache.ibatis.session.defaults.DefaultSqlSession@eddaf14]
2025-01-07 09:26:25 [http-nio-8080-exec-1] DEBUG org.mybatis.spring.SqlSessionUtils - Creating a new SqlSession
2025-01-07 09:26:25 [http-nio-8080-exec-2] DEBUG org.mybatis.spring.SqlSessionUtils - Creating a new SqlSession
2025-01-07 09:26:25 [http-nio-8080-exec-8] DEBUG org.mybatis.spring.SqlSessionUtils - Creating a new SqlSession
2025-01-07 09:26:25 [http-nio-8080-exec-1] DEBUG org.mybatis.spring.SqlSessionUtils - SqlSession [org.apache.ibatis.session.defaults.DefaultSqlSession@c2bf49d] was not registered for synchronization because synchronization is not active
2025-01-07 09:26:25 [http-nio-8080-exec-2] DEBUG org.mybatis.spring.SqlSessionUtils - SqlSession [org.apache.ibatis.session.defaults.DefaultSqlSession@3feb14c5] was not registered for synchronization because synchronization is not active
2025-01-07 09:26:25 [http-nio-8080-exec-8] DEBUG org.mybatis.spring.SqlSessionUtils - SqlSession [org.apache.ibatis.session.defaults.DefaultSqlSession@36d4c23b] was not registered for synchronization because synchronization is not active
2025-01-07 09:26:25 [http-nio-8080-exec-1] DEBUG o.m.s.t.SpringManagedTransaction - JDBC Connection [HikariProxyConnection@131631299 wrapping com.mysql.cj.jdbc.ConnectionImpl@5126c08e] will not be managed by Spring
2025-01-07 09:26:25 [http-nio-8080-exec-8] DEBUG o.m.s.t.SpringManagedTransaction - JDBC Connection [HikariProxyConnection@1533238075 wrapping com.mysql.cj.jdbc.ConnectionImpl@27cc7e61] will not be managed by Spring
2025-01-07 09:26:25 [http-nio-8080-exec-1] DEBUG c.s.d.m.C.selectLnbSubList - ==>  Preparing: SELECT CT_LNB_SUB_IDX AS ctLnbSubIdx, CT_LNB_ID AS ctLnbId, CT_LNB_SUB_ID AS ctLnbSubId, CT_LNB_SUB_NAME AS ctLnbSubName, CT_LNB_SUB_URL AS ctLnbSubUrl FROM CT_LNB_SUB WHERE CT_LNB_ID = ? ORDER BY CT_LNB_SUB_IDX
2025-01-07 09:26:25 [http-nio-8080-exec-8] DEBUG c.s.d.m.C.selectLnbSubList - ==>  Preparing: SELECT CT_LNB_SUB_IDX AS ctLnbSubIdx, CT_LNB_ID AS ctLnbId, CT_LNB_SUB_ID AS ctLnbSubId, CT_LNB_SUB_NAME AS ctLnbSubName, CT_LNB_SUB_URL AS ctLnbSubUrl FROM CT_LNB_SUB WHERE CT_LNB_ID = ? ORDER BY CT_LNB_SUB_IDX
2025-01-07 09:26:25 [http-nio-8080-exec-1] DEBUG c.s.d.m.C.selectLnbSubList - ==> Parameters: CT_LNB_INFORMATION(String)
2025-01-07 09:26:25 [http-nio-8080-exec-8] DEBUG c.s.d.m.C.selectLnbSubList - ==> Parameters: CT_LNB_SERVICE(String)
2025-01-07 09:26:25 [http-nio-8080-exec-2] DEBUG o.m.s.t.SpringManagedTransaction - JDBC Connection [HikariProxyConnection@584244760 wrapping com.mysql.cj.jdbc.ConnectionImpl@18b04cf8] will not be managed by Spring
2025-01-07 09:26:25 [http-nio-8080-exec-2] DEBUG c.s.d.m.C.selectLnbSubList - ==>  Preparing: SELECT CT_LNB_SUB_IDX AS ctLnbSubIdx, CT_LNB_ID AS ctLnbId, CT_LNB_SUB_ID AS ctLnbSubId, CT_LNB_SUB_NAME AS ctLnbSubName, CT_LNB_SUB_URL AS ctLnbSubUrl FROM CT_LNB_SUB WHERE CT_LNB_ID = ? ORDER BY CT_LNB_SUB_IDX
2025-01-07 09:26:25 [http-nio-8080-exec-2] DEBUG c.s.d.m.C.selectLnbSubList - ==> Parameters: CT_LNB_CONTACT(String)
2025-01-07 09:26:25 [http-nio-8080-exec-2] DEBUG c.s.d.m.C.selectLnbSubList - <==      Total: 2
2025-01-07 09:26:25 [http-nio-8080-exec-1] DEBUG c.s.d.m.C.selectLnbSubList - <==      Total: 2
2025-01-07 09:26:25 [http-nio-8080-exec-8] DEBUG c.s.d.m.C.selectLnbSubList - <==      Total: 4
2025-01-07 09:26:25 [http-nio-8080-exec-2] DEBUG org.mybatis.spring.SqlSessionUtils - Closing non transactional SqlSession [org.apache.ibatis.session.defaults.DefaultSqlSession@3feb14c5]
2025-01-07 09:26:25 [http-nio-8080-exec-1] DEBUG org.mybatis.spring.SqlSessionUtils - Closing non transactional SqlSession [org.apache.ibatis.session.defaults.DefaultSqlSession@c2bf49d]
2025-01-07 09:26:25 [http-nio-8080-exec-8] DEBUG org.mybatis.spring.SqlSessionUtils - Closing non transactional SqlSession [org.apache.ibatis.session.defaults.DefaultSqlSession@36d4c23b]
2025-01-07 09:26:25 [http-nio-8080-exec-4] DEBUG org.mybatis.spring.SqlSessionUtils - Creating a new SqlSession
2025-01-07 09:26:25 [http-nio-8080-exec-7] DEBUG org.mybatis.spring.SqlSessionUtils - Creating a new SqlSession
2025-01-07 09:26:25 [http-nio-8080-exec-5] DEBUG org.mybatis.spring.SqlSessionUtils - Creating a new SqlSession
2025-01-07 09:26:25 [http-nio-8080-exec-4] DEBUG org.mybatis.spring.SqlSessionUtils - SqlSession [org.apache.ibatis.session.defaults.DefaultSqlSession@4d10aa4] was not registered for synchronization because synchronization is not active
2025-01-07 09:26:25 [http-nio-8080-exec-7] DEBUG org.mybatis.spring.SqlSessionUtils - SqlSession [org.apache.ibatis.session.defaults.DefaultSqlSession@1c6fb788] was not registered for synchronization because synchronization is not active
2025-01-07 09:26:25 [http-nio-8080-exec-5] DEBUG org.mybatis.spring.SqlSessionUtils - SqlSession [org.apache.ibatis.session.defaults.DefaultSqlSession@59b9b4d7] was not registered for synchronization because synchronization is not active
2025-01-07 09:26:25 [http-nio-8080-exec-4] DEBUG o.m.s.t.SpringManagedTransaction - JDBC Connection [HikariProxyConnection@688195819 wrapping com.mysql.cj.jdbc.ConnectionImpl@5126c08e] will not be managed by Spring
2025-01-07 09:26:25 [http-nio-8080-exec-7] DEBUG o.m.s.t.SpringManagedTransaction - JDBC Connection [HikariProxyConnection@826585148 wrapping com.mysql.cj.jdbc.ConnectionImpl@18b04cf8] will not be managed by Spring
2025-01-07 09:26:25 [http-nio-8080-exec-5] DEBUG o.m.s.t.SpringManagedTransaction - JDBC Connection [HikariProxyConnection@954489197 wrapping com.mysql.cj.jdbc.ConnectionImpl@27cc7e61] will not be managed by Spring
2025-01-07 09:26:25 [http-nio-8080-exec-7] DEBUG c.s.d.m.C.selectLnbSubList - ==>  Preparing: SELECT CT_LNB_SUB_IDX AS ctLnbSubIdx, CT_LNB_ID AS ctLnbId, CT_LNB_SUB_ID AS ctLnbSubId, CT_LNB_SUB_NAME AS ctLnbSubName, CT_LNB_SUB_URL AS ctLnbSubUrl FROM CT_LNB_SUB WHERE CT_LNB_ID = ? ORDER BY CT_LNB_SUB_IDX
2025-01-07 09:26:25 [http-nio-8080-exec-4] DEBUG c.s.d.m.C.selectLnbSubList - ==>  Preparing: SELECT CT_LNB_SUB_IDX AS ctLnbSubIdx, CT_LNB_ID AS ctLnbId, CT_LNB_SUB_ID AS ctLnbSubId, CT_LNB_SUB_NAME AS ctLnbSubName, CT_LNB_SUB_URL AS ctLnbSubUrl FROM CT_LNB_SUB WHERE CT_LNB_ID = ? ORDER BY CT_LNB_SUB_IDX
2025-01-07 09:26:25 [http-nio-8080-exec-5] DEBUG c.s.d.m.C.selectLnbSubList - ==>  Preparing: SELECT CT_LNB_SUB_IDX AS ctLnbSubIdx, CT_LNB_ID AS ctLnbId, CT_LNB_SUB_ID AS ctLnbSubId, CT_LNB_SUB_NAME AS ctLnbSubName, CT_LNB_SUB_URL AS ctLnbSubUrl FROM CT_LNB_SUB WHERE CT_LNB_ID = ? ORDER BY CT_LNB_SUB_IDX
2025-01-07 09:26:25 [http-nio-8080-exec-7] DEBUG c.s.d.m.C.selectLnbSubList - ==> Parameters: CT_LNB_SERVICE(String)
2025-01-07 09:26:25 [http-nio-8080-exec-5] DEBUG c.s.d.m.C.selectLnbSubList - ==> Parameters: CT_LNB_CONTACT(String)
2025-01-07 09:26:25 [http-nio-8080-exec-4] DEBUG c.s.d.m.C.selectLnbSubList - ==> Parameters: CT_LNB_INFORMATION(String)
2025-01-07 09:26:25 [http-nio-8080-exec-4] DEBUG c.s.d.m.C.selectLnbSubList - <==      Total: 2
2025-01-07 09:26:25 [http-nio-8080-exec-5] DEBUG c.s.d.m.C.selectLnbSubList - <==      Total: 2
2025-01-07 09:26:25 [http-nio-8080-exec-7] DEBUG c.s.d.m.C.selectLnbSubList - <==      Total: 4
2025-01-07 09:26:25 [http-nio-8080-exec-7] DEBUG org.mybatis.spring.SqlSessionUtils - Closing non transactional SqlSession [org.apache.ibatis.session.defaults.DefaultSqlSession@1c6fb788]
2025-01-07 09:26:25 [http-nio-8080-exec-4] DEBUG org.mybatis.spring.SqlSessionUtils - Closing non transactional SqlSession [org.apache.ibatis.session.defaults.DefaultSqlSession@4d10aa4]
2025-01-07 09:26:25 [http-nio-8080-exec-5] DEBUG org.mybatis.spring.SqlSessionUtils - Closing non transactional SqlSession [org.apache.ibatis.session.defaults.DefaultSqlSession@59b9b4d7]
2025-01-07 09:26:31 [http-nio-8080-exec-10] WARN  o.t.s.p.AbstractStandardFragmentInsertionTagProcessor - [THYMELEAF][http-nio-8080-exec-10][common/layout/layout] Deprecated unwrapped fragment expression "common/fragments/header::header" found in template common/layout/layout, line 29, col 10. Please use the complete syntax of fragment expressions instead ("~{common/fragments/header::header}"). The old, unwrapped syntax for fragment expressions will be removed in future versions of Thymeleaf.
2025-01-07 09:26:31 [http-nio-8080-exec-10] WARN  o.t.s.p.AbstractStandardFragmentInsertionTagProcessor - [THYMELEAF][http-nio-8080-exec-10][common/layout/layout] Deprecated unwrapped fragment expression "common/fragments/footer::footer" found in template common/layout/layout, line 33, col 10. Please use the complete syntax of fragment expressions instead ("~{common/fragments/footer::footer}"). The old, unwrapped syntax for fragment expressions will be removed in future versions of Thymeleaf.
2025-01-07 09:26:31 [http-nio-8080-exec-4] DEBUG org.mybatis.spring.SqlSessionUtils - Creating a new SqlSession
2025-01-07 09:26:31 [http-nio-8080-exec-4] DEBUG org.mybatis.spring.SqlSessionUtils - SqlSession [org.apache.ibatis.session.defaults.DefaultSqlSession@4cad299] was not registered for synchronization because synchronization is not active
2025-01-07 09:26:31 [http-nio-8080-exec-4] DEBUG o.m.s.t.SpringManagedTransaction - JDBC Connection [HikariProxyConnection@138574990 wrapping com.mysql.cj.jdbc.ConnectionImpl@5126c08e] will not be managed by Spring
2025-01-07 09:26:31 [http-nio-8080-exec-4] DEBUG c.s.d.m.CommonMapper.selectLnbList - ==>  Preparing: SELECT CT_LNB_IDX AS ctLnbIdx, CT_LNB_ID AS ctLnbId, CT_LNB_NAME AS ctLnbName, CT_LNB_SUB_YN AS ctLnbSubYn, CT_LNB_URL AS ctLnbUrl, CT_LNB_USE_YN AS ctLnbUseYn FROM CT_LNB WHERE CT_LNB_USE_YN = 'Y' ORDER BY CT_LNB_IDX
2025-01-07 09:26:31 [http-nio-8080-exec-4] DEBUG c.s.d.m.CommonMapper.selectLnbList - ==> Parameters: 
2025-01-07 09:26:31 [http-nio-8080-exec-4] DEBUG c.s.d.m.CommonMapper.selectLnbList - <==      Total: 4
2025-01-07 09:26:31 [http-nio-8080-exec-4] DEBUG org.mybatis.spring.SqlSessionUtils - Closing non transactional SqlSession [org.apache.ibatis.session.defaults.DefaultSqlSession@4cad299]
2025-01-07 09:26:31 [http-nio-8080-exec-10] DEBUG org.mybatis.spring.SqlSessionUtils - Creating a new SqlSession
2025-01-07 09:26:31 [http-nio-8080-exec-10] DEBUG org.mybatis.spring.SqlSessionUtils - SqlSession [org.apache.ibatis.session.defaults.DefaultSqlSession@2f2451e5] was not registered for synchronization because synchronization is not active
2025-01-07 09:26:31 [http-nio-8080-exec-10] DEBUG o.m.s.t.SpringManagedTransaction - JDBC Connection [HikariProxyConnection@2077184906 wrapping com.mysql.cj.jdbc.ConnectionImpl@18b04cf8] will not be managed by Spring
2025-01-07 09:26:31 [http-nio-8080-exec-10] DEBUG c.s.d.m.CommonMapper.selectLnbList - ==>  Preparing: SELECT CT_LNB_IDX AS ctLnbIdx, CT_LNB_ID AS ctLnbId, CT_LNB_NAME AS ctLnbName, CT_LNB_SUB_YN AS ctLnbSubYn, CT_LNB_URL AS ctLnbUrl, CT_LNB_USE_YN AS ctLnbUseYn FROM CT_LNB WHERE CT_LNB_USE_YN = 'Y' ORDER BY CT_LNB_IDX
2025-01-07 09:26:31 [http-nio-8080-exec-10] DEBUG c.s.d.m.CommonMapper.selectLnbList - ==> Parameters: 
2025-01-07 09:26:31 [http-nio-8080-exec-10] DEBUG c.s.d.m.CommonMapper.selectLnbList - <==      Total: 4
2025-01-07 09:26:31 [http-nio-8080-exec-10] DEBUG org.mybatis.spring.SqlSessionUtils - Closing non transactional SqlSession [org.apache.ibatis.session.defaults.DefaultSqlSession@2f2451e5]
2025-01-07 09:26:31 [http-nio-8080-exec-3] DEBUG org.mybatis.spring.SqlSessionUtils - Creating a new SqlSession
2025-01-07 09:26:31 [http-nio-8080-exec-6] DEBUG org.mybatis.spring.SqlSessionUtils - Creating a new SqlSession
2025-01-07 09:26:31 [http-nio-8080-exec-9] DEBUG org.mybatis.spring.SqlSessionUtils - Creating a new SqlSession
2025-01-07 09:26:31 [http-nio-8080-exec-3] DEBUG org.mybatis.spring.SqlSessionUtils - SqlSession [org.apache.ibatis.session.defaults.DefaultSqlSession@7c1b936e] was not registered for synchronization because synchronization is not active
2025-01-07 09:26:31 [http-nio-8080-exec-6] DEBUG org.mybatis.spring.SqlSessionUtils - SqlSession [org.apache.ibatis.session.defaults.DefaultSqlSession@39b9767b] was not registered for synchronization because synchronization is not active
2025-01-07 09:26:31 [http-nio-8080-exec-9] DEBUG org.mybatis.spring.SqlSessionUtils - SqlSession [org.apache.ibatis.session.defaults.DefaultSqlSession@2a2abae2] was not registered for synchronization because synchronization is not active
2025-01-07 09:26:31 [http-nio-8080-exec-6] DEBUG o.m.s.t.SpringManagedTransaction - JDBC Connection [HikariProxyConnection@876360895 wrapping com.mysql.cj.jdbc.ConnectionImpl@5126c08e] will not be managed by Spring
2025-01-07 09:26:31 [http-nio-8080-exec-9] DEBUG o.m.s.t.SpringManagedTransaction - JDBC Connection [HikariProxyConnection@284790762 wrapping com.mysql.cj.jdbc.ConnectionImpl@18b04cf8] will not be managed by Spring
2025-01-07 09:26:31 [http-nio-8080-exec-6] DEBUG c.s.d.m.C.selectLnbSubList - ==>  Preparing: SELECT CT_LNB_SUB_IDX AS ctLnbSubIdx, CT_LNB_ID AS ctLnbId, CT_LNB_SUB_ID AS ctLnbSubId, CT_LNB_SUB_NAME AS ctLnbSubName, CT_LNB_SUB_URL AS ctLnbSubUrl FROM CT_LNB_SUB WHERE CT_LNB_ID = ? ORDER BY CT_LNB_SUB_IDX
2025-01-07 09:26:31 [http-nio-8080-exec-9] DEBUG c.s.d.m.C.selectLnbSubList - ==>  Preparing: SELECT CT_LNB_SUB_IDX AS ctLnbSubIdx, CT_LNB_ID AS ctLnbId, CT_LNB_SUB_ID AS ctLnbSubId, CT_LNB_SUB_NAME AS ctLnbSubName, CT_LNB_SUB_URL AS ctLnbSubUrl FROM CT_LNB_SUB WHERE CT_LNB_ID = ? ORDER BY CT_LNB_SUB_IDX
2025-01-07 09:26:31 [http-nio-8080-exec-9] DEBUG c.s.d.m.C.selectLnbSubList - ==> Parameters: CT_LNB_CONTACT(String)
2025-01-07 09:26:31 [http-nio-8080-exec-6] DEBUG c.s.d.m.C.selectLnbSubList - ==> Parameters: CT_LNB_SERVICE(String)
2025-01-07 09:26:31 [http-nio-8080-exec-3] DEBUG o.m.s.t.SpringManagedTransaction - JDBC Connection [HikariProxyConnection@1252985609 wrapping com.mysql.cj.jdbc.ConnectionImpl@27cc7e61] will not be managed by Spring
2025-01-07 09:26:31 [http-nio-8080-exec-3] DEBUG c.s.d.m.C.selectLnbSubList - ==>  Preparing: SELECT CT_LNB_SUB_IDX AS ctLnbSubIdx, CT_LNB_ID AS ctLnbId, CT_LNB_SUB_ID AS ctLnbSubId, CT_LNB_SUB_NAME AS ctLnbSubName, CT_LNB_SUB_URL AS ctLnbSubUrl FROM CT_LNB_SUB WHERE CT_LNB_ID = ? ORDER BY CT_LNB_SUB_IDX
2025-01-07 09:26:31 [http-nio-8080-exec-3] DEBUG c.s.d.m.C.selectLnbSubList - ==> Parameters: CT_LNB_INFORMATION(String)
2025-01-07 09:26:31 [http-nio-8080-exec-3] DEBUG c.s.d.m.C.selectLnbSubList - <==      Total: 2
2025-01-07 09:26:31 [http-nio-8080-exec-9] DEBUG c.s.d.m.C.selectLnbSubList - <==      Total: 2
2025-01-07 09:26:31 [http-nio-8080-exec-6] DEBUG c.s.d.m.C.selectLnbSubList - <==      Total: 4
2025-01-07 09:26:31 [http-nio-8080-exec-3] DEBUG org.mybatis.spring.SqlSessionUtils - Closing non transactional SqlSession [org.apache.ibatis.session.defaults.DefaultSqlSession@7c1b936e]
2025-01-07 09:26:31 [http-nio-8080-exec-9] DEBUG org.mybatis.spring.SqlSessionUtils - Closing non transactional SqlSession [org.apache.ibatis.session.defaults.DefaultSqlSession@2a2abae2]
2025-01-07 09:26:31 [http-nio-8080-exec-6] DEBUG org.mybatis.spring.SqlSessionUtils - Closing non transactional SqlSession [org.apache.ibatis.session.defaults.DefaultSqlSession@39b9767b]
2025-01-07 09:26:31 [http-nio-8080-exec-2] DEBUG org.mybatis.spring.SqlSessionUtils - Creating a new SqlSession
2025-01-07 09:26:31 [http-nio-8080-exec-8] DEBUG org.mybatis.spring.SqlSessionUtils - Creating a new SqlSession
2025-01-07 09:26:31 [http-nio-8080-exec-1] DEBUG org.mybatis.spring.SqlSessionUtils - Creating a new SqlSession
2025-01-07 09:26:31 [http-nio-8080-exec-2] DEBUG org.mybatis.spring.SqlSessionUtils - SqlSession [org.apache.ibatis.session.defaults.DefaultSqlSession@5f3c8275] was not registered for synchronization because synchronization is not active
2025-01-07 09:26:31 [http-nio-8080-exec-8] DEBUG org.mybatis.spring.SqlSessionUtils - SqlSession [org.apache.ibatis.session.defaults.DefaultSqlSession@65e60e1f] was not registered for synchronization because synchronization is not active
2025-01-07 09:26:31 [http-nio-8080-exec-1] DEBUG org.mybatis.spring.SqlSessionUtils - SqlSession [org.apache.ibatis.session.defaults.DefaultSqlSession@7d3875de] was not registered for synchronization because synchronization is not active
2025-01-07 09:26:31 [http-nio-8080-exec-8] DEBUG o.m.s.t.SpringManagedTransaction - JDBC Connection [HikariProxyConnection@605895451 wrapping com.mysql.cj.jdbc.ConnectionImpl@27cc7e61] will not be managed by Spring
2025-01-07 09:26:31 [http-nio-8080-exec-1] DEBUG o.m.s.t.SpringManagedTransaction - JDBC Connection [HikariProxyConnection@1055220778 wrapping com.mysql.cj.jdbc.ConnectionImpl@5126c08e] will not be managed by Spring
2025-01-07 09:26:31 [http-nio-8080-exec-2] DEBUG o.m.s.t.SpringManagedTransaction - JDBC Connection [HikariProxyConnection@1806345620 wrapping com.mysql.cj.jdbc.ConnectionImpl@18b04cf8] will not be managed by Spring
2025-01-07 09:26:31 [http-nio-8080-exec-8] DEBUG c.s.d.m.C.selectLnbSubList - ==>  Preparing: SELECT CT_LNB_SUB_IDX AS ctLnbSubIdx, CT_LNB_ID AS ctLnbId, CT_LNB_SUB_ID AS ctLnbSubId, CT_LNB_SUB_NAME AS ctLnbSubName, CT_LNB_SUB_URL AS ctLnbSubUrl FROM CT_LNB_SUB WHERE CT_LNB_ID = ? ORDER BY CT_LNB_SUB_IDX
2025-01-07 09:26:31 [http-nio-8080-exec-2] DEBUG c.s.d.m.C.selectLnbSubList - ==>  Preparing: SELECT CT_LNB_SUB_IDX AS ctLnbSubIdx, CT_LNB_ID AS ctLnbId, CT_LNB_SUB_ID AS ctLnbSubId, CT_LNB_SUB_NAME AS ctLnbSubName, CT_LNB_SUB_URL AS ctLnbSubUrl FROM CT_LNB_SUB WHERE CT_LNB_ID = ? ORDER BY CT_LNB_SUB_IDX
2025-01-07 09:26:31 [http-nio-8080-exec-1] DEBUG c.s.d.m.C.selectLnbSubList - ==>  Preparing: SELECT CT_LNB_SUB_IDX AS ctLnbSubIdx, CT_LNB_ID AS ctLnbId, CT_LNB_SUB_ID AS ctLnbSubId, CT_LNB_SUB_NAME AS ctLnbSubName, CT_LNB_SUB_URL AS ctLnbSubUrl FROM CT_LNB_SUB WHERE CT_LNB_ID = ? ORDER BY CT_LNB_SUB_IDX
2025-01-07 09:26:31 [http-nio-8080-exec-2] DEBUG c.s.d.m.C.selectLnbSubList - ==> Parameters: CT_LNB_CONTACT(String)
2025-01-07 09:26:31 [http-nio-8080-exec-1] DEBUG c.s.d.m.C.selectLnbSubList - ==> Parameters: CT_LNB_SERVICE(String)
2025-01-07 09:26:31 [http-nio-8080-exec-8] DEBUG c.s.d.m.C.selectLnbSubList - ==> Parameters: CT_LNB_INFORMATION(String)
2025-01-07 09:26:31 [http-nio-8080-exec-8] DEBUG c.s.d.m.C.selectLnbSubList - <==      Total: 2
2025-01-07 09:26:31 [http-nio-8080-exec-2] DEBUG c.s.d.m.C.selectLnbSubList - <==      Total: 2
2025-01-07 09:26:31 [http-nio-8080-exec-1] DEBUG c.s.d.m.C.selectLnbSubList - <==      Total: 4
2025-01-07 09:26:31 [http-nio-8080-exec-1] DEBUG org.mybatis.spring.SqlSessionUtils - Closing non transactional SqlSession [org.apache.ibatis.session.defaults.DefaultSqlSession@7d3875de]
2025-01-07 09:26:31 [http-nio-8080-exec-2] DEBUG org.mybatis.spring.SqlSessionUtils - Closing non transactional SqlSession [org.apache.ibatis.session.defaults.DefaultSqlSession@5f3c8275]
2025-01-07 09:26:31 [http-nio-8080-exec-8] DEBUG org.mybatis.spring.SqlSessionUtils - Closing non transactional SqlSession [org.apache.ibatis.session.defaults.DefaultSqlSession@65e60e1f]
2025-01-07 09:26:42 [http-nio-8080-exec-7] WARN  o.t.s.p.AbstractStandardFragmentInsertionTagProcessor - [THYMELEAF][http-nio-8080-exec-7][common/layout/layout] Deprecated unwrapped fragment expression "common/fragments/header::header" found in template common/layout/layout, line 29, col 10. Please use the complete syntax of fragment expressions instead ("~{common/fragments/header::header}"). The old, unwrapped syntax for fragment expressions will be removed in future versions of Thymeleaf.
2025-01-07 09:26:42 [http-nio-8080-exec-7] WARN  o.t.s.p.AbstractStandardFragmentInsertionTagProcessor - [THYMELEAF][http-nio-8080-exec-7][common/layout/layout] Deprecated unwrapped fragment expression "common/fragments/footer::footer" found in template common/layout/layout, line 33, col 10. Please use the complete syntax of fragment expressions instead ("~{common/fragments/footer::footer}"). The old, unwrapped syntax for fragment expressions will be removed in future versions of Thymeleaf.
2025-01-07 09:26:42 [http-nio-8080-exec-2] DEBUG org.mybatis.spring.SqlSessionUtils - Creating a new SqlSession
2025-01-07 09:26:42 [http-nio-8080-exec-2] DEBUG org.mybatis.spring.SqlSessionUtils - SqlSession [org.apache.ibatis.session.defaults.DefaultSqlSession@eb63dd2] was not registered for synchronization because synchronization is not active
2025-01-07 09:26:42 [http-nio-8080-exec-2] DEBUG o.m.s.t.SpringManagedTransaction - JDBC Connection [HikariProxyConnection@899823963 wrapping com.mysql.cj.jdbc.ConnectionImpl@18b04cf8] will not be managed by Spring
2025-01-07 09:26:42 [http-nio-8080-exec-2] DEBUG c.s.d.m.CommonMapper.selectLnbList - ==>  Preparing: SELECT CT_LNB_IDX AS ctLnbIdx, CT_LNB_ID AS ctLnbId, CT_LNB_NAME AS ctLnbName, CT_LNB_SUB_YN AS ctLnbSubYn, CT_LNB_URL AS ctLnbUrl, CT_LNB_USE_YN AS ctLnbUseYn FROM CT_LNB WHERE CT_LNB_USE_YN = 'Y' ORDER BY CT_LNB_IDX
2025-01-07 09:26:42 [http-nio-8080-exec-2] DEBUG c.s.d.m.CommonMapper.selectLnbList - ==> Parameters: 
2025-01-07 09:26:42 [http-nio-8080-exec-2] DEBUG c.s.d.m.CommonMapper.selectLnbList - <==      Total: 4
2025-01-07 09:26:42 [http-nio-8080-exec-2] DEBUG org.mybatis.spring.SqlSessionUtils - Closing non transactional SqlSession [org.apache.ibatis.session.defaults.DefaultSqlSession@eb63dd2]
2025-01-07 09:26:42 [http-nio-8080-exec-7] DEBUG org.mybatis.spring.SqlSessionUtils - Creating a new SqlSession
2025-01-07 09:26:42 [http-nio-8080-exec-7] DEBUG org.mybatis.spring.SqlSessionUtils - SqlSession [org.apache.ibatis.session.defaults.DefaultSqlSession@45d08b5f] was not registered for synchronization because synchronization is not active
2025-01-07 09:26:42 [http-nio-8080-exec-7] DEBUG o.m.s.t.SpringManagedTransaction - JDBC Connection [HikariProxyConnection@1366573870 wrapping com.mysql.cj.jdbc.ConnectionImpl@18b04cf8] will not be managed by Spring
2025-01-07 09:26:42 [http-nio-8080-exec-7] DEBUG c.s.d.m.CommonMapper.selectLnbList - ==>  Preparing: SELECT CT_LNB_IDX AS ctLnbIdx, CT_LNB_ID AS ctLnbId, CT_LNB_NAME AS ctLnbName, CT_LNB_SUB_YN AS ctLnbSubYn, CT_LNB_URL AS ctLnbUrl, CT_LNB_USE_YN AS ctLnbUseYn FROM CT_LNB WHERE CT_LNB_USE_YN = 'Y' ORDER BY CT_LNB_IDX
2025-01-07 09:26:42 [http-nio-8080-exec-7] DEBUG c.s.d.m.CommonMapper.selectLnbList - ==> Parameters: 
2025-01-07 09:26:42 [http-nio-8080-exec-7] DEBUG c.s.d.m.CommonMapper.selectLnbList - <==      Total: 4
2025-01-07 09:26:42 [http-nio-8080-exec-7] DEBUG org.mybatis.spring.SqlSessionUtils - Closing non transactional SqlSession [org.apache.ibatis.session.defaults.DefaultSqlSession@45d08b5f]
2025-01-07 09:26:42 [http-nio-8080-exec-4] DEBUG org.mybatis.spring.SqlSessionUtils - Creating a new SqlSession
2025-01-07 09:26:42 [http-nio-8080-exec-4] DEBUG org.mybatis.spring.SqlSessionUtils - SqlSession [org.apache.ibatis.session.defaults.DefaultSqlSession@566caab6] was not registered for synchronization because synchronization is not active
2025-01-07 09:26:42 [http-nio-8080-exec-5] DEBUG org.mybatis.spring.SqlSessionUtils - Creating a new SqlSession
2025-01-07 09:26:42 [http-nio-8080-exec-10] DEBUG org.mybatis.spring.SqlSessionUtils - Creating a new SqlSession
2025-01-07 09:26:42 [http-nio-8080-exec-5] DEBUG org.mybatis.spring.SqlSessionUtils - SqlSession [org.apache.ibatis.session.defaults.DefaultSqlSession@343cd725] was not registered for synchronization because synchronization is not active
2025-01-07 09:26:42 [http-nio-8080-exec-10] DEBUG org.mybatis.spring.SqlSessionUtils - SqlSession [org.apache.ibatis.session.defaults.DefaultSqlSession@17614443] was not registered for synchronization because synchronization is not active
2025-01-07 09:26:42 [http-nio-8080-exec-10] DEBUG o.m.s.t.SpringManagedTransaction - JDBC Connection [HikariProxyConnection@372442662 wrapping com.mysql.cj.jdbc.ConnectionImpl@18b04cf8] will not be managed by Spring
2025-01-07 09:26:42 [http-nio-8080-exec-10] DEBUG c.s.d.m.C.selectLnbSubList - ==>  Preparing: SELECT CT_LNB_SUB_IDX AS ctLnbSubIdx, CT_LNB_ID AS ctLnbId, CT_LNB_SUB_ID AS ctLnbSubId, CT_LNB_SUB_NAME AS ctLnbSubName, CT_LNB_SUB_URL AS ctLnbSubUrl FROM CT_LNB_SUB WHERE CT_LNB_ID = ? ORDER BY CT_LNB_SUB_IDX
2025-01-07 09:26:42 [http-nio-8080-exec-5] DEBUG o.m.s.t.SpringManagedTransaction - JDBC Connection [HikariProxyConnection@1262205859 wrapping com.mysql.cj.jdbc.ConnectionImpl@27cc7e61] will not be managed by Spring
2025-01-07 09:26:42 [http-nio-8080-exec-4] DEBUG o.m.s.t.SpringManagedTransaction - JDBC Connection [HikariProxyConnection@1305549561 wrapping com.mysql.cj.jdbc.ConnectionImpl@5126c08e] will not be managed by Spring
2025-01-07 09:26:42 [http-nio-8080-exec-5] DEBUG c.s.d.m.C.selectLnbSubList - ==>  Preparing: SELECT CT_LNB_SUB_IDX AS ctLnbSubIdx, CT_LNB_ID AS ctLnbId, CT_LNB_SUB_ID AS ctLnbSubId, CT_LNB_SUB_NAME AS ctLnbSubName, CT_LNB_SUB_URL AS ctLnbSubUrl FROM CT_LNB_SUB WHERE CT_LNB_ID = ? ORDER BY CT_LNB_SUB_IDX
2025-01-07 09:26:42 [http-nio-8080-exec-10] DEBUG c.s.d.m.C.selectLnbSubList - ==> Parameters: CT_LNB_SERVICE(String)
2025-01-07 09:26:42 [http-nio-8080-exec-4] DEBUG c.s.d.m.C.selectLnbSubList - ==>  Preparing: SELECT CT_LNB_SUB_IDX AS ctLnbSubIdx, CT_LNB_ID AS ctLnbId, CT_LNB_SUB_ID AS ctLnbSubId, CT_LNB_SUB_NAME AS ctLnbSubName, CT_LNB_SUB_URL AS ctLnbSubUrl FROM CT_LNB_SUB WHERE CT_LNB_ID = ? ORDER BY CT_LNB_SUB_IDX
2025-01-07 09:26:42 [http-nio-8080-exec-5] DEBUG c.s.d.m.C.selectLnbSubList - ==> Parameters: CT_LNB_CONTACT(String)
2025-01-07 09:26:42 [http-nio-8080-exec-4] DEBUG c.s.d.m.C.selectLnbSubList - ==> Parameters: CT_LNB_INFORMATION(String)
2025-01-07 09:26:42 [http-nio-8080-exec-5] DEBUG c.s.d.m.C.selectLnbSubList - <==      Total: 2
2025-01-07 09:26:42 [http-nio-8080-exec-4] DEBUG c.s.d.m.C.selectLnbSubList - <==      Total: 2
2025-01-07 09:26:42 [http-nio-8080-exec-10] DEBUG c.s.d.m.C.selectLnbSubList - <==      Total: 4
2025-01-07 09:26:42 [http-nio-8080-exec-5] DEBUG org.mybatis.spring.SqlSessionUtils - Closing non transactional SqlSession [org.apache.ibatis.session.defaults.DefaultSqlSession@343cd725]
2025-01-07 09:26:42 [http-nio-8080-exec-4] DEBUG org.mybatis.spring.SqlSessionUtils - Closing non transactional SqlSession [org.apache.ibatis.session.defaults.DefaultSqlSession@566caab6]
2025-01-07 09:26:42 [http-nio-8080-exec-10] DEBUG org.mybatis.spring.SqlSessionUtils - Closing non transactional SqlSession [org.apache.ibatis.session.defaults.DefaultSqlSession@17614443]
2025-01-07 09:26:42 [http-nio-8080-exec-3] DEBUG org.mybatis.spring.SqlSessionUtils - Creating a new SqlSession
2025-01-07 09:26:42 [http-nio-8080-exec-6] DEBUG org.mybatis.spring.SqlSessionUtils - Creating a new SqlSession
2025-01-07 09:26:42 [http-nio-8080-exec-9] DEBUG org.mybatis.spring.SqlSessionUtils - Creating a new SqlSession
2025-01-07 09:26:42 [http-nio-8080-exec-3] DEBUG org.mybatis.spring.SqlSessionUtils - SqlSession [org.apache.ibatis.session.defaults.DefaultSqlSession@353fb9e5] was not registered for synchronization because synchronization is not active
2025-01-07 09:26:42 [http-nio-8080-exec-6] DEBUG org.mybatis.spring.SqlSessionUtils - SqlSession [org.apache.ibatis.session.defaults.DefaultSqlSession@4ffee464] was not registered for synchronization because synchronization is not active
2025-01-07 09:26:42 [http-nio-8080-exec-9] DEBUG org.mybatis.spring.SqlSessionUtils - SqlSession [org.apache.ibatis.session.defaults.DefaultSqlSession@469785] was not registered for synchronization because synchronization is not active
2025-01-07 09:26:42 [http-nio-8080-exec-3] DEBUG o.m.s.t.SpringManagedTransaction - JDBC Connection [HikariProxyConnection@133827336 wrapping com.mysql.cj.jdbc.ConnectionImpl@27cc7e61] will not be managed by Spring
2025-01-07 09:26:42 [http-nio-8080-exec-9] DEBUG o.m.s.t.SpringManagedTransaction - JDBC Connection [HikariProxyConnection@1553784504 wrapping com.mysql.cj.jdbc.ConnectionImpl@18b04cf8] will not be managed by Spring
2025-01-07 09:26:42 [http-nio-8080-exec-6] DEBUG o.m.s.t.SpringManagedTransaction - JDBC Connection [HikariProxyConnection@447920360 wrapping com.mysql.cj.jdbc.ConnectionImpl@5126c08e] will not be managed by Spring
2025-01-07 09:26:42 [http-nio-8080-exec-3] DEBUG c.s.d.m.C.selectLnbSubList - ==>  Preparing: SELECT CT_LNB_SUB_IDX AS ctLnbSubIdx, CT_LNB_ID AS ctLnbId, CT_LNB_SUB_ID AS ctLnbSubId, CT_LNB_SUB_NAME AS ctLnbSubName, CT_LNB_SUB_URL AS ctLnbSubUrl FROM CT_LNB_SUB WHERE CT_LNB_ID = ? ORDER BY CT_LNB_SUB_IDX
2025-01-07 09:26:42 [http-nio-8080-exec-9] DEBUG c.s.d.m.C.selectLnbSubList - ==>  Preparing: SELECT CT_LNB_SUB_IDX AS ctLnbSubIdx, CT_LNB_ID AS ctLnbId, CT_LNB_SUB_ID AS ctLnbSubId, CT_LNB_SUB_NAME AS ctLnbSubName, CT_LNB_SUB_URL AS ctLnbSubUrl FROM CT_LNB_SUB WHERE CT_LNB_ID = ? ORDER BY CT_LNB_SUB_IDX
2025-01-07 09:26:42 [http-nio-8080-exec-6] DEBUG c.s.d.m.C.selectLnbSubList - ==>  Preparing: SELECT CT_LNB_SUB_IDX AS ctLnbSubIdx, CT_LNB_ID AS ctLnbId, CT_LNB_SUB_ID AS ctLnbSubId, CT_LNB_SUB_NAME AS ctLnbSubName, CT_LNB_SUB_URL AS ctLnbSubUrl FROM CT_LNB_SUB WHERE CT_LNB_ID = ? ORDER BY CT_LNB_SUB_IDX
2025-01-07 09:26:42 [http-nio-8080-exec-3] DEBUG c.s.d.m.C.selectLnbSubList - ==> Parameters: CT_LNB_CONTACT(String)
2025-01-07 09:26:42 [http-nio-8080-exec-9] DEBUG c.s.d.m.C.selectLnbSubList - ==> Parameters: CT_LNB_SERVICE(String)
2025-01-07 09:26:42 [http-nio-8080-exec-6] DEBUG c.s.d.m.C.selectLnbSubList - ==> Parameters: CT_LNB_INFORMATION(String)
2025-01-07 09:26:42 [http-nio-8080-exec-3] DEBUG c.s.d.m.C.selectLnbSubList - <==      Total: 2
2025-01-07 09:26:42 [http-nio-8080-exec-9] DEBUG c.s.d.m.C.selectLnbSubList - <==      Total: 4
2025-01-07 09:26:42 [http-nio-8080-exec-6] DEBUG c.s.d.m.C.selectLnbSubList - <==      Total: 2
2025-01-07 09:26:42 [http-nio-8080-exec-6] DEBUG org.mybatis.spring.SqlSessionUtils - Closing non transactional SqlSession [org.apache.ibatis.session.defaults.DefaultSqlSession@4ffee464]
2025-01-07 09:26:42 [http-nio-8080-exec-9] DEBUG org.mybatis.spring.SqlSessionUtils - Closing non transactional SqlSession [org.apache.ibatis.session.defaults.DefaultSqlSession@469785]
2025-01-07 09:26:42 [http-nio-8080-exec-3] DEBUG org.mybatis.spring.SqlSessionUtils - Closing non transactional SqlSession [org.apache.ibatis.session.defaults.DefaultSqlSession@353fb9e5]
2025-01-07 09:27:12 [http-nio-8080-exec-8] WARN  o.t.s.p.AbstractStandardFragmentInsertionTagProcessor - [THYMELEAF][http-nio-8080-exec-8][common/layout/layout] Deprecated unwrapped fragment expression "common/fragments/header::header" found in template common/layout/layout, line 29, col 10. Please use the complete syntax of fragment expressions instead ("~{common/fragments/header::header}"). The old, unwrapped syntax for fragment expressions will be removed in future versions of Thymeleaf.
2025-01-07 09:27:12 [http-nio-8080-exec-8] WARN  o.t.s.p.AbstractStandardFragmentInsertionTagProcessor - [THYMELEAF][http-nio-8080-exec-8][common/layout/layout] Deprecated unwrapped fragment expression "common/fragments/footer::footer" found in template common/layout/layout, line 33, col 10. Please use the complete syntax of fragment expressions instead ("~{common/fragments/footer::footer}"). The old, unwrapped syntax for fragment expressions will be removed in future versions of Thymeleaf.
2025-01-07 09:27:12 [http-nio-8080-exec-6] DEBUG org.mybatis.spring.SqlSessionUtils - Creating a new SqlSession
2025-01-07 09:27:12 [http-nio-8080-exec-6] DEBUG org.mybatis.spring.SqlSessionUtils - SqlSession [org.apache.ibatis.session.defaults.DefaultSqlSession@bdf5535] was not registered for synchronization because synchronization is not active
2025-01-07 09:27:12 [http-nio-8080-exec-6] DEBUG o.m.s.t.SpringManagedTransaction - JDBC Connection [HikariProxyConnection@867847662 wrapping com.mysql.cj.jdbc.ConnectionImpl@5126c08e] will not be managed by Spring
2025-01-07 09:27:12 [http-nio-8080-exec-6] DEBUG c.s.d.m.CommonMapper.selectLnbList - ==>  Preparing: SELECT CT_LNB_IDX AS ctLnbIdx, CT_LNB_ID AS ctLnbId, CT_LNB_NAME AS ctLnbName, CT_LNB_SUB_YN AS ctLnbSubYn, CT_LNB_URL AS ctLnbUrl, CT_LNB_USE_YN AS ctLnbUseYn FROM CT_LNB WHERE CT_LNB_USE_YN = 'Y' ORDER BY CT_LNB_IDX
2025-01-07 09:27:12 [http-nio-8080-exec-6] DEBUG c.s.d.m.CommonMapper.selectLnbList - ==> Parameters: 
2025-01-07 09:27:12 [http-nio-8080-exec-6] DEBUG c.s.d.m.CommonMapper.selectLnbList - <==      Total: 4
2025-01-07 09:27:12 [http-nio-8080-exec-6] DEBUG org.mybatis.spring.SqlSessionUtils - Closing non transactional SqlSession [org.apache.ibatis.session.defaults.DefaultSqlSession@bdf5535]
2025-01-07 09:27:12 [http-nio-8080-exec-8] DEBUG org.mybatis.spring.SqlSessionUtils - Creating a new SqlSession
2025-01-07 09:27:12 [http-nio-8080-exec-8] DEBUG org.mybatis.spring.SqlSessionUtils - SqlSession [org.apache.ibatis.session.defaults.DefaultSqlSession@3e94d3a5] was not registered for synchronization because synchronization is not active
2025-01-07 09:27:12 [http-nio-8080-exec-8] DEBUG o.m.s.t.SpringManagedTransaction - JDBC Connection [HikariProxyConnection@1095217254 wrapping com.mysql.cj.jdbc.ConnectionImpl@27cc7e61] will not be managed by Spring
2025-01-07 09:27:12 [http-nio-8080-exec-8] DEBUG c.s.d.m.CommonMapper.selectLnbList - ==>  Preparing: SELECT CT_LNB_IDX AS ctLnbIdx, CT_LNB_ID AS ctLnbId, CT_LNB_NAME AS ctLnbName, CT_LNB_SUB_YN AS ctLnbSubYn, CT_LNB_URL AS ctLnbUrl, CT_LNB_USE_YN AS ctLnbUseYn FROM CT_LNB WHERE CT_LNB_USE_YN = 'Y' ORDER BY CT_LNB_IDX
2025-01-07 09:27:12 [http-nio-8080-exec-8] DEBUG c.s.d.m.CommonMapper.selectLnbList - ==> Parameters: 
2025-01-07 09:27:12 [http-nio-8080-exec-8] DEBUG c.s.d.m.CommonMapper.selectLnbList - <==      Total: 4
2025-01-07 09:27:12 [http-nio-8080-exec-8] DEBUG org.mybatis.spring.SqlSessionUtils - Closing non transactional SqlSession [org.apache.ibatis.session.defaults.DefaultSqlSession@3e94d3a5]
2025-01-07 09:27:12 [http-nio-8080-exec-2] DEBUG org.mybatis.spring.SqlSessionUtils - Creating a new SqlSession
2025-01-07 09:27:12 [http-nio-8080-exec-7] DEBUG org.mybatis.spring.SqlSessionUtils - Creating a new SqlSession
2025-01-07 09:27:12 [http-nio-8080-exec-1] DEBUG org.mybatis.spring.SqlSessionUtils - Creating a new SqlSession
2025-01-07 09:27:12 [http-nio-8080-exec-2] DEBUG org.mybatis.spring.SqlSessionUtils - SqlSession [org.apache.ibatis.session.defaults.DefaultSqlSession@69f4450a] was not registered for synchronization because synchronization is not active
2025-01-07 09:27:12 [http-nio-8080-exec-1] DEBUG org.mybatis.spring.SqlSessionUtils - SqlSession [org.apache.ibatis.session.defaults.DefaultSqlSession@56d9e631] was not registered for synchronization because synchronization is not active
2025-01-07 09:27:12 [http-nio-8080-exec-7] DEBUG org.mybatis.spring.SqlSessionUtils - SqlSession [org.apache.ibatis.session.defaults.DefaultSqlSession@39c3ff58] was not registered for synchronization because synchronization is not active
2025-01-07 09:27:12 [http-nio-8080-exec-1] DEBUG o.m.s.t.SpringManagedTransaction - JDBC Connection [HikariProxyConnection@772456638 wrapping com.mysql.cj.jdbc.ConnectionImpl@5126c08e] will not be managed by Spring
2025-01-07 09:27:12 [http-nio-8080-exec-2] DEBUG o.m.s.t.SpringManagedTransaction - JDBC Connection [HikariProxyConnection@1303957902 wrapping com.mysql.cj.jdbc.ConnectionImpl@27cc7e61] will not be managed by Spring
2025-01-07 09:27:12 [http-nio-8080-exec-1] DEBUG c.s.d.m.C.selectLnbSubList - ==>  Preparing: SELECT CT_LNB_SUB_IDX AS ctLnbSubIdx, CT_LNB_ID AS ctLnbId, CT_LNB_SUB_ID AS ctLnbSubId, CT_LNB_SUB_NAME AS ctLnbSubName, CT_LNB_SUB_URL AS ctLnbSubUrl FROM CT_LNB_SUB WHERE CT_LNB_ID = ? ORDER BY CT_LNB_SUB_IDX
2025-01-07 09:27:12 [http-nio-8080-exec-2] DEBUG c.s.d.m.C.selectLnbSubList - ==>  Preparing: SELECT CT_LNB_SUB_IDX AS ctLnbSubIdx, CT_LNB_ID AS ctLnbId, CT_LNB_SUB_ID AS ctLnbSubId, CT_LNB_SUB_NAME AS ctLnbSubName, CT_LNB_SUB_URL AS ctLnbSubUrl FROM CT_LNB_SUB WHERE CT_LNB_ID = ? ORDER BY CT_LNB_SUB_IDX
2025-01-07 09:27:12 [http-nio-8080-exec-1] DEBUG c.s.d.m.C.selectLnbSubList - ==> Parameters: CT_LNB_INFORMATION(String)
2025-01-07 09:27:12 [http-nio-8080-exec-2] DEBUG c.s.d.m.C.selectLnbSubList - ==> Parameters: CT_LNB_SERVICE(String)
2025-01-07 09:27:12 [http-nio-8080-exec-7] DEBUG o.m.s.t.SpringManagedTransaction - JDBC Connection [HikariProxyConnection@1256044157 wrapping com.mysql.cj.jdbc.ConnectionImpl@18b04cf8] will not be managed by Spring
2025-01-07 09:27:12 [http-nio-8080-exec-7] DEBUG c.s.d.m.C.selectLnbSubList - ==>  Preparing: SELECT CT_LNB_SUB_IDX AS ctLnbSubIdx, CT_LNB_ID AS ctLnbId, CT_LNB_SUB_ID AS ctLnbSubId, CT_LNB_SUB_NAME AS ctLnbSubName, CT_LNB_SUB_URL AS ctLnbSubUrl FROM CT_LNB_SUB WHERE CT_LNB_ID = ? ORDER BY CT_LNB_SUB_IDX
2025-01-07 09:27:12 [http-nio-8080-exec-7] DEBUG c.s.d.m.C.selectLnbSubList - ==> Parameters: CT_LNB_CONTACT(String)
2025-01-07 09:27:12 [http-nio-8080-exec-7] DEBUG c.s.d.m.C.selectLnbSubList - <==      Total: 2
2025-01-07 09:27:12 [http-nio-8080-exec-2] DEBUG c.s.d.m.C.selectLnbSubList - <==      Total: 4
2025-01-07 09:27:12 [http-nio-8080-exec-1] DEBUG c.s.d.m.C.selectLnbSubList - <==      Total: 2
2025-01-07 09:27:12 [http-nio-8080-exec-2] DEBUG org.mybatis.spring.SqlSessionUtils - Closing non transactional SqlSession [org.apache.ibatis.session.defaults.DefaultSqlSession@69f4450a]
2025-01-07 09:27:12 [http-nio-8080-exec-7] DEBUG org.mybatis.spring.SqlSessionUtils - Closing non transactional SqlSession [org.apache.ibatis.session.defaults.DefaultSqlSession@39c3ff58]
2025-01-07 09:27:12 [http-nio-8080-exec-1] DEBUG org.mybatis.spring.SqlSessionUtils - Closing non transactional SqlSession [org.apache.ibatis.session.defaults.DefaultSqlSession@56d9e631]
2025-01-07 09:27:12 [http-nio-8080-exec-4] DEBUG org.mybatis.spring.SqlSessionUtils - Creating a new SqlSession
2025-01-07 09:27:12 [http-nio-8080-exec-10] DEBUG org.mybatis.spring.SqlSessionUtils - Creating a new SqlSession
2025-01-07 09:27:12 [http-nio-8080-exec-5] DEBUG org.mybatis.spring.SqlSessionUtils - Creating a new SqlSession
2025-01-07 09:27:12 [http-nio-8080-exec-10] DEBUG org.mybatis.spring.SqlSessionUtils - SqlSession [org.apache.ibatis.session.defaults.DefaultSqlSession@78950150] was not registered for synchronization because synchronization is not active
2025-01-07 09:27:12 [http-nio-8080-exec-4] DEBUG org.mybatis.spring.SqlSessionUtils - SqlSession [org.apache.ibatis.session.defaults.DefaultSqlSession@7f37ecb8] was not registered for synchronization because synchronization is not active
2025-01-07 09:27:12 [http-nio-8080-exec-5] DEBUG org.mybatis.spring.SqlSessionUtils - SqlSession [org.apache.ibatis.session.defaults.DefaultSqlSession@550fa7d8] was not registered for synchronization because synchronization is not active
2025-01-07 09:27:12 [http-nio-8080-exec-5] DEBUG o.m.s.t.SpringManagedTransaction - JDBC Connection [HikariProxyConnection@1132460153 wrapping com.mysql.cj.jdbc.ConnectionImpl@27cc7e61] will not be managed by Spring
2025-01-07 09:27:12 [http-nio-8080-exec-10] DEBUG o.m.s.t.SpringManagedTransaction - JDBC Connection [HikariProxyConnection@1989753426 wrapping com.mysql.cj.jdbc.ConnectionImpl@18b04cf8] will not be managed by Spring
2025-01-07 09:27:12 [http-nio-8080-exec-4] DEBUG o.m.s.t.SpringManagedTransaction - JDBC Connection [HikariProxyConnection@980694901 wrapping com.mysql.cj.jdbc.ConnectionImpl@5126c08e] will not be managed by Spring
2025-01-07 09:27:12 [http-nio-8080-exec-5] DEBUG c.s.d.m.C.selectLnbSubList - ==>  Preparing: SELECT CT_LNB_SUB_IDX AS ctLnbSubIdx, CT_LNB_ID AS ctLnbId, CT_LNB_SUB_ID AS ctLnbSubId, CT_LNB_SUB_NAME AS ctLnbSubName, CT_LNB_SUB_URL AS ctLnbSubUrl FROM CT_LNB_SUB WHERE CT_LNB_ID = ? ORDER BY CT_LNB_SUB_IDX
2025-01-07 09:27:12 [http-nio-8080-exec-10] DEBUG c.s.d.m.C.selectLnbSubList - ==>  Preparing: SELECT CT_LNB_SUB_IDX AS ctLnbSubIdx, CT_LNB_ID AS ctLnbId, CT_LNB_SUB_ID AS ctLnbSubId, CT_LNB_SUB_NAME AS ctLnbSubName, CT_LNB_SUB_URL AS ctLnbSubUrl FROM CT_LNB_SUB WHERE CT_LNB_ID = ? ORDER BY CT_LNB_SUB_IDX
2025-01-07 09:27:12 [http-nio-8080-exec-4] DEBUG c.s.d.m.C.selectLnbSubList - ==>  Preparing: SELECT CT_LNB_SUB_IDX AS ctLnbSubIdx, CT_LNB_ID AS ctLnbId, CT_LNB_SUB_ID AS ctLnbSubId, CT_LNB_SUB_NAME AS ctLnbSubName, CT_LNB_SUB_URL AS ctLnbSubUrl FROM CT_LNB_SUB WHERE CT_LNB_ID = ? ORDER BY CT_LNB_SUB_IDX
2025-01-07 09:27:12 [http-nio-8080-exec-10] DEBUG c.s.d.m.C.selectLnbSubList - ==> Parameters: CT_LNB_INFORMATION(String)
2025-01-07 09:27:12 [http-nio-8080-exec-5] DEBUG c.s.d.m.C.selectLnbSubList - ==> Parameters: CT_LNB_SERVICE(String)
2025-01-07 09:27:12 [http-nio-8080-exec-4] DEBUG c.s.d.m.C.selectLnbSubList - ==> Parameters: CT_LNB_CONTACT(String)
2025-01-07 09:27:12 [http-nio-8080-exec-10] DEBUG c.s.d.m.C.selectLnbSubList - <==      Total: 2
2025-01-07 09:27:12 [http-nio-8080-exec-4] DEBUG c.s.d.m.C.selectLnbSubList - <==      Total: 2
2025-01-07 09:27:12 [http-nio-8080-exec-5] DEBUG c.s.d.m.C.selectLnbSubList - <==      Total: 4
2025-01-07 09:27:12 [http-nio-8080-exec-5] DEBUG org.mybatis.spring.SqlSessionUtils - Closing non transactional SqlSession [org.apache.ibatis.session.defaults.DefaultSqlSession@550fa7d8]
2025-01-07 09:27:12 [http-nio-8080-exec-10] DEBUG org.mybatis.spring.SqlSessionUtils - Closing non transactional SqlSession [org.apache.ibatis.session.defaults.DefaultSqlSession@78950150]
2025-01-07 09:27:12 [http-nio-8080-exec-4] DEBUG org.mybatis.spring.SqlSessionUtils - Closing non transactional SqlSession [org.apache.ibatis.session.defaults.DefaultSqlSession@7f37ecb8]
2025-01-07 09:27:46 [http-nio-8080-exec-9] WARN  o.t.s.p.AbstractStandardFragmentInsertionTagProcessor - [THYMELEAF][http-nio-8080-exec-9][common/layout/layout] Deprecated unwrapped fragment expression "common/fragments/header::header" found in template common/layout/layout, line 29, col 10. Please use the complete syntax of fragment expressions instead ("~{common/fragments/header::header}"). The old, unwrapped syntax for fragment expressions will be removed in future versions of Thymeleaf.
2025-01-07 09:27:46 [http-nio-8080-exec-9] WARN  o.t.s.p.AbstractStandardFragmentInsertionTagProcessor - [THYMELEAF][http-nio-8080-exec-9][common/layout/layout] Deprecated unwrapped fragment expression "common/fragments/footer::footer" found in template common/layout/layout, line 33, col 10. Please use the complete syntax of fragment expressions instead ("~{common/fragments/footer::footer}"). The old, unwrapped syntax for fragment expressions will be removed in future versions of Thymeleaf.
2025-01-07 09:27:46 [http-nio-8080-exec-10] DEBUG org.mybatis.spring.SqlSessionUtils - Creating a new SqlSession
2025-01-07 09:27:46 [http-nio-8080-exec-10] DEBUG org.mybatis.spring.SqlSessionUtils - SqlSession [org.apache.ibatis.session.defaults.DefaultSqlSession@3aea05b4] was not registered for synchronization because synchronization is not active
2025-01-07 09:27:46 [http-nio-8080-exec-10] DEBUG o.m.s.t.SpringManagedTransaction - JDBC Connection [HikariProxyConnection@1789201464 wrapping com.mysql.cj.jdbc.ConnectionImpl@18b04cf8] will not be managed by Spring
2025-01-07 09:27:46 [http-nio-8080-exec-10] DEBUG c.s.d.m.CommonMapper.selectLnbList - ==>  Preparing: SELECT CT_LNB_IDX AS ctLnbIdx, CT_LNB_ID AS ctLnbId, CT_LNB_NAME AS ctLnbName, CT_LNB_SUB_YN AS ctLnbSubYn, CT_LNB_URL AS ctLnbUrl, CT_LNB_USE_YN AS ctLnbUseYn FROM CT_LNB WHERE CT_LNB_USE_YN = 'Y' ORDER BY CT_LNB_IDX
2025-01-07 09:27:46 [http-nio-8080-exec-10] DEBUG c.s.d.m.CommonMapper.selectLnbList - ==> Parameters: 
2025-01-07 09:27:46 [http-nio-8080-exec-10] DEBUG c.s.d.m.CommonMapper.selectLnbList - <==      Total: 4
2025-01-07 09:27:46 [http-nio-8080-exec-10] DEBUG org.mybatis.spring.SqlSessionUtils - Closing non transactional SqlSession [org.apache.ibatis.session.defaults.DefaultSqlSession@3aea05b4]
2025-01-07 09:27:46 [http-nio-8080-exec-9] DEBUG org.mybatis.spring.SqlSessionUtils - Creating a new SqlSession
2025-01-07 09:27:46 [http-nio-8080-exec-9] DEBUG org.mybatis.spring.SqlSessionUtils - SqlSession [org.apache.ibatis.session.defaults.DefaultSqlSession@7d9dd2e5] was not registered for synchronization because synchronization is not active
2025-01-07 09:27:46 [http-nio-8080-exec-9] DEBUG o.m.s.t.SpringManagedTransaction - JDBC Connection [HikariProxyConnection@1299796478 wrapping com.mysql.cj.jdbc.ConnectionImpl@18b04cf8] will not be managed by Spring
2025-01-07 09:27:46 [http-nio-8080-exec-9] DEBUG c.s.d.m.CommonMapper.selectLnbList - ==>  Preparing: SELECT CT_LNB_IDX AS ctLnbIdx, CT_LNB_ID AS ctLnbId, CT_LNB_NAME AS ctLnbName, CT_LNB_SUB_YN AS ctLnbSubYn, CT_LNB_URL AS ctLnbUrl, CT_LNB_USE_YN AS ctLnbUseYn FROM CT_LNB WHERE CT_LNB_USE_YN = 'Y' ORDER BY CT_LNB_IDX
2025-01-07 09:27:46 [http-nio-8080-exec-9] DEBUG c.s.d.m.CommonMapper.selectLnbList - ==> Parameters: 
2025-01-07 09:27:46 [http-nio-8080-exec-9] DEBUG c.s.d.m.CommonMapper.selectLnbList - <==      Total: 4
2025-01-07 09:27:46 [http-nio-8080-exec-9] DEBUG org.mybatis.spring.SqlSessionUtils - Closing non transactional SqlSession [org.apache.ibatis.session.defaults.DefaultSqlSession@7d9dd2e5]
2025-01-07 09:27:46 [http-nio-8080-exec-1] DEBUG org.mybatis.spring.SqlSessionUtils - Creating a new SqlSession
2025-01-07 09:27:46 [http-nio-8080-exec-1] DEBUG org.mybatis.spring.SqlSessionUtils - SqlSession [org.apache.ibatis.session.defaults.DefaultSqlSession@49ca7844] was not registered for synchronization because synchronization is not active
2025-01-07 09:27:46 [http-nio-8080-exec-7] DEBUG org.mybatis.spring.SqlSessionUtils - Creating a new SqlSession
2025-01-07 09:27:46 [http-nio-8080-exec-2] DEBUG org.mybatis.spring.SqlSessionUtils - Creating a new SqlSession
2025-01-07 09:27:46 [http-nio-8080-exec-7] DEBUG org.mybatis.spring.SqlSessionUtils - SqlSession [org.apache.ibatis.session.defaults.DefaultSqlSession@244fdc] was not registered for synchronization because synchronization is not active
2025-01-07 09:27:46 [http-nio-8080-exec-2] DEBUG org.mybatis.spring.SqlSessionUtils - SqlSession [org.apache.ibatis.session.defaults.DefaultSqlSession@130569c0] was not registered for synchronization because synchronization is not active
2025-01-07 09:27:46 [http-nio-8080-exec-7] DEBUG o.m.s.t.SpringManagedTransaction - JDBC Connection [HikariProxyConnection@661483515 wrapping com.mysql.cj.jdbc.ConnectionImpl@18b04cf8] will not be managed by Spring
2025-01-07 09:27:46 [http-nio-8080-exec-7] DEBUG c.s.d.m.C.selectLnbSubList - ==>  Preparing: SELECT CT_LNB_SUB_IDX AS ctLnbSubIdx, CT_LNB_ID AS ctLnbId, CT_LNB_SUB_ID AS ctLnbSubId, CT_LNB_SUB_NAME AS ctLnbSubName, CT_LNB_SUB_URL AS ctLnbSubUrl FROM CT_LNB_SUB WHERE CT_LNB_ID = ? ORDER BY CT_LNB_SUB_IDX
2025-01-07 09:27:46 [http-nio-8080-exec-1] DEBUG o.m.s.t.SpringManagedTransaction - JDBC Connection [HikariProxyConnection@826101491 wrapping com.mysql.cj.jdbc.ConnectionImpl@5126c08e] will not be managed by Spring
2025-01-07 09:27:46 [http-nio-8080-exec-2] DEBUG o.m.s.t.SpringManagedTransaction - JDBC Connection [HikariProxyConnection@406515343 wrapping com.mysql.cj.jdbc.ConnectionImpl@27cc7e61] will not be managed by Spring
2025-01-07 09:27:46 [http-nio-8080-exec-7] DEBUG c.s.d.m.C.selectLnbSubList - ==> Parameters: CT_LNB_CONTACT(String)
2025-01-07 09:27:46 [http-nio-8080-exec-1] DEBUG c.s.d.m.C.selectLnbSubList - ==>  Preparing: SELECT CT_LNB_SUB_IDX AS ctLnbSubIdx, CT_LNB_ID AS ctLnbId, CT_LNB_SUB_ID AS ctLnbSubId, CT_LNB_SUB_NAME AS ctLnbSubName, CT_LNB_SUB_URL AS ctLnbSubUrl FROM CT_LNB_SUB WHERE CT_LNB_ID = ? ORDER BY CT_LNB_SUB_IDX
2025-01-07 09:27:46 [http-nio-8080-exec-2] DEBUG c.s.d.m.C.selectLnbSubList - ==>  Preparing: SELECT CT_LNB_SUB_IDX AS ctLnbSubIdx, CT_LNB_ID AS ctLnbId, CT_LNB_SUB_ID AS ctLnbSubId, CT_LNB_SUB_NAME AS ctLnbSubName, CT_LNB_SUB_URL AS ctLnbSubUrl FROM CT_LNB_SUB WHERE CT_LNB_ID = ? ORDER BY CT_LNB_SUB_IDX
2025-01-07 09:27:46 [http-nio-8080-exec-1] DEBUG c.s.d.m.C.selectLnbSubList - ==> Parameters: CT_LNB_INFORMATION(String)
2025-01-07 09:27:46 [http-nio-8080-exec-2] DEBUG c.s.d.m.C.selectLnbSubList - ==> Parameters: CT_LNB_SERVICE(String)
2025-01-07 09:27:46 [http-nio-8080-exec-7] DEBUG c.s.d.m.C.selectLnbSubList - <==      Total: 2
2025-01-07 09:27:46 [http-nio-8080-exec-1] DEBUG c.s.d.m.C.selectLnbSubList - <==      Total: 2
2025-01-07 09:27:46 [http-nio-8080-exec-2] DEBUG c.s.d.m.C.selectLnbSubList - <==      Total: 4
2025-01-07 09:27:46 [http-nio-8080-exec-7] DEBUG org.mybatis.spring.SqlSessionUtils - Closing non transactional SqlSession [org.apache.ibatis.session.defaults.DefaultSqlSession@244fdc]
2025-01-07 09:27:46 [http-nio-8080-exec-1] DEBUG org.mybatis.spring.SqlSessionUtils - Closing non transactional SqlSession [org.apache.ibatis.session.defaults.DefaultSqlSession@49ca7844]
2025-01-07 09:27:46 [http-nio-8080-exec-2] DEBUG org.mybatis.spring.SqlSessionUtils - Closing non transactional SqlSession [org.apache.ibatis.session.defaults.DefaultSqlSession@130569c0]
2025-01-07 09:27:46 [http-nio-8080-exec-6] DEBUG org.mybatis.spring.SqlSessionUtils - Creating a new SqlSession
2025-01-07 09:27:46 [http-nio-8080-exec-3] DEBUG org.mybatis.spring.SqlSessionUtils - Creating a new SqlSession
2025-01-07 09:27:46 [http-nio-8080-exec-8] DEBUG org.mybatis.spring.SqlSessionUtils - Creating a new SqlSession
2025-01-07 09:27:46 [http-nio-8080-exec-6] DEBUG org.mybatis.spring.SqlSessionUtils - SqlSession [org.apache.ibatis.session.defaults.DefaultSqlSession@3c7f0e84] was not registered for synchronization because synchronization is not active
2025-01-07 09:27:46 [http-nio-8080-exec-3] DEBUG org.mybatis.spring.SqlSessionUtils - SqlSession [org.apache.ibatis.session.defaults.DefaultSqlSession@295a6e3c] was not registered for synchronization because synchronization is not active
2025-01-07 09:27:46 [http-nio-8080-exec-8] DEBUG org.mybatis.spring.SqlSessionUtils - SqlSession [org.apache.ibatis.session.defaults.DefaultSqlSession@19448783] was not registered for synchronization because synchronization is not active
2025-01-07 09:27:46 [http-nio-8080-exec-6] DEBUG o.m.s.t.SpringManagedTransaction - JDBC Connection [HikariProxyConnection@1573642712 wrapping com.mysql.cj.jdbc.ConnectionImpl@5126c08e] will not be managed by Spring
2025-01-07 09:27:46 [http-nio-8080-exec-3] DEBUG o.m.s.t.SpringManagedTransaction - JDBC Connection [HikariProxyConnection@1508114625 wrapping com.mysql.cj.jdbc.ConnectionImpl@18b04cf8] will not be managed by Spring
2025-01-07 09:27:46 [http-nio-8080-exec-8] DEBUG o.m.s.t.SpringManagedTransaction - JDBC Connection [HikariProxyConnection@1711067213 wrapping com.mysql.cj.jdbc.ConnectionImpl@27cc7e61] will not be managed by Spring
2025-01-07 09:27:46 [http-nio-8080-exec-8] DEBUG c.s.d.m.C.selectLnbSubList - ==>  Preparing: SELECT CT_LNB_SUB_IDX AS ctLnbSubIdx, CT_LNB_ID AS ctLnbId, CT_LNB_SUB_ID AS ctLnbSubId, CT_LNB_SUB_NAME AS ctLnbSubName, CT_LNB_SUB_URL AS ctLnbSubUrl FROM CT_LNB_SUB WHERE CT_LNB_ID = ? ORDER BY CT_LNB_SUB_IDX
2025-01-07 09:27:46 [http-nio-8080-exec-6] DEBUG c.s.d.m.C.selectLnbSubList - ==>  Preparing: SELECT CT_LNB_SUB_IDX AS ctLnbSubIdx, CT_LNB_ID AS ctLnbId, CT_LNB_SUB_ID AS ctLnbSubId, CT_LNB_SUB_NAME AS ctLnbSubName, CT_LNB_SUB_URL AS ctLnbSubUrl FROM CT_LNB_SUB WHERE CT_LNB_ID = ? ORDER BY CT_LNB_SUB_IDX
2025-01-07 09:27:46 [http-nio-8080-exec-3] DEBUG c.s.d.m.C.selectLnbSubList - ==>  Preparing: SELECT CT_LNB_SUB_IDX AS ctLnbSubIdx, CT_LNB_ID AS ctLnbId, CT_LNB_SUB_ID AS ctLnbSubId, CT_LNB_SUB_NAME AS ctLnbSubName, CT_LNB_SUB_URL AS ctLnbSubUrl FROM CT_LNB_SUB WHERE CT_LNB_ID = ? ORDER BY CT_LNB_SUB_IDX
2025-01-07 09:27:46 [http-nio-8080-exec-6] DEBUG c.s.d.m.C.selectLnbSubList - ==> Parameters: CT_LNB_INFORMATION(String)
2025-01-07 09:27:46 [http-nio-8080-exec-3] DEBUG c.s.d.m.C.selectLnbSubList - ==> Parameters: CT_LNB_CONTACT(String)
2025-01-07 09:27:46 [http-nio-8080-exec-8] DEBUG c.s.d.m.C.selectLnbSubList - ==> Parameters: CT_LNB_SERVICE(String)
2025-01-07 09:27:46 [http-nio-8080-exec-8] DEBUG c.s.d.m.C.selectLnbSubList - <==      Total: 4
2025-01-07 09:27:46 [http-nio-8080-exec-6] DEBUG c.s.d.m.C.selectLnbSubList - <==      Total: 2
2025-01-07 09:27:46 [http-nio-8080-exec-3] DEBUG c.s.d.m.C.selectLnbSubList - <==      Total: 2
2025-01-07 09:27:46 [http-nio-8080-exec-8] DEBUG org.mybatis.spring.SqlSessionUtils - Closing non transactional SqlSession [org.apache.ibatis.session.defaults.DefaultSqlSession@19448783]
2025-01-07 09:27:46 [http-nio-8080-exec-6] DEBUG org.mybatis.spring.SqlSessionUtils - Closing non transactional SqlSession [org.apache.ibatis.session.defaults.DefaultSqlSession@3c7f0e84]
2025-01-07 09:27:46 [http-nio-8080-exec-3] DEBUG org.mybatis.spring.SqlSessionUtils - Closing non transactional SqlSession [org.apache.ibatis.session.defaults.DefaultSqlSession@295a6e3c]
2025-01-07 09:28:17 [http-nio-8080-exec-5] WARN  o.t.s.p.AbstractStandardFragmentInsertionTagProcessor - [THYMELEAF][http-nio-8080-exec-5][common/layout/layout] Deprecated unwrapped fragment expression "common/fragments/header::header" found in template common/layout/layout, line 29, col 10. Please use the complete syntax of fragment expressions instead ("~{common/fragments/header::header}"). The old, unwrapped syntax for fragment expressions will be removed in future versions of Thymeleaf.
2025-01-07 09:28:17 [http-nio-8080-exec-5] WARN  o.t.s.p.AbstractStandardFragmentInsertionTagProcessor - [THYMELEAF][http-nio-8080-exec-5][common/layout/layout] Deprecated unwrapped fragment expression "common/fragments/footer::footer" found in template common/layout/layout, line 33, col 10. Please use the complete syntax of fragment expressions instead ("~{common/fragments/footer::footer}"). The old, unwrapped syntax for fragment expressions will be removed in future versions of Thymeleaf.
2025-01-07 09:28:17 [http-nio-8080-exec-6] DEBUG org.mybatis.spring.SqlSessionUtils - Creating a new SqlSession
2025-01-07 09:28:17 [http-nio-8080-exec-6] DEBUG org.mybatis.spring.SqlSessionUtils - SqlSession [org.apache.ibatis.session.defaults.DefaultSqlSession@6e130761] was not registered for synchronization because synchronization is not active
2025-01-07 09:28:17 [http-nio-8080-exec-6] DEBUG o.m.s.t.SpringManagedTransaction - JDBC Connection [HikariProxyConnection@719077129 wrapping com.mysql.cj.jdbc.ConnectionImpl@5126c08e] will not be managed by Spring
2025-01-07 09:28:17 [http-nio-8080-exec-6] DEBUG c.s.d.m.CommonMapper.selectLnbList - ==>  Preparing: SELECT CT_LNB_IDX AS ctLnbIdx, CT_LNB_ID AS ctLnbId, CT_LNB_NAME AS ctLnbName, CT_LNB_SUB_YN AS ctLnbSubYn, CT_LNB_URL AS ctLnbUrl, CT_LNB_USE_YN AS ctLnbUseYn FROM CT_LNB WHERE CT_LNB_USE_YN = 'Y' ORDER BY CT_LNB_IDX
2025-01-07 09:28:17 [http-nio-8080-exec-6] DEBUG c.s.d.m.CommonMapper.selectLnbList - ==> Parameters: 
2025-01-07 09:28:17 [http-nio-8080-exec-6] DEBUG c.s.d.m.CommonMapper.selectLnbList - <==      Total: 4
2025-01-07 09:28:17 [http-nio-8080-exec-6] DEBUG org.mybatis.spring.SqlSessionUtils - Closing non transactional SqlSession [org.apache.ibatis.session.defaults.DefaultSqlSession@6e130761]
2025-01-07 09:28:17 [http-nio-8080-exec-5] DEBUG org.mybatis.spring.SqlSessionUtils - Creating a new SqlSession
2025-01-07 09:28:17 [http-nio-8080-exec-5] DEBUG org.mybatis.spring.SqlSessionUtils - SqlSession [org.apache.ibatis.session.defaults.DefaultSqlSession@182dc6b5] was not registered for synchronization because synchronization is not active
2025-01-07 09:28:17 [http-nio-8080-exec-5] DEBUG o.m.s.t.SpringManagedTransaction - JDBC Connection [HikariProxyConnection@466799490 wrapping com.mysql.cj.jdbc.ConnectionImpl@27cc7e61] will not be managed by Spring
2025-01-07 09:28:17 [http-nio-8080-exec-5] DEBUG c.s.d.m.CommonMapper.selectLnbList - ==>  Preparing: SELECT CT_LNB_IDX AS ctLnbIdx, CT_LNB_ID AS ctLnbId, CT_LNB_NAME AS ctLnbName, CT_LNB_SUB_YN AS ctLnbSubYn, CT_LNB_URL AS ctLnbUrl, CT_LNB_USE_YN AS ctLnbUseYn FROM CT_LNB WHERE CT_LNB_USE_YN = 'Y' ORDER BY CT_LNB_IDX
2025-01-07 09:28:17 [http-nio-8080-exec-5] DEBUG c.s.d.m.CommonMapper.selectLnbList - ==> Parameters: 
2025-01-07 09:28:17 [http-nio-8080-exec-5] DEBUG c.s.d.m.CommonMapper.selectLnbList - <==      Total: 4
2025-01-07 09:28:17 [http-nio-8080-exec-5] DEBUG org.mybatis.spring.SqlSessionUtils - Closing non transactional SqlSession [org.apache.ibatis.session.defaults.DefaultSqlSession@182dc6b5]
2025-01-07 09:28:17 [http-nio-8080-exec-2] DEBUG org.mybatis.spring.SqlSessionUtils - Creating a new SqlSession
2025-01-07 09:28:17 [http-nio-8080-exec-7] DEBUG org.mybatis.spring.SqlSessionUtils - Creating a new SqlSession
2025-01-07 09:28:17 [http-nio-8080-exec-4] DEBUG org.mybatis.spring.SqlSessionUtils - Creating a new SqlSession
2025-01-07 09:28:17 [http-nio-8080-exec-2] DEBUG org.mybatis.spring.SqlSessionUtils - SqlSession [org.apache.ibatis.session.defaults.DefaultSqlSession@5571bb1] was not registered for synchronization because synchronization is not active
2025-01-07 09:28:17 [http-nio-8080-exec-4] DEBUG org.mybatis.spring.SqlSessionUtils - SqlSession [org.apache.ibatis.session.defaults.DefaultSqlSession@57c13c92] was not registered for synchronization because synchronization is not active
2025-01-07 09:28:17 [http-nio-8080-exec-7] DEBUG org.mybatis.spring.SqlSessionUtils - SqlSession [org.apache.ibatis.session.defaults.DefaultSqlSession@6285e7ed] was not registered for synchronization because synchronization is not active
2025-01-07 09:28:17 [http-nio-8080-exec-2] DEBUG o.m.s.t.SpringManagedTransaction - JDBC Connection [HikariProxyConnection@1247204098 wrapping com.mysql.cj.jdbc.ConnectionImpl@27cc7e61] will not be managed by Spring
2025-01-07 09:28:17 [http-nio-8080-exec-4] DEBUG o.m.s.t.SpringManagedTransaction - JDBC Connection [HikariProxyConnection@535175524 wrapping com.mysql.cj.jdbc.ConnectionImpl@5126c08e] will not be managed by Spring
2025-01-07 09:28:17 [http-nio-8080-exec-4] DEBUG c.s.d.m.C.selectLnbSubList - ==>  Preparing: SELECT CT_LNB_SUB_IDX AS ctLnbSubIdx, CT_LNB_ID AS ctLnbId, CT_LNB_SUB_ID AS ctLnbSubId, CT_LNB_SUB_NAME AS ctLnbSubName, CT_LNB_SUB_URL AS ctLnbSubUrl FROM CT_LNB_SUB WHERE CT_LNB_ID = ? ORDER BY CT_LNB_SUB_IDX
2025-01-07 09:28:17 [http-nio-8080-exec-2] DEBUG c.s.d.m.C.selectLnbSubList - ==>  Preparing: SELECT CT_LNB_SUB_IDX AS ctLnbSubIdx, CT_LNB_ID AS ctLnbId, CT_LNB_SUB_ID AS ctLnbSubId, CT_LNB_SUB_NAME AS ctLnbSubName, CT_LNB_SUB_URL AS ctLnbSubUrl FROM CT_LNB_SUB WHERE CT_LNB_ID = ? ORDER BY CT_LNB_SUB_IDX
2025-01-07 09:28:17 [http-nio-8080-exec-2] DEBUG c.s.d.m.C.selectLnbSubList - ==> Parameters: CT_LNB_INFORMATION(String)
2025-01-07 09:28:17 [http-nio-8080-exec-4] DEBUG c.s.d.m.C.selectLnbSubList - ==> Parameters: CT_LNB_CONTACT(String)
2025-01-07 09:28:17 [http-nio-8080-exec-7] DEBUG o.m.s.t.SpringManagedTransaction - JDBC Connection [HikariProxyConnection@777740017 wrapping com.mysql.cj.jdbc.ConnectionImpl@18b04cf8] will not be managed by Spring
2025-01-07 09:28:17 [http-nio-8080-exec-7] DEBUG c.s.d.m.C.selectLnbSubList - ==>  Preparing: SELECT CT_LNB_SUB_IDX AS ctLnbSubIdx, CT_LNB_ID AS ctLnbId, CT_LNB_SUB_ID AS ctLnbSubId, CT_LNB_SUB_NAME AS ctLnbSubName, CT_LNB_SUB_URL AS ctLnbSubUrl FROM CT_LNB_SUB WHERE CT_LNB_ID = ? ORDER BY CT_LNB_SUB_IDX
2025-01-07 09:28:17 [http-nio-8080-exec-7] DEBUG c.s.d.m.C.selectLnbSubList - ==> Parameters: CT_LNB_SERVICE(String)
2025-01-07 09:28:17 [http-nio-8080-exec-2] DEBUG c.s.d.m.C.selectLnbSubList - <==      Total: 2
2025-01-07 09:28:17 [http-nio-8080-exec-4] DEBUG c.s.d.m.C.selectLnbSubList - <==      Total: 2
2025-01-07 09:28:17 [http-nio-8080-exec-7] DEBUG c.s.d.m.C.selectLnbSubList - <==      Total: 4
2025-01-07 09:28:17 [http-nio-8080-exec-2] DEBUG org.mybatis.spring.SqlSessionUtils - Closing non transactional SqlSession [org.apache.ibatis.session.defaults.DefaultSqlSession@5571bb1]
2025-01-07 09:28:17 [http-nio-8080-exec-4] DEBUG org.mybatis.spring.SqlSessionUtils - Closing non transactional SqlSession [org.apache.ibatis.session.defaults.DefaultSqlSession@57c13c92]
2025-01-07 09:28:17 [http-nio-8080-exec-7] DEBUG org.mybatis.spring.SqlSessionUtils - Closing non transactional SqlSession [org.apache.ibatis.session.defaults.DefaultSqlSession@6285e7ed]
2025-01-07 09:28:17 [http-nio-8080-exec-10] DEBUG org.mybatis.spring.SqlSessionUtils - Creating a new SqlSession
2025-01-07 09:28:17 [http-nio-8080-exec-1] DEBUG org.mybatis.spring.SqlSessionUtils - Creating a new SqlSession
2025-01-07 09:28:17 [http-nio-8080-exec-9] DEBUG org.mybatis.spring.SqlSessionUtils - Creating a new SqlSession
2025-01-07 09:28:17 [http-nio-8080-exec-10] DEBUG org.mybatis.spring.SqlSessionUtils - SqlSession [org.apache.ibatis.session.defaults.DefaultSqlSession@6377bde6] was not registered for synchronization because synchronization is not active
2025-01-07 09:28:17 [http-nio-8080-exec-9] DEBUG org.mybatis.spring.SqlSessionUtils - SqlSession [org.apache.ibatis.session.defaults.DefaultSqlSession@4f3f3bb9] was not registered for synchronization because synchronization is not active
2025-01-07 09:28:17 [http-nio-8080-exec-1] DEBUG org.mybatis.spring.SqlSessionUtils - SqlSession [org.apache.ibatis.session.defaults.DefaultSqlSession@606bc82c] was not registered for synchronization because synchronization is not active
2025-01-07 09:28:17 [http-nio-8080-exec-1] DEBUG o.m.s.t.SpringManagedTransaction - JDBC Connection [HikariProxyConnection@997869572 wrapping com.mysql.cj.jdbc.ConnectionImpl@5126c08e] will not be managed by Spring
2025-01-07 09:28:17 [http-nio-8080-exec-10] DEBUG o.m.s.t.SpringManagedTransaction - JDBC Connection [HikariProxyConnection@569489788 wrapping com.mysql.cj.jdbc.ConnectionImpl@18b04cf8] will not be managed by Spring
2025-01-07 09:28:17 [http-nio-8080-exec-9] DEBUG o.m.s.t.SpringManagedTransaction - JDBC Connection [HikariProxyConnection@1213097217 wrapping com.mysql.cj.jdbc.ConnectionImpl@27cc7e61] will not be managed by Spring
2025-01-07 09:28:17 [http-nio-8080-exec-10] DEBUG c.s.d.m.C.selectLnbSubList - ==>  Preparing: SELECT CT_LNB_SUB_IDX AS ctLnbSubIdx, CT_LNB_ID AS ctLnbId, CT_LNB_SUB_ID AS ctLnbSubId, CT_LNB_SUB_NAME AS ctLnbSubName, CT_LNB_SUB_URL AS ctLnbSubUrl FROM CT_LNB_SUB WHERE CT_LNB_ID = ? ORDER BY CT_LNB_SUB_IDX
2025-01-07 09:28:17 [http-nio-8080-exec-1] DEBUG c.s.d.m.C.selectLnbSubList - ==>  Preparing: SELECT CT_LNB_SUB_IDX AS ctLnbSubIdx, CT_LNB_ID AS ctLnbId, CT_LNB_SUB_ID AS ctLnbSubId, CT_LNB_SUB_NAME AS ctLnbSubName, CT_LNB_SUB_URL AS ctLnbSubUrl FROM CT_LNB_SUB WHERE CT_LNB_ID = ? ORDER BY CT_LNB_SUB_IDX
2025-01-07 09:28:17 [http-nio-8080-exec-9] DEBUG c.s.d.m.C.selectLnbSubList - ==>  Preparing: SELECT CT_LNB_SUB_IDX AS ctLnbSubIdx, CT_LNB_ID AS ctLnbId, CT_LNB_SUB_ID AS ctLnbSubId, CT_LNB_SUB_NAME AS ctLnbSubName, CT_LNB_SUB_URL AS ctLnbSubUrl FROM CT_LNB_SUB WHERE CT_LNB_ID = ? ORDER BY CT_LNB_SUB_IDX
2025-01-07 09:28:17 [http-nio-8080-exec-10] DEBUG c.s.d.m.C.selectLnbSubList - ==> Parameters: CT_LNB_SERVICE(String)
2025-01-07 09:28:17 [http-nio-8080-exec-9] DEBUG c.s.d.m.C.selectLnbSubList - ==> Parameters: CT_LNB_INFORMATION(String)
2025-01-07 09:28:17 [http-nio-8080-exec-1] DEBUG c.s.d.m.C.selectLnbSubList - ==> Parameters: CT_LNB_CONTACT(String)
2025-01-07 09:28:17 [http-nio-8080-exec-1] DEBUG c.s.d.m.C.selectLnbSubList - <==      Total: 2
2025-01-07 09:28:17 [http-nio-8080-exec-10] DEBUG c.s.d.m.C.selectLnbSubList - <==      Total: 4
2025-01-07 09:28:17 [http-nio-8080-exec-9] DEBUG c.s.d.m.C.selectLnbSubList - <==      Total: 2
2025-01-07 09:28:17 [http-nio-8080-exec-1] DEBUG org.mybatis.spring.SqlSessionUtils - Closing non transactional SqlSession [org.apache.ibatis.session.defaults.DefaultSqlSession@606bc82c]
2025-01-07 09:28:17 [http-nio-8080-exec-9] DEBUG org.mybatis.spring.SqlSessionUtils - Closing non transactional SqlSession [org.apache.ibatis.session.defaults.DefaultSqlSession@4f3f3bb9]
2025-01-07 09:28:17 [http-nio-8080-exec-10] DEBUG org.mybatis.spring.SqlSessionUtils - Closing non transactional SqlSession [org.apache.ibatis.session.defaults.DefaultSqlSession@6377bde6]
2025-01-07 09:28:29 [http-nio-8080-exec-8] WARN  o.t.s.p.AbstractStandardFragmentInsertionTagProcessor - [THYMELEAF][http-nio-8080-exec-8][common/layout/layout] Deprecated unwrapped fragment expression "common/fragments/header::header" found in template common/layout/layout, line 29, col 10. Please use the complete syntax of fragment expressions instead ("~{common/fragments/header::header}"). The old, unwrapped syntax for fragment expressions will be removed in future versions of Thymeleaf.
2025-01-07 09:28:29 [http-nio-8080-exec-8] WARN  o.t.s.p.AbstractStandardFragmentInsertionTagProcessor - [THYMELEAF][http-nio-8080-exec-8][common/layout/layout] Deprecated unwrapped fragment expression "common/fragments/footer::footer" found in template common/layout/layout, line 33, col 10. Please use the complete syntax of fragment expressions instead ("~{common/fragments/footer::footer}"). The old, unwrapped syntax for fragment expressions will be removed in future versions of Thymeleaf.
2025-01-07 09:28:29 [http-nio-8080-exec-10] DEBUG org.mybatis.spring.SqlSessionUtils - Creating a new SqlSession
2025-01-07 09:28:29 [http-nio-8080-exec-10] DEBUG org.mybatis.spring.SqlSessionUtils - SqlSession [org.apache.ibatis.session.defaults.DefaultSqlSession@248da51b] was not registered for synchronization because synchronization is not active
2025-01-07 09:28:29 [http-nio-8080-exec-10] DEBUG o.m.s.t.SpringManagedTransaction - JDBC Connection [HikariProxyConnection@2060170465 wrapping com.mysql.cj.jdbc.ConnectionImpl@18b04cf8] will not be managed by Spring
2025-01-07 09:28:29 [http-nio-8080-exec-10] DEBUG c.s.d.m.CommonMapper.selectLnbList - ==>  Preparing: SELECT CT_LNB_IDX AS ctLnbIdx, CT_LNB_ID AS ctLnbId, CT_LNB_NAME AS ctLnbName, CT_LNB_SUB_YN AS ctLnbSubYn, CT_LNB_URL AS ctLnbUrl, CT_LNB_USE_YN AS ctLnbUseYn FROM CT_LNB WHERE CT_LNB_USE_YN = 'Y' ORDER BY CT_LNB_IDX
2025-01-07 09:28:29 [http-nio-8080-exec-10] DEBUG c.s.d.m.CommonMapper.selectLnbList - ==> Parameters: 
2025-01-07 09:28:29 [http-nio-8080-exec-10] DEBUG c.s.d.m.CommonMapper.selectLnbList - <==      Total: 4
2025-01-07 09:28:29 [http-nio-8080-exec-10] DEBUG org.mybatis.spring.SqlSessionUtils - Closing non transactional SqlSession [org.apache.ibatis.session.defaults.DefaultSqlSession@248da51b]
2025-01-07 09:28:29 [http-nio-8080-exec-8] DEBUG org.mybatis.spring.SqlSessionUtils - Creating a new SqlSession
2025-01-07 09:28:29 [http-nio-8080-exec-8] DEBUG org.mybatis.spring.SqlSessionUtils - SqlSession [org.apache.ibatis.session.defaults.DefaultSqlSession@71fe5bc5] was not registered for synchronization because synchronization is not active
2025-01-07 09:28:29 [http-nio-8080-exec-8] DEBUG o.m.s.t.SpringManagedTransaction - JDBC Connection [HikariProxyConnection@378284233 wrapping com.mysql.cj.jdbc.ConnectionImpl@27cc7e61] will not be managed by Spring
2025-01-07 09:28:29 [http-nio-8080-exec-8] DEBUG c.s.d.m.CommonMapper.selectLnbList - ==>  Preparing: SELECT CT_LNB_IDX AS ctLnbIdx, CT_LNB_ID AS ctLnbId, CT_LNB_NAME AS ctLnbName, CT_LNB_SUB_YN AS ctLnbSubYn, CT_LNB_URL AS ctLnbUrl, CT_LNB_USE_YN AS ctLnbUseYn FROM CT_LNB WHERE CT_LNB_USE_YN = 'Y' ORDER BY CT_LNB_IDX
2025-01-07 09:28:29 [http-nio-8080-exec-8] DEBUG c.s.d.m.CommonMapper.selectLnbList - ==> Parameters: 
2025-01-07 09:28:29 [http-nio-8080-exec-8] DEBUG c.s.d.m.CommonMapper.selectLnbList - <==      Total: 4
2025-01-07 09:28:29 [http-nio-8080-exec-8] DEBUG org.mybatis.spring.SqlSessionUtils - Closing non transactional SqlSession [org.apache.ibatis.session.defaults.DefaultSqlSession@71fe5bc5]
2025-01-07 09:28:29 [http-nio-8080-exec-5] DEBUG org.mybatis.spring.SqlSessionUtils - Creating a new SqlSession
2025-01-07 09:28:29 [http-nio-8080-exec-3] DEBUG org.mybatis.spring.SqlSessionUtils - Creating a new SqlSession
2025-01-07 09:28:29 [http-nio-8080-exec-2] DEBUG org.mybatis.spring.SqlSessionUtils - Creating a new SqlSession
2025-01-07 09:28:29 [http-nio-8080-exec-5] DEBUG org.mybatis.spring.SqlSessionUtils - SqlSession [org.apache.ibatis.session.defaults.DefaultSqlSession@22410360] was not registered for synchronization because synchronization is not active
2025-01-07 09:28:29 [http-nio-8080-exec-3] DEBUG org.mybatis.spring.SqlSessionUtils - SqlSession [org.apache.ibatis.session.defaults.DefaultSqlSession@512003bd] was not registered for synchronization because synchronization is not active
2025-01-07 09:28:29 [http-nio-8080-exec-2] DEBUG org.mybatis.spring.SqlSessionUtils - SqlSession [org.apache.ibatis.session.defaults.DefaultSqlSession@36299828] was not registered for synchronization because synchronization is not active
2025-01-07 09:28:29 [http-nio-8080-exec-5] DEBUG o.m.s.t.SpringManagedTransaction - JDBC Connection [HikariProxyConnection@801264241 wrapping com.mysql.cj.jdbc.ConnectionImpl@27cc7e61] will not be managed by Spring
2025-01-07 09:28:29 [http-nio-8080-exec-3] DEBUG o.m.s.t.SpringManagedTransaction - JDBC Connection [HikariProxyConnection@314199020 wrapping com.mysql.cj.jdbc.ConnectionImpl@18b04cf8] will not be managed by Spring
2025-01-07 09:28:29 [http-nio-8080-exec-5] DEBUG c.s.d.m.C.selectLnbSubList - ==>  Preparing: SELECT CT_LNB_SUB_IDX AS ctLnbSubIdx, CT_LNB_ID AS ctLnbId, CT_LNB_SUB_ID AS ctLnbSubId, CT_LNB_SUB_NAME AS ctLnbSubName, CT_LNB_SUB_URL AS ctLnbSubUrl FROM CT_LNB_SUB WHERE CT_LNB_ID = ? ORDER BY CT_LNB_SUB_IDX
2025-01-07 09:28:29 [http-nio-8080-exec-3] DEBUG c.s.d.m.C.selectLnbSubList - ==>  Preparing: SELECT CT_LNB_SUB_IDX AS ctLnbSubIdx, CT_LNB_ID AS ctLnbId, CT_LNB_SUB_ID AS ctLnbSubId, CT_LNB_SUB_NAME AS ctLnbSubName, CT_LNB_SUB_URL AS ctLnbSubUrl FROM CT_LNB_SUB WHERE CT_LNB_ID = ? ORDER BY CT_LNB_SUB_IDX
2025-01-07 09:28:29 [http-nio-8080-exec-3] DEBUG c.s.d.m.C.selectLnbSubList - ==> Parameters: CT_LNB_INFORMATION(String)
2025-01-07 09:28:29 [http-nio-8080-exec-5] DEBUG c.s.d.m.C.selectLnbSubList - ==> Parameters: CT_LNB_SERVICE(String)
2025-01-07 09:28:29 [http-nio-8080-exec-2] DEBUG o.m.s.t.SpringManagedTransaction - JDBC Connection [HikariProxyConnection@1251705644 wrapping com.mysql.cj.jdbc.ConnectionImpl@5126c08e] will not be managed by Spring
2025-01-07 09:28:29 [http-nio-8080-exec-2] DEBUG c.s.d.m.C.selectLnbSubList - ==>  Preparing: SELECT CT_LNB_SUB_IDX AS ctLnbSubIdx, CT_LNB_ID AS ctLnbId, CT_LNB_SUB_ID AS ctLnbSubId, CT_LNB_SUB_NAME AS ctLnbSubName, CT_LNB_SUB_URL AS ctLnbSubUrl FROM CT_LNB_SUB WHERE CT_LNB_ID = ? ORDER BY CT_LNB_SUB_IDX
2025-01-07 09:28:29 [http-nio-8080-exec-2] DEBUG c.s.d.m.C.selectLnbSubList - ==> Parameters: CT_LNB_CONTACT(String)
2025-01-07 09:28:29 [http-nio-8080-exec-3] DEBUG c.s.d.m.C.selectLnbSubList - <==      Total: 2
2025-01-07 09:28:29 [http-nio-8080-exec-2] DEBUG c.s.d.m.C.selectLnbSubList - <==      Total: 2
2025-01-07 09:28:29 [http-nio-8080-exec-5] DEBUG c.s.d.m.C.selectLnbSubList - <==      Total: 4
2025-01-07 09:28:29 [http-nio-8080-exec-5] DEBUG org.mybatis.spring.SqlSessionUtils - Closing non transactional SqlSession [org.apache.ibatis.session.defaults.DefaultSqlSession@22410360]
2025-01-07 09:28:29 [http-nio-8080-exec-3] DEBUG org.mybatis.spring.SqlSessionUtils - Closing non transactional SqlSession [org.apache.ibatis.session.defaults.DefaultSqlSession@512003bd]
2025-01-07 09:28:29 [http-nio-8080-exec-2] DEBUG org.mybatis.spring.SqlSessionUtils - Closing non transactional SqlSession [org.apache.ibatis.session.defaults.DefaultSqlSession@36299828]
2025-01-07 09:28:29 [http-nio-8080-exec-7] DEBUG org.mybatis.spring.SqlSessionUtils - Creating a new SqlSession
2025-01-07 09:28:29 [http-nio-8080-exec-6] DEBUG org.mybatis.spring.SqlSessionUtils - Creating a new SqlSession
2025-01-07 09:28:29 [http-nio-8080-exec-4] DEBUG org.mybatis.spring.SqlSessionUtils - Creating a new SqlSession
2025-01-07 09:28:29 [http-nio-8080-exec-7] DEBUG org.mybatis.spring.SqlSessionUtils - SqlSession [org.apache.ibatis.session.defaults.DefaultSqlSession@78cdb321] was not registered for synchronization because synchronization is not active
2025-01-07 09:28:29 [http-nio-8080-exec-6] DEBUG org.mybatis.spring.SqlSessionUtils - SqlSession [org.apache.ibatis.session.defaults.DefaultSqlSession@118c56fa] was not registered for synchronization because synchronization is not active
2025-01-07 09:28:29 [http-nio-8080-exec-4] DEBUG org.mybatis.spring.SqlSessionUtils - SqlSession [org.apache.ibatis.session.defaults.DefaultSqlSession@12a41286] was not registered for synchronization because synchronization is not active
2025-01-07 09:28:29 [http-nio-8080-exec-4] DEBUG o.m.s.t.SpringManagedTransaction - JDBC Connection [HikariProxyConnection@1013447863 wrapping com.mysql.cj.jdbc.ConnectionImpl@5126c08e] will not be managed by Spring
2025-01-07 09:28:29 [http-nio-8080-exec-7] DEBUG o.m.s.t.SpringManagedTransaction - JDBC Connection [HikariProxyConnection@211142175 wrapping com.mysql.cj.jdbc.ConnectionImpl@18b04cf8] will not be managed by Spring
2025-01-07 09:28:29 [http-nio-8080-exec-6] DEBUG o.m.s.t.SpringManagedTransaction - JDBC Connection [HikariProxyConnection@1516443573 wrapping com.mysql.cj.jdbc.ConnectionImpl@27cc7e61] will not be managed by Spring
2025-01-07 09:28:29 [http-nio-8080-exec-7] DEBUG c.s.d.m.C.selectLnbSubList - ==>  Preparing: SELECT CT_LNB_SUB_IDX AS ctLnbSubIdx, CT_LNB_ID AS ctLnbId, CT_LNB_SUB_ID AS ctLnbSubId, CT_LNB_SUB_NAME AS ctLnbSubName, CT_LNB_SUB_URL AS ctLnbSubUrl FROM CT_LNB_SUB WHERE CT_LNB_ID = ? ORDER BY CT_LNB_SUB_IDX
2025-01-07 09:28:29 [http-nio-8080-exec-4] DEBUG c.s.d.m.C.selectLnbSubList - ==>  Preparing: SELECT CT_LNB_SUB_IDX AS ctLnbSubIdx, CT_LNB_ID AS ctLnbId, CT_LNB_SUB_ID AS ctLnbSubId, CT_LNB_SUB_NAME AS ctLnbSubName, CT_LNB_SUB_URL AS ctLnbSubUrl FROM CT_LNB_SUB WHERE CT_LNB_ID = ? ORDER BY CT_LNB_SUB_IDX
2025-01-07 09:28:29 [http-nio-8080-exec-6] DEBUG c.s.d.m.C.selectLnbSubList - ==>  Preparing: SELECT CT_LNB_SUB_IDX AS ctLnbSubIdx, CT_LNB_ID AS ctLnbId, CT_LNB_SUB_ID AS ctLnbSubId, CT_LNB_SUB_NAME AS ctLnbSubName, CT_LNB_SUB_URL AS ctLnbSubUrl FROM CT_LNB_SUB WHERE CT_LNB_ID = ? ORDER BY CT_LNB_SUB_IDX
2025-01-07 09:28:29 [http-nio-8080-exec-6] DEBUG c.s.d.m.C.selectLnbSubList - ==> Parameters: CT_LNB_INFORMATION(String)
2025-01-07 09:28:29 [http-nio-8080-exec-7] DEBUG c.s.d.m.C.selectLnbSubList - ==> Parameters: CT_LNB_CONTACT(String)
2025-01-07 09:28:29 [http-nio-8080-exec-4] DEBUG c.s.d.m.C.selectLnbSubList - ==> Parameters: CT_LNB_SERVICE(String)
2025-01-07 09:28:29 [http-nio-8080-exec-6] DEBUG c.s.d.m.C.selectLnbSubList - <==      Total: 2
2025-01-07 09:28:29 [http-nio-8080-exec-4] DEBUG c.s.d.m.C.selectLnbSubList - <==      Total: 4
2025-01-07 09:28:29 [http-nio-8080-exec-7] DEBUG c.s.d.m.C.selectLnbSubList - <==      Total: 2
2025-01-07 09:28:29 [http-nio-8080-exec-7] DEBUG org.mybatis.spring.SqlSessionUtils - Closing non transactional SqlSession [org.apache.ibatis.session.defaults.DefaultSqlSession@78cdb321]
2025-01-07 09:28:29 [http-nio-8080-exec-6] DEBUG org.mybatis.spring.SqlSessionUtils - Closing non transactional SqlSession [org.apache.ibatis.session.defaults.DefaultSqlSession@118c56fa]
2025-01-07 09:28:29 [http-nio-8080-exec-4] DEBUG org.mybatis.spring.SqlSessionUtils - Closing non transactional SqlSession [org.apache.ibatis.session.defaults.DefaultSqlSession@12a41286]
2025-01-07 09:29:33 [http-nio-8080-exec-3] WARN  o.t.s.p.AbstractStandardFragmentInsertionTagProcessor - [THYMELEAF][http-nio-8080-exec-3][common/layout/layout] Deprecated unwrapped fragment expression "common/fragments/header::header" found in template common/layout/layout, line 29, col 10. Please use the complete syntax of fragment expressions instead ("~{common/fragments/header::header}"). The old, unwrapped syntax for fragment expressions will be removed in future versions of Thymeleaf.
2025-01-07 09:29:33 [http-nio-8080-exec-3] WARN  o.t.s.p.AbstractStandardFragmentInsertionTagProcessor - [THYMELEAF][http-nio-8080-exec-3][common/layout/layout] Deprecated unwrapped fragment expression "common/fragments/footer::footer" found in template common/layout/layout, line 33, col 10. Please use the complete syntax of fragment expressions instead ("~{common/fragments/footer::footer}"). The old, unwrapped syntax for fragment expressions will be removed in future versions of Thymeleaf.
2025-01-07 09:29:33 [http-nio-8080-exec-9] DEBUG org.mybatis.spring.SqlSessionUtils - Creating a new SqlSession
2025-01-07 09:29:33 [http-nio-8080-exec-9] DEBUG org.mybatis.spring.SqlSessionUtils - SqlSession [org.apache.ibatis.session.defaults.DefaultSqlSession@1a570522] was not registered for synchronization because synchronization is not active
2025-01-07 09:29:33 [http-nio-8080-exec-9] DEBUG o.m.s.t.SpringManagedTransaction - JDBC Connection [HikariProxyConnection@562695428 wrapping com.mysql.cj.jdbc.ConnectionImpl@27cc7e61] will not be managed by Spring
2025-01-07 09:29:33 [http-nio-8080-exec-9] DEBUG c.s.d.m.CommonMapper.selectLnbList - ==>  Preparing: SELECT CT_LNB_IDX AS ctLnbIdx, CT_LNB_ID AS ctLnbId, CT_LNB_NAME AS ctLnbName, CT_LNB_SUB_YN AS ctLnbSubYn, CT_LNB_URL AS ctLnbUrl, CT_LNB_USE_YN AS ctLnbUseYn FROM CT_LNB WHERE CT_LNB_USE_YN = 'Y' ORDER BY CT_LNB_IDX
2025-01-07 09:29:33 [http-nio-8080-exec-9] DEBUG c.s.d.m.CommonMapper.selectLnbList - ==> Parameters: 
2025-01-07 09:29:33 [http-nio-8080-exec-9] DEBUG c.s.d.m.CommonMapper.selectLnbList - <==      Total: 4
2025-01-07 09:29:33 [http-nio-8080-exec-9] DEBUG org.mybatis.spring.SqlSessionUtils - Closing non transactional SqlSession [org.apache.ibatis.session.defaults.DefaultSqlSession@1a570522]
2025-01-07 09:29:33 [http-nio-8080-exec-3] DEBUG org.mybatis.spring.SqlSessionUtils - Creating a new SqlSession
2025-01-07 09:29:33 [http-nio-8080-exec-3] DEBUG org.mybatis.spring.SqlSessionUtils - SqlSession [org.apache.ibatis.session.defaults.DefaultSqlSession@31f810aa] was not registered for synchronization because synchronization is not active
2025-01-07 09:29:33 [http-nio-8080-exec-3] DEBUG o.m.s.t.SpringManagedTransaction - JDBC Connection [HikariProxyConnection@284437363 wrapping com.mysql.cj.jdbc.ConnectionImpl@18b04cf8] will not be managed by Spring
2025-01-07 09:29:33 [http-nio-8080-exec-3] DEBUG c.s.d.m.CommonMapper.selectLnbList - ==>  Preparing: SELECT CT_LNB_IDX AS ctLnbIdx, CT_LNB_ID AS ctLnbId, CT_LNB_NAME AS ctLnbName, CT_LNB_SUB_YN AS ctLnbSubYn, CT_LNB_URL AS ctLnbUrl, CT_LNB_USE_YN AS ctLnbUseYn FROM CT_LNB WHERE CT_LNB_USE_YN = 'Y' ORDER BY CT_LNB_IDX
2025-01-07 09:29:33 [http-nio-8080-exec-3] DEBUG c.s.d.m.CommonMapper.selectLnbList - ==> Parameters: 
2025-01-07 09:29:33 [http-nio-8080-exec-3] DEBUG c.s.d.m.CommonMapper.selectLnbList - <==      Total: 4
2025-01-07 09:29:33 [http-nio-8080-exec-3] DEBUG org.mybatis.spring.SqlSessionUtils - Closing non transactional SqlSession [org.apache.ibatis.session.defaults.DefaultSqlSession@31f810aa]
2025-01-07 09:29:33 [http-nio-8080-exec-7] DEBUG org.mybatis.spring.SqlSessionUtils - Creating a new SqlSession
2025-01-07 09:29:33 [http-nio-8080-exec-6] DEBUG org.mybatis.spring.SqlSessionUtils - Creating a new SqlSession
2025-01-07 09:29:33 [http-nio-8080-exec-10] DEBUG org.mybatis.spring.SqlSessionUtils - Creating a new SqlSession
2025-01-07 09:29:33 [http-nio-8080-exec-6] DEBUG org.mybatis.spring.SqlSessionUtils - SqlSession [org.apache.ibatis.session.defaults.DefaultSqlSession@2b7e6342] was not registered for synchronization because synchronization is not active
2025-01-07 09:29:33 [http-nio-8080-exec-7] DEBUG org.mybatis.spring.SqlSessionUtils - SqlSession [org.apache.ibatis.session.defaults.DefaultSqlSession@38b16810] was not registered for synchronization because synchronization is not active
2025-01-07 09:29:33 [http-nio-8080-exec-10] DEBUG org.mybatis.spring.SqlSessionUtils - SqlSession [org.apache.ibatis.session.defaults.DefaultSqlSession@1185a3b3] was not registered for synchronization because synchronization is not active
2025-01-07 09:29:33 [http-nio-8080-exec-6] DEBUG o.m.s.t.SpringManagedTransaction - JDBC Connection [HikariProxyConnection@1776420647 wrapping com.mysql.cj.jdbc.ConnectionImpl@27cc7e61] will not be managed by Spring
2025-01-07 09:29:33 [http-nio-8080-exec-10] DEBUG o.m.s.t.SpringManagedTransaction - JDBC Connection [HikariProxyConnection@911106526 wrapping com.mysql.cj.jdbc.ConnectionImpl@18b04cf8] will not be managed by Spring
2025-01-07 09:29:33 [http-nio-8080-exec-6] DEBUG c.s.d.m.C.selectLnbSubList - ==>  Preparing: SELECT CT_LNB_SUB_IDX AS ctLnbSubIdx, CT_LNB_ID AS ctLnbId, CT_LNB_SUB_ID AS ctLnbSubId, CT_LNB_SUB_NAME AS ctLnbSubName, CT_LNB_SUB_URL AS ctLnbSubUrl FROM CT_LNB_SUB WHERE CT_LNB_ID = ? ORDER BY CT_LNB_SUB_IDX
2025-01-07 09:29:33 [http-nio-8080-exec-10] DEBUG c.s.d.m.C.selectLnbSubList - ==>  Preparing: SELECT CT_LNB_SUB_IDX AS ctLnbSubIdx, CT_LNB_ID AS ctLnbId, CT_LNB_SUB_ID AS ctLnbSubId, CT_LNB_SUB_NAME AS ctLnbSubName, CT_LNB_SUB_URL AS ctLnbSubUrl FROM CT_LNB_SUB WHERE CT_LNB_ID = ? ORDER BY CT_LNB_SUB_IDX
2025-01-07 09:29:33 [http-nio-8080-exec-6] DEBUG c.s.d.m.C.selectLnbSubList - ==> Parameters: CT_LNB_SERVICE(String)
2025-01-07 09:29:33 [http-nio-8080-exec-10] DEBUG c.s.d.m.C.selectLnbSubList - ==> Parameters: CT_LNB_CONTACT(String)
2025-01-07 09:29:33 [http-nio-8080-exec-7] DEBUG o.m.s.t.SpringManagedTransaction - JDBC Connection [HikariProxyConnection@439809063 wrapping com.mysql.cj.jdbc.ConnectionImpl@5126c08e] will not be managed by Spring
2025-01-07 09:29:33 [http-nio-8080-exec-7] DEBUG c.s.d.m.C.selectLnbSubList - ==>  Preparing: SELECT CT_LNB_SUB_IDX AS ctLnbSubIdx, CT_LNB_ID AS ctLnbId, CT_LNB_SUB_ID AS ctLnbSubId, CT_LNB_SUB_NAME AS ctLnbSubName, CT_LNB_SUB_URL AS ctLnbSubUrl FROM CT_LNB_SUB WHERE CT_LNB_ID = ? ORDER BY CT_LNB_SUB_IDX
2025-01-07 09:29:33 [http-nio-8080-exec-7] DEBUG c.s.d.m.C.selectLnbSubList - ==> Parameters: CT_LNB_INFORMATION(String)
2025-01-07 09:29:33 [http-nio-8080-exec-10] DEBUG c.s.d.m.C.selectLnbSubList - <==      Total: 2
2025-01-07 09:29:33 [http-nio-8080-exec-6] DEBUG c.s.d.m.C.selectLnbSubList - <==      Total: 4
2025-01-07 09:29:33 [http-nio-8080-exec-7] DEBUG c.s.d.m.C.selectLnbSubList - <==      Total: 2
2025-01-07 09:29:33 [http-nio-8080-exec-7] DEBUG org.mybatis.spring.SqlSessionUtils - Closing non transactional SqlSession [org.apache.ibatis.session.defaults.DefaultSqlSession@38b16810]
2025-01-07 09:29:33 [http-nio-8080-exec-10] DEBUG org.mybatis.spring.SqlSessionUtils - Closing non transactional SqlSession [org.apache.ibatis.session.defaults.DefaultSqlSession@1185a3b3]
2025-01-07 09:29:33 [http-nio-8080-exec-6] DEBUG org.mybatis.spring.SqlSessionUtils - Closing non transactional SqlSession [org.apache.ibatis.session.defaults.DefaultSqlSession@2b7e6342]
2025-01-07 09:29:33 [http-nio-8080-exec-2] DEBUG org.mybatis.spring.SqlSessionUtils - Creating a new SqlSession
2025-01-07 09:29:33 [http-nio-8080-exec-8] DEBUG org.mybatis.spring.SqlSessionUtils - Creating a new SqlSession
2025-01-07 09:29:33 [http-nio-8080-exec-8] DEBUG org.mybatis.spring.SqlSessionUtils - SqlSession [org.apache.ibatis.session.defaults.DefaultSqlSession@65b7e2c5] was not registered for synchronization because synchronization is not active
2025-01-07 09:29:33 [http-nio-8080-exec-2] DEBUG org.mybatis.spring.SqlSessionUtils - SqlSession [org.apache.ibatis.session.defaults.DefaultSqlSession@44585d36] was not registered for synchronization because synchronization is not active
2025-01-07 09:29:33 [http-nio-8080-exec-8] DEBUG o.m.s.t.SpringManagedTransaction - JDBC Connection [HikariProxyConnection@311051482 wrapping com.mysql.cj.jdbc.ConnectionImpl@27cc7e61] will not be managed by Spring
2025-01-07 09:29:33 [http-nio-8080-exec-2] DEBUG o.m.s.t.SpringManagedTransaction - JDBC Connection [HikariProxyConnection@1389114482 wrapping com.mysql.cj.jdbc.ConnectionImpl@5126c08e] will not be managed by Spring
2025-01-07 09:29:33 [http-nio-8080-exec-8] DEBUG c.s.d.m.C.selectLnbSubList - ==>  Preparing: SELECT CT_LNB_SUB_IDX AS ctLnbSubIdx, CT_LNB_ID AS ctLnbId, CT_LNB_SUB_ID AS ctLnbSubId, CT_LNB_SUB_NAME AS ctLnbSubName, CT_LNB_SUB_URL AS ctLnbSubUrl FROM CT_LNB_SUB WHERE CT_LNB_ID = ? ORDER BY CT_LNB_SUB_IDX
2025-01-07 09:29:33 [http-nio-8080-exec-2] DEBUG c.s.d.m.C.selectLnbSubList - ==>  Preparing: SELECT CT_LNB_SUB_IDX AS ctLnbSubIdx, CT_LNB_ID AS ctLnbId, CT_LNB_SUB_ID AS ctLnbSubId, CT_LNB_SUB_NAME AS ctLnbSubName, CT_LNB_SUB_URL AS ctLnbSubUrl FROM CT_LNB_SUB WHERE CT_LNB_ID = ? ORDER BY CT_LNB_SUB_IDX
2025-01-07 09:29:33 [http-nio-8080-exec-5] DEBUG org.mybatis.spring.SqlSessionUtils - Creating a new SqlSession
2025-01-07 09:29:33 [http-nio-8080-exec-5] DEBUG org.mybatis.spring.SqlSessionUtils - SqlSession [org.apache.ibatis.session.defaults.DefaultSqlSession@3cefaff7] was not registered for synchronization because synchronization is not active
2025-01-07 09:29:33 [http-nio-8080-exec-5] DEBUG o.m.s.t.SpringManagedTransaction - JDBC Connection [HikariProxyConnection@25375681 wrapping com.mysql.cj.jdbc.ConnectionImpl@18b04cf8] will not be managed by Spring
2025-01-07 09:29:33 [http-nio-8080-exec-8] DEBUG c.s.d.m.C.selectLnbSubList - ==> Parameters: CT_LNB_INFORMATION(String)
2025-01-07 09:29:33 [http-nio-8080-exec-2] DEBUG c.s.d.m.C.selectLnbSubList - ==> Parameters: CT_LNB_SERVICE(String)
2025-01-07 09:29:33 [http-nio-8080-exec-5] DEBUG c.s.d.m.C.selectLnbSubList - ==>  Preparing: SELECT CT_LNB_SUB_IDX AS ctLnbSubIdx, CT_LNB_ID AS ctLnbId, CT_LNB_SUB_ID AS ctLnbSubId, CT_LNB_SUB_NAME AS ctLnbSubName, CT_LNB_SUB_URL AS ctLnbSubUrl FROM CT_LNB_SUB WHERE CT_LNB_ID = ? ORDER BY CT_LNB_SUB_IDX
2025-01-07 09:29:33 [http-nio-8080-exec-5] DEBUG c.s.d.m.C.selectLnbSubList - ==> Parameters: CT_LNB_CONTACT(String)
2025-01-07 09:29:33 [http-nio-8080-exec-8] DEBUG c.s.d.m.C.selectLnbSubList - <==      Total: 2
2025-01-07 09:29:33 [http-nio-8080-exec-5] DEBUG c.s.d.m.C.selectLnbSubList - <==      Total: 2
2025-01-07 09:29:33 [http-nio-8080-exec-2] DEBUG c.s.d.m.C.selectLnbSubList - <==      Total: 4
2025-01-07 09:29:33 [http-nio-8080-exec-8] DEBUG org.mybatis.spring.SqlSessionUtils - Closing non transactional SqlSession [org.apache.ibatis.session.defaults.DefaultSqlSession@65b7e2c5]
2025-01-07 09:29:33 [http-nio-8080-exec-5] DEBUG org.mybatis.spring.SqlSessionUtils - Closing non transactional SqlSession [org.apache.ibatis.session.defaults.DefaultSqlSession@3cefaff7]
2025-01-07 09:29:33 [http-nio-8080-exec-2] DEBUG org.mybatis.spring.SqlSessionUtils - Closing non transactional SqlSession [org.apache.ibatis.session.defaults.DefaultSqlSession@44585d36]
2025-01-07 09:29:51 [http-nio-8080-exec-4] WARN  o.t.s.p.AbstractStandardFragmentInsertionTagProcessor - [THYMELEAF][http-nio-8080-exec-4][common/layout/layout] Deprecated unwrapped fragment expression "common/fragments/header::header" found in template common/layout/layout, line 29, col 10. Please use the complete syntax of fragment expressions instead ("~{common/fragments/header::header}"). The old, unwrapped syntax for fragment expressions will be removed in future versions of Thymeleaf.
2025-01-07 09:29:51 [http-nio-8080-exec-4] WARN  o.t.s.p.AbstractStandardFragmentInsertionTagProcessor - [THYMELEAF][http-nio-8080-exec-4][common/layout/layout] Deprecated unwrapped fragment expression "common/fragments/footer::footer" found in template common/layout/layout, line 33, col 10. Please use the complete syntax of fragment expressions instead ("~{common/fragments/footer::footer}"). The old, unwrapped syntax for fragment expressions will be removed in future versions of Thymeleaf.
2025-01-07 09:29:51 [http-nio-8080-exec-2] DEBUG org.mybatis.spring.SqlSessionUtils - Creating a new SqlSession
2025-01-07 09:29:51 [http-nio-8080-exec-2] DEBUG org.mybatis.spring.SqlSessionUtils - SqlSession [org.apache.ibatis.session.defaults.DefaultSqlSession@3f2bd319] was not registered for synchronization because synchronization is not active
2025-01-07 09:29:51 [http-nio-8080-exec-2] DEBUG o.m.s.t.SpringManagedTransaction - JDBC Connection [HikariProxyConnection@958171175 wrapping com.mysql.cj.jdbc.ConnectionImpl@5126c08e] will not be managed by Spring
2025-01-07 09:29:51 [http-nio-8080-exec-2] DEBUG c.s.d.m.CommonMapper.selectLnbList - ==>  Preparing: SELECT CT_LNB_IDX AS ctLnbIdx, CT_LNB_ID AS ctLnbId, CT_LNB_NAME AS ctLnbName, CT_LNB_SUB_YN AS ctLnbSubYn, CT_LNB_URL AS ctLnbUrl, CT_LNB_USE_YN AS ctLnbUseYn FROM CT_LNB WHERE CT_LNB_USE_YN = 'Y' ORDER BY CT_LNB_IDX
2025-01-07 09:29:51 [http-nio-8080-exec-2] DEBUG c.s.d.m.CommonMapper.selectLnbList - ==> Parameters: 
2025-01-07 09:29:51 [http-nio-8080-exec-2] DEBUG c.s.d.m.CommonMapper.selectLnbList - <==      Total: 4
2025-01-07 09:29:51 [http-nio-8080-exec-2] DEBUG org.mybatis.spring.SqlSessionUtils - Closing non transactional SqlSession [org.apache.ibatis.session.defaults.DefaultSqlSession@3f2bd319]
2025-01-07 09:29:51 [http-nio-8080-exec-4] DEBUG org.mybatis.spring.SqlSessionUtils - Creating a new SqlSession
2025-01-07 09:29:51 [http-nio-8080-exec-4] DEBUG org.mybatis.spring.SqlSessionUtils - SqlSession [org.apache.ibatis.session.defaults.DefaultSqlSession@1a224b5b] was not registered for synchronization because synchronization is not active
2025-01-07 09:29:51 [http-nio-8080-exec-4] DEBUG o.m.s.t.SpringManagedTransaction - JDBC Connection [HikariProxyConnection@1440713770 wrapping com.mysql.cj.jdbc.ConnectionImpl@5126c08e] will not be managed by Spring
2025-01-07 09:29:51 [http-nio-8080-exec-4] DEBUG c.s.d.m.CommonMapper.selectLnbList - ==>  Preparing: SELECT CT_LNB_IDX AS ctLnbIdx, CT_LNB_ID AS ctLnbId, CT_LNB_NAME AS ctLnbName, CT_LNB_SUB_YN AS ctLnbSubYn, CT_LNB_URL AS ctLnbUrl, CT_LNB_USE_YN AS ctLnbUseYn FROM CT_LNB WHERE CT_LNB_USE_YN = 'Y' ORDER BY CT_LNB_IDX
2025-01-07 09:29:51 [http-nio-8080-exec-4] DEBUG c.s.d.m.CommonMapper.selectLnbList - ==> Parameters: 
2025-01-07 09:29:51 [http-nio-8080-exec-4] DEBUG c.s.d.m.CommonMapper.selectLnbList - <==      Total: 4
2025-01-07 09:29:51 [http-nio-8080-exec-4] DEBUG org.mybatis.spring.SqlSessionUtils - Closing non transactional SqlSession [org.apache.ibatis.session.defaults.DefaultSqlSession@1a224b5b]
2025-01-07 09:29:51 [http-nio-8080-exec-7] DEBUG org.mybatis.spring.SqlSessionUtils - Creating a new SqlSession
2025-01-07 09:29:51 [http-nio-8080-exec-9] DEBUG org.mybatis.spring.SqlSessionUtils - Creating a new SqlSession
2025-01-07 09:29:51 [http-nio-8080-exec-1] DEBUG org.mybatis.spring.SqlSessionUtils - Creating a new SqlSession
2025-01-07 09:29:51 [http-nio-8080-exec-9] DEBUG org.mybatis.spring.SqlSessionUtils - SqlSession [org.apache.ibatis.session.defaults.DefaultSqlSession@6676799] was not registered for synchronization because synchronization is not active
2025-01-07 09:29:51 [http-nio-8080-exec-7] DEBUG org.mybatis.spring.SqlSessionUtils - SqlSession [org.apache.ibatis.session.defaults.DefaultSqlSession@288b096d] was not registered for synchronization because synchronization is not active
2025-01-07 09:29:51 [http-nio-8080-exec-1] DEBUG org.mybatis.spring.SqlSessionUtils - SqlSession [org.apache.ibatis.session.defaults.DefaultSqlSession@3c4d5e2] was not registered for synchronization because synchronization is not active
2025-01-07 09:29:51 [http-nio-8080-exec-7] DEBUG o.m.s.t.SpringManagedTransaction - JDBC Connection [HikariProxyConnection@95508375 wrapping com.mysql.cj.jdbc.ConnectionImpl@5126c08e] will not be managed by Spring
2025-01-07 09:29:51 [http-nio-8080-exec-7] DEBUG c.s.d.m.C.selectLnbSubList - ==>  Preparing: SELECT CT_LNB_SUB_IDX AS ctLnbSubIdx, CT_LNB_ID AS ctLnbId, CT_LNB_SUB_ID AS ctLnbSubId, CT_LNB_SUB_NAME AS ctLnbSubName, CT_LNB_SUB_URL AS ctLnbSubUrl FROM CT_LNB_SUB WHERE CT_LNB_ID = ? ORDER BY CT_LNB_SUB_IDX
2025-01-07 09:29:51 [http-nio-8080-exec-9] DEBUG o.m.s.t.SpringManagedTransaction - JDBC Connection [HikariProxyConnection@2004134012 wrapping com.mysql.cj.jdbc.ConnectionImpl@27cc7e61] will not be managed by Spring
2025-01-07 09:29:51 [http-nio-8080-exec-1] DEBUG o.m.s.t.SpringManagedTransaction - JDBC Connection [HikariProxyConnection@1420169157 wrapping com.mysql.cj.jdbc.ConnectionImpl@18b04cf8] will not be managed by Spring
2025-01-07 09:29:51 [http-nio-8080-exec-9] DEBUG c.s.d.m.C.selectLnbSubList - ==>  Preparing: SELECT CT_LNB_SUB_IDX AS ctLnbSubIdx, CT_LNB_ID AS ctLnbId, CT_LNB_SUB_ID AS ctLnbSubId, CT_LNB_SUB_NAME AS ctLnbSubName, CT_LNB_SUB_URL AS ctLnbSubUrl FROM CT_LNB_SUB WHERE CT_LNB_ID = ? ORDER BY CT_LNB_SUB_IDX
2025-01-07 09:29:51 [http-nio-8080-exec-7] DEBUG c.s.d.m.C.selectLnbSubList - ==> Parameters: CT_LNB_CONTACT(String)
2025-01-07 09:29:51 [http-nio-8080-exec-1] DEBUG c.s.d.m.C.selectLnbSubList - ==>  Preparing: SELECT CT_LNB_SUB_IDX AS ctLnbSubIdx, CT_LNB_ID AS ctLnbId, CT_LNB_SUB_ID AS ctLnbSubId, CT_LNB_SUB_NAME AS ctLnbSubName, CT_LNB_SUB_URL AS ctLnbSubUrl FROM CT_LNB_SUB WHERE CT_LNB_ID = ? ORDER BY CT_LNB_SUB_IDX
2025-01-07 09:29:51 [http-nio-8080-exec-9] DEBUG c.s.d.m.C.selectLnbSubList - ==> Parameters: CT_LNB_SERVICE(String)
2025-01-07 09:29:51 [http-nio-8080-exec-1] DEBUG c.s.d.m.C.selectLnbSubList - ==> Parameters: CT_LNB_INFORMATION(String)
2025-01-07 09:29:51 [http-nio-8080-exec-1] DEBUG c.s.d.m.C.selectLnbSubList - <==      Total: 2
2025-01-07 09:29:51 [http-nio-8080-exec-7] DEBUG c.s.d.m.C.selectLnbSubList - <==      Total: 2
2025-01-07 09:29:51 [http-nio-8080-exec-9] DEBUG c.s.d.m.C.selectLnbSubList - <==      Total: 4
2025-01-07 09:29:51 [http-nio-8080-exec-1] DEBUG org.mybatis.spring.SqlSessionUtils - Closing non transactional SqlSession [org.apache.ibatis.session.defaults.DefaultSqlSession@3c4d5e2]
2025-01-07 09:29:51 [http-nio-8080-exec-7] DEBUG org.mybatis.spring.SqlSessionUtils - Closing non transactional SqlSession [org.apache.ibatis.session.defaults.DefaultSqlSession@288b096d]
2025-01-07 09:29:51 [http-nio-8080-exec-9] DEBUG org.mybatis.spring.SqlSessionUtils - Closing non transactional SqlSession [org.apache.ibatis.session.defaults.DefaultSqlSession@6676799]
2025-01-07 09:29:51 [http-nio-8080-exec-10] DEBUG org.mybatis.spring.SqlSessionUtils - Creating a new SqlSession
2025-01-07 09:29:51 [http-nio-8080-exec-3] DEBUG org.mybatis.spring.SqlSessionUtils - Creating a new SqlSession
2025-01-07 09:29:51 [http-nio-8080-exec-6] DEBUG org.mybatis.spring.SqlSessionUtils - Creating a new SqlSession
2025-01-07 09:29:51 [http-nio-8080-exec-10] DEBUG org.mybatis.spring.SqlSessionUtils - SqlSession [org.apache.ibatis.session.defaults.DefaultSqlSession@21372025] was not registered for synchronization because synchronization is not active
2025-01-07 09:29:51 [http-nio-8080-exec-3] DEBUG org.mybatis.spring.SqlSessionUtils - SqlSession [org.apache.ibatis.session.defaults.DefaultSqlSession@55de3722] was not registered for synchronization because synchronization is not active
2025-01-07 09:29:51 [http-nio-8080-exec-6] DEBUG org.mybatis.spring.SqlSessionUtils - SqlSession [org.apache.ibatis.session.defaults.DefaultSqlSession@28050359] was not registered for synchronization because synchronization is not active
2025-01-07 09:29:51 [http-nio-8080-exec-10] DEBUG o.m.s.t.SpringManagedTransaction - JDBC Connection [HikariProxyConnection@1681057100 wrapping com.mysql.cj.jdbc.ConnectionImpl@18b04cf8] will not be managed by Spring
2025-01-07 09:29:51 [http-nio-8080-exec-3] DEBUG o.m.s.t.SpringManagedTransaction - JDBC Connection [HikariProxyConnection@1690317145 wrapping com.mysql.cj.jdbc.ConnectionImpl@5126c08e] will not be managed by Spring
2025-01-07 09:29:51 [http-nio-8080-exec-6] DEBUG o.m.s.t.SpringManagedTransaction - JDBC Connection [HikariProxyConnection@1369961025 wrapping com.mysql.cj.jdbc.ConnectionImpl@27cc7e61] will not be managed by Spring
2025-01-07 09:29:51 [http-nio-8080-exec-10] DEBUG c.s.d.m.C.selectLnbSubList - ==>  Preparing: SELECT CT_LNB_SUB_IDX AS ctLnbSubIdx, CT_LNB_ID AS ctLnbId, CT_LNB_SUB_ID AS ctLnbSubId, CT_LNB_SUB_NAME AS ctLnbSubName, CT_LNB_SUB_URL AS ctLnbSubUrl FROM CT_LNB_SUB WHERE CT_LNB_ID = ? ORDER BY CT_LNB_SUB_IDX
2025-01-07 09:29:51 [http-nio-8080-exec-3] DEBUG c.s.d.m.C.selectLnbSubList - ==>  Preparing: SELECT CT_LNB_SUB_IDX AS ctLnbSubIdx, CT_LNB_ID AS ctLnbId, CT_LNB_SUB_ID AS ctLnbSubId, CT_LNB_SUB_NAME AS ctLnbSubName, CT_LNB_SUB_URL AS ctLnbSubUrl FROM CT_LNB_SUB WHERE CT_LNB_ID = ? ORDER BY CT_LNB_SUB_IDX
2025-01-07 09:29:51 [http-nio-8080-exec-6] DEBUG c.s.d.m.C.selectLnbSubList - ==>  Preparing: SELECT CT_LNB_SUB_IDX AS ctLnbSubIdx, CT_LNB_ID AS ctLnbId, CT_LNB_SUB_ID AS ctLnbSubId, CT_LNB_SUB_NAME AS ctLnbSubName, CT_LNB_SUB_URL AS ctLnbSubUrl FROM CT_LNB_SUB WHERE CT_LNB_ID = ? ORDER BY CT_LNB_SUB_IDX
2025-01-07 09:29:51 [http-nio-8080-exec-3] DEBUG c.s.d.m.C.selectLnbSubList - ==> Parameters: CT_LNB_CONTACT(String)
2025-01-07 09:29:51 [http-nio-8080-exec-10] DEBUG c.s.d.m.C.selectLnbSubList - ==> Parameters: CT_LNB_SERVICE(String)
2025-01-07 09:29:51 [http-nio-8080-exec-6] DEBUG c.s.d.m.C.selectLnbSubList - ==> Parameters: CT_LNB_INFORMATION(String)
2025-01-07 09:29:51 [http-nio-8080-exec-10] DEBUG c.s.d.m.C.selectLnbSubList - <==      Total: 4
2025-01-07 09:29:51 [http-nio-8080-exec-3] DEBUG c.s.d.m.C.selectLnbSubList - <==      Total: 2
2025-01-07 09:29:51 [http-nio-8080-exec-6] DEBUG c.s.d.m.C.selectLnbSubList - <==      Total: 2
2025-01-07 09:29:51 [http-nio-8080-exec-3] DEBUG org.mybatis.spring.SqlSessionUtils - Closing non transactional SqlSession [org.apache.ibatis.session.defaults.DefaultSqlSession@55de3722]
2025-01-07 09:29:51 [http-nio-8080-exec-10] DEBUG org.mybatis.spring.SqlSessionUtils - Closing non transactional SqlSession [org.apache.ibatis.session.defaults.DefaultSqlSession@21372025]
2025-01-07 09:29:51 [http-nio-8080-exec-6] DEBUG org.mybatis.spring.SqlSessionUtils - Closing non transactional SqlSession [org.apache.ibatis.session.defaults.DefaultSqlSession@28050359]
2025-01-07 09:29:54 [http-nio-8080-exec-8] WARN  o.t.s.p.AbstractStandardFragmentInsertionTagProcessor - [THYMELEAF][http-nio-8080-exec-8][common/layout/layout] Deprecated unwrapped fragment expression "common/fragments/header::header" found in template common/layout/layout, line 29, col 10. Please use the complete syntax of fragment expressions instead ("~{common/fragments/header::header}"). The old, unwrapped syntax for fragment expressions will be removed in future versions of Thymeleaf.
2025-01-07 09:29:54 [http-nio-8080-exec-8] WARN  o.t.s.p.AbstractStandardFragmentInsertionTagProcessor - [THYMELEAF][http-nio-8080-exec-8][common/layout/layout] Deprecated unwrapped fragment expression "common/fragments/footer::footer" found in template common/layout/layout, line 33, col 10. Please use the complete syntax of fragment expressions instead ("~{common/fragments/footer::footer}"). The old, unwrapped syntax for fragment expressions will be removed in future versions of Thymeleaf.
2025-01-07 09:29:54 [http-nio-8080-exec-3] DEBUG org.mybatis.spring.SqlSessionUtils - Creating a new SqlSession
2025-01-07 09:29:54 [http-nio-8080-exec-3] DEBUG org.mybatis.spring.SqlSessionUtils - SqlSession [org.apache.ibatis.session.defaults.DefaultSqlSession@6dd66ab8] was not registered for synchronization because synchronization is not active
2025-01-07 09:29:54 [http-nio-8080-exec-3] DEBUG o.m.s.t.SpringManagedTransaction - JDBC Connection [HikariProxyConnection@1234515719 wrapping com.mysql.cj.jdbc.ConnectionImpl@5126c08e] will not be managed by Spring
2025-01-07 09:29:54 [http-nio-8080-exec-3] DEBUG c.s.d.m.CommonMapper.selectLnbList - ==>  Preparing: SELECT CT_LNB_IDX AS ctLnbIdx, CT_LNB_ID AS ctLnbId, CT_LNB_NAME AS ctLnbName, CT_LNB_SUB_YN AS ctLnbSubYn, CT_LNB_URL AS ctLnbUrl, CT_LNB_USE_YN AS ctLnbUseYn FROM CT_LNB WHERE CT_LNB_USE_YN = 'Y' ORDER BY CT_LNB_IDX
2025-01-07 09:29:54 [http-nio-8080-exec-3] DEBUG c.s.d.m.CommonMapper.selectLnbList - ==> Parameters: 
2025-01-07 09:29:54 [http-nio-8080-exec-3] DEBUG c.s.d.m.CommonMapper.selectLnbList - <==      Total: 4
2025-01-07 09:29:54 [http-nio-8080-exec-3] DEBUG org.mybatis.spring.SqlSessionUtils - Closing non transactional SqlSession [org.apache.ibatis.session.defaults.DefaultSqlSession@6dd66ab8]
2025-01-07 09:29:54 [http-nio-8080-exec-8] DEBUG org.mybatis.spring.SqlSessionUtils - Creating a new SqlSession
2025-01-07 09:29:54 [http-nio-8080-exec-8] DEBUG org.mybatis.spring.SqlSessionUtils - SqlSession [org.apache.ibatis.session.defaults.DefaultSqlSession@683f268] was not registered for synchronization because synchronization is not active
2025-01-07 09:29:54 [http-nio-8080-exec-8] DEBUG o.m.s.t.SpringManagedTransaction - JDBC Connection [HikariProxyConnection@1821238900 wrapping com.mysql.cj.jdbc.ConnectionImpl@27cc7e61] will not be managed by Spring
2025-01-07 09:29:54 [http-nio-8080-exec-8] DEBUG c.s.d.m.CommonMapper.selectLnbList - ==>  Preparing: SELECT CT_LNB_IDX AS ctLnbIdx, CT_LNB_ID AS ctLnbId, CT_LNB_NAME AS ctLnbName, CT_LNB_SUB_YN AS ctLnbSubYn, CT_LNB_URL AS ctLnbUrl, CT_LNB_USE_YN AS ctLnbUseYn FROM CT_LNB WHERE CT_LNB_USE_YN = 'Y' ORDER BY CT_LNB_IDX
2025-01-07 09:29:54 [http-nio-8080-exec-8] DEBUG c.s.d.m.CommonMapper.selectLnbList - ==> Parameters: 
2025-01-07 09:29:54 [http-nio-8080-exec-8] DEBUG c.s.d.m.CommonMapper.selectLnbList - <==      Total: 4
2025-01-07 09:29:54 [http-nio-8080-exec-8] DEBUG org.mybatis.spring.SqlSessionUtils - Closing non transactional SqlSession [org.apache.ibatis.session.defaults.DefaultSqlSession@683f268]
2025-01-07 09:29:54 [http-nio-8080-exec-4] DEBUG org.mybatis.spring.SqlSessionUtils - Creating a new SqlSession
2025-01-07 09:29:54 [http-nio-8080-exec-7] DEBUG org.mybatis.spring.SqlSessionUtils - Creating a new SqlSession
2025-01-07 09:29:54 [http-nio-8080-exec-1] DEBUG org.mybatis.spring.SqlSessionUtils - Creating a new SqlSession
2025-01-07 09:29:54 [http-nio-8080-exec-7] DEBUG org.mybatis.spring.SqlSessionUtils - SqlSession [org.apache.ibatis.session.defaults.DefaultSqlSession@1a8c6bfe] was not registered for synchronization because synchronization is not active
2025-01-07 09:29:54 [http-nio-8080-exec-1] DEBUG org.mybatis.spring.SqlSessionUtils - SqlSession [org.apache.ibatis.session.defaults.DefaultSqlSession@2712970] was not registered for synchronization because synchronization is not active
2025-01-07 09:29:54 [http-nio-8080-exec-4] DEBUG org.mybatis.spring.SqlSessionUtils - SqlSession [org.apache.ibatis.session.defaults.DefaultSqlSession@24bf45f4] was not registered for synchronization because synchronization is not active
2025-01-07 09:29:54 [http-nio-8080-exec-7] DEBUG o.m.s.t.SpringManagedTransaction - JDBC Connection [HikariProxyConnection@361663191 wrapping com.mysql.cj.jdbc.ConnectionImpl@5126c08e] will not be managed by Spring
2025-01-07 09:29:54 [http-nio-8080-exec-4] DEBUG o.m.s.t.SpringManagedTransaction - JDBC Connection [HikariProxyConnection@220734357 wrapping com.mysql.cj.jdbc.ConnectionImpl@27cc7e61] will not be managed by Spring
2025-01-07 09:29:54 [http-nio-8080-exec-7] DEBUG c.s.d.m.C.selectLnbSubList - ==>  Preparing: SELECT CT_LNB_SUB_IDX AS ctLnbSubIdx, CT_LNB_ID AS ctLnbId, CT_LNB_SUB_ID AS ctLnbSubId, CT_LNB_SUB_NAME AS ctLnbSubName, CT_LNB_SUB_URL AS ctLnbSubUrl FROM CT_LNB_SUB WHERE CT_LNB_ID = ? ORDER BY CT_LNB_SUB_IDX
2025-01-07 09:29:54 [http-nio-8080-exec-4] DEBUG c.s.d.m.C.selectLnbSubList - ==>  Preparing: SELECT CT_LNB_SUB_IDX AS ctLnbSubIdx, CT_LNB_ID AS ctLnbId, CT_LNB_SUB_ID AS ctLnbSubId, CT_LNB_SUB_NAME AS ctLnbSubName, CT_LNB_SUB_URL AS ctLnbSubUrl FROM CT_LNB_SUB WHERE CT_LNB_ID = ? ORDER BY CT_LNB_SUB_IDX
2025-01-07 09:29:54 [http-nio-8080-exec-7] DEBUG c.s.d.m.C.selectLnbSubList - ==> Parameters: CT_LNB_CONTACT(String)
2025-01-07 09:29:54 [http-nio-8080-exec-4] DEBUG c.s.d.m.C.selectLnbSubList - ==> Parameters: CT_LNB_INFORMATION(String)
2025-01-07 09:29:54 [http-nio-8080-exec-1] DEBUG o.m.s.t.SpringManagedTransaction - JDBC Connection [HikariProxyConnection@1724761820 wrapping com.mysql.cj.jdbc.ConnectionImpl@18b04cf8] will not be managed by Spring
2025-01-07 09:29:54 [http-nio-8080-exec-1] DEBUG c.s.d.m.C.selectLnbSubList - ==>  Preparing: SELECT CT_LNB_SUB_IDX AS ctLnbSubIdx, CT_LNB_ID AS ctLnbId, CT_LNB_SUB_ID AS ctLnbSubId, CT_LNB_SUB_NAME AS ctLnbSubName, CT_LNB_SUB_URL AS ctLnbSubUrl FROM CT_LNB_SUB WHERE CT_LNB_ID = ? ORDER BY CT_LNB_SUB_IDX
2025-01-07 09:29:54 [http-nio-8080-exec-1] DEBUG c.s.d.m.C.selectLnbSubList - ==> Parameters: CT_LNB_SERVICE(String)
2025-01-07 09:29:54 [http-nio-8080-exec-7] DEBUG c.s.d.m.C.selectLnbSubList - <==      Total: 2
2025-01-07 09:29:54 [http-nio-8080-exec-1] DEBUG c.s.d.m.C.selectLnbSubList - <==      Total: 4
2025-01-07 09:29:54 [http-nio-8080-exec-4] DEBUG c.s.d.m.C.selectLnbSubList - <==      Total: 2
2025-01-07 09:29:54 [http-nio-8080-exec-7] DEBUG org.mybatis.spring.SqlSessionUtils - Closing non transactional SqlSession [org.apache.ibatis.session.defaults.DefaultSqlSession@1a8c6bfe]
2025-01-07 09:29:54 [http-nio-8080-exec-1] DEBUG org.mybatis.spring.SqlSessionUtils - Closing non transactional SqlSession [org.apache.ibatis.session.defaults.DefaultSqlSession@2712970]
2025-01-07 09:29:54 [http-nio-8080-exec-4] DEBUG org.mybatis.spring.SqlSessionUtils - Closing non transactional SqlSession [org.apache.ibatis.session.defaults.DefaultSqlSession@24bf45f4]
2025-01-07 09:29:54 [http-nio-8080-exec-5] DEBUG org.mybatis.spring.SqlSessionUtils - Creating a new SqlSession
2025-01-07 09:29:54 [http-nio-8080-exec-5] DEBUG org.mybatis.spring.SqlSessionUtils - SqlSession [org.apache.ibatis.session.defaults.DefaultSqlSession@3d3fb05d] was not registered for synchronization because synchronization is not active
2025-01-07 09:29:54 [http-nio-8080-exec-2] DEBUG org.mybatis.spring.SqlSessionUtils - Creating a new SqlSession
2025-01-07 09:29:54 [http-nio-8080-exec-9] DEBUG org.mybatis.spring.SqlSessionUtils - Creating a new SqlSession
2025-01-07 09:29:54 [http-nio-8080-exec-2] DEBUG org.mybatis.spring.SqlSessionUtils - SqlSession [org.apache.ibatis.session.defaults.DefaultSqlSession@5b74853a] was not registered for synchronization because synchronization is not active
2025-01-07 09:29:54 [http-nio-8080-exec-9] DEBUG org.mybatis.spring.SqlSessionUtils - SqlSession [org.apache.ibatis.session.defaults.DefaultSqlSession@3ca18f8a] was not registered for synchronization because synchronization is not active
2025-01-07 09:29:54 [http-nio-8080-exec-5] DEBUG o.m.s.t.SpringManagedTransaction - JDBC Connection [HikariProxyConnection@1270621002 wrapping com.mysql.cj.jdbc.ConnectionImpl@18b04cf8] will not be managed by Spring
2025-01-07 09:29:54 [http-nio-8080-exec-9] DEBUG o.m.s.t.SpringManagedTransaction - JDBC Connection [HikariProxyConnection@1858397994 wrapping com.mysql.cj.jdbc.ConnectionImpl@27cc7e61] will not be managed by Spring
2025-01-07 09:29:54 [http-nio-8080-exec-2] DEBUG o.m.s.t.SpringManagedTransaction - JDBC Connection [HikariProxyConnection@108295107 wrapping com.mysql.cj.jdbc.ConnectionImpl@5126c08e] will not be managed by Spring
2025-01-07 09:29:54 [http-nio-8080-exec-5] DEBUG c.s.d.m.C.selectLnbSubList - ==>  Preparing: SELECT CT_LNB_SUB_IDX AS ctLnbSubIdx, CT_LNB_ID AS ctLnbId, CT_LNB_SUB_ID AS ctLnbSubId, CT_LNB_SUB_NAME AS ctLnbSubName, CT_LNB_SUB_URL AS ctLnbSubUrl FROM CT_LNB_SUB WHERE CT_LNB_ID = ? ORDER BY CT_LNB_SUB_IDX
2025-01-07 09:29:54 [http-nio-8080-exec-9] DEBUG c.s.d.m.C.selectLnbSubList - ==>  Preparing: SELECT CT_LNB_SUB_IDX AS ctLnbSubIdx, CT_LNB_ID AS ctLnbId, CT_LNB_SUB_ID AS ctLnbSubId, CT_LNB_SUB_NAME AS ctLnbSubName, CT_LNB_SUB_URL AS ctLnbSubUrl FROM CT_LNB_SUB WHERE CT_LNB_ID = ? ORDER BY CT_LNB_SUB_IDX
2025-01-07 09:29:54 [http-nio-8080-exec-2] DEBUG c.s.d.m.C.selectLnbSubList - ==>  Preparing: SELECT CT_LNB_SUB_IDX AS ctLnbSubIdx, CT_LNB_ID AS ctLnbId, CT_LNB_SUB_ID AS ctLnbSubId, CT_LNB_SUB_NAME AS ctLnbSubName, CT_LNB_SUB_URL AS ctLnbSubUrl FROM CT_LNB_SUB WHERE CT_LNB_ID = ? ORDER BY CT_LNB_SUB_IDX
2025-01-07 09:29:54 [http-nio-8080-exec-5] DEBUG c.s.d.m.C.selectLnbSubList - ==> Parameters: CT_LNB_INFORMATION(String)
2025-01-07 09:29:54 [http-nio-8080-exec-2] DEBUG c.s.d.m.C.selectLnbSubList - ==> Parameters: CT_LNB_SERVICE(String)
2025-01-07 09:29:54 [http-nio-8080-exec-9] DEBUG c.s.d.m.C.selectLnbSubList - ==> Parameters: CT_LNB_CONTACT(String)
2025-01-07 09:29:54 [http-nio-8080-exec-5] DEBUG c.s.d.m.C.selectLnbSubList - <==      Total: 2
2025-01-07 09:29:54 [http-nio-8080-exec-9] DEBUG c.s.d.m.C.selectLnbSubList - <==      Total: 2
2025-01-07 09:29:54 [http-nio-8080-exec-2] DEBUG c.s.d.m.C.selectLnbSubList - <==      Total: 4
2025-01-07 09:29:54 [http-nio-8080-exec-5] DEBUG org.mybatis.spring.SqlSessionUtils - Closing non transactional SqlSession [org.apache.ibatis.session.defaults.DefaultSqlSession@3d3fb05d]
2025-01-07 09:29:54 [http-nio-8080-exec-9] DEBUG org.mybatis.spring.SqlSessionUtils - Closing non transactional SqlSession [org.apache.ibatis.session.defaults.DefaultSqlSession@3ca18f8a]
2025-01-07 09:29:54 [http-nio-8080-exec-2] DEBUG org.mybatis.spring.SqlSessionUtils - Closing non transactional SqlSession [org.apache.ibatis.session.defaults.DefaultSqlSession@5b74853a]
2025-01-07 09:31:29 [http-nio-8080-exec-1] WARN  o.t.s.p.AbstractStandardFragmentInsertionTagProcessor - [THYMELEAF][http-nio-8080-exec-1][common/layout/layout] Deprecated unwrapped fragment expression "common/fragments/header::header" found in template common/layout/layout, line 29, col 10. Please use the complete syntax of fragment expressions instead ("~{common/fragments/header::header}"). The old, unwrapped syntax for fragment expressions will be removed in future versions of Thymeleaf.
2025-01-07 09:31:29 [http-nio-8080-exec-1] WARN  o.t.s.p.AbstractStandardFragmentInsertionTagProcessor - [THYMELEAF][http-nio-8080-exec-1][common/layout/layout] Deprecated unwrapped fragment expression "common/fragments/footer::footer" found in template common/layout/layout, line 33, col 10. Please use the complete syntax of fragment expressions instead ("~{common/fragments/footer::footer}"). The old, unwrapped syntax for fragment expressions will be removed in future versions of Thymeleaf.
2025-01-07 09:31:29 [http-nio-8080-exec-4] DEBUG org.mybatis.spring.SqlSessionUtils - Creating a new SqlSession
2025-01-07 09:31:29 [http-nio-8080-exec-4] DEBUG org.mybatis.spring.SqlSessionUtils - SqlSession [org.apache.ibatis.session.defaults.DefaultSqlSession@5dac28ca] was not registered for synchronization because synchronization is not active
2025-01-07 09:31:29 [http-nio-8080-exec-4] DEBUG o.m.s.t.SpringManagedTransaction - JDBC Connection [HikariProxyConnection@65164910 wrapping com.mysql.cj.jdbc.ConnectionImpl@27cc7e61] will not be managed by Spring
2025-01-07 09:31:29 [http-nio-8080-exec-4] DEBUG c.s.d.m.CommonMapper.selectLnbList - ==>  Preparing: SELECT CT_LNB_IDX AS ctLnbIdx, CT_LNB_ID AS ctLnbId, CT_LNB_NAME AS ctLnbName, CT_LNB_SUB_YN AS ctLnbSubYn, CT_LNB_URL AS ctLnbUrl, CT_LNB_USE_YN AS ctLnbUseYn FROM CT_LNB WHERE CT_LNB_USE_YN = 'Y' ORDER BY CT_LNB_IDX
2025-01-07 09:31:29 [http-nio-8080-exec-4] DEBUG c.s.d.m.CommonMapper.selectLnbList - ==> Parameters: 
2025-01-07 09:31:29 [http-nio-8080-exec-4] DEBUG c.s.d.m.CommonMapper.selectLnbList - <==      Total: 4
2025-01-07 09:31:29 [http-nio-8080-exec-4] DEBUG org.mybatis.spring.SqlSessionUtils - Closing non transactional SqlSession [org.apache.ibatis.session.defaults.DefaultSqlSession@5dac28ca]
2025-01-07 09:31:29 [http-nio-8080-exec-1] DEBUG org.mybatis.spring.SqlSessionUtils - Creating a new SqlSession
2025-01-07 09:31:29 [http-nio-8080-exec-1] DEBUG org.mybatis.spring.SqlSessionUtils - SqlSession [org.apache.ibatis.session.defaults.DefaultSqlSession@7ccb195a] was not registered for synchronization because synchronization is not active
2025-01-07 09:31:29 [http-nio-8080-exec-1] DEBUG o.m.s.t.SpringManagedTransaction - JDBC Connection [HikariProxyConnection@1918321597 wrapping com.mysql.cj.jdbc.ConnectionImpl@18b04cf8] will not be managed by Spring
2025-01-07 09:31:29 [http-nio-8080-exec-1] DEBUG c.s.d.m.CommonMapper.selectLnbList - ==>  Preparing: SELECT CT_LNB_IDX AS ctLnbIdx, CT_LNB_ID AS ctLnbId, CT_LNB_NAME AS ctLnbName, CT_LNB_SUB_YN AS ctLnbSubYn, CT_LNB_URL AS ctLnbUrl, CT_LNB_USE_YN AS ctLnbUseYn FROM CT_LNB WHERE CT_LNB_USE_YN = 'Y' ORDER BY CT_LNB_IDX
2025-01-07 09:31:29 [http-nio-8080-exec-1] DEBUG c.s.d.m.CommonMapper.selectLnbList - ==> Parameters: 
2025-01-07 09:31:29 [http-nio-8080-exec-1] DEBUG c.s.d.m.CommonMapper.selectLnbList - <==      Total: 4
2025-01-07 09:31:29 [http-nio-8080-exec-1] DEBUG org.mybatis.spring.SqlSessionUtils - Closing non transactional SqlSession [org.apache.ibatis.session.defaults.DefaultSqlSession@7ccb195a]
2025-01-07 09:31:29 [http-nio-8080-exec-5] DEBUG org.mybatis.spring.SqlSessionUtils - Creating a new SqlSession
2025-01-07 09:31:29 [http-nio-8080-exec-2] DEBUG org.mybatis.spring.SqlSessionUtils - Creating a new SqlSession
2025-01-07 09:31:29 [http-nio-8080-exec-9] DEBUG org.mybatis.spring.SqlSessionUtils - Creating a new SqlSession
2025-01-07 09:31:29 [http-nio-8080-exec-5] DEBUG org.mybatis.spring.SqlSessionUtils - SqlSession [org.apache.ibatis.session.defaults.DefaultSqlSession@4686b81d] was not registered for synchronization because synchronization is not active
2025-01-07 09:31:29 [http-nio-8080-exec-2] DEBUG org.mybatis.spring.SqlSessionUtils - SqlSession [org.apache.ibatis.session.defaults.DefaultSqlSession@7ac6773d] was not registered for synchronization because synchronization is not active
2025-01-07 09:31:29 [http-nio-8080-exec-9] DEBUG org.mybatis.spring.SqlSessionUtils - SqlSession [org.apache.ibatis.session.defaults.DefaultSqlSession@174c7e8f] was not registered for synchronization because synchronization is not active
2025-01-07 09:31:29 [http-nio-8080-exec-9] DEBUG o.m.s.t.SpringManagedTransaction - JDBC Connection [HikariProxyConnection@1584936699 wrapping com.mysql.cj.jdbc.ConnectionImpl@27cc7e61] will not be managed by Spring
2025-01-07 09:31:29 [http-nio-8080-exec-5] DEBUG o.m.s.t.SpringManagedTransaction - JDBC Connection [HikariProxyConnection@1812620788 wrapping com.mysql.cj.jdbc.ConnectionImpl@18b04cf8] will not be managed by Spring
2025-01-07 09:31:29 [http-nio-8080-exec-5] DEBUG c.s.d.m.C.selectLnbSubList - ==>  Preparing: SELECT CT_LNB_SUB_IDX AS ctLnbSubIdx, CT_LNB_ID AS ctLnbId, CT_LNB_SUB_ID AS ctLnbSubId, CT_LNB_SUB_NAME AS ctLnbSubName, CT_LNB_SUB_URL AS ctLnbSubUrl FROM CT_LNB_SUB WHERE CT_LNB_ID = ? ORDER BY CT_LNB_SUB_IDX
2025-01-07 09:31:29 [http-nio-8080-exec-9] DEBUG c.s.d.m.C.selectLnbSubList - ==>  Preparing: SELECT CT_LNB_SUB_IDX AS ctLnbSubIdx, CT_LNB_ID AS ctLnbId, CT_LNB_SUB_ID AS ctLnbSubId, CT_LNB_SUB_NAME AS ctLnbSubName, CT_LNB_SUB_URL AS ctLnbSubUrl FROM CT_LNB_SUB WHERE CT_LNB_ID = ? ORDER BY CT_LNB_SUB_IDX
2025-01-07 09:31:29 [http-nio-8080-exec-9] DEBUG c.s.d.m.C.selectLnbSubList - ==> Parameters: CT_LNB_CONTACT(String)
2025-01-07 09:31:29 [http-nio-8080-exec-5] DEBUG c.s.d.m.C.selectLnbSubList - ==> Parameters: CT_LNB_INFORMATION(String)
2025-01-07 09:31:29 [http-nio-8080-exec-2] DEBUG o.m.s.t.SpringManagedTransaction - JDBC Connection [HikariProxyConnection@1594485197 wrapping com.mysql.cj.jdbc.ConnectionImpl@5126c08e] will not be managed by Spring
2025-01-07 09:31:29 [http-nio-8080-exec-2] DEBUG c.s.d.m.C.selectLnbSubList - ==>  Preparing: SELECT CT_LNB_SUB_IDX AS ctLnbSubIdx, CT_LNB_ID AS ctLnbId, CT_LNB_SUB_ID AS ctLnbSubId, CT_LNB_SUB_NAME AS ctLnbSubName, CT_LNB_SUB_URL AS ctLnbSubUrl FROM CT_LNB_SUB WHERE CT_LNB_ID = ? ORDER BY CT_LNB_SUB_IDX
2025-01-07 09:31:29 [http-nio-8080-exec-2] DEBUG c.s.d.m.C.selectLnbSubList - ==> Parameters: CT_LNB_SERVICE(String)
2025-01-07 09:31:29 [http-nio-8080-exec-9] DEBUG c.s.d.m.C.selectLnbSubList - <==      Total: 2
2025-01-07 09:31:29 [http-nio-8080-exec-2] DEBUG c.s.d.m.C.selectLnbSubList - <==      Total: 4
2025-01-07 09:31:29 [http-nio-8080-exec-5] DEBUG c.s.d.m.C.selectLnbSubList - <==      Total: 2
2025-01-07 09:31:29 [http-nio-8080-exec-2] DEBUG org.mybatis.spring.SqlSessionUtils - Closing non transactional SqlSession [org.apache.ibatis.session.defaults.DefaultSqlSession@7ac6773d]
2025-01-07 09:31:29 [http-nio-8080-exec-9] DEBUG org.mybatis.spring.SqlSessionUtils - Closing non transactional SqlSession [org.apache.ibatis.session.defaults.DefaultSqlSession@174c7e8f]
2025-01-07 09:31:29 [http-nio-8080-exec-5] DEBUG org.mybatis.spring.SqlSessionUtils - Closing non transactional SqlSession [org.apache.ibatis.session.defaults.DefaultSqlSession@4686b81d]
2025-01-07 09:31:29 [http-nio-8080-exec-6] DEBUG org.mybatis.spring.SqlSessionUtils - Creating a new SqlSession
2025-01-07 09:31:29 [http-nio-8080-exec-3] DEBUG org.mybatis.spring.SqlSessionUtils - Creating a new SqlSession
2025-01-07 09:31:29 [http-nio-8080-exec-10] DEBUG org.mybatis.spring.SqlSessionUtils - Creating a new SqlSession
2025-01-07 09:31:29 [http-nio-8080-exec-3] DEBUG org.mybatis.spring.SqlSessionUtils - SqlSession [org.apache.ibatis.session.defaults.DefaultSqlSession@39903e0a] was not registered for synchronization because synchronization is not active
2025-01-07 09:31:29 [http-nio-8080-exec-10] DEBUG org.mybatis.spring.SqlSessionUtils - SqlSession [org.apache.ibatis.session.defaults.DefaultSqlSession@7a0ba463] was not registered for synchronization because synchronization is not active
2025-01-07 09:31:29 [http-nio-8080-exec-6] DEBUG org.mybatis.spring.SqlSessionUtils - SqlSession [org.apache.ibatis.session.defaults.DefaultSqlSession@593ff1e7] was not registered for synchronization because synchronization is not active
2025-01-07 09:31:29 [http-nio-8080-exec-3] DEBUG o.m.s.t.SpringManagedTransaction - JDBC Connection [HikariProxyConnection@1507658544 wrapping com.mysql.cj.jdbc.ConnectionImpl@5126c08e] will not be managed by Spring
2025-01-07 09:31:29 [http-nio-8080-exec-6] DEBUG o.m.s.t.SpringManagedTransaction - JDBC Connection [HikariProxyConnection@491750846 wrapping com.mysql.cj.jdbc.ConnectionImpl@27cc7e61] will not be managed by Spring
2025-01-07 09:31:29 [http-nio-8080-exec-10] DEBUG o.m.s.t.SpringManagedTransaction - JDBC Connection [HikariProxyConnection@223056337 wrapping com.mysql.cj.jdbc.ConnectionImpl@18b04cf8] will not be managed by Spring
2025-01-07 09:31:29 [http-nio-8080-exec-3] DEBUG c.s.d.m.C.selectLnbSubList - ==>  Preparing: SELECT CT_LNB_SUB_IDX AS ctLnbSubIdx, CT_LNB_ID AS ctLnbId, CT_LNB_SUB_ID AS ctLnbSubId, CT_LNB_SUB_NAME AS ctLnbSubName, CT_LNB_SUB_URL AS ctLnbSubUrl FROM CT_LNB_SUB WHERE CT_LNB_ID = ? ORDER BY CT_LNB_SUB_IDX
2025-01-07 09:31:29 [http-nio-8080-exec-6] DEBUG c.s.d.m.C.selectLnbSubList - ==>  Preparing: SELECT CT_LNB_SUB_IDX AS ctLnbSubIdx, CT_LNB_ID AS ctLnbId, CT_LNB_SUB_ID AS ctLnbSubId, CT_LNB_SUB_NAME AS ctLnbSubName, CT_LNB_SUB_URL AS ctLnbSubUrl FROM CT_LNB_SUB WHERE CT_LNB_ID = ? ORDER BY CT_LNB_SUB_IDX
2025-01-07 09:31:29 [http-nio-8080-exec-10] DEBUG c.s.d.m.C.selectLnbSubList - ==>  Preparing: SELECT CT_LNB_SUB_IDX AS ctLnbSubIdx, CT_LNB_ID AS ctLnbId, CT_LNB_SUB_ID AS ctLnbSubId, CT_LNB_SUB_NAME AS ctLnbSubName, CT_LNB_SUB_URL AS ctLnbSubUrl FROM CT_LNB_SUB WHERE CT_LNB_ID = ? ORDER BY CT_LNB_SUB_IDX
2025-01-07 09:31:29 [http-nio-8080-exec-3] DEBUG c.s.d.m.C.selectLnbSubList - ==> Parameters: CT_LNB_SERVICE(String)
2025-01-07 09:31:29 [http-nio-8080-exec-6] DEBUG c.s.d.m.C.selectLnbSubList - ==> Parameters: CT_LNB_CONTACT(String)
2025-01-07 09:31:29 [http-nio-8080-exec-10] DEBUG c.s.d.m.C.selectLnbSubList - ==> Parameters: CT_LNB_INFORMATION(String)
2025-01-07 09:31:29 [http-nio-8080-exec-10] DEBUG c.s.d.m.C.selectLnbSubList - <==      Total: 2
2025-01-07 09:31:29 [http-nio-8080-exec-6] DEBUG c.s.d.m.C.selectLnbSubList - <==      Total: 2
2025-01-07 09:31:29 [http-nio-8080-exec-3] DEBUG c.s.d.m.C.selectLnbSubList - <==      Total: 4
2025-01-07 09:31:29 [http-nio-8080-exec-10] DEBUG org.mybatis.spring.SqlSessionUtils - Closing non transactional SqlSession [org.apache.ibatis.session.defaults.DefaultSqlSession@7a0ba463]
2025-01-07 09:31:29 [http-nio-8080-exec-3] DEBUG org.mybatis.spring.SqlSessionUtils - Closing non transactional SqlSession [org.apache.ibatis.session.defaults.DefaultSqlSession@39903e0a]
2025-01-07 09:31:29 [http-nio-8080-exec-6] DEBUG org.mybatis.spring.SqlSessionUtils - Closing non transactional SqlSession [org.apache.ibatis.session.defaults.DefaultSqlSession@593ff1e7]
2025-01-07 09:31:41 [http-nio-8080-exec-7] WARN  o.t.s.p.AbstractStandardFragmentInsertionTagProcessor - [THYMELEAF][http-nio-8080-exec-7][common/layout/layout] Deprecated unwrapped fragment expression "common/fragments/header::header" found in template common/layout/layout, line 29, col 10. Please use the complete syntax of fragment expressions instead ("~{common/fragments/header::header}"). The old, unwrapped syntax for fragment expressions will be removed in future versions of Thymeleaf.
2025-01-07 09:31:41 [http-nio-8080-exec-7] WARN  o.t.s.p.AbstractStandardFragmentInsertionTagProcessor - [THYMELEAF][http-nio-8080-exec-7][common/layout/layout] Deprecated unwrapped fragment expression "common/fragments/footer::footer" found in template common/layout/layout, line 33, col 10. Please use the complete syntax of fragment expressions instead ("~{common/fragments/footer::footer}"). The old, unwrapped syntax for fragment expressions will be removed in future versions of Thymeleaf.
2025-01-07 09:31:41 [http-nio-8080-exec-3] DEBUG org.mybatis.spring.SqlSessionUtils - Creating a new SqlSession
2025-01-07 09:31:41 [http-nio-8080-exec-3] DEBUG org.mybatis.spring.SqlSessionUtils - SqlSession [org.apache.ibatis.session.defaults.DefaultSqlSession@2e6ef6e7] was not registered for synchronization because synchronization is not active
2025-01-07 09:31:41 [http-nio-8080-exec-3] DEBUG o.m.s.t.SpringManagedTransaction - JDBC Connection [HikariProxyConnection@372702542 wrapping com.mysql.cj.jdbc.ConnectionImpl@5126c08e] will not be managed by Spring
2025-01-07 09:31:41 [http-nio-8080-exec-3] DEBUG c.s.d.m.CommonMapper.selectLnbList - ==>  Preparing: SELECT CT_LNB_IDX AS ctLnbIdx, CT_LNB_ID AS ctLnbId, CT_LNB_NAME AS ctLnbName, CT_LNB_SUB_YN AS ctLnbSubYn, CT_LNB_URL AS ctLnbUrl, CT_LNB_USE_YN AS ctLnbUseYn FROM CT_LNB WHERE CT_LNB_USE_YN = 'Y' ORDER BY CT_LNB_IDX
2025-01-07 09:31:41 [http-nio-8080-exec-3] DEBUG c.s.d.m.CommonMapper.selectLnbList - ==> Parameters: 
2025-01-07 09:31:41 [http-nio-8080-exec-3] DEBUG c.s.d.m.CommonMapper.selectLnbList - <==      Total: 4
2025-01-07 09:31:41 [http-nio-8080-exec-3] DEBUG org.mybatis.spring.SqlSessionUtils - Closing non transactional SqlSession [org.apache.ibatis.session.defaults.DefaultSqlSession@2e6ef6e7]
2025-01-07 09:31:41 [http-nio-8080-exec-7] DEBUG org.mybatis.spring.SqlSessionUtils - Creating a new SqlSession
2025-01-07 09:31:41 [http-nio-8080-exec-7] DEBUG org.mybatis.spring.SqlSessionUtils - SqlSession [org.apache.ibatis.session.defaults.DefaultSqlSession@3ada6037] was not registered for synchronization because synchronization is not active
2025-01-07 09:31:41 [http-nio-8080-exec-7] DEBUG o.m.s.t.SpringManagedTransaction - JDBC Connection [HikariProxyConnection@2012999903 wrapping com.mysql.cj.jdbc.ConnectionImpl@5126c08e] will not be managed by Spring
2025-01-07 09:31:41 [http-nio-8080-exec-7] DEBUG c.s.d.m.CommonMapper.selectLnbList - ==>  Preparing: SELECT CT_LNB_IDX AS ctLnbIdx, CT_LNB_ID AS ctLnbId, CT_LNB_NAME AS ctLnbName, CT_LNB_SUB_YN AS ctLnbSubYn, CT_LNB_URL AS ctLnbUrl, CT_LNB_USE_YN AS ctLnbUseYn FROM CT_LNB WHERE CT_LNB_USE_YN = 'Y' ORDER BY CT_LNB_IDX
2025-01-07 09:31:41 [http-nio-8080-exec-7] DEBUG c.s.d.m.CommonMapper.selectLnbList - ==> Parameters: 
2025-01-07 09:31:41 [http-nio-8080-exec-7] DEBUG c.s.d.m.CommonMapper.selectLnbList - <==      Total: 4
2025-01-07 09:31:41 [http-nio-8080-exec-7] DEBUG org.mybatis.spring.SqlSessionUtils - Closing non transactional SqlSession [org.apache.ibatis.session.defaults.DefaultSqlSession@3ada6037]
2025-01-07 09:31:41 [http-nio-8080-exec-1] DEBUG org.mybatis.spring.SqlSessionUtils - Creating a new SqlSession
2025-01-07 09:31:41 [http-nio-8080-exec-4] DEBUG org.mybatis.spring.SqlSessionUtils - Creating a new SqlSession
2025-01-07 09:31:41 [http-nio-8080-exec-8] DEBUG org.mybatis.spring.SqlSessionUtils - Creating a new SqlSession
2025-01-07 09:31:41 [http-nio-8080-exec-1] DEBUG org.mybatis.spring.SqlSessionUtils - SqlSession [org.apache.ibatis.session.defaults.DefaultSqlSession@6159f70c] was not registered for synchronization because synchronization is not active
2025-01-07 09:31:41 [http-nio-8080-exec-4] DEBUG org.mybatis.spring.SqlSessionUtils - SqlSession [org.apache.ibatis.session.defaults.DefaultSqlSession@695f954] was not registered for synchronization because synchronization is not active
2025-01-07 09:31:41 [http-nio-8080-exec-8] DEBUG org.mybatis.spring.SqlSessionUtils - SqlSession [org.apache.ibatis.session.defaults.DefaultSqlSession@1eaadb4e] was not registered for synchronization because synchronization is not active
2025-01-07 09:31:41 [http-nio-8080-exec-8] DEBUG o.m.s.t.SpringManagedTransaction - JDBC Connection [HikariProxyConnection@338308967 wrapping com.mysql.cj.jdbc.ConnectionImpl@5126c08e] will not be managed by Spring
2025-01-07 09:31:41 [http-nio-8080-exec-8] DEBUG c.s.d.m.C.selectLnbSubList - ==>  Preparing: SELECT CT_LNB_SUB_IDX AS ctLnbSubIdx, CT_LNB_ID AS ctLnbId, CT_LNB_SUB_ID AS ctLnbSubId, CT_LNB_SUB_NAME AS ctLnbSubName, CT_LNB_SUB_URL AS ctLnbSubUrl FROM CT_LNB_SUB WHERE CT_LNB_ID = ? ORDER BY CT_LNB_SUB_IDX
2025-01-07 09:31:41 [http-nio-8080-exec-8] DEBUG c.s.d.m.C.selectLnbSubList - ==> Parameters: CT_LNB_INFORMATION(String)
2025-01-07 09:31:41 [http-nio-8080-exec-4] DEBUG o.m.s.t.SpringManagedTransaction - JDBC Connection [HikariProxyConnection@391487182 wrapping com.mysql.cj.jdbc.ConnectionImpl@27cc7e61] will not be managed by Spring
2025-01-07 09:31:41 [http-nio-8080-exec-1] DEBUG o.m.s.t.SpringManagedTransaction - JDBC Connection [HikariProxyConnection@693836337 wrapping com.mysql.cj.jdbc.ConnectionImpl@18b04cf8] will not be managed by Spring
2025-01-07 09:31:41 [http-nio-8080-exec-4] DEBUG c.s.d.m.C.selectLnbSubList - ==>  Preparing: SELECT CT_LNB_SUB_IDX AS ctLnbSubIdx, CT_LNB_ID AS ctLnbId, CT_LNB_SUB_ID AS ctLnbSubId, CT_LNB_SUB_NAME AS ctLnbSubName, CT_LNB_SUB_URL AS ctLnbSubUrl FROM CT_LNB_SUB WHERE CT_LNB_ID = ? ORDER BY CT_LNB_SUB_IDX
2025-01-07 09:31:41 [http-nio-8080-exec-1] DEBUG c.s.d.m.C.selectLnbSubList - ==>  Preparing: SELECT CT_LNB_SUB_IDX AS ctLnbSubIdx, CT_LNB_ID AS ctLnbId, CT_LNB_SUB_ID AS ctLnbSubId, CT_LNB_SUB_NAME AS ctLnbSubName, CT_LNB_SUB_URL AS ctLnbSubUrl FROM CT_LNB_SUB WHERE CT_LNB_ID = ? ORDER BY CT_LNB_SUB_IDX
2025-01-07 09:31:41 [http-nio-8080-exec-4] DEBUG c.s.d.m.C.selectLnbSubList - ==> Parameters: CT_LNB_SERVICE(String)
2025-01-07 09:31:41 [http-nio-8080-exec-1] DEBUG c.s.d.m.C.selectLnbSubList - ==> Parameters: CT_LNB_CONTACT(String)
2025-01-07 09:31:41 [http-nio-8080-exec-8] DEBUG c.s.d.m.C.selectLnbSubList - <==      Total: 2
2025-01-07 09:31:41 [http-nio-8080-exec-4] DEBUG c.s.d.m.C.selectLnbSubList - <==      Total: 4
2025-01-07 09:31:41 [http-nio-8080-exec-1] DEBUG c.s.d.m.C.selectLnbSubList - <==      Total: 2
2025-01-07 09:31:41 [http-nio-8080-exec-8] DEBUG org.mybatis.spring.SqlSessionUtils - Closing non transactional SqlSession [org.apache.ibatis.session.defaults.DefaultSqlSession@1eaadb4e]
2025-01-07 09:31:41 [http-nio-8080-exec-4] DEBUG org.mybatis.spring.SqlSessionUtils - Closing non transactional SqlSession [org.apache.ibatis.session.defaults.DefaultSqlSession@695f954]
2025-01-07 09:31:41 [http-nio-8080-exec-1] DEBUG org.mybatis.spring.SqlSessionUtils - Closing non transactional SqlSession [org.apache.ibatis.session.defaults.DefaultSqlSession@6159f70c]
2025-01-07 09:31:41 [http-nio-8080-exec-5] DEBUG org.mybatis.spring.SqlSessionUtils - Creating a new SqlSession
2025-01-07 09:31:41 [http-nio-8080-exec-9] DEBUG org.mybatis.spring.SqlSessionUtils - Creating a new SqlSession
2025-01-07 09:31:41 [http-nio-8080-exec-2] DEBUG org.mybatis.spring.SqlSessionUtils - Creating a new SqlSession
2025-01-07 09:31:41 [http-nio-8080-exec-9] DEBUG org.mybatis.spring.SqlSessionUtils - SqlSession [org.apache.ibatis.session.defaults.DefaultSqlSession@1eba97e0] was not registered for synchronization because synchronization is not active
2025-01-07 09:31:41 [http-nio-8080-exec-2] DEBUG org.mybatis.spring.SqlSessionUtils - SqlSession [org.apache.ibatis.session.defaults.DefaultSqlSession@6c4c093a] was not registered for synchronization because synchronization is not active
2025-01-07 09:31:41 [http-nio-8080-exec-5] DEBUG org.mybatis.spring.SqlSessionUtils - SqlSession [org.apache.ibatis.session.defaults.DefaultSqlSession@33ff1f51] was not registered for synchronization because synchronization is not active
2025-01-07 09:31:41 [http-nio-8080-exec-9] DEBUG o.m.s.t.SpringManagedTransaction - JDBC Connection [HikariProxyConnection@23770402 wrapping com.mysql.cj.jdbc.ConnectionImpl@27cc7e61] will not be managed by Spring
2025-01-07 09:31:41 [http-nio-8080-exec-2] DEBUG o.m.s.t.SpringManagedTransaction - JDBC Connection [HikariProxyConnection@2090582783 wrapping com.mysql.cj.jdbc.ConnectionImpl@5126c08e] will not be managed by Spring
2025-01-07 09:31:41 [http-nio-8080-exec-5] DEBUG o.m.s.t.SpringManagedTransaction - JDBC Connection [HikariProxyConnection@216394015 wrapping com.mysql.cj.jdbc.ConnectionImpl@18b04cf8] will not be managed by Spring
2025-01-07 09:31:41 [http-nio-8080-exec-9] DEBUG c.s.d.m.C.selectLnbSubList - ==>  Preparing: SELECT CT_LNB_SUB_IDX AS ctLnbSubIdx, CT_LNB_ID AS ctLnbId, CT_LNB_SUB_ID AS ctLnbSubId, CT_LNB_SUB_NAME AS ctLnbSubName, CT_LNB_SUB_URL AS ctLnbSubUrl FROM CT_LNB_SUB WHERE CT_LNB_ID = ? ORDER BY CT_LNB_SUB_IDX
2025-01-07 09:31:41 [http-nio-8080-exec-2] DEBUG c.s.d.m.C.selectLnbSubList - ==>  Preparing: SELECT CT_LNB_SUB_IDX AS ctLnbSubIdx, CT_LNB_ID AS ctLnbId, CT_LNB_SUB_ID AS ctLnbSubId, CT_LNB_SUB_NAME AS ctLnbSubName, CT_LNB_SUB_URL AS ctLnbSubUrl FROM CT_LNB_SUB WHERE CT_LNB_ID = ? ORDER BY CT_LNB_SUB_IDX
2025-01-07 09:31:41 [http-nio-8080-exec-5] DEBUG c.s.d.m.C.selectLnbSubList - ==>  Preparing: SELECT CT_LNB_SUB_IDX AS ctLnbSubIdx, CT_LNB_ID AS ctLnbId, CT_LNB_SUB_ID AS ctLnbSubId, CT_LNB_SUB_NAME AS ctLnbSubName, CT_LNB_SUB_URL AS ctLnbSubUrl FROM CT_LNB_SUB WHERE CT_LNB_ID = ? ORDER BY CT_LNB_SUB_IDX
2025-01-07 09:31:41 [http-nio-8080-exec-2] DEBUG c.s.d.m.C.selectLnbSubList - ==> Parameters: CT_LNB_CONTACT(String)
2025-01-07 09:31:41 [http-nio-8080-exec-9] DEBUG c.s.d.m.C.selectLnbSubList - ==> Parameters: CT_LNB_SERVICE(String)
2025-01-07 09:31:41 [http-nio-8080-exec-5] DEBUG c.s.d.m.C.selectLnbSubList - ==> Parameters: CT_LNB_INFORMATION(String)
2025-01-07 09:31:41 [http-nio-8080-exec-2] DEBUG c.s.d.m.C.selectLnbSubList - <==      Total: 2
2025-01-07 09:31:41 [http-nio-8080-exec-5] DEBUG c.s.d.m.C.selectLnbSubList - <==      Total: 2
2025-01-07 09:31:41 [http-nio-8080-exec-9] DEBUG c.s.d.m.C.selectLnbSubList - <==      Total: 4
2025-01-07 09:31:41 [http-nio-8080-exec-5] DEBUG org.mybatis.spring.SqlSessionUtils - Closing non transactional SqlSession [org.apache.ibatis.session.defaults.DefaultSqlSession@33ff1f51]
2025-01-07 09:31:41 [http-nio-8080-exec-9] DEBUG org.mybatis.spring.SqlSessionUtils - Closing non transactional SqlSession [org.apache.ibatis.session.defaults.DefaultSqlSession@1eba97e0]
2025-01-07 09:31:41 [http-nio-8080-exec-2] DEBUG org.mybatis.spring.SqlSessionUtils - Closing non transactional SqlSession [org.apache.ibatis.session.defaults.DefaultSqlSession@6c4c093a]
2025-01-07 09:31:58 [http-nio-8080-exec-6] WARN  o.t.s.p.AbstractStandardFragmentInsertionTagProcessor - [THYMELEAF][http-nio-8080-exec-6][common/layout/layout] Deprecated unwrapped fragment expression "common/fragments/header::header" found in template common/layout/layout, line 29, col 10. Please use the complete syntax of fragment expressions instead ("~{common/fragments/header::header}"). The old, unwrapped syntax for fragment expressions will be removed in future versions of Thymeleaf.
2025-01-07 09:31:58 [http-nio-8080-exec-6] WARN  o.t.s.p.AbstractStandardFragmentInsertionTagProcessor - [THYMELEAF][http-nio-8080-exec-6][common/layout/layout] Deprecated unwrapped fragment expression "common/fragments/footer::footer" found in template common/layout/layout, line 33, col 10. Please use the complete syntax of fragment expressions instead ("~{common/fragments/footer::footer}"). The old, unwrapped syntax for fragment expressions will be removed in future versions of Thymeleaf.
2025-01-07 09:31:58 [http-nio-8080-exec-9] DEBUG org.mybatis.spring.SqlSessionUtils - Creating a new SqlSession
2025-01-07 09:31:58 [http-nio-8080-exec-9] DEBUG org.mybatis.spring.SqlSessionUtils - SqlSession [org.apache.ibatis.session.defaults.DefaultSqlSession@4a6e102a] was not registered for synchronization because synchronization is not active
2025-01-07 09:31:58 [http-nio-8080-exec-9] DEBUG o.m.s.t.SpringManagedTransaction - JDBC Connection [HikariProxyConnection@10590992 wrapping com.mysql.cj.jdbc.ConnectionImpl@27cc7e61] will not be managed by Spring
2025-01-07 09:31:58 [http-nio-8080-exec-9] DEBUG c.s.d.m.CommonMapper.selectLnbList - ==>  Preparing: SELECT CT_LNB_IDX AS ctLnbIdx, CT_LNB_ID AS ctLnbId, CT_LNB_NAME AS ctLnbName, CT_LNB_SUB_YN AS ctLnbSubYn, CT_LNB_URL AS ctLnbUrl, CT_LNB_USE_YN AS ctLnbUseYn FROM CT_LNB WHERE CT_LNB_USE_YN = 'Y' ORDER BY CT_LNB_IDX
2025-01-07 09:31:58 [http-nio-8080-exec-9] DEBUG c.s.d.m.CommonMapper.selectLnbList - ==> Parameters: 
2025-01-07 09:31:58 [http-nio-8080-exec-9] DEBUG c.s.d.m.CommonMapper.selectLnbList - <==      Total: 4
2025-01-07 09:31:58 [http-nio-8080-exec-9] DEBUG org.mybatis.spring.SqlSessionUtils - Closing non transactional SqlSession [org.apache.ibatis.session.defaults.DefaultSqlSession@4a6e102a]
2025-01-07 09:31:58 [http-nio-8080-exec-6] DEBUG org.mybatis.spring.SqlSessionUtils - Creating a new SqlSession
2025-01-07 09:31:58 [http-nio-8080-exec-6] DEBUG org.mybatis.spring.SqlSessionUtils - SqlSession [org.apache.ibatis.session.defaults.DefaultSqlSession@5a82b37e] was not registered for synchronization because synchronization is not active
2025-01-07 09:31:58 [http-nio-8080-exec-6] DEBUG o.m.s.t.SpringManagedTransaction - JDBC Connection [HikariProxyConnection@1142110845 wrapping com.mysql.cj.jdbc.ConnectionImpl@27cc7e61] will not be managed by Spring
2025-01-07 09:31:58 [http-nio-8080-exec-6] DEBUG c.s.d.m.CommonMapper.selectLnbList - ==>  Preparing: SELECT CT_LNB_IDX AS ctLnbIdx, CT_LNB_ID AS ctLnbId, CT_LNB_NAME AS ctLnbName, CT_LNB_SUB_YN AS ctLnbSubYn, CT_LNB_URL AS ctLnbUrl, CT_LNB_USE_YN AS ctLnbUseYn FROM CT_LNB WHERE CT_LNB_USE_YN = 'Y' ORDER BY CT_LNB_IDX
2025-01-07 09:31:58 [http-nio-8080-exec-6] DEBUG c.s.d.m.CommonMapper.selectLnbList - ==> Parameters: 
2025-01-07 09:31:58 [http-nio-8080-exec-6] DEBUG c.s.d.m.CommonMapper.selectLnbList - <==      Total: 4
2025-01-07 09:31:58 [http-nio-8080-exec-6] DEBUG org.mybatis.spring.SqlSessionUtils - Closing non transactional SqlSession [org.apache.ibatis.session.defaults.DefaultSqlSession@5a82b37e]
2025-01-07 09:31:58 [http-nio-8080-exec-10] DEBUG org.mybatis.spring.SqlSessionUtils - Creating a new SqlSession
2025-01-07 09:31:58 [http-nio-8080-exec-10] DEBUG org.mybatis.spring.SqlSessionUtils - SqlSession [org.apache.ibatis.session.defaults.DefaultSqlSession@1277930e] was not registered for synchronization because synchronization is not active
2025-01-07 09:31:58 [http-nio-8080-exec-10] DEBUG o.m.s.t.SpringManagedTransaction - JDBC Connection [HikariProxyConnection@2032904240 wrapping com.mysql.cj.jdbc.ConnectionImpl@18b04cf8] will not be managed by Spring
2025-01-07 09:31:58 [http-nio-8080-exec-10] DEBUG c.s.d.m.C.selectLnbSubList - ==>  Preparing: SELECT CT_LNB_SUB_IDX AS ctLnbSubIdx, CT_LNB_ID AS ctLnbId, CT_LNB_SUB_ID AS ctLnbSubId, CT_LNB_SUB_NAME AS ctLnbSubName, CT_LNB_SUB_URL AS ctLnbSubUrl FROM CT_LNB_SUB WHERE CT_LNB_ID = ? ORDER BY CT_LNB_SUB_IDX
2025-01-07 09:31:58 [http-nio-8080-exec-10] DEBUG c.s.d.m.C.selectLnbSubList - ==> Parameters: CT_LNB_INFORMATION(String)
2025-01-07 09:31:58 [http-nio-8080-exec-7] DEBUG org.mybatis.spring.SqlSessionUtils - Creating a new SqlSession
2025-01-07 09:31:58 [http-nio-8080-exec-3] DEBUG org.mybatis.spring.SqlSessionUtils - Creating a new SqlSession
2025-01-07 09:31:58 [http-nio-8080-exec-7] DEBUG org.mybatis.spring.SqlSessionUtils - SqlSession [org.apache.ibatis.session.defaults.DefaultSqlSession@6489b75f] was not registered for synchronization because synchronization is not active
2025-01-07 09:31:58 [http-nio-8080-exec-3] DEBUG org.mybatis.spring.SqlSessionUtils - SqlSession [org.apache.ibatis.session.defaults.DefaultSqlSession@4457a5d0] was not registered for synchronization because synchronization is not active
2025-01-07 09:31:58 [http-nio-8080-exec-7] DEBUG o.m.s.t.SpringManagedTransaction - JDBC Connection [HikariProxyConnection@1289543193 wrapping com.mysql.cj.jdbc.ConnectionImpl@27cc7e61] will not be managed by Spring
2025-01-07 09:31:58 [http-nio-8080-exec-7] DEBUG c.s.d.m.C.selectLnbSubList - ==>  Preparing: SELECT CT_LNB_SUB_IDX AS ctLnbSubIdx, CT_LNB_ID AS ctLnbId, CT_LNB_SUB_ID AS ctLnbSubId, CT_LNB_SUB_NAME AS ctLnbSubName, CT_LNB_SUB_URL AS ctLnbSubUrl FROM CT_LNB_SUB WHERE CT_LNB_ID = ? ORDER BY CT_LNB_SUB_IDX
2025-01-07 09:31:58 [http-nio-8080-exec-7] DEBUG c.s.d.m.C.selectLnbSubList - ==> Parameters: CT_LNB_SERVICE(String)
2025-01-07 09:31:58 [http-nio-8080-exec-3] DEBUG o.m.s.t.SpringManagedTransaction - JDBC Connection [HikariProxyConnection@1697315993 wrapping com.mysql.cj.jdbc.ConnectionImpl@5126c08e] will not be managed by Spring
2025-01-07 09:31:58 [http-nio-8080-exec-3] DEBUG c.s.d.m.C.selectLnbSubList - ==>  Preparing: SELECT CT_LNB_SUB_IDX AS ctLnbSubIdx, CT_LNB_ID AS ctLnbId, CT_LNB_SUB_ID AS ctLnbSubId, CT_LNB_SUB_NAME AS ctLnbSubName, CT_LNB_SUB_URL AS ctLnbSubUrl FROM CT_LNB_SUB WHERE CT_LNB_ID = ? ORDER BY CT_LNB_SUB_IDX
2025-01-07 09:31:58 [http-nio-8080-exec-3] DEBUG c.s.d.m.C.selectLnbSubList - ==> Parameters: CT_LNB_CONTACT(String)
2025-01-07 09:31:58 [http-nio-8080-exec-10] DEBUG c.s.d.m.C.selectLnbSubList - <==      Total: 2
2025-01-07 09:31:58 [http-nio-8080-exec-10] DEBUG org.mybatis.spring.SqlSessionUtils - Closing non transactional SqlSession [org.apache.ibatis.session.defaults.DefaultSqlSession@1277930e]
2025-01-07 09:31:58 [http-nio-8080-exec-7] DEBUG c.s.d.m.C.selectLnbSubList - <==      Total: 4
2025-01-07 09:31:58 [http-nio-8080-exec-3] DEBUG c.s.d.m.C.selectLnbSubList - <==      Total: 2
2025-01-07 09:31:58 [http-nio-8080-exec-7] DEBUG org.mybatis.spring.SqlSessionUtils - Closing non transactional SqlSession [org.apache.ibatis.session.defaults.DefaultSqlSession@6489b75f]
2025-01-07 09:31:58 [http-nio-8080-exec-3] DEBUG org.mybatis.spring.SqlSessionUtils - Closing non transactional SqlSession [org.apache.ibatis.session.defaults.DefaultSqlSession@4457a5d0]
2025-01-07 09:31:58 [http-nio-8080-exec-1] DEBUG org.mybatis.spring.SqlSessionUtils - Creating a new SqlSession
2025-01-07 09:31:58 [http-nio-8080-exec-8] DEBUG org.mybatis.spring.SqlSessionUtils - Creating a new SqlSession
2025-01-07 09:31:58 [http-nio-8080-exec-4] DEBUG org.mybatis.spring.SqlSessionUtils - Creating a new SqlSession
2025-01-07 09:31:58 [http-nio-8080-exec-4] DEBUG org.mybatis.spring.SqlSessionUtils - SqlSession [org.apache.ibatis.session.defaults.DefaultSqlSession@76eef3e] was not registered for synchronization because synchronization is not active
2025-01-07 09:31:58 [http-nio-8080-exec-1] DEBUG org.mybatis.spring.SqlSessionUtils - SqlSession [org.apache.ibatis.session.defaults.DefaultSqlSession@d01da1e] was not registered for synchronization because synchronization is not active
2025-01-07 09:31:58 [http-nio-8080-exec-8] DEBUG org.mybatis.spring.SqlSessionUtils - SqlSession [org.apache.ibatis.session.defaults.DefaultSqlSession@85d93a2] was not registered for synchronization because synchronization is not active
2025-01-07 09:31:58 [http-nio-8080-exec-1] DEBUG o.m.s.t.SpringManagedTransaction - JDBC Connection [HikariProxyConnection@2088424221 wrapping com.mysql.cj.jdbc.ConnectionImpl@18b04cf8] will not be managed by Spring
2025-01-07 09:31:58 [http-nio-8080-exec-4] DEBUG o.m.s.t.SpringManagedTransaction - JDBC Connection [HikariProxyConnection@1014412019 wrapping com.mysql.cj.jdbc.ConnectionImpl@27cc7e61] will not be managed by Spring
2025-01-07 09:31:58 [http-nio-8080-exec-8] DEBUG o.m.s.t.SpringManagedTransaction - JDBC Connection [HikariProxyConnection@1296684249 wrapping com.mysql.cj.jdbc.ConnectionImpl@5126c08e] will not be managed by Spring
2025-01-07 09:31:58 [http-nio-8080-exec-1] DEBUG c.s.d.m.C.selectLnbSubList - ==>  Preparing: SELECT CT_LNB_SUB_IDX AS ctLnbSubIdx, CT_LNB_ID AS ctLnbId, CT_LNB_SUB_ID AS ctLnbSubId, CT_LNB_SUB_NAME AS ctLnbSubName, CT_LNB_SUB_URL AS ctLnbSubUrl FROM CT_LNB_SUB WHERE CT_LNB_ID = ? ORDER BY CT_LNB_SUB_IDX
2025-01-07 09:31:58 [http-nio-8080-exec-4] DEBUG c.s.d.m.C.selectLnbSubList - ==>  Preparing: SELECT CT_LNB_SUB_IDX AS ctLnbSubIdx, CT_LNB_ID AS ctLnbId, CT_LNB_SUB_ID AS ctLnbSubId, CT_LNB_SUB_NAME AS ctLnbSubName, CT_LNB_SUB_URL AS ctLnbSubUrl FROM CT_LNB_SUB WHERE CT_LNB_ID = ? ORDER BY CT_LNB_SUB_IDX
2025-01-07 09:31:58 [http-nio-8080-exec-8] DEBUG c.s.d.m.C.selectLnbSubList - ==>  Preparing: SELECT CT_LNB_SUB_IDX AS ctLnbSubIdx, CT_LNB_ID AS ctLnbId, CT_LNB_SUB_ID AS ctLnbSubId, CT_LNB_SUB_NAME AS ctLnbSubName, CT_LNB_SUB_URL AS ctLnbSubUrl FROM CT_LNB_SUB WHERE CT_LNB_ID = ? ORDER BY CT_LNB_SUB_IDX
2025-01-07 09:31:58 [http-nio-8080-exec-1] DEBUG c.s.d.m.C.selectLnbSubList - ==> Parameters: CT_LNB_INFORMATION(String)
2025-01-07 09:31:58 [http-nio-8080-exec-8] DEBUG c.s.d.m.C.selectLnbSubList - ==> Parameters: CT_LNB_SERVICE(String)
2025-01-07 09:31:58 [http-nio-8080-exec-4] DEBUG c.s.d.m.C.selectLnbSubList - ==> Parameters: CT_LNB_CONTACT(String)
2025-01-07 09:31:58 [http-nio-8080-exec-8] DEBUG c.s.d.m.C.selectLnbSubList - <==      Total: 4
2025-01-07 09:31:58 [http-nio-8080-exec-4] DEBUG c.s.d.m.C.selectLnbSubList - <==      Total: 2
2025-01-07 09:31:58 [http-nio-8080-exec-1] DEBUG c.s.d.m.C.selectLnbSubList - <==      Total: 2
2025-01-07 09:31:58 [http-nio-8080-exec-8] DEBUG org.mybatis.spring.SqlSessionUtils - Closing non transactional SqlSession [org.apache.ibatis.session.defaults.DefaultSqlSession@85d93a2]
2025-01-07 09:31:58 [http-nio-8080-exec-4] DEBUG org.mybatis.spring.SqlSessionUtils - Closing non transactional SqlSession [org.apache.ibatis.session.defaults.DefaultSqlSession@76eef3e]
2025-01-07 09:31:58 [http-nio-8080-exec-1] DEBUG org.mybatis.spring.SqlSessionUtils - Closing non transactional SqlSession [org.apache.ibatis.session.defaults.DefaultSqlSession@d01da1e]
2025-01-07 09:32:04 [http-nio-8080-exec-5] WARN  o.t.s.p.AbstractStandardFragmentInsertionTagProcessor - [THYMELEAF][http-nio-8080-exec-5][common/layout/layout] Deprecated unwrapped fragment expression "common/fragments/header::header" found in template common/layout/layout, line 29, col 10. Please use the complete syntax of fragment expressions instead ("~{common/fragments/header::header}"). The old, unwrapped syntax for fragment expressions will be removed in future versions of Thymeleaf.
2025-01-07 09:32:04 [http-nio-8080-exec-5] WARN  o.t.s.p.AbstractStandardFragmentInsertionTagProcessor - [THYMELEAF][http-nio-8080-exec-5][common/layout/layout] Deprecated unwrapped fragment expression "common/fragments/footer::footer" found in template common/layout/layout, line 33, col 10. Please use the complete syntax of fragment expressions instead ("~{common/fragments/footer::footer}"). The old, unwrapped syntax for fragment expressions will be removed in future versions of Thymeleaf.
2025-01-07 09:32:04 [http-nio-8080-exec-8] DEBUG org.mybatis.spring.SqlSessionUtils - Creating a new SqlSession
2025-01-07 09:32:04 [http-nio-8080-exec-8] DEBUG org.mybatis.spring.SqlSessionUtils - SqlSession [org.apache.ibatis.session.defaults.DefaultSqlSession@471afc3b] was not registered for synchronization because synchronization is not active
2025-01-07 09:32:04 [http-nio-8080-exec-8] DEBUG o.m.s.t.SpringManagedTransaction - JDBC Connection [HikariProxyConnection@591312889 wrapping com.mysql.cj.jdbc.ConnectionImpl@5126c08e] will not be managed by Spring
2025-01-07 09:32:04 [http-nio-8080-exec-8] DEBUG c.s.d.m.CommonMapper.selectLnbList - ==>  Preparing: SELECT CT_LNB_IDX AS ctLnbIdx, CT_LNB_ID AS ctLnbId, CT_LNB_NAME AS ctLnbName, CT_LNB_SUB_YN AS ctLnbSubYn, CT_LNB_URL AS ctLnbUrl, CT_LNB_USE_YN AS ctLnbUseYn FROM CT_LNB WHERE CT_LNB_USE_YN = 'Y' ORDER BY CT_LNB_IDX
2025-01-07 09:32:04 [http-nio-8080-exec-8] DEBUG c.s.d.m.CommonMapper.selectLnbList - ==> Parameters: 
2025-01-07 09:32:04 [http-nio-8080-exec-8] DEBUG c.s.d.m.CommonMapper.selectLnbList - <==      Total: 4
2025-01-07 09:32:04 [http-nio-8080-exec-8] DEBUG org.mybatis.spring.SqlSessionUtils - Closing non transactional SqlSession [org.apache.ibatis.session.defaults.DefaultSqlSession@471afc3b]
2025-01-07 09:32:04 [http-nio-8080-exec-5] DEBUG org.mybatis.spring.SqlSessionUtils - Creating a new SqlSession
2025-01-07 09:32:04 [http-nio-8080-exec-5] DEBUG org.mybatis.spring.SqlSessionUtils - SqlSession [org.apache.ibatis.session.defaults.DefaultSqlSession@220d0087] was not registered for synchronization because synchronization is not active
2025-01-07 09:32:04 [http-nio-8080-exec-5] DEBUG o.m.s.t.SpringManagedTransaction - JDBC Connection [HikariProxyConnection@18055457 wrapping com.mysql.cj.jdbc.ConnectionImpl@18b04cf8] will not be managed by Spring
2025-01-07 09:32:04 [http-nio-8080-exec-5] DEBUG c.s.d.m.CommonMapper.selectLnbList - ==>  Preparing: SELECT CT_LNB_IDX AS ctLnbIdx, CT_LNB_ID AS ctLnbId, CT_LNB_NAME AS ctLnbName, CT_LNB_SUB_YN AS ctLnbSubYn, CT_LNB_URL AS ctLnbUrl, CT_LNB_USE_YN AS ctLnbUseYn FROM CT_LNB WHERE CT_LNB_USE_YN = 'Y' ORDER BY CT_LNB_IDX
2025-01-07 09:32:04 [http-nio-8080-exec-5] DEBUG c.s.d.m.CommonMapper.selectLnbList - ==> Parameters: 
2025-01-07 09:32:04 [http-nio-8080-exec-5] DEBUG c.s.d.m.CommonMapper.selectLnbList - <==      Total: 4
2025-01-07 09:32:04 [http-nio-8080-exec-5] DEBUG org.mybatis.spring.SqlSessionUtils - Closing non transactional SqlSession [org.apache.ibatis.session.defaults.DefaultSqlSession@220d0087]
2025-01-07 09:32:04 [http-nio-8080-exec-2] DEBUG org.mybatis.spring.SqlSessionUtils - Creating a new SqlSession
2025-01-07 09:32:04 [http-nio-8080-exec-2] DEBUG org.mybatis.spring.SqlSessionUtils - SqlSession [org.apache.ibatis.session.defaults.DefaultSqlSession@186f7b1b] was not registered for synchronization because synchronization is not active
2025-01-07 09:32:04 [http-nio-8080-exec-2] DEBUG o.m.s.t.SpringManagedTransaction - JDBC Connection [HikariProxyConnection@314224987 wrapping com.mysql.cj.jdbc.ConnectionImpl@5126c08e] will not be managed by Spring
2025-01-07 09:32:04 [http-nio-8080-exec-2] DEBUG c.s.d.m.C.selectLnbSubList - ==>  Preparing: SELECT CT_LNB_SUB_IDX AS ctLnbSubIdx, CT_LNB_ID AS ctLnbId, CT_LNB_SUB_ID AS ctLnbSubId, CT_LNB_SUB_NAME AS ctLnbSubName, CT_LNB_SUB_URL AS ctLnbSubUrl FROM CT_LNB_SUB WHERE CT_LNB_ID = ? ORDER BY CT_LNB_SUB_IDX
2025-01-07 09:32:04 [http-nio-8080-exec-2] DEBUG c.s.d.m.C.selectLnbSubList - ==> Parameters: CT_LNB_INFORMATION(String)
2025-01-07 09:32:04 [http-nio-8080-exec-2] DEBUG c.s.d.m.C.selectLnbSubList - <==      Total: 2
2025-01-07 09:32:04 [http-nio-8080-exec-2] DEBUG org.mybatis.spring.SqlSessionUtils - Closing non transactional SqlSession [org.apache.ibatis.session.defaults.DefaultSqlSession@186f7b1b]
2025-01-07 09:32:04 [http-nio-8080-exec-9] DEBUG org.mybatis.spring.SqlSessionUtils - Creating a new SqlSession
2025-01-07 09:32:04 [http-nio-8080-exec-6] DEBUG org.mybatis.spring.SqlSessionUtils - Creating a new SqlSession
2025-01-07 09:32:04 [http-nio-8080-exec-9] DEBUG org.mybatis.spring.SqlSessionUtils - SqlSession [org.apache.ibatis.session.defaults.DefaultSqlSession@6d4b4890] was not registered for synchronization because synchronization is not active
2025-01-07 09:32:04 [http-nio-8080-exec-6] DEBUG org.mybatis.spring.SqlSessionUtils - SqlSession [org.apache.ibatis.session.defaults.DefaultSqlSession@4a67a04f] was not registered for synchronization because synchronization is not active
2025-01-07 09:32:04 [http-nio-8080-exec-9] DEBUG o.m.s.t.SpringManagedTransaction - JDBC Connection [HikariProxyConnection@1631467314 wrapping com.mysql.cj.jdbc.ConnectionImpl@5126c08e] will not be managed by Spring
2025-01-07 09:32:04 [http-nio-8080-exec-9] DEBUG c.s.d.m.C.selectLnbSubList - ==>  Preparing: SELECT CT_LNB_SUB_IDX AS ctLnbSubIdx, CT_LNB_ID AS ctLnbId, CT_LNB_SUB_ID AS ctLnbSubId, CT_LNB_SUB_NAME AS ctLnbSubName, CT_LNB_SUB_URL AS ctLnbSubUrl FROM CT_LNB_SUB WHERE CT_LNB_ID = ? ORDER BY CT_LNB_SUB_IDX
2025-01-07 09:32:04 [http-nio-8080-exec-9] DEBUG c.s.d.m.C.selectLnbSubList - ==> Parameters: CT_LNB_SERVICE(String)
2025-01-07 09:32:04 [http-nio-8080-exec-6] DEBUG o.m.s.t.SpringManagedTransaction - JDBC Connection [HikariProxyConnection@402308012 wrapping com.mysql.cj.jdbc.ConnectionImpl@27cc7e61] will not be managed by Spring
2025-01-07 09:32:04 [http-nio-8080-exec-6] DEBUG c.s.d.m.C.selectLnbSubList - ==>  Preparing: SELECT CT_LNB_SUB_IDX AS ctLnbSubIdx, CT_LNB_ID AS ctLnbId, CT_LNB_SUB_ID AS ctLnbSubId, CT_LNB_SUB_NAME AS ctLnbSubName, CT_LNB_SUB_URL AS ctLnbSubUrl FROM CT_LNB_SUB WHERE CT_LNB_ID = ? ORDER BY CT_LNB_SUB_IDX
2025-01-07 09:32:04 [http-nio-8080-exec-6] DEBUG c.s.d.m.C.selectLnbSubList - ==> Parameters: CT_LNB_CONTACT(String)
2025-01-07 09:32:04 [http-nio-8080-exec-6] DEBUG c.s.d.m.C.selectLnbSubList - <==      Total: 2
2025-01-07 09:32:04 [http-nio-8080-exec-9] DEBUG c.s.d.m.C.selectLnbSubList - <==      Total: 4
2025-01-07 09:32:04 [http-nio-8080-exec-6] DEBUG org.mybatis.spring.SqlSessionUtils - Closing non transactional SqlSession [org.apache.ibatis.session.defaults.DefaultSqlSession@4a67a04f]
2025-01-07 09:32:04 [http-nio-8080-exec-9] DEBUG org.mybatis.spring.SqlSessionUtils - Closing non transactional SqlSession [org.apache.ibatis.session.defaults.DefaultSqlSession@6d4b4890]
2025-01-07 09:32:04 [http-nio-8080-exec-3] DEBUG org.mybatis.spring.SqlSessionUtils - Creating a new SqlSession
2025-01-07 09:32:04 [http-nio-8080-exec-3] DEBUG org.mybatis.spring.SqlSessionUtils - SqlSession [org.apache.ibatis.session.defaults.DefaultSqlSession@46d3667] was not registered for synchronization because synchronization is not active
2025-01-07 09:32:04 [http-nio-8080-exec-3] DEBUG o.m.s.t.SpringManagedTransaction - JDBC Connection [HikariProxyConnection@907140167 wrapping com.mysql.cj.jdbc.ConnectionImpl@5126c08e] will not be managed by Spring
2025-01-07 09:32:04 [http-nio-8080-exec-3] DEBUG c.s.d.m.C.selectLnbSubList - ==>  Preparing: SELECT CT_LNB_SUB_IDX AS ctLnbSubIdx, CT_LNB_ID AS ctLnbId, CT_LNB_SUB_ID AS ctLnbSubId, CT_LNB_SUB_NAME AS ctLnbSubName, CT_LNB_SUB_URL AS ctLnbSubUrl FROM CT_LNB_SUB WHERE CT_LNB_ID = ? ORDER BY CT_LNB_SUB_IDX
2025-01-07 09:32:04 [http-nio-8080-exec-3] DEBUG c.s.d.m.C.selectLnbSubList - ==> Parameters: CT_LNB_INFORMATION(String)
2025-01-07 09:32:04 [http-nio-8080-exec-3] DEBUG c.s.d.m.C.selectLnbSubList - <==      Total: 2
2025-01-07 09:32:04 [http-nio-8080-exec-3] DEBUG org.mybatis.spring.SqlSessionUtils - Closing non transactional SqlSession [org.apache.ibatis.session.defaults.DefaultSqlSession@46d3667]
2025-01-07 09:32:04 [http-nio-8080-exec-7] DEBUG org.mybatis.spring.SqlSessionUtils - Creating a new SqlSession
2025-01-07 09:32:04 [http-nio-8080-exec-10] DEBUG org.mybatis.spring.SqlSessionUtils - Creating a new SqlSession
2025-01-07 09:32:04 [http-nio-8080-exec-7] DEBUG org.mybatis.spring.SqlSessionUtils - SqlSession [org.apache.ibatis.session.defaults.DefaultSqlSession@1248e868] was not registered for synchronization because synchronization is not active
2025-01-07 09:32:04 [http-nio-8080-exec-10] DEBUG org.mybatis.spring.SqlSessionUtils - SqlSession [org.apache.ibatis.session.defaults.DefaultSqlSession@c7cf592] was not registered for synchronization because synchronization is not active
2025-01-07 09:32:04 [http-nio-8080-exec-10] DEBUG o.m.s.t.SpringManagedTransaction - JDBC Connection [HikariProxyConnection@674407941 wrapping com.mysql.cj.jdbc.ConnectionImpl@18b04cf8] will not be managed by Spring
2025-01-07 09:32:04 [http-nio-8080-exec-7] DEBUG o.m.s.t.SpringManagedTransaction - JDBC Connection [HikariProxyConnection@944685102 wrapping com.mysql.cj.jdbc.ConnectionImpl@27cc7e61] will not be managed by Spring
2025-01-07 09:32:04 [http-nio-8080-exec-10] DEBUG c.s.d.m.C.selectLnbSubList - ==>  Preparing: SELECT CT_LNB_SUB_IDX AS ctLnbSubIdx, CT_LNB_ID AS ctLnbId, CT_LNB_SUB_ID AS ctLnbSubId, CT_LNB_SUB_NAME AS ctLnbSubName, CT_LNB_SUB_URL AS ctLnbSubUrl FROM CT_LNB_SUB WHERE CT_LNB_ID = ? ORDER BY CT_LNB_SUB_IDX
2025-01-07 09:32:04 [http-nio-8080-exec-7] DEBUG c.s.d.m.C.selectLnbSubList - ==>  Preparing: SELECT CT_LNB_SUB_IDX AS ctLnbSubIdx, CT_LNB_ID AS ctLnbId, CT_LNB_SUB_ID AS ctLnbSubId, CT_LNB_SUB_NAME AS ctLnbSubName, CT_LNB_SUB_URL AS ctLnbSubUrl FROM CT_LNB_SUB WHERE CT_LNB_ID = ? ORDER BY CT_LNB_SUB_IDX
2025-01-07 09:32:04 [http-nio-8080-exec-10] DEBUG c.s.d.m.C.selectLnbSubList - ==> Parameters: CT_LNB_SERVICE(String)
2025-01-07 09:32:04 [http-nio-8080-exec-7] DEBUG c.s.d.m.C.selectLnbSubList - ==> Parameters: CT_LNB_CONTACT(String)
2025-01-07 09:32:04 [http-nio-8080-exec-7] DEBUG c.s.d.m.C.selectLnbSubList - <==      Total: 2
2025-01-07 09:32:04 [http-nio-8080-exec-10] DEBUG c.s.d.m.C.selectLnbSubList - <==      Total: 4
2025-01-07 09:32:04 [http-nio-8080-exec-10] DEBUG org.mybatis.spring.SqlSessionUtils - Closing non transactional SqlSession [org.apache.ibatis.session.defaults.DefaultSqlSession@c7cf592]
2025-01-07 09:32:04 [http-nio-8080-exec-7] DEBUG org.mybatis.spring.SqlSessionUtils - Closing non transactional SqlSession [org.apache.ibatis.session.defaults.DefaultSqlSession@1248e868]
2025-01-07 09:32:05 [http-nio-8080-exec-1] WARN  o.t.s.p.AbstractStandardFragmentInsertionTagProcessor - [THYMELEAF][http-nio-8080-exec-1][common/layout/layout] Deprecated unwrapped fragment expression "common/fragments/header::header" found in template common/layout/layout, line 29, col 10. Please use the complete syntax of fragment expressions instead ("~{common/fragments/header::header}"). The old, unwrapped syntax for fragment expressions will be removed in future versions of Thymeleaf.
2025-01-07 09:32:05 [http-nio-8080-exec-1] WARN  o.t.s.p.AbstractStandardFragmentInsertionTagProcessor - [THYMELEAF][http-nio-8080-exec-1][common/layout/layout] Deprecated unwrapped fragment expression "common/fragments/footer::footer" found in template common/layout/layout, line 33, col 10. Please use the complete syntax of fragment expressions instead ("~{common/fragments/footer::footer}"). The old, unwrapped syntax for fragment expressions will be removed in future versions of Thymeleaf.
2025-01-07 09:32:05 [http-nio-8080-exec-10] DEBUG org.mybatis.spring.SqlSessionUtils - Creating a new SqlSession
2025-01-07 09:32:05 [http-nio-8080-exec-10] DEBUG org.mybatis.spring.SqlSessionUtils - SqlSession [org.apache.ibatis.session.defaults.DefaultSqlSession@4fe08010] was not registered for synchronization because synchronization is not active
2025-01-07 09:32:05 [http-nio-8080-exec-10] DEBUG o.m.s.t.SpringManagedTransaction - JDBC Connection [HikariProxyConnection@609958939 wrapping com.mysql.cj.jdbc.ConnectionImpl@18b04cf8] will not be managed by Spring
2025-01-07 09:32:05 [http-nio-8080-exec-10] DEBUG c.s.d.m.CommonMapper.selectLnbList - ==>  Preparing: SELECT CT_LNB_IDX AS ctLnbIdx, CT_LNB_ID AS ctLnbId, CT_LNB_NAME AS ctLnbName, CT_LNB_SUB_YN AS ctLnbSubYn, CT_LNB_URL AS ctLnbUrl, CT_LNB_USE_YN AS ctLnbUseYn FROM CT_LNB WHERE CT_LNB_USE_YN = 'Y' ORDER BY CT_LNB_IDX
2025-01-07 09:32:05 [http-nio-8080-exec-10] DEBUG c.s.d.m.CommonMapper.selectLnbList - ==> Parameters: 
2025-01-07 09:32:05 [http-nio-8080-exec-10] DEBUG c.s.d.m.CommonMapper.selectLnbList - <==      Total: 4
2025-01-07 09:32:05 [http-nio-8080-exec-10] DEBUG org.mybatis.spring.SqlSessionUtils - Closing non transactional SqlSession [org.apache.ibatis.session.defaults.DefaultSqlSession@4fe08010]
2025-01-07 09:32:05 [http-nio-8080-exec-1] DEBUG org.mybatis.spring.SqlSessionUtils - Creating a new SqlSession
2025-01-07 09:32:05 [http-nio-8080-exec-1] DEBUG org.mybatis.spring.SqlSessionUtils - SqlSession [org.apache.ibatis.session.defaults.DefaultSqlSession@3afb656a] was not registered for synchronization because synchronization is not active
2025-01-07 09:32:05 [http-nio-8080-exec-1] DEBUG o.m.s.t.SpringManagedTransaction - JDBC Connection [HikariProxyConnection@1252938301 wrapping com.mysql.cj.jdbc.ConnectionImpl@18b04cf8] will not be managed by Spring
2025-01-07 09:32:05 [http-nio-8080-exec-1] DEBUG c.s.d.m.CommonMapper.selectLnbList - ==>  Preparing: SELECT CT_LNB_IDX AS ctLnbIdx, CT_LNB_ID AS ctLnbId, CT_LNB_NAME AS ctLnbName, CT_LNB_SUB_YN AS ctLnbSubYn, CT_LNB_URL AS ctLnbUrl, CT_LNB_USE_YN AS ctLnbUseYn FROM CT_LNB WHERE CT_LNB_USE_YN = 'Y' ORDER BY CT_LNB_IDX
2025-01-07 09:32:05 [http-nio-8080-exec-1] DEBUG c.s.d.m.CommonMapper.selectLnbList - ==> Parameters: 
2025-01-07 09:32:05 [http-nio-8080-exec-1] DEBUG c.s.d.m.CommonMapper.selectLnbList - <==      Total: 4
2025-01-07 09:32:05 [http-nio-8080-exec-1] DEBUG org.mybatis.spring.SqlSessionUtils - Closing non transactional SqlSession [org.apache.ibatis.session.defaults.DefaultSqlSession@3afb656a]
2025-01-07 09:32:05 [http-nio-8080-exec-4] DEBUG org.mybatis.spring.SqlSessionUtils - Creating a new SqlSession
2025-01-07 09:32:05 [http-nio-8080-exec-4] DEBUG org.mybatis.spring.SqlSessionUtils - SqlSession [org.apache.ibatis.session.defaults.DefaultSqlSession@59388f5f] was not registered for synchronization because synchronization is not active
2025-01-07 09:32:05 [http-nio-8080-exec-3] DEBUG org.mybatis.spring.SqlSessionUtils - Creating a new SqlSession
2025-01-07 09:32:05 [http-nio-8080-exec-3] DEBUG org.mybatis.spring.SqlSessionUtils - SqlSession [org.apache.ibatis.session.defaults.DefaultSqlSession@79d9ff83] was not registered for synchronization because synchronization is not active
2025-01-07 09:32:05 [http-nio-8080-exec-8] DEBUG org.mybatis.spring.SqlSessionUtils - Creating a new SqlSession
2025-01-07 09:32:05 [http-nio-8080-exec-8] DEBUG org.mybatis.spring.SqlSessionUtils - SqlSession [org.apache.ibatis.session.defaults.DefaultSqlSession@21096a6e] was not registered for synchronization because synchronization is not active
2025-01-07 09:32:05 [http-nio-8080-exec-8] DEBUG o.m.s.t.SpringManagedTransaction - JDBC Connection [HikariProxyConnection@2011070665 wrapping com.mysql.cj.jdbc.ConnectionImpl@18b04cf8] will not be managed by Spring
2025-01-07 09:32:05 [http-nio-8080-exec-8] DEBUG c.s.d.m.C.selectLnbSubList - ==>  Preparing: SELECT CT_LNB_SUB_IDX AS ctLnbSubIdx, CT_LNB_ID AS ctLnbId, CT_LNB_SUB_ID AS ctLnbSubId, CT_LNB_SUB_NAME AS ctLnbSubName, CT_LNB_SUB_URL AS ctLnbSubUrl FROM CT_LNB_SUB WHERE CT_LNB_ID = ? ORDER BY CT_LNB_SUB_IDX
2025-01-07 09:32:05 [http-nio-8080-exec-3] DEBUG o.m.s.t.SpringManagedTransaction - JDBC Connection [HikariProxyConnection@350888145 wrapping com.mysql.cj.jdbc.ConnectionImpl@5126c08e] will not be managed by Spring
2025-01-07 09:32:05 [http-nio-8080-exec-4] DEBUG o.m.s.t.SpringManagedTransaction - JDBC Connection [HikariProxyConnection@513713467 wrapping com.mysql.cj.jdbc.ConnectionImpl@27cc7e61] will not be managed by Spring
2025-01-07 09:32:05 [http-nio-8080-exec-3] DEBUG c.s.d.m.C.selectLnbSubList - ==>  Preparing: SELECT CT_LNB_SUB_IDX AS ctLnbSubIdx, CT_LNB_ID AS ctLnbId, CT_LNB_SUB_ID AS ctLnbSubId, CT_LNB_SUB_NAME AS ctLnbSubName, CT_LNB_SUB_URL AS ctLnbSubUrl FROM CT_LNB_SUB WHERE CT_LNB_ID = ? ORDER BY CT_LNB_SUB_IDX
2025-01-07 09:32:05 [http-nio-8080-exec-4] DEBUG c.s.d.m.C.selectLnbSubList - ==>  Preparing: SELECT CT_LNB_SUB_IDX AS ctLnbSubIdx, CT_LNB_ID AS ctLnbId, CT_LNB_SUB_ID AS ctLnbSubId, CT_LNB_SUB_NAME AS ctLnbSubName, CT_LNB_SUB_URL AS ctLnbSubUrl FROM CT_LNB_SUB WHERE CT_LNB_ID = ? ORDER BY CT_LNB_SUB_IDX
2025-01-07 09:32:05 [http-nio-8080-exec-8] DEBUG c.s.d.m.C.selectLnbSubList - ==> Parameters: CT_LNB_CONTACT(String)
2025-01-07 09:32:05 [http-nio-8080-exec-3] DEBUG c.s.d.m.C.selectLnbSubList - ==> Parameters: CT_LNB_SERVICE(String)
2025-01-07 09:32:05 [http-nio-8080-exec-4] DEBUG c.s.d.m.C.selectLnbSubList - ==> Parameters: CT_LNB_INFORMATION(String)
2025-01-07 09:32:05 [http-nio-8080-exec-8] DEBUG c.s.d.m.C.selectLnbSubList - <==      Total: 2
2025-01-07 09:32:05 [http-nio-8080-exec-4] DEBUG c.s.d.m.C.selectLnbSubList - <==      Total: 2
2025-01-07 09:32:05 [http-nio-8080-exec-3] DEBUG c.s.d.m.C.selectLnbSubList - <==      Total: 4
2025-01-07 09:32:05 [http-nio-8080-exec-8] DEBUG org.mybatis.spring.SqlSessionUtils - Closing non transactional SqlSession [org.apache.ibatis.session.defaults.DefaultSqlSession@21096a6e]
2025-01-07 09:32:05 [http-nio-8080-exec-3] DEBUG org.mybatis.spring.SqlSessionUtils - Closing non transactional SqlSession [org.apache.ibatis.session.defaults.DefaultSqlSession@79d9ff83]
2025-01-07 09:32:05 [http-nio-8080-exec-4] DEBUG org.mybatis.spring.SqlSessionUtils - Closing non transactional SqlSession [org.apache.ibatis.session.defaults.DefaultSqlSession@59388f5f]
2025-01-07 09:32:05 [http-nio-8080-exec-9] DEBUG org.mybatis.spring.SqlSessionUtils - Creating a new SqlSession
2025-01-07 09:32:05 [http-nio-8080-exec-2] DEBUG org.mybatis.spring.SqlSessionUtils - Creating a new SqlSession
2025-01-07 09:32:05 [http-nio-8080-exec-6] DEBUG org.mybatis.spring.SqlSessionUtils - Creating a new SqlSession
2025-01-07 09:32:05 [http-nio-8080-exec-9] DEBUG org.mybatis.spring.SqlSessionUtils - SqlSession [org.apache.ibatis.session.defaults.DefaultSqlSession@1569940d] was not registered for synchronization because synchronization is not active
2025-01-07 09:32:05 [http-nio-8080-exec-2] DEBUG org.mybatis.spring.SqlSessionUtils - SqlSession [org.apache.ibatis.session.defaults.DefaultSqlSession@33f4f300] was not registered for synchronization because synchronization is not active
2025-01-07 09:32:05 [http-nio-8080-exec-6] DEBUG org.mybatis.spring.SqlSessionUtils - SqlSession [org.apache.ibatis.session.defaults.DefaultSqlSession@4d287679] was not registered for synchronization because synchronization is not active
2025-01-07 09:32:05 [http-nio-8080-exec-9] DEBUG o.m.s.t.SpringManagedTransaction - JDBC Connection [HikariProxyConnection@100578869 wrapping com.mysql.cj.jdbc.ConnectionImpl@18b04cf8] will not be managed by Spring
2025-01-07 09:32:05 [http-nio-8080-exec-6] DEBUG o.m.s.t.SpringManagedTransaction - JDBC Connection [HikariProxyConnection@265126827 wrapping com.mysql.cj.jdbc.ConnectionImpl@27cc7e61] will not be managed by Spring
2025-01-07 09:32:05 [http-nio-8080-exec-2] DEBUG o.m.s.t.SpringManagedTransaction - JDBC Connection [HikariProxyConnection@1946401868 wrapping com.mysql.cj.jdbc.ConnectionImpl@5126c08e] will not be managed by Spring
2025-01-07 09:32:05 [http-nio-8080-exec-9] DEBUG c.s.d.m.C.selectLnbSubList - ==>  Preparing: SELECT CT_LNB_SUB_IDX AS ctLnbSubIdx, CT_LNB_ID AS ctLnbId, CT_LNB_SUB_ID AS ctLnbSubId, CT_LNB_SUB_NAME AS ctLnbSubName, CT_LNB_SUB_URL AS ctLnbSubUrl FROM CT_LNB_SUB WHERE CT_LNB_ID = ? ORDER BY CT_LNB_SUB_IDX
2025-01-07 09:32:05 [http-nio-8080-exec-6] DEBUG c.s.d.m.C.selectLnbSubList - ==>  Preparing: SELECT CT_LNB_SUB_IDX AS ctLnbSubIdx, CT_LNB_ID AS ctLnbId, CT_LNB_SUB_ID AS ctLnbSubId, CT_LNB_SUB_NAME AS ctLnbSubName, CT_LNB_SUB_URL AS ctLnbSubUrl FROM CT_LNB_SUB WHERE CT_LNB_ID = ? ORDER BY CT_LNB_SUB_IDX
2025-01-07 09:32:05 [http-nio-8080-exec-2] DEBUG c.s.d.m.C.selectLnbSubList - ==>  Preparing: SELECT CT_LNB_SUB_IDX AS ctLnbSubIdx, CT_LNB_ID AS ctLnbId, CT_LNB_SUB_ID AS ctLnbSubId, CT_LNB_SUB_NAME AS ctLnbSubName, CT_LNB_SUB_URL AS ctLnbSubUrl FROM CT_LNB_SUB WHERE CT_LNB_ID = ? ORDER BY CT_LNB_SUB_IDX
2025-01-07 09:32:05 [http-nio-8080-exec-6] DEBUG c.s.d.m.C.selectLnbSubList - ==> Parameters: CT_LNB_CONTACT(String)
2025-01-07 09:32:05 [http-nio-8080-exec-9] DEBUG c.s.d.m.C.selectLnbSubList - ==> Parameters: CT_LNB_SERVICE(String)
2025-01-07 09:32:05 [http-nio-8080-exec-2] DEBUG c.s.d.m.C.selectLnbSubList - ==> Parameters: CT_LNB_INFORMATION(String)
2025-01-07 09:32:05 [http-nio-8080-exec-2] DEBUG c.s.d.m.C.selectLnbSubList - <==      Total: 2
2025-01-07 09:32:05 [http-nio-8080-exec-6] DEBUG c.s.d.m.C.selectLnbSubList - <==      Total: 2
2025-01-07 09:32:05 [http-nio-8080-exec-9] DEBUG c.s.d.m.C.selectLnbSubList - <==      Total: 4
2025-01-07 09:32:05 [http-nio-8080-exec-2] DEBUG org.mybatis.spring.SqlSessionUtils - Closing non transactional SqlSession [org.apache.ibatis.session.defaults.DefaultSqlSession@33f4f300]
2025-01-07 09:32:05 [http-nio-8080-exec-9] DEBUG org.mybatis.spring.SqlSessionUtils - Closing non transactional SqlSession [org.apache.ibatis.session.defaults.DefaultSqlSession@1569940d]
2025-01-07 09:32:05 [http-nio-8080-exec-6] DEBUG org.mybatis.spring.SqlSessionUtils - Closing non transactional SqlSession [org.apache.ibatis.session.defaults.DefaultSqlSession@4d287679]
2025-01-07 09:32:11 [http-nio-8080-exec-5] WARN  o.t.s.p.AbstractStandardFragmentInsertionTagProcessor - [THYMELEAF][http-nio-8080-exec-5][common/layout/layout] Deprecated unwrapped fragment expression "common/fragments/header::header" found in template common/layout/layout, line 29, col 10. Please use the complete syntax of fragment expressions instead ("~{common/fragments/header::header}"). The old, unwrapped syntax for fragment expressions will be removed in future versions of Thymeleaf.
2025-01-07 09:32:11 [http-nio-8080-exec-5] WARN  o.t.s.p.AbstractStandardFragmentInsertionTagProcessor - [THYMELEAF][http-nio-8080-exec-5][common/layout/layout] Deprecated unwrapped fragment expression "common/fragments/footer::footer" found in template common/layout/layout, line 33, col 10. Please use the complete syntax of fragment expressions instead ("~{common/fragments/footer::footer}"). The old, unwrapped syntax for fragment expressions will be removed in future versions of Thymeleaf.
2025-01-07 09:32:11 [http-nio-8080-exec-2] DEBUG org.mybatis.spring.SqlSessionUtils - Creating a new SqlSession
2025-01-07 09:32:11 [http-nio-8080-exec-2] DEBUG org.mybatis.spring.SqlSessionUtils - SqlSession [org.apache.ibatis.session.defaults.DefaultSqlSession@4f069cb0] was not registered for synchronization because synchronization is not active
2025-01-07 09:32:11 [http-nio-8080-exec-2] DEBUG o.m.s.t.SpringManagedTransaction - JDBC Connection [HikariProxyConnection@1534991011 wrapping com.mysql.cj.jdbc.ConnectionImpl@5126c08e] will not be managed by Spring
2025-01-07 09:32:11 [http-nio-8080-exec-2] DEBUG c.s.d.m.CommonMapper.selectLnbList - ==>  Preparing: SELECT CT_LNB_IDX AS ctLnbIdx, CT_LNB_ID AS ctLnbId, CT_LNB_NAME AS ctLnbName, CT_LNB_SUB_YN AS ctLnbSubYn, CT_LNB_URL AS ctLnbUrl, CT_LNB_USE_YN AS ctLnbUseYn FROM CT_LNB WHERE CT_LNB_USE_YN = 'Y' ORDER BY CT_LNB_IDX
2025-01-07 09:32:11 [http-nio-8080-exec-2] DEBUG c.s.d.m.CommonMapper.selectLnbList - ==> Parameters: 
2025-01-07 09:32:11 [http-nio-8080-exec-2] DEBUG c.s.d.m.CommonMapper.selectLnbList - <==      Total: 4
2025-01-07 09:32:11 [http-nio-8080-exec-2] DEBUG org.mybatis.spring.SqlSessionUtils - Closing non transactional SqlSession [org.apache.ibatis.session.defaults.DefaultSqlSession@4f069cb0]
2025-01-07 09:32:11 [http-nio-8080-exec-5] DEBUG org.mybatis.spring.SqlSessionUtils - Creating a new SqlSession
2025-01-07 09:32:11 [http-nio-8080-exec-5] DEBUG org.mybatis.spring.SqlSessionUtils - SqlSession [org.apache.ibatis.session.defaults.DefaultSqlSession@9498f55] was not registered for synchronization because synchronization is not active
2025-01-07 09:32:11 [http-nio-8080-exec-5] DEBUG o.m.s.t.SpringManagedTransaction - JDBC Connection [HikariProxyConnection@148223532 wrapping com.mysql.cj.jdbc.ConnectionImpl@18b04cf8] will not be managed by Spring
2025-01-07 09:32:11 [http-nio-8080-exec-5] DEBUG c.s.d.m.CommonMapper.selectLnbList - ==>  Preparing: SELECT CT_LNB_IDX AS ctLnbIdx, CT_LNB_ID AS ctLnbId, CT_LNB_NAME AS ctLnbName, CT_LNB_SUB_YN AS ctLnbSubYn, CT_LNB_URL AS ctLnbUrl, CT_LNB_USE_YN AS ctLnbUseYn FROM CT_LNB WHERE CT_LNB_USE_YN = 'Y' ORDER BY CT_LNB_IDX
2025-01-07 09:32:11 [http-nio-8080-exec-5] DEBUG c.s.d.m.CommonMapper.selectLnbList - ==> Parameters: 
2025-01-07 09:32:11 [http-nio-8080-exec-5] DEBUG c.s.d.m.CommonMapper.selectLnbList - <==      Total: 4
2025-01-07 09:32:11 [http-nio-8080-exec-5] DEBUG org.mybatis.spring.SqlSessionUtils - Closing non transactional SqlSession [org.apache.ibatis.session.defaults.DefaultSqlSession@9498f55]
2025-01-07 09:32:11 [http-nio-8080-exec-10] DEBUG org.mybatis.spring.SqlSessionUtils - Creating a new SqlSession
2025-01-07 09:32:11 [http-nio-8080-exec-7] DEBUG org.mybatis.spring.SqlSessionUtils - Creating a new SqlSession
2025-01-07 09:32:11 [http-nio-8080-exec-10] DEBUG org.mybatis.spring.SqlSessionUtils - SqlSession [org.apache.ibatis.session.defaults.DefaultSqlSession@1fb5d357] was not registered for synchronization because synchronization is not active
2025-01-07 09:32:11 [http-nio-8080-exec-7] DEBUG org.mybatis.spring.SqlSessionUtils - SqlSession [org.apache.ibatis.session.defaults.DefaultSqlSession@6b01018e] was not registered for synchronization because synchronization is not active
2025-01-07 09:32:11 [http-nio-8080-exec-10] DEBUG o.m.s.t.SpringManagedTransaction - JDBC Connection [HikariProxyConnection@1660133214 wrapping com.mysql.cj.jdbc.ConnectionImpl@18b04cf8] will not be managed by Spring
2025-01-07 09:32:11 [http-nio-8080-exec-10] DEBUG c.s.d.m.C.selectLnbSubList - ==>  Preparing: SELECT CT_LNB_SUB_IDX AS ctLnbSubIdx, CT_LNB_ID AS ctLnbId, CT_LNB_SUB_ID AS ctLnbSubId, CT_LNB_SUB_NAME AS ctLnbSubName, CT_LNB_SUB_URL AS ctLnbSubUrl FROM CT_LNB_SUB WHERE CT_LNB_ID = ? ORDER BY CT_LNB_SUB_IDX
2025-01-07 09:32:11 [http-nio-8080-exec-10] DEBUG c.s.d.m.C.selectLnbSubList - ==> Parameters: CT_LNB_SERVICE(String)
2025-01-07 09:32:11 [http-nio-8080-exec-7] DEBUG o.m.s.t.SpringManagedTransaction - JDBC Connection [HikariProxyConnection@1746002590 wrapping com.mysql.cj.jdbc.ConnectionImpl@27cc7e61] will not be managed by Spring
2025-01-07 09:32:11 [http-nio-8080-exec-7] DEBUG c.s.d.m.C.selectLnbSubList - ==>  Preparing: SELECT CT_LNB_SUB_IDX AS ctLnbSubIdx, CT_LNB_ID AS ctLnbId, CT_LNB_SUB_ID AS ctLnbSubId, CT_LNB_SUB_NAME AS ctLnbSubName, CT_LNB_SUB_URL AS ctLnbSubUrl FROM CT_LNB_SUB WHERE CT_LNB_ID = ? ORDER BY CT_LNB_SUB_IDX
2025-01-07 09:32:11 [http-nio-8080-exec-1] DEBUG org.mybatis.spring.SqlSessionUtils - Creating a new SqlSession
2025-01-07 09:32:11 [http-nio-8080-exec-1] DEBUG org.mybatis.spring.SqlSessionUtils - SqlSession [org.apache.ibatis.session.defaults.DefaultSqlSession@4931372b] was not registered for synchronization because synchronization is not active
2025-01-07 09:32:11 [http-nio-8080-exec-7] DEBUG c.s.d.m.C.selectLnbSubList - ==> Parameters: CT_LNB_INFORMATION(String)
2025-01-07 09:32:11 [http-nio-8080-exec-1] DEBUG o.m.s.t.SpringManagedTransaction - JDBC Connection [HikariProxyConnection@1907800970 wrapping com.mysql.cj.jdbc.ConnectionImpl@5126c08e] will not be managed by Spring
2025-01-07 09:32:11 [http-nio-8080-exec-1] DEBUG c.s.d.m.C.selectLnbSubList - ==>  Preparing: SELECT CT_LNB_SUB_IDX AS ctLnbSubIdx, CT_LNB_ID AS ctLnbId, CT_LNB_SUB_ID AS ctLnbSubId, CT_LNB_SUB_NAME AS ctLnbSubName, CT_LNB_SUB_URL AS ctLnbSubUrl FROM CT_LNB_SUB WHERE CT_LNB_ID = ? ORDER BY CT_LNB_SUB_IDX
2025-01-07 09:32:11 [http-nio-8080-exec-1] DEBUG c.s.d.m.C.selectLnbSubList - ==> Parameters: CT_LNB_CONTACT(String)
2025-01-07 09:32:11 [http-nio-8080-exec-7] DEBUG c.s.d.m.C.selectLnbSubList - <==      Total: 2
2025-01-07 09:32:11 [http-nio-8080-exec-1] DEBUG c.s.d.m.C.selectLnbSubList - <==      Total: 2
2025-01-07 09:32:11 [http-nio-8080-exec-10] DEBUG c.s.d.m.C.selectLnbSubList - <==      Total: 4
2025-01-07 09:32:11 [http-nio-8080-exec-7] DEBUG org.mybatis.spring.SqlSessionUtils - Closing non transactional SqlSession [org.apache.ibatis.session.defaults.DefaultSqlSession@6b01018e]
2025-01-07 09:32:11 [http-nio-8080-exec-1] DEBUG org.mybatis.spring.SqlSessionUtils - Closing non transactional SqlSession [org.apache.ibatis.session.defaults.DefaultSqlSession@4931372b]
2025-01-07 09:32:11 [http-nio-8080-exec-10] DEBUG org.mybatis.spring.SqlSessionUtils - Closing non transactional SqlSession [org.apache.ibatis.session.defaults.DefaultSqlSession@1fb5d357]
2025-01-07 09:32:11 [http-nio-8080-exec-3] DEBUG org.mybatis.spring.SqlSessionUtils - Creating a new SqlSession
2025-01-07 09:32:11 [http-nio-8080-exec-4] DEBUG org.mybatis.spring.SqlSessionUtils - Creating a new SqlSession
2025-01-07 09:32:11 [http-nio-8080-exec-8] DEBUG org.mybatis.spring.SqlSessionUtils - Creating a new SqlSession
2025-01-07 09:32:11 [http-nio-8080-exec-3] DEBUG org.mybatis.spring.SqlSessionUtils - SqlSession [org.apache.ibatis.session.defaults.DefaultSqlSession@2c551bbc] was not registered for synchronization because synchronization is not active
2025-01-07 09:32:11 [http-nio-8080-exec-4] DEBUG org.mybatis.spring.SqlSessionUtils - SqlSession [org.apache.ibatis.session.defaults.DefaultSqlSession@4b0f2b0d] was not registered for synchronization because synchronization is not active
2025-01-07 09:32:11 [http-nio-8080-exec-8] DEBUG org.mybatis.spring.SqlSessionUtils - SqlSession [org.apache.ibatis.session.defaults.DefaultSqlSession@bd0a108] was not registered for synchronization because synchronization is not active
2025-01-07 09:32:11 [http-nio-8080-exec-8] DEBUG o.m.s.t.SpringManagedTransaction - JDBC Connection [HikariProxyConnection@134983795 wrapping com.mysql.cj.jdbc.ConnectionImpl@18b04cf8] will not be managed by Spring
2025-01-07 09:32:11 [http-nio-8080-exec-3] DEBUG o.m.s.t.SpringManagedTransaction - JDBC Connection [HikariProxyConnection@1769753167 wrapping com.mysql.cj.jdbc.ConnectionImpl@5126c08e] will not be managed by Spring
2025-01-07 09:32:11 [http-nio-8080-exec-4] DEBUG o.m.s.t.SpringManagedTransaction - JDBC Connection [HikariProxyConnection@542373930 wrapping com.mysql.cj.jdbc.ConnectionImpl@27cc7e61] will not be managed by Spring
2025-01-07 09:32:11 [http-nio-8080-exec-8] DEBUG c.s.d.m.C.selectLnbSubList - ==>  Preparing: SELECT CT_LNB_SUB_IDX AS ctLnbSubIdx, CT_LNB_ID AS ctLnbId, CT_LNB_SUB_ID AS ctLnbSubId, CT_LNB_SUB_NAME AS ctLnbSubName, CT_LNB_SUB_URL AS ctLnbSubUrl FROM CT_LNB_SUB WHERE CT_LNB_ID = ? ORDER BY CT_LNB_SUB_IDX
2025-01-07 09:32:11 [http-nio-8080-exec-3] DEBUG c.s.d.m.C.selectLnbSubList - ==>  Preparing: SELECT CT_LNB_SUB_IDX AS ctLnbSubIdx, CT_LNB_ID AS ctLnbId, CT_LNB_SUB_ID AS ctLnbSubId, CT_LNB_SUB_NAME AS ctLnbSubName, CT_LNB_SUB_URL AS ctLnbSubUrl FROM CT_LNB_SUB WHERE CT_LNB_ID = ? ORDER BY CT_LNB_SUB_IDX
2025-01-07 09:32:11 [http-nio-8080-exec-4] DEBUG c.s.d.m.C.selectLnbSubList - ==>  Preparing: SELECT CT_LNB_SUB_IDX AS ctLnbSubIdx, CT_LNB_ID AS ctLnbId, CT_LNB_SUB_ID AS ctLnbSubId, CT_LNB_SUB_NAME AS ctLnbSubName, CT_LNB_SUB_URL AS ctLnbSubUrl FROM CT_LNB_SUB WHERE CT_LNB_ID = ? ORDER BY CT_LNB_SUB_IDX
2025-01-07 09:32:11 [http-nio-8080-exec-8] DEBUG c.s.d.m.C.selectLnbSubList - ==> Parameters: CT_LNB_INFORMATION(String)
2025-01-07 09:32:11 [http-nio-8080-exec-4] DEBUG c.s.d.m.C.selectLnbSubList - ==> Parameters: CT_LNB_CONTACT(String)
2025-01-07 09:32:11 [http-nio-8080-exec-3] DEBUG c.s.d.m.C.selectLnbSubList - ==> Parameters: CT_LNB_SERVICE(String)
2025-01-07 09:32:11 [http-nio-8080-exec-4] DEBUG c.s.d.m.C.selectLnbSubList - <==      Total: 2
2025-01-07 09:32:11 [http-nio-8080-exec-8] DEBUG c.s.d.m.C.selectLnbSubList - <==      Total: 2
2025-01-07 09:32:11 [http-nio-8080-exec-3] DEBUG c.s.d.m.C.selectLnbSubList - <==      Total: 4
2025-01-07 09:32:11 [http-nio-8080-exec-8] DEBUG org.mybatis.spring.SqlSessionUtils - Closing non transactional SqlSession [org.apache.ibatis.session.defaults.DefaultSqlSession@bd0a108]
2025-01-07 09:32:11 [http-nio-8080-exec-3] DEBUG org.mybatis.spring.SqlSessionUtils - Closing non transactional SqlSession [org.apache.ibatis.session.defaults.DefaultSqlSession@2c551bbc]
2025-01-07 09:32:11 [http-nio-8080-exec-4] DEBUG org.mybatis.spring.SqlSessionUtils - Closing non transactional SqlSession [org.apache.ibatis.session.defaults.DefaultSqlSession@4b0f2b0d]
2025-01-07 09:32:24 [http-nio-8080-exec-6] WARN  o.t.s.p.AbstractStandardFragmentInsertionTagProcessor - [THYMELEAF][http-nio-8080-exec-6][common/layout/layout] Deprecated unwrapped fragment expression "common/fragments/header::header" found in template common/layout/layout, line 29, col 10. Please use the complete syntax of fragment expressions instead ("~{common/fragments/header::header}"). The old, unwrapped syntax for fragment expressions will be removed in future versions of Thymeleaf.
2025-01-07 09:32:24 [http-nio-8080-exec-6] WARN  o.t.s.p.AbstractStandardFragmentInsertionTagProcessor - [THYMELEAF][http-nio-8080-exec-6][common/layout/layout] Deprecated unwrapped fragment expression "common/fragments/footer::footer" found in template common/layout/layout, line 33, col 10. Please use the complete syntax of fragment expressions instead ("~{common/fragments/footer::footer}"). The old, unwrapped syntax for fragment expressions will be removed in future versions of Thymeleaf.
2025-01-07 09:32:24 [http-nio-8080-exec-3] DEBUG org.mybatis.spring.SqlSessionUtils - Creating a new SqlSession
2025-01-07 09:32:24 [http-nio-8080-exec-3] DEBUG org.mybatis.spring.SqlSessionUtils - SqlSession [org.apache.ibatis.session.defaults.DefaultSqlSession@60e95512] was not registered for synchronization because synchronization is not active
2025-01-07 09:32:24 [http-nio-8080-exec-3] DEBUG o.m.s.t.SpringManagedTransaction - JDBC Connection [HikariProxyConnection@1684351560 wrapping com.mysql.cj.jdbc.ConnectionImpl@5126c08e] will not be managed by Spring
2025-01-07 09:32:24 [http-nio-8080-exec-3] DEBUG c.s.d.m.CommonMapper.selectLnbList - ==>  Preparing: SELECT CT_LNB_IDX AS ctLnbIdx, CT_LNB_ID AS ctLnbId, CT_LNB_NAME AS ctLnbName, CT_LNB_SUB_YN AS ctLnbSubYn, CT_LNB_URL AS ctLnbUrl, CT_LNB_USE_YN AS ctLnbUseYn FROM CT_LNB WHERE CT_LNB_USE_YN = 'Y' ORDER BY CT_LNB_IDX
2025-01-07 09:32:24 [http-nio-8080-exec-3] DEBUG c.s.d.m.CommonMapper.selectLnbList - ==> Parameters: 
2025-01-07 09:32:24 [http-nio-8080-exec-3] DEBUG c.s.d.m.CommonMapper.selectLnbList - <==      Total: 4
2025-01-07 09:32:24 [http-nio-8080-exec-3] DEBUG org.mybatis.spring.SqlSessionUtils - Closing non transactional SqlSession [org.apache.ibatis.session.defaults.DefaultSqlSession@60e95512]
2025-01-07 09:32:24 [http-nio-8080-exec-6] DEBUG org.mybatis.spring.SqlSessionUtils - Creating a new SqlSession
2025-01-07 09:32:24 [http-nio-8080-exec-6] DEBUG org.mybatis.spring.SqlSessionUtils - SqlSession [org.apache.ibatis.session.defaults.DefaultSqlSession@c54e90d] was not registered for synchronization because synchronization is not active
2025-01-07 09:32:24 [http-nio-8080-exec-6] DEBUG o.m.s.t.SpringManagedTransaction - JDBC Connection [HikariProxyConnection@537723409 wrapping com.mysql.cj.jdbc.ConnectionImpl@27cc7e61] will not be managed by Spring
2025-01-07 09:32:24 [http-nio-8080-exec-6] DEBUG c.s.d.m.CommonMapper.selectLnbList - ==>  Preparing: SELECT CT_LNB_IDX AS ctLnbIdx, CT_LNB_ID AS ctLnbId, CT_LNB_NAME AS ctLnbName, CT_LNB_SUB_YN AS ctLnbSubYn, CT_LNB_URL AS ctLnbUrl, CT_LNB_USE_YN AS ctLnbUseYn FROM CT_LNB WHERE CT_LNB_USE_YN = 'Y' ORDER BY CT_LNB_IDX
2025-01-07 09:32:24 [http-nio-8080-exec-6] DEBUG c.s.d.m.CommonMapper.selectLnbList - ==> Parameters: 
2025-01-07 09:32:24 [http-nio-8080-exec-6] DEBUG c.s.d.m.CommonMapper.selectLnbList - <==      Total: 4
2025-01-07 09:32:24 [http-nio-8080-exec-6] DEBUG org.mybatis.spring.SqlSessionUtils - Closing non transactional SqlSession [org.apache.ibatis.session.defaults.DefaultSqlSession@c54e90d]
2025-01-07 09:32:24 [http-nio-8080-exec-9] DEBUG org.mybatis.spring.SqlSessionUtils - Creating a new SqlSession
2025-01-07 09:32:24 [http-nio-8080-exec-2] DEBUG org.mybatis.spring.SqlSessionUtils - Creating a new SqlSession
2025-01-07 09:32:24 [http-nio-8080-exec-9] DEBUG org.mybatis.spring.SqlSessionUtils - SqlSession [org.apache.ibatis.session.defaults.DefaultSqlSession@3e8e2041] was not registered for synchronization because synchronization is not active
2025-01-07 09:32:24 [http-nio-8080-exec-2] DEBUG org.mybatis.spring.SqlSessionUtils - SqlSession [org.apache.ibatis.session.defaults.DefaultSqlSession@3770f37e] was not registered for synchronization because synchronization is not active
2025-01-07 09:32:24 [http-nio-8080-exec-2] DEBUG o.m.s.t.SpringManagedTransaction - JDBC Connection [HikariProxyConnection@485514289 wrapping com.mysql.cj.jdbc.ConnectionImpl@5126c08e] will not be managed by Spring
2025-01-07 09:32:24 [http-nio-8080-exec-2] DEBUG c.s.d.m.C.selectLnbSubList - ==>  Preparing: SELECT CT_LNB_SUB_IDX AS ctLnbSubIdx, CT_LNB_ID AS ctLnbId, CT_LNB_SUB_ID AS ctLnbSubId, CT_LNB_SUB_NAME AS ctLnbSubName, CT_LNB_SUB_URL AS ctLnbSubUrl FROM CT_LNB_SUB WHERE CT_LNB_ID = ? ORDER BY CT_LNB_SUB_IDX
2025-01-07 09:32:24 [http-nio-8080-exec-9] DEBUG o.m.s.t.SpringManagedTransaction - JDBC Connection [HikariProxyConnection@86414035 wrapping com.mysql.cj.jdbc.ConnectionImpl@18b04cf8] will not be managed by Spring
2025-01-07 09:32:24 [http-nio-8080-exec-2] DEBUG c.s.d.m.C.selectLnbSubList - ==> Parameters: CT_LNB_SERVICE(String)
2025-01-07 09:32:24 [http-nio-8080-exec-9] DEBUG c.s.d.m.C.selectLnbSubList - ==>  Preparing: SELECT CT_LNB_SUB_IDX AS ctLnbSubIdx, CT_LNB_ID AS ctLnbId, CT_LNB_SUB_ID AS ctLnbSubId, CT_LNB_SUB_NAME AS ctLnbSubName, CT_LNB_SUB_URL AS ctLnbSubUrl FROM CT_LNB_SUB WHERE CT_LNB_ID = ? ORDER BY CT_LNB_SUB_IDX
2025-01-07 09:32:24 [http-nio-8080-exec-5] DEBUG org.mybatis.spring.SqlSessionUtils - Creating a new SqlSession
2025-01-07 09:32:24 [http-nio-8080-exec-5] DEBUG org.mybatis.spring.SqlSessionUtils - SqlSession [org.apache.ibatis.session.defaults.DefaultSqlSession@451580fd] was not registered for synchronization because synchronization is not active
2025-01-07 09:32:24 [http-nio-8080-exec-5] DEBUG o.m.s.t.SpringManagedTransaction - JDBC Connection [HikariProxyConnection@1616128677 wrapping com.mysql.cj.jdbc.ConnectionImpl@27cc7e61] will not be managed by Spring
2025-01-07 09:32:24 [http-nio-8080-exec-5] DEBUG c.s.d.m.C.selectLnbSubList - ==>  Preparing: SELECT CT_LNB_SUB_IDX AS ctLnbSubIdx, CT_LNB_ID AS ctLnbId, CT_LNB_SUB_ID AS ctLnbSubId, CT_LNB_SUB_NAME AS ctLnbSubName, CT_LNB_SUB_URL AS ctLnbSubUrl FROM CT_LNB_SUB WHERE CT_LNB_ID = ? ORDER BY CT_LNB_SUB_IDX
2025-01-07 09:32:24 [http-nio-8080-exec-9] DEBUG c.s.d.m.C.selectLnbSubList - ==> Parameters: CT_LNB_INFORMATION(String)
2025-01-07 09:32:24 [http-nio-8080-exec-5] DEBUG c.s.d.m.C.selectLnbSubList - ==> Parameters: CT_LNB_CONTACT(String)
2025-01-07 09:32:24 [http-nio-8080-exec-9] DEBUG c.s.d.m.C.selectLnbSubList - <==      Total: 2
2025-01-07 09:32:24 [http-nio-8080-exec-5] DEBUG c.s.d.m.C.selectLnbSubList - <==      Total: 2
2025-01-07 09:32:24 [http-nio-8080-exec-2] DEBUG c.s.d.m.C.selectLnbSubList - <==      Total: 4
2025-01-07 09:32:24 [http-nio-8080-exec-5] DEBUG org.mybatis.spring.SqlSessionUtils - Closing non transactional SqlSession [org.apache.ibatis.session.defaults.DefaultSqlSession@451580fd]
2025-01-07 09:32:24 [http-nio-8080-exec-9] DEBUG org.mybatis.spring.SqlSessionUtils - Closing non transactional SqlSession [org.apache.ibatis.session.defaults.DefaultSqlSession@3e8e2041]
2025-01-07 09:32:24 [http-nio-8080-exec-2] DEBUG org.mybatis.spring.SqlSessionUtils - Closing non transactional SqlSession [org.apache.ibatis.session.defaults.DefaultSqlSession@3770f37e]
2025-01-07 09:32:24 [http-nio-8080-exec-1] DEBUG org.mybatis.spring.SqlSessionUtils - Creating a new SqlSession
2025-01-07 09:32:24 [http-nio-8080-exec-1] DEBUG org.mybatis.spring.SqlSessionUtils - SqlSession [org.apache.ibatis.session.defaults.DefaultSqlSession@761922fe] was not registered for synchronization because synchronization is not active
2025-01-07 09:32:24 [http-nio-8080-exec-1] DEBUG o.m.s.t.SpringManagedTransaction - JDBC Connection [HikariProxyConnection@842513756 wrapping com.mysql.cj.jdbc.ConnectionImpl@5126c08e] will not be managed by Spring
2025-01-07 09:32:24 [http-nio-8080-exec-10] DEBUG org.mybatis.spring.SqlSessionUtils - Creating a new SqlSession
2025-01-07 09:32:24 [http-nio-8080-exec-7] DEBUG org.mybatis.spring.SqlSessionUtils - Creating a new SqlSession
2025-01-07 09:32:24 [http-nio-8080-exec-1] DEBUG c.s.d.m.C.selectLnbSubList - ==>  Preparing: SELECT CT_LNB_SUB_IDX AS ctLnbSubIdx, CT_LNB_ID AS ctLnbId, CT_LNB_SUB_ID AS ctLnbSubId, CT_LNB_SUB_NAME AS ctLnbSubName, CT_LNB_SUB_URL AS ctLnbSubUrl FROM CT_LNB_SUB WHERE CT_LNB_ID = ? ORDER BY CT_LNB_SUB_IDX
2025-01-07 09:32:24 [http-nio-8080-exec-10] DEBUG org.mybatis.spring.SqlSessionUtils - SqlSession [org.apache.ibatis.session.defaults.DefaultSqlSession@4a602228] was not registered for synchronization because synchronization is not active
2025-01-07 09:32:24 [http-nio-8080-exec-7] DEBUG org.mybatis.spring.SqlSessionUtils - SqlSession [org.apache.ibatis.session.defaults.DefaultSqlSession@2bef4203] was not registered for synchronization because synchronization is not active
2025-01-07 09:32:24 [http-nio-8080-exec-10] DEBUG o.m.s.t.SpringManagedTransaction - JDBC Connection [HikariProxyConnection@882330965 wrapping com.mysql.cj.jdbc.ConnectionImpl@18b04cf8] will not be managed by Spring
2025-01-07 09:32:24 [http-nio-8080-exec-7] DEBUG o.m.s.t.SpringManagedTransaction - JDBC Connection [HikariProxyConnection@1275937010 wrapping com.mysql.cj.jdbc.ConnectionImpl@27cc7e61] will not be managed by Spring
2025-01-07 09:32:24 [http-nio-8080-exec-10] DEBUG c.s.d.m.C.selectLnbSubList - ==>  Preparing: SELECT CT_LNB_SUB_IDX AS ctLnbSubIdx, CT_LNB_ID AS ctLnbId, CT_LNB_SUB_ID AS ctLnbSubId, CT_LNB_SUB_NAME AS ctLnbSubName, CT_LNB_SUB_URL AS ctLnbSubUrl FROM CT_LNB_SUB WHERE CT_LNB_ID = ? ORDER BY CT_LNB_SUB_IDX
2025-01-07 09:32:24 [http-nio-8080-exec-7] DEBUG c.s.d.m.C.selectLnbSubList - ==>  Preparing: SELECT CT_LNB_SUB_IDX AS ctLnbSubIdx, CT_LNB_ID AS ctLnbId, CT_LNB_SUB_ID AS ctLnbSubId, CT_LNB_SUB_NAME AS ctLnbSubName, CT_LNB_SUB_URL AS ctLnbSubUrl FROM CT_LNB_SUB WHERE CT_LNB_ID = ? ORDER BY CT_LNB_SUB_IDX
2025-01-07 09:32:24 [http-nio-8080-exec-1] DEBUG c.s.d.m.C.selectLnbSubList - ==> Parameters: CT_LNB_INFORMATION(String)
2025-01-07 09:32:24 [http-nio-8080-exec-10] DEBUG c.s.d.m.C.selectLnbSubList - ==> Parameters: CT_LNB_CONTACT(String)
2025-01-07 09:32:24 [http-nio-8080-exec-7] DEBUG c.s.d.m.C.selectLnbSubList - ==> Parameters: CT_LNB_SERVICE(String)
2025-01-07 09:32:24 [http-nio-8080-exec-10] DEBUG c.s.d.m.C.selectLnbSubList - <==      Total: 2
2025-01-07 09:32:24 [http-nio-8080-exec-7] DEBUG c.s.d.m.C.selectLnbSubList - <==      Total: 4
2025-01-07 09:32:24 [http-nio-8080-exec-1] DEBUG c.s.d.m.C.selectLnbSubList - <==      Total: 2
2025-01-07 09:32:24 [http-nio-8080-exec-10] DEBUG org.mybatis.spring.SqlSessionUtils - Closing non transactional SqlSession [org.apache.ibatis.session.defaults.DefaultSqlSession@4a602228]
2025-01-07 09:32:24 [http-nio-8080-exec-1] DEBUG org.mybatis.spring.SqlSessionUtils - Closing non transactional SqlSession [org.apache.ibatis.session.defaults.DefaultSqlSession@761922fe]
2025-01-07 09:32:24 [http-nio-8080-exec-7] DEBUG org.mybatis.spring.SqlSessionUtils - Closing non transactional SqlSession [org.apache.ibatis.session.defaults.DefaultSqlSession@2bef4203]
2025-01-07 09:32:27 [http-nio-8080-exec-8] WARN  o.t.s.p.AbstractStandardFragmentInsertionTagProcessor - [THYMELEAF][http-nio-8080-exec-8][common/layout/layout] Deprecated unwrapped fragment expression "common/fragments/header::header" found in template common/layout/layout, line 29, col 10. Please use the complete syntax of fragment expressions instead ("~{common/fragments/header::header}"). The old, unwrapped syntax for fragment expressions will be removed in future versions of Thymeleaf.
2025-01-07 09:32:27 [http-nio-8080-exec-8] WARN  o.t.s.p.AbstractStandardFragmentInsertionTagProcessor - [THYMELEAF][http-nio-8080-exec-8][common/layout/layout] Deprecated unwrapped fragment expression "common/fragments/footer::footer" found in template common/layout/layout, line 33, col 10. Please use the complete syntax of fragment expressions instead ("~{common/fragments/footer::footer}"). The old, unwrapped syntax for fragment expressions will be removed in future versions of Thymeleaf.
2025-01-07 09:32:27 [http-nio-8080-exec-7] DEBUG org.mybatis.spring.SqlSessionUtils - Creating a new SqlSession
2025-01-07 09:32:27 [http-nio-8080-exec-7] DEBUG org.mybatis.spring.SqlSessionUtils - SqlSession [org.apache.ibatis.session.defaults.DefaultSqlSession@53f53e24] was not registered for synchronization because synchronization is not active
2025-01-07 09:32:27 [http-nio-8080-exec-7] DEBUG o.m.s.t.SpringManagedTransaction - JDBC Connection [HikariProxyConnection@47939843 wrapping com.mysql.cj.jdbc.ConnectionImpl@27cc7e61] will not be managed by Spring
2025-01-07 09:32:27 [http-nio-8080-exec-7] DEBUG c.s.d.m.CommonMapper.selectLnbList - ==>  Preparing: SELECT CT_LNB_IDX AS ctLnbIdx, CT_LNB_ID AS ctLnbId, CT_LNB_NAME AS ctLnbName, CT_LNB_SUB_YN AS ctLnbSubYn, CT_LNB_URL AS ctLnbUrl, CT_LNB_USE_YN AS ctLnbUseYn FROM CT_LNB WHERE CT_LNB_USE_YN = 'Y' ORDER BY CT_LNB_IDX
2025-01-07 09:32:27 [http-nio-8080-exec-7] DEBUG c.s.d.m.CommonMapper.selectLnbList - ==> Parameters: 
2025-01-07 09:32:27 [http-nio-8080-exec-7] DEBUG c.s.d.m.CommonMapper.selectLnbList - <==      Total: 4
2025-01-07 09:32:27 [http-nio-8080-exec-7] DEBUG org.mybatis.spring.SqlSessionUtils - Closing non transactional SqlSession [org.apache.ibatis.session.defaults.DefaultSqlSession@53f53e24]
2025-01-07 09:32:27 [http-nio-8080-exec-8] DEBUG org.mybatis.spring.SqlSessionUtils - Creating a new SqlSession
2025-01-07 09:32:27 [http-nio-8080-exec-8] DEBUG org.mybatis.spring.SqlSessionUtils - SqlSession [org.apache.ibatis.session.defaults.DefaultSqlSession@2b1ba91d] was not registered for synchronization because synchronization is not active
2025-01-07 09:32:27 [http-nio-8080-exec-8] DEBUG o.m.s.t.SpringManagedTransaction - JDBC Connection [HikariProxyConnection@24070962 wrapping com.mysql.cj.jdbc.ConnectionImpl@18b04cf8] will not be managed by Spring
2025-01-07 09:32:27 [http-nio-8080-exec-8] DEBUG c.s.d.m.CommonMapper.selectLnbList - ==>  Preparing: SELECT CT_LNB_IDX AS ctLnbIdx, CT_LNB_ID AS ctLnbId, CT_LNB_NAME AS ctLnbName, CT_LNB_SUB_YN AS ctLnbSubYn, CT_LNB_URL AS ctLnbUrl, CT_LNB_USE_YN AS ctLnbUseYn FROM CT_LNB WHERE CT_LNB_USE_YN = 'Y' ORDER BY CT_LNB_IDX
2025-01-07 09:32:27 [http-nio-8080-exec-8] DEBUG c.s.d.m.CommonMapper.selectLnbList - ==> Parameters: 
2025-01-07 09:32:27 [http-nio-8080-exec-8] DEBUG c.s.d.m.CommonMapper.selectLnbList - <==      Total: 4
2025-01-07 09:32:27 [http-nio-8080-exec-8] DEBUG org.mybatis.spring.SqlSessionUtils - Closing non transactional SqlSession [org.apache.ibatis.session.defaults.DefaultSqlSession@2b1ba91d]
2025-01-07 09:32:27 [http-nio-8080-exec-4] DEBUG org.mybatis.spring.SqlSessionUtils - Creating a new SqlSession
2025-01-07 09:32:27 [http-nio-8080-exec-4] DEBUG org.mybatis.spring.SqlSessionUtils - SqlSession [org.apache.ibatis.session.defaults.DefaultSqlSession@4f5edbaa] was not registered for synchronization because synchronization is not active
2025-01-07 09:32:27 [http-nio-8080-exec-4] DEBUG o.m.s.t.SpringManagedTransaction - JDBC Connection [HikariProxyConnection@1678976620 wrapping com.mysql.cj.jdbc.ConnectionImpl@27cc7e61] will not be managed by Spring
2025-01-07 09:32:27 [http-nio-8080-exec-3] DEBUG org.mybatis.spring.SqlSessionUtils - Creating a new SqlSession
2025-01-07 09:32:27 [http-nio-8080-exec-3] DEBUG org.mybatis.spring.SqlSessionUtils - SqlSession [org.apache.ibatis.session.defaults.DefaultSqlSession@352ad5a8] was not registered for synchronization because synchronization is not active
2025-01-07 09:32:27 [http-nio-8080-exec-4] DEBUG c.s.d.m.C.selectLnbSubList - ==>  Preparing: SELECT CT_LNB_SUB_IDX AS ctLnbSubIdx, CT_LNB_ID AS ctLnbId, CT_LNB_SUB_ID AS ctLnbSubId, CT_LNB_SUB_NAME AS ctLnbSubName, CT_LNB_SUB_URL AS ctLnbSubUrl FROM CT_LNB_SUB WHERE CT_LNB_ID = ? ORDER BY CT_LNB_SUB_IDX
2025-01-07 09:32:27 [http-nio-8080-exec-6] DEBUG org.mybatis.spring.SqlSessionUtils - Creating a new SqlSession
2025-01-07 09:32:27 [http-nio-8080-exec-6] DEBUG org.mybatis.spring.SqlSessionUtils - SqlSession [org.apache.ibatis.session.defaults.DefaultSqlSession@5ef3320c] was not registered for synchronization because synchronization is not active
2025-01-07 09:32:27 [http-nio-8080-exec-6] DEBUG o.m.s.t.SpringManagedTransaction - JDBC Connection [HikariProxyConnection@371633737 wrapping com.mysql.cj.jdbc.ConnectionImpl@18b04cf8] will not be managed by Spring
2025-01-07 09:32:27 [http-nio-8080-exec-6] DEBUG c.s.d.m.C.selectLnbSubList - ==>  Preparing: SELECT CT_LNB_SUB_IDX AS ctLnbSubIdx, CT_LNB_ID AS ctLnbId, CT_LNB_SUB_ID AS ctLnbSubId, CT_LNB_SUB_NAME AS ctLnbSubName, CT_LNB_SUB_URL AS ctLnbSubUrl FROM CT_LNB_SUB WHERE CT_LNB_ID = ? ORDER BY CT_LNB_SUB_IDX
2025-01-07 09:32:27 [http-nio-8080-exec-4] DEBUG c.s.d.m.C.selectLnbSubList - ==> Parameters: CT_LNB_INFORMATION(String)
2025-01-07 09:32:27 [http-nio-8080-exec-6] DEBUG c.s.d.m.C.selectLnbSubList - ==> Parameters: CT_LNB_CONTACT(String)
2025-01-07 09:32:27 [http-nio-8080-exec-3] DEBUG o.m.s.t.SpringManagedTransaction - JDBC Connection [HikariProxyConnection@2018545199 wrapping com.mysql.cj.jdbc.ConnectionImpl@5126c08e] will not be managed by Spring
2025-01-07 09:32:27 [http-nio-8080-exec-3] DEBUG c.s.d.m.C.selectLnbSubList - ==>  Preparing: SELECT CT_LNB_SUB_IDX AS ctLnbSubIdx, CT_LNB_ID AS ctLnbId, CT_LNB_SUB_ID AS ctLnbSubId, CT_LNB_SUB_NAME AS ctLnbSubName, CT_LNB_SUB_URL AS ctLnbSubUrl FROM CT_LNB_SUB WHERE CT_LNB_ID = ? ORDER BY CT_LNB_SUB_IDX
2025-01-07 09:32:27 [http-nio-8080-exec-3] DEBUG c.s.d.m.C.selectLnbSubList - ==> Parameters: CT_LNB_SERVICE(String)
2025-01-07 09:32:27 [http-nio-8080-exec-4] DEBUG c.s.d.m.C.selectLnbSubList - <==      Total: 2
2025-01-07 09:32:27 [http-nio-8080-exec-3] DEBUG c.s.d.m.C.selectLnbSubList - <==      Total: 4
2025-01-07 09:32:27 [http-nio-8080-exec-6] DEBUG c.s.d.m.C.selectLnbSubList - <==      Total: 2
2025-01-07 09:32:27 [http-nio-8080-exec-4] DEBUG org.mybatis.spring.SqlSessionUtils - Closing non transactional SqlSession [org.apache.ibatis.session.defaults.DefaultSqlSession@4f5edbaa]
2025-01-07 09:32:27 [http-nio-8080-exec-3] DEBUG org.mybatis.spring.SqlSessionUtils - Closing non transactional SqlSession [org.apache.ibatis.session.defaults.DefaultSqlSession@352ad5a8]
2025-01-07 09:32:27 [http-nio-8080-exec-6] DEBUG org.mybatis.spring.SqlSessionUtils - Closing non transactional SqlSession [org.apache.ibatis.session.defaults.DefaultSqlSession@5ef3320c]
2025-01-07 09:32:27 [http-nio-8080-exec-5] DEBUG org.mybatis.spring.SqlSessionUtils - Creating a new SqlSession
2025-01-07 09:32:27 [http-nio-8080-exec-2] DEBUG org.mybatis.spring.SqlSessionUtils - Creating a new SqlSession
2025-01-07 09:32:27 [http-nio-8080-exec-9] DEBUG org.mybatis.spring.SqlSessionUtils - Creating a new SqlSession
2025-01-07 09:32:27 [http-nio-8080-exec-5] DEBUG org.mybatis.spring.SqlSessionUtils - SqlSession [org.apache.ibatis.session.defaults.DefaultSqlSession@2b8fb343] was not registered for synchronization because synchronization is not active
2025-01-07 09:32:27 [http-nio-8080-exec-2] DEBUG org.mybatis.spring.SqlSessionUtils - SqlSession [org.apache.ibatis.session.defaults.DefaultSqlSession@23f24169] was not registered for synchronization because synchronization is not active
2025-01-07 09:32:27 [http-nio-8080-exec-9] DEBUG org.mybatis.spring.SqlSessionUtils - SqlSession [org.apache.ibatis.session.defaults.DefaultSqlSession@129509a2] was not registered for synchronization because synchronization is not active
2025-01-07 09:32:27 [http-nio-8080-exec-5] DEBUG o.m.s.t.SpringManagedTransaction - JDBC Connection [HikariProxyConnection@1791997333 wrapping com.mysql.cj.jdbc.ConnectionImpl@27cc7e61] will not be managed by Spring
2025-01-07 09:32:27 [http-nio-8080-exec-2] DEBUG o.m.s.t.SpringManagedTransaction - JDBC Connection [HikariProxyConnection@1031635186 wrapping com.mysql.cj.jdbc.ConnectionImpl@5126c08e] will not be managed by Spring
2025-01-07 09:32:27 [http-nio-8080-exec-9] DEBUG o.m.s.t.SpringManagedTransaction - JDBC Connection [HikariProxyConnection@596943145 wrapping com.mysql.cj.jdbc.ConnectionImpl@18b04cf8] will not be managed by Spring
2025-01-07 09:32:27 [http-nio-8080-exec-5] DEBUG c.s.d.m.C.selectLnbSubList - ==>  Preparing: SELECT CT_LNB_SUB_IDX AS ctLnbSubIdx, CT_LNB_ID AS ctLnbId, CT_LNB_SUB_ID AS ctLnbSubId, CT_LNB_SUB_NAME AS ctLnbSubName, CT_LNB_SUB_URL AS ctLnbSubUrl FROM CT_LNB_SUB WHERE CT_LNB_ID = ? ORDER BY CT_LNB_SUB_IDX
2025-01-07 09:32:27 [http-nio-8080-exec-2] DEBUG c.s.d.m.C.selectLnbSubList - ==>  Preparing: SELECT CT_LNB_SUB_IDX AS ctLnbSubIdx, CT_LNB_ID AS ctLnbId, CT_LNB_SUB_ID AS ctLnbSubId, CT_LNB_SUB_NAME AS ctLnbSubName, CT_LNB_SUB_URL AS ctLnbSubUrl FROM CT_LNB_SUB WHERE CT_LNB_ID = ? ORDER BY CT_LNB_SUB_IDX
2025-01-07 09:32:27 [http-nio-8080-exec-9] DEBUG c.s.d.m.C.selectLnbSubList - ==>  Preparing: SELECT CT_LNB_SUB_IDX AS ctLnbSubIdx, CT_LNB_ID AS ctLnbId, CT_LNB_SUB_ID AS ctLnbSubId, CT_LNB_SUB_NAME AS ctLnbSubName, CT_LNB_SUB_URL AS ctLnbSubUrl FROM CT_LNB_SUB WHERE CT_LNB_ID = ? ORDER BY CT_LNB_SUB_IDX
2025-01-07 09:32:27 [http-nio-8080-exec-9] DEBUG c.s.d.m.C.selectLnbSubList - ==> Parameters: CT_LNB_SERVICE(String)
2025-01-07 09:32:27 [http-nio-8080-exec-5] DEBUG c.s.d.m.C.selectLnbSubList - ==> Parameters: CT_LNB_CONTACT(String)
2025-01-07 09:32:27 [http-nio-8080-exec-2] DEBUG c.s.d.m.C.selectLnbSubList - ==> Parameters: CT_LNB_INFORMATION(String)
2025-01-07 09:32:27 [http-nio-8080-exec-9] DEBUG c.s.d.m.C.selectLnbSubList - <==      Total: 4
2025-01-07 09:32:27 [http-nio-8080-exec-2] DEBUG c.s.d.m.C.selectLnbSubList - <==      Total: 2
2025-01-07 09:32:27 [http-nio-8080-exec-5] DEBUG c.s.d.m.C.selectLnbSubList - <==      Total: 2
2025-01-07 09:32:27 [http-nio-8080-exec-9] DEBUG org.mybatis.spring.SqlSessionUtils - Closing non transactional SqlSession [org.apache.ibatis.session.defaults.DefaultSqlSession@129509a2]
2025-01-07 09:32:27 [http-nio-8080-exec-5] DEBUG org.mybatis.spring.SqlSessionUtils - Closing non transactional SqlSession [org.apache.ibatis.session.defaults.DefaultSqlSession@2b8fb343]
2025-01-07 09:32:27 [http-nio-8080-exec-2] DEBUG org.mybatis.spring.SqlSessionUtils - Closing non transactional SqlSession [org.apache.ibatis.session.defaults.DefaultSqlSession@23f24169]
2025-01-07 09:32:29 [http-nio-8080-exec-1] WARN  o.t.s.p.AbstractStandardFragmentInsertionTagProcessor - [THYMELEAF][http-nio-8080-exec-1][common/layout/layout] Deprecated unwrapped fragment expression "common/fragments/header::header" found in template common/layout/layout, line 29, col 10. Please use the complete syntax of fragment expressions instead ("~{common/fragments/header::header}"). The old, unwrapped syntax for fragment expressions will be removed in future versions of Thymeleaf.
2025-01-07 09:32:29 [http-nio-8080-exec-1] WARN  o.t.s.p.AbstractStandardFragmentInsertionTagProcessor - [THYMELEAF][http-nio-8080-exec-1][common/layout/layout] Deprecated unwrapped fragment expression "common/fragments/footer::footer" found in template common/layout/layout, line 33, col 10. Please use the complete syntax of fragment expressions instead ("~{common/fragments/footer::footer}"). The old, unwrapped syntax for fragment expressions will be removed in future versions of Thymeleaf.
2025-01-07 09:32:29 [http-nio-8080-exec-9] DEBUG org.mybatis.spring.SqlSessionUtils - Creating a new SqlSession
2025-01-07 09:32:29 [http-nio-8080-exec-9] DEBUG org.mybatis.spring.SqlSessionUtils - SqlSession [org.apache.ibatis.session.defaults.DefaultSqlSession@6912c66f] was not registered for synchronization because synchronization is not active
2025-01-07 09:32:29 [http-nio-8080-exec-9] DEBUG o.m.s.t.SpringManagedTransaction - JDBC Connection [HikariProxyConnection@1408240374 wrapping com.mysql.cj.jdbc.ConnectionImpl@18b04cf8] will not be managed by Spring
2025-01-07 09:32:29 [http-nio-8080-exec-9] DEBUG c.s.d.m.CommonMapper.selectLnbList - ==>  Preparing: SELECT CT_LNB_IDX AS ctLnbIdx, CT_LNB_ID AS ctLnbId, CT_LNB_NAME AS ctLnbName, CT_LNB_SUB_YN AS ctLnbSubYn, CT_LNB_URL AS ctLnbUrl, CT_LNB_USE_YN AS ctLnbUseYn FROM CT_LNB WHERE CT_LNB_USE_YN = 'Y' ORDER BY CT_LNB_IDX
2025-01-07 09:32:29 [http-nio-8080-exec-9] DEBUG c.s.d.m.CommonMapper.selectLnbList - ==> Parameters: 
2025-01-07 09:32:29 [http-nio-8080-exec-9] DEBUG c.s.d.m.CommonMapper.selectLnbList - <==      Total: 4
2025-01-07 09:32:29 [http-nio-8080-exec-9] DEBUG org.mybatis.spring.SqlSessionUtils - Closing non transactional SqlSession [org.apache.ibatis.session.defaults.DefaultSqlSession@6912c66f]
2025-01-07 09:32:29 [http-nio-8080-exec-1] DEBUG org.mybatis.spring.SqlSessionUtils - Creating a new SqlSession
2025-01-07 09:32:29 [http-nio-8080-exec-1] DEBUG org.mybatis.spring.SqlSessionUtils - SqlSession [org.apache.ibatis.session.defaults.DefaultSqlSession@35603f22] was not registered for synchronization because synchronization is not active
2025-01-07 09:32:29 [http-nio-8080-exec-1] DEBUG o.m.s.t.SpringManagedTransaction - JDBC Connection [HikariProxyConnection@1072096210 wrapping com.mysql.cj.jdbc.ConnectionImpl@5126c08e] will not be managed by Spring
2025-01-07 09:32:29 [http-nio-8080-exec-1] DEBUG c.s.d.m.CommonMapper.selectLnbList - ==>  Preparing: SELECT CT_LNB_IDX AS ctLnbIdx, CT_LNB_ID AS ctLnbId, CT_LNB_NAME AS ctLnbName, CT_LNB_SUB_YN AS ctLnbSubYn, CT_LNB_URL AS ctLnbUrl, CT_LNB_USE_YN AS ctLnbUseYn FROM CT_LNB WHERE CT_LNB_USE_YN = 'Y' ORDER BY CT_LNB_IDX
2025-01-07 09:32:29 [http-nio-8080-exec-1] DEBUG c.s.d.m.CommonMapper.selectLnbList - ==> Parameters: 
2025-01-07 09:32:29 [http-nio-8080-exec-1] DEBUG c.s.d.m.CommonMapper.selectLnbList - <==      Total: 4
2025-01-07 09:32:29 [http-nio-8080-exec-1] DEBUG org.mybatis.spring.SqlSessionUtils - Closing non transactional SqlSession [org.apache.ibatis.session.defaults.DefaultSqlSession@35603f22]
2025-01-07 09:32:29 [http-nio-8080-exec-8] DEBUG org.mybatis.spring.SqlSessionUtils - Creating a new SqlSession
2025-01-07 09:32:29 [http-nio-8080-exec-10] DEBUG org.mybatis.spring.SqlSessionUtils - Creating a new SqlSession
2025-01-07 09:32:29 [http-nio-8080-exec-8] DEBUG org.mybatis.spring.SqlSessionUtils - SqlSession [org.apache.ibatis.session.defaults.DefaultSqlSession@5091bfa8] was not registered for synchronization because synchronization is not active
2025-01-07 09:32:29 [http-nio-8080-exec-10] DEBUG org.mybatis.spring.SqlSessionUtils - SqlSession [org.apache.ibatis.session.defaults.DefaultSqlSession@7e34980c] was not registered for synchronization because synchronization is not active
2025-01-07 09:32:29 [http-nio-8080-exec-8] DEBUG o.m.s.t.SpringManagedTransaction - JDBC Connection [HikariProxyConnection@727468115 wrapping com.mysql.cj.jdbc.ConnectionImpl@18b04cf8] will not be managed by Spring
2025-01-07 09:32:29 [http-nio-8080-exec-10] DEBUG o.m.s.t.SpringManagedTransaction - JDBC Connection [HikariProxyConnection@1300629097 wrapping com.mysql.cj.jdbc.ConnectionImpl@5126c08e] will not be managed by Spring
2025-01-07 09:32:29 [http-nio-8080-exec-10] DEBUG c.s.d.m.C.selectLnbSubList - ==>  Preparing: SELECT CT_LNB_SUB_IDX AS ctLnbSubIdx, CT_LNB_ID AS ctLnbId, CT_LNB_SUB_ID AS ctLnbSubId, CT_LNB_SUB_NAME AS ctLnbSubName, CT_LNB_SUB_URL AS ctLnbSubUrl FROM CT_LNB_SUB WHERE CT_LNB_ID = ? ORDER BY CT_LNB_SUB_IDX
2025-01-07 09:32:29 [http-nio-8080-exec-8] DEBUG c.s.d.m.C.selectLnbSubList - ==>  Preparing: SELECT CT_LNB_SUB_IDX AS ctLnbSubIdx, CT_LNB_ID AS ctLnbId, CT_LNB_SUB_ID AS ctLnbSubId, CT_LNB_SUB_NAME AS ctLnbSubName, CT_LNB_SUB_URL AS ctLnbSubUrl FROM CT_LNB_SUB WHERE CT_LNB_ID = ? ORDER BY CT_LNB_SUB_IDX
2025-01-07 09:32:29 [http-nio-8080-exec-10] DEBUG c.s.d.m.C.selectLnbSubList - ==> Parameters: CT_LNB_INFORMATION(String)
2025-01-07 09:32:29 [http-nio-8080-exec-8] DEBUG c.s.d.m.C.selectLnbSubList - ==> Parameters: CT_LNB_SERVICE(String)
2025-01-07 09:32:29 [http-nio-8080-exec-7] DEBUG org.mybatis.spring.SqlSessionUtils - Creating a new SqlSession
2025-01-07 09:32:29 [http-nio-8080-exec-7] DEBUG org.mybatis.spring.SqlSessionUtils - SqlSession [org.apache.ibatis.session.defaults.DefaultSqlSession@1e694c27] was not registered for synchronization because synchronization is not active
2025-01-07 09:32:29 [http-nio-8080-exec-7] DEBUG o.m.s.t.SpringManagedTransaction - JDBC Connection [HikariProxyConnection@1080300912 wrapping com.mysql.cj.jdbc.ConnectionImpl@27cc7e61] will not be managed by Spring
2025-01-07 09:32:29 [http-nio-8080-exec-7] DEBUG c.s.d.m.C.selectLnbSubList - ==>  Preparing: SELECT CT_LNB_SUB_IDX AS ctLnbSubIdx, CT_LNB_ID AS ctLnbId, CT_LNB_SUB_ID AS ctLnbSubId, CT_LNB_SUB_NAME AS ctLnbSubName, CT_LNB_SUB_URL AS ctLnbSubUrl FROM CT_LNB_SUB WHERE CT_LNB_ID = ? ORDER BY CT_LNB_SUB_IDX
2025-01-07 09:32:29 [http-nio-8080-exec-7] DEBUG c.s.d.m.C.selectLnbSubList - ==> Parameters: CT_LNB_CONTACT(String)
2025-01-07 09:32:29 [http-nio-8080-exec-10] DEBUG c.s.d.m.C.selectLnbSubList - <==      Total: 2
2025-01-07 09:32:29 [http-nio-8080-exec-8] DEBUG c.s.d.m.C.selectLnbSubList - <==      Total: 4
2025-01-07 09:32:29 [http-nio-8080-exec-10] DEBUG org.mybatis.spring.SqlSessionUtils - Closing non transactional SqlSession [org.apache.ibatis.session.defaults.DefaultSqlSession@7e34980c]
2025-01-07 09:32:29 [http-nio-8080-exec-8] DEBUG org.mybatis.spring.SqlSessionUtils - Closing non transactional SqlSession [org.apache.ibatis.session.defaults.DefaultSqlSession@5091bfa8]
2025-01-07 09:32:29 [http-nio-8080-exec-7] DEBUG c.s.d.m.C.selectLnbSubList - <==      Total: 2
2025-01-07 09:32:29 [http-nio-8080-exec-7] DEBUG org.mybatis.spring.SqlSessionUtils - Closing non transactional SqlSession [org.apache.ibatis.session.defaults.DefaultSqlSession@1e694c27]
2025-01-07 09:32:29 [http-nio-8080-exec-6] DEBUG org.mybatis.spring.SqlSessionUtils - Creating a new SqlSession
2025-01-07 09:32:29 [http-nio-8080-exec-3] DEBUG org.mybatis.spring.SqlSessionUtils - Creating a new SqlSession
2025-01-07 09:32:29 [http-nio-8080-exec-4] DEBUG org.mybatis.spring.SqlSessionUtils - Creating a new SqlSession
2025-01-07 09:32:29 [http-nio-8080-exec-6] DEBUG org.mybatis.spring.SqlSessionUtils - SqlSession [org.apache.ibatis.session.defaults.DefaultSqlSession@6588865d] was not registered for synchronization because synchronization is not active
2025-01-07 09:32:29 [http-nio-8080-exec-3] DEBUG org.mybatis.spring.SqlSessionUtils - SqlSession [org.apache.ibatis.session.defaults.DefaultSqlSession@608f4996] was not registered for synchronization because synchronization is not active
2025-01-07 09:32:29 [http-nio-8080-exec-4] DEBUG org.mybatis.spring.SqlSessionUtils - SqlSession [org.apache.ibatis.session.defaults.DefaultSqlSession@47b6c6d3] was not registered for synchronization because synchronization is not active
2025-01-07 09:32:29 [http-nio-8080-exec-4] DEBUG o.m.s.t.SpringManagedTransaction - JDBC Connection [HikariProxyConnection@988526607 wrapping com.mysql.cj.jdbc.ConnectionImpl@27cc7e61] will not be managed by Spring
2025-01-07 09:32:29 [http-nio-8080-exec-3] DEBUG o.m.s.t.SpringManagedTransaction - JDBC Connection [HikariProxyConnection@475169374 wrapping com.mysql.cj.jdbc.ConnectionImpl@5126c08e] will not be managed by Spring
2025-01-07 09:32:29 [http-nio-8080-exec-6] DEBUG o.m.s.t.SpringManagedTransaction - JDBC Connection [HikariProxyConnection@1182742595 wrapping com.mysql.cj.jdbc.ConnectionImpl@18b04cf8] will not be managed by Spring
2025-01-07 09:32:29 [http-nio-8080-exec-4] DEBUG c.s.d.m.C.selectLnbSubList - ==>  Preparing: SELECT CT_LNB_SUB_IDX AS ctLnbSubIdx, CT_LNB_ID AS ctLnbId, CT_LNB_SUB_ID AS ctLnbSubId, CT_LNB_SUB_NAME AS ctLnbSubName, CT_LNB_SUB_URL AS ctLnbSubUrl FROM CT_LNB_SUB WHERE CT_LNB_ID = ? ORDER BY CT_LNB_SUB_IDX
2025-01-07 09:32:29 [http-nio-8080-exec-3] DEBUG c.s.d.m.C.selectLnbSubList - ==>  Preparing: SELECT CT_LNB_SUB_IDX AS ctLnbSubIdx, CT_LNB_ID AS ctLnbId, CT_LNB_SUB_ID AS ctLnbSubId, CT_LNB_SUB_NAME AS ctLnbSubName, CT_LNB_SUB_URL AS ctLnbSubUrl FROM CT_LNB_SUB WHERE CT_LNB_ID = ? ORDER BY CT_LNB_SUB_IDX
2025-01-07 09:32:29 [http-nio-8080-exec-6] DEBUG c.s.d.m.C.selectLnbSubList - ==>  Preparing: SELECT CT_LNB_SUB_IDX AS ctLnbSubIdx, CT_LNB_ID AS ctLnbId, CT_LNB_SUB_ID AS ctLnbSubId, CT_LNB_SUB_NAME AS ctLnbSubName, CT_LNB_SUB_URL AS ctLnbSubUrl FROM CT_LNB_SUB WHERE CT_LNB_ID = ? ORDER BY CT_LNB_SUB_IDX
2025-01-07 09:32:29 [http-nio-8080-exec-4] DEBUG c.s.d.m.C.selectLnbSubList - ==> Parameters: CT_LNB_CONTACT(String)
2025-01-07 09:32:29 [http-nio-8080-exec-3] DEBUG c.s.d.m.C.selectLnbSubList - ==> Parameters: CT_LNB_INFORMATION(String)
2025-01-07 09:32:29 [http-nio-8080-exec-6] DEBUG c.s.d.m.C.selectLnbSubList - ==> Parameters: CT_LNB_SERVICE(String)
2025-01-07 09:32:29 [http-nio-8080-exec-6] DEBUG c.s.d.m.C.selectLnbSubList - <==      Total: 4
2025-01-07 09:32:29 [http-nio-8080-exec-4] DEBUG c.s.d.m.C.selectLnbSubList - <==      Total: 2
2025-01-07 09:32:29 [http-nio-8080-exec-3] DEBUG c.s.d.m.C.selectLnbSubList - <==      Total: 2
2025-01-07 09:32:29 [http-nio-8080-exec-6] DEBUG org.mybatis.spring.SqlSessionUtils - Closing non transactional SqlSession [org.apache.ibatis.session.defaults.DefaultSqlSession@6588865d]
2025-01-07 09:32:29 [http-nio-8080-exec-4] DEBUG org.mybatis.spring.SqlSessionUtils - Closing non transactional SqlSession [org.apache.ibatis.session.defaults.DefaultSqlSession@47b6c6d3]
2025-01-07 09:32:29 [http-nio-8080-exec-3] DEBUG org.mybatis.spring.SqlSessionUtils - Closing non transactional SqlSession [org.apache.ibatis.session.defaults.DefaultSqlSession@608f4996]
2025-01-07 09:32:42 [http-nio-8080-exec-2] WARN  o.t.s.p.AbstractStandardFragmentInsertionTagProcessor - [THYMELEAF][http-nio-8080-exec-2][common/layout/layout] Deprecated unwrapped fragment expression "common/fragments/header::header" found in template common/layout/layout, line 29, col 10. Please use the complete syntax of fragment expressions instead ("~{common/fragments/header::header}"). The old, unwrapped syntax for fragment expressions will be removed in future versions of Thymeleaf.
2025-01-07 09:32:42 [http-nio-8080-exec-2] WARN  o.t.s.p.AbstractStandardFragmentInsertionTagProcessor - [THYMELEAF][http-nio-8080-exec-2][common/layout/layout] Deprecated unwrapped fragment expression "common/fragments/footer::footer" found in template common/layout/layout, line 33, col 10. Please use the complete syntax of fragment expressions instead ("~{common/fragments/footer::footer}"). The old, unwrapped syntax for fragment expressions will be removed in future versions of Thymeleaf.
2025-01-07 09:32:42 [http-nio-8080-exec-6] DEBUG org.mybatis.spring.SqlSessionUtils - Creating a new SqlSession
2025-01-07 09:32:42 [http-nio-8080-exec-6] DEBUG org.mybatis.spring.SqlSessionUtils - SqlSession [org.apache.ibatis.session.defaults.DefaultSqlSession@7bcff0ce] was not registered for synchronization because synchronization is not active
2025-01-07 09:32:42 [http-nio-8080-exec-6] DEBUG o.m.s.t.SpringManagedTransaction - JDBC Connection [HikariProxyConnection@1515465604 wrapping com.mysql.cj.jdbc.ConnectionImpl@18b04cf8] will not be managed by Spring
2025-01-07 09:32:42 [http-nio-8080-exec-6] DEBUG c.s.d.m.CommonMapper.selectLnbList - ==>  Preparing: SELECT CT_LNB_IDX AS ctLnbIdx, CT_LNB_ID AS ctLnbId, CT_LNB_NAME AS ctLnbName, CT_LNB_SUB_YN AS ctLnbSubYn, CT_LNB_URL AS ctLnbUrl, CT_LNB_USE_YN AS ctLnbUseYn FROM CT_LNB WHERE CT_LNB_USE_YN = 'Y' ORDER BY CT_LNB_IDX
2025-01-07 09:32:42 [http-nio-8080-exec-6] DEBUG c.s.d.m.CommonMapper.selectLnbList - ==> Parameters: 
2025-01-07 09:32:42 [http-nio-8080-exec-6] DEBUG c.s.d.m.CommonMapper.selectLnbList - <==      Total: 4
2025-01-07 09:32:42 [http-nio-8080-exec-6] DEBUG org.mybatis.spring.SqlSessionUtils - Closing non transactional SqlSession [org.apache.ibatis.session.defaults.DefaultSqlSession@7bcff0ce]
2025-01-07 09:32:42 [http-nio-8080-exec-2] DEBUG org.mybatis.spring.SqlSessionUtils - Creating a new SqlSession
2025-01-07 09:32:42 [http-nio-8080-exec-2] DEBUG org.mybatis.spring.SqlSessionUtils - SqlSession [org.apache.ibatis.session.defaults.DefaultSqlSession@12cc06f1] was not registered for synchronization because synchronization is not active
2025-01-07 09:32:42 [http-nio-8080-exec-2] DEBUG o.m.s.t.SpringManagedTransaction - JDBC Connection [HikariProxyConnection@151008544 wrapping com.mysql.cj.jdbc.ConnectionImpl@5126c08e] will not be managed by Spring
2025-01-07 09:32:42 [http-nio-8080-exec-2] DEBUG c.s.d.m.CommonMapper.selectLnbList - ==>  Preparing: SELECT CT_LNB_IDX AS ctLnbIdx, CT_LNB_ID AS ctLnbId, CT_LNB_NAME AS ctLnbName, CT_LNB_SUB_YN AS ctLnbSubYn, CT_LNB_URL AS ctLnbUrl, CT_LNB_USE_YN AS ctLnbUseYn FROM CT_LNB WHERE CT_LNB_USE_YN = 'Y' ORDER BY CT_LNB_IDX
2025-01-07 09:32:42 [http-nio-8080-exec-2] DEBUG c.s.d.m.CommonMapper.selectLnbList - ==> Parameters: 
2025-01-07 09:32:42 [http-nio-8080-exec-2] DEBUG c.s.d.m.CommonMapper.selectLnbList - <==      Total: 4
2025-01-07 09:32:42 [http-nio-8080-exec-2] DEBUG org.mybatis.spring.SqlSessionUtils - Closing non transactional SqlSession [org.apache.ibatis.session.defaults.DefaultSqlSession@12cc06f1]
2025-01-07 09:32:42 [http-nio-8080-exec-5] DEBUG org.mybatis.spring.SqlSessionUtils - Creating a new SqlSession
2025-01-07 09:32:42 [http-nio-8080-exec-5] DEBUG org.mybatis.spring.SqlSessionUtils - SqlSession [org.apache.ibatis.session.defaults.DefaultSqlSession@6967a627] was not registered for synchronization because synchronization is not active
2025-01-07 09:32:42 [http-nio-8080-exec-1] DEBUG org.mybatis.spring.SqlSessionUtils - Creating a new SqlSession
2025-01-07 09:32:42 [http-nio-8080-exec-9] DEBUG org.mybatis.spring.SqlSessionUtils - Creating a new SqlSession
2025-01-07 09:32:42 [http-nio-8080-exec-1] DEBUG org.mybatis.spring.SqlSessionUtils - SqlSession [org.apache.ibatis.session.defaults.DefaultSqlSession@26a3d64f] was not registered for synchronization because synchronization is not active
2025-01-07 09:32:42 [http-nio-8080-exec-9] DEBUG org.mybatis.spring.SqlSessionUtils - SqlSession [org.apache.ibatis.session.defaults.DefaultSqlSession@53bb963e] was not registered for synchronization because synchronization is not active
2025-01-07 09:32:42 [http-nio-8080-exec-9] DEBUG o.m.s.t.SpringManagedTransaction - JDBC Connection [HikariProxyConnection@13598981 wrapping com.mysql.cj.jdbc.ConnectionImpl@18b04cf8] will not be managed by Spring
2025-01-07 09:32:42 [http-nio-8080-exec-1] DEBUG o.m.s.t.SpringManagedTransaction - JDBC Connection [HikariProxyConnection@777210170 wrapping com.mysql.cj.jdbc.ConnectionImpl@5126c08e] will not be managed by Spring
2025-01-07 09:32:42 [http-nio-8080-exec-5] DEBUG o.m.s.t.SpringManagedTransaction - JDBC Connection [HikariProxyConnection@1172829040 wrapping com.mysql.cj.jdbc.ConnectionImpl@27cc7e61] will not be managed by Spring
2025-01-07 09:32:42 [http-nio-8080-exec-9] DEBUG c.s.d.m.C.selectLnbSubList - ==>  Preparing: SELECT CT_LNB_SUB_IDX AS ctLnbSubIdx, CT_LNB_ID AS ctLnbId, CT_LNB_SUB_ID AS ctLnbSubId, CT_LNB_SUB_NAME AS ctLnbSubName, CT_LNB_SUB_URL AS ctLnbSubUrl FROM CT_LNB_SUB WHERE CT_LNB_ID = ? ORDER BY CT_LNB_SUB_IDX
2025-01-07 09:32:42 [http-nio-8080-exec-1] DEBUG c.s.d.m.C.selectLnbSubList - ==>  Preparing: SELECT CT_LNB_SUB_IDX AS ctLnbSubIdx, CT_LNB_ID AS ctLnbId, CT_LNB_SUB_ID AS ctLnbSubId, CT_LNB_SUB_NAME AS ctLnbSubName, CT_LNB_SUB_URL AS ctLnbSubUrl FROM CT_LNB_SUB WHERE CT_LNB_ID = ? ORDER BY CT_LNB_SUB_IDX
2025-01-07 09:32:42 [http-nio-8080-exec-5] DEBUG c.s.d.m.C.selectLnbSubList - ==>  Preparing: SELECT CT_LNB_SUB_IDX AS ctLnbSubIdx, CT_LNB_ID AS ctLnbId, CT_LNB_SUB_ID AS ctLnbSubId, CT_LNB_SUB_NAME AS ctLnbSubName, CT_LNB_SUB_URL AS ctLnbSubUrl FROM CT_LNB_SUB WHERE CT_LNB_ID = ? ORDER BY CT_LNB_SUB_IDX
2025-01-07 09:32:42 [http-nio-8080-exec-1] DEBUG c.s.d.m.C.selectLnbSubList - ==> Parameters: CT_LNB_CONTACT(String)
2025-01-07 09:32:42 [http-nio-8080-exec-5] DEBUG c.s.d.m.C.selectLnbSubList - ==> Parameters: CT_LNB_INFORMATION(String)
2025-01-07 09:32:42 [http-nio-8080-exec-9] DEBUG c.s.d.m.C.selectLnbSubList - ==> Parameters: CT_LNB_SERVICE(String)
2025-01-07 09:32:42 [http-nio-8080-exec-1] DEBUG c.s.d.m.C.selectLnbSubList - <==      Total: 2
2025-01-07 09:32:42 [http-nio-8080-exec-9] DEBUG c.s.d.m.C.selectLnbSubList - <==      Total: 4
2025-01-07 09:32:42 [http-nio-8080-exec-5] DEBUG c.s.d.m.C.selectLnbSubList - <==      Total: 2
2025-01-07 09:32:42 [http-nio-8080-exec-9] DEBUG org.mybatis.spring.SqlSessionUtils - Closing non transactional SqlSession [org.apache.ibatis.session.defaults.DefaultSqlSession@53bb963e]
2025-01-07 09:32:42 [http-nio-8080-exec-1] DEBUG org.mybatis.spring.SqlSessionUtils - Closing non transactional SqlSession [org.apache.ibatis.session.defaults.DefaultSqlSession@26a3d64f]
2025-01-07 09:32:42 [http-nio-8080-exec-5] DEBUG org.mybatis.spring.SqlSessionUtils - Closing non transactional SqlSession [org.apache.ibatis.session.defaults.DefaultSqlSession@6967a627]
2025-01-07 09:32:42 [http-nio-8080-exec-10] DEBUG org.mybatis.spring.SqlSessionUtils - Creating a new SqlSession
2025-01-07 09:32:42 [http-nio-8080-exec-8] DEBUG org.mybatis.spring.SqlSessionUtils - Creating a new SqlSession
2025-01-07 09:32:42 [http-nio-8080-exec-7] DEBUG org.mybatis.spring.SqlSessionUtils - Creating a new SqlSession
2025-01-07 09:32:42 [http-nio-8080-exec-10] DEBUG org.mybatis.spring.SqlSessionUtils - SqlSession [org.apache.ibatis.session.defaults.DefaultSqlSession@ca83d3b] was not registered for synchronization because synchronization is not active
2025-01-07 09:32:42 [http-nio-8080-exec-7] DEBUG org.mybatis.spring.SqlSessionUtils - SqlSession [org.apache.ibatis.session.defaults.DefaultSqlSession@54173c30] was not registered for synchronization because synchronization is not active
2025-01-07 09:32:42 [http-nio-8080-exec-8] DEBUG org.mybatis.spring.SqlSessionUtils - SqlSession [org.apache.ibatis.session.defaults.DefaultSqlSession@70cec629] was not registered for synchronization because synchronization is not active
2025-01-07 09:32:42 [http-nio-8080-exec-10] DEBUG o.m.s.t.SpringManagedTransaction - JDBC Connection [HikariProxyConnection@1910560649 wrapping com.mysql.cj.jdbc.ConnectionImpl@5126c08e] will not be managed by Spring
2025-01-07 09:32:42 [http-nio-8080-exec-8] DEBUG o.m.s.t.SpringManagedTransaction - JDBC Connection [HikariProxyConnection@957945523 wrapping com.mysql.cj.jdbc.ConnectionImpl@18b04cf8] will not be managed by Spring
2025-01-07 09:32:42 [http-nio-8080-exec-7] DEBUG o.m.s.t.SpringManagedTransaction - JDBC Connection [HikariProxyConnection@884501591 wrapping com.mysql.cj.jdbc.ConnectionImpl@27cc7e61] will not be managed by Spring
2025-01-07 09:32:42 [http-nio-8080-exec-10] DEBUG c.s.d.m.C.selectLnbSubList - ==>  Preparing: SELECT CT_LNB_SUB_IDX AS ctLnbSubIdx, CT_LNB_ID AS ctLnbId, CT_LNB_SUB_ID AS ctLnbSubId, CT_LNB_SUB_NAME AS ctLnbSubName, CT_LNB_SUB_URL AS ctLnbSubUrl FROM CT_LNB_SUB WHERE CT_LNB_ID = ? ORDER BY CT_LNB_SUB_IDX
2025-01-07 09:32:42 [http-nio-8080-exec-8] DEBUG c.s.d.m.C.selectLnbSubList - ==>  Preparing: SELECT CT_LNB_SUB_IDX AS ctLnbSubIdx, CT_LNB_ID AS ctLnbId, CT_LNB_SUB_ID AS ctLnbSubId, CT_LNB_SUB_NAME AS ctLnbSubName, CT_LNB_SUB_URL AS ctLnbSubUrl FROM CT_LNB_SUB WHERE CT_LNB_ID = ? ORDER BY CT_LNB_SUB_IDX
2025-01-07 09:32:42 [http-nio-8080-exec-7] DEBUG c.s.d.m.C.selectLnbSubList - ==>  Preparing: SELECT CT_LNB_SUB_IDX AS ctLnbSubIdx, CT_LNB_ID AS ctLnbId, CT_LNB_SUB_ID AS ctLnbSubId, CT_LNB_SUB_NAME AS ctLnbSubName, CT_LNB_SUB_URL AS ctLnbSubUrl FROM CT_LNB_SUB WHERE CT_LNB_ID = ? ORDER BY CT_LNB_SUB_IDX
2025-01-07 09:32:42 [http-nio-8080-exec-8] DEBUG c.s.d.m.C.selectLnbSubList - ==> Parameters: CT_LNB_SERVICE(String)
2025-01-07 09:32:42 [http-nio-8080-exec-10] DEBUG c.s.d.m.C.selectLnbSubList - ==> Parameters: CT_LNB_INFORMATION(String)
2025-01-07 09:32:42 [http-nio-8080-exec-7] DEBUG c.s.d.m.C.selectLnbSubList - ==> Parameters: CT_LNB_CONTACT(String)
2025-01-07 09:32:42 [http-nio-8080-exec-10] DEBUG c.s.d.m.C.selectLnbSubList - <==      Total: 2
2025-01-07 09:32:42 [http-nio-8080-exec-8] DEBUG c.s.d.m.C.selectLnbSubList - <==      Total: 4
2025-01-07 09:32:42 [http-nio-8080-exec-7] DEBUG c.s.d.m.C.selectLnbSubList - <==      Total: 2
2025-01-07 09:32:42 [http-nio-8080-exec-8] DEBUG org.mybatis.spring.SqlSessionUtils - Closing non transactional SqlSession [org.apache.ibatis.session.defaults.DefaultSqlSession@70cec629]
2025-01-07 09:32:42 [http-nio-8080-exec-7] DEBUG org.mybatis.spring.SqlSessionUtils - Closing non transactional SqlSession [org.apache.ibatis.session.defaults.DefaultSqlSession@54173c30]
2025-01-07 09:32:42 [http-nio-8080-exec-10] DEBUG org.mybatis.spring.SqlSessionUtils - Closing non transactional SqlSession [org.apache.ibatis.session.defaults.DefaultSqlSession@ca83d3b]
2025-01-07 09:32:50 [http-nio-8080-exec-3] WARN  o.t.s.p.AbstractStandardFragmentInsertionTagProcessor - [THYMELEAF][http-nio-8080-exec-3][common/layout/layout] Deprecated unwrapped fragment expression "common/fragments/header::header" found in template common/layout/layout, line 29, col 10. Please use the complete syntax of fragment expressions instead ("~{common/fragments/header::header}"). The old, unwrapped syntax for fragment expressions will be removed in future versions of Thymeleaf.
2025-01-07 09:32:50 [http-nio-8080-exec-3] WARN  o.t.s.p.AbstractStandardFragmentInsertionTagProcessor - [THYMELEAF][http-nio-8080-exec-3][common/layout/layout] Deprecated unwrapped fragment expression "common/fragments/footer::footer" found in template common/layout/layout, line 33, col 10. Please use the complete syntax of fragment expressions instead ("~{common/fragments/footer::footer}"). The old, unwrapped syntax for fragment expressions will be removed in future versions of Thymeleaf.
2025-01-07 09:32:50 [http-nio-8080-exec-7] DEBUG org.mybatis.spring.SqlSessionUtils - Creating a new SqlSession
2025-01-07 09:32:50 [http-nio-8080-exec-7] DEBUG org.mybatis.spring.SqlSessionUtils - SqlSession [org.apache.ibatis.session.defaults.DefaultSqlSession@543799f] was not registered for synchronization because synchronization is not active
2025-01-07 09:32:50 [http-nio-8080-exec-7] DEBUG o.m.s.t.SpringManagedTransaction - JDBC Connection [HikariProxyConnection@1750606779 wrapping com.mysql.cj.jdbc.ConnectionImpl@27cc7e61] will not be managed by Spring
2025-01-07 09:32:50 [http-nio-8080-exec-7] DEBUG c.s.d.m.CommonMapper.selectLnbList - ==>  Preparing: SELECT CT_LNB_IDX AS ctLnbIdx, CT_LNB_ID AS ctLnbId, CT_LNB_NAME AS ctLnbName, CT_LNB_SUB_YN AS ctLnbSubYn, CT_LNB_URL AS ctLnbUrl, CT_LNB_USE_YN AS ctLnbUseYn FROM CT_LNB WHERE CT_LNB_USE_YN = 'Y' ORDER BY CT_LNB_IDX
2025-01-07 09:32:50 [http-nio-8080-exec-7] DEBUG c.s.d.m.CommonMapper.selectLnbList - ==> Parameters: 
2025-01-07 09:32:50 [http-nio-8080-exec-7] DEBUG c.s.d.m.CommonMapper.selectLnbList - <==      Total: 4
2025-01-07 09:32:50 [http-nio-8080-exec-7] DEBUG org.mybatis.spring.SqlSessionUtils - Closing non transactional SqlSession [org.apache.ibatis.session.defaults.DefaultSqlSession@543799f]
2025-01-07 09:32:50 [http-nio-8080-exec-3] DEBUG org.mybatis.spring.SqlSessionUtils - Creating a new SqlSession
2025-01-07 09:32:50 [http-nio-8080-exec-3] DEBUG org.mybatis.spring.SqlSessionUtils - SqlSession [org.apache.ibatis.session.defaults.DefaultSqlSession@688b9296] was not registered for synchronization because synchronization is not active
2025-01-07 09:32:50 [http-nio-8080-exec-3] DEBUG o.m.s.t.SpringManagedTransaction - JDBC Connection [HikariProxyConnection@1366179276 wrapping com.mysql.cj.jdbc.ConnectionImpl@5126c08e] will not be managed by Spring
2025-01-07 09:32:50 [http-nio-8080-exec-3] DEBUG c.s.d.m.CommonMapper.selectLnbList - ==>  Preparing: SELECT CT_LNB_IDX AS ctLnbIdx, CT_LNB_ID AS ctLnbId, CT_LNB_NAME AS ctLnbName, CT_LNB_SUB_YN AS ctLnbSubYn, CT_LNB_URL AS ctLnbUrl, CT_LNB_USE_YN AS ctLnbUseYn FROM CT_LNB WHERE CT_LNB_USE_YN = 'Y' ORDER BY CT_LNB_IDX
2025-01-07 09:32:50 [http-nio-8080-exec-3] DEBUG c.s.d.m.CommonMapper.selectLnbList - ==> Parameters: 
2025-01-07 09:32:50 [http-nio-8080-exec-3] DEBUG c.s.d.m.CommonMapper.selectLnbList - <==      Total: 4
2025-01-07 09:32:50 [http-nio-8080-exec-3] DEBUG org.mybatis.spring.SqlSessionUtils - Closing non transactional SqlSession [org.apache.ibatis.session.defaults.DefaultSqlSession@688b9296]
2025-01-07 09:32:50 [http-nio-8080-exec-6] DEBUG org.mybatis.spring.SqlSessionUtils - Creating a new SqlSession
2025-01-07 09:32:50 [http-nio-8080-exec-4] DEBUG org.mybatis.spring.SqlSessionUtils - Creating a new SqlSession
2025-01-07 09:32:50 [http-nio-8080-exec-5] DEBUG org.mybatis.spring.SqlSessionUtils - Creating a new SqlSession
2025-01-07 09:32:50 [http-nio-8080-exec-6] DEBUG org.mybatis.spring.SqlSessionUtils - SqlSession [org.apache.ibatis.session.defaults.DefaultSqlSession@2ffff511] was not registered for synchronization because synchronization is not active
2025-01-07 09:32:50 [http-nio-8080-exec-5] DEBUG org.mybatis.spring.SqlSessionUtils - SqlSession [org.apache.ibatis.session.defaults.DefaultSqlSession@5a320835] was not registered for synchronization because synchronization is not active
2025-01-07 09:32:50 [http-nio-8080-exec-4] DEBUG org.mybatis.spring.SqlSessionUtils - SqlSession [org.apache.ibatis.session.defaults.DefaultSqlSession@69483470] was not registered for synchronization because synchronization is not active
2025-01-07 09:32:50 [http-nio-8080-exec-4] DEBUG o.m.s.t.SpringManagedTransaction - JDBC Connection [HikariProxyConnection@1283309125 wrapping com.mysql.cj.jdbc.ConnectionImpl@5126c08e] will not be managed by Spring
2025-01-07 09:32:50 [http-nio-8080-exec-5] DEBUG o.m.s.t.SpringManagedTransaction - JDBC Connection [HikariProxyConnection@548674672 wrapping com.mysql.cj.jdbc.ConnectionImpl@27cc7e61] will not be managed by Spring
2025-01-07 09:32:50 [http-nio-8080-exec-4] DEBUG c.s.d.m.C.selectLnbSubList - ==>  Preparing: SELECT CT_LNB_SUB_IDX AS ctLnbSubIdx, CT_LNB_ID AS ctLnbId, CT_LNB_SUB_ID AS ctLnbSubId, CT_LNB_SUB_NAME AS ctLnbSubName, CT_LNB_SUB_URL AS ctLnbSubUrl FROM CT_LNB_SUB WHERE CT_LNB_ID = ? ORDER BY CT_LNB_SUB_IDX
2025-01-07 09:32:50 [http-nio-8080-exec-5] DEBUG c.s.d.m.C.selectLnbSubList - ==>  Preparing: SELECT CT_LNB_SUB_IDX AS ctLnbSubIdx, CT_LNB_ID AS ctLnbId, CT_LNB_SUB_ID AS ctLnbSubId, CT_LNB_SUB_NAME AS ctLnbSubName, CT_LNB_SUB_URL AS ctLnbSubUrl FROM CT_LNB_SUB WHERE CT_LNB_ID = ? ORDER BY CT_LNB_SUB_IDX
2025-01-07 09:32:50 [http-nio-8080-exec-6] DEBUG o.m.s.t.SpringManagedTransaction - JDBC Connection [HikariProxyConnection@1410134881 wrapping com.mysql.cj.jdbc.ConnectionImpl@18b04cf8] will not be managed by Spring
2025-01-07 09:32:50 [http-nio-8080-exec-4] DEBUG c.s.d.m.C.selectLnbSubList - ==> Parameters: CT_LNB_INFORMATION(String)
2025-01-07 09:32:50 [http-nio-8080-exec-6] DEBUG c.s.d.m.C.selectLnbSubList - ==>  Preparing: SELECT CT_LNB_SUB_IDX AS ctLnbSubIdx, CT_LNB_ID AS ctLnbId, CT_LNB_SUB_ID AS ctLnbSubId, CT_LNB_SUB_NAME AS ctLnbSubName, CT_LNB_SUB_URL AS ctLnbSubUrl FROM CT_LNB_SUB WHERE CT_LNB_ID = ? ORDER BY CT_LNB_SUB_IDX
2025-01-07 09:32:50 [http-nio-8080-exec-5] DEBUG c.s.d.m.C.selectLnbSubList - ==> Parameters: CT_LNB_CONTACT(String)
2025-01-07 09:32:50 [http-nio-8080-exec-6] DEBUG c.s.d.m.C.selectLnbSubList - ==> Parameters: CT_LNB_SERVICE(String)
2025-01-07 09:32:50 [http-nio-8080-exec-5] DEBUG c.s.d.m.C.selectLnbSubList - <==      Total: 2
2025-01-07 09:32:50 [http-nio-8080-exec-4] DEBUG c.s.d.m.C.selectLnbSubList - <==      Total: 2
2025-01-07 09:32:50 [http-nio-8080-exec-6] DEBUG c.s.d.m.C.selectLnbSubList - <==      Total: 4
2025-01-07 09:32:50 [http-nio-8080-exec-5] DEBUG org.mybatis.spring.SqlSessionUtils - Closing non transactional SqlSession [org.apache.ibatis.session.defaults.DefaultSqlSession@5a320835]
2025-01-07 09:32:50 [http-nio-8080-exec-4] DEBUG org.mybatis.spring.SqlSessionUtils - Closing non transactional SqlSession [org.apache.ibatis.session.defaults.DefaultSqlSession@69483470]
2025-01-07 09:32:50 [http-nio-8080-exec-6] DEBUG org.mybatis.spring.SqlSessionUtils - Closing non transactional SqlSession [org.apache.ibatis.session.defaults.DefaultSqlSession@2ffff511]
2025-01-07 09:32:50 [http-nio-8080-exec-1] DEBUG org.mybatis.spring.SqlSessionUtils - Creating a new SqlSession
2025-01-07 09:32:50 [http-nio-8080-exec-2] DEBUG org.mybatis.spring.SqlSessionUtils - Creating a new SqlSession
2025-01-07 09:32:50 [http-nio-8080-exec-9] DEBUG org.mybatis.spring.SqlSessionUtils - Creating a new SqlSession
2025-01-07 09:32:50 [http-nio-8080-exec-1] DEBUG org.mybatis.spring.SqlSessionUtils - SqlSession [org.apache.ibatis.session.defaults.DefaultSqlSession@531d0ead] was not registered for synchronization because synchronization is not active
2025-01-07 09:32:50 [http-nio-8080-exec-9] DEBUG org.mybatis.spring.SqlSessionUtils - SqlSession [org.apache.ibatis.session.defaults.DefaultSqlSession@58f12df] was not registered for synchronization because synchronization is not active
2025-01-07 09:32:50 [http-nio-8080-exec-2] DEBUG org.mybatis.spring.SqlSessionUtils - SqlSession [org.apache.ibatis.session.defaults.DefaultSqlSession@3879d61e] was not registered for synchronization because synchronization is not active
2025-01-07 09:32:50 [http-nio-8080-exec-1] DEBUG o.m.s.t.SpringManagedTransaction - JDBC Connection [HikariProxyConnection@1731434349 wrapping com.mysql.cj.jdbc.ConnectionImpl@5126c08e] will not be managed by Spring
2025-01-07 09:32:50 [http-nio-8080-exec-9] DEBUG o.m.s.t.SpringManagedTransaction - JDBC Connection [HikariProxyConnection@2041871554 wrapping com.mysql.cj.jdbc.ConnectionImpl@18b04cf8] will not be managed by Spring
2025-01-07 09:32:50 [http-nio-8080-exec-2] DEBUG o.m.s.t.SpringManagedTransaction - JDBC Connection [HikariProxyConnection@819481860 wrapping com.mysql.cj.jdbc.ConnectionImpl@27cc7e61] will not be managed by Spring
2025-01-07 09:32:50 [http-nio-8080-exec-1] DEBUG c.s.d.m.C.selectLnbSubList - ==>  Preparing: SELECT CT_LNB_SUB_IDX AS ctLnbSubIdx, CT_LNB_ID AS ctLnbId, CT_LNB_SUB_ID AS ctLnbSubId, CT_LNB_SUB_NAME AS ctLnbSubName, CT_LNB_SUB_URL AS ctLnbSubUrl FROM CT_LNB_SUB WHERE CT_LNB_ID = ? ORDER BY CT_LNB_SUB_IDX
2025-01-07 09:32:50 [http-nio-8080-exec-2] DEBUG c.s.d.m.C.selectLnbSubList - ==>  Preparing: SELECT CT_LNB_SUB_IDX AS ctLnbSubIdx, CT_LNB_ID AS ctLnbId, CT_LNB_SUB_ID AS ctLnbSubId, CT_LNB_SUB_NAME AS ctLnbSubName, CT_LNB_SUB_URL AS ctLnbSubUrl FROM CT_LNB_SUB WHERE CT_LNB_ID = ? ORDER BY CT_LNB_SUB_IDX
2025-01-07 09:32:50 [http-nio-8080-exec-9] DEBUG c.s.d.m.C.selectLnbSubList - ==>  Preparing: SELECT CT_LNB_SUB_IDX AS ctLnbSubIdx, CT_LNB_ID AS ctLnbId, CT_LNB_SUB_ID AS ctLnbSubId, CT_LNB_SUB_NAME AS ctLnbSubName, CT_LNB_SUB_URL AS ctLnbSubUrl FROM CT_LNB_SUB WHERE CT_LNB_ID = ? ORDER BY CT_LNB_SUB_IDX
2025-01-07 09:32:50 [http-nio-8080-exec-1] DEBUG c.s.d.m.C.selectLnbSubList - ==> Parameters: CT_LNB_INFORMATION(String)
2025-01-07 09:32:50 [http-nio-8080-exec-2] DEBUG c.s.d.m.C.selectLnbSubList - ==> Parameters: CT_LNB_CONTACT(String)
2025-01-07 09:32:50 [http-nio-8080-exec-9] DEBUG c.s.d.m.C.selectLnbSubList - ==> Parameters: CT_LNB_SERVICE(String)
2025-01-07 09:32:50 [http-nio-8080-exec-9] DEBUG c.s.d.m.C.selectLnbSubList - <==      Total: 4
2025-01-07 09:32:50 [http-nio-8080-exec-1] DEBUG c.s.d.m.C.selectLnbSubList - <==      Total: 2
2025-01-07 09:32:50 [http-nio-8080-exec-2] DEBUG c.s.d.m.C.selectLnbSubList - <==      Total: 2
2025-01-07 09:32:50 [http-nio-8080-exec-2] DEBUG org.mybatis.spring.SqlSessionUtils - Closing non transactional SqlSession [org.apache.ibatis.session.defaults.DefaultSqlSession@3879d61e]
2025-01-07 09:32:50 [http-nio-8080-exec-9] DEBUG org.mybatis.spring.SqlSessionUtils - Closing non transactional SqlSession [org.apache.ibatis.session.defaults.DefaultSqlSession@58f12df]
2025-01-07 09:32:50 [http-nio-8080-exec-1] DEBUG org.mybatis.spring.SqlSessionUtils - Closing non transactional SqlSession [org.apache.ibatis.session.defaults.DefaultSqlSession@531d0ead]
2025-01-07 09:33:01 [http-nio-8080-exec-8] WARN  o.t.s.p.AbstractStandardFragmentInsertionTagProcessor - [THYMELEAF][http-nio-8080-exec-8][common/layout/layout] Deprecated unwrapped fragment expression "common/fragments/header::header" found in template common/layout/layout, line 29, col 10. Please use the complete syntax of fragment expressions instead ("~{common/fragments/header::header}"). The old, unwrapped syntax for fragment expressions will be removed in future versions of Thymeleaf.
2025-01-07 09:33:01 [http-nio-8080-exec-8] WARN  o.t.s.p.AbstractStandardFragmentInsertionTagProcessor - [THYMELEAF][http-nio-8080-exec-8][common/layout/layout] Deprecated unwrapped fragment expression "common/fragments/footer::footer" found in template common/layout/layout, line 33, col 10. Please use the complete syntax of fragment expressions instead ("~{common/fragments/footer::footer}"). The old, unwrapped syntax for fragment expressions will be removed in future versions of Thymeleaf.
2025-01-07 09:33:01 [http-nio-8080-exec-2] DEBUG org.mybatis.spring.SqlSessionUtils - Creating a new SqlSession
2025-01-07 09:33:01 [http-nio-8080-exec-2] DEBUG org.mybatis.spring.SqlSessionUtils - SqlSession [org.apache.ibatis.session.defaults.DefaultSqlSession@8124d2f] was not registered for synchronization because synchronization is not active
2025-01-07 09:33:01 [http-nio-8080-exec-2] DEBUG o.m.s.t.SpringManagedTransaction - JDBC Connection [HikariProxyConnection@2116924181 wrapping com.mysql.cj.jdbc.ConnectionImpl@27cc7e61] will not be managed by Spring
2025-01-07 09:33:01 [http-nio-8080-exec-2] DEBUG c.s.d.m.CommonMapper.selectLnbList - ==>  Preparing: SELECT CT_LNB_IDX AS ctLnbIdx, CT_LNB_ID AS ctLnbId, CT_LNB_NAME AS ctLnbName, CT_LNB_SUB_YN AS ctLnbSubYn, CT_LNB_URL AS ctLnbUrl, CT_LNB_USE_YN AS ctLnbUseYn FROM CT_LNB WHERE CT_LNB_USE_YN = 'Y' ORDER BY CT_LNB_IDX
2025-01-07 09:33:01 [http-nio-8080-exec-2] DEBUG c.s.d.m.CommonMapper.selectLnbList - ==> Parameters: 
2025-01-07 09:33:01 [http-nio-8080-exec-2] DEBUG c.s.d.m.CommonMapper.selectLnbList - <==      Total: 4
2025-01-07 09:33:01 [http-nio-8080-exec-2] DEBUG org.mybatis.spring.SqlSessionUtils - Closing non transactional SqlSession [org.apache.ibatis.session.defaults.DefaultSqlSession@8124d2f]
2025-01-07 09:33:01 [http-nio-8080-exec-8] DEBUG org.mybatis.spring.SqlSessionUtils - Creating a new SqlSession
2025-01-07 09:33:01 [http-nio-8080-exec-8] DEBUG org.mybatis.spring.SqlSessionUtils - SqlSession [org.apache.ibatis.session.defaults.DefaultSqlSession@539f37b] was not registered for synchronization because synchronization is not active
2025-01-07 09:33:01 [http-nio-8080-exec-8] DEBUG o.m.s.t.SpringManagedTransaction - JDBC Connection [HikariProxyConnection@1496980022 wrapping com.mysql.cj.jdbc.ConnectionImpl@18b04cf8] will not be managed by Spring
2025-01-07 09:33:01 [http-nio-8080-exec-8] DEBUG c.s.d.m.CommonMapper.selectLnbList - ==>  Preparing: SELECT CT_LNB_IDX AS ctLnbIdx, CT_LNB_ID AS ctLnbId, CT_LNB_NAME AS ctLnbName, CT_LNB_SUB_YN AS ctLnbSubYn, CT_LNB_URL AS ctLnbUrl, CT_LNB_USE_YN AS ctLnbUseYn FROM CT_LNB WHERE CT_LNB_USE_YN = 'Y' ORDER BY CT_LNB_IDX
2025-01-07 09:33:01 [http-nio-8080-exec-8] DEBUG c.s.d.m.CommonMapper.selectLnbList - ==> Parameters: 
2025-01-07 09:33:01 [http-nio-8080-exec-8] DEBUG c.s.d.m.CommonMapper.selectLnbList - <==      Total: 4
2025-01-07 09:33:01 [http-nio-8080-exec-8] DEBUG org.mybatis.spring.SqlSessionUtils - Closing non transactional SqlSession [org.apache.ibatis.session.defaults.DefaultSqlSession@539f37b]
2025-01-07 09:33:01 [http-nio-8080-exec-10] DEBUG org.mybatis.spring.SqlSessionUtils - Creating a new SqlSession
2025-01-07 09:33:01 [http-nio-8080-exec-7] DEBUG org.mybatis.spring.SqlSessionUtils - Creating a new SqlSession
2025-01-07 09:33:01 [http-nio-8080-exec-10] DEBUG org.mybatis.spring.SqlSessionUtils - SqlSession [org.apache.ibatis.session.defaults.DefaultSqlSession@77ff81f2] was not registered for synchronization because synchronization is not active
2025-01-07 09:33:01 [http-nio-8080-exec-7] DEBUG org.mybatis.spring.SqlSessionUtils - SqlSession [org.apache.ibatis.session.defaults.DefaultSqlSession@53b373aa] was not registered for synchronization because synchronization is not active
2025-01-07 09:33:01 [http-nio-8080-exec-7] DEBUG o.m.s.t.SpringManagedTransaction - JDBC Connection [HikariProxyConnection@2053101468 wrapping com.mysql.cj.jdbc.ConnectionImpl@27cc7e61] will not be managed by Spring
2025-01-07 09:33:01 [http-nio-8080-exec-7] DEBUG c.s.d.m.C.selectLnbSubList - ==>  Preparing: SELECT CT_LNB_SUB_IDX AS ctLnbSubIdx, CT_LNB_ID AS ctLnbId, CT_LNB_SUB_ID AS ctLnbSubId, CT_LNB_SUB_NAME AS ctLnbSubName, CT_LNB_SUB_URL AS ctLnbSubUrl FROM CT_LNB_SUB WHERE CT_LNB_ID = ? ORDER BY CT_LNB_SUB_IDX
2025-01-07 09:33:01 [http-nio-8080-exec-3] DEBUG org.mybatis.spring.SqlSessionUtils - Creating a new SqlSession
2025-01-07 09:33:01 [http-nio-8080-exec-3] DEBUG org.mybatis.spring.SqlSessionUtils - SqlSession [org.apache.ibatis.session.defaults.DefaultSqlSession@6a9bcbad] was not registered for synchronization because synchronization is not active
2025-01-07 09:33:01 [http-nio-8080-exec-3] DEBUG o.m.s.t.SpringManagedTransaction - JDBC Connection [HikariProxyConnection@1253776239 wrapping com.mysql.cj.jdbc.ConnectionImpl@18b04cf8] will not be managed by Spring
2025-01-07 09:33:01 [http-nio-8080-exec-3] DEBUG c.s.d.m.C.selectLnbSubList - ==>  Preparing: SELECT CT_LNB_SUB_IDX AS ctLnbSubIdx, CT_LNB_ID AS ctLnbId, CT_LNB_SUB_ID AS ctLnbSubId, CT_LNB_SUB_NAME AS ctLnbSubName, CT_LNB_SUB_URL AS ctLnbSubUrl FROM CT_LNB_SUB WHERE CT_LNB_ID = ? ORDER BY CT_LNB_SUB_IDX
2025-01-07 09:33:01 [http-nio-8080-exec-7] DEBUG c.s.d.m.C.selectLnbSubList - ==> Parameters: CT_LNB_SERVICE(String)
2025-01-07 09:33:01 [http-nio-8080-exec-3] DEBUG c.s.d.m.C.selectLnbSubList - ==> Parameters: CT_LNB_CONTACT(String)
2025-01-07 09:33:01 [http-nio-8080-exec-10] DEBUG o.m.s.t.SpringManagedTransaction - JDBC Connection [HikariProxyConnection@1451751865 wrapping com.mysql.cj.jdbc.ConnectionImpl@5126c08e] will not be managed by Spring
2025-01-07 09:33:01 [http-nio-8080-exec-10] DEBUG c.s.d.m.C.selectLnbSubList - ==>  Preparing: SELECT CT_LNB_SUB_IDX AS ctLnbSubIdx, CT_LNB_ID AS ctLnbId, CT_LNB_SUB_ID AS ctLnbSubId, CT_LNB_SUB_NAME AS ctLnbSubName, CT_LNB_SUB_URL AS ctLnbSubUrl FROM CT_LNB_SUB WHERE CT_LNB_ID = ? ORDER BY CT_LNB_SUB_IDX
2025-01-07 09:33:01 [http-nio-8080-exec-10] DEBUG c.s.d.m.C.selectLnbSubList - ==> Parameters: CT_LNB_INFORMATION(String)
2025-01-07 09:33:01 [http-nio-8080-exec-3] DEBUG c.s.d.m.C.selectLnbSubList - <==      Total: 2
2025-01-07 09:33:01 [http-nio-8080-exec-10] DEBUG c.s.d.m.C.selectLnbSubList - <==      Total: 2
2025-01-07 09:33:01 [http-nio-8080-exec-7] DEBUG c.s.d.m.C.selectLnbSubList - <==      Total: 4
2025-01-07 09:33:01 [http-nio-8080-exec-3] DEBUG org.mybatis.spring.SqlSessionUtils - Closing non transactional SqlSession [org.apache.ibatis.session.defaults.DefaultSqlSession@6a9bcbad]
2025-01-07 09:33:01 [http-nio-8080-exec-10] DEBUG org.mybatis.spring.SqlSessionUtils - Closing non transactional SqlSession [org.apache.ibatis.session.defaults.DefaultSqlSession@77ff81f2]
2025-01-07 09:33:01 [http-nio-8080-exec-7] DEBUG org.mybatis.spring.SqlSessionUtils - Closing non transactional SqlSession [org.apache.ibatis.session.defaults.DefaultSqlSession@53b373aa]
2025-01-07 09:33:01 [http-nio-8080-exec-6] DEBUG org.mybatis.spring.SqlSessionUtils - Creating a new SqlSession
2025-01-07 09:33:01 [http-nio-8080-exec-5] DEBUG org.mybatis.spring.SqlSessionUtils - Creating a new SqlSession
2025-01-07 09:33:01 [http-nio-8080-exec-4] DEBUG org.mybatis.spring.SqlSessionUtils - Creating a new SqlSession
2025-01-07 09:33:01 [http-nio-8080-exec-6] DEBUG org.mybatis.spring.SqlSessionUtils - SqlSession [org.apache.ibatis.session.defaults.DefaultSqlSession@6ea130f4] was not registered for synchronization because synchronization is not active
2025-01-07 09:33:01 [http-nio-8080-exec-5] DEBUG org.mybatis.spring.SqlSessionUtils - SqlSession [org.apache.ibatis.session.defaults.DefaultSqlSession@4ab5a00a] was not registered for synchronization because synchronization is not active
2025-01-07 09:33:01 [http-nio-8080-exec-4] DEBUG org.mybatis.spring.SqlSessionUtils - SqlSession [org.apache.ibatis.session.defaults.DefaultSqlSession@1bbbcebf] was not registered for synchronization because synchronization is not active
2025-01-07 09:33:01 [http-nio-8080-exec-6] DEBUG o.m.s.t.SpringManagedTransaction - JDBC Connection [HikariProxyConnection@1569018298 wrapping com.mysql.cj.jdbc.ConnectionImpl@18b04cf8] will not be managed by Spring
2025-01-07 09:33:01 [http-nio-8080-exec-5] DEBUG o.m.s.t.SpringManagedTransaction - JDBC Connection [HikariProxyConnection@1247965872 wrapping com.mysql.cj.jdbc.ConnectionImpl@27cc7e61] will not be managed by Spring
2025-01-07 09:33:01 [http-nio-8080-exec-4] DEBUG o.m.s.t.SpringManagedTransaction - JDBC Connection [HikariProxyConnection@974509083 wrapping com.mysql.cj.jdbc.ConnectionImpl@5126c08e] will not be managed by Spring
2025-01-07 09:33:01 [http-nio-8080-exec-6] DEBUG c.s.d.m.C.selectLnbSubList - ==>  Preparing: SELECT CT_LNB_SUB_IDX AS ctLnbSubIdx, CT_LNB_ID AS ctLnbId, CT_LNB_SUB_ID AS ctLnbSubId, CT_LNB_SUB_NAME AS ctLnbSubName, CT_LNB_SUB_URL AS ctLnbSubUrl FROM CT_LNB_SUB WHERE CT_LNB_ID = ? ORDER BY CT_LNB_SUB_IDX
2025-01-07 09:33:01 [http-nio-8080-exec-5] DEBUG c.s.d.m.C.selectLnbSubList - ==>  Preparing: SELECT CT_LNB_SUB_IDX AS ctLnbSubIdx, CT_LNB_ID AS ctLnbId, CT_LNB_SUB_ID AS ctLnbSubId, CT_LNB_SUB_NAME AS ctLnbSubName, CT_LNB_SUB_URL AS ctLnbSubUrl FROM CT_LNB_SUB WHERE CT_LNB_ID = ? ORDER BY CT_LNB_SUB_IDX
2025-01-07 09:33:01 [http-nio-8080-exec-4] DEBUG c.s.d.m.C.selectLnbSubList - ==>  Preparing: SELECT CT_LNB_SUB_IDX AS ctLnbSubIdx, CT_LNB_ID AS ctLnbId, CT_LNB_SUB_ID AS ctLnbSubId, CT_LNB_SUB_NAME AS ctLnbSubName, CT_LNB_SUB_URL AS ctLnbSubUrl FROM CT_LNB_SUB WHERE CT_LNB_ID = ? ORDER BY CT_LNB_SUB_IDX
2025-01-07 09:33:01 [http-nio-8080-exec-6] DEBUG c.s.d.m.C.selectLnbSubList - ==> Parameters: CT_LNB_CONTACT(String)
2025-01-07 09:33:01 [http-nio-8080-exec-5] DEBUG c.s.d.m.C.selectLnbSubList - ==> Parameters: CT_LNB_SERVICE(String)
2025-01-07 09:33:01 [http-nio-8080-exec-4] DEBUG c.s.d.m.C.selectLnbSubList - ==> Parameters: CT_LNB_INFORMATION(String)
2025-01-07 09:33:01 [http-nio-8080-exec-4] DEBUG c.s.d.m.C.selectLnbSubList - <==      Total: 2
2025-01-07 09:33:01 [http-nio-8080-exec-6] DEBUG c.s.d.m.C.selectLnbSubList - <==      Total: 2
2025-01-07 09:33:01 [http-nio-8080-exec-5] DEBUG c.s.d.m.C.selectLnbSubList - <==      Total: 4
2025-01-07 09:33:01 [http-nio-8080-exec-4] DEBUG org.mybatis.spring.SqlSessionUtils - Closing non transactional SqlSession [org.apache.ibatis.session.defaults.DefaultSqlSession@1bbbcebf]
2025-01-07 09:33:01 [http-nio-8080-exec-5] DEBUG org.mybatis.spring.SqlSessionUtils - Closing non transactional SqlSession [org.apache.ibatis.session.defaults.DefaultSqlSession@4ab5a00a]
2025-01-07 09:33:01 [http-nio-8080-exec-6] DEBUG org.mybatis.spring.SqlSessionUtils - Closing non transactional SqlSession [org.apache.ibatis.session.defaults.DefaultSqlSession@6ea130f4]
2025-01-07 09:33:33 [http-nio-8080-exec-1] WARN  o.t.s.p.AbstractStandardFragmentInsertionTagProcessor - [THYMELEAF][http-nio-8080-exec-1][common/layout/layout] Deprecated unwrapped fragment expression "common/fragments/header::header" found in template common/layout/layout, line 29, col 10. Please use the complete syntax of fragment expressions instead ("~{common/fragments/header::header}"). The old, unwrapped syntax for fragment expressions will be removed in future versions of Thymeleaf.
2025-01-07 09:33:33 [http-nio-8080-exec-1] WARN  o.t.s.p.AbstractStandardFragmentInsertionTagProcessor - [THYMELEAF][http-nio-8080-exec-1][common/layout/layout] Deprecated unwrapped fragment expression "common/fragments/footer::footer" found in template common/layout/layout, line 33, col 10. Please use the complete syntax of fragment expressions instead ("~{common/fragments/footer::footer}"). The old, unwrapped syntax for fragment expressions will be removed in future versions of Thymeleaf.
2025-01-07 09:33:33 [http-nio-8080-exec-6] DEBUG org.mybatis.spring.SqlSessionUtils - Creating a new SqlSession
2025-01-07 09:33:33 [http-nio-8080-exec-6] DEBUG org.mybatis.spring.SqlSessionUtils - SqlSession [org.apache.ibatis.session.defaults.DefaultSqlSession@6fa0ebc8] was not registered for synchronization because synchronization is not active
2025-01-07 09:33:33 [http-nio-8080-exec-6] DEBUG o.m.s.t.SpringManagedTransaction - JDBC Connection [HikariProxyConnection@148983896 wrapping com.mysql.cj.jdbc.ConnectionImpl@18b04cf8] will not be managed by Spring
2025-01-07 09:33:33 [http-nio-8080-exec-6] DEBUG c.s.d.m.CommonMapper.selectLnbList - ==>  Preparing: SELECT CT_LNB_IDX AS ctLnbIdx, CT_LNB_ID AS ctLnbId, CT_LNB_NAME AS ctLnbName, CT_LNB_SUB_YN AS ctLnbSubYn, CT_LNB_URL AS ctLnbUrl, CT_LNB_USE_YN AS ctLnbUseYn FROM CT_LNB WHERE CT_LNB_USE_YN = 'Y' ORDER BY CT_LNB_IDX
2025-01-07 09:33:33 [http-nio-8080-exec-6] DEBUG c.s.d.m.CommonMapper.selectLnbList - ==> Parameters: 
2025-01-07 09:33:33 [http-nio-8080-exec-6] DEBUG c.s.d.m.CommonMapper.selectLnbList - <==      Total: 4
2025-01-07 09:33:33 [http-nio-8080-exec-6] DEBUG org.mybatis.spring.SqlSessionUtils - Closing non transactional SqlSession [org.apache.ibatis.session.defaults.DefaultSqlSession@6fa0ebc8]
2025-01-07 09:33:33 [http-nio-8080-exec-1] DEBUG org.mybatis.spring.SqlSessionUtils - Creating a new SqlSession
2025-01-07 09:33:33 [http-nio-8080-exec-1] DEBUG org.mybatis.spring.SqlSessionUtils - SqlSession [org.apache.ibatis.session.defaults.DefaultSqlSession@4ec78555] was not registered for synchronization because synchronization is not active
2025-01-07 09:33:33 [http-nio-8080-exec-1] DEBUG o.m.s.t.SpringManagedTransaction - JDBC Connection [HikariProxyConnection@1673378060 wrapping com.mysql.cj.jdbc.ConnectionImpl@5126c08e] will not be managed by Spring
2025-01-07 09:33:33 [http-nio-8080-exec-1] DEBUG c.s.d.m.CommonMapper.selectLnbList - ==>  Preparing: SELECT CT_LNB_IDX AS ctLnbIdx, CT_LNB_ID AS ctLnbId, CT_LNB_NAME AS ctLnbName, CT_LNB_SUB_YN AS ctLnbSubYn, CT_LNB_URL AS ctLnbUrl, CT_LNB_USE_YN AS ctLnbUseYn FROM CT_LNB WHERE CT_LNB_USE_YN = 'Y' ORDER BY CT_LNB_IDX
2025-01-07 09:33:33 [http-nio-8080-exec-1] DEBUG c.s.d.m.CommonMapper.selectLnbList - ==> Parameters: 
2025-01-07 09:33:33 [http-nio-8080-exec-1] DEBUG c.s.d.m.CommonMapper.selectLnbList - <==      Total: 4
2025-01-07 09:33:33 [http-nio-8080-exec-1] DEBUG org.mybatis.spring.SqlSessionUtils - Closing non transactional SqlSession [org.apache.ibatis.session.defaults.DefaultSqlSession@4ec78555]
2025-01-07 09:33:33 [http-nio-8080-exec-2] DEBUG org.mybatis.spring.SqlSessionUtils - Creating a new SqlSession
2025-01-07 09:33:33 [http-nio-8080-exec-8] DEBUG org.mybatis.spring.SqlSessionUtils - Creating a new SqlSession
2025-01-07 09:33:33 [http-nio-8080-exec-9] DEBUG org.mybatis.spring.SqlSessionUtils - Creating a new SqlSession
2025-01-07 09:33:33 [http-nio-8080-exec-2] DEBUG org.mybatis.spring.SqlSessionUtils - SqlSession [org.apache.ibatis.session.defaults.DefaultSqlSession@34652c9d] was not registered for synchronization because synchronization is not active
2025-01-07 09:33:33 [http-nio-8080-exec-9] DEBUG org.mybatis.spring.SqlSessionUtils - SqlSession [org.apache.ibatis.session.defaults.DefaultSqlSession@4e571bc4] was not registered for synchronization because synchronization is not active
2025-01-07 09:33:33 [http-nio-8080-exec-8] DEBUG org.mybatis.spring.SqlSessionUtils - SqlSession [org.apache.ibatis.session.defaults.DefaultSqlSession@eb9bc74] was not registered for synchronization because synchronization is not active
2025-01-07 09:33:33 [http-nio-8080-exec-9] DEBUG o.m.s.t.SpringManagedTransaction - JDBC Connection [HikariProxyConnection@1239778130 wrapping com.mysql.cj.jdbc.ConnectionImpl@18b04cf8] will not be managed by Spring
2025-01-07 09:33:33 [http-nio-8080-exec-8] DEBUG o.m.s.t.SpringManagedTransaction - JDBC Connection [HikariProxyConnection@123468863 wrapping com.mysql.cj.jdbc.ConnectionImpl@5126c08e] will not be managed by Spring
2025-01-07 09:33:33 [http-nio-8080-exec-9] DEBUG c.s.d.m.C.selectLnbSubList - ==>  Preparing: SELECT CT_LNB_SUB_IDX AS ctLnbSubIdx, CT_LNB_ID AS ctLnbId, CT_LNB_SUB_ID AS ctLnbSubId, CT_LNB_SUB_NAME AS ctLnbSubName, CT_LNB_SUB_URL AS ctLnbSubUrl FROM CT_LNB_SUB WHERE CT_LNB_ID = ? ORDER BY CT_LNB_SUB_IDX
2025-01-07 09:33:33 [http-nio-8080-exec-8] DEBUG c.s.d.m.C.selectLnbSubList - ==>  Preparing: SELECT CT_LNB_SUB_IDX AS ctLnbSubIdx, CT_LNB_ID AS ctLnbId, CT_LNB_SUB_ID AS ctLnbSubId, CT_LNB_SUB_NAME AS ctLnbSubName, CT_LNB_SUB_URL AS ctLnbSubUrl FROM CT_LNB_SUB WHERE CT_LNB_ID = ? ORDER BY CT_LNB_SUB_IDX
2025-01-07 09:33:33 [http-nio-8080-exec-2] DEBUG o.m.s.t.SpringManagedTransaction - JDBC Connection [HikariProxyConnection@667124767 wrapping com.mysql.cj.jdbc.ConnectionImpl@27cc7e61] will not be managed by Spring
2025-01-07 09:33:33 [http-nio-8080-exec-2] DEBUG c.s.d.m.C.selectLnbSubList - ==>  Preparing: SELECT CT_LNB_SUB_IDX AS ctLnbSubIdx, CT_LNB_ID AS ctLnbId, CT_LNB_SUB_ID AS ctLnbSubId, CT_LNB_SUB_NAME AS ctLnbSubName, CT_LNB_SUB_URL AS ctLnbSubUrl FROM CT_LNB_SUB WHERE CT_LNB_ID = ? ORDER BY CT_LNB_SUB_IDX
2025-01-07 09:33:33 [http-nio-8080-exec-8] DEBUG c.s.d.m.C.selectLnbSubList - ==> Parameters: CT_LNB_CONTACT(String)
2025-01-07 09:33:33 [http-nio-8080-exec-9] DEBUG c.s.d.m.C.selectLnbSubList - ==> Parameters: CT_LNB_INFORMATION(String)
2025-01-07 09:33:33 [http-nio-8080-exec-2] DEBUG c.s.d.m.C.selectLnbSubList - ==> Parameters: CT_LNB_SERVICE(String)
2025-01-07 09:33:33 [http-nio-8080-exec-8] DEBUG c.s.d.m.C.selectLnbSubList - <==      Total: 2
2025-01-07 09:33:33 [http-nio-8080-exec-9] DEBUG c.s.d.m.C.selectLnbSubList - <==      Total: 2
2025-01-07 09:33:33 [http-nio-8080-exec-2] DEBUG c.s.d.m.C.selectLnbSubList - <==      Total: 4
2025-01-07 09:33:33 [http-nio-8080-exec-2] DEBUG org.mybatis.spring.SqlSessionUtils - Closing non transactional SqlSession [org.apache.ibatis.session.defaults.DefaultSqlSession@34652c9d]
2025-01-07 09:33:33 [http-nio-8080-exec-8] DEBUG org.mybatis.spring.SqlSessionUtils - Closing non transactional SqlSession [org.apache.ibatis.session.defaults.DefaultSqlSession@eb9bc74]
2025-01-07 09:33:33 [http-nio-8080-exec-9] DEBUG org.mybatis.spring.SqlSessionUtils - Closing non transactional SqlSession [org.apache.ibatis.session.defaults.DefaultSqlSession@4e571bc4]
2025-01-07 09:33:33 [http-nio-8080-exec-3] DEBUG org.mybatis.spring.SqlSessionUtils - Creating a new SqlSession
2025-01-07 09:33:33 [http-nio-8080-exec-7] DEBUG org.mybatis.spring.SqlSessionUtils - Creating a new SqlSession
2025-01-07 09:33:33 [http-nio-8080-exec-10] DEBUG org.mybatis.spring.SqlSessionUtils - Creating a new SqlSession
2025-01-07 09:33:33 [http-nio-8080-exec-3] DEBUG org.mybatis.spring.SqlSessionUtils - SqlSession [org.apache.ibatis.session.defaults.DefaultSqlSession@ad09af0] was not registered for synchronization because synchronization is not active
2025-01-07 09:33:33 [http-nio-8080-exec-7] DEBUG org.mybatis.spring.SqlSessionUtils - SqlSession [org.apache.ibatis.session.defaults.DefaultSqlSession@5a27646a] was not registered for synchronization because synchronization is not active
2025-01-07 09:33:33 [http-nio-8080-exec-10] DEBUG org.mybatis.spring.SqlSessionUtils - SqlSession [org.apache.ibatis.session.defaults.DefaultSqlSession@753364a6] was not registered for synchronization because synchronization is not active
2025-01-07 09:33:33 [http-nio-8080-exec-3] DEBUG o.m.s.t.SpringManagedTransaction - JDBC Connection [HikariProxyConnection@413304998 wrapping com.mysql.cj.jdbc.ConnectionImpl@18b04cf8] will not be managed by Spring
2025-01-07 09:33:33 [http-nio-8080-exec-7] DEBUG o.m.s.t.SpringManagedTransaction - JDBC Connection [HikariProxyConnection@1581300613 wrapping com.mysql.cj.jdbc.ConnectionImpl@27cc7e61] will not be managed by Spring
2025-01-07 09:33:33 [http-nio-8080-exec-10] DEBUG o.m.s.t.SpringManagedTransaction - JDBC Connection [HikariProxyConnection@479199624 wrapping com.mysql.cj.jdbc.ConnectionImpl@5126c08e] will not be managed by Spring
2025-01-07 09:33:33 [http-nio-8080-exec-3] DEBUG c.s.d.m.C.selectLnbSubList - ==>  Preparing: SELECT CT_LNB_SUB_IDX AS ctLnbSubIdx, CT_LNB_ID AS ctLnbId, CT_LNB_SUB_ID AS ctLnbSubId, CT_LNB_SUB_NAME AS ctLnbSubName, CT_LNB_SUB_URL AS ctLnbSubUrl FROM CT_LNB_SUB WHERE CT_LNB_ID = ? ORDER BY CT_LNB_SUB_IDX
2025-01-07 09:33:33 [http-nio-8080-exec-7] DEBUG c.s.d.m.C.selectLnbSubList - ==>  Preparing: SELECT CT_LNB_SUB_IDX AS ctLnbSubIdx, CT_LNB_ID AS ctLnbId, CT_LNB_SUB_ID AS ctLnbSubId, CT_LNB_SUB_NAME AS ctLnbSubName, CT_LNB_SUB_URL AS ctLnbSubUrl FROM CT_LNB_SUB WHERE CT_LNB_ID = ? ORDER BY CT_LNB_SUB_IDX
2025-01-07 09:33:33 [http-nio-8080-exec-10] DEBUG c.s.d.m.C.selectLnbSubList - ==>  Preparing: SELECT CT_LNB_SUB_IDX AS ctLnbSubIdx, CT_LNB_ID AS ctLnbId, CT_LNB_SUB_ID AS ctLnbSubId, CT_LNB_SUB_NAME AS ctLnbSubName, CT_LNB_SUB_URL AS ctLnbSubUrl FROM CT_LNB_SUB WHERE CT_LNB_ID = ? ORDER BY CT_LNB_SUB_IDX
2025-01-07 09:33:33 [http-nio-8080-exec-10] DEBUG c.s.d.m.C.selectLnbSubList - ==> Parameters: CT_LNB_SERVICE(String)
2025-01-07 09:33:33 [http-nio-8080-exec-7] DEBUG c.s.d.m.C.selectLnbSubList - ==> Parameters: CT_LNB_INFORMATION(String)
2025-01-07 09:33:33 [http-nio-8080-exec-3] DEBUG c.s.d.m.C.selectLnbSubList - ==> Parameters: CT_LNB_CONTACT(String)
2025-01-07 09:33:33 [http-nio-8080-exec-7] DEBUG c.s.d.m.C.selectLnbSubList - <==      Total: 2
2025-01-07 09:33:33 [http-nio-8080-exec-3] DEBUG c.s.d.m.C.selectLnbSubList - <==      Total: 2
2025-01-07 09:33:33 [http-nio-8080-exec-10] DEBUG c.s.d.m.C.selectLnbSubList - <==      Total: 4
2025-01-07 09:33:33 [http-nio-8080-exec-7] DEBUG org.mybatis.spring.SqlSessionUtils - Closing non transactional SqlSession [org.apache.ibatis.session.defaults.DefaultSqlSession@5a27646a]
2025-01-07 09:33:33 [http-nio-8080-exec-10] DEBUG org.mybatis.spring.SqlSessionUtils - Closing non transactional SqlSession [org.apache.ibatis.session.defaults.DefaultSqlSession@753364a6]
2025-01-07 09:33:33 [http-nio-8080-exec-3] DEBUG org.mybatis.spring.SqlSessionUtils - Closing non transactional SqlSession [org.apache.ibatis.session.defaults.DefaultSqlSession@ad09af0]
2025-01-07 09:33:59 [http-nio-8080-exec-4] WARN  o.t.s.p.AbstractStandardFragmentInsertionTagProcessor - [THYMELEAF][http-nio-8080-exec-4][common/layout/layout] Deprecated unwrapped fragment expression "common/fragments/header::header" found in template common/layout/layout, line 29, col 10. Please use the complete syntax of fragment expressions instead ("~{common/fragments/header::header}"). The old, unwrapped syntax for fragment expressions will be removed in future versions of Thymeleaf.
2025-01-07 09:33:59 [http-nio-8080-exec-4] WARN  o.t.s.p.AbstractStandardFragmentInsertionTagProcessor - [THYMELEAF][http-nio-8080-exec-4][common/layout/layout] Deprecated unwrapped fragment expression "common/fragments/footer::footer" found in template common/layout/layout, line 33, col 10. Please use the complete syntax of fragment expressions instead ("~{common/fragments/footer::footer}"). The old, unwrapped syntax for fragment expressions will be removed in future versions of Thymeleaf.
2025-01-07 09:33:59 [http-nio-8080-exec-7] DEBUG org.mybatis.spring.SqlSessionUtils - Creating a new SqlSession
2025-01-07 09:33:59 [http-nio-8080-exec-7] DEBUG org.mybatis.spring.SqlSessionUtils - SqlSession [org.apache.ibatis.session.defaults.DefaultSqlSession@635ecb36] was not registered for synchronization because synchronization is not active
2025-01-07 09:33:59 [http-nio-8080-exec-7] DEBUG o.m.s.t.SpringManagedTransaction - JDBC Connection [HikariProxyConnection@37484291 wrapping com.mysql.cj.jdbc.ConnectionImpl@27cc7e61] will not be managed by Spring
2025-01-07 09:33:59 [http-nio-8080-exec-7] DEBUG c.s.d.m.CommonMapper.selectLnbList - ==>  Preparing: SELECT CT_LNB_IDX AS ctLnbIdx, CT_LNB_ID AS ctLnbId, CT_LNB_NAME AS ctLnbName, CT_LNB_SUB_YN AS ctLnbSubYn, CT_LNB_URL AS ctLnbUrl, CT_LNB_USE_YN AS ctLnbUseYn FROM CT_LNB WHERE CT_LNB_USE_YN = 'Y' ORDER BY CT_LNB_IDX
2025-01-07 09:33:59 [http-nio-8080-exec-7] DEBUG c.s.d.m.CommonMapper.selectLnbList - ==> Parameters: 
2025-01-07 09:33:59 [http-nio-8080-exec-7] DEBUG c.s.d.m.CommonMapper.selectLnbList - <==      Total: 4
2025-01-07 09:33:59 [http-nio-8080-exec-7] DEBUG org.mybatis.spring.SqlSessionUtils - Closing non transactional SqlSession [org.apache.ibatis.session.defaults.DefaultSqlSession@635ecb36]
2025-01-07 09:33:59 [http-nio-8080-exec-4] DEBUG org.mybatis.spring.SqlSessionUtils - Creating a new SqlSession
2025-01-07 09:33:59 [http-nio-8080-exec-4] DEBUG org.mybatis.spring.SqlSessionUtils - SqlSession [org.apache.ibatis.session.defaults.DefaultSqlSession@68237679] was not registered for synchronization because synchronization is not active
2025-01-07 09:33:59 [http-nio-8080-exec-4] DEBUG o.m.s.t.SpringManagedTransaction - JDBC Connection [HikariProxyConnection@107319373 wrapping com.mysql.cj.jdbc.ConnectionImpl@5126c08e] will not be managed by Spring
2025-01-07 09:33:59 [http-nio-8080-exec-4] DEBUG c.s.d.m.CommonMapper.selectLnbList - ==>  Preparing: SELECT CT_LNB_IDX AS ctLnbIdx, CT_LNB_ID AS ctLnbId, CT_LNB_NAME AS ctLnbName, CT_LNB_SUB_YN AS ctLnbSubYn, CT_LNB_URL AS ctLnbUrl, CT_LNB_USE_YN AS ctLnbUseYn FROM CT_LNB WHERE CT_LNB_USE_YN = 'Y' ORDER BY CT_LNB_IDX
2025-01-07 09:33:59 [http-nio-8080-exec-4] DEBUG c.s.d.m.CommonMapper.selectLnbList - ==> Parameters: 
2025-01-07 09:33:59 [http-nio-8080-exec-4] DEBUG c.s.d.m.CommonMapper.selectLnbList - <==      Total: 4
2025-01-07 09:33:59 [http-nio-8080-exec-4] DEBUG org.mybatis.spring.SqlSessionUtils - Closing non transactional SqlSession [org.apache.ibatis.session.defaults.DefaultSqlSession@68237679]
2025-01-07 09:33:59 [http-nio-8080-exec-5] DEBUG org.mybatis.spring.SqlSessionUtils - Creating a new SqlSession
2025-01-07 09:33:59 [http-nio-8080-exec-1] DEBUG org.mybatis.spring.SqlSessionUtils - Creating a new SqlSession
2025-01-07 09:33:59 [http-nio-8080-exec-6] DEBUG org.mybatis.spring.SqlSessionUtils - Creating a new SqlSession
2025-01-07 09:33:59 [http-nio-8080-exec-5] DEBUG org.mybatis.spring.SqlSessionUtils - SqlSession [org.apache.ibatis.session.defaults.DefaultSqlSession@6d639f35] was not registered for synchronization because synchronization is not active
2025-01-07 09:33:59 [http-nio-8080-exec-1] DEBUG org.mybatis.spring.SqlSessionUtils - SqlSession [org.apache.ibatis.session.defaults.DefaultSqlSession@181ef211] was not registered for synchronization because synchronization is not active
2025-01-07 09:33:59 [http-nio-8080-exec-6] DEBUG org.mybatis.spring.SqlSessionUtils - SqlSession [org.apache.ibatis.session.defaults.DefaultSqlSession@64abbdd3] was not registered for synchronization because synchronization is not active
2025-01-07 09:33:59 [http-nio-8080-exec-1] DEBUG o.m.s.t.SpringManagedTransaction - JDBC Connection [HikariProxyConnection@375737799 wrapping com.mysql.cj.jdbc.ConnectionImpl@5126c08e] will not be managed by Spring
2025-01-07 09:33:59 [http-nio-8080-exec-5] DEBUG o.m.s.t.SpringManagedTransaction - JDBC Connection [HikariProxyConnection@1072314128 wrapping com.mysql.cj.jdbc.ConnectionImpl@27cc7e61] will not be managed by Spring
2025-01-07 09:33:59 [http-nio-8080-exec-1] DEBUG c.s.d.m.C.selectLnbSubList - ==>  Preparing: SELECT CT_LNB_SUB_IDX AS ctLnbSubIdx, CT_LNB_ID AS ctLnbId, CT_LNB_SUB_ID AS ctLnbSubId, CT_LNB_SUB_NAME AS ctLnbSubName, CT_LNB_SUB_URL AS ctLnbSubUrl FROM CT_LNB_SUB WHERE CT_LNB_ID = ? ORDER BY CT_LNB_SUB_IDX
2025-01-07 09:33:59 [http-nio-8080-exec-5] DEBUG c.s.d.m.C.selectLnbSubList - ==>  Preparing: SELECT CT_LNB_SUB_IDX AS ctLnbSubIdx, CT_LNB_ID AS ctLnbId, CT_LNB_SUB_ID AS ctLnbSubId, CT_LNB_SUB_NAME AS ctLnbSubName, CT_LNB_SUB_URL AS ctLnbSubUrl FROM CT_LNB_SUB WHERE CT_LNB_ID = ? ORDER BY CT_LNB_SUB_IDX
2025-01-07 09:33:59 [http-nio-8080-exec-1] DEBUG c.s.d.m.C.selectLnbSubList - ==> Parameters: CT_LNB_CONTACT(String)
2025-01-07 09:33:59 [http-nio-8080-exec-5] DEBUG c.s.d.m.C.selectLnbSubList - ==> Parameters: CT_LNB_INFORMATION(String)
2025-01-07 09:33:59 [http-nio-8080-exec-6] DEBUG o.m.s.t.SpringManagedTransaction - JDBC Connection [HikariProxyConnection@1724531342 wrapping com.mysql.cj.jdbc.ConnectionImpl@18b04cf8] will not be managed by Spring
2025-01-07 09:33:59 [http-nio-8080-exec-6] DEBUG c.s.d.m.C.selectLnbSubList - ==>  Preparing: SELECT CT_LNB_SUB_IDX AS ctLnbSubIdx, CT_LNB_ID AS ctLnbId, CT_LNB_SUB_ID AS ctLnbSubId, CT_LNB_SUB_NAME AS ctLnbSubName, CT_LNB_SUB_URL AS ctLnbSubUrl FROM CT_LNB_SUB WHERE CT_LNB_ID = ? ORDER BY CT_LNB_SUB_IDX
2025-01-07 09:33:59 [http-nio-8080-exec-6] DEBUG c.s.d.m.C.selectLnbSubList - ==> Parameters: CT_LNB_SERVICE(String)
2025-01-07 09:33:59 [http-nio-8080-exec-5] DEBUG c.s.d.m.C.selectLnbSubList - <==      Total: 2
2025-01-07 09:33:59 [http-nio-8080-exec-1] DEBUG c.s.d.m.C.selectLnbSubList - <==      Total: 2
2025-01-07 09:33:59 [http-nio-8080-exec-6] DEBUG c.s.d.m.C.selectLnbSubList - <==      Total: 4
2025-01-07 09:33:59 [http-nio-8080-exec-5] DEBUG org.mybatis.spring.SqlSessionUtils - Closing non transactional SqlSession [org.apache.ibatis.session.defaults.DefaultSqlSession@6d639f35]
2025-01-07 09:33:59 [http-nio-8080-exec-1] DEBUG org.mybatis.spring.SqlSessionUtils - Closing non transactional SqlSession [org.apache.ibatis.session.defaults.DefaultSqlSession@181ef211]
2025-01-07 09:33:59 [http-nio-8080-exec-6] DEBUG org.mybatis.spring.SqlSessionUtils - Closing non transactional SqlSession [org.apache.ibatis.session.defaults.DefaultSqlSession@64abbdd3]
2025-01-07 09:33:59 [http-nio-8080-exec-2] DEBUG org.mybatis.spring.SqlSessionUtils - Creating a new SqlSession
2025-01-07 09:33:59 [http-nio-8080-exec-9] DEBUG org.mybatis.spring.SqlSessionUtils - Creating a new SqlSession
2025-01-07 09:33:59 [http-nio-8080-exec-8] DEBUG org.mybatis.spring.SqlSessionUtils - Creating a new SqlSession
2025-01-07 09:33:59 [http-nio-8080-exec-9] DEBUG org.mybatis.spring.SqlSessionUtils - SqlSession [org.apache.ibatis.session.defaults.DefaultSqlSession@6554df5c] was not registered for synchronization because synchronization is not active
2025-01-07 09:33:59 [http-nio-8080-exec-2] DEBUG org.mybatis.spring.SqlSessionUtils - SqlSession [org.apache.ibatis.session.defaults.DefaultSqlSession@4079ee10] was not registered for synchronization because synchronization is not active
2025-01-07 09:33:59 [http-nio-8080-exec-8] DEBUG org.mybatis.spring.SqlSessionUtils - SqlSession [org.apache.ibatis.session.defaults.DefaultSqlSession@1d109243] was not registered for synchronization because synchronization is not active
2025-01-07 09:33:59 [http-nio-8080-exec-9] DEBUG o.m.s.t.SpringManagedTransaction - JDBC Connection [HikariProxyConnection@13512631 wrapping com.mysql.cj.jdbc.ConnectionImpl@18b04cf8] will not be managed by Spring
2025-01-07 09:33:59 [http-nio-8080-exec-2] DEBUG o.m.s.t.SpringManagedTransaction - JDBC Connection [HikariProxyConnection@2074175868 wrapping com.mysql.cj.jdbc.ConnectionImpl@27cc7e61] will not be managed by Spring
2025-01-07 09:33:59 [http-nio-8080-exec-8] DEBUG o.m.s.t.SpringManagedTransaction - JDBC Connection [HikariProxyConnection@1165111258 wrapping com.mysql.cj.jdbc.ConnectionImpl@5126c08e] will not be managed by Spring
2025-01-07 09:33:59 [http-nio-8080-exec-9] DEBUG c.s.d.m.C.selectLnbSubList - ==>  Preparing: SELECT CT_LNB_SUB_IDX AS ctLnbSubIdx, CT_LNB_ID AS ctLnbId, CT_LNB_SUB_ID AS ctLnbSubId, CT_LNB_SUB_NAME AS ctLnbSubName, CT_LNB_SUB_URL AS ctLnbSubUrl FROM CT_LNB_SUB WHERE CT_LNB_ID = ? ORDER BY CT_LNB_SUB_IDX
2025-01-07 09:33:59 [http-nio-8080-exec-2] DEBUG c.s.d.m.C.selectLnbSubList - ==>  Preparing: SELECT CT_LNB_SUB_IDX AS ctLnbSubIdx, CT_LNB_ID AS ctLnbId, CT_LNB_SUB_ID AS ctLnbSubId, CT_LNB_SUB_NAME AS ctLnbSubName, CT_LNB_SUB_URL AS ctLnbSubUrl FROM CT_LNB_SUB WHERE CT_LNB_ID = ? ORDER BY CT_LNB_SUB_IDX
2025-01-07 09:33:59 [http-nio-8080-exec-8] DEBUG c.s.d.m.C.selectLnbSubList - ==>  Preparing: SELECT CT_LNB_SUB_IDX AS ctLnbSubIdx, CT_LNB_ID AS ctLnbId, CT_LNB_SUB_ID AS ctLnbSubId, CT_LNB_SUB_NAME AS ctLnbSubName, CT_LNB_SUB_URL AS ctLnbSubUrl FROM CT_LNB_SUB WHERE CT_LNB_ID = ? ORDER BY CT_LNB_SUB_IDX
2025-01-07 09:33:59 [http-nio-8080-exec-9] DEBUG c.s.d.m.C.selectLnbSubList - ==> Parameters: CT_LNB_SERVICE(String)
2025-01-07 09:33:59 [http-nio-8080-exec-8] DEBUG c.s.d.m.C.selectLnbSubList - ==> Parameters: CT_LNB_CONTACT(String)
2025-01-07 09:33:59 [http-nio-8080-exec-2] DEBUG c.s.d.m.C.selectLnbSubList - ==> Parameters: CT_LNB_INFORMATION(String)
2025-01-07 09:33:59 [http-nio-8080-exec-2] DEBUG c.s.d.m.C.selectLnbSubList - <==      Total: 2
2025-01-07 09:33:59 [http-nio-8080-exec-8] DEBUG c.s.d.m.C.selectLnbSubList - <==      Total: 2
2025-01-07 09:33:59 [http-nio-8080-exec-9] DEBUG c.s.d.m.C.selectLnbSubList - <==      Total: 4
2025-01-07 09:33:59 [http-nio-8080-exec-2] DEBUG org.mybatis.spring.SqlSessionUtils - Closing non transactional SqlSession [org.apache.ibatis.session.defaults.DefaultSqlSession@4079ee10]
2025-01-07 09:33:59 [http-nio-8080-exec-8] DEBUG org.mybatis.spring.SqlSessionUtils - Closing non transactional SqlSession [org.apache.ibatis.session.defaults.DefaultSqlSession@1d109243]
2025-01-07 09:33:59 [http-nio-8080-exec-9] DEBUG org.mybatis.spring.SqlSessionUtils - Closing non transactional SqlSession [org.apache.ibatis.session.defaults.DefaultSqlSession@6554df5c]
2025-01-07 09:34:18 [http-nio-8080-exec-3] WARN  o.t.s.p.AbstractStandardFragmentInsertionTagProcessor - [THYMELEAF][http-nio-8080-exec-3][common/layout/layout] Deprecated unwrapped fragment expression "common/fragments/header::header" found in template common/layout/layout, line 29, col 10. Please use the complete syntax of fragment expressions instead ("~{common/fragments/header::header}"). The old, unwrapped syntax for fragment expressions will be removed in future versions of Thymeleaf.
2025-01-07 09:34:18 [http-nio-8080-exec-3] WARN  o.t.s.p.AbstractStandardFragmentInsertionTagProcessor - [THYMELEAF][http-nio-8080-exec-3][common/layout/layout] Deprecated unwrapped fragment expression "common/fragments/footer::footer" found in template common/layout/layout, line 33, col 10. Please use the complete syntax of fragment expressions instead ("~{common/fragments/footer::footer}"). The old, unwrapped syntax for fragment expressions will be removed in future versions of Thymeleaf.
2025-01-07 09:34:18 [http-nio-8080-exec-9] DEBUG org.mybatis.spring.SqlSessionUtils - Creating a new SqlSession
2025-01-07 09:34:18 [http-nio-8080-exec-9] DEBUG org.mybatis.spring.SqlSessionUtils - SqlSession [org.apache.ibatis.session.defaults.DefaultSqlSession@744bbdf] was not registered for synchronization because synchronization is not active
2025-01-07 09:34:18 [http-nio-8080-exec-9] DEBUG o.m.s.t.SpringManagedTransaction - JDBC Connection [HikariProxyConnection@1151937108 wrapping com.mysql.cj.jdbc.ConnectionImpl@18b04cf8] will not be managed by Spring
2025-01-07 09:34:18 [http-nio-8080-exec-9] DEBUG c.s.d.m.CommonMapper.selectLnbList - ==>  Preparing: SELECT CT_LNB_IDX AS ctLnbIdx, CT_LNB_ID AS ctLnbId, CT_LNB_NAME AS ctLnbName, CT_LNB_SUB_YN AS ctLnbSubYn, CT_LNB_URL AS ctLnbUrl, CT_LNB_USE_YN AS ctLnbUseYn FROM CT_LNB WHERE CT_LNB_USE_YN = 'Y' ORDER BY CT_LNB_IDX
2025-01-07 09:34:18 [http-nio-8080-exec-9] DEBUG c.s.d.m.CommonMapper.selectLnbList - ==> Parameters: 
2025-01-07 09:34:18 [http-nio-8080-exec-9] DEBUG c.s.d.m.CommonMapper.selectLnbList - <==      Total: 4
2025-01-07 09:34:18 [http-nio-8080-exec-9] DEBUG org.mybatis.spring.SqlSessionUtils - Closing non transactional SqlSession [org.apache.ibatis.session.defaults.DefaultSqlSession@744bbdf]
2025-01-07 09:34:18 [http-nio-8080-exec-3] DEBUG org.mybatis.spring.SqlSessionUtils - Creating a new SqlSession
2025-01-07 09:34:18 [http-nio-8080-exec-3] DEBUG org.mybatis.spring.SqlSessionUtils - SqlSession [org.apache.ibatis.session.defaults.DefaultSqlSession@54964a30] was not registered for synchronization because synchronization is not active
2025-01-07 09:34:18 [http-nio-8080-exec-3] DEBUG o.m.s.t.SpringManagedTransaction - JDBC Connection [HikariProxyConnection@956859092 wrapping com.mysql.cj.jdbc.ConnectionImpl@18b04cf8] will not be managed by Spring
2025-01-07 09:34:18 [http-nio-8080-exec-3] DEBUG c.s.d.m.CommonMapper.selectLnbList - ==>  Preparing: SELECT CT_LNB_IDX AS ctLnbIdx, CT_LNB_ID AS ctLnbId, CT_LNB_NAME AS ctLnbName, CT_LNB_SUB_YN AS ctLnbSubYn, CT_LNB_URL AS ctLnbUrl, CT_LNB_USE_YN AS ctLnbUseYn FROM CT_LNB WHERE CT_LNB_USE_YN = 'Y' ORDER BY CT_LNB_IDX
2025-01-07 09:34:18 [http-nio-8080-exec-3] DEBUG c.s.d.m.CommonMapper.selectLnbList - ==> Parameters: 
2025-01-07 09:34:18 [http-nio-8080-exec-3] DEBUG c.s.d.m.CommonMapper.selectLnbList - <==      Total: 4
2025-01-07 09:34:18 [http-nio-8080-exec-3] DEBUG org.mybatis.spring.SqlSessionUtils - Closing non transactional SqlSession [org.apache.ibatis.session.defaults.DefaultSqlSession@54964a30]
2025-01-07 09:34:18 [http-nio-8080-exec-10] DEBUG org.mybatis.spring.SqlSessionUtils - Creating a new SqlSession
2025-01-07 09:34:18 [http-nio-8080-exec-10] DEBUG org.mybatis.spring.SqlSessionUtils - SqlSession [org.apache.ibatis.session.defaults.DefaultSqlSession@477694e0] was not registered for synchronization because synchronization is not active
2025-01-07 09:34:18 [http-nio-8080-exec-7] DEBUG org.mybatis.spring.SqlSessionUtils - Creating a new SqlSession
2025-01-07 09:34:18 [http-nio-8080-exec-4] DEBUG org.mybatis.spring.SqlSessionUtils - Creating a new SqlSession
2025-01-07 09:34:18 [http-nio-8080-exec-7] DEBUG org.mybatis.spring.SqlSessionUtils - SqlSession [org.apache.ibatis.session.defaults.DefaultSqlSession@694f578d] was not registered for synchronization because synchronization is not active
2025-01-07 09:34:18 [http-nio-8080-exec-4] DEBUG org.mybatis.spring.SqlSessionUtils - SqlSession [org.apache.ibatis.session.defaults.DefaultSqlSession@694c8fe2] was not registered for synchronization because synchronization is not active
2025-01-07 09:34:18 [http-nio-8080-exec-10] DEBUG o.m.s.t.SpringManagedTransaction - JDBC Connection [HikariProxyConnection@261808576 wrapping com.mysql.cj.jdbc.ConnectionImpl@5126c08e] will not be managed by Spring
2025-01-07 09:34:18 [http-nio-8080-exec-10] DEBUG c.s.d.m.C.selectLnbSubList - ==>  Preparing: SELECT CT_LNB_SUB_IDX AS ctLnbSubIdx, CT_LNB_ID AS ctLnbId, CT_LNB_SUB_ID AS ctLnbSubId, CT_LNB_SUB_NAME AS ctLnbSubName, CT_LNB_SUB_URL AS ctLnbSubUrl FROM CT_LNB_SUB WHERE CT_LNB_ID = ? ORDER BY CT_LNB_SUB_IDX
2025-01-07 09:34:18 [http-nio-8080-exec-4] DEBUG o.m.s.t.SpringManagedTransaction - JDBC Connection [HikariProxyConnection@1132563838 wrapping com.mysql.cj.jdbc.ConnectionImpl@18b04cf8] will not be managed by Spring
2025-01-07 09:34:18 [http-nio-8080-exec-4] DEBUG c.s.d.m.C.selectLnbSubList - ==>  Preparing: SELECT CT_LNB_SUB_IDX AS ctLnbSubIdx, CT_LNB_ID AS ctLnbId, CT_LNB_SUB_ID AS ctLnbSubId, CT_LNB_SUB_NAME AS ctLnbSubName, CT_LNB_SUB_URL AS ctLnbSubUrl FROM CT_LNB_SUB WHERE CT_LNB_ID = ? ORDER BY CT_LNB_SUB_IDX
2025-01-07 09:34:18 [http-nio-8080-exec-4] DEBUG c.s.d.m.C.selectLnbSubList - ==> Parameters: CT_LNB_SERVICE(String)
2025-01-07 09:34:18 [http-nio-8080-exec-10] DEBUG c.s.d.m.C.selectLnbSubList - ==> Parameters: CT_LNB_INFORMATION(String)
2025-01-07 09:34:18 [http-nio-8080-exec-7] DEBUG o.m.s.t.SpringManagedTransaction - JDBC Connection [HikariProxyConnection@873539144 wrapping com.mysql.cj.jdbc.ConnectionImpl@27cc7e61] will not be managed by Spring
2025-01-07 09:34:18 [http-nio-8080-exec-7] DEBUG c.s.d.m.C.selectLnbSubList - ==>  Preparing: SELECT CT_LNB_SUB_IDX AS ctLnbSubIdx, CT_LNB_ID AS ctLnbId, CT_LNB_SUB_ID AS ctLnbSubId, CT_LNB_SUB_NAME AS ctLnbSubName, CT_LNB_SUB_URL AS ctLnbSubUrl FROM CT_LNB_SUB WHERE CT_LNB_ID = ? ORDER BY CT_LNB_SUB_IDX
2025-01-07 09:34:18 [http-nio-8080-exec-7] DEBUG c.s.d.m.C.selectLnbSubList - ==> Parameters: CT_LNB_CONTACT(String)
2025-01-07 09:34:18 [http-nio-8080-exec-10] DEBUG c.s.d.m.C.selectLnbSubList - <==      Total: 2
2025-01-07 09:34:18 [http-nio-8080-exec-7] DEBUG c.s.d.m.C.selectLnbSubList - <==      Total: 2
2025-01-07 09:34:18 [http-nio-8080-exec-4] DEBUG c.s.d.m.C.selectLnbSubList - <==      Total: 4
2025-01-07 09:34:18 [http-nio-8080-exec-10] DEBUG org.mybatis.spring.SqlSessionUtils - Closing non transactional SqlSession [org.apache.ibatis.session.defaults.DefaultSqlSession@477694e0]
2025-01-07 09:34:18 [http-nio-8080-exec-4] DEBUG org.mybatis.spring.SqlSessionUtils - Closing non transactional SqlSession [org.apache.ibatis.session.defaults.DefaultSqlSession@694c8fe2]
2025-01-07 09:34:18 [http-nio-8080-exec-7] DEBUG org.mybatis.spring.SqlSessionUtils - Closing non transactional SqlSession [org.apache.ibatis.session.defaults.DefaultSqlSession@694f578d]
2025-01-07 09:34:18 [http-nio-8080-exec-6] DEBUG org.mybatis.spring.SqlSessionUtils - Creating a new SqlSession
2025-01-07 09:34:18 [http-nio-8080-exec-5] DEBUG org.mybatis.spring.SqlSessionUtils - Creating a new SqlSession
2025-01-07 09:34:18 [http-nio-8080-exec-1] DEBUG org.mybatis.spring.SqlSessionUtils - Creating a new SqlSession
2025-01-07 09:34:18 [http-nio-8080-exec-6] DEBUG org.mybatis.spring.SqlSessionUtils - SqlSession [org.apache.ibatis.session.defaults.DefaultSqlSession@35f5eaea] was not registered for synchronization because synchronization is not active
2025-01-07 09:34:18 [http-nio-8080-exec-5] DEBUG org.mybatis.spring.SqlSessionUtils - SqlSession [org.apache.ibatis.session.defaults.DefaultSqlSession@3b5a2fef] was not registered for synchronization because synchronization is not active
2025-01-07 09:34:18 [http-nio-8080-exec-1] DEBUG org.mybatis.spring.SqlSessionUtils - SqlSession [org.apache.ibatis.session.defaults.DefaultSqlSession@17abcc63] was not registered for synchronization because synchronization is not active
2025-01-07 09:34:18 [http-nio-8080-exec-6] DEBUG o.m.s.t.SpringManagedTransaction - JDBC Connection [HikariProxyConnection@18813160 wrapping com.mysql.cj.jdbc.ConnectionImpl@18b04cf8] will not be managed by Spring
2025-01-07 09:34:18 [http-nio-8080-exec-5] DEBUG o.m.s.t.SpringManagedTransaction - JDBC Connection [HikariProxyConnection@1441193251 wrapping com.mysql.cj.jdbc.ConnectionImpl@27cc7e61] will not be managed by Spring
2025-01-07 09:34:18 [http-nio-8080-exec-1] DEBUG o.m.s.t.SpringManagedTransaction - JDBC Connection [HikariProxyConnection@723296292 wrapping com.mysql.cj.jdbc.ConnectionImpl@5126c08e] will not be managed by Spring
2025-01-07 09:34:18 [http-nio-8080-exec-6] DEBUG c.s.d.m.C.selectLnbSubList - ==>  Preparing: SELECT CT_LNB_SUB_IDX AS ctLnbSubIdx, CT_LNB_ID AS ctLnbId, CT_LNB_SUB_ID AS ctLnbSubId, CT_LNB_SUB_NAME AS ctLnbSubName, CT_LNB_SUB_URL AS ctLnbSubUrl FROM CT_LNB_SUB WHERE CT_LNB_ID = ? ORDER BY CT_LNB_SUB_IDX
2025-01-07 09:34:18 [http-nio-8080-exec-5] DEBUG c.s.d.m.C.selectLnbSubList - ==>  Preparing: SELECT CT_LNB_SUB_IDX AS ctLnbSubIdx, CT_LNB_ID AS ctLnbId, CT_LNB_SUB_ID AS ctLnbSubId, CT_LNB_SUB_NAME AS ctLnbSubName, CT_LNB_SUB_URL AS ctLnbSubUrl FROM CT_LNB_SUB WHERE CT_LNB_ID = ? ORDER BY CT_LNB_SUB_IDX
2025-01-07 09:34:18 [http-nio-8080-exec-1] DEBUG c.s.d.m.C.selectLnbSubList - ==>  Preparing: SELECT CT_LNB_SUB_IDX AS ctLnbSubIdx, CT_LNB_ID AS ctLnbId, CT_LNB_SUB_ID AS ctLnbSubId, CT_LNB_SUB_NAME AS ctLnbSubName, CT_LNB_SUB_URL AS ctLnbSubUrl FROM CT_LNB_SUB WHERE CT_LNB_ID = ? ORDER BY CT_LNB_SUB_IDX
2025-01-07 09:34:18 [http-nio-8080-exec-1] DEBUG c.s.d.m.C.selectLnbSubList - ==> Parameters: CT_LNB_CONTACT(String)
2025-01-07 09:34:18 [http-nio-8080-exec-6] DEBUG c.s.d.m.C.selectLnbSubList - ==> Parameters: CT_LNB_SERVICE(String)
2025-01-07 09:34:18 [http-nio-8080-exec-5] DEBUG c.s.d.m.C.selectLnbSubList - ==> Parameters: CT_LNB_INFORMATION(String)
2025-01-07 09:34:18 [http-nio-8080-exec-1] DEBUG c.s.d.m.C.selectLnbSubList - <==      Total: 2
2025-01-07 09:34:18 [http-nio-8080-exec-6] DEBUG c.s.d.m.C.selectLnbSubList - <==      Total: 4
2025-01-07 09:34:18 [http-nio-8080-exec-5] DEBUG c.s.d.m.C.selectLnbSubList - <==      Total: 2
2025-01-07 09:34:18 [http-nio-8080-exec-5] DEBUG org.mybatis.spring.SqlSessionUtils - Closing non transactional SqlSession [org.apache.ibatis.session.defaults.DefaultSqlSession@3b5a2fef]
2025-01-07 09:34:18 [http-nio-8080-exec-6] DEBUG org.mybatis.spring.SqlSessionUtils - Closing non transactional SqlSession [org.apache.ibatis.session.defaults.DefaultSqlSession@35f5eaea]
2025-01-07 09:34:18 [http-nio-8080-exec-1] DEBUG org.mybatis.spring.SqlSessionUtils - Closing non transactional SqlSession [org.apache.ibatis.session.defaults.DefaultSqlSession@17abcc63]
2025-01-07 09:34:25 [http-nio-8080-exec-8] WARN  o.t.s.p.AbstractStandardFragmentInsertionTagProcessor - [THYMELEAF][http-nio-8080-exec-8][common/layout/layout] Deprecated unwrapped fragment expression "common/fragments/header::header" found in template common/layout/layout, line 29, col 10. Please use the complete syntax of fragment expressions instead ("~{common/fragments/header::header}"). The old, unwrapped syntax for fragment expressions will be removed in future versions of Thymeleaf.
2025-01-07 09:34:25 [http-nio-8080-exec-8] WARN  o.t.s.p.AbstractStandardFragmentInsertionTagProcessor - [THYMELEAF][http-nio-8080-exec-8][common/layout/layout] Deprecated unwrapped fragment expression "common/fragments/footer::footer" found in template common/layout/layout, line 33, col 10. Please use the complete syntax of fragment expressions instead ("~{common/fragments/footer::footer}"). The old, unwrapped syntax for fragment expressions will be removed in future versions of Thymeleaf.
2025-01-07 09:34:25 [http-nio-8080-exec-5] DEBUG org.mybatis.spring.SqlSessionUtils - Creating a new SqlSession
2025-01-07 09:34:25 [http-nio-8080-exec-5] DEBUG org.mybatis.spring.SqlSessionUtils - SqlSession [org.apache.ibatis.session.defaults.DefaultSqlSession@1ffc087b] was not registered for synchronization because synchronization is not active
2025-01-07 09:34:25 [http-nio-8080-exec-5] DEBUG o.m.s.t.SpringManagedTransaction - JDBC Connection [HikariProxyConnection@1974696252 wrapping com.mysql.cj.jdbc.ConnectionImpl@27cc7e61] will not be managed by Spring
2025-01-07 09:34:25 [http-nio-8080-exec-5] DEBUG c.s.d.m.CommonMapper.selectLnbList - ==>  Preparing: SELECT CT_LNB_IDX AS ctLnbIdx, CT_LNB_ID AS ctLnbId, CT_LNB_NAME AS ctLnbName, CT_LNB_SUB_YN AS ctLnbSubYn, CT_LNB_URL AS ctLnbUrl, CT_LNB_USE_YN AS ctLnbUseYn FROM CT_LNB WHERE CT_LNB_USE_YN = 'Y' ORDER BY CT_LNB_IDX
2025-01-07 09:34:25 [http-nio-8080-exec-5] DEBUG c.s.d.m.CommonMapper.selectLnbList - ==> Parameters: 
2025-01-07 09:34:25 [http-nio-8080-exec-5] DEBUG c.s.d.m.CommonMapper.selectLnbList - <==      Total: 4
2025-01-07 09:34:25 [http-nio-8080-exec-5] DEBUG org.mybatis.spring.SqlSessionUtils - Closing non transactional SqlSession [org.apache.ibatis.session.defaults.DefaultSqlSession@1ffc087b]
2025-01-07 09:34:25 [http-nio-8080-exec-8] DEBUG org.mybatis.spring.SqlSessionUtils - Creating a new SqlSession
2025-01-07 09:34:25 [http-nio-8080-exec-8] DEBUG org.mybatis.spring.SqlSessionUtils - SqlSession [org.apache.ibatis.session.defaults.DefaultSqlSession@7aa4ab13] was not registered for synchronization because synchronization is not active
2025-01-07 09:34:25 [http-nio-8080-exec-8] DEBUG o.m.s.t.SpringManagedTransaction - JDBC Connection [HikariProxyConnection@1289587456 wrapping com.mysql.cj.jdbc.ConnectionImpl@5126c08e] will not be managed by Spring
2025-01-07 09:34:25 [http-nio-8080-exec-8] DEBUG c.s.d.m.CommonMapper.selectLnbList - ==>  Preparing: SELECT CT_LNB_IDX AS ctLnbIdx, CT_LNB_ID AS ctLnbId, CT_LNB_NAME AS ctLnbName, CT_LNB_SUB_YN AS ctLnbSubYn, CT_LNB_URL AS ctLnbUrl, CT_LNB_USE_YN AS ctLnbUseYn FROM CT_LNB WHERE CT_LNB_USE_YN = 'Y' ORDER BY CT_LNB_IDX
2025-01-07 09:34:25 [http-nio-8080-exec-8] DEBUG c.s.d.m.CommonMapper.selectLnbList - ==> Parameters: 
2025-01-07 09:34:25 [http-nio-8080-exec-8] DEBUG c.s.d.m.CommonMapper.selectLnbList - <==      Total: 4
2025-01-07 09:34:25 [http-nio-8080-exec-8] DEBUG org.mybatis.spring.SqlSessionUtils - Closing non transactional SqlSession [org.apache.ibatis.session.defaults.DefaultSqlSession@7aa4ab13]
2025-01-07 09:34:25 [http-nio-8080-exec-9] DEBUG org.mybatis.spring.SqlSessionUtils - Creating a new SqlSession
2025-01-07 09:34:25 [http-nio-8080-exec-2] DEBUG org.mybatis.spring.SqlSessionUtils - Creating a new SqlSession
2025-01-07 09:34:25 [http-nio-8080-exec-3] DEBUG org.mybatis.spring.SqlSessionUtils - Creating a new SqlSession
2025-01-07 09:34:25 [http-nio-8080-exec-9] DEBUG org.mybatis.spring.SqlSessionUtils - SqlSession [org.apache.ibatis.session.defaults.DefaultSqlSession@154d8343] was not registered for synchronization because synchronization is not active
2025-01-07 09:34:25 [http-nio-8080-exec-2] DEBUG org.mybatis.spring.SqlSessionUtils - SqlSession [org.apache.ibatis.session.defaults.DefaultSqlSession@12c060a3] was not registered for synchronization because synchronization is not active
2025-01-07 09:34:25 [http-nio-8080-exec-3] DEBUG org.mybatis.spring.SqlSessionUtils - SqlSession [org.apache.ibatis.session.defaults.DefaultSqlSession@1871c67a] was not registered for synchronization because synchronization is not active
2025-01-07 09:34:25 [http-nio-8080-exec-2] DEBUG o.m.s.t.SpringManagedTransaction - JDBC Connection [HikariProxyConnection@1604793371 wrapping com.mysql.cj.jdbc.ConnectionImpl@27cc7e61] will not be managed by Spring
2025-01-07 09:34:25 [http-nio-8080-exec-9] DEBUG o.m.s.t.SpringManagedTransaction - JDBC Connection [HikariProxyConnection@414969908 wrapping com.mysql.cj.jdbc.ConnectionImpl@5126c08e] will not be managed by Spring
2025-01-07 09:34:25 [http-nio-8080-exec-2] DEBUG c.s.d.m.C.selectLnbSubList - ==>  Preparing: SELECT CT_LNB_SUB_IDX AS ctLnbSubIdx, CT_LNB_ID AS ctLnbId, CT_LNB_SUB_ID AS ctLnbSubId, CT_LNB_SUB_NAME AS ctLnbSubName, CT_LNB_SUB_URL AS ctLnbSubUrl FROM CT_LNB_SUB WHERE CT_LNB_ID = ? ORDER BY CT_LNB_SUB_IDX
2025-01-07 09:34:25 [http-nio-8080-exec-9] DEBUG c.s.d.m.C.selectLnbSubList - ==>  Preparing: SELECT CT_LNB_SUB_IDX AS ctLnbSubIdx, CT_LNB_ID AS ctLnbId, CT_LNB_SUB_ID AS ctLnbSubId, CT_LNB_SUB_NAME AS ctLnbSubName, CT_LNB_SUB_URL AS ctLnbSubUrl FROM CT_LNB_SUB WHERE CT_LNB_ID = ? ORDER BY CT_LNB_SUB_IDX
2025-01-07 09:34:25 [http-nio-8080-exec-9] DEBUG c.s.d.m.C.selectLnbSubList - ==> Parameters: CT_LNB_SERVICE(String)
2025-01-07 09:34:25 [http-nio-8080-exec-2] DEBUG c.s.d.m.C.selectLnbSubList - ==> Parameters: CT_LNB_INFORMATION(String)
2025-01-07 09:34:25 [http-nio-8080-exec-3] DEBUG o.m.s.t.SpringManagedTransaction - JDBC Connection [HikariProxyConnection@1704126850 wrapping com.mysql.cj.jdbc.ConnectionImpl@18b04cf8] will not be managed by Spring
2025-01-07 09:34:25 [http-nio-8080-exec-3] DEBUG c.s.d.m.C.selectLnbSubList - ==>  Preparing: SELECT CT_LNB_SUB_IDX AS ctLnbSubIdx, CT_LNB_ID AS ctLnbId, CT_LNB_SUB_ID AS ctLnbSubId, CT_LNB_SUB_NAME AS ctLnbSubName, CT_LNB_SUB_URL AS ctLnbSubUrl FROM CT_LNB_SUB WHERE CT_LNB_ID = ? ORDER BY CT_LNB_SUB_IDX
2025-01-07 09:34:25 [http-nio-8080-exec-3] DEBUG c.s.d.m.C.selectLnbSubList - ==> Parameters: CT_LNB_CONTACT(String)
2025-01-07 09:34:25 [http-nio-8080-exec-9] DEBUG c.s.d.m.C.selectLnbSubList - <==      Total: 4
2025-01-07 09:34:25 [http-nio-8080-exec-2] DEBUG c.s.d.m.C.selectLnbSubList - <==      Total: 2
2025-01-07 09:34:25 [http-nio-8080-exec-3] DEBUG c.s.d.m.C.selectLnbSubList - <==      Total: 2
2025-01-07 09:34:25 [http-nio-8080-exec-3] DEBUG org.mybatis.spring.SqlSessionUtils - Closing non transactional SqlSession [org.apache.ibatis.session.defaults.DefaultSqlSession@1871c67a]
2025-01-07 09:34:25 [http-nio-8080-exec-2] DEBUG org.mybatis.spring.SqlSessionUtils - Closing non transactional SqlSession [org.apache.ibatis.session.defaults.DefaultSqlSession@12c060a3]
2025-01-07 09:34:25 [http-nio-8080-exec-9] DEBUG org.mybatis.spring.SqlSessionUtils - Closing non transactional SqlSession [org.apache.ibatis.session.defaults.DefaultSqlSession@154d8343]
2025-01-07 09:34:25 [http-nio-8080-exec-10] DEBUG org.mybatis.spring.SqlSessionUtils - Creating a new SqlSession
2025-01-07 09:34:25 [http-nio-8080-exec-4] DEBUG org.mybatis.spring.SqlSessionUtils - Creating a new SqlSession
2025-01-07 09:34:25 [http-nio-8080-exec-7] DEBUG org.mybatis.spring.SqlSessionUtils - Creating a new SqlSession
2025-01-07 09:34:25 [http-nio-8080-exec-4] DEBUG org.mybatis.spring.SqlSessionUtils - SqlSession [org.apache.ibatis.session.defaults.DefaultSqlSession@2cd4d602] was not registered for synchronization because synchronization is not active
2025-01-07 09:34:25 [http-nio-8080-exec-7] DEBUG org.mybatis.spring.SqlSessionUtils - SqlSession [org.apache.ibatis.session.defaults.DefaultSqlSession@74bda81e] was not registered for synchronization because synchronization is not active
2025-01-07 09:34:25 [http-nio-8080-exec-10] DEBUG org.mybatis.spring.SqlSessionUtils - SqlSession [org.apache.ibatis.session.defaults.DefaultSqlSession@28adbeaa] was not registered for synchronization because synchronization is not active
2025-01-07 09:34:25 [http-nio-8080-exec-4] DEBUG o.m.s.t.SpringManagedTransaction - JDBC Connection [HikariProxyConnection@738087378 wrapping com.mysql.cj.jdbc.ConnectionImpl@18b04cf8] will not be managed by Spring
2025-01-07 09:34:25 [http-nio-8080-exec-10] DEBUG o.m.s.t.SpringManagedTransaction - JDBC Connection [HikariProxyConnection@910163495 wrapping com.mysql.cj.jdbc.ConnectionImpl@5126c08e] will not be managed by Spring
2025-01-07 09:34:25 [http-nio-8080-exec-7] DEBUG o.m.s.t.SpringManagedTransaction - JDBC Connection [HikariProxyConnection@564726954 wrapping com.mysql.cj.jdbc.ConnectionImpl@27cc7e61] will not be managed by Spring
2025-01-07 09:34:25 [http-nio-8080-exec-4] DEBUG c.s.d.m.C.selectLnbSubList - ==>  Preparing: SELECT CT_LNB_SUB_IDX AS ctLnbSubIdx, CT_LNB_ID AS ctLnbId, CT_LNB_SUB_ID AS ctLnbSubId, CT_LNB_SUB_NAME AS ctLnbSubName, CT_LNB_SUB_URL AS ctLnbSubUrl FROM CT_LNB_SUB WHERE CT_LNB_ID = ? ORDER BY CT_LNB_SUB_IDX
2025-01-07 09:34:25 [http-nio-8080-exec-10] DEBUG c.s.d.m.C.selectLnbSubList - ==>  Preparing: SELECT CT_LNB_SUB_IDX AS ctLnbSubIdx, CT_LNB_ID AS ctLnbId, CT_LNB_SUB_ID AS ctLnbSubId, CT_LNB_SUB_NAME AS ctLnbSubName, CT_LNB_SUB_URL AS ctLnbSubUrl FROM CT_LNB_SUB WHERE CT_LNB_ID = ? ORDER BY CT_LNB_SUB_IDX
2025-01-07 09:34:25 [http-nio-8080-exec-7] DEBUG c.s.d.m.C.selectLnbSubList - ==>  Preparing: SELECT CT_LNB_SUB_IDX AS ctLnbSubIdx, CT_LNB_ID AS ctLnbId, CT_LNB_SUB_ID AS ctLnbSubId, CT_LNB_SUB_NAME AS ctLnbSubName, CT_LNB_SUB_URL AS ctLnbSubUrl FROM CT_LNB_SUB WHERE CT_LNB_ID = ? ORDER BY CT_LNB_SUB_IDX
2025-01-07 09:34:25 [http-nio-8080-exec-4] DEBUG c.s.d.m.C.selectLnbSubList - ==> Parameters: CT_LNB_SERVICE(String)
2025-01-07 09:34:25 [http-nio-8080-exec-10] DEBUG c.s.d.m.C.selectLnbSubList - ==> Parameters: CT_LNB_CONTACT(String)
2025-01-07 09:34:25 [http-nio-8080-exec-7] DEBUG c.s.d.m.C.selectLnbSubList - ==> Parameters: CT_LNB_INFORMATION(String)
2025-01-07 09:34:25 [http-nio-8080-exec-4] DEBUG c.s.d.m.C.selectLnbSubList - <==      Total: 4
2025-01-07 09:34:25 [http-nio-8080-exec-7] DEBUG c.s.d.m.C.selectLnbSubList - <==      Total: 2
2025-01-07 09:34:25 [http-nio-8080-exec-10] DEBUG c.s.d.m.C.selectLnbSubList - <==      Total: 2
2025-01-07 09:34:25 [http-nio-8080-exec-7] DEBUG org.mybatis.spring.SqlSessionUtils - Closing non transactional SqlSession [org.apache.ibatis.session.defaults.DefaultSqlSession@74bda81e]
2025-01-07 09:34:25 [http-nio-8080-exec-10] DEBUG org.mybatis.spring.SqlSessionUtils - Closing non transactional SqlSession [org.apache.ibatis.session.defaults.DefaultSqlSession@28adbeaa]
2025-01-07 09:34:25 [http-nio-8080-exec-4] DEBUG org.mybatis.spring.SqlSessionUtils - Closing non transactional SqlSession [org.apache.ibatis.session.defaults.DefaultSqlSession@2cd4d602]
2025-01-07 09:34:48 [http-nio-8080-exec-3] WARN  o.t.s.p.AbstractStandardFragmentInsertionTagProcessor - [THYMELEAF][http-nio-8080-exec-3][common/layout/layout] Deprecated unwrapped fragment expression "common/fragments/header::header" found in template common/layout/layout, line 29, col 10. Please use the complete syntax of fragment expressions instead ("~{common/fragments/header::header}"). The old, unwrapped syntax for fragment expressions will be removed in future versions of Thymeleaf.
2025-01-07 09:34:48 [http-nio-8080-exec-3] WARN  o.t.s.p.AbstractStandardFragmentInsertionTagProcessor - [THYMELEAF][http-nio-8080-exec-3][common/layout/layout] Deprecated unwrapped fragment expression "common/fragments/footer::footer" found in template common/layout/layout, line 33, col 10. Please use the complete syntax of fragment expressions instead ("~{common/fragments/footer::footer}"). The old, unwrapped syntax for fragment expressions will be removed in future versions of Thymeleaf.
2025-01-07 09:34:48 [http-nio-8080-exec-6] DEBUG org.mybatis.spring.SqlSessionUtils - Creating a new SqlSession
2025-01-07 09:34:48 [http-nio-8080-exec-6] DEBUG org.mybatis.spring.SqlSessionUtils - SqlSession [org.apache.ibatis.session.defaults.DefaultSqlSession@38cf0391] was not registered for synchronization because synchronization is not active
2025-01-07 09:34:48 [http-nio-8080-exec-6] DEBUG o.m.s.t.SpringManagedTransaction - JDBC Connection [HikariProxyConnection@946162509 wrapping com.mysql.cj.jdbc.ConnectionImpl@18b04cf8] will not be managed by Spring
2025-01-07 09:34:48 [http-nio-8080-exec-6] DEBUG c.s.d.m.CommonMapper.selectLnbList - ==>  Preparing: SELECT CT_LNB_IDX AS ctLnbIdx, CT_LNB_ID AS ctLnbId, CT_LNB_NAME AS ctLnbName, CT_LNB_SUB_YN AS ctLnbSubYn, CT_LNB_URL AS ctLnbUrl, CT_LNB_USE_YN AS ctLnbUseYn FROM CT_LNB WHERE CT_LNB_USE_YN = 'Y' ORDER BY CT_LNB_IDX
2025-01-07 09:34:48 [http-nio-8080-exec-6] DEBUG c.s.d.m.CommonMapper.selectLnbList - ==> Parameters: 
2025-01-07 09:34:48 [http-nio-8080-exec-6] DEBUG c.s.d.m.CommonMapper.selectLnbList - <==      Total: 4
2025-01-07 09:34:48 [http-nio-8080-exec-6] DEBUG org.mybatis.spring.SqlSessionUtils - Closing non transactional SqlSession [org.apache.ibatis.session.defaults.DefaultSqlSession@38cf0391]
2025-01-07 09:34:48 [http-nio-8080-exec-3] DEBUG org.mybatis.spring.SqlSessionUtils - Creating a new SqlSession
2025-01-07 09:34:48 [http-nio-8080-exec-3] DEBUG org.mybatis.spring.SqlSessionUtils - SqlSession [org.apache.ibatis.session.defaults.DefaultSqlSession@137f0ddf] was not registered for synchronization because synchronization is not active
2025-01-07 09:34:48 [http-nio-8080-exec-3] DEBUG o.m.s.t.SpringManagedTransaction - JDBC Connection [HikariProxyConnection@1829537064 wrapping com.mysql.cj.jdbc.ConnectionImpl@18b04cf8] will not be managed by Spring
2025-01-07 09:34:48 [http-nio-8080-exec-3] DEBUG c.s.d.m.CommonMapper.selectLnbList - ==>  Preparing: SELECT CT_LNB_IDX AS ctLnbIdx, CT_LNB_ID AS ctLnbId, CT_LNB_NAME AS ctLnbName, CT_LNB_SUB_YN AS ctLnbSubYn, CT_LNB_URL AS ctLnbUrl, CT_LNB_USE_YN AS ctLnbUseYn FROM CT_LNB WHERE CT_LNB_USE_YN = 'Y' ORDER BY CT_LNB_IDX
2025-01-07 09:34:48 [http-nio-8080-exec-3] DEBUG c.s.d.m.CommonMapper.selectLnbList - ==> Parameters: 
2025-01-07 09:34:48 [http-nio-8080-exec-3] DEBUG c.s.d.m.CommonMapper.selectLnbList - <==      Total: 4
2025-01-07 09:34:48 [http-nio-8080-exec-3] DEBUG org.mybatis.spring.SqlSessionUtils - Closing non transactional SqlSession [org.apache.ibatis.session.defaults.DefaultSqlSession@137f0ddf]
2025-01-07 09:34:48 [http-nio-8080-exec-10] DEBUG org.mybatis.spring.SqlSessionUtils - Creating a new SqlSession
2025-01-07 09:34:48 [http-nio-8080-exec-10] DEBUG org.mybatis.spring.SqlSessionUtils - SqlSession [org.apache.ibatis.session.defaults.DefaultSqlSession@c23ddbc] was not registered for synchronization because synchronization is not active
2025-01-07 09:34:48 [http-nio-8080-exec-2] DEBUG org.mybatis.spring.SqlSessionUtils - Creating a new SqlSession
2025-01-07 09:34:48 [http-nio-8080-exec-5] DEBUG org.mybatis.spring.SqlSessionUtils - Creating a new SqlSession
2025-01-07 09:34:48 [http-nio-8080-exec-2] DEBUG org.mybatis.spring.SqlSessionUtils - SqlSession [org.apache.ibatis.session.defaults.DefaultSqlSession@729f86f1] was not registered for synchronization because synchronization is not active
2025-01-07 09:34:48 [http-nio-8080-exec-5] DEBUG org.mybatis.spring.SqlSessionUtils - SqlSession [org.apache.ibatis.session.defaults.DefaultSqlSession@3b3f5f07] was not registered for synchronization because synchronization is not active
2025-01-07 09:34:48 [http-nio-8080-exec-5] DEBUG o.m.s.t.SpringManagedTransaction - JDBC Connection [HikariProxyConnection@1621713444 wrapping com.mysql.cj.jdbc.ConnectionImpl@18b04cf8] will not be managed by Spring
2025-01-07 09:34:48 [http-nio-8080-exec-5] DEBUG c.s.d.m.C.selectLnbSubList - ==>  Preparing: SELECT CT_LNB_SUB_IDX AS ctLnbSubIdx, CT_LNB_ID AS ctLnbId, CT_LNB_SUB_ID AS ctLnbSubId, CT_LNB_SUB_NAME AS ctLnbSubName, CT_LNB_SUB_URL AS ctLnbSubUrl FROM CT_LNB_SUB WHERE CT_LNB_ID = ? ORDER BY CT_LNB_SUB_IDX
2025-01-07 09:34:48 [http-nio-8080-exec-5] DEBUG c.s.d.m.C.selectLnbSubList - ==> Parameters: CT_LNB_SERVICE(String)
2025-01-07 09:34:48 [http-nio-8080-exec-2] DEBUG o.m.s.t.SpringManagedTransaction - JDBC Connection [HikariProxyConnection@352219989 wrapping com.mysql.cj.jdbc.ConnectionImpl@27cc7e61] will not be managed by Spring
2025-01-07 09:34:48 [http-nio-8080-exec-10] DEBUG o.m.s.t.SpringManagedTransaction - JDBC Connection [HikariProxyConnection@1168430297 wrapping com.mysql.cj.jdbc.ConnectionImpl@5126c08e] will not be managed by Spring
2025-01-07 09:34:48 [http-nio-8080-exec-2] DEBUG c.s.d.m.C.selectLnbSubList - ==>  Preparing: SELECT CT_LNB_SUB_IDX AS ctLnbSubIdx, CT_LNB_ID AS ctLnbId, CT_LNB_SUB_ID AS ctLnbSubId, CT_LNB_SUB_NAME AS ctLnbSubName, CT_LNB_SUB_URL AS ctLnbSubUrl FROM CT_LNB_SUB WHERE CT_LNB_ID = ? ORDER BY CT_LNB_SUB_IDX
2025-01-07 09:34:48 [http-nio-8080-exec-10] DEBUG c.s.d.m.C.selectLnbSubList - ==>  Preparing: SELECT CT_LNB_SUB_IDX AS ctLnbSubIdx, CT_LNB_ID AS ctLnbId, CT_LNB_SUB_ID AS ctLnbSubId, CT_LNB_SUB_NAME AS ctLnbSubName, CT_LNB_SUB_URL AS ctLnbSubUrl FROM CT_LNB_SUB WHERE CT_LNB_ID = ? ORDER BY CT_LNB_SUB_IDX
2025-01-07 09:34:48 [http-nio-8080-exec-10] DEBUG c.s.d.m.C.selectLnbSubList - ==> Parameters: CT_LNB_CONTACT(String)
2025-01-07 09:34:48 [http-nio-8080-exec-2] DEBUG c.s.d.m.C.selectLnbSubList - ==> Parameters: CT_LNB_INFORMATION(String)
2025-01-07 09:34:48 [http-nio-8080-exec-2] DEBUG c.s.d.m.C.selectLnbSubList - <==      Total: 2
2025-01-07 09:34:48 [http-nio-8080-exec-10] DEBUG c.s.d.m.C.selectLnbSubList - <==      Total: 2
2025-01-07 09:34:48 [http-nio-8080-exec-5] DEBUG c.s.d.m.C.selectLnbSubList - <==      Total: 4
2025-01-07 09:34:48 [http-nio-8080-exec-2] DEBUG org.mybatis.spring.SqlSessionUtils - Closing non transactional SqlSession [org.apache.ibatis.session.defaults.DefaultSqlSession@729f86f1]
2025-01-07 09:34:48 [http-nio-8080-exec-5] DEBUG org.mybatis.spring.SqlSessionUtils - Closing non transactional SqlSession [org.apache.ibatis.session.defaults.DefaultSqlSession@3b3f5f07]
2025-01-07 09:34:48 [http-nio-8080-exec-10] DEBUG org.mybatis.spring.SqlSessionUtils - Closing non transactional SqlSession [org.apache.ibatis.session.defaults.DefaultSqlSession@c23ddbc]
2025-01-07 09:34:48 [http-nio-8080-exec-4] DEBUG org.mybatis.spring.SqlSessionUtils - Creating a new SqlSession
2025-01-07 09:34:48 [http-nio-8080-exec-7] DEBUG org.mybatis.spring.SqlSessionUtils - Creating a new SqlSession
2025-01-07 09:34:48 [http-nio-8080-exec-9] DEBUG org.mybatis.spring.SqlSessionUtils - Creating a new SqlSession
2025-01-07 09:34:48 [http-nio-8080-exec-4] DEBUG org.mybatis.spring.SqlSessionUtils - SqlSession [org.apache.ibatis.session.defaults.DefaultSqlSession@2a971b7] was not registered for synchronization because synchronization is not active
2025-01-07 09:34:48 [http-nio-8080-exec-7] DEBUG org.mybatis.spring.SqlSessionUtils - SqlSession [org.apache.ibatis.session.defaults.DefaultSqlSession@27c45db4] was not registered for synchronization because synchronization is not active
2025-01-07 09:34:48 [http-nio-8080-exec-9] DEBUG org.mybatis.spring.SqlSessionUtils - SqlSession [org.apache.ibatis.session.defaults.DefaultSqlSession@56d0d691] was not registered for synchronization because synchronization is not active
2025-01-07 09:34:48 [http-nio-8080-exec-9] DEBUG o.m.s.t.SpringManagedTransaction - JDBC Connection [HikariProxyConnection@1928333766 wrapping com.mysql.cj.jdbc.ConnectionImpl@5126c08e] will not be managed by Spring
2025-01-07 09:34:48 [http-nio-8080-exec-4] DEBUG o.m.s.t.SpringManagedTransaction - JDBC Connection [HikariProxyConnection@1535168753 wrapping com.mysql.cj.jdbc.ConnectionImpl@18b04cf8] will not be managed by Spring
2025-01-07 09:34:48 [http-nio-8080-exec-7] DEBUG o.m.s.t.SpringManagedTransaction - JDBC Connection [HikariProxyConnection@1323424186 wrapping com.mysql.cj.jdbc.ConnectionImpl@27cc7e61] will not be managed by Spring
2025-01-07 09:34:48 [http-nio-8080-exec-4] DEBUG c.s.d.m.C.selectLnbSubList - ==>  Preparing: SELECT CT_LNB_SUB_IDX AS ctLnbSubIdx, CT_LNB_ID AS ctLnbId, CT_LNB_SUB_ID AS ctLnbSubId, CT_LNB_SUB_NAME AS ctLnbSubName, CT_LNB_SUB_URL AS ctLnbSubUrl FROM CT_LNB_SUB WHERE CT_LNB_ID = ? ORDER BY CT_LNB_SUB_IDX
2025-01-07 09:34:48 [http-nio-8080-exec-9] DEBUG c.s.d.m.C.selectLnbSubList - ==>  Preparing: SELECT CT_LNB_SUB_IDX AS ctLnbSubIdx, CT_LNB_ID AS ctLnbId, CT_LNB_SUB_ID AS ctLnbSubId, CT_LNB_SUB_NAME AS ctLnbSubName, CT_LNB_SUB_URL AS ctLnbSubUrl FROM CT_LNB_SUB WHERE CT_LNB_ID = ? ORDER BY CT_LNB_SUB_IDX
2025-01-07 09:34:48 [http-nio-8080-exec-7] DEBUG c.s.d.m.C.selectLnbSubList - ==>  Preparing: SELECT CT_LNB_SUB_IDX AS ctLnbSubIdx, CT_LNB_ID AS ctLnbId, CT_LNB_SUB_ID AS ctLnbSubId, CT_LNB_SUB_NAME AS ctLnbSubName, CT_LNB_SUB_URL AS ctLnbSubUrl FROM CT_LNB_SUB WHERE CT_LNB_ID = ? ORDER BY CT_LNB_SUB_IDX
2025-01-07 09:34:48 [http-nio-8080-exec-9] DEBUG c.s.d.m.C.selectLnbSubList - ==> Parameters: CT_LNB_CONTACT(String)
2025-01-07 09:34:48 [http-nio-8080-exec-4] DEBUG c.s.d.m.C.selectLnbSubList - ==> Parameters: CT_LNB_INFORMATION(String)
2025-01-07 09:34:48 [http-nio-8080-exec-7] DEBUG c.s.d.m.C.selectLnbSubList - ==> Parameters: CT_LNB_SERVICE(String)
2025-01-07 09:34:48 [http-nio-8080-exec-9] DEBUG c.s.d.m.C.selectLnbSubList - <==      Total: 2
2025-01-07 09:34:48 [http-nio-8080-exec-7] DEBUG c.s.d.m.C.selectLnbSubList - <==      Total: 4
2025-01-07 09:34:48 [http-nio-8080-exec-4] DEBUG c.s.d.m.C.selectLnbSubList - <==      Total: 2
2025-01-07 09:34:48 [http-nio-8080-exec-7] DEBUG org.mybatis.spring.SqlSessionUtils - Closing non transactional SqlSession [org.apache.ibatis.session.defaults.DefaultSqlSession@27c45db4]
2025-01-07 09:34:48 [http-nio-8080-exec-4] DEBUG org.mybatis.spring.SqlSessionUtils - Closing non transactional SqlSession [org.apache.ibatis.session.defaults.DefaultSqlSession@2a971b7]
2025-01-07 09:34:48 [http-nio-8080-exec-9] DEBUG org.mybatis.spring.SqlSessionUtils - Closing non transactional SqlSession [org.apache.ibatis.session.defaults.DefaultSqlSession@56d0d691]
2025-01-07 09:35:09 [http-nio-8080-exec-1] WARN  o.t.s.p.AbstractStandardFragmentInsertionTagProcessor - [THYMELEAF][http-nio-8080-exec-1][common/layout/layout] Deprecated unwrapped fragment expression "common/fragments/header::header" found in template common/layout/layout, line 29, col 10. Please use the complete syntax of fragment expressions instead ("~{common/fragments/header::header}"). The old, unwrapped syntax for fragment expressions will be removed in future versions of Thymeleaf.
2025-01-07 09:35:09 [http-nio-8080-exec-1] WARN  o.t.s.p.AbstractStandardFragmentInsertionTagProcessor - [THYMELEAF][http-nio-8080-exec-1][common/layout/layout] Deprecated unwrapped fragment expression "common/fragments/footer::footer" found in template common/layout/layout, line 33, col 10. Please use the complete syntax of fragment expressions instead ("~{common/fragments/footer::footer}"). The old, unwrapped syntax for fragment expressions will be removed in future versions of Thymeleaf.
2025-01-07 09:35:09 [http-nio-8080-exec-9] DEBUG org.mybatis.spring.SqlSessionUtils - Creating a new SqlSession
2025-01-07 09:35:09 [http-nio-8080-exec-9] DEBUG org.mybatis.spring.SqlSessionUtils - SqlSession [org.apache.ibatis.session.defaults.DefaultSqlSession@7ddf266e] was not registered for synchronization because synchronization is not active
2025-01-07 09:35:09 [http-nio-8080-exec-9] DEBUG o.m.s.t.SpringManagedTransaction - JDBC Connection [HikariProxyConnection@770380570 wrapping com.mysql.cj.jdbc.ConnectionImpl@5126c08e] will not be managed by Spring
2025-01-07 09:35:09 [http-nio-8080-exec-9] DEBUG c.s.d.m.CommonMapper.selectLnbList - ==>  Preparing: SELECT CT_LNB_IDX AS ctLnbIdx, CT_LNB_ID AS ctLnbId, CT_LNB_NAME AS ctLnbName, CT_LNB_SUB_YN AS ctLnbSubYn, CT_LNB_URL AS ctLnbUrl, CT_LNB_USE_YN AS ctLnbUseYn FROM CT_LNB WHERE CT_LNB_USE_YN = 'Y' ORDER BY CT_LNB_IDX
2025-01-07 09:35:09 [http-nio-8080-exec-9] DEBUG c.s.d.m.CommonMapper.selectLnbList - ==> Parameters: 
2025-01-07 09:35:09 [http-nio-8080-exec-9] DEBUG c.s.d.m.CommonMapper.selectLnbList - <==      Total: 4
2025-01-07 09:35:09 [http-nio-8080-exec-9] DEBUG org.mybatis.spring.SqlSessionUtils - Closing non transactional SqlSession [org.apache.ibatis.session.defaults.DefaultSqlSession@7ddf266e]
2025-01-07 09:35:09 [http-nio-8080-exec-1] DEBUG org.mybatis.spring.SqlSessionUtils - Creating a new SqlSession
2025-01-07 09:35:09 [http-nio-8080-exec-1] DEBUG org.mybatis.spring.SqlSessionUtils - SqlSession [org.apache.ibatis.session.defaults.DefaultSqlSession@471e73b2] was not registered for synchronization because synchronization is not active
2025-01-07 09:35:09 [http-nio-8080-exec-1] DEBUG o.m.s.t.SpringManagedTransaction - JDBC Connection [HikariProxyConnection@569971429 wrapping com.mysql.cj.jdbc.ConnectionImpl@5126c08e] will not be managed by Spring
2025-01-07 09:35:09 [http-nio-8080-exec-1] DEBUG c.s.d.m.CommonMapper.selectLnbList - ==>  Preparing: SELECT CT_LNB_IDX AS ctLnbIdx, CT_LNB_ID AS ctLnbId, CT_LNB_NAME AS ctLnbName, CT_LNB_SUB_YN AS ctLnbSubYn, CT_LNB_URL AS ctLnbUrl, CT_LNB_USE_YN AS ctLnbUseYn FROM CT_LNB WHERE CT_LNB_USE_YN = 'Y' ORDER BY CT_LNB_IDX
2025-01-07 09:35:09 [http-nio-8080-exec-1] DEBUG c.s.d.m.CommonMapper.selectLnbList - ==> Parameters: 
2025-01-07 09:35:09 [http-nio-8080-exec-1] DEBUG c.s.d.m.CommonMapper.selectLnbList - <==      Total: 4
2025-01-07 09:35:09 [http-nio-8080-exec-1] DEBUG org.mybatis.spring.SqlSessionUtils - Closing non transactional SqlSession [org.apache.ibatis.session.defaults.DefaultSqlSession@471e73b2]
2025-01-07 09:35:09 [http-nio-8080-exec-3] DEBUG org.mybatis.spring.SqlSessionUtils - Creating a new SqlSession
2025-01-07 09:35:09 [http-nio-8080-exec-8] DEBUG org.mybatis.spring.SqlSessionUtils - Creating a new SqlSession
2025-01-07 09:35:09 [http-nio-8080-exec-3] DEBUG org.mybatis.spring.SqlSessionUtils - SqlSession [org.apache.ibatis.session.defaults.DefaultSqlSession@48134a59] was not registered for synchronization because synchronization is not active
2025-01-07 09:35:09 [http-nio-8080-exec-8] DEBUG org.mybatis.spring.SqlSessionUtils - SqlSession [org.apache.ibatis.session.defaults.DefaultSqlSession@562c0356] was not registered for synchronization because synchronization is not active
2025-01-07 09:35:09 [http-nio-8080-exec-8] DEBUG o.m.s.t.SpringManagedTransaction - JDBC Connection [HikariProxyConnection@192827895 wrapping com.mysql.cj.jdbc.ConnectionImpl@5126c08e] will not be managed by Spring
2025-01-07 09:35:09 [http-nio-8080-exec-8] DEBUG c.s.d.m.C.selectLnbSubList - ==>  Preparing: SELECT CT_LNB_SUB_IDX AS ctLnbSubIdx, CT_LNB_ID AS ctLnbId, CT_LNB_SUB_ID AS ctLnbSubId, CT_LNB_SUB_NAME AS ctLnbSubName, CT_LNB_SUB_URL AS ctLnbSubUrl FROM CT_LNB_SUB WHERE CT_LNB_ID = ? ORDER BY CT_LNB_SUB_IDX
2025-01-07 09:35:09 [http-nio-8080-exec-8] DEBUG c.s.d.m.C.selectLnbSubList - ==> Parameters: CT_LNB_SERVICE(String)
2025-01-07 09:35:09 [http-nio-8080-exec-3] DEBUG o.m.s.t.SpringManagedTransaction - JDBC Connection [HikariProxyConnection@1103082422 wrapping com.mysql.cj.jdbc.ConnectionImpl@18b04cf8] will not be managed by Spring
2025-01-07 09:35:09 [http-nio-8080-exec-3] DEBUG c.s.d.m.C.selectLnbSubList - ==>  Preparing: SELECT CT_LNB_SUB_IDX AS ctLnbSubIdx, CT_LNB_ID AS ctLnbId, CT_LNB_SUB_ID AS ctLnbSubId, CT_LNB_SUB_NAME AS ctLnbSubName, CT_LNB_SUB_URL AS ctLnbSubUrl FROM CT_LNB_SUB WHERE CT_LNB_ID = ? ORDER BY CT_LNB_SUB_IDX
2025-01-07 09:35:09 [http-nio-8080-exec-3] DEBUG c.s.d.m.C.selectLnbSubList - ==> Parameters: CT_LNB_INFORMATION(String)
2025-01-07 09:35:09 [http-nio-8080-exec-10] DEBUG org.mybatis.spring.SqlSessionUtils - Creating a new SqlSession
2025-01-07 09:35:09 [http-nio-8080-exec-10] DEBUG org.mybatis.spring.SqlSessionUtils - SqlSession [org.apache.ibatis.session.defaults.DefaultSqlSession@4f530b24] was not registered for synchronization because synchronization is not active
2025-01-07 09:35:09 [http-nio-8080-exec-10] DEBUG o.m.s.t.SpringManagedTransaction - JDBC Connection [HikariProxyConnection@741477387 wrapping com.mysql.cj.jdbc.ConnectionImpl@27cc7e61] will not be managed by Spring
2025-01-07 09:35:09 [http-nio-8080-exec-10] DEBUG c.s.d.m.C.selectLnbSubList - ==>  Preparing: SELECT CT_LNB_SUB_IDX AS ctLnbSubIdx, CT_LNB_ID AS ctLnbId, CT_LNB_SUB_ID AS ctLnbSubId, CT_LNB_SUB_NAME AS ctLnbSubName, CT_LNB_SUB_URL AS ctLnbSubUrl FROM CT_LNB_SUB WHERE CT_LNB_ID = ? ORDER BY CT_LNB_SUB_IDX
2025-01-07 09:35:09 [http-nio-8080-exec-10] DEBUG c.s.d.m.C.selectLnbSubList - ==> Parameters: CT_LNB_CONTACT(String)
2025-01-07 09:35:09 [http-nio-8080-exec-3] DEBUG c.s.d.m.C.selectLnbSubList - <==      Total: 2
2025-01-07 09:35:09 [http-nio-8080-exec-8] DEBUG c.s.d.m.C.selectLnbSubList - <==      Total: 4
2025-01-07 09:35:09 [http-nio-8080-exec-3] DEBUG org.mybatis.spring.SqlSessionUtils - Closing non transactional SqlSession [org.apache.ibatis.session.defaults.DefaultSqlSession@48134a59]
2025-01-07 09:35:09 [http-nio-8080-exec-8] DEBUG org.mybatis.spring.SqlSessionUtils - Closing non transactional SqlSession [org.apache.ibatis.session.defaults.DefaultSqlSession@562c0356]
2025-01-07 09:35:09 [http-nio-8080-exec-10] DEBUG c.s.d.m.C.selectLnbSubList - <==      Total: 2
2025-01-07 09:35:09 [http-nio-8080-exec-10] DEBUG org.mybatis.spring.SqlSessionUtils - Closing non transactional SqlSession [org.apache.ibatis.session.defaults.DefaultSqlSession@4f530b24]
2025-01-07 09:35:09 [http-nio-8080-exec-6] DEBUG org.mybatis.spring.SqlSessionUtils - Creating a new SqlSession
2025-01-07 09:35:09 [http-nio-8080-exec-6] DEBUG org.mybatis.spring.SqlSessionUtils - SqlSession [org.apache.ibatis.session.defaults.DefaultSqlSession@220da08a] was not registered for synchronization because synchronization is not active
2025-01-07 09:35:09 [http-nio-8080-exec-6] DEBUG o.m.s.t.SpringManagedTransaction - JDBC Connection [HikariProxyConnection@815835301 wrapping com.mysql.cj.jdbc.ConnectionImpl@18b04cf8] will not be managed by Spring
2025-01-07 09:35:09 [http-nio-8080-exec-6] DEBUG c.s.d.m.C.selectLnbSubList - ==>  Preparing: SELECT CT_LNB_SUB_IDX AS ctLnbSubIdx, CT_LNB_ID AS ctLnbId, CT_LNB_SUB_ID AS ctLnbSubId, CT_LNB_SUB_NAME AS ctLnbSubName, CT_LNB_SUB_URL AS ctLnbSubUrl FROM CT_LNB_SUB WHERE CT_LNB_ID = ? ORDER BY CT_LNB_SUB_IDX
2025-01-07 09:35:09 [http-nio-8080-exec-6] DEBUG c.s.d.m.C.selectLnbSubList - ==> Parameters: CT_LNB_INFORMATION(String)
2025-01-07 09:35:09 [http-nio-8080-exec-6] DEBUG c.s.d.m.C.selectLnbSubList - <==      Total: 2
2025-01-07 09:35:09 [http-nio-8080-exec-6] DEBUG org.mybatis.spring.SqlSessionUtils - Closing non transactional SqlSession [org.apache.ibatis.session.defaults.DefaultSqlSession@220da08a]
2025-01-07 09:35:09 [http-nio-8080-exec-5] DEBUG org.mybatis.spring.SqlSessionUtils - Creating a new SqlSession
2025-01-07 09:35:09 [http-nio-8080-exec-2] DEBUG org.mybatis.spring.SqlSessionUtils - Creating a new SqlSession
2025-01-07 09:35:09 [http-nio-8080-exec-5] DEBUG org.mybatis.spring.SqlSessionUtils - SqlSession [org.apache.ibatis.session.defaults.DefaultSqlSession@32b27037] was not registered for synchronization because synchronization is not active
2025-01-07 09:35:09 [http-nio-8080-exec-2] DEBUG org.mybatis.spring.SqlSessionUtils - SqlSession [org.apache.ibatis.session.defaults.DefaultSqlSession@2e867d7a] was not registered for synchronization because synchronization is not active
2025-01-07 09:35:09 [http-nio-8080-exec-5] DEBUG o.m.s.t.SpringManagedTransaction - JDBC Connection [HikariProxyConnection@430021639 wrapping com.mysql.cj.jdbc.ConnectionImpl@18b04cf8] will not be managed by Spring
2025-01-07 09:35:09 [http-nio-8080-exec-2] DEBUG o.m.s.t.SpringManagedTransaction - JDBC Connection [HikariProxyConnection@1233508132 wrapping com.mysql.cj.jdbc.ConnectionImpl@27cc7e61] will not be managed by Spring
2025-01-07 09:35:09 [http-nio-8080-exec-5] DEBUG c.s.d.m.C.selectLnbSubList - ==>  Preparing: SELECT CT_LNB_SUB_IDX AS ctLnbSubIdx, CT_LNB_ID AS ctLnbId, CT_LNB_SUB_ID AS ctLnbSubId, CT_LNB_SUB_NAME AS ctLnbSubName, CT_LNB_SUB_URL AS ctLnbSubUrl FROM CT_LNB_SUB WHERE CT_LNB_ID = ? ORDER BY CT_LNB_SUB_IDX
2025-01-07 09:35:09 [http-nio-8080-exec-2] DEBUG c.s.d.m.C.selectLnbSubList - ==>  Preparing: SELECT CT_LNB_SUB_IDX AS ctLnbSubIdx, CT_LNB_ID AS ctLnbId, CT_LNB_SUB_ID AS ctLnbSubId, CT_LNB_SUB_NAME AS ctLnbSubName, CT_LNB_SUB_URL AS ctLnbSubUrl FROM CT_LNB_SUB WHERE CT_LNB_ID = ? ORDER BY CT_LNB_SUB_IDX
2025-01-07 09:35:09 [http-nio-8080-exec-5] DEBUG c.s.d.m.C.selectLnbSubList - ==> Parameters: CT_LNB_CONTACT(String)
2025-01-07 09:35:09 [http-nio-8080-exec-2] DEBUG c.s.d.m.C.selectLnbSubList - ==> Parameters: CT_LNB_SERVICE(String)
2025-01-07 09:35:09 [http-nio-8080-exec-5] DEBUG c.s.d.m.C.selectLnbSubList - <==      Total: 2
2025-01-07 09:35:09 [http-nio-8080-exec-2] DEBUG c.s.d.m.C.selectLnbSubList - <==      Total: 4
2025-01-07 09:35:09 [http-nio-8080-exec-2] DEBUG org.mybatis.spring.SqlSessionUtils - Closing non transactional SqlSession [org.apache.ibatis.session.defaults.DefaultSqlSession@2e867d7a]
2025-01-07 09:35:09 [http-nio-8080-exec-5] DEBUG org.mybatis.spring.SqlSessionUtils - Closing non transactional SqlSession [org.apache.ibatis.session.defaults.DefaultSqlSession@32b27037]
2025-01-07 09:35:11 [http-nio-8080-exec-4] WARN  o.t.s.p.AbstractStandardFragmentInsertionTagProcessor - [THYMELEAF][http-nio-8080-exec-4][common/layout/layout] Deprecated unwrapped fragment expression "common/fragments/header::header" found in template common/layout/layout, line 29, col 10. Please use the complete syntax of fragment expressions instead ("~{common/fragments/header::header}"). The old, unwrapped syntax for fragment expressions will be removed in future versions of Thymeleaf.
2025-01-07 09:35:11 [http-nio-8080-exec-4] WARN  o.t.s.p.AbstractStandardFragmentInsertionTagProcessor - [THYMELEAF][http-nio-8080-exec-4][common/layout/layout] Deprecated unwrapped fragment expression "common/fragments/footer::footer" found in template common/layout/layout, line 33, col 10. Please use the complete syntax of fragment expressions instead ("~{common/fragments/footer::footer}"). The old, unwrapped syntax for fragment expressions will be removed in future versions of Thymeleaf.
2025-01-07 09:35:11 [http-nio-8080-exec-2] DEBUG org.mybatis.spring.SqlSessionUtils - Creating a new SqlSession
2025-01-07 09:35:11 [http-nio-8080-exec-2] DEBUG org.mybatis.spring.SqlSessionUtils - SqlSession [org.apache.ibatis.session.defaults.DefaultSqlSession@2dc7ac87] was not registered for synchronization because synchronization is not active
2025-01-07 09:35:11 [http-nio-8080-exec-2] DEBUG o.m.s.t.SpringManagedTransaction - JDBC Connection [HikariProxyConnection@808942056 wrapping com.mysql.cj.jdbc.ConnectionImpl@27cc7e61] will not be managed by Spring
2025-01-07 09:35:11 [http-nio-8080-exec-2] DEBUG c.s.d.m.CommonMapper.selectLnbList - ==>  Preparing: SELECT CT_LNB_IDX AS ctLnbIdx, CT_LNB_ID AS ctLnbId, CT_LNB_NAME AS ctLnbName, CT_LNB_SUB_YN AS ctLnbSubYn, CT_LNB_URL AS ctLnbUrl, CT_LNB_USE_YN AS ctLnbUseYn FROM CT_LNB WHERE CT_LNB_USE_YN = 'Y' ORDER BY CT_LNB_IDX
2025-01-07 09:35:11 [http-nio-8080-exec-2] DEBUG c.s.d.m.CommonMapper.selectLnbList - ==> Parameters: 
2025-01-07 09:35:11 [http-nio-8080-exec-2] DEBUG c.s.d.m.CommonMapper.selectLnbList - <==      Total: 4
2025-01-07 09:35:11 [http-nio-8080-exec-2] DEBUG org.mybatis.spring.SqlSessionUtils - Closing non transactional SqlSession [org.apache.ibatis.session.defaults.DefaultSqlSession@2dc7ac87]
2025-01-07 09:35:11 [http-nio-8080-exec-4] DEBUG org.mybatis.spring.SqlSessionUtils - Creating a new SqlSession
2025-01-07 09:35:11 [http-nio-8080-exec-4] DEBUG org.mybatis.spring.SqlSessionUtils - SqlSession [org.apache.ibatis.session.defaults.DefaultSqlSession@7a7b2e31] was not registered for synchronization because synchronization is not active
2025-01-07 09:35:11 [http-nio-8080-exec-4] DEBUG o.m.s.t.SpringManagedTransaction - JDBC Connection [HikariProxyConnection@650520151 wrapping com.mysql.cj.jdbc.ConnectionImpl@18b04cf8] will not be managed by Spring
2025-01-07 09:35:11 [http-nio-8080-exec-4] DEBUG c.s.d.m.CommonMapper.selectLnbList - ==>  Preparing: SELECT CT_LNB_IDX AS ctLnbIdx, CT_LNB_ID AS ctLnbId, CT_LNB_NAME AS ctLnbName, CT_LNB_SUB_YN AS ctLnbSubYn, CT_LNB_URL AS ctLnbUrl, CT_LNB_USE_YN AS ctLnbUseYn FROM CT_LNB WHERE CT_LNB_USE_YN = 'Y' ORDER BY CT_LNB_IDX
2025-01-07 09:35:11 [http-nio-8080-exec-4] DEBUG c.s.d.m.CommonMapper.selectLnbList - ==> Parameters: 
2025-01-07 09:35:11 [http-nio-8080-exec-4] DEBUG c.s.d.m.CommonMapper.selectLnbList - <==      Total: 4
2025-01-07 09:35:11 [http-nio-8080-exec-4] DEBUG org.mybatis.spring.SqlSessionUtils - Closing non transactional SqlSession [org.apache.ibatis.session.defaults.DefaultSqlSession@7a7b2e31]
2025-01-07 09:35:11 [http-nio-8080-exec-1] DEBUG org.mybatis.spring.SqlSessionUtils - Creating a new SqlSession
2025-01-07 09:35:11 [http-nio-8080-exec-9] DEBUG org.mybatis.spring.SqlSessionUtils - Creating a new SqlSession
2025-01-07 09:35:11 [http-nio-8080-exec-7] DEBUG org.mybatis.spring.SqlSessionUtils - Creating a new SqlSession
2025-01-07 09:35:11 [http-nio-8080-exec-1] DEBUG org.mybatis.spring.SqlSessionUtils - SqlSession [org.apache.ibatis.session.defaults.DefaultSqlSession@2cd7eb43] was not registered for synchronization because synchronization is not active
2025-01-07 09:35:11 [http-nio-8080-exec-7] DEBUG org.mybatis.spring.SqlSessionUtils - SqlSession [org.apache.ibatis.session.defaults.DefaultSqlSession@445309be] was not registered for synchronization because synchronization is not active
2025-01-07 09:35:11 [http-nio-8080-exec-9] DEBUG org.mybatis.spring.SqlSessionUtils - SqlSession [org.apache.ibatis.session.defaults.DefaultSqlSession@1c6ded80] was not registered for synchronization because synchronization is not active
2025-01-07 09:35:11 [http-nio-8080-exec-7] DEBUG o.m.s.t.SpringManagedTransaction - JDBC Connection [HikariProxyConnection@1741382523 wrapping com.mysql.cj.jdbc.ConnectionImpl@27cc7e61] will not be managed by Spring
2025-01-07 09:35:11 [http-nio-8080-exec-9] DEBUG o.m.s.t.SpringManagedTransaction - JDBC Connection [HikariProxyConnection@1768640212 wrapping com.mysql.cj.jdbc.ConnectionImpl@18b04cf8] will not be managed by Spring
2025-01-07 09:35:11 [http-nio-8080-exec-9] DEBUG c.s.d.m.C.selectLnbSubList - ==>  Preparing: SELECT CT_LNB_SUB_IDX AS ctLnbSubIdx, CT_LNB_ID AS ctLnbId, CT_LNB_SUB_ID AS ctLnbSubId, CT_LNB_SUB_NAME AS ctLnbSubName, CT_LNB_SUB_URL AS ctLnbSubUrl FROM CT_LNB_SUB WHERE CT_LNB_ID = ? ORDER BY CT_LNB_SUB_IDX
2025-01-07 09:35:11 [http-nio-8080-exec-7] DEBUG c.s.d.m.C.selectLnbSubList - ==>  Preparing: SELECT CT_LNB_SUB_IDX AS ctLnbSubIdx, CT_LNB_ID AS ctLnbId, CT_LNB_SUB_ID AS ctLnbSubId, CT_LNB_SUB_NAME AS ctLnbSubName, CT_LNB_SUB_URL AS ctLnbSubUrl FROM CT_LNB_SUB WHERE CT_LNB_ID = ? ORDER BY CT_LNB_SUB_IDX
2025-01-07 09:35:11 [http-nio-8080-exec-9] DEBUG c.s.d.m.C.selectLnbSubList - ==> Parameters: CT_LNB_SERVICE(String)
2025-01-07 09:35:11 [http-nio-8080-exec-7] DEBUG c.s.d.m.C.selectLnbSubList - ==> Parameters: CT_LNB_INFORMATION(String)
2025-01-07 09:35:11 [http-nio-8080-exec-1] DEBUG o.m.s.t.SpringManagedTransaction - JDBC Connection [HikariProxyConnection@1171307014 wrapping com.mysql.cj.jdbc.ConnectionImpl@5126c08e] will not be managed by Spring
2025-01-07 09:35:11 [http-nio-8080-exec-1] DEBUG c.s.d.m.C.selectLnbSubList - ==>  Preparing: SELECT CT_LNB_SUB_IDX AS ctLnbSubIdx, CT_LNB_ID AS ctLnbId, CT_LNB_SUB_ID AS ctLnbSubId, CT_LNB_SUB_NAME AS ctLnbSubName, CT_LNB_SUB_URL AS ctLnbSubUrl FROM CT_LNB_SUB WHERE CT_LNB_ID = ? ORDER BY CT_LNB_SUB_IDX
2025-01-07 09:35:11 [http-nio-8080-exec-1] DEBUG c.s.d.m.C.selectLnbSubList - ==> Parameters: CT_LNB_CONTACT(String)
2025-01-07 09:35:11 [http-nio-8080-exec-1] DEBUG c.s.d.m.C.selectLnbSubList - <==      Total: 2
2025-01-07 09:35:11 [http-nio-8080-exec-7] DEBUG c.s.d.m.C.selectLnbSubList - <==      Total: 2
2025-01-07 09:35:11 [http-nio-8080-exec-9] DEBUG c.s.d.m.C.selectLnbSubList - <==      Total: 4
2025-01-07 09:35:11 [http-nio-8080-exec-1] DEBUG org.mybatis.spring.SqlSessionUtils - Closing non transactional SqlSession [org.apache.ibatis.session.defaults.DefaultSqlSession@2cd7eb43]
2025-01-07 09:35:11 [http-nio-8080-exec-9] DEBUG org.mybatis.spring.SqlSessionUtils - Closing non transactional SqlSession [org.apache.ibatis.session.defaults.DefaultSqlSession@1c6ded80]
2025-01-07 09:35:11 [http-nio-8080-exec-7] DEBUG org.mybatis.spring.SqlSessionUtils - Closing non transactional SqlSession [org.apache.ibatis.session.defaults.DefaultSqlSession@445309be]
2025-01-07 09:35:11 [http-nio-8080-exec-8] DEBUG org.mybatis.spring.SqlSessionUtils - Creating a new SqlSession
2025-01-07 09:35:11 [http-nio-8080-exec-3] DEBUG org.mybatis.spring.SqlSessionUtils - Creating a new SqlSession
2025-01-07 09:35:11 [http-nio-8080-exec-10] DEBUG org.mybatis.spring.SqlSessionUtils - Creating a new SqlSession
2025-01-07 09:35:11 [http-nio-8080-exec-8] DEBUG org.mybatis.spring.SqlSessionUtils - SqlSession [org.apache.ibatis.session.defaults.DefaultSqlSession@3513b275] was not registered for synchronization because synchronization is not active
2025-01-07 09:35:11 [http-nio-8080-exec-3] DEBUG org.mybatis.spring.SqlSessionUtils - SqlSession [org.apache.ibatis.session.defaults.DefaultSqlSession@13f4d068] was not registered for synchronization because synchronization is not active
2025-01-07 09:35:11 [http-nio-8080-exec-10] DEBUG org.mybatis.spring.SqlSessionUtils - SqlSession [org.apache.ibatis.session.defaults.DefaultSqlSession@5427c5ec] was not registered for synchronization because synchronization is not active
2025-01-07 09:35:11 [http-nio-8080-exec-8] DEBUG o.m.s.t.SpringManagedTransaction - JDBC Connection [HikariProxyConnection@1276886217 wrapping com.mysql.cj.jdbc.ConnectionImpl@5126c08e] will not be managed by Spring
2025-01-07 09:35:11 [http-nio-8080-exec-3] DEBUG o.m.s.t.SpringManagedTransaction - JDBC Connection [HikariProxyConnection@795534243 wrapping com.mysql.cj.jdbc.ConnectionImpl@18b04cf8] will not be managed by Spring
2025-01-07 09:35:11 [http-nio-8080-exec-10] DEBUG o.m.s.t.SpringManagedTransaction - JDBC Connection [HikariProxyConnection@1749670199 wrapping com.mysql.cj.jdbc.ConnectionImpl@27cc7e61] will not be managed by Spring
2025-01-07 09:35:11 [http-nio-8080-exec-8] DEBUG c.s.d.m.C.selectLnbSubList - ==>  Preparing: SELECT CT_LNB_SUB_IDX AS ctLnbSubIdx, CT_LNB_ID AS ctLnbId, CT_LNB_SUB_ID AS ctLnbSubId, CT_LNB_SUB_NAME AS ctLnbSubName, CT_LNB_SUB_URL AS ctLnbSubUrl FROM CT_LNB_SUB WHERE CT_LNB_ID = ? ORDER BY CT_LNB_SUB_IDX
2025-01-07 09:35:11 [http-nio-8080-exec-3] DEBUG c.s.d.m.C.selectLnbSubList - ==>  Preparing: SELECT CT_LNB_SUB_IDX AS ctLnbSubIdx, CT_LNB_ID AS ctLnbId, CT_LNB_SUB_ID AS ctLnbSubId, CT_LNB_SUB_NAME AS ctLnbSubName, CT_LNB_SUB_URL AS ctLnbSubUrl FROM CT_LNB_SUB WHERE CT_LNB_ID = ? ORDER BY CT_LNB_SUB_IDX
2025-01-07 09:35:11 [http-nio-8080-exec-10] DEBUG c.s.d.m.C.selectLnbSubList - ==>  Preparing: SELECT CT_LNB_SUB_IDX AS ctLnbSubIdx, CT_LNB_ID AS ctLnbId, CT_LNB_SUB_ID AS ctLnbSubId, CT_LNB_SUB_NAME AS ctLnbSubName, CT_LNB_SUB_URL AS ctLnbSubUrl FROM CT_LNB_SUB WHERE CT_LNB_ID = ? ORDER BY CT_LNB_SUB_IDX
2025-01-07 09:35:11 [http-nio-8080-exec-8] DEBUG c.s.d.m.C.selectLnbSubList - ==> Parameters: CT_LNB_INFORMATION(String)
2025-01-07 09:35:11 [http-nio-8080-exec-10] DEBUG c.s.d.m.C.selectLnbSubList - ==> Parameters: CT_LNB_CONTACT(String)
2025-01-07 09:35:11 [http-nio-8080-exec-3] DEBUG c.s.d.m.C.selectLnbSubList - ==> Parameters: CT_LNB_SERVICE(String)
2025-01-07 09:35:11 [http-nio-8080-exec-3] DEBUG c.s.d.m.C.selectLnbSubList - <==      Total: 4
2025-01-07 09:35:11 [http-nio-8080-exec-10] DEBUG c.s.d.m.C.selectLnbSubList - <==      Total: 2
2025-01-07 09:35:11 [http-nio-8080-exec-8] DEBUG c.s.d.m.C.selectLnbSubList - <==      Total: 2
2025-01-07 09:35:11 [http-nio-8080-exec-3] DEBUG org.mybatis.spring.SqlSessionUtils - Closing non transactional SqlSession [org.apache.ibatis.session.defaults.DefaultSqlSession@13f4d068]
2025-01-07 09:35:11 [http-nio-8080-exec-10] DEBUG org.mybatis.spring.SqlSessionUtils - Closing non transactional SqlSession [org.apache.ibatis.session.defaults.DefaultSqlSession@5427c5ec]
2025-01-07 09:35:11 [http-nio-8080-exec-8] DEBUG org.mybatis.spring.SqlSessionUtils - Closing non transactional SqlSession [org.apache.ibatis.session.defaults.DefaultSqlSession@3513b275]
2025-01-07 09:35:12 [http-nio-8080-exec-6] WARN  o.t.s.p.AbstractStandardFragmentInsertionTagProcessor - [THYMELEAF][http-nio-8080-exec-6][common/layout/layout] Deprecated unwrapped fragment expression "common/fragments/header::header" found in template common/layout/layout, line 29, col 10. Please use the complete syntax of fragment expressions instead ("~{common/fragments/header::header}"). The old, unwrapped syntax for fragment expressions will be removed in future versions of Thymeleaf.
2025-01-07 09:35:12 [http-nio-8080-exec-6] WARN  o.t.s.p.AbstractStandardFragmentInsertionTagProcessor - [THYMELEAF][http-nio-8080-exec-6][common/layout/layout] Deprecated unwrapped fragment expression "common/fragments/footer::footer" found in template common/layout/layout, line 33, col 10. Please use the complete syntax of fragment expressions instead ("~{common/fragments/footer::footer}"). The old, unwrapped syntax for fragment expressions will be removed in future versions of Thymeleaf.
2025-01-07 09:35:12 [http-nio-8080-exec-3] DEBUG org.mybatis.spring.SqlSessionUtils - Creating a new SqlSession
2025-01-07 09:35:12 [http-nio-8080-exec-3] DEBUG org.mybatis.spring.SqlSessionUtils - SqlSession [org.apache.ibatis.session.defaults.DefaultSqlSession@7ed9f2f9] was not registered for synchronization because synchronization is not active
2025-01-07 09:35:12 [http-nio-8080-exec-3] DEBUG o.m.s.t.SpringManagedTransaction - JDBC Connection [HikariProxyConnection@1268456154 wrapping com.mysql.cj.jdbc.ConnectionImpl@18b04cf8] will not be managed by Spring
2025-01-07 09:35:12 [http-nio-8080-exec-3] DEBUG c.s.d.m.CommonMapper.selectLnbList - ==>  Preparing: SELECT CT_LNB_IDX AS ctLnbIdx, CT_LNB_ID AS ctLnbId, CT_LNB_NAME AS ctLnbName, CT_LNB_SUB_YN AS ctLnbSubYn, CT_LNB_URL AS ctLnbUrl, CT_LNB_USE_YN AS ctLnbUseYn FROM CT_LNB WHERE CT_LNB_USE_YN = 'Y' ORDER BY CT_LNB_IDX
2025-01-07 09:35:12 [http-nio-8080-exec-3] DEBUG c.s.d.m.CommonMapper.selectLnbList - ==> Parameters: 
2025-01-07 09:35:12 [http-nio-8080-exec-3] DEBUG c.s.d.m.CommonMapper.selectLnbList - <==      Total: 4
2025-01-07 09:35:12 [http-nio-8080-exec-3] DEBUG org.mybatis.spring.SqlSessionUtils - Closing non transactional SqlSession [org.apache.ibatis.session.defaults.DefaultSqlSession@7ed9f2f9]
2025-01-07 09:35:12 [http-nio-8080-exec-10] DEBUG org.mybatis.spring.SqlSessionUtils - Creating a new SqlSession
2025-01-07 09:35:12 [http-nio-8080-exec-10] DEBUG org.mybatis.spring.SqlSessionUtils - SqlSession [org.apache.ibatis.session.defaults.DefaultSqlSession@64f3446f] was not registered for synchronization because synchronization is not active
2025-01-07 09:35:12 [http-nio-8080-exec-10] DEBUG o.m.s.t.SpringManagedTransaction - JDBC Connection [HikariProxyConnection@236058040 wrapping com.mysql.cj.jdbc.ConnectionImpl@27cc7e61] will not be managed by Spring
2025-01-07 09:35:12 [http-nio-8080-exec-10] DEBUG c.s.d.m.CommonMapper.selectLnbList - ==>  Preparing: SELECT CT_LNB_IDX AS ctLnbIdx, CT_LNB_ID AS ctLnbId, CT_LNB_NAME AS ctLnbName, CT_LNB_SUB_YN AS ctLnbSubYn, CT_LNB_URL AS ctLnbUrl, CT_LNB_USE_YN AS ctLnbUseYn FROM CT_LNB WHERE CT_LNB_USE_YN = 'Y' ORDER BY CT_LNB_IDX
2025-01-07 09:35:12 [http-nio-8080-exec-10] DEBUG c.s.d.m.CommonMapper.selectLnbList - ==> Parameters: 
2025-01-07 09:35:12 [http-nio-8080-exec-10] DEBUG c.s.d.m.CommonMapper.selectLnbList - <==      Total: 4
2025-01-07 09:35:12 [http-nio-8080-exec-10] DEBUG org.mybatis.spring.SqlSessionUtils - Closing non transactional SqlSession [org.apache.ibatis.session.defaults.DefaultSqlSession@64f3446f]
2025-01-07 09:35:12 [http-nio-8080-exec-6] DEBUG org.mybatis.spring.SqlSessionUtils - Creating a new SqlSession
2025-01-07 09:35:12 [http-nio-8080-exec-5] DEBUG org.mybatis.spring.SqlSessionUtils - Creating a new SqlSession
2025-01-07 09:35:12 [http-nio-8080-exec-2] DEBUG org.mybatis.spring.SqlSessionUtils - Creating a new SqlSession
2025-01-07 09:35:12 [http-nio-8080-exec-6] DEBUG org.mybatis.spring.SqlSessionUtils - SqlSession [org.apache.ibatis.session.defaults.DefaultSqlSession@4e2650bc] was not registered for synchronization because synchronization is not active
2025-01-07 09:35:12 [http-nio-8080-exec-5] DEBUG org.mybatis.spring.SqlSessionUtils - SqlSession [org.apache.ibatis.session.defaults.DefaultSqlSession@19e7b808] was not registered for synchronization because synchronization is not active
2025-01-07 09:35:12 [http-nio-8080-exec-2] DEBUG org.mybatis.spring.SqlSessionUtils - SqlSession [org.apache.ibatis.session.defaults.DefaultSqlSession@25b511c3] was not registered for synchronization because synchronization is not active
2025-01-07 09:35:12 [http-nio-8080-exec-2] DEBUG o.m.s.t.SpringManagedTransaction - JDBC Connection [HikariProxyConnection@784778404 wrapping com.mysql.cj.jdbc.ConnectionImpl@27cc7e61] will not be managed by Spring
2025-01-07 09:35:12 [http-nio-8080-exec-6] DEBUG o.m.s.t.SpringManagedTransaction - JDBC Connection [HikariProxyConnection@1331320485 wrapping com.mysql.cj.jdbc.ConnectionImpl@18b04cf8] will not be managed by Spring
2025-01-07 09:35:12 [http-nio-8080-exec-2] DEBUG c.s.d.m.C.selectLnbSubList - ==>  Preparing: SELECT CT_LNB_SUB_IDX AS ctLnbSubIdx, CT_LNB_ID AS ctLnbId, CT_LNB_SUB_ID AS ctLnbSubId, CT_LNB_SUB_NAME AS ctLnbSubName, CT_LNB_SUB_URL AS ctLnbSubUrl FROM CT_LNB_SUB WHERE CT_LNB_ID = ? ORDER BY CT_LNB_SUB_IDX
2025-01-07 09:35:12 [http-nio-8080-exec-6] DEBUG c.s.d.m.C.selectLnbSubList - ==>  Preparing: SELECT CT_LNB_SUB_IDX AS ctLnbSubIdx, CT_LNB_ID AS ctLnbId, CT_LNB_SUB_ID AS ctLnbSubId, CT_LNB_SUB_NAME AS ctLnbSubName, CT_LNB_SUB_URL AS ctLnbSubUrl FROM CT_LNB_SUB WHERE CT_LNB_ID = ? ORDER BY CT_LNB_SUB_IDX
2025-01-07 09:35:12 [http-nio-8080-exec-5] DEBUG o.m.s.t.SpringManagedTransaction - JDBC Connection [HikariProxyConnection@1758685365 wrapping com.mysql.cj.jdbc.ConnectionImpl@5126c08e] will not be managed by Spring
2025-01-07 09:35:12 [http-nio-8080-exec-2] DEBUG c.s.d.m.C.selectLnbSubList - ==> Parameters: CT_LNB_CONTACT(String)
2025-01-07 09:35:12 [http-nio-8080-exec-6] DEBUG c.s.d.m.C.selectLnbSubList - ==> Parameters: CT_LNB_INFORMATION(String)
2025-01-07 09:35:12 [http-nio-8080-exec-5] DEBUG c.s.d.m.C.selectLnbSubList - ==>  Preparing: SELECT CT_LNB_SUB_IDX AS ctLnbSubIdx, CT_LNB_ID AS ctLnbId, CT_LNB_SUB_ID AS ctLnbSubId, CT_LNB_SUB_NAME AS ctLnbSubName, CT_LNB_SUB_URL AS ctLnbSubUrl FROM CT_LNB_SUB WHERE CT_LNB_ID = ? ORDER BY CT_LNB_SUB_IDX
2025-01-07 09:35:12 [http-nio-8080-exec-5] DEBUG c.s.d.m.C.selectLnbSubList - ==> Parameters: CT_LNB_SERVICE(String)
2025-01-07 09:35:12 [http-nio-8080-exec-2] DEBUG c.s.d.m.C.selectLnbSubList - <==      Total: 2
2025-01-07 09:35:12 [http-nio-8080-exec-6] DEBUG c.s.d.m.C.selectLnbSubList - <==      Total: 2
2025-01-07 09:35:12 [http-nio-8080-exec-5] DEBUG c.s.d.m.C.selectLnbSubList - <==      Total: 4
2025-01-07 09:35:12 [http-nio-8080-exec-2] DEBUG org.mybatis.spring.SqlSessionUtils - Closing non transactional SqlSession [org.apache.ibatis.session.defaults.DefaultSqlSession@25b511c3]
2025-01-07 09:35:12 [http-nio-8080-exec-5] DEBUG org.mybatis.spring.SqlSessionUtils - Closing non transactional SqlSession [org.apache.ibatis.session.defaults.DefaultSqlSession@19e7b808]
2025-01-07 09:35:12 [http-nio-8080-exec-6] DEBUG org.mybatis.spring.SqlSessionUtils - Closing non transactional SqlSession [org.apache.ibatis.session.defaults.DefaultSqlSession@4e2650bc]
2025-01-07 09:35:12 [http-nio-8080-exec-4] DEBUG org.mybatis.spring.SqlSessionUtils - Creating a new SqlSession
2025-01-07 09:35:12 [http-nio-8080-exec-7] DEBUG org.mybatis.spring.SqlSessionUtils - Creating a new SqlSession
2025-01-07 09:35:12 [http-nio-8080-exec-1] DEBUG org.mybatis.spring.SqlSessionUtils - Creating a new SqlSession
2025-01-07 09:35:12 [http-nio-8080-exec-7] DEBUG org.mybatis.spring.SqlSessionUtils - SqlSession [org.apache.ibatis.session.defaults.DefaultSqlSession@58658406] was not registered for synchronization because synchronization is not active
2025-01-07 09:35:12 [http-nio-8080-exec-4] DEBUG org.mybatis.spring.SqlSessionUtils - SqlSession [org.apache.ibatis.session.defaults.DefaultSqlSession@5f21af22] was not registered for synchronization because synchronization is not active
2025-01-07 09:35:12 [http-nio-8080-exec-1] DEBUG org.mybatis.spring.SqlSessionUtils - SqlSession [org.apache.ibatis.session.defaults.DefaultSqlSession@6355cf1] was not registered for synchronization because synchronization is not active
2025-01-07 09:35:12 [http-nio-8080-exec-7] DEBUG o.m.s.t.SpringManagedTransaction - JDBC Connection [HikariProxyConnection@1686762698 wrapping com.mysql.cj.jdbc.ConnectionImpl@27cc7e61] will not be managed by Spring
2025-01-07 09:35:12 [http-nio-8080-exec-4] DEBUG o.m.s.t.SpringManagedTransaction - JDBC Connection [HikariProxyConnection@1212337679 wrapping com.mysql.cj.jdbc.ConnectionImpl@18b04cf8] will not be managed by Spring
2025-01-07 09:35:12 [http-nio-8080-exec-1] DEBUG o.m.s.t.SpringManagedTransaction - JDBC Connection [HikariProxyConnection@1190516411 wrapping com.mysql.cj.jdbc.ConnectionImpl@5126c08e] will not be managed by Spring
2025-01-07 09:35:12 [http-nio-8080-exec-7] DEBUG c.s.d.m.C.selectLnbSubList - ==>  Preparing: SELECT CT_LNB_SUB_IDX AS ctLnbSubIdx, CT_LNB_ID AS ctLnbId, CT_LNB_SUB_ID AS ctLnbSubId, CT_LNB_SUB_NAME AS ctLnbSubName, CT_LNB_SUB_URL AS ctLnbSubUrl FROM CT_LNB_SUB WHERE CT_LNB_ID = ? ORDER BY CT_LNB_SUB_IDX
2025-01-07 09:35:12 [http-nio-8080-exec-1] DEBUG c.s.d.m.C.selectLnbSubList - ==>  Preparing: SELECT CT_LNB_SUB_IDX AS ctLnbSubIdx, CT_LNB_ID AS ctLnbId, CT_LNB_SUB_ID AS ctLnbSubId, CT_LNB_SUB_NAME AS ctLnbSubName, CT_LNB_SUB_URL AS ctLnbSubUrl FROM CT_LNB_SUB WHERE CT_LNB_ID = ? ORDER BY CT_LNB_SUB_IDX
2025-01-07 09:35:12 [http-nio-8080-exec-4] DEBUG c.s.d.m.C.selectLnbSubList - ==>  Preparing: SELECT CT_LNB_SUB_IDX AS ctLnbSubIdx, CT_LNB_ID AS ctLnbId, CT_LNB_SUB_ID AS ctLnbSubId, CT_LNB_SUB_NAME AS ctLnbSubName, CT_LNB_SUB_URL AS ctLnbSubUrl FROM CT_LNB_SUB WHERE CT_LNB_ID = ? ORDER BY CT_LNB_SUB_IDX
2025-01-07 09:35:12 [http-nio-8080-exec-4] DEBUG c.s.d.m.C.selectLnbSubList - ==> Parameters: CT_LNB_CONTACT(String)
2025-01-07 09:35:12 [http-nio-8080-exec-1] DEBUG c.s.d.m.C.selectLnbSubList - ==> Parameters: CT_LNB_SERVICE(String)
2025-01-07 09:35:12 [http-nio-8080-exec-7] DEBUG c.s.d.m.C.selectLnbSubList - ==> Parameters: CT_LNB_INFORMATION(String)
2025-01-07 09:35:12 [http-nio-8080-exec-4] DEBUG c.s.d.m.C.selectLnbSubList - <==      Total: 2
2025-01-07 09:35:12 [http-nio-8080-exec-7] DEBUG c.s.d.m.C.selectLnbSubList - <==      Total: 2
2025-01-07 09:35:12 [http-nio-8080-exec-1] DEBUG c.s.d.m.C.selectLnbSubList - <==      Total: 4
2025-01-07 09:35:12 [http-nio-8080-exec-4] DEBUG org.mybatis.spring.SqlSessionUtils - Closing non transactional SqlSession [org.apache.ibatis.session.defaults.DefaultSqlSession@5f21af22]
2025-01-07 09:35:12 [http-nio-8080-exec-1] DEBUG org.mybatis.spring.SqlSessionUtils - Closing non transactional SqlSession [org.apache.ibatis.session.defaults.DefaultSqlSession@6355cf1]
2025-01-07 09:35:12 [http-nio-8080-exec-7] DEBUG org.mybatis.spring.SqlSessionUtils - Closing non transactional SqlSession [org.apache.ibatis.session.defaults.DefaultSqlSession@58658406]
2025-01-07 09:35:13 [http-nio-8080-exec-9] ERROR org.thymeleaf.TemplateEngine - [THYMELEAF][http-nio-8080-exec-9] Exception processing template "view/service1": Error resolving template [view/service1], template might not exist or might not be accessible by any of the configured Template Resolvers
org.thymeleaf.exceptions.TemplateInputException: Error resolving template [view/service1], template might not exist or might not be accessible by any of the configured Template Resolvers
	at org.thymeleaf.engine.TemplateManager.resolveTemplate(TemplateManager.java:869)
	at org.thymeleaf.engine.TemplateManager.parseAndProcess(TemplateManager.java:607)
	at org.thymeleaf.TemplateEngine.process(TemplateEngine.java:1103)
	at org.thymeleaf.TemplateEngine.process(TemplateEngine.java:1077)
	at org.thymeleaf.spring6.view.ThymeleafView.renderFragment(ThymeleafView.java:372)
	at org.thymeleaf.spring6.view.ThymeleafView.render(ThymeleafView.java:192)
	at org.springframework.web.servlet.DispatcherServlet.render(DispatcherServlet.java:1435)
	at org.springframework.web.servlet.DispatcherServlet.processDispatchResult(DispatcherServlet.java:1167)
	at org.springframework.web.servlet.DispatcherServlet.doDispatch(DispatcherServlet.java:1105)
	at org.springframework.web.servlet.DispatcherServlet.doService(DispatcherServlet.java:978)
	at org.springframework.web.servlet.FrameworkServlet.processRequest(FrameworkServlet.java:1014)
	at org.springframework.web.servlet.FrameworkServlet.doGet(FrameworkServlet.java:903)
	at jakarta.servlet.http.HttpServlet.service(HttpServlet.java:564)
	at org.springframework.web.servlet.FrameworkServlet.service(FrameworkServlet.java:885)
	at jakarta.servlet.http.HttpServlet.service(HttpServlet.java:658)
	at org.apache.catalina.core.ApplicationFilterChain.internalDoFilter(ApplicationFilterChain.java:195)
	at org.apache.catalina.core.ApplicationFilterChain.doFilter(ApplicationFilterChain.java:140)
	at org.apache.tomcat.websocket.server.WsFilter.doFilter(WsFilter.java:51)
	at org.apache.catalina.core.ApplicationFilterChain.internalDoFilter(ApplicationFilterChain.java:164)
	at org.apache.catalina.core.ApplicationFilterChain.doFilter(ApplicationFilterChain.java:140)
	at org.springframework.web.filter.RequestContextFilter.doFilterInternal(RequestContextFilter.java:100)
	at org.springframework.web.filter.OncePerRequestFilter.doFilter(OncePerRequestFilter.java:116)
	at org.apache.catalina.core.ApplicationFilterChain.internalDoFilter(ApplicationFilterChain.java:164)
	at org.apache.catalina.core.ApplicationFilterChain.doFilter(ApplicationFilterChain.java:140)
	at org.springframework.web.filter.FormContentFilter.doFilterInternal(FormContentFilter.java:93)
	at org.springframework.web.filter.OncePerRequestFilter.doFilter(OncePerRequestFilter.java:116)
	at org.apache.catalina.core.ApplicationFilterChain.internalDoFilter(ApplicationFilterChain.java:164)
	at org.apache.catalina.core.ApplicationFilterChain.doFilter(ApplicationFilterChain.java:140)
	at org.springframework.web.filter.CharacterEncodingFilter.doFilterInternal(CharacterEncodingFilter.java:201)
	at org.springframework.web.filter.OncePerRequestFilter.doFilter(OncePerRequestFilter.java:116)
	at org.apache.catalina.core.ApplicationFilterChain.internalDoFilter(ApplicationFilterChain.java:164)
	at org.apache.catalina.core.ApplicationFilterChain.doFilter(ApplicationFilterChain.java:140)
	at org.apache.catalina.core.StandardWrapperValve.invoke(StandardWrapperValve.java:167)
	at org.apache.catalina.core.StandardContextValve.invoke(StandardContextValve.java:90)
	at org.apache.catalina.authenticator.AuthenticatorBase.invoke(AuthenticatorBase.java:483)
	at org.apache.catalina.core.StandardHostValve.invoke(StandardHostValve.java:115)
	at org.apache.catalina.valves.ErrorReportValve.invoke(ErrorReportValve.java:93)
	at org.apache.catalina.core.StandardEngineValve.invoke(StandardEngineValve.java:74)
	at org.apache.catalina.connector.CoyoteAdapter.service(CoyoteAdapter.java:344)
	at org.apache.coyote.http11.Http11Processor.service(Http11Processor.java:397)
	at org.apache.coyote.AbstractProcessorLight.process(AbstractProcessorLight.java:63)
	at org.apache.coyote.AbstractProtocol$ConnectionHandler.process(AbstractProtocol.java:905)
	at org.apache.tomcat.util.net.NioEndpoint$SocketProcessor.doRun(NioEndpoint.java:1741)
	at org.apache.tomcat.util.net.SocketProcessorBase.run(SocketProcessorBase.java:52)
	at org.apache.tomcat.util.threads.ThreadPoolExecutor.runWorker(ThreadPoolExecutor.java:1190)
	at org.apache.tomcat.util.threads.ThreadPoolExecutor$Worker.run(ThreadPoolExecutor.java:659)
	at org.apache.tomcat.util.threads.TaskThread$WrappingRunnable.run(TaskThread.java:63)
	at java.base/java.lang.Thread.run(Thread.java:842)
2025-01-07 09:35:13 [http-nio-8080-exec-9] ERROR o.a.c.c.C.[.[.[.[dispatcherServlet] - Servlet.service() for servlet [dispatcherServlet] in context with path [] threw exception [Request processing failed: org.thymeleaf.exceptions.TemplateInputException: Error resolving template [view/service1], template might not exist or might not be accessible by any of the configured Template Resolvers] with root cause
org.thymeleaf.exceptions.TemplateInputException: Error resolving template [view/service1], template might not exist or might not be accessible by any of the configured Template Resolvers
	at org.thymeleaf.engine.TemplateManager.resolveTemplate(TemplateManager.java:869)
	at org.thymeleaf.engine.TemplateManager.parseAndProcess(TemplateManager.java:607)
	at org.thymeleaf.TemplateEngine.process(TemplateEngine.java:1103)
	at org.thymeleaf.TemplateEngine.process(TemplateEngine.java:1077)
	at org.thymeleaf.spring6.view.ThymeleafView.renderFragment(ThymeleafView.java:372)
	at org.thymeleaf.spring6.view.ThymeleafView.render(ThymeleafView.java:192)
	at org.springframework.web.servlet.DispatcherServlet.render(DispatcherServlet.java:1435)
	at org.springframework.web.servlet.DispatcherServlet.processDispatchResult(DispatcherServlet.java:1167)
	at org.springframework.web.servlet.DispatcherServlet.doDispatch(DispatcherServlet.java:1105)
	at org.springframework.web.servlet.DispatcherServlet.doService(DispatcherServlet.java:978)
	at org.springframework.web.servlet.FrameworkServlet.processRequest(FrameworkServlet.java:1014)
	at org.springframework.web.servlet.FrameworkServlet.doGet(FrameworkServlet.java:903)
	at jakarta.servlet.http.HttpServlet.service(HttpServlet.java:564)
	at org.springframework.web.servlet.FrameworkServlet.service(FrameworkServlet.java:885)
	at jakarta.servlet.http.HttpServlet.service(HttpServlet.java:658)
	at org.apache.catalina.core.ApplicationFilterChain.internalDoFilter(ApplicationFilterChain.java:195)
	at org.apache.catalina.core.ApplicationFilterChain.doFilter(ApplicationFilterChain.java:140)
	at org.apache.tomcat.websocket.server.WsFilter.doFilter(WsFilter.java:51)
	at org.apache.catalina.core.ApplicationFilterChain.internalDoFilter(ApplicationFilterChain.java:164)
	at org.apache.catalina.core.ApplicationFilterChain.doFilter(ApplicationFilterChain.java:140)
	at org.springframework.web.filter.RequestContextFilter.doFilterInternal(RequestContextFilter.java:100)
	at org.springframework.web.filter.OncePerRequestFilter.doFilter(OncePerRequestFilter.java:116)
	at org.apache.catalina.core.ApplicationFilterChain.internalDoFilter(ApplicationFilterChain.java:164)
	at org.apache.catalina.core.ApplicationFilterChain.doFilter(ApplicationFilterChain.java:140)
	at org.springframework.web.filter.FormContentFilter.doFilterInternal(FormContentFilter.java:93)
	at org.springframework.web.filter.OncePerRequestFilter.doFilter(OncePerRequestFilter.java:116)
	at org.apache.catalina.core.ApplicationFilterChain.internalDoFilter(ApplicationFilterChain.java:164)
	at org.apache.catalina.core.ApplicationFilterChain.doFilter(ApplicationFilterChain.java:140)
	at org.springframework.web.filter.CharacterEncodingFilter.doFilterInternal(CharacterEncodingFilter.java:201)
	at org.springframework.web.filter.OncePerRequestFilter.doFilter(OncePerRequestFilter.java:116)
	at org.apache.catalina.core.ApplicationFilterChain.internalDoFilter(ApplicationFilterChain.java:164)
	at org.apache.catalina.core.ApplicationFilterChain.doFilter(ApplicationFilterChain.java:140)
	at org.apache.catalina.core.StandardWrapperValve.invoke(StandardWrapperValve.java:167)
	at org.apache.catalina.core.StandardContextValve.invoke(StandardContextValve.java:90)
	at org.apache.catalina.authenticator.AuthenticatorBase.invoke(AuthenticatorBase.java:483)
	at org.apache.catalina.core.StandardHostValve.invoke(StandardHostValve.java:115)
	at org.apache.catalina.valves.ErrorReportValve.invoke(ErrorReportValve.java:93)
	at org.apache.catalina.core.StandardEngineValve.invoke(StandardEngineValve.java:74)
	at org.apache.catalina.connector.CoyoteAdapter.service(CoyoteAdapter.java:344)
	at org.apache.coyote.http11.Http11Processor.service(Http11Processor.java:397)
	at org.apache.coyote.AbstractProcessorLight.process(AbstractProcessorLight.java:63)
	at org.apache.coyote.AbstractProtocol$ConnectionHandler.process(AbstractProtocol.java:905)
	at org.apache.tomcat.util.net.NioEndpoint$SocketProcessor.doRun(NioEndpoint.java:1741)
	at org.apache.tomcat.util.net.SocketProcessorBase.run(SocketProcessorBase.java:52)
	at org.apache.tomcat.util.threads.ThreadPoolExecutor.runWorker(ThreadPoolExecutor.java:1190)
	at org.apache.tomcat.util.threads.ThreadPoolExecutor$Worker.run(ThreadPoolExecutor.java:659)
	at org.apache.tomcat.util.threads.TaskThread$WrappingRunnable.run(TaskThread.java:63)
	at java.base/java.lang.Thread.run(Thread.java:842)
2025-01-07 09:35:17 [http-nio-8080-exec-8] ERROR org.thymeleaf.TemplateEngine - [THYMELEAF][http-nio-8080-exec-8] Exception processing template "view/about": Error resolving template [view/about], template might not exist or might not be accessible by any of the configured Template Resolvers
org.thymeleaf.exceptions.TemplateInputException: Error resolving template [view/about], template might not exist or might not be accessible by any of the configured Template Resolvers
	at org.thymeleaf.engine.TemplateManager.resolveTemplate(TemplateManager.java:869)
	at org.thymeleaf.engine.TemplateManager.parseAndProcess(TemplateManager.java:607)
	at org.thymeleaf.TemplateEngine.process(TemplateEngine.java:1103)
	at org.thymeleaf.TemplateEngine.process(TemplateEngine.java:1077)
	at org.thymeleaf.spring6.view.ThymeleafView.renderFragment(ThymeleafView.java:372)
	at org.thymeleaf.spring6.view.ThymeleafView.render(ThymeleafView.java:192)
	at org.springframework.web.servlet.DispatcherServlet.render(DispatcherServlet.java:1435)
	at org.springframework.web.servlet.DispatcherServlet.processDispatchResult(DispatcherServlet.java:1167)
	at org.springframework.web.servlet.DispatcherServlet.doDispatch(DispatcherServlet.java:1105)
	at org.springframework.web.servlet.DispatcherServlet.doService(DispatcherServlet.java:978)
	at org.springframework.web.servlet.FrameworkServlet.processRequest(FrameworkServlet.java:1014)
	at org.springframework.web.servlet.FrameworkServlet.doGet(FrameworkServlet.java:903)
	at jakarta.servlet.http.HttpServlet.service(HttpServlet.java:564)
	at org.springframework.web.servlet.FrameworkServlet.service(FrameworkServlet.java:885)
	at jakarta.servlet.http.HttpServlet.service(HttpServlet.java:658)
	at org.apache.catalina.core.ApplicationFilterChain.internalDoFilter(ApplicationFilterChain.java:195)
	at org.apache.catalina.core.ApplicationFilterChain.doFilter(ApplicationFilterChain.java:140)
	at org.apache.tomcat.websocket.server.WsFilter.doFilter(WsFilter.java:51)
	at org.apache.catalina.core.ApplicationFilterChain.internalDoFilter(ApplicationFilterChain.java:164)
	at org.apache.catalina.core.ApplicationFilterChain.doFilter(ApplicationFilterChain.java:140)
	at org.springframework.web.filter.RequestContextFilter.doFilterInternal(RequestContextFilter.java:100)
	at org.springframework.web.filter.OncePerRequestFilter.doFilter(OncePerRequestFilter.java:116)
	at org.apache.catalina.core.ApplicationFilterChain.internalDoFilter(ApplicationFilterChain.java:164)
	at org.apache.catalina.core.ApplicationFilterChain.doFilter(ApplicationFilterChain.java:140)
	at org.springframework.web.filter.FormContentFilter.doFilterInternal(FormContentFilter.java:93)
	at org.springframework.web.filter.OncePerRequestFilter.doFilter(OncePerRequestFilter.java:116)
	at org.apache.catalina.core.ApplicationFilterChain.internalDoFilter(ApplicationFilterChain.java:164)
	at org.apache.catalina.core.ApplicationFilterChain.doFilter(ApplicationFilterChain.java:140)
	at org.springframework.web.filter.CharacterEncodingFilter.doFilterInternal(CharacterEncodingFilter.java:201)
	at org.springframework.web.filter.OncePerRequestFilter.doFilter(OncePerRequestFilter.java:116)
	at org.apache.catalina.core.ApplicationFilterChain.internalDoFilter(ApplicationFilterChain.java:164)
	at org.apache.catalina.core.ApplicationFilterChain.doFilter(ApplicationFilterChain.java:140)
	at org.apache.catalina.core.StandardWrapperValve.invoke(StandardWrapperValve.java:167)
	at org.apache.catalina.core.StandardContextValve.invoke(StandardContextValve.java:90)
	at org.apache.catalina.authenticator.AuthenticatorBase.invoke(AuthenticatorBase.java:483)
	at org.apache.catalina.core.StandardHostValve.invoke(StandardHostValve.java:115)
	at org.apache.catalina.valves.ErrorReportValve.invoke(ErrorReportValve.java:93)
	at org.apache.catalina.core.StandardEngineValve.invoke(StandardEngineValve.java:74)
	at org.apache.catalina.connector.CoyoteAdapter.service(CoyoteAdapter.java:344)
	at org.apache.coyote.http11.Http11Processor.service(Http11Processor.java:397)
	at org.apache.coyote.AbstractProcessorLight.process(AbstractProcessorLight.java:63)
	at org.apache.coyote.AbstractProtocol$ConnectionHandler.process(AbstractProtocol.java:905)
	at org.apache.tomcat.util.net.NioEndpoint$SocketProcessor.doRun(NioEndpoint.java:1741)
	at org.apache.tomcat.util.net.SocketProcessorBase.run(SocketProcessorBase.java:52)
	at org.apache.tomcat.util.threads.ThreadPoolExecutor.runWorker(ThreadPoolExecutor.java:1190)
	at org.apache.tomcat.util.threads.ThreadPoolExecutor$Worker.run(ThreadPoolExecutor.java:659)
	at org.apache.tomcat.util.threads.TaskThread$WrappingRunnable.run(TaskThread.java:63)
	at java.base/java.lang.Thread.run(Thread.java:842)
2025-01-07 09:35:17 [http-nio-8080-exec-8] ERROR o.a.c.c.C.[.[.[.[dispatcherServlet] - Servlet.service() for servlet [dispatcherServlet] in context with path [] threw exception [Request processing failed: org.thymeleaf.exceptions.TemplateInputException: Error resolving template [view/about], template might not exist or might not be accessible by any of the configured Template Resolvers] with root cause
org.thymeleaf.exceptions.TemplateInputException: Error resolving template [view/about], template might not exist or might not be accessible by any of the configured Template Resolvers
	at org.thymeleaf.engine.TemplateManager.resolveTemplate(TemplateManager.java:869)
	at org.thymeleaf.engine.TemplateManager.parseAndProcess(TemplateManager.java:607)
	at org.thymeleaf.TemplateEngine.process(TemplateEngine.java:1103)
	at org.thymeleaf.TemplateEngine.process(TemplateEngine.java:1077)
	at org.thymeleaf.spring6.view.ThymeleafView.renderFragment(ThymeleafView.java:372)
	at org.thymeleaf.spring6.view.ThymeleafView.render(ThymeleafView.java:192)
	at org.springframework.web.servlet.DispatcherServlet.render(DispatcherServlet.java:1435)
	at org.springframework.web.servlet.DispatcherServlet.processDispatchResult(DispatcherServlet.java:1167)
	at org.springframework.web.servlet.DispatcherServlet.doDispatch(DispatcherServlet.java:1105)
	at org.springframework.web.servlet.DispatcherServlet.doService(DispatcherServlet.java:978)
	at org.springframework.web.servlet.FrameworkServlet.processRequest(FrameworkServlet.java:1014)
	at org.springframework.web.servlet.FrameworkServlet.doGet(FrameworkServlet.java:903)
	at jakarta.servlet.http.HttpServlet.service(HttpServlet.java:564)
	at org.springframework.web.servlet.FrameworkServlet.service(FrameworkServlet.java:885)
	at jakarta.servlet.http.HttpServlet.service(HttpServlet.java:658)
	at org.apache.catalina.core.ApplicationFilterChain.internalDoFilter(ApplicationFilterChain.java:195)
	at org.apache.catalina.core.ApplicationFilterChain.doFilter(ApplicationFilterChain.java:140)
	at org.apache.tomcat.websocket.server.WsFilter.doFilter(WsFilter.java:51)
	at org.apache.catalina.core.ApplicationFilterChain.internalDoFilter(ApplicationFilterChain.java:164)
	at org.apache.catalina.core.ApplicationFilterChain.doFilter(ApplicationFilterChain.java:140)
	at org.springframework.web.filter.RequestContextFilter.doFilterInternal(RequestContextFilter.java:100)
	at org.springframework.web.filter.OncePerRequestFilter.doFilter(OncePerRequestFilter.java:116)
	at org.apache.catalina.core.ApplicationFilterChain.internalDoFilter(ApplicationFilterChain.java:164)
	at org.apache.catalina.core.ApplicationFilterChain.doFilter(ApplicationFilterChain.java:140)
	at org.springframework.web.filter.FormContentFilter.doFilterInternal(FormContentFilter.java:93)
	at org.springframework.web.filter.OncePerRequestFilter.doFilter(OncePerRequestFilter.java:116)
	at org.apache.catalina.core.ApplicationFilterChain.internalDoFilter(ApplicationFilterChain.java:164)
	at org.apache.catalina.core.ApplicationFilterChain.doFilter(ApplicationFilterChain.java:140)
	at org.springframework.web.filter.CharacterEncodingFilter.doFilterInternal(CharacterEncodingFilter.java:201)
	at org.springframework.web.filter.OncePerRequestFilter.doFilter(OncePerRequestFilter.java:116)
	at org.apache.catalina.core.ApplicationFilterChain.internalDoFilter(ApplicationFilterChain.java:164)
	at org.apache.catalina.core.ApplicationFilterChain.doFilter(ApplicationFilterChain.java:140)
	at org.apache.catalina.core.StandardWrapperValve.invoke(StandardWrapperValve.java:167)
	at org.apache.catalina.core.StandardContextValve.invoke(StandardContextValve.java:90)
	at org.apache.catalina.authenticator.AuthenticatorBase.invoke(AuthenticatorBase.java:483)
	at org.apache.catalina.core.StandardHostValve.invoke(StandardHostValve.java:115)
	at org.apache.catalina.valves.ErrorReportValve.invoke(ErrorReportValve.java:93)
	at org.apache.catalina.core.StandardEngineValve.invoke(StandardEngineValve.java:74)
	at org.apache.catalina.connector.CoyoteAdapter.service(CoyoteAdapter.java:344)
	at org.apache.coyote.http11.Http11Processor.service(Http11Processor.java:397)
	at org.apache.coyote.AbstractProcessorLight.process(AbstractProcessorLight.java:63)
	at org.apache.coyote.AbstractProtocol$ConnectionHandler.process(AbstractProtocol.java:905)
	at org.apache.tomcat.util.net.NioEndpoint$SocketProcessor.doRun(NioEndpoint.java:1741)
	at org.apache.tomcat.util.net.SocketProcessorBase.run(SocketProcessorBase.java:52)
	at org.apache.tomcat.util.threads.ThreadPoolExecutor.runWorker(ThreadPoolExecutor.java:1190)
	at org.apache.tomcat.util.threads.ThreadPoolExecutor$Worker.run(ThreadPoolExecutor.java:659)
	at org.apache.tomcat.util.threads.TaskThread$WrappingRunnable.run(TaskThread.java:63)
	at java.base/java.lang.Thread.run(Thread.java:842)
2025-01-07 09:35:34 [RMI TCP Connection(18)-127.0.0.1] INFO  o.s.b.a.SpringApplicationAdminMXBeanRegistrar$SpringApplicationAdmin - Application shutdown requested.
2025-01-07 09:35:34 [RMI TCP Connection(18)-127.0.0.1] INFO  o.s.b.w.e.tomcat.GracefulShutdown - Commencing graceful shutdown. Waiting for active requests to complete
2025-01-07 09:35:34 [tomcat-shutdown] INFO  o.a.coyote.http11.Http11NioProtocol - Pausing ProtocolHandler ["http-nio-8080"]
2025-01-07 09:35:34 [tomcat-shutdown] INFO  o.s.b.w.e.tomcat.GracefulShutdown - Graceful shutdown complete
2025-01-07 09:35:34 [RMI TCP Connection(18)-127.0.0.1] INFO  o.a.coyote.http11.Http11NioProtocol - Stopping ProtocolHandler ["http-nio-8080"]
2025-01-07 09:35:34 [RMI TCP Connection(18)-127.0.0.1] INFO  com.zaxxer.hikari.HikariDataSource - HikariPool-1 - Shutdown initiated...
2025-01-07 09:35:34 [RMI TCP Connection(18)-127.0.0.1] INFO  com.zaxxer.hikari.HikariDataSource - HikariPool-1 - Shutdown completed.
2025-01-07 09:36:59 [restartedMain] INFO  c.s.devspring.DevspringApplication - Starting DevspringApplication using Java 17.0.12 with PID 17996 (D:\Spring\sts-4.4\workspace\devspring\bin\main started by aatjx in D:\Spring\sts-4.4\workspace\devspring)
2025-01-07 09:36:59 [restartedMain] INFO  c.s.devspring.DevspringApplication - No active profile set, falling back to 1 default profile: "default"
2025-01-07 09:37:00 [restartedMain] INFO  o.s.b.d.e.DevToolsPropertyDefaultsPostProcessor - Devtools property defaults active! Set 'spring.devtools.add-properties' to 'false' to disable
2025-01-07 09:37:00 [restartedMain] INFO  o.s.b.d.e.DevToolsPropertyDefaultsPostProcessor - For additional web related logging consider setting the 'logging.level.web' property to 'DEBUG'
2025-01-07 09:37:00 [restartedMain] DEBUG o.apache.ibatis.logging.LogFactory - Logging initialized using 'class org.apache.ibatis.logging.slf4j.Slf4jImpl' adapter.
2025-01-07 09:37:00 [restartedMain] DEBUG o.m.s.mapper.ClassPathMapperScanner - Identified candidate component class: file [D:\Spring\sts-4.4\workspace\devspring\bin\main\com\spring\devspring\mapper\BoardMapper.class]
2025-01-07 09:37:00 [restartedMain] DEBUG o.m.s.mapper.ClassPathMapperScanner - Identified candidate component class: file [D:\Spring\sts-4.4\workspace\devspring\bin\main\com\spring\devspring\mapper\CommonMapper.class]
2025-01-07 09:37:00 [restartedMain] DEBUG o.m.s.mapper.ClassPathMapperScanner - Creating MapperFactoryBean with name 'boardMapper' and 'com.spring.devspring.mapper.BoardMapper' mapperInterface
2025-01-07 09:37:00 [restartedMain] DEBUG o.m.s.mapper.ClassPathMapperScanner - Creating MapperFactoryBean with name 'commonMapper' and 'com.spring.devspring.mapper.CommonMapper' mapperInterface
2025-01-07 09:37:00 [restartedMain] INFO  o.s.b.w.e.tomcat.TomcatWebServer - Tomcat initialized with port 8080 (http)
2025-01-07 09:37:00 [restartedMain] INFO  o.a.coyote.http11.Http11NioProtocol - Initializing ProtocolHandler ["http-nio-8080"]
2025-01-07 09:37:00 [restartedMain] INFO  o.a.catalina.core.StandardService - Starting service [Tomcat]
2025-01-07 09:37:00 [restartedMain] INFO  o.a.catalina.core.StandardEngine - Starting Servlet engine: [Apache Tomcat/10.1.34]
2025-01-07 09:37:00 [restartedMain] INFO  o.a.c.c.C.[Tomcat].[localhost].[/] - Initializing Spring embedded WebApplicationContext
2025-01-07 09:37:00 [restartedMain] INFO  o.s.b.w.s.c.ServletWebServerApplicationContext - Root WebApplicationContext: initialization completed in 628 ms
2025-01-07 09:37:00 [restartedMain] DEBUG o.m.spring.SqlSessionFactoryBean - Property 'configuration' or 'configLocation' not specified, using default MyBatis Configuration
2025-01-07 09:37:00 [restartedMain] DEBUG o.m.spring.SqlSessionFactoryBean - Parsed mapper file: 'file [D:\Spring\sts-4.4\workspace\devspring\bin\main\static\mapper\BoardMapper.xml]'
2025-01-07 09:37:00 [restartedMain] DEBUG o.m.spring.SqlSessionFactoryBean - Parsed mapper file: 'file [D:\Spring\sts-4.4\workspace\devspring\bin\main\static\mapper\CommonMapper.xml]'
2025-01-07 09:37:01 [restartedMain] INFO  o.s.b.d.a.OptionalLiveReloadServer - LiveReload server is running on port 35729
2025-01-07 09:37:01 [restartedMain] INFO  o.a.coyote.http11.Http11NioProtocol - Starting ProtocolHandler ["http-nio-8080"]
2025-01-07 09:37:01 [restartedMain] INFO  o.s.b.w.e.tomcat.TomcatWebServer - Tomcat started on port 8080 (http) with context path '/'
2025-01-07 09:37:01 [restartedMain] INFO  c.s.devspring.DevspringApplication - Started DevspringApplication in 1.398 seconds (process running for 1.78)
2025-01-07 09:37:15 [http-nio-8080-exec-1] INFO  o.a.c.c.C.[Tomcat].[localhost].[/] - Initializing Spring DispatcherServlet 'dispatcherServlet'
2025-01-07 09:37:15 [http-nio-8080-exec-1] INFO  o.s.web.servlet.DispatcherServlet - Initializing Servlet 'dispatcherServlet'
2025-01-07 09:37:15 [http-nio-8080-exec-1] INFO  o.s.web.servlet.DispatcherServlet - Completed initialization in 0 ms
2025-01-07 09:37:15 [File Watcher] INFO  o.s.b.d.a.LocalDevToolsAutoConfiguration$RestartingClassPathChangeChangedEventListener - Restarting due to 1 class path change (0 additions, 0 deletions, 1 modification)
2025-01-07 09:37:15 [Thread-5] INFO  o.s.b.w.e.tomcat.GracefulShutdown - Commencing graceful shutdown. Waiting for active requests to complete
2025-01-07 09:37:15 [tomcat-shutdown] INFO  o.a.coyote.http11.Http11NioProtocol - Pausing ProtocolHandler ["http-nio-8080"]
2025-01-07 09:37:15 [http-nio-8080-exec-1] WARN  o.t.s.p.AbstractStandardFragmentInsertionTagProcessor - [THYMELEAF][http-nio-8080-exec-1][common/layout/layout] Deprecated unwrapped fragment expression "common/fragments/header::header" found in template common/layout/layout, line 29, col 10. Please use the complete syntax of fragment expressions instead ("~{common/fragments/header::header}"). The old, unwrapped syntax for fragment expressions will be removed in future versions of Thymeleaf.
2025-01-07 09:37:15 [http-nio-8080-exec-1] WARN  o.t.s.p.AbstractStandardFragmentInsertionTagProcessor - [THYMELEAF][http-nio-8080-exec-1][common/layout/layout] Deprecated unwrapped fragment expression "common/fragments/footer::footer" found in template common/layout/layout, line 33, col 10. Please use the complete syntax of fragment expressions instead ("~{common/fragments/footer::footer}"). The old, unwrapped syntax for fragment expressions will be removed in future versions of Thymeleaf.
2025-01-07 09:37:16 [tomcat-shutdown] INFO  o.s.b.w.e.tomcat.GracefulShutdown - Graceful shutdown complete
2025-01-07 09:37:16 [Thread-5] INFO  o.a.coyote.http11.Http11NioProtocol - Stopping ProtocolHandler ["http-nio-8080"]
2025-01-07 09:37:16 [restartedMain] INFO  c.s.devspring.DevspringApplication - Starting DevspringApplication using Java 17.0.12 with PID 17996 (D:\Spring\sts-4.4\workspace\devspring\bin\main started by aatjx in D:\Spring\sts-4.4\workspace\devspring)
2025-01-07 09:37:16 [restartedMain] INFO  c.s.devspring.DevspringApplication - No active profile set, falling back to 1 default profile: "default"
2025-01-07 09:37:16 [restartedMain] DEBUG o.m.s.mapper.ClassPathMapperScanner - Identified candidate component class: file [D:\Spring\sts-4.4\workspace\devspring\bin\main\com\spring\devspring\mapper\BoardMapper.class]
2025-01-07 09:37:16 [restartedMain] DEBUG o.m.s.mapper.ClassPathMapperScanner - Identified candidate component class: file [D:\Spring\sts-4.4\workspace\devspring\bin\main\com\spring\devspring\mapper\CommonMapper.class]
2025-01-07 09:37:16 [restartedMain] DEBUG o.m.s.mapper.ClassPathMapperScanner - Creating MapperFactoryBean with name 'boardMapper' and 'com.spring.devspring.mapper.BoardMapper' mapperInterface
2025-01-07 09:37:16 [restartedMain] DEBUG o.m.s.mapper.ClassPathMapperScanner - Creating MapperFactoryBean with name 'commonMapper' and 'com.spring.devspring.mapper.CommonMapper' mapperInterface
2025-01-07 09:37:16 [restartedMain] INFO  o.s.b.w.e.tomcat.TomcatWebServer - Tomcat initialized with port 8080 (http)
2025-01-07 09:37:16 [restartedMain] INFO  o.a.coyote.http11.Http11NioProtocol - Initializing ProtocolHandler ["http-nio-8080"]
2025-01-07 09:37:16 [restartedMain] INFO  o.a.catalina.core.StandardService - Starting service [Tomcat]
2025-01-07 09:37:16 [restartedMain] INFO  o.a.catalina.core.StandardEngine - Starting Servlet engine: [Apache Tomcat/10.1.34]
2025-01-07 09:37:16 [restartedMain] INFO  o.a.c.c.C.[Tomcat].[localhost].[/] - Initializing Spring embedded WebApplicationContext
2025-01-07 09:37:16 [restartedMain] INFO  o.s.b.w.s.c.ServletWebServerApplicationContext - Root WebApplicationContext: initialization completed in 157 ms
2025-01-07 09:37:16 [restartedMain] DEBUG o.m.spring.SqlSessionFactoryBean - Property 'configuration' or 'configLocation' not specified, using default MyBatis Configuration
2025-01-07 09:37:16 [restartedMain] DEBUG o.m.spring.SqlSessionFactoryBean - Parsed mapper file: 'file [D:\Spring\sts-4.4\workspace\devspring\bin\main\static\mapper\BoardMapper.xml]'
2025-01-07 09:37:16 [restartedMain] DEBUG o.m.spring.SqlSessionFactoryBean - Parsed mapper file: 'file [D:\Spring\sts-4.4\workspace\devspring\bin\main\static\mapper\CommonMapper.xml]'
2025-01-07 09:37:16 [restartedMain] INFO  o.s.b.d.a.OptionalLiveReloadServer - LiveReload server is running on port 35729
2025-01-07 09:37:16 [restartedMain] INFO  o.a.coyote.http11.Http11NioProtocol - Starting ProtocolHandler ["http-nio-8080"]
2025-01-07 09:37:16 [restartedMain] INFO  o.s.b.w.e.tomcat.TomcatWebServer - Tomcat started on port 8080 (http) with context path '/'
2025-01-07 09:37:16 [restartedMain] INFO  c.s.devspring.DevspringApplication - Started DevspringApplication in 0.273 seconds (process running for 16.984)
2025-01-07 09:37:16 [restartedMain] INFO  o.s.b.d.a.ConditionEvaluationDeltaLoggingListener - Condition evaluation unchanged
2025-01-07 09:37:16 [http-nio-8080-exec-4] INFO  o.a.c.c.C.[Tomcat].[localhost].[/] - Initializing Spring DispatcherServlet 'dispatcherServlet'
2025-01-07 09:37:16 [http-nio-8080-exec-4] INFO  o.s.web.servlet.DispatcherServlet - Initializing Servlet 'dispatcherServlet'
2025-01-07 09:37:16 [http-nio-8080-exec-4] INFO  o.s.web.servlet.DispatcherServlet - Completed initialization in 0 ms
2025-01-07 09:37:16 [http-nio-8080-exec-8] DEBUG org.mybatis.spring.SqlSessionUtils - Creating a new SqlSession
2025-01-07 09:37:16 [http-nio-8080-exec-8] DEBUG org.mybatis.spring.SqlSessionUtils - SqlSession [org.apache.ibatis.session.defaults.DefaultSqlSession@371e184c] was not registered for synchronization because synchronization is not active
2025-01-07 09:37:16 [http-nio-8080-exec-8] INFO  com.zaxxer.hikari.HikariDataSource - HikariPool-1 - Starting...
2025-01-07 09:37:16 [http-nio-8080-exec-8] INFO  com.zaxxer.hikari.pool.HikariPool - HikariPool-1 - Added connection com.mysql.cj.jdbc.ConnectionImpl@3d4c865c
2025-01-07 09:37:16 [http-nio-8080-exec-8] INFO  com.zaxxer.hikari.HikariDataSource - HikariPool-1 - Start completed.
2025-01-07 09:37:16 [http-nio-8080-exec-8] DEBUG o.m.s.t.SpringManagedTransaction - JDBC Connection [HikariProxyConnection@1413232861 wrapping com.mysql.cj.jdbc.ConnectionImpl@3d4c865c] will not be managed by Spring
2025-01-07 09:37:16 [http-nio-8080-exec-8] DEBUG c.s.d.m.CommonMapper.selectLnbList - ==>  Preparing: SELECT CT_LNB_IDX AS ctLnbIdx, CT_LNB_ID AS ctLnbId, CT_LNB_NAME AS ctLnbName, CT_LNB_SUB_YN AS ctLnbSubYn, CT_LNB_URL AS ctLnbUrl, CT_LNB_USE_YN AS ctLnbUseYn FROM CT_LNB WHERE CT_LNB_USE_YN = 'Y' ORDER BY CT_LNB_IDX
2025-01-07 09:37:16 [http-nio-8080-exec-8] DEBUG c.s.d.m.CommonMapper.selectLnbList - ==> Parameters: 
2025-01-07 09:37:16 [http-nio-8080-exec-8] DEBUG c.s.d.m.CommonMapper.selectLnbList - <==      Total: 4
2025-01-07 09:37:16 [http-nio-8080-exec-8] DEBUG org.mybatis.spring.SqlSessionUtils - Closing non transactional SqlSession [org.apache.ibatis.session.defaults.DefaultSqlSession@371e184c]
2025-01-07 09:37:16 [http-nio-8080-exec-9] DEBUG org.mybatis.spring.SqlSessionUtils - Creating a new SqlSession
2025-01-07 09:37:16 [http-nio-8080-exec-9] DEBUG org.mybatis.spring.SqlSessionUtils - SqlSession [org.apache.ibatis.session.defaults.DefaultSqlSession@150dba43] was not registered for synchronization because synchronization is not active
2025-01-07 09:37:16 [http-nio-8080-exec-9] DEBUG o.m.s.t.SpringManagedTransaction - JDBC Connection [HikariProxyConnection@466245266 wrapping com.mysql.cj.jdbc.ConnectionImpl@3d4c865c] will not be managed by Spring
2025-01-07 09:37:16 [http-nio-8080-exec-9] DEBUG c.s.d.m.CommonMapper.selectLnbList - ==>  Preparing: SELECT CT_LNB_IDX AS ctLnbIdx, CT_LNB_ID AS ctLnbId, CT_LNB_NAME AS ctLnbName, CT_LNB_SUB_YN AS ctLnbSubYn, CT_LNB_URL AS ctLnbUrl, CT_LNB_USE_YN AS ctLnbUseYn FROM CT_LNB WHERE CT_LNB_USE_YN = 'Y' ORDER BY CT_LNB_IDX
2025-01-07 09:37:16 [http-nio-8080-exec-9] DEBUG c.s.d.m.CommonMapper.selectLnbList - ==> Parameters: 
2025-01-07 09:37:16 [http-nio-8080-exec-9] DEBUG c.s.d.m.CommonMapper.selectLnbList - <==      Total: 4
2025-01-07 09:37:16 [http-nio-8080-exec-9] DEBUG org.mybatis.spring.SqlSessionUtils - Closing non transactional SqlSession [org.apache.ibatis.session.defaults.DefaultSqlSession@150dba43]
2025-01-07 09:37:16 [http-nio-8080-exec-6] DEBUG org.mybatis.spring.SqlSessionUtils - Creating a new SqlSession
2025-01-07 09:37:16 [http-nio-8080-exec-5] DEBUG org.mybatis.spring.SqlSessionUtils - Creating a new SqlSession
2025-01-07 09:37:16 [http-nio-8080-exec-10] DEBUG org.mybatis.spring.SqlSessionUtils - Creating a new SqlSession
2025-01-07 09:37:16 [http-nio-8080-exec-6] DEBUG org.mybatis.spring.SqlSessionUtils - SqlSession [org.apache.ibatis.session.defaults.DefaultSqlSession@4a516ec] was not registered for synchronization because synchronization is not active
2025-01-07 09:37:16 [http-nio-8080-exec-5] DEBUG org.mybatis.spring.SqlSessionUtils - SqlSession [org.apache.ibatis.session.defaults.DefaultSqlSession@3c83c08a] was not registered for synchronization because synchronization is not active
2025-01-07 09:37:16 [http-nio-8080-exec-10] DEBUG org.mybatis.spring.SqlSessionUtils - SqlSession [org.apache.ibatis.session.defaults.DefaultSqlSession@44db52cd] was not registered for synchronization because synchronization is not active
2025-01-07 09:37:16 [http-nio-8080-exec-6] DEBUG o.m.s.t.SpringManagedTransaction - JDBC Connection [HikariProxyConnection@1526146931 wrapping com.mysql.cj.jdbc.ConnectionImpl@3d4c865c] will not be managed by Spring
2025-01-07 09:37:16 [http-nio-8080-exec-6] DEBUG c.s.d.m.C.selectLnbSubList - ==>  Preparing: SELECT CT_LNB_SUB_IDX AS ctLnbSubIdx, CT_LNB_ID AS ctLnbId, CT_LNB_SUB_ID AS ctLnbSubId, CT_LNB_SUB_NAME AS ctLnbSubName, CT_LNB_SUB_URL AS ctLnbSubUrl FROM CT_LNB_SUB WHERE CT_LNB_ID = ? ORDER BY CT_LNB_SUB_IDX
2025-01-07 09:37:16 [http-nio-8080-exec-6] DEBUG c.s.d.m.C.selectLnbSubList - ==> Parameters: CT_LNB_SERVICE(String)
2025-01-07 09:37:16 [http-nio-8080-exec-6] DEBUG c.s.d.m.C.selectLnbSubList - <==      Total: 4
2025-01-07 09:37:16 [http-nio-8080-exec-6] DEBUG org.mybatis.spring.SqlSessionUtils - Closing non transactional SqlSession [org.apache.ibatis.session.defaults.DefaultSqlSession@4a516ec]
2025-01-07 09:37:16 [http-nio-8080-exec-10] DEBUG o.m.s.t.SpringManagedTransaction - JDBC Connection [HikariProxyConnection@1447575681 wrapping com.mysql.cj.jdbc.ConnectionImpl@3d4c865c] will not be managed by Spring
2025-01-07 09:37:16 [http-nio-8080-exec-10] DEBUG c.s.d.m.C.selectLnbSubList - ==>  Preparing: SELECT CT_LNB_SUB_IDX AS ctLnbSubIdx, CT_LNB_ID AS ctLnbId, CT_LNB_SUB_ID AS ctLnbSubId, CT_LNB_SUB_NAME AS ctLnbSubName, CT_LNB_SUB_URL AS ctLnbSubUrl FROM CT_LNB_SUB WHERE CT_LNB_ID = ? ORDER BY CT_LNB_SUB_IDX
2025-01-07 09:37:16 [http-nio-8080-exec-10] DEBUG c.s.d.m.C.selectLnbSubList - ==> Parameters: CT_LNB_INFORMATION(String)
2025-01-07 09:37:16 [http-nio-8080-exec-10] DEBUG c.s.d.m.C.selectLnbSubList - <==      Total: 2
2025-01-07 09:37:16 [http-nio-8080-exec-10] DEBUG org.mybatis.spring.SqlSessionUtils - Closing non transactional SqlSession [org.apache.ibatis.session.defaults.DefaultSqlSession@44db52cd]
2025-01-07 09:37:16 [http-nio-8080-exec-5] DEBUG o.m.s.t.SpringManagedTransaction - JDBC Connection [HikariProxyConnection@705970371 wrapping com.mysql.cj.jdbc.ConnectionImpl@3d4c865c] will not be managed by Spring
2025-01-07 09:37:16 [http-nio-8080-exec-5] DEBUG c.s.d.m.C.selectLnbSubList - ==>  Preparing: SELECT CT_LNB_SUB_IDX AS ctLnbSubIdx, CT_LNB_ID AS ctLnbId, CT_LNB_SUB_ID AS ctLnbSubId, CT_LNB_SUB_NAME AS ctLnbSubName, CT_LNB_SUB_URL AS ctLnbSubUrl FROM CT_LNB_SUB WHERE CT_LNB_ID = ? ORDER BY CT_LNB_SUB_IDX
2025-01-07 09:37:16 [http-nio-8080-exec-5] DEBUG c.s.d.m.C.selectLnbSubList - ==> Parameters: CT_LNB_CONTACT(String)
2025-01-07 09:37:16 [http-nio-8080-exec-3] DEBUG org.mybatis.spring.SqlSessionUtils - Creating a new SqlSession
2025-01-07 09:37:16 [http-nio-8080-exec-3] DEBUG org.mybatis.spring.SqlSessionUtils - SqlSession [org.apache.ibatis.session.defaults.DefaultSqlSession@13e1e7e2] was not registered for synchronization because synchronization is not active
2025-01-07 09:37:16 [http-nio-8080-exec-5] DEBUG c.s.d.m.C.selectLnbSubList - <==      Total: 2
2025-01-07 09:37:16 [http-nio-8080-exec-5] DEBUG org.mybatis.spring.SqlSessionUtils - Closing non transactional SqlSession [org.apache.ibatis.session.defaults.DefaultSqlSession@3c83c08a]
2025-01-07 09:37:16 [http-nio-8080-exec-3] DEBUG o.m.s.t.SpringManagedTransaction - JDBC Connection [HikariProxyConnection@493202352 wrapping com.mysql.cj.jdbc.ConnectionImpl@3d4c865c] will not be managed by Spring
2025-01-07 09:37:16 [http-nio-8080-exec-3] DEBUG c.s.d.m.C.selectLnbSubList - ==>  Preparing: SELECT CT_LNB_SUB_IDX AS ctLnbSubIdx, CT_LNB_ID AS ctLnbId, CT_LNB_SUB_ID AS ctLnbSubId, CT_LNB_SUB_NAME AS ctLnbSubName, CT_LNB_SUB_URL AS ctLnbSubUrl FROM CT_LNB_SUB WHERE CT_LNB_ID = ? ORDER BY CT_LNB_SUB_IDX
2025-01-07 09:37:16 [http-nio-8080-exec-1] DEBUG org.mybatis.spring.SqlSessionUtils - Creating a new SqlSession
2025-01-07 09:37:16 [http-nio-8080-exec-1] DEBUG org.mybatis.spring.SqlSessionUtils - SqlSession [org.apache.ibatis.session.defaults.DefaultSqlSession@2aca438d] was not registered for synchronization because synchronization is not active
2025-01-07 09:37:16 [http-nio-8080-exec-3] DEBUG c.s.d.m.C.selectLnbSubList - ==> Parameters: CT_LNB_SERVICE(String)
2025-01-07 09:37:16 [http-nio-8080-exec-3] DEBUG c.s.d.m.C.selectLnbSubList - <==      Total: 4
2025-01-07 09:37:16 [http-nio-8080-exec-3] DEBUG org.mybatis.spring.SqlSessionUtils - Closing non transactional SqlSession [org.apache.ibatis.session.defaults.DefaultSqlSession@13e1e7e2]
2025-01-07 09:37:16 [http-nio-8080-exec-2] DEBUG org.mybatis.spring.SqlSessionUtils - Creating a new SqlSession
2025-01-07 09:37:16 [http-nio-8080-exec-1] DEBUG o.m.s.t.SpringManagedTransaction - JDBC Connection [HikariProxyConnection@197206920 wrapping com.mysql.cj.jdbc.ConnectionImpl@3d4c865c] will not be managed by Spring
2025-01-07 09:37:16 [http-nio-8080-exec-2] DEBUG org.mybatis.spring.SqlSessionUtils - SqlSession [org.apache.ibatis.session.defaults.DefaultSqlSession@2aa65e38] was not registered for synchronization because synchronization is not active
2025-01-07 09:37:16 [http-nio-8080-exec-1] DEBUG c.s.d.m.C.selectLnbSubList - ==>  Preparing: SELECT CT_LNB_SUB_IDX AS ctLnbSubIdx, CT_LNB_ID AS ctLnbId, CT_LNB_SUB_ID AS ctLnbSubId, CT_LNB_SUB_NAME AS ctLnbSubName, CT_LNB_SUB_URL AS ctLnbSubUrl FROM CT_LNB_SUB WHERE CT_LNB_ID = ? ORDER BY CT_LNB_SUB_IDX
2025-01-07 09:37:16 [http-nio-8080-exec-1] DEBUG c.s.d.m.C.selectLnbSubList - ==> Parameters: CT_LNB_INFORMATION(String)
2025-01-07 09:37:16 [http-nio-8080-exec-1] DEBUG c.s.d.m.C.selectLnbSubList - <==      Total: 2
2025-01-07 09:37:16 [http-nio-8080-exec-1] DEBUG org.mybatis.spring.SqlSessionUtils - Closing non transactional SqlSession [org.apache.ibatis.session.defaults.DefaultSqlSession@2aca438d]
2025-01-07 09:37:16 [http-nio-8080-exec-2] DEBUG o.m.s.t.SpringManagedTransaction - JDBC Connection [HikariProxyConnection@212176248 wrapping com.mysql.cj.jdbc.ConnectionImpl@3d4c865c] will not be managed by Spring
2025-01-07 09:37:16 [http-nio-8080-exec-2] DEBUG c.s.d.m.C.selectLnbSubList - ==>  Preparing: SELECT CT_LNB_SUB_IDX AS ctLnbSubIdx, CT_LNB_ID AS ctLnbId, CT_LNB_SUB_ID AS ctLnbSubId, CT_LNB_SUB_NAME AS ctLnbSubName, CT_LNB_SUB_URL AS ctLnbSubUrl FROM CT_LNB_SUB WHERE CT_LNB_ID = ? ORDER BY CT_LNB_SUB_IDX
2025-01-07 09:37:16 [http-nio-8080-exec-2] DEBUG c.s.d.m.C.selectLnbSubList - ==> Parameters: CT_LNB_CONTACT(String)
2025-01-07 09:37:16 [http-nio-8080-exec-2] DEBUG c.s.d.m.C.selectLnbSubList - <==      Total: 2
2025-01-07 09:37:16 [http-nio-8080-exec-2] DEBUG org.mybatis.spring.SqlSessionUtils - Closing non transactional SqlSession [org.apache.ibatis.session.defaults.DefaultSqlSession@2aa65e38]
2025-01-07 09:37:17 [http-nio-8080-exec-4] WARN  o.t.s.p.AbstractStandardFragmentInsertionTagProcessor - [THYMELEAF][http-nio-8080-exec-4][common/layout/layout] Deprecated unwrapped fragment expression "common/fragments/header::header" found in template common/layout/layout, line 29, col 10. Please use the complete syntax of fragment expressions instead ("~{common/fragments/header::header}"). The old, unwrapped syntax for fragment expressions will be removed in future versions of Thymeleaf.
2025-01-07 09:37:17 [http-nio-8080-exec-4] WARN  o.t.s.p.AbstractStandardFragmentInsertionTagProcessor - [THYMELEAF][http-nio-8080-exec-4][common/layout/layout] Deprecated unwrapped fragment expression "common/fragments/footer::footer" found in template common/layout/layout, line 33, col 10. Please use the complete syntax of fragment expressions instead ("~{common/fragments/footer::footer}"). The old, unwrapped syntax for fragment expressions will be removed in future versions of Thymeleaf.
2025-01-07 09:37:17 [http-nio-8080-exec-2] DEBUG org.mybatis.spring.SqlSessionUtils - Creating a new SqlSession
2025-01-07 09:37:17 [http-nio-8080-exec-2] DEBUG org.mybatis.spring.SqlSessionUtils - SqlSession [org.apache.ibatis.session.defaults.DefaultSqlSession@293bf2fd] was not registered for synchronization because synchronization is not active
2025-01-07 09:37:17 [http-nio-8080-exec-2] DEBUG o.m.s.t.SpringManagedTransaction - JDBC Connection [HikariProxyConnection@288275657 wrapping com.mysql.cj.jdbc.ConnectionImpl@3d4c865c] will not be managed by Spring
2025-01-07 09:37:17 [http-nio-8080-exec-2] DEBUG c.s.d.m.CommonMapper.selectLnbList - ==>  Preparing: SELECT CT_LNB_IDX AS ctLnbIdx, CT_LNB_ID AS ctLnbId, CT_LNB_NAME AS ctLnbName, CT_LNB_SUB_YN AS ctLnbSubYn, CT_LNB_URL AS ctLnbUrl, CT_LNB_USE_YN AS ctLnbUseYn FROM CT_LNB WHERE CT_LNB_USE_YN = 'Y' ORDER BY CT_LNB_IDX
2025-01-07 09:37:17 [http-nio-8080-exec-2] DEBUG c.s.d.m.CommonMapper.selectLnbList - ==> Parameters: 
2025-01-07 09:37:17 [http-nio-8080-exec-2] DEBUG c.s.d.m.CommonMapper.selectLnbList - <==      Total: 4
2025-01-07 09:37:17 [http-nio-8080-exec-2] DEBUG org.mybatis.spring.SqlSessionUtils - Closing non transactional SqlSession [org.apache.ibatis.session.defaults.DefaultSqlSession@293bf2fd]
2025-01-07 09:37:17 [http-nio-8080-exec-4] DEBUG org.mybatis.spring.SqlSessionUtils - Creating a new SqlSession
2025-01-07 09:37:17 [http-nio-8080-exec-4] DEBUG org.mybatis.spring.SqlSessionUtils - SqlSession [org.apache.ibatis.session.defaults.DefaultSqlSession@5ce0ff] was not registered for synchronization because synchronization is not active
2025-01-07 09:37:17 [http-nio-8080-exec-4] DEBUG o.m.s.t.SpringManagedTransaction - JDBC Connection [HikariProxyConnection@1580144753 wrapping com.mysql.cj.jdbc.ConnectionImpl@3d4c865c] will not be managed by Spring
2025-01-07 09:37:17 [http-nio-8080-exec-4] DEBUG c.s.d.m.CommonMapper.selectLnbList - ==>  Preparing: SELECT CT_LNB_IDX AS ctLnbIdx, CT_LNB_ID AS ctLnbId, CT_LNB_NAME AS ctLnbName, CT_LNB_SUB_YN AS ctLnbSubYn, CT_LNB_URL AS ctLnbUrl, CT_LNB_USE_YN AS ctLnbUseYn FROM CT_LNB WHERE CT_LNB_USE_YN = 'Y' ORDER BY CT_LNB_IDX
2025-01-07 09:37:17 [http-nio-8080-exec-4] DEBUG c.s.d.m.CommonMapper.selectLnbList - ==> Parameters: 
2025-01-07 09:37:17 [http-nio-8080-exec-4] DEBUG c.s.d.m.CommonMapper.selectLnbList - <==      Total: 4
2025-01-07 09:37:17 [http-nio-8080-exec-4] DEBUG org.mybatis.spring.SqlSessionUtils - Closing non transactional SqlSession [org.apache.ibatis.session.defaults.DefaultSqlSession@5ce0ff]
2025-01-07 09:37:17 [http-nio-8080-exec-9] DEBUG org.mybatis.spring.SqlSessionUtils - Creating a new SqlSession
2025-01-07 09:37:17 [http-nio-8080-exec-8] DEBUG org.mybatis.spring.SqlSessionUtils - Creating a new SqlSession
2025-01-07 09:37:17 [http-nio-8080-exec-7] DEBUG org.mybatis.spring.SqlSessionUtils - Creating a new SqlSession
2025-01-07 09:37:17 [http-nio-8080-exec-9] DEBUG org.mybatis.spring.SqlSessionUtils - SqlSession [org.apache.ibatis.session.defaults.DefaultSqlSession@22d02a16] was not registered for synchronization because synchronization is not active
2025-01-07 09:37:17 [http-nio-8080-exec-8] DEBUG org.mybatis.spring.SqlSessionUtils - SqlSession [org.apache.ibatis.session.defaults.DefaultSqlSession@35a96631] was not registered for synchronization because synchronization is not active
2025-01-07 09:37:17 [http-nio-8080-exec-7] DEBUG org.mybatis.spring.SqlSessionUtils - SqlSession [org.apache.ibatis.session.defaults.DefaultSqlSession@71356e85] was not registered for synchronization because synchronization is not active
2025-01-07 09:37:17 [http-nio-8080-exec-9] DEBUG o.m.s.t.SpringManagedTransaction - JDBC Connection [HikariProxyConnection@1810335256 wrapping com.mysql.cj.jdbc.ConnectionImpl@3d4c865c] will not be managed by Spring
2025-01-07 09:37:17 [http-nio-8080-exec-9] DEBUG c.s.d.m.C.selectLnbSubList - ==>  Preparing: SELECT CT_LNB_SUB_IDX AS ctLnbSubIdx, CT_LNB_ID AS ctLnbId, CT_LNB_SUB_ID AS ctLnbSubId, CT_LNB_SUB_NAME AS ctLnbSubName, CT_LNB_SUB_URL AS ctLnbSubUrl FROM CT_LNB_SUB WHERE CT_LNB_ID = ? ORDER BY CT_LNB_SUB_IDX
2025-01-07 09:37:17 [http-nio-8080-exec-9] DEBUG c.s.d.m.C.selectLnbSubList - ==> Parameters: CT_LNB_INFORMATION(String)
2025-01-07 09:37:17 [http-nio-8080-exec-7] DEBUG o.m.s.t.SpringManagedTransaction - JDBC Connection [HikariProxyConnection@876080839 wrapping com.mysql.cj.jdbc.ConnectionImpl@2746a719] will not be managed by Spring
2025-01-07 09:37:17 [http-nio-8080-exec-8] DEBUG o.m.s.t.SpringManagedTransaction - JDBC Connection [HikariProxyConnection@1897707861 wrapping com.mysql.cj.jdbc.ConnectionImpl@4232dc9] will not be managed by Spring
2025-01-07 09:37:17 [http-nio-8080-exec-7] DEBUG c.s.d.m.C.selectLnbSubList - ==>  Preparing: SELECT CT_LNB_SUB_IDX AS ctLnbSubIdx, CT_LNB_ID AS ctLnbId, CT_LNB_SUB_ID AS ctLnbSubId, CT_LNB_SUB_NAME AS ctLnbSubName, CT_LNB_SUB_URL AS ctLnbSubUrl FROM CT_LNB_SUB WHERE CT_LNB_ID = ? ORDER BY CT_LNB_SUB_IDX
2025-01-07 09:37:17 [http-nio-8080-exec-8] DEBUG c.s.d.m.C.selectLnbSubList - ==>  Preparing: SELECT CT_LNB_SUB_IDX AS ctLnbSubIdx, CT_LNB_ID AS ctLnbId, CT_LNB_SUB_ID AS ctLnbSubId, CT_LNB_SUB_NAME AS ctLnbSubName, CT_LNB_SUB_URL AS ctLnbSubUrl FROM CT_LNB_SUB WHERE CT_LNB_ID = ? ORDER BY CT_LNB_SUB_IDX
2025-01-07 09:37:17 [http-nio-8080-exec-8] DEBUG c.s.d.m.C.selectLnbSubList - ==> Parameters: CT_LNB_CONTACT(String)
2025-01-07 09:37:17 [http-nio-8080-exec-7] DEBUG c.s.d.m.C.selectLnbSubList - ==> Parameters: CT_LNB_SERVICE(String)
2025-01-07 09:37:17 [http-nio-8080-exec-8] DEBUG c.s.d.m.C.selectLnbSubList - <==      Total: 2
2025-01-07 09:37:17 [http-nio-8080-exec-9] DEBUG c.s.d.m.C.selectLnbSubList - <==      Total: 2
2025-01-07 09:37:17 [http-nio-8080-exec-7] DEBUG c.s.d.m.C.selectLnbSubList - <==      Total: 4
2025-01-07 09:37:17 [http-nio-8080-exec-8] DEBUG org.mybatis.spring.SqlSessionUtils - Closing non transactional SqlSession [org.apache.ibatis.session.defaults.DefaultSqlSession@35a96631]
2025-01-07 09:37:17 [http-nio-8080-exec-7] DEBUG org.mybatis.spring.SqlSessionUtils - Closing non transactional SqlSession [org.apache.ibatis.session.defaults.DefaultSqlSession@71356e85]
2025-01-07 09:37:17 [http-nio-8080-exec-9] DEBUG org.mybatis.spring.SqlSessionUtils - Closing non transactional SqlSession [org.apache.ibatis.session.defaults.DefaultSqlSession@22d02a16]
2025-01-07 09:37:17 [http-nio-8080-exec-5] DEBUG org.mybatis.spring.SqlSessionUtils - Creating a new SqlSession
2025-01-07 09:37:17 [http-nio-8080-exec-6] DEBUG org.mybatis.spring.SqlSessionUtils - Creating a new SqlSession
2025-01-07 09:37:17 [http-nio-8080-exec-10] DEBUG org.mybatis.spring.SqlSessionUtils - Creating a new SqlSession
2025-01-07 09:37:17 [http-nio-8080-exec-5] DEBUG org.mybatis.spring.SqlSessionUtils - SqlSession [org.apache.ibatis.session.defaults.DefaultSqlSession@48c7cdc3] was not registered for synchronization because synchronization is not active
2025-01-07 09:37:17 [http-nio-8080-exec-10] DEBUG org.mybatis.spring.SqlSessionUtils - SqlSession [org.apache.ibatis.session.defaults.DefaultSqlSession@e144657] was not registered for synchronization because synchronization is not active
2025-01-07 09:37:17 [http-nio-8080-exec-6] DEBUG org.mybatis.spring.SqlSessionUtils - SqlSession [org.apache.ibatis.session.defaults.DefaultSqlSession@1bad8239] was not registered for synchronization because synchronization is not active
2025-01-07 09:37:17 [http-nio-8080-exec-5] DEBUG o.m.s.t.SpringManagedTransaction - JDBC Connection [HikariProxyConnection@868128383 wrapping com.mysql.cj.jdbc.ConnectionImpl@3d4c865c] will not be managed by Spring
2025-01-07 09:37:17 [http-nio-8080-exec-10] DEBUG o.m.s.t.SpringManagedTransaction - JDBC Connection [HikariProxyConnection@1823620530 wrapping com.mysql.cj.jdbc.ConnectionImpl@4232dc9] will not be managed by Spring
2025-01-07 09:37:17 [http-nio-8080-exec-5] DEBUG c.s.d.m.C.selectLnbSubList - ==>  Preparing: SELECT CT_LNB_SUB_IDX AS ctLnbSubIdx, CT_LNB_ID AS ctLnbId, CT_LNB_SUB_ID AS ctLnbSubId, CT_LNB_SUB_NAME AS ctLnbSubName, CT_LNB_SUB_URL AS ctLnbSubUrl FROM CT_LNB_SUB WHERE CT_LNB_ID = ? ORDER BY CT_LNB_SUB_IDX
2025-01-07 09:37:17 [http-nio-8080-exec-6] DEBUG o.m.s.t.SpringManagedTransaction - JDBC Connection [HikariProxyConnection@1615504397 wrapping com.mysql.cj.jdbc.ConnectionImpl@2746a719] will not be managed by Spring
2025-01-07 09:37:17 [http-nio-8080-exec-10] DEBUG c.s.d.m.C.selectLnbSubList - ==>  Preparing: SELECT CT_LNB_SUB_IDX AS ctLnbSubIdx, CT_LNB_ID AS ctLnbId, CT_LNB_SUB_ID AS ctLnbSubId, CT_LNB_SUB_NAME AS ctLnbSubName, CT_LNB_SUB_URL AS ctLnbSubUrl FROM CT_LNB_SUB WHERE CT_LNB_ID = ? ORDER BY CT_LNB_SUB_IDX
2025-01-07 09:37:17 [http-nio-8080-exec-6] DEBUG c.s.d.m.C.selectLnbSubList - ==>  Preparing: SELECT CT_LNB_SUB_IDX AS ctLnbSubIdx, CT_LNB_ID AS ctLnbId, CT_LNB_SUB_ID AS ctLnbSubId, CT_LNB_SUB_NAME AS ctLnbSubName, CT_LNB_SUB_URL AS ctLnbSubUrl FROM CT_LNB_SUB WHERE CT_LNB_ID = ? ORDER BY CT_LNB_SUB_IDX
2025-01-07 09:37:17 [http-nio-8080-exec-5] DEBUG c.s.d.m.C.selectLnbSubList - ==> Parameters: CT_LNB_SERVICE(String)
2025-01-07 09:37:17 [http-nio-8080-exec-10] DEBUG c.s.d.m.C.selectLnbSubList - ==> Parameters: CT_LNB_INFORMATION(String)
2025-01-07 09:37:17 [http-nio-8080-exec-6] DEBUG c.s.d.m.C.selectLnbSubList - ==> Parameters: CT_LNB_CONTACT(String)
2025-01-07 09:37:17 [http-nio-8080-exec-10] DEBUG c.s.d.m.C.selectLnbSubList - <==      Total: 2
2025-01-07 09:37:17 [http-nio-8080-exec-5] DEBUG c.s.d.m.C.selectLnbSubList - <==      Total: 4
2025-01-07 09:37:17 [http-nio-8080-exec-10] DEBUG org.mybatis.spring.SqlSessionUtils - Closing non transactional SqlSession [org.apache.ibatis.session.defaults.DefaultSqlSession@e144657]
2025-01-07 09:37:17 [http-nio-8080-exec-5] DEBUG org.mybatis.spring.SqlSessionUtils - Closing non transactional SqlSession [org.apache.ibatis.session.defaults.DefaultSqlSession@48c7cdc3]
2025-01-07 09:37:17 [http-nio-8080-exec-6] DEBUG c.s.d.m.C.selectLnbSubList - <==      Total: 2
2025-01-07 09:37:17 [http-nio-8080-exec-6] DEBUG org.mybatis.spring.SqlSessionUtils - Closing non transactional SqlSession [org.apache.ibatis.session.defaults.DefaultSqlSession@1bad8239]
2025-01-07 09:37:18 [http-nio-8080-exec-1] WARN  o.t.s.p.AbstractStandardFragmentInsertionTagProcessor - [THYMELEAF][http-nio-8080-exec-1][common/layout/layout] Deprecated unwrapped fragment expression "common/fragments/header::header" found in template common/layout/layout, line 29, col 10. Please use the complete syntax of fragment expressions instead ("~{common/fragments/header::header}"). The old, unwrapped syntax for fragment expressions will be removed in future versions of Thymeleaf.
2025-01-07 09:37:18 [http-nio-8080-exec-1] WARN  o.t.s.p.AbstractStandardFragmentInsertionTagProcessor - [THYMELEAF][http-nio-8080-exec-1][common/layout/layout] Deprecated unwrapped fragment expression "common/fragments/footer::footer" found in template common/layout/layout, line 33, col 10. Please use the complete syntax of fragment expressions instead ("~{common/fragments/footer::footer}"). The old, unwrapped syntax for fragment expressions will be removed in future versions of Thymeleaf.
2025-01-07 09:37:18 [http-nio-8080-exec-6] DEBUG org.mybatis.spring.SqlSessionUtils - Creating a new SqlSession
2025-01-07 09:37:18 [http-nio-8080-exec-6] DEBUG org.mybatis.spring.SqlSessionUtils - SqlSession [org.apache.ibatis.session.defaults.DefaultSqlSession@47e1058] was not registered for synchronization because synchronization is not active
2025-01-07 09:37:18 [http-nio-8080-exec-6] DEBUG o.m.s.t.SpringManagedTransaction - JDBC Connection [HikariProxyConnection@356408598 wrapping com.mysql.cj.jdbc.ConnectionImpl@2746a719] will not be managed by Spring
2025-01-07 09:37:18 [http-nio-8080-exec-6] DEBUG c.s.d.m.CommonMapper.selectLnbList - ==>  Preparing: SELECT CT_LNB_IDX AS ctLnbIdx, CT_LNB_ID AS ctLnbId, CT_LNB_NAME AS ctLnbName, CT_LNB_SUB_YN AS ctLnbSubYn, CT_LNB_URL AS ctLnbUrl, CT_LNB_USE_YN AS ctLnbUseYn FROM CT_LNB WHERE CT_LNB_USE_YN = 'Y' ORDER BY CT_LNB_IDX
2025-01-07 09:37:18 [http-nio-8080-exec-6] DEBUG c.s.d.m.CommonMapper.selectLnbList - ==> Parameters: 
2025-01-07 09:37:18 [http-nio-8080-exec-6] DEBUG c.s.d.m.CommonMapper.selectLnbList - <==      Total: 4
2025-01-07 09:37:18 [http-nio-8080-exec-6] DEBUG org.mybatis.spring.SqlSessionUtils - Closing non transactional SqlSession [org.apache.ibatis.session.defaults.DefaultSqlSession@47e1058]
2025-01-07 09:37:18 [http-nio-8080-exec-1] DEBUG org.mybatis.spring.SqlSessionUtils - Creating a new SqlSession
2025-01-07 09:37:18 [http-nio-8080-exec-1] DEBUG org.mybatis.spring.SqlSessionUtils - SqlSession [org.apache.ibatis.session.defaults.DefaultSqlSession@30d2f374] was not registered for synchronization because synchronization is not active
2025-01-07 09:37:18 [http-nio-8080-exec-1] DEBUG o.m.s.t.SpringManagedTransaction - JDBC Connection [HikariProxyConnection@644376644 wrapping com.mysql.cj.jdbc.ConnectionImpl@3d4c865c] will not be managed by Spring
2025-01-07 09:37:18 [http-nio-8080-exec-1] DEBUG c.s.d.m.CommonMapper.selectLnbList - ==>  Preparing: SELECT CT_LNB_IDX AS ctLnbIdx, CT_LNB_ID AS ctLnbId, CT_LNB_NAME AS ctLnbName, CT_LNB_SUB_YN AS ctLnbSubYn, CT_LNB_URL AS ctLnbUrl, CT_LNB_USE_YN AS ctLnbUseYn FROM CT_LNB WHERE CT_LNB_USE_YN = 'Y' ORDER BY CT_LNB_IDX
2025-01-07 09:37:18 [http-nio-8080-exec-1] DEBUG c.s.d.m.CommonMapper.selectLnbList - ==> Parameters: 
2025-01-07 09:37:18 [http-nio-8080-exec-1] DEBUG c.s.d.m.CommonMapper.selectLnbList - <==      Total: 4
2025-01-07 09:37:18 [http-nio-8080-exec-1] DEBUG org.mybatis.spring.SqlSessionUtils - Closing non transactional SqlSession [org.apache.ibatis.session.defaults.DefaultSqlSession@30d2f374]
2025-01-07 09:37:18 [http-nio-8080-exec-3] DEBUG org.mybatis.spring.SqlSessionUtils - Creating a new SqlSession
2025-01-07 09:37:18 [http-nio-8080-exec-8] DEBUG org.mybatis.spring.SqlSessionUtils - Creating a new SqlSession
2025-01-07 09:37:18 [http-nio-8080-exec-4] DEBUG org.mybatis.spring.SqlSessionUtils - Creating a new SqlSession
2025-01-07 09:37:18 [http-nio-8080-exec-8] DEBUG org.mybatis.spring.SqlSessionUtils - SqlSession [org.apache.ibatis.session.defaults.DefaultSqlSession@7138de01] was not registered for synchronization because synchronization is not active
2025-01-07 09:37:18 [http-nio-8080-exec-3] DEBUG org.mybatis.spring.SqlSessionUtils - SqlSession [org.apache.ibatis.session.defaults.DefaultSqlSession@70a40488] was not registered for synchronization because synchronization is not active
2025-01-07 09:37:18 [http-nio-8080-exec-4] DEBUG org.mybatis.spring.SqlSessionUtils - SqlSession [org.apache.ibatis.session.defaults.DefaultSqlSession@7ab04e92] was not registered for synchronization because synchronization is not active
2025-01-07 09:37:18 [http-nio-8080-exec-4] DEBUG o.m.s.t.SpringManagedTransaction - JDBC Connection [HikariProxyConnection@2013271683 wrapping com.mysql.cj.jdbc.ConnectionImpl@3d4c865c] will not be managed by Spring
2025-01-07 09:37:18 [http-nio-8080-exec-3] DEBUG o.m.s.t.SpringManagedTransaction - JDBC Connection [HikariProxyConnection@673109008 wrapping com.mysql.cj.jdbc.ConnectionImpl@2746a719] will not be managed by Spring
2025-01-07 09:37:18 [http-nio-8080-exec-3] DEBUG c.s.d.m.C.selectLnbSubList - ==>  Preparing: SELECT CT_LNB_SUB_IDX AS ctLnbSubIdx, CT_LNB_ID AS ctLnbId, CT_LNB_SUB_ID AS ctLnbSubId, CT_LNB_SUB_NAME AS ctLnbSubName, CT_LNB_SUB_URL AS ctLnbSubUrl FROM CT_LNB_SUB WHERE CT_LNB_ID = ? ORDER BY CT_LNB_SUB_IDX
2025-01-07 09:37:18 [http-nio-8080-exec-4] DEBUG c.s.d.m.C.selectLnbSubList - ==>  Preparing: SELECT CT_LNB_SUB_IDX AS ctLnbSubIdx, CT_LNB_ID AS ctLnbId, CT_LNB_SUB_ID AS ctLnbSubId, CT_LNB_SUB_NAME AS ctLnbSubName, CT_LNB_SUB_URL AS ctLnbSubUrl FROM CT_LNB_SUB WHERE CT_LNB_ID = ? ORDER BY CT_LNB_SUB_IDX
2025-01-07 09:37:18 [http-nio-8080-exec-3] DEBUG c.s.d.m.C.selectLnbSubList - ==> Parameters: CT_LNB_INFORMATION(String)
2025-01-07 09:37:18 [http-nio-8080-exec-4] DEBUG c.s.d.m.C.selectLnbSubList - ==> Parameters: CT_LNB_SERVICE(String)
2025-01-07 09:37:18 [http-nio-8080-exec-8] DEBUG o.m.s.t.SpringManagedTransaction - JDBC Connection [HikariProxyConnection@1827207306 wrapping com.mysql.cj.jdbc.ConnectionImpl@4232dc9] will not be managed by Spring
2025-01-07 09:37:18 [http-nio-8080-exec-8] DEBUG c.s.d.m.C.selectLnbSubList - ==>  Preparing: SELECT CT_LNB_SUB_IDX AS ctLnbSubIdx, CT_LNB_ID AS ctLnbId, CT_LNB_SUB_ID AS ctLnbSubId, CT_LNB_SUB_NAME AS ctLnbSubName, CT_LNB_SUB_URL AS ctLnbSubUrl FROM CT_LNB_SUB WHERE CT_LNB_ID = ? ORDER BY CT_LNB_SUB_IDX
2025-01-07 09:37:18 [http-nio-8080-exec-8] DEBUG c.s.d.m.C.selectLnbSubList - ==> Parameters: CT_LNB_CONTACT(String)
2025-01-07 09:37:18 [http-nio-8080-exec-8] DEBUG c.s.d.m.C.selectLnbSubList - <==      Total: 2
2025-01-07 09:37:18 [http-nio-8080-exec-4] DEBUG c.s.d.m.C.selectLnbSubList - <==      Total: 4
2025-01-07 09:37:18 [http-nio-8080-exec-3] DEBUG c.s.d.m.C.selectLnbSubList - <==      Total: 2
2025-01-07 09:37:18 [http-nio-8080-exec-4] DEBUG org.mybatis.spring.SqlSessionUtils - Closing non transactional SqlSession [org.apache.ibatis.session.defaults.DefaultSqlSession@7ab04e92]
2025-01-07 09:37:18 [http-nio-8080-exec-8] DEBUG org.mybatis.spring.SqlSessionUtils - Closing non transactional SqlSession [org.apache.ibatis.session.defaults.DefaultSqlSession@7138de01]
2025-01-07 09:37:18 [http-nio-8080-exec-3] DEBUG org.mybatis.spring.SqlSessionUtils - Closing non transactional SqlSession [org.apache.ibatis.session.defaults.DefaultSqlSession@70a40488]
2025-01-07 09:37:18 [http-nio-8080-exec-9] DEBUG org.mybatis.spring.SqlSessionUtils - Creating a new SqlSession
2025-01-07 09:37:18 [http-nio-8080-exec-2] DEBUG org.mybatis.spring.SqlSessionUtils - Creating a new SqlSession
2025-01-07 09:37:18 [http-nio-8080-exec-7] DEBUG org.mybatis.spring.SqlSessionUtils - Creating a new SqlSession
2025-01-07 09:37:18 [http-nio-8080-exec-7] DEBUG org.mybatis.spring.SqlSessionUtils - SqlSession [org.apache.ibatis.session.defaults.DefaultSqlSession@54181188] was not registered for synchronization because synchronization is not active
2025-01-07 09:37:18 [http-nio-8080-exec-2] DEBUG org.mybatis.spring.SqlSessionUtils - SqlSession [org.apache.ibatis.session.defaults.DefaultSqlSession@22d34e4e] was not registered for synchronization because synchronization is not active
2025-01-07 09:37:18 [http-nio-8080-exec-9] DEBUG org.mybatis.spring.SqlSessionUtils - SqlSession [org.apache.ibatis.session.defaults.DefaultSqlSession@197bae31] was not registered for synchronization because synchronization is not active
2025-01-07 09:37:18 [http-nio-8080-exec-7] DEBUG o.m.s.t.SpringManagedTransaction - JDBC Connection [HikariProxyConnection@1190402685 wrapping com.mysql.cj.jdbc.ConnectionImpl@2746a719] will not be managed by Spring
2025-01-07 09:37:18 [http-nio-8080-exec-2] DEBUG o.m.s.t.SpringManagedTransaction - JDBC Connection [HikariProxyConnection@1191142953 wrapping com.mysql.cj.jdbc.ConnectionImpl@3d4c865c] will not be managed by Spring
2025-01-07 09:37:18 [http-nio-8080-exec-9] DEBUG o.m.s.t.SpringManagedTransaction - JDBC Connection [HikariProxyConnection@1316695104 wrapping com.mysql.cj.jdbc.ConnectionImpl@4232dc9] will not be managed by Spring
2025-01-07 09:37:18 [http-nio-8080-exec-7] DEBUG c.s.d.m.C.selectLnbSubList - ==>  Preparing: SELECT CT_LNB_SUB_IDX AS ctLnbSubIdx, CT_LNB_ID AS ctLnbId, CT_LNB_SUB_ID AS ctLnbSubId, CT_LNB_SUB_NAME AS ctLnbSubName, CT_LNB_SUB_URL AS ctLnbSubUrl FROM CT_LNB_SUB WHERE CT_LNB_ID = ? ORDER BY CT_LNB_SUB_IDX
2025-01-07 09:37:18 [http-nio-8080-exec-2] DEBUG c.s.d.m.C.selectLnbSubList - ==>  Preparing: SELECT CT_LNB_SUB_IDX AS ctLnbSubIdx, CT_LNB_ID AS ctLnbId, CT_LNB_SUB_ID AS ctLnbSubId, CT_LNB_SUB_NAME AS ctLnbSubName, CT_LNB_SUB_URL AS ctLnbSubUrl FROM CT_LNB_SUB WHERE CT_LNB_ID = ? ORDER BY CT_LNB_SUB_IDX
2025-01-07 09:37:18 [http-nio-8080-exec-9] DEBUG c.s.d.m.C.selectLnbSubList - ==>  Preparing: SELECT CT_LNB_SUB_IDX AS ctLnbSubIdx, CT_LNB_ID AS ctLnbId, CT_LNB_SUB_ID AS ctLnbSubId, CT_LNB_SUB_NAME AS ctLnbSubName, CT_LNB_SUB_URL AS ctLnbSubUrl FROM CT_LNB_SUB WHERE CT_LNB_ID = ? ORDER BY CT_LNB_SUB_IDX
2025-01-07 09:37:18 [http-nio-8080-exec-7] DEBUG c.s.d.m.C.selectLnbSubList - ==> Parameters: CT_LNB_SERVICE(String)
2025-01-07 09:37:18 [http-nio-8080-exec-9] DEBUG c.s.d.m.C.selectLnbSubList - ==> Parameters: CT_LNB_CONTACT(String)
2025-01-07 09:37:18 [http-nio-8080-exec-2] DEBUG c.s.d.m.C.selectLnbSubList - ==> Parameters: CT_LNB_INFORMATION(String)
2025-01-07 09:37:18 [http-nio-8080-exec-9] DEBUG c.s.d.m.C.selectLnbSubList - <==      Total: 2
2025-01-07 09:37:18 [http-nio-8080-exec-7] DEBUG c.s.d.m.C.selectLnbSubList - <==      Total: 4
2025-01-07 09:37:18 [http-nio-8080-exec-2] DEBUG c.s.d.m.C.selectLnbSubList - <==      Total: 2
2025-01-07 09:37:18 [http-nio-8080-exec-2] DEBUG org.mybatis.spring.SqlSessionUtils - Closing non transactional SqlSession [org.apache.ibatis.session.defaults.DefaultSqlSession@22d34e4e]
2025-01-07 09:37:18 [http-nio-8080-exec-9] DEBUG org.mybatis.spring.SqlSessionUtils - Closing non transactional SqlSession [org.apache.ibatis.session.defaults.DefaultSqlSession@197bae31]
2025-01-07 09:37:18 [http-nio-8080-exec-7] DEBUG org.mybatis.spring.SqlSessionUtils - Closing non transactional SqlSession [org.apache.ibatis.session.defaults.DefaultSqlSession@54181188]
2025-01-07 09:37:20 [http-nio-8080-exec-5] WARN  o.t.s.p.AbstractStandardFragmentInsertionTagProcessor - [THYMELEAF][http-nio-8080-exec-5][common/layout/layout] Deprecated unwrapped fragment expression "common/fragments/header::header" found in template common/layout/layout, line 29, col 10. Please use the complete syntax of fragment expressions instead ("~{common/fragments/header::header}"). The old, unwrapped syntax for fragment expressions will be removed in future versions of Thymeleaf.
2025-01-07 09:37:20 [http-nio-8080-exec-5] WARN  o.t.s.p.AbstractStandardFragmentInsertionTagProcessor - [THYMELEAF][http-nio-8080-exec-5][common/layout/layout] Deprecated unwrapped fragment expression "common/fragments/footer::footer" found in template common/layout/layout, line 33, col 10. Please use the complete syntax of fragment expressions instead ("~{common/fragments/footer::footer}"). The old, unwrapped syntax for fragment expressions will be removed in future versions of Thymeleaf.
2025-01-07 09:37:20 [http-nio-8080-exec-7] DEBUG org.mybatis.spring.SqlSessionUtils - Creating a new SqlSession
2025-01-07 09:37:20 [http-nio-8080-exec-7] DEBUG org.mybatis.spring.SqlSessionUtils - SqlSession [org.apache.ibatis.session.defaults.DefaultSqlSession@44d6647a] was not registered for synchronization because synchronization is not active
2025-01-07 09:37:20 [http-nio-8080-exec-7] DEBUG o.m.s.t.SpringManagedTransaction - JDBC Connection [HikariProxyConnection@1347856697 wrapping com.mysql.cj.jdbc.ConnectionImpl@2746a719] will not be managed by Spring
2025-01-07 09:37:20 [http-nio-8080-exec-7] DEBUG c.s.d.m.CommonMapper.selectLnbList - ==>  Preparing: SELECT CT_LNB_IDX AS ctLnbIdx, CT_LNB_ID AS ctLnbId, CT_LNB_NAME AS ctLnbName, CT_LNB_SUB_YN AS ctLnbSubYn, CT_LNB_URL AS ctLnbUrl, CT_LNB_USE_YN AS ctLnbUseYn FROM CT_LNB WHERE CT_LNB_USE_YN = 'Y' ORDER BY CT_LNB_IDX
2025-01-07 09:37:20 [http-nio-8080-exec-7] DEBUG c.s.d.m.CommonMapper.selectLnbList - ==> Parameters: 
2025-01-07 09:37:20 [http-nio-8080-exec-7] DEBUG c.s.d.m.CommonMapper.selectLnbList - <==      Total: 4
2025-01-07 09:37:20 [http-nio-8080-exec-7] DEBUG org.mybatis.spring.SqlSessionUtils - Closing non transactional SqlSession [org.apache.ibatis.session.defaults.DefaultSqlSession@44d6647a]
2025-01-07 09:37:20 [http-nio-8080-exec-5] DEBUG org.mybatis.spring.SqlSessionUtils - Creating a new SqlSession
2025-01-07 09:37:20 [http-nio-8080-exec-5] DEBUG org.mybatis.spring.SqlSessionUtils - SqlSession [org.apache.ibatis.session.defaults.DefaultSqlSession@3b05d0] was not registered for synchronization because synchronization is not active
2025-01-07 09:37:20 [http-nio-8080-exec-5] DEBUG o.m.s.t.SpringManagedTransaction - JDBC Connection [HikariProxyConnection@165638304 wrapping com.mysql.cj.jdbc.ConnectionImpl@3d4c865c] will not be managed by Spring
2025-01-07 09:37:20 [http-nio-8080-exec-5] DEBUG c.s.d.m.CommonMapper.selectLnbList - ==>  Preparing: SELECT CT_LNB_IDX AS ctLnbIdx, CT_LNB_ID AS ctLnbId, CT_LNB_NAME AS ctLnbName, CT_LNB_SUB_YN AS ctLnbSubYn, CT_LNB_URL AS ctLnbUrl, CT_LNB_USE_YN AS ctLnbUseYn FROM CT_LNB WHERE CT_LNB_USE_YN = 'Y' ORDER BY CT_LNB_IDX
2025-01-07 09:37:20 [http-nio-8080-exec-5] DEBUG c.s.d.m.CommonMapper.selectLnbList - ==> Parameters: 
2025-01-07 09:37:20 [http-nio-8080-exec-5] DEBUG c.s.d.m.CommonMapper.selectLnbList - <==      Total: 4
2025-01-07 09:37:20 [http-nio-8080-exec-5] DEBUG org.mybatis.spring.SqlSessionUtils - Closing non transactional SqlSession [org.apache.ibatis.session.defaults.DefaultSqlSession@3b05d0]
2025-01-07 09:37:20 [http-nio-8080-exec-3] DEBUG org.mybatis.spring.SqlSessionUtils - Creating a new SqlSession
2025-01-07 09:37:20 [http-nio-8080-exec-4] DEBUG org.mybatis.spring.SqlSessionUtils - Creating a new SqlSession
2025-01-07 09:37:20 [http-nio-8080-exec-6] DEBUG org.mybatis.spring.SqlSessionUtils - Creating a new SqlSession
2025-01-07 09:37:20 [http-nio-8080-exec-3] DEBUG org.mybatis.spring.SqlSessionUtils - SqlSession [org.apache.ibatis.session.defaults.DefaultSqlSession@7595b52b] was not registered for synchronization because synchronization is not active
2025-01-07 09:37:20 [http-nio-8080-exec-4] DEBUG org.mybatis.spring.SqlSessionUtils - SqlSession [org.apache.ibatis.session.defaults.DefaultSqlSession@720c7bb9] was not registered for synchronization because synchronization is not active
2025-01-07 09:37:20 [http-nio-8080-exec-6] DEBUG org.mybatis.spring.SqlSessionUtils - SqlSession [org.apache.ibatis.session.defaults.DefaultSqlSession@53eb6272] was not registered for synchronization because synchronization is not active
2025-01-07 09:37:20 [http-nio-8080-exec-4] DEBUG o.m.s.t.SpringManagedTransaction - JDBC Connection [HikariProxyConnection@172023669 wrapping com.mysql.cj.jdbc.ConnectionImpl@3d4c865c] will not be managed by Spring
2025-01-07 09:37:20 [http-nio-8080-exec-3] DEBUG o.m.s.t.SpringManagedTransaction - JDBC Connection [HikariProxyConnection@729108957 wrapping com.mysql.cj.jdbc.ConnectionImpl@2746a719] will not be managed by Spring
2025-01-07 09:37:20 [http-nio-8080-exec-4] DEBUG c.s.d.m.C.selectLnbSubList - ==>  Preparing: SELECT CT_LNB_SUB_IDX AS ctLnbSubIdx, CT_LNB_ID AS ctLnbId, CT_LNB_SUB_ID AS ctLnbSubId, CT_LNB_SUB_NAME AS ctLnbSubName, CT_LNB_SUB_URL AS ctLnbSubUrl FROM CT_LNB_SUB WHERE CT_LNB_ID = ? ORDER BY CT_LNB_SUB_IDX
2025-01-07 09:37:20 [http-nio-8080-exec-3] DEBUG c.s.d.m.C.selectLnbSubList - ==>  Preparing: SELECT CT_LNB_SUB_IDX AS ctLnbSubIdx, CT_LNB_ID AS ctLnbId, CT_LNB_SUB_ID AS ctLnbSubId, CT_LNB_SUB_NAME AS ctLnbSubName, CT_LNB_SUB_URL AS ctLnbSubUrl FROM CT_LNB_SUB WHERE CT_LNB_ID = ? ORDER BY CT_LNB_SUB_IDX
2025-01-07 09:37:20 [http-nio-8080-exec-6] DEBUG o.m.s.t.SpringManagedTransaction - JDBC Connection [HikariProxyConnection@393960299 wrapping com.mysql.cj.jdbc.ConnectionImpl@4232dc9] will not be managed by Spring
2025-01-07 09:37:20 [http-nio-8080-exec-3] DEBUG c.s.d.m.C.selectLnbSubList - ==> Parameters: CT_LNB_INFORMATION(String)
2025-01-07 09:37:20 [http-nio-8080-exec-4] DEBUG c.s.d.m.C.selectLnbSubList - ==> Parameters: CT_LNB_CONTACT(String)
2025-01-07 09:37:20 [http-nio-8080-exec-6] DEBUG c.s.d.m.C.selectLnbSubList - ==>  Preparing: SELECT CT_LNB_SUB_IDX AS ctLnbSubIdx, CT_LNB_ID AS ctLnbId, CT_LNB_SUB_ID AS ctLnbSubId, CT_LNB_SUB_NAME AS ctLnbSubName, CT_LNB_SUB_URL AS ctLnbSubUrl FROM CT_LNB_SUB WHERE CT_LNB_ID = ? ORDER BY CT_LNB_SUB_IDX
2025-01-07 09:37:20 [http-nio-8080-exec-6] DEBUG c.s.d.m.C.selectLnbSubList - ==> Parameters: CT_LNB_SERVICE(String)
2025-01-07 09:37:20 [http-nio-8080-exec-4] DEBUG c.s.d.m.C.selectLnbSubList - <==      Total: 2
2025-01-07 09:37:20 [http-nio-8080-exec-3] DEBUG c.s.d.m.C.selectLnbSubList - <==      Total: 2
2025-01-07 09:37:20 [http-nio-8080-exec-6] DEBUG c.s.d.m.C.selectLnbSubList - <==      Total: 4
2025-01-07 09:37:20 [http-nio-8080-exec-4] DEBUG org.mybatis.spring.SqlSessionUtils - Closing non transactional SqlSession [org.apache.ibatis.session.defaults.DefaultSqlSession@720c7bb9]
2025-01-07 09:37:20 [http-nio-8080-exec-3] DEBUG org.mybatis.spring.SqlSessionUtils - Closing non transactional SqlSession [org.apache.ibatis.session.defaults.DefaultSqlSession@7595b52b]
2025-01-07 09:37:20 [http-nio-8080-exec-6] DEBUG org.mybatis.spring.SqlSessionUtils - Closing non transactional SqlSession [org.apache.ibatis.session.defaults.DefaultSqlSession@53eb6272]
2025-01-07 09:37:20 [http-nio-8080-exec-1] DEBUG org.mybatis.spring.SqlSessionUtils - Creating a new SqlSession
2025-01-07 09:37:20 [http-nio-8080-exec-8] DEBUG org.mybatis.spring.SqlSessionUtils - Creating a new SqlSession
2025-01-07 09:37:20 [http-nio-8080-exec-10] DEBUG org.mybatis.spring.SqlSessionUtils - Creating a new SqlSession
2025-01-07 09:37:20 [http-nio-8080-exec-10] DEBUG org.mybatis.spring.SqlSessionUtils - SqlSession [org.apache.ibatis.session.defaults.DefaultSqlSession@4d543548] was not registered for synchronization because synchronization is not active
2025-01-07 09:37:20 [http-nio-8080-exec-1] DEBUG org.mybatis.spring.SqlSessionUtils - SqlSession [org.apache.ibatis.session.defaults.DefaultSqlSession@ad817e6] was not registered for synchronization because synchronization is not active
2025-01-07 09:37:20 [http-nio-8080-exec-8] DEBUG org.mybatis.spring.SqlSessionUtils - SqlSession [org.apache.ibatis.session.defaults.DefaultSqlSession@1691a345] was not registered for synchronization because synchronization is not active
2025-01-07 09:37:20 [http-nio-8080-exec-10] DEBUG o.m.s.t.SpringManagedTransaction - JDBC Connection [HikariProxyConnection@1385238417 wrapping com.mysql.cj.jdbc.ConnectionImpl@2746a719] will not be managed by Spring
2025-01-07 09:37:20 [http-nio-8080-exec-1] DEBUG o.m.s.t.SpringManagedTransaction - JDBC Connection [HikariProxyConnection@1872192689 wrapping com.mysql.cj.jdbc.ConnectionImpl@3d4c865c] will not be managed by Spring
2025-01-07 09:37:20 [http-nio-8080-exec-8] DEBUG o.m.s.t.SpringManagedTransaction - JDBC Connection [HikariProxyConnection@1024865717 wrapping com.mysql.cj.jdbc.ConnectionImpl@4232dc9] will not be managed by Spring
2025-01-07 09:37:20 [http-nio-8080-exec-10] DEBUG c.s.d.m.C.selectLnbSubList - ==>  Preparing: SELECT CT_LNB_SUB_IDX AS ctLnbSubIdx, CT_LNB_ID AS ctLnbId, CT_LNB_SUB_ID AS ctLnbSubId, CT_LNB_SUB_NAME AS ctLnbSubName, CT_LNB_SUB_URL AS ctLnbSubUrl FROM CT_LNB_SUB WHERE CT_LNB_ID = ? ORDER BY CT_LNB_SUB_IDX
2025-01-07 09:37:20 [http-nio-8080-exec-8] DEBUG c.s.d.m.C.selectLnbSubList - ==>  Preparing: SELECT CT_LNB_SUB_IDX AS ctLnbSubIdx, CT_LNB_ID AS ctLnbId, CT_LNB_SUB_ID AS ctLnbSubId, CT_LNB_SUB_NAME AS ctLnbSubName, CT_LNB_SUB_URL AS ctLnbSubUrl FROM CT_LNB_SUB WHERE CT_LNB_ID = ? ORDER BY CT_LNB_SUB_IDX
2025-01-07 09:37:20 [http-nio-8080-exec-8] DEBUG c.s.d.m.C.selectLnbSubList - ==> Parameters: CT_LNB_SERVICE(String)
2025-01-07 09:37:20 [http-nio-8080-exec-10] DEBUG c.s.d.m.C.selectLnbSubList - ==> Parameters: CT_LNB_INFORMATION(String)
2025-01-07 09:37:20 [http-nio-8080-exec-1] DEBUG c.s.d.m.C.selectLnbSubList - ==>  Preparing: SELECT CT_LNB_SUB_IDX AS ctLnbSubIdx, CT_LNB_ID AS ctLnbId, CT_LNB_SUB_ID AS ctLnbSubId, CT_LNB_SUB_NAME AS ctLnbSubName, CT_LNB_SUB_URL AS ctLnbSubUrl FROM CT_LNB_SUB WHERE CT_LNB_ID = ? ORDER BY CT_LNB_SUB_IDX
2025-01-07 09:37:20 [http-nio-8080-exec-1] DEBUG c.s.d.m.C.selectLnbSubList - ==> Parameters: CT_LNB_CONTACT(String)
2025-01-07 09:37:20 [http-nio-8080-exec-1] DEBUG c.s.d.m.C.selectLnbSubList - <==      Total: 2
2025-01-07 09:37:20 [http-nio-8080-exec-10] DEBUG c.s.d.m.C.selectLnbSubList - <==      Total: 2
2025-01-07 09:37:20 [http-nio-8080-exec-8] DEBUG c.s.d.m.C.selectLnbSubList - <==      Total: 4
2025-01-07 09:37:20 [http-nio-8080-exec-1] DEBUG org.mybatis.spring.SqlSessionUtils - Closing non transactional SqlSession [org.apache.ibatis.session.defaults.DefaultSqlSession@ad817e6]
2025-01-07 09:37:20 [http-nio-8080-exec-10] DEBUG org.mybatis.spring.SqlSessionUtils - Closing non transactional SqlSession [org.apache.ibatis.session.defaults.DefaultSqlSession@4d543548]
2025-01-07 09:37:20 [http-nio-8080-exec-8] DEBUG org.mybatis.spring.SqlSessionUtils - Closing non transactional SqlSession [org.apache.ibatis.session.defaults.DefaultSqlSession@1691a345]
2025-01-07 09:37:22 [http-nio-8080-exec-9] WARN  o.t.s.p.AbstractStandardFragmentInsertionTagProcessor - [THYMELEAF][http-nio-8080-exec-9][common/layout/layout] Deprecated unwrapped fragment expression "common/fragments/header::header" found in template common/layout/layout, line 29, col 10. Please use the complete syntax of fragment expressions instead ("~{common/fragments/header::header}"). The old, unwrapped syntax for fragment expressions will be removed in future versions of Thymeleaf.
2025-01-07 09:37:22 [http-nio-8080-exec-9] WARN  o.t.s.p.AbstractStandardFragmentInsertionTagProcessor - [THYMELEAF][http-nio-8080-exec-9][common/layout/layout] Deprecated unwrapped fragment expression "common/fragments/footer::footer" found in template common/layout/layout, line 33, col 10. Please use the complete syntax of fragment expressions instead ("~{common/fragments/footer::footer}"). The old, unwrapped syntax for fragment expressions will be removed in future versions of Thymeleaf.
2025-01-07 09:37:22 [http-nio-8080-exec-10] DEBUG org.mybatis.spring.SqlSessionUtils - Creating a new SqlSession
2025-01-07 09:37:22 [http-nio-8080-exec-10] DEBUG org.mybatis.spring.SqlSessionUtils - SqlSession [org.apache.ibatis.session.defaults.DefaultSqlSession@3d288f75] was not registered for synchronization because synchronization is not active
2025-01-07 09:37:22 [http-nio-8080-exec-10] DEBUG o.m.s.t.SpringManagedTransaction - JDBC Connection [HikariProxyConnection@1362760685 wrapping com.mysql.cj.jdbc.ConnectionImpl@2746a719] will not be managed by Spring
2025-01-07 09:37:22 [http-nio-8080-exec-10] DEBUG c.s.d.m.CommonMapper.selectLnbList - ==>  Preparing: SELECT CT_LNB_IDX AS ctLnbIdx, CT_LNB_ID AS ctLnbId, CT_LNB_NAME AS ctLnbName, CT_LNB_SUB_YN AS ctLnbSubYn, CT_LNB_URL AS ctLnbUrl, CT_LNB_USE_YN AS ctLnbUseYn FROM CT_LNB WHERE CT_LNB_USE_YN = 'Y' ORDER BY CT_LNB_IDX
2025-01-07 09:37:22 [http-nio-8080-exec-10] DEBUG c.s.d.m.CommonMapper.selectLnbList - ==> Parameters: 
2025-01-07 09:37:22 [http-nio-8080-exec-10] DEBUG c.s.d.m.CommonMapper.selectLnbList - <==      Total: 4
2025-01-07 09:37:22 [http-nio-8080-exec-10] DEBUG org.mybatis.spring.SqlSessionUtils - Closing non transactional SqlSession [org.apache.ibatis.session.defaults.DefaultSqlSession@3d288f75]
2025-01-07 09:37:22 [http-nio-8080-exec-8] DEBUG org.mybatis.spring.SqlSessionUtils - Creating a new SqlSession
2025-01-07 09:37:22 [http-nio-8080-exec-8] DEBUG org.mybatis.spring.SqlSessionUtils - SqlSession [org.apache.ibatis.session.defaults.DefaultSqlSession@8523acf] was not registered for synchronization because synchronization is not active
2025-01-07 09:37:22 [http-nio-8080-exec-8] DEBUG o.m.s.t.SpringManagedTransaction - JDBC Connection [HikariProxyConnection@331496203 wrapping com.mysql.cj.jdbc.ConnectionImpl@4232dc9] will not be managed by Spring
2025-01-07 09:37:22 [http-nio-8080-exec-8] DEBUG c.s.d.m.CommonMapper.selectLnbList - ==>  Preparing: SELECT CT_LNB_IDX AS ctLnbIdx, CT_LNB_ID AS ctLnbId, CT_LNB_NAME AS ctLnbName, CT_LNB_SUB_YN AS ctLnbSubYn, CT_LNB_URL AS ctLnbUrl, CT_LNB_USE_YN AS ctLnbUseYn FROM CT_LNB WHERE CT_LNB_USE_YN = 'Y' ORDER BY CT_LNB_IDX
2025-01-07 09:37:22 [http-nio-8080-exec-8] DEBUG c.s.d.m.CommonMapper.selectLnbList - ==> Parameters: 
2025-01-07 09:37:22 [http-nio-8080-exec-8] DEBUG c.s.d.m.CommonMapper.selectLnbList - <==      Total: 4
2025-01-07 09:37:22 [http-nio-8080-exec-8] DEBUG org.mybatis.spring.SqlSessionUtils - Closing non transactional SqlSession [org.apache.ibatis.session.defaults.DefaultSqlSession@8523acf]
2025-01-07 09:37:22 [http-nio-8080-exec-9] DEBUG org.mybatis.spring.SqlSessionUtils - Creating a new SqlSession
2025-01-07 09:37:22 [http-nio-8080-exec-6] DEBUG org.mybatis.spring.SqlSessionUtils - Creating a new SqlSession
2025-01-07 09:37:22 [http-nio-8080-exec-9] DEBUG org.mybatis.spring.SqlSessionUtils - SqlSession [org.apache.ibatis.session.defaults.DefaultSqlSession@3608264c] was not registered for synchronization because synchronization is not active
2025-01-07 09:37:22 [http-nio-8080-exec-6] DEBUG org.mybatis.spring.SqlSessionUtils - SqlSession [org.apache.ibatis.session.defaults.DefaultSqlSession@5b926b05] was not registered for synchronization because synchronization is not active
2025-01-07 09:37:22 [http-nio-8080-exec-9] DEBUG o.m.s.t.SpringManagedTransaction - JDBC Connection [HikariProxyConnection@1541518428 wrapping com.mysql.cj.jdbc.ConnectionImpl@4232dc9] will not be managed by Spring
2025-01-07 09:37:22 [http-nio-8080-exec-9] DEBUG c.s.d.m.C.selectLnbSubList - ==>  Preparing: SELECT CT_LNB_SUB_IDX AS ctLnbSubIdx, CT_LNB_ID AS ctLnbId, CT_LNB_SUB_ID AS ctLnbSubId, CT_LNB_SUB_NAME AS ctLnbSubName, CT_LNB_SUB_URL AS ctLnbSubUrl FROM CT_LNB_SUB WHERE CT_LNB_ID = ? ORDER BY CT_LNB_SUB_IDX
2025-01-07 09:37:22 [http-nio-8080-exec-4] DEBUG org.mybatis.spring.SqlSessionUtils - Creating a new SqlSession
2025-01-07 09:37:22 [http-nio-8080-exec-4] DEBUG org.mybatis.spring.SqlSessionUtils - SqlSession [org.apache.ibatis.session.defaults.DefaultSqlSession@48e54c59] was not registered for synchronization because synchronization is not active
2025-01-07 09:37:22 [http-nio-8080-exec-4] DEBUG o.m.s.t.SpringManagedTransaction - JDBC Connection [HikariProxyConnection@361222513 wrapping com.mysql.cj.jdbc.ConnectionImpl@2746a719] will not be managed by Spring
2025-01-07 09:37:22 [http-nio-8080-exec-4] DEBUG c.s.d.m.C.selectLnbSubList - ==>  Preparing: SELECT CT_LNB_SUB_IDX AS ctLnbSubIdx, CT_LNB_ID AS ctLnbId, CT_LNB_SUB_ID AS ctLnbSubId, CT_LNB_SUB_NAME AS ctLnbSubName, CT_LNB_SUB_URL AS ctLnbSubUrl FROM CT_LNB_SUB WHERE CT_LNB_ID = ? ORDER BY CT_LNB_SUB_IDX
2025-01-07 09:37:22 [http-nio-8080-exec-9] DEBUG c.s.d.m.C.selectLnbSubList - ==> Parameters: CT_LNB_INFORMATION(String)
2025-01-07 09:37:22 [http-nio-8080-exec-6] DEBUG o.m.s.t.SpringManagedTransaction - JDBC Connection [HikariProxyConnection@377475871 wrapping com.mysql.cj.jdbc.ConnectionImpl@3d4c865c] will not be managed by Spring
2025-01-07 09:37:22 [http-nio-8080-exec-6] DEBUG c.s.d.m.C.selectLnbSubList - ==>  Preparing: SELECT CT_LNB_SUB_IDX AS ctLnbSubIdx, CT_LNB_ID AS ctLnbId, CT_LNB_SUB_ID AS ctLnbSubId, CT_LNB_SUB_NAME AS ctLnbSubName, CT_LNB_SUB_URL AS ctLnbSubUrl FROM CT_LNB_SUB WHERE CT_LNB_ID = ? ORDER BY CT_LNB_SUB_IDX
2025-01-07 09:37:22 [http-nio-8080-exec-4] DEBUG c.s.d.m.C.selectLnbSubList - ==> Parameters: CT_LNB_SERVICE(String)
2025-01-07 09:37:22 [http-nio-8080-exec-6] DEBUG c.s.d.m.C.selectLnbSubList - ==> Parameters: CT_LNB_CONTACT(String)
2025-01-07 09:37:22 [http-nio-8080-exec-9] DEBUG c.s.d.m.C.selectLnbSubList - <==      Total: 2
2025-01-07 09:37:22 [http-nio-8080-exec-6] DEBUG c.s.d.m.C.selectLnbSubList - <==      Total: 2
2025-01-07 09:37:22 [http-nio-8080-exec-4] DEBUG c.s.d.m.C.selectLnbSubList - <==      Total: 4
2025-01-07 09:37:22 [http-nio-8080-exec-9] DEBUG org.mybatis.spring.SqlSessionUtils - Closing non transactional SqlSession [org.apache.ibatis.session.defaults.DefaultSqlSession@3608264c]
2025-01-07 09:37:22 [http-nio-8080-exec-6] DEBUG org.mybatis.spring.SqlSessionUtils - Closing non transactional SqlSession [org.apache.ibatis.session.defaults.DefaultSqlSession@5b926b05]
2025-01-07 09:37:22 [http-nio-8080-exec-4] DEBUG org.mybatis.spring.SqlSessionUtils - Closing non transactional SqlSession [org.apache.ibatis.session.defaults.DefaultSqlSession@48e54c59]
2025-01-07 09:37:22 [http-nio-8080-exec-5] DEBUG org.mybatis.spring.SqlSessionUtils - Creating a new SqlSession
2025-01-07 09:37:22 [http-nio-8080-exec-2] DEBUG org.mybatis.spring.SqlSessionUtils - Creating a new SqlSession
2025-01-07 09:37:22 [http-nio-8080-exec-7] DEBUG org.mybatis.spring.SqlSessionUtils - Creating a new SqlSession
2025-01-07 09:37:22 [http-nio-8080-exec-2] DEBUG org.mybatis.spring.SqlSessionUtils - SqlSession [org.apache.ibatis.session.defaults.DefaultSqlSession@61ae0b33] was not registered for synchronization because synchronization is not active
2025-01-07 09:37:22 [http-nio-8080-exec-5] DEBUG org.mybatis.spring.SqlSessionUtils - SqlSession [org.apache.ibatis.session.defaults.DefaultSqlSession@5249a48] was not registered for synchronization because synchronization is not active
2025-01-07 09:37:22 [http-nio-8080-exec-7] DEBUG org.mybatis.spring.SqlSessionUtils - SqlSession [org.apache.ibatis.session.defaults.DefaultSqlSession@6c57d42b] was not registered for synchronization because synchronization is not active
2025-01-07 09:37:22 [http-nio-8080-exec-2] DEBUG o.m.s.t.SpringManagedTransaction - JDBC Connection [HikariProxyConnection@297233693 wrapping com.mysql.cj.jdbc.ConnectionImpl@3d4c865c] will not be managed by Spring
2025-01-07 09:37:22 [http-nio-8080-exec-7] DEBUG o.m.s.t.SpringManagedTransaction - JDBC Connection [HikariProxyConnection@162379769 wrapping com.mysql.cj.jdbc.ConnectionImpl@2746a719] will not be managed by Spring
2025-01-07 09:37:22 [http-nio-8080-exec-5] DEBUG o.m.s.t.SpringManagedTransaction - JDBC Connection [HikariProxyConnection@1997320252 wrapping com.mysql.cj.jdbc.ConnectionImpl@4232dc9] will not be managed by Spring
2025-01-07 09:37:22 [http-nio-8080-exec-5] DEBUG c.s.d.m.C.selectLnbSubList - ==>  Preparing: SELECT CT_LNB_SUB_IDX AS ctLnbSubIdx, CT_LNB_ID AS ctLnbId, CT_LNB_SUB_ID AS ctLnbSubId, CT_LNB_SUB_NAME AS ctLnbSubName, CT_LNB_SUB_URL AS ctLnbSubUrl FROM CT_LNB_SUB WHERE CT_LNB_ID = ? ORDER BY CT_LNB_SUB_IDX
2025-01-07 09:37:22 [http-nio-8080-exec-2] DEBUG c.s.d.m.C.selectLnbSubList - ==>  Preparing: SELECT CT_LNB_SUB_IDX AS ctLnbSubIdx, CT_LNB_ID AS ctLnbId, CT_LNB_SUB_ID AS ctLnbSubId, CT_LNB_SUB_NAME AS ctLnbSubName, CT_LNB_SUB_URL AS ctLnbSubUrl FROM CT_LNB_SUB WHERE CT_LNB_ID = ? ORDER BY CT_LNB_SUB_IDX
2025-01-07 09:37:22 [http-nio-8080-exec-7] DEBUG c.s.d.m.C.selectLnbSubList - ==>  Preparing: SELECT CT_LNB_SUB_IDX AS ctLnbSubIdx, CT_LNB_ID AS ctLnbId, CT_LNB_SUB_ID AS ctLnbSubId, CT_LNB_SUB_NAME AS ctLnbSubName, CT_LNB_SUB_URL AS ctLnbSubUrl FROM CT_LNB_SUB WHERE CT_LNB_ID = ? ORDER BY CT_LNB_SUB_IDX
2025-01-07 09:37:22 [http-nio-8080-exec-5] DEBUG c.s.d.m.C.selectLnbSubList - ==> Parameters: CT_LNB_CONTACT(String)
2025-01-07 09:37:22 [http-nio-8080-exec-7] DEBUG c.s.d.m.C.selectLnbSubList - ==> Parameters: CT_LNB_SERVICE(String)
2025-01-07 09:37:22 [http-nio-8080-exec-2] DEBUG c.s.d.m.C.selectLnbSubList - ==> Parameters: CT_LNB_INFORMATION(String)
2025-01-07 09:37:22 [http-nio-8080-exec-5] DEBUG c.s.d.m.C.selectLnbSubList - <==      Total: 2
2025-01-07 09:37:22 [http-nio-8080-exec-2] DEBUG c.s.d.m.C.selectLnbSubList - <==      Total: 2
2025-01-07 09:37:22 [http-nio-8080-exec-7] DEBUG c.s.d.m.C.selectLnbSubList - <==      Total: 4
2025-01-07 09:37:22 [http-nio-8080-exec-5] DEBUG org.mybatis.spring.SqlSessionUtils - Closing non transactional SqlSession [org.apache.ibatis.session.defaults.DefaultSqlSession@5249a48]
2025-01-07 09:37:22 [http-nio-8080-exec-2] DEBUG org.mybatis.spring.SqlSessionUtils - Closing non transactional SqlSession [org.apache.ibatis.session.defaults.DefaultSqlSession@61ae0b33]
2025-01-07 09:37:22 [http-nio-8080-exec-7] DEBUG org.mybatis.spring.SqlSessionUtils - Closing non transactional SqlSession [org.apache.ibatis.session.defaults.DefaultSqlSession@6c57d42b]
2025-01-07 09:37:23 [http-nio-8080-exec-3] WARN  o.t.s.p.AbstractStandardFragmentInsertionTagProcessor - [THYMELEAF][http-nio-8080-exec-3][common/layout/layout] Deprecated unwrapped fragment expression "common/fragments/header::header" found in template common/layout/layout, line 29, col 10. Please use the complete syntax of fragment expressions instead ("~{common/fragments/header::header}"). The old, unwrapped syntax for fragment expressions will be removed in future versions of Thymeleaf.
2025-01-07 09:37:23 [http-nio-8080-exec-3] WARN  o.t.s.p.AbstractStandardFragmentInsertionTagProcessor - [THYMELEAF][http-nio-8080-exec-3][common/layout/layout] Deprecated unwrapped fragment expression "common/fragments/footer::footer" found in template common/layout/layout, line 33, col 10. Please use the complete syntax of fragment expressions instead ("~{common/fragments/footer::footer}"). The old, unwrapped syntax for fragment expressions will be removed in future versions of Thymeleaf.
2025-01-07 09:37:23 [http-nio-8080-exec-7] DEBUG org.mybatis.spring.SqlSessionUtils - Creating a new SqlSession
2025-01-07 09:37:23 [http-nio-8080-exec-7] DEBUG org.mybatis.spring.SqlSessionUtils - SqlSession [org.apache.ibatis.session.defaults.DefaultSqlSession@33d40d17] was not registered for synchronization because synchronization is not active
2025-01-07 09:37:23 [http-nio-8080-exec-7] DEBUG o.m.s.t.SpringManagedTransaction - JDBC Connection [HikariProxyConnection@1634755018 wrapping com.mysql.cj.jdbc.ConnectionImpl@2746a719] will not be managed by Spring
2025-01-07 09:37:23 [http-nio-8080-exec-7] DEBUG c.s.d.m.CommonMapper.selectLnbList - ==>  Preparing: SELECT CT_LNB_IDX AS ctLnbIdx, CT_LNB_ID AS ctLnbId, CT_LNB_NAME AS ctLnbName, CT_LNB_SUB_YN AS ctLnbSubYn, CT_LNB_URL AS ctLnbUrl, CT_LNB_USE_YN AS ctLnbUseYn FROM CT_LNB WHERE CT_LNB_USE_YN = 'Y' ORDER BY CT_LNB_IDX
2025-01-07 09:37:23 [http-nio-8080-exec-7] DEBUG c.s.d.m.CommonMapper.selectLnbList - ==> Parameters: 
2025-01-07 09:37:23 [http-nio-8080-exec-7] DEBUG c.s.d.m.CommonMapper.selectLnbList - <==      Total: 4
2025-01-07 09:37:23 [http-nio-8080-exec-7] DEBUG org.mybatis.spring.SqlSessionUtils - Closing non transactional SqlSession [org.apache.ibatis.session.defaults.DefaultSqlSession@33d40d17]
2025-01-07 09:37:23 [http-nio-8080-exec-3] DEBUG org.mybatis.spring.SqlSessionUtils - Creating a new SqlSession
2025-01-07 09:37:23 [http-nio-8080-exec-3] DEBUG org.mybatis.spring.SqlSessionUtils - SqlSession [org.apache.ibatis.session.defaults.DefaultSqlSession@1910dfce] was not registered for synchronization because synchronization is not active
2025-01-07 09:37:23 [http-nio-8080-exec-3] DEBUG o.m.s.t.SpringManagedTransaction - JDBC Connection [HikariProxyConnection@1844102825 wrapping com.mysql.cj.jdbc.ConnectionImpl@2746a719] will not be managed by Spring
2025-01-07 09:37:23 [http-nio-8080-exec-3] DEBUG c.s.d.m.CommonMapper.selectLnbList - ==>  Preparing: SELECT CT_LNB_IDX AS ctLnbIdx, CT_LNB_ID AS ctLnbId, CT_LNB_NAME AS ctLnbName, CT_LNB_SUB_YN AS ctLnbSubYn, CT_LNB_URL AS ctLnbUrl, CT_LNB_USE_YN AS ctLnbUseYn FROM CT_LNB WHERE CT_LNB_USE_YN = 'Y' ORDER BY CT_LNB_IDX
2025-01-07 09:37:23 [http-nio-8080-exec-3] DEBUG c.s.d.m.CommonMapper.selectLnbList - ==> Parameters: 
2025-01-07 09:37:23 [http-nio-8080-exec-3] DEBUG c.s.d.m.CommonMapper.selectLnbList - <==      Total: 4
2025-01-07 09:37:23 [http-nio-8080-exec-3] DEBUG org.mybatis.spring.SqlSessionUtils - Closing non transactional SqlSession [org.apache.ibatis.session.defaults.DefaultSqlSession@1910dfce]
2025-01-07 09:37:23 [http-nio-8080-exec-8] DEBUG org.mybatis.spring.SqlSessionUtils - Creating a new SqlSession
2025-01-07 09:37:23 [http-nio-8080-exec-10] DEBUG org.mybatis.spring.SqlSessionUtils - Creating a new SqlSession
2025-01-07 09:37:23 [http-nio-8080-exec-1] DEBUG org.mybatis.spring.SqlSessionUtils - Creating a new SqlSession
2025-01-07 09:37:23 [http-nio-8080-exec-8] DEBUG org.mybatis.spring.SqlSessionUtils - SqlSession [org.apache.ibatis.session.defaults.DefaultSqlSession@74269051] was not registered for synchronization because synchronization is not active
2025-01-07 09:37:23 [http-nio-8080-exec-10] DEBUG org.mybatis.spring.SqlSessionUtils - SqlSession [org.apache.ibatis.session.defaults.DefaultSqlSession@44983d1e] was not registered for synchronization because synchronization is not active
2025-01-07 09:37:23 [http-nio-8080-exec-1] DEBUG org.mybatis.spring.SqlSessionUtils - SqlSession [org.apache.ibatis.session.defaults.DefaultSqlSession@1b07ec47] was not registered for synchronization because synchronization is not active
2025-01-07 09:37:23 [http-nio-8080-exec-10] DEBUG o.m.s.t.SpringManagedTransaction - JDBC Connection [HikariProxyConnection@1170008859 wrapping com.mysql.cj.jdbc.ConnectionImpl@2746a719] will not be managed by Spring
2025-01-07 09:37:23 [http-nio-8080-exec-10] DEBUG c.s.d.m.C.selectLnbSubList - ==>  Preparing: SELECT CT_LNB_SUB_IDX AS ctLnbSubIdx, CT_LNB_ID AS ctLnbId, CT_LNB_SUB_ID AS ctLnbSubId, CT_LNB_SUB_NAME AS ctLnbSubName, CT_LNB_SUB_URL AS ctLnbSubUrl FROM CT_LNB_SUB WHERE CT_LNB_ID = ? ORDER BY CT_LNB_SUB_IDX
2025-01-07 09:37:23 [http-nio-8080-exec-8] DEBUG o.m.s.t.SpringManagedTransaction - JDBC Connection [HikariProxyConnection@1983834045 wrapping com.mysql.cj.jdbc.ConnectionImpl@4232dc9] will not be managed by Spring
2025-01-07 09:37:23 [http-nio-8080-exec-1] DEBUG o.m.s.t.SpringManagedTransaction - JDBC Connection [HikariProxyConnection@653287471 wrapping com.mysql.cj.jdbc.ConnectionImpl@3d4c865c] will not be managed by Spring
2025-01-07 09:37:23 [http-nio-8080-exec-10] DEBUG c.s.d.m.C.selectLnbSubList - ==> Parameters: CT_LNB_CONTACT(String)
2025-01-07 09:37:23 [http-nio-8080-exec-8] DEBUG c.s.d.m.C.selectLnbSubList - ==>  Preparing: SELECT CT_LNB_SUB_IDX AS ctLnbSubIdx, CT_LNB_ID AS ctLnbId, CT_LNB_SUB_ID AS ctLnbSubId, CT_LNB_SUB_NAME AS ctLnbSubName, CT_LNB_SUB_URL AS ctLnbSubUrl FROM CT_LNB_SUB WHERE CT_LNB_ID = ? ORDER BY CT_LNB_SUB_IDX
2025-01-07 09:37:23 [http-nio-8080-exec-1] DEBUG c.s.d.m.C.selectLnbSubList - ==>  Preparing: SELECT CT_LNB_SUB_IDX AS ctLnbSubIdx, CT_LNB_ID AS ctLnbId, CT_LNB_SUB_ID AS ctLnbSubId, CT_LNB_SUB_NAME AS ctLnbSubName, CT_LNB_SUB_URL AS ctLnbSubUrl FROM CT_LNB_SUB WHERE CT_LNB_ID = ? ORDER BY CT_LNB_SUB_IDX
2025-01-07 09:37:23 [http-nio-8080-exec-8] DEBUG c.s.d.m.C.selectLnbSubList - ==> Parameters: CT_LNB_SERVICE(String)
2025-01-07 09:37:23 [http-nio-8080-exec-1] DEBUG c.s.d.m.C.selectLnbSubList - ==> Parameters: CT_LNB_INFORMATION(String)
2025-01-07 09:37:23 [http-nio-8080-exec-1] DEBUG c.s.d.m.C.selectLnbSubList - <==      Total: 2
2025-01-07 09:37:23 [http-nio-8080-exec-10] DEBUG c.s.d.m.C.selectLnbSubList - <==      Total: 2
2025-01-07 09:37:23 [http-nio-8080-exec-8] DEBUG c.s.d.m.C.selectLnbSubList - <==      Total: 4
2025-01-07 09:37:23 [http-nio-8080-exec-1] DEBUG org.mybatis.spring.SqlSessionUtils - Closing non transactional SqlSession [org.apache.ibatis.session.defaults.DefaultSqlSession@1b07ec47]
2025-01-07 09:37:23 [http-nio-8080-exec-10] DEBUG org.mybatis.spring.SqlSessionUtils - Closing non transactional SqlSession [org.apache.ibatis.session.defaults.DefaultSqlSession@44983d1e]
2025-01-07 09:37:23 [http-nio-8080-exec-8] DEBUG org.mybatis.spring.SqlSessionUtils - Closing non transactional SqlSession [org.apache.ibatis.session.defaults.DefaultSqlSession@74269051]
2025-01-07 09:37:23 [http-nio-8080-exec-6] DEBUG org.mybatis.spring.SqlSessionUtils - Creating a new SqlSession
2025-01-07 09:37:23 [http-nio-8080-exec-9] DEBUG org.mybatis.spring.SqlSessionUtils - Creating a new SqlSession
2025-01-07 09:37:23 [http-nio-8080-exec-4] DEBUG org.mybatis.spring.SqlSessionUtils - Creating a new SqlSession
2025-01-07 09:37:23 [http-nio-8080-exec-6] DEBUG org.mybatis.spring.SqlSessionUtils - SqlSession [org.apache.ibatis.session.defaults.DefaultSqlSession@25558779] was not registered for synchronization because synchronization is not active
2025-01-07 09:37:23 [http-nio-8080-exec-9] DEBUG org.mybatis.spring.SqlSessionUtils - SqlSession [org.apache.ibatis.session.defaults.DefaultSqlSession@3e78f4e] was not registered for synchronization because synchronization is not active
2025-01-07 09:37:23 [http-nio-8080-exec-4] DEBUG org.mybatis.spring.SqlSessionUtils - SqlSession [org.apache.ibatis.session.defaults.DefaultSqlSession@45f15c5a] was not registered for synchronization because synchronization is not active
2025-01-07 09:37:23 [http-nio-8080-exec-4] DEBUG o.m.s.t.SpringManagedTransaction - JDBC Connection [HikariProxyConnection@1859518924 wrapping com.mysql.cj.jdbc.ConnectionImpl@2746a719] will not be managed by Spring
2025-01-07 09:37:23 [http-nio-8080-exec-9] DEBUG o.m.s.t.SpringManagedTransaction - JDBC Connection [HikariProxyConnection@1441957946 wrapping com.mysql.cj.jdbc.ConnectionImpl@4232dc9] will not be managed by Spring
2025-01-07 09:37:23 [http-nio-8080-exec-6] DEBUG o.m.s.t.SpringManagedTransaction - JDBC Connection [HikariProxyConnection@1306157031 wrapping com.mysql.cj.jdbc.ConnectionImpl@3d4c865c] will not be managed by Spring
2025-01-07 09:37:23 [http-nio-8080-exec-4] DEBUG c.s.d.m.C.selectLnbSubList - ==>  Preparing: SELECT CT_LNB_SUB_IDX AS ctLnbSubIdx, CT_LNB_ID AS ctLnbId, CT_LNB_SUB_ID AS ctLnbSubId, CT_LNB_SUB_NAME AS ctLnbSubName, CT_LNB_SUB_URL AS ctLnbSubUrl FROM CT_LNB_SUB WHERE CT_LNB_ID = ? ORDER BY CT_LNB_SUB_IDX
2025-01-07 09:37:23 [http-nio-8080-exec-9] DEBUG c.s.d.m.C.selectLnbSubList - ==>  Preparing: SELECT CT_LNB_SUB_IDX AS ctLnbSubIdx, CT_LNB_ID AS ctLnbId, CT_LNB_SUB_ID AS ctLnbSubId, CT_LNB_SUB_NAME AS ctLnbSubName, CT_LNB_SUB_URL AS ctLnbSubUrl FROM CT_LNB_SUB WHERE CT_LNB_ID = ? ORDER BY CT_LNB_SUB_IDX
2025-01-07 09:37:23 [http-nio-8080-exec-6] DEBUG c.s.d.m.C.selectLnbSubList - ==>  Preparing: SELECT CT_LNB_SUB_IDX AS ctLnbSubIdx, CT_LNB_ID AS ctLnbId, CT_LNB_SUB_ID AS ctLnbSubId, CT_LNB_SUB_NAME AS ctLnbSubName, CT_LNB_SUB_URL AS ctLnbSubUrl FROM CT_LNB_SUB WHERE CT_LNB_ID = ? ORDER BY CT_LNB_SUB_IDX
2025-01-07 09:37:23 [http-nio-8080-exec-4] DEBUG c.s.d.m.C.selectLnbSubList - ==> Parameters: CT_LNB_SERVICE(String)
2025-01-07 09:37:23 [http-nio-8080-exec-9] DEBUG c.s.d.m.C.selectLnbSubList - ==> Parameters: CT_LNB_INFORMATION(String)
2025-01-07 09:37:23 [http-nio-8080-exec-6] DEBUG c.s.d.m.C.selectLnbSubList - ==> Parameters: CT_LNB_CONTACT(String)
2025-01-07 09:37:23 [http-nio-8080-exec-9] DEBUG c.s.d.m.C.selectLnbSubList - <==      Total: 2
2025-01-07 09:37:23 [http-nio-8080-exec-6] DEBUG c.s.d.m.C.selectLnbSubList - <==      Total: 2
2025-01-07 09:37:23 [http-nio-8080-exec-4] DEBUG c.s.d.m.C.selectLnbSubList - <==      Total: 4
2025-01-07 09:37:23 [http-nio-8080-exec-4] DEBUG org.mybatis.spring.SqlSessionUtils - Closing non transactional SqlSession [org.apache.ibatis.session.defaults.DefaultSqlSession@45f15c5a]
2025-01-07 09:37:23 [http-nio-8080-exec-6] DEBUG org.mybatis.spring.SqlSessionUtils - Closing non transactional SqlSession [org.apache.ibatis.session.defaults.DefaultSqlSession@25558779]
2025-01-07 09:37:23 [http-nio-8080-exec-9] DEBUG org.mybatis.spring.SqlSessionUtils - Closing non transactional SqlSession [org.apache.ibatis.session.defaults.DefaultSqlSession@3e78f4e]
2025-01-07 09:38:09 [File Watcher] INFO  o.s.b.d.a.LocalDevToolsAutoConfiguration$RestartingClassPathChangeChangedEventListener - Restarting due to 1 class path change (0 additions, 0 deletions, 1 modification)
2025-01-07 09:38:09 [Thread-7] INFO  o.s.b.w.e.tomcat.GracefulShutdown - Commencing graceful shutdown. Waiting for active requests to complete
2025-01-07 09:38:09 [tomcat-shutdown] INFO  o.a.coyote.http11.Http11NioProtocol - Pausing ProtocolHandler ["http-nio-8080"]
2025-01-07 09:38:09 [tomcat-shutdown] INFO  o.s.b.w.e.tomcat.GracefulShutdown - Graceful shutdown complete
2025-01-07 09:38:09 [Thread-7] INFO  o.a.coyote.http11.Http11NioProtocol - Stopping ProtocolHandler ["http-nio-8080"]
2025-01-07 09:38:09 [Thread-7] INFO  com.zaxxer.hikari.HikariDataSource - HikariPool-1 - Shutdown initiated...
2025-01-07 09:38:09 [Thread-7] INFO  com.zaxxer.hikari.HikariDataSource - HikariPool-1 - Shutdown completed.
2025-01-07 09:38:09 [restartedMain] INFO  c.s.devspring.DevspringApplication - Starting DevspringApplication using Java 17.0.12 with PID 17996 (D:\Spring\sts-4.4\workspace\devspring\bin\main started by aatjx in D:\Spring\sts-4.4\workspace\devspring)
2025-01-07 09:38:09 [restartedMain] INFO  c.s.devspring.DevspringApplication - No active profile set, falling back to 1 default profile: "default"
2025-01-07 09:38:09 [restartedMain] DEBUG o.m.s.mapper.ClassPathMapperScanner - Identified candidate component class: file [D:\Spring\sts-4.4\workspace\devspring\bin\main\com\spring\devspring\mapper\BoardMapper.class]
2025-01-07 09:38:09 [restartedMain] DEBUG o.m.s.mapper.ClassPathMapperScanner - Identified candidate component class: file [D:\Spring\sts-4.4\workspace\devspring\bin\main\com\spring\devspring\mapper\CommonMapper.class]
2025-01-07 09:38:09 [restartedMain] DEBUG o.m.s.mapper.ClassPathMapperScanner - Creating MapperFactoryBean with name 'boardMapper' and 'com.spring.devspring.mapper.BoardMapper' mapperInterface
2025-01-07 09:38:09 [restartedMain] DEBUG o.m.s.mapper.ClassPathMapperScanner - Creating MapperFactoryBean with name 'commonMapper' and 'com.spring.devspring.mapper.CommonMapper' mapperInterface
2025-01-07 09:38:09 [restartedMain] INFO  o.s.b.w.e.tomcat.TomcatWebServer - Tomcat initialized with port 8080 (http)
2025-01-07 09:38:09 [restartedMain] INFO  o.a.coyote.http11.Http11NioProtocol - Initializing ProtocolHandler ["http-nio-8080"]
2025-01-07 09:38:09 [restartedMain] INFO  o.a.catalina.core.StandardService - Starting service [Tomcat]
2025-01-07 09:38:09 [restartedMain] INFO  o.a.catalina.core.StandardEngine - Starting Servlet engine: [Apache Tomcat/10.1.34]
2025-01-07 09:38:09 [restartedMain] INFO  o.a.c.c.C.[Tomcat].[localhost].[/] - Initializing Spring embedded WebApplicationContext
2025-01-07 09:38:09 [restartedMain] INFO  o.s.b.w.s.c.ServletWebServerApplicationContext - Root WebApplicationContext: initialization completed in 145 ms
2025-01-07 09:38:09 [restartedMain] DEBUG o.m.spring.SqlSessionFactoryBean - Property 'configuration' or 'configLocation' not specified, using default MyBatis Configuration
2025-01-07 09:38:09 [restartedMain] DEBUG o.m.spring.SqlSessionFactoryBean - Parsed mapper file: 'file [D:\Spring\sts-4.4\workspace\devspring\bin\main\static\mapper\BoardMapper.xml]'
2025-01-07 09:38:09 [restartedMain] DEBUG o.m.spring.SqlSessionFactoryBean - Parsed mapper file: 'file [D:\Spring\sts-4.4\workspace\devspring\bin\main\static\mapper\CommonMapper.xml]'
2025-01-07 09:38:09 [restartedMain] INFO  o.s.b.d.a.OptionalLiveReloadServer - LiveReload server is running on port 35729
2025-01-07 09:38:09 [restartedMain] INFO  o.a.coyote.http11.Http11NioProtocol - Starting ProtocolHandler ["http-nio-8080"]
2025-01-07 09:38:09 [restartedMain] INFO  o.s.b.w.e.tomcat.TomcatWebServer - Tomcat started on port 8080 (http) with context path '/'
2025-01-07 09:38:09 [restartedMain] INFO  c.s.devspring.DevspringApplication - Started DevspringApplication in 0.247 seconds (process running for 70.386)
2025-01-07 09:38:09 [restartedMain] INFO  o.s.b.d.a.ConditionEvaluationDeltaLoggingListener - Condition evaluation unchanged
2025-01-07 09:38:11 [http-nio-8080-exec-1] INFO  o.a.c.c.C.[Tomcat].[localhost].[/] - Initializing Spring DispatcherServlet 'dispatcherServlet'
2025-01-07 09:38:11 [http-nio-8080-exec-1] INFO  o.s.web.servlet.DispatcherServlet - Initializing Servlet 'dispatcherServlet'
2025-01-07 09:38:11 [http-nio-8080-exec-1] INFO  o.s.web.servlet.DispatcherServlet - Completed initialization in 1 ms
2025-01-07 09:38:11 [http-nio-8080-exec-1] WARN  o.t.s.p.AbstractStandardFragmentInsertionTagProcessor - [THYMELEAF][http-nio-8080-exec-1][common/layout/layout] Deprecated unwrapped fragment expression "common/fragments/header::header" found in template common/layout/layout, line 29, col 10. Please use the complete syntax of fragment expressions instead ("~{common/fragments/header::header}"). The old, unwrapped syntax for fragment expressions will be removed in future versions of Thymeleaf.
2025-01-07 09:38:11 [http-nio-8080-exec-1] WARN  o.t.s.p.AbstractStandardFragmentInsertionTagProcessor - [THYMELEAF][http-nio-8080-exec-1][common/layout/layout] Deprecated unwrapped fragment expression "common/fragments/footer::footer" found in template common/layout/layout, line 33, col 10. Please use the complete syntax of fragment expressions instead ("~{common/fragments/footer::footer}"). The old, unwrapped syntax for fragment expressions will be removed in future versions of Thymeleaf.
2025-01-07 09:38:12 [http-nio-8080-exec-10] DEBUG org.mybatis.spring.SqlSessionUtils - Creating a new SqlSession
2025-01-07 09:38:12 [http-nio-8080-exec-10] DEBUG org.mybatis.spring.SqlSessionUtils - SqlSession [org.apache.ibatis.session.defaults.DefaultSqlSession@5517b333] was not registered for synchronization because synchronization is not active
2025-01-07 09:38:12 [http-nio-8080-exec-10] INFO  com.zaxxer.hikari.HikariDataSource - HikariPool-2 - Starting...
2025-01-07 09:38:12 [http-nio-8080-exec-10] INFO  com.zaxxer.hikari.pool.HikariPool - HikariPool-2 - Added connection com.mysql.cj.jdbc.ConnectionImpl@65e645f8
2025-01-07 09:38:12 [http-nio-8080-exec-10] INFO  com.zaxxer.hikari.HikariDataSource - HikariPool-2 - Start completed.
2025-01-07 09:38:12 [http-nio-8080-exec-10] DEBUG o.m.s.t.SpringManagedTransaction - JDBC Connection [HikariProxyConnection@226557020 wrapping com.mysql.cj.jdbc.ConnectionImpl@65e645f8] will not be managed by Spring
2025-01-07 09:38:12 [http-nio-8080-exec-10] DEBUG c.s.d.m.CommonMapper.selectLnbList - ==>  Preparing: SELECT CT_LNB_IDX AS ctLnbIdx, CT_LNB_ID AS ctLnbId, CT_LNB_NAME AS ctLnbName, CT_LNB_SUB_YN AS ctLnbSubYn, CT_LNB_URL AS ctLnbUrl, CT_LNB_USE_YN AS ctLnbUseYn FROM CT_LNB WHERE CT_LNB_USE_YN = 'Y' ORDER BY CT_LNB_IDX
2025-01-07 09:38:12 [http-nio-8080-exec-10] DEBUG c.s.d.m.CommonMapper.selectLnbList - ==> Parameters: 
2025-01-07 09:38:12 [http-nio-8080-exec-10] DEBUG c.s.d.m.CommonMapper.selectLnbList - <==      Total: 4
2025-01-07 09:38:12 [http-nio-8080-exec-10] DEBUG org.mybatis.spring.SqlSessionUtils - Closing non transactional SqlSession [org.apache.ibatis.session.defaults.DefaultSqlSession@5517b333]
2025-01-07 09:38:12 [http-nio-8080-exec-1] DEBUG org.mybatis.spring.SqlSessionUtils - Creating a new SqlSession
2025-01-07 09:38:12 [http-nio-8080-exec-1] DEBUG org.mybatis.spring.SqlSessionUtils - SqlSession [org.apache.ibatis.session.defaults.DefaultSqlSession@46748897] was not registered for synchronization because synchronization is not active
2025-01-07 09:38:12 [http-nio-8080-exec-1] DEBUG o.m.s.t.SpringManagedTransaction - JDBC Connection [HikariProxyConnection@406913529 wrapping com.mysql.cj.jdbc.ConnectionImpl@65e645f8] will not be managed by Spring
2025-01-07 09:38:12 [http-nio-8080-exec-1] DEBUG c.s.d.m.CommonMapper.selectLnbList - ==>  Preparing: SELECT CT_LNB_IDX AS ctLnbIdx, CT_LNB_ID AS ctLnbId, CT_LNB_NAME AS ctLnbName, CT_LNB_SUB_YN AS ctLnbSubYn, CT_LNB_URL AS ctLnbUrl, CT_LNB_USE_YN AS ctLnbUseYn FROM CT_LNB WHERE CT_LNB_USE_YN = 'Y' ORDER BY CT_LNB_IDX
2025-01-07 09:38:12 [http-nio-8080-exec-1] DEBUG c.s.d.m.CommonMapper.selectLnbList - ==> Parameters: 
2025-01-07 09:38:12 [http-nio-8080-exec-1] DEBUG c.s.d.m.CommonMapper.selectLnbList - <==      Total: 4
2025-01-07 09:38:12 [http-nio-8080-exec-1] DEBUG org.mybatis.spring.SqlSessionUtils - Closing non transactional SqlSession [org.apache.ibatis.session.defaults.DefaultSqlSession@46748897]
2025-01-07 09:38:12 [http-nio-8080-exec-2] DEBUG org.mybatis.spring.SqlSessionUtils - Creating a new SqlSession
2025-01-07 09:38:12 [http-nio-8080-exec-3] DEBUG org.mybatis.spring.SqlSessionUtils - Creating a new SqlSession
2025-01-07 09:38:12 [http-nio-8080-exec-2] DEBUG org.mybatis.spring.SqlSessionUtils - SqlSession [org.apache.ibatis.session.defaults.DefaultSqlSession@1eaad7d1] was not registered for synchronization because synchronization is not active
2025-01-07 09:38:12 [http-nio-8080-exec-3] DEBUG org.mybatis.spring.SqlSessionUtils - SqlSession [org.apache.ibatis.session.defaults.DefaultSqlSession@3c5fa033] was not registered for synchronization because synchronization is not active
2025-01-07 09:38:12 [http-nio-8080-exec-2] DEBUG o.m.s.t.SpringManagedTransaction - JDBC Connection [HikariProxyConnection@805178534 wrapping com.mysql.cj.jdbc.ConnectionImpl@65e645f8] will not be managed by Spring
2025-01-07 09:38:12 [http-nio-8080-exec-4] DEBUG org.mybatis.spring.SqlSessionUtils - Creating a new SqlSession
2025-01-07 09:38:12 [http-nio-8080-exec-2] DEBUG c.s.d.m.C.selectLnbSubList - ==>  Preparing: SELECT CT_LNB_SUB_IDX AS ctLnbSubIdx, CT_LNB_ID AS ctLnbId, CT_LNB_SUB_ID AS ctLnbSubId, CT_LNB_SUB_NAME AS ctLnbSubName, CT_LNB_SUB_URL AS ctLnbSubUrl FROM CT_LNB_SUB WHERE CT_LNB_ID = ? ORDER BY CT_LNB_SUB_IDX
2025-01-07 09:38:12 [http-nio-8080-exec-4] DEBUG org.mybatis.spring.SqlSessionUtils - SqlSession [org.apache.ibatis.session.defaults.DefaultSqlSession@1ed24049] was not registered for synchronization because synchronization is not active
2025-01-07 09:38:12 [http-nio-8080-exec-2] DEBUG c.s.d.m.C.selectLnbSubList - ==> Parameters: CT_LNB_INFORMATION(String)
2025-01-07 09:38:12 [http-nio-8080-exec-2] DEBUG c.s.d.m.C.selectLnbSubList - <==      Total: 2
2025-01-07 09:38:12 [http-nio-8080-exec-2] DEBUG org.mybatis.spring.SqlSessionUtils - Closing non transactional SqlSession [org.apache.ibatis.session.defaults.DefaultSqlSession@1eaad7d1]
2025-01-07 09:38:12 [http-nio-8080-exec-3] DEBUG o.m.s.t.SpringManagedTransaction - JDBC Connection [HikariProxyConnection@945828704 wrapping com.mysql.cj.jdbc.ConnectionImpl@65e645f8] will not be managed by Spring
2025-01-07 09:38:12 [http-nio-8080-exec-3] DEBUG c.s.d.m.C.selectLnbSubList - ==>  Preparing: SELECT CT_LNB_SUB_IDX AS ctLnbSubIdx, CT_LNB_ID AS ctLnbId, CT_LNB_SUB_ID AS ctLnbSubId, CT_LNB_SUB_NAME AS ctLnbSubName, CT_LNB_SUB_URL AS ctLnbSubUrl FROM CT_LNB_SUB WHERE CT_LNB_ID = ? ORDER BY CT_LNB_SUB_IDX
2025-01-07 09:38:12 [http-nio-8080-exec-3] DEBUG c.s.d.m.C.selectLnbSubList - ==> Parameters: CT_LNB_SERVICE(String)
2025-01-07 09:38:12 [http-nio-8080-exec-3] DEBUG c.s.d.m.C.selectLnbSubList - <==      Total: 4
2025-01-07 09:38:12 [http-nio-8080-exec-3] DEBUG org.mybatis.spring.SqlSessionUtils - Closing non transactional SqlSession [org.apache.ibatis.session.defaults.DefaultSqlSession@3c5fa033]
2025-01-07 09:38:12 [http-nio-8080-exec-4] DEBUG o.m.s.t.SpringManagedTransaction - JDBC Connection [HikariProxyConnection@451790667 wrapping com.mysql.cj.jdbc.ConnectionImpl@65e645f8] will not be managed by Spring
2025-01-07 09:38:12 [http-nio-8080-exec-4] DEBUG c.s.d.m.C.selectLnbSubList - ==>  Preparing: SELECT CT_LNB_SUB_IDX AS ctLnbSubIdx, CT_LNB_ID AS ctLnbId, CT_LNB_SUB_ID AS ctLnbSubId, CT_LNB_SUB_NAME AS ctLnbSubName, CT_LNB_SUB_URL AS ctLnbSubUrl FROM CT_LNB_SUB WHERE CT_LNB_ID = ? ORDER BY CT_LNB_SUB_IDX
2025-01-07 09:38:12 [http-nio-8080-exec-4] DEBUG c.s.d.m.C.selectLnbSubList - ==> Parameters: CT_LNB_CONTACT(String)
2025-01-07 09:38:12 [http-nio-8080-exec-6] DEBUG org.mybatis.spring.SqlSessionUtils - Creating a new SqlSession
2025-01-07 09:38:12 [http-nio-8080-exec-6] DEBUG org.mybatis.spring.SqlSessionUtils - SqlSession [org.apache.ibatis.session.defaults.DefaultSqlSession@109a0424] was not registered for synchronization because synchronization is not active
2025-01-07 09:38:12 [http-nio-8080-exec-4] DEBUG c.s.d.m.C.selectLnbSubList - <==      Total: 2
2025-01-07 09:38:12 [http-nio-8080-exec-4] DEBUG org.mybatis.spring.SqlSessionUtils - Closing non transactional SqlSession [org.apache.ibatis.session.defaults.DefaultSqlSession@1ed24049]
2025-01-07 09:38:12 [http-nio-8080-exec-6] DEBUG o.m.s.t.SpringManagedTransaction - JDBC Connection [HikariProxyConnection@346395375 wrapping com.mysql.cj.jdbc.ConnectionImpl@65e645f8] will not be managed by Spring
2025-01-07 09:38:12 [http-nio-8080-exec-6] DEBUG c.s.d.m.C.selectLnbSubList - ==>  Preparing: SELECT CT_LNB_SUB_IDX AS ctLnbSubIdx, CT_LNB_ID AS ctLnbId, CT_LNB_SUB_ID AS ctLnbSubId, CT_LNB_SUB_NAME AS ctLnbSubName, CT_LNB_SUB_URL AS ctLnbSubUrl FROM CT_LNB_SUB WHERE CT_LNB_ID = ? ORDER BY CT_LNB_SUB_IDX
2025-01-07 09:38:12 [http-nio-8080-exec-6] DEBUG c.s.d.m.C.selectLnbSubList - ==> Parameters: CT_LNB_INFORMATION(String)
2025-01-07 09:38:12 [http-nio-8080-exec-7] DEBUG org.mybatis.spring.SqlSessionUtils - Creating a new SqlSession
2025-01-07 09:38:12 [http-nio-8080-exec-7] DEBUG org.mybatis.spring.SqlSessionUtils - SqlSession [org.apache.ibatis.session.defaults.DefaultSqlSession@2ffda8dc] was not registered for synchronization because synchronization is not active
2025-01-07 09:38:12 [http-nio-8080-exec-6] DEBUG c.s.d.m.C.selectLnbSubList - <==      Total: 2
2025-01-07 09:38:12 [http-nio-8080-exec-6] DEBUG org.mybatis.spring.SqlSessionUtils - Closing non transactional SqlSession [org.apache.ibatis.session.defaults.DefaultSqlSession@109a0424]
2025-01-07 09:38:12 [http-nio-8080-exec-7] DEBUG o.m.s.t.SpringManagedTransaction - JDBC Connection [HikariProxyConnection@734149115 wrapping com.mysql.cj.jdbc.ConnectionImpl@65e645f8] will not be managed by Spring
2025-01-07 09:38:12 [http-nio-8080-exec-7] DEBUG c.s.d.m.C.selectLnbSubList - ==>  Preparing: SELECT CT_LNB_SUB_IDX AS ctLnbSubIdx, CT_LNB_ID AS ctLnbId, CT_LNB_SUB_ID AS ctLnbSubId, CT_LNB_SUB_NAME AS ctLnbSubName, CT_LNB_SUB_URL AS ctLnbSubUrl FROM CT_LNB_SUB WHERE CT_LNB_ID = ? ORDER BY CT_LNB_SUB_IDX
2025-01-07 09:38:12 [http-nio-8080-exec-7] DEBUG c.s.d.m.C.selectLnbSubList - ==> Parameters: CT_LNB_SERVICE(String)
2025-01-07 09:38:12 [http-nio-8080-exec-5] DEBUG org.mybatis.spring.SqlSessionUtils - Creating a new SqlSession
2025-01-07 09:38:12 [http-nio-8080-exec-5] DEBUG org.mybatis.spring.SqlSessionUtils - SqlSession [org.apache.ibatis.session.defaults.DefaultSqlSession@3f2f4a29] was not registered for synchronization because synchronization is not active
2025-01-07 09:38:12 [http-nio-8080-exec-7] DEBUG c.s.d.m.C.selectLnbSubList - <==      Total: 4
2025-01-07 09:38:12 [http-nio-8080-exec-7] DEBUG org.mybatis.spring.SqlSessionUtils - Closing non transactional SqlSession [org.apache.ibatis.session.defaults.DefaultSqlSession@2ffda8dc]
2025-01-07 09:38:12 [http-nio-8080-exec-5] DEBUG o.m.s.t.SpringManagedTransaction - JDBC Connection [HikariProxyConnection@990955796 wrapping com.mysql.cj.jdbc.ConnectionImpl@65e645f8] will not be managed by Spring
2025-01-07 09:38:12 [http-nio-8080-exec-5] DEBUG c.s.d.m.C.selectLnbSubList - ==>  Preparing: SELECT CT_LNB_SUB_IDX AS ctLnbSubIdx, CT_LNB_ID AS ctLnbId, CT_LNB_SUB_ID AS ctLnbSubId, CT_LNB_SUB_NAME AS ctLnbSubName, CT_LNB_SUB_URL AS ctLnbSubUrl FROM CT_LNB_SUB WHERE CT_LNB_ID = ? ORDER BY CT_LNB_SUB_IDX
2025-01-07 09:38:12 [http-nio-8080-exec-5] DEBUG c.s.d.m.C.selectLnbSubList - ==> Parameters: CT_LNB_CONTACT(String)
2025-01-07 09:38:12 [http-nio-8080-exec-5] DEBUG c.s.d.m.C.selectLnbSubList - <==      Total: 2
2025-01-07 09:38:12 [http-nio-8080-exec-5] DEBUG org.mybatis.spring.SqlSessionUtils - Closing non transactional SqlSession [org.apache.ibatis.session.defaults.DefaultSqlSession@3f2f4a29]
2025-01-07 09:38:52 [http-nio-8080-exec-3] WARN  o.t.s.p.AbstractStandardFragmentInsertionTagProcessor - [THYMELEAF][http-nio-8080-exec-3][common/layout/layout] Deprecated unwrapped fragment expression "common/fragments/header::header" found in template common/layout/layout, line 29, col 10. Please use the complete syntax of fragment expressions instead ("~{common/fragments/header::header}"). The old, unwrapped syntax for fragment expressions will be removed in future versions of Thymeleaf.
2025-01-07 09:38:52 [http-nio-8080-exec-3] WARN  o.t.s.p.AbstractStandardFragmentInsertionTagProcessor - [THYMELEAF][http-nio-8080-exec-3][common/layout/layout] Deprecated unwrapped fragment expression "common/fragments/footer::footer" found in template common/layout/layout, line 33, col 10. Please use the complete syntax of fragment expressions instead ("~{common/fragments/footer::footer}"). The old, unwrapped syntax for fragment expressions will be removed in future versions of Thymeleaf.
2025-01-07 09:38:52 [http-nio-8080-exec-9] DEBUG org.mybatis.spring.SqlSessionUtils - Creating a new SqlSession
2025-01-07 09:38:52 [http-nio-8080-exec-9] DEBUG org.mybatis.spring.SqlSessionUtils - SqlSession [org.apache.ibatis.session.defaults.DefaultSqlSession@7a0713d3] was not registered for synchronization because synchronization is not active
2025-01-07 09:38:52 [http-nio-8080-exec-9] DEBUG o.m.s.t.SpringManagedTransaction - JDBC Connection [HikariProxyConnection@1057325815 wrapping com.mysql.cj.jdbc.ConnectionImpl@65e645f8] will not be managed by Spring
2025-01-07 09:38:52 [http-nio-8080-exec-9] DEBUG c.s.d.m.CommonMapper.selectLnbList - ==>  Preparing: SELECT CT_LNB_IDX AS ctLnbIdx, CT_LNB_ID AS ctLnbId, CT_LNB_NAME AS ctLnbName, CT_LNB_SUB_YN AS ctLnbSubYn, CT_LNB_URL AS ctLnbUrl, CT_LNB_USE_YN AS ctLnbUseYn FROM CT_LNB WHERE CT_LNB_USE_YN = 'Y' ORDER BY CT_LNB_IDX
2025-01-07 09:38:52 [http-nio-8080-exec-9] DEBUG c.s.d.m.CommonMapper.selectLnbList - ==> Parameters: 
2025-01-07 09:38:52 [http-nio-8080-exec-9] DEBUG c.s.d.m.CommonMapper.selectLnbList - <==      Total: 4
2025-01-07 09:38:52 [http-nio-8080-exec-9] DEBUG org.mybatis.spring.SqlSessionUtils - Closing non transactional SqlSession [org.apache.ibatis.session.defaults.DefaultSqlSession@7a0713d3]
2025-01-07 09:38:52 [http-nio-8080-exec-8] DEBUG org.mybatis.spring.SqlSessionUtils - Creating a new SqlSession
2025-01-07 09:38:52 [http-nio-8080-exec-8] DEBUG org.mybatis.spring.SqlSessionUtils - SqlSession [org.apache.ibatis.session.defaults.DefaultSqlSession@7b55222c] was not registered for synchronization because synchronization is not active
2025-01-07 09:38:52 [http-nio-8080-exec-8] DEBUG o.m.s.t.SpringManagedTransaction - JDBC Connection [HikariProxyConnection@1045934882 wrapping com.mysql.cj.jdbc.ConnectionImpl@65e645f8] will not be managed by Spring
2025-01-07 09:38:52 [http-nio-8080-exec-8] DEBUG c.s.d.m.CommonMapper.selectLnbList - ==>  Preparing: SELECT CT_LNB_IDX AS ctLnbIdx, CT_LNB_ID AS ctLnbId, CT_LNB_NAME AS ctLnbName, CT_LNB_SUB_YN AS ctLnbSubYn, CT_LNB_URL AS ctLnbUrl, CT_LNB_USE_YN AS ctLnbUseYn FROM CT_LNB WHERE CT_LNB_USE_YN = 'Y' ORDER BY CT_LNB_IDX
2025-01-07 09:38:52 [http-nio-8080-exec-8] DEBUG c.s.d.m.CommonMapper.selectLnbList - ==> Parameters: 
2025-01-07 09:38:52 [http-nio-8080-exec-8] DEBUG c.s.d.m.CommonMapper.selectLnbList - <==      Total: 4
2025-01-07 09:38:52 [http-nio-8080-exec-8] DEBUG org.mybatis.spring.SqlSessionUtils - Closing non transactional SqlSession [org.apache.ibatis.session.defaults.DefaultSqlSession@7b55222c]
2025-01-07 09:38:52 [http-nio-8080-exec-3] DEBUG org.mybatis.spring.SqlSessionUtils - Creating a new SqlSession
2025-01-07 09:38:52 [http-nio-8080-exec-1] DEBUG org.mybatis.spring.SqlSessionUtils - Creating a new SqlSession
2025-01-07 09:38:52 [http-nio-8080-exec-4] DEBUG org.mybatis.spring.SqlSessionUtils - Creating a new SqlSession
2025-01-07 09:38:52 [http-nio-8080-exec-3] DEBUG org.mybatis.spring.SqlSessionUtils - SqlSession [org.apache.ibatis.session.defaults.DefaultSqlSession@7ae2a607] was not registered for synchronization because synchronization is not active
2025-01-07 09:38:52 [http-nio-8080-exec-4] DEBUG org.mybatis.spring.SqlSessionUtils - SqlSession [org.apache.ibatis.session.defaults.DefaultSqlSession@6efa95d5] was not registered for synchronization because synchronization is not active
2025-01-07 09:38:52 [http-nio-8080-exec-1] DEBUG org.mybatis.spring.SqlSessionUtils - SqlSession [org.apache.ibatis.session.defaults.DefaultSqlSession@cd08d3d] was not registered for synchronization because synchronization is not active
2025-01-07 09:38:52 [http-nio-8080-exec-4] DEBUG o.m.s.t.SpringManagedTransaction - JDBC Connection [HikariProxyConnection@442089694 wrapping com.mysql.cj.jdbc.ConnectionImpl@65e645f8] will not be managed by Spring
2025-01-07 09:38:52 [http-nio-8080-exec-4] DEBUG c.s.d.m.C.selectLnbSubList - ==>  Preparing: SELECT CT_LNB_SUB_IDX AS ctLnbSubIdx, CT_LNB_ID AS ctLnbId, CT_LNB_SUB_ID AS ctLnbSubId, CT_LNB_SUB_NAME AS ctLnbSubName, CT_LNB_SUB_URL AS ctLnbSubUrl FROM CT_LNB_SUB WHERE CT_LNB_ID = ? ORDER BY CT_LNB_SUB_IDX
2025-01-07 09:38:52 [http-nio-8080-exec-4] DEBUG c.s.d.m.C.selectLnbSubList - ==> Parameters: CT_LNB_CONTACT(String)
2025-01-07 09:38:52 [http-nio-8080-exec-3] DEBUG o.m.s.t.SpringManagedTransaction - JDBC Connection [HikariProxyConnection@454502372 wrapping com.mysql.cj.jdbc.ConnectionImpl@6b694e8d] will not be managed by Spring
2025-01-07 09:38:52 [http-nio-8080-exec-3] DEBUG c.s.d.m.C.selectLnbSubList - ==>  Preparing: SELECT CT_LNB_SUB_IDX AS ctLnbSubIdx, CT_LNB_ID AS ctLnbId, CT_LNB_SUB_ID AS ctLnbSubId, CT_LNB_SUB_NAME AS ctLnbSubName, CT_LNB_SUB_URL AS ctLnbSubUrl FROM CT_LNB_SUB WHERE CT_LNB_ID = ? ORDER BY CT_LNB_SUB_IDX
2025-01-07 09:38:52 [http-nio-8080-exec-1] DEBUG o.m.s.t.SpringManagedTransaction - JDBC Connection [HikariProxyConnection@1283171461 wrapping com.mysql.cj.jdbc.ConnectionImpl@205586ef] will not be managed by Spring
2025-01-07 09:38:52 [http-nio-8080-exec-1] DEBUG c.s.d.m.C.selectLnbSubList - ==>  Preparing: SELECT CT_LNB_SUB_IDX AS ctLnbSubIdx, CT_LNB_ID AS ctLnbId, CT_LNB_SUB_ID AS ctLnbSubId, CT_LNB_SUB_NAME AS ctLnbSubName, CT_LNB_SUB_URL AS ctLnbSubUrl FROM CT_LNB_SUB WHERE CT_LNB_ID = ? ORDER BY CT_LNB_SUB_IDX
2025-01-07 09:38:52 [http-nio-8080-exec-3] DEBUG c.s.d.m.C.selectLnbSubList - ==> Parameters: CT_LNB_INFORMATION(String)
2025-01-07 09:38:52 [http-nio-8080-exec-1] DEBUG c.s.d.m.C.selectLnbSubList - ==> Parameters: CT_LNB_SERVICE(String)
2025-01-07 09:38:52 [http-nio-8080-exec-1] DEBUG c.s.d.m.C.selectLnbSubList - <==      Total: 4
2025-01-07 09:38:52 [http-nio-8080-exec-3] DEBUG c.s.d.m.C.selectLnbSubList - <==      Total: 2
2025-01-07 09:38:52 [http-nio-8080-exec-4] DEBUG c.s.d.m.C.selectLnbSubList - <==      Total: 2
2025-01-07 09:38:52 [http-nio-8080-exec-1] DEBUG org.mybatis.spring.SqlSessionUtils - Closing non transactional SqlSession [org.apache.ibatis.session.defaults.DefaultSqlSession@cd08d3d]
2025-01-07 09:38:52 [http-nio-8080-exec-3] DEBUG org.mybatis.spring.SqlSessionUtils - Closing non transactional SqlSession [org.apache.ibatis.session.defaults.DefaultSqlSession@7ae2a607]
2025-01-07 09:38:52 [http-nio-8080-exec-4] DEBUG org.mybatis.spring.SqlSessionUtils - Closing non transactional SqlSession [org.apache.ibatis.session.defaults.DefaultSqlSession@6efa95d5]
2025-01-07 09:38:52 [http-nio-8080-exec-5] DEBUG org.mybatis.spring.SqlSessionUtils - Creating a new SqlSession
2025-01-07 09:38:52 [http-nio-8080-exec-5] DEBUG org.mybatis.spring.SqlSessionUtils - SqlSession [org.apache.ibatis.session.defaults.DefaultSqlSession@50a245dc] was not registered for synchronization because synchronization is not active
2025-01-07 09:38:52 [http-nio-8080-exec-5] DEBUG o.m.s.t.SpringManagedTransaction - JDBC Connection [HikariProxyConnection@99149463 wrapping com.mysql.cj.jdbc.ConnectionImpl@65e645f8] will not be managed by Spring
2025-01-07 09:38:52 [http-nio-8080-exec-7] DEBUG org.mybatis.spring.SqlSessionUtils - Creating a new SqlSession
2025-01-07 09:38:52 [http-nio-8080-exec-6] DEBUG org.mybatis.spring.SqlSessionUtils - Creating a new SqlSession
2025-01-07 09:38:52 [http-nio-8080-exec-5] DEBUG c.s.d.m.C.selectLnbSubList - ==>  Preparing: SELECT CT_LNB_SUB_IDX AS ctLnbSubIdx, CT_LNB_ID AS ctLnbId, CT_LNB_SUB_ID AS ctLnbSubId, CT_LNB_SUB_NAME AS ctLnbSubName, CT_LNB_SUB_URL AS ctLnbSubUrl FROM CT_LNB_SUB WHERE CT_LNB_ID = ? ORDER BY CT_LNB_SUB_IDX
2025-01-07 09:38:52 [http-nio-8080-exec-7] DEBUG org.mybatis.spring.SqlSessionUtils - SqlSession [org.apache.ibatis.session.defaults.DefaultSqlSession@5f64eb99] was not registered for synchronization because synchronization is not active
2025-01-07 09:38:52 [http-nio-8080-exec-6] DEBUG org.mybatis.spring.SqlSessionUtils - SqlSession [org.apache.ibatis.session.defaults.DefaultSqlSession@603c1fad] was not registered for synchronization because synchronization is not active
2025-01-07 09:38:52 [http-nio-8080-exec-6] DEBUG o.m.s.t.SpringManagedTransaction - JDBC Connection [HikariProxyConnection@1488374703 wrapping com.mysql.cj.jdbc.ConnectionImpl@6b694e8d] will not be managed by Spring
2025-01-07 09:38:52 [http-nio-8080-exec-7] DEBUG o.m.s.t.SpringManagedTransaction - JDBC Connection [HikariProxyConnection@1708330095 wrapping com.mysql.cj.jdbc.ConnectionImpl@205586ef] will not be managed by Spring
2025-01-07 09:38:52 [http-nio-8080-exec-7] DEBUG c.s.d.m.C.selectLnbSubList - ==>  Preparing: SELECT CT_LNB_SUB_IDX AS ctLnbSubIdx, CT_LNB_ID AS ctLnbId, CT_LNB_SUB_ID AS ctLnbSubId, CT_LNB_SUB_NAME AS ctLnbSubName, CT_LNB_SUB_URL AS ctLnbSubUrl FROM CT_LNB_SUB WHERE CT_LNB_ID = ? ORDER BY CT_LNB_SUB_IDX
2025-01-07 09:38:52 [http-nio-8080-exec-6] DEBUG c.s.d.m.C.selectLnbSubList - ==>  Preparing: SELECT CT_LNB_SUB_IDX AS ctLnbSubIdx, CT_LNB_ID AS ctLnbId, CT_LNB_SUB_ID AS ctLnbSubId, CT_LNB_SUB_NAME AS ctLnbSubName, CT_LNB_SUB_URL AS ctLnbSubUrl FROM CT_LNB_SUB WHERE CT_LNB_ID = ? ORDER BY CT_LNB_SUB_IDX
2025-01-07 09:38:52 [http-nio-8080-exec-7] DEBUG c.s.d.m.C.selectLnbSubList - ==> Parameters: CT_LNB_SERVICE(String)
2025-01-07 09:38:52 [http-nio-8080-exec-5] DEBUG c.s.d.m.C.selectLnbSubList - ==> Parameters: CT_LNB_INFORMATION(String)
2025-01-07 09:38:52 [http-nio-8080-exec-6] DEBUG c.s.d.m.C.selectLnbSubList - ==> Parameters: CT_LNB_CONTACT(String)
2025-01-07 09:38:52 [http-nio-8080-exec-5] DEBUG c.s.d.m.C.selectLnbSubList - <==      Total: 2
2025-01-07 09:38:52 [http-nio-8080-exec-6] DEBUG c.s.d.m.C.selectLnbSubList - <==      Total: 2
2025-01-07 09:38:52 [http-nio-8080-exec-7] DEBUG c.s.d.m.C.selectLnbSubList - <==      Total: 4
2025-01-07 09:38:52 [http-nio-8080-exec-5] DEBUG org.mybatis.spring.SqlSessionUtils - Closing non transactional SqlSession [org.apache.ibatis.session.defaults.DefaultSqlSession@50a245dc]
2025-01-07 09:38:52 [http-nio-8080-exec-6] DEBUG org.mybatis.spring.SqlSessionUtils - Closing non transactional SqlSession [org.apache.ibatis.session.defaults.DefaultSqlSession@603c1fad]
2025-01-07 09:38:52 [http-nio-8080-exec-7] DEBUG org.mybatis.spring.SqlSessionUtils - Closing non transactional SqlSession [org.apache.ibatis.session.defaults.DefaultSqlSession@5f64eb99]
2025-01-07 09:38:53 [http-nio-8080-exec-2] WARN  o.t.s.p.AbstractStandardFragmentInsertionTagProcessor - [THYMELEAF][http-nio-8080-exec-2][common/layout/layout] Deprecated unwrapped fragment expression "common/fragments/header::header" found in template common/layout/layout, line 29, col 10. Please use the complete syntax of fragment expressions instead ("~{common/fragments/header::header}"). The old, unwrapped syntax for fragment expressions will be removed in future versions of Thymeleaf.
2025-01-07 09:38:53 [http-nio-8080-exec-2] WARN  o.t.s.p.AbstractStandardFragmentInsertionTagProcessor - [THYMELEAF][http-nio-8080-exec-2][common/layout/layout] Deprecated unwrapped fragment expression "common/fragments/footer::footer" found in template common/layout/layout, line 33, col 10. Please use the complete syntax of fragment expressions instead ("~{common/fragments/footer::footer}"). The old, unwrapped syntax for fragment expressions will be removed in future versions of Thymeleaf.
2025-01-07 09:38:53 [http-nio-8080-exec-6] DEBUG org.mybatis.spring.SqlSessionUtils - Creating a new SqlSession
2025-01-07 09:38:53 [http-nio-8080-exec-6] DEBUG org.mybatis.spring.SqlSessionUtils - SqlSession [org.apache.ibatis.session.defaults.DefaultSqlSession@2d7639f8] was not registered for synchronization because synchronization is not active
2025-01-07 09:38:53 [http-nio-8080-exec-6] DEBUG o.m.s.t.SpringManagedTransaction - JDBC Connection [HikariProxyConnection@758614668 wrapping com.mysql.cj.jdbc.ConnectionImpl@6b694e8d] will not be managed by Spring
2025-01-07 09:38:53 [http-nio-8080-exec-6] DEBUG c.s.d.m.CommonMapper.selectLnbList - ==>  Preparing: SELECT CT_LNB_IDX AS ctLnbIdx, CT_LNB_ID AS ctLnbId, CT_LNB_NAME AS ctLnbName, CT_LNB_SUB_YN AS ctLnbSubYn, CT_LNB_URL AS ctLnbUrl, CT_LNB_USE_YN AS ctLnbUseYn FROM CT_LNB WHERE CT_LNB_USE_YN = 'Y' ORDER BY CT_LNB_IDX
2025-01-07 09:38:53 [http-nio-8080-exec-6] DEBUG c.s.d.m.CommonMapper.selectLnbList - ==> Parameters: 
2025-01-07 09:38:53 [http-nio-8080-exec-6] DEBUG c.s.d.m.CommonMapper.selectLnbList - <==      Total: 4
2025-01-07 09:38:53 [http-nio-8080-exec-6] DEBUG org.mybatis.spring.SqlSessionUtils - Closing non transactional SqlSession [org.apache.ibatis.session.defaults.DefaultSqlSession@2d7639f8]
2025-01-07 09:38:53 [http-nio-8080-exec-2] DEBUG org.mybatis.spring.SqlSessionUtils - Creating a new SqlSession
2025-01-07 09:38:53 [http-nio-8080-exec-2] DEBUG org.mybatis.spring.SqlSessionUtils - SqlSession [org.apache.ibatis.session.defaults.DefaultSqlSession@40a9d805] was not registered for synchronization because synchronization is not active
2025-01-07 09:38:53 [http-nio-8080-exec-2] DEBUG o.m.s.t.SpringManagedTransaction - JDBC Connection [HikariProxyConnection@1741696016 wrapping com.mysql.cj.jdbc.ConnectionImpl@65e645f8] will not be managed by Spring
2025-01-07 09:38:53 [http-nio-8080-exec-2] DEBUG c.s.d.m.CommonMapper.selectLnbList - ==>  Preparing: SELECT CT_LNB_IDX AS ctLnbIdx, CT_LNB_ID AS ctLnbId, CT_LNB_NAME AS ctLnbName, CT_LNB_SUB_YN AS ctLnbSubYn, CT_LNB_URL AS ctLnbUrl, CT_LNB_USE_YN AS ctLnbUseYn FROM CT_LNB WHERE CT_LNB_USE_YN = 'Y' ORDER BY CT_LNB_IDX
2025-01-07 09:38:53 [http-nio-8080-exec-2] DEBUG c.s.d.m.CommonMapper.selectLnbList - ==> Parameters: 
2025-01-07 09:38:53 [http-nio-8080-exec-2] DEBUG c.s.d.m.CommonMapper.selectLnbList - <==      Total: 4
2025-01-07 09:38:53 [http-nio-8080-exec-2] DEBUG org.mybatis.spring.SqlSessionUtils - Closing non transactional SqlSession [org.apache.ibatis.session.defaults.DefaultSqlSession@40a9d805]
2025-01-07 09:38:53 [http-nio-8080-exec-4] DEBUG org.mybatis.spring.SqlSessionUtils - Creating a new SqlSession
2025-01-07 09:38:53 [http-nio-8080-exec-9] DEBUG org.mybatis.spring.SqlSessionUtils - Creating a new SqlSession
2025-01-07 09:38:53 [http-nio-8080-exec-8] DEBUG org.mybatis.spring.SqlSessionUtils - Creating a new SqlSession
2025-01-07 09:38:53 [http-nio-8080-exec-4] DEBUG org.mybatis.spring.SqlSessionUtils - SqlSession [org.apache.ibatis.session.defaults.DefaultSqlSession@55563f4b] was not registered for synchronization because synchronization is not active
2025-01-07 09:38:53 [http-nio-8080-exec-9] DEBUG org.mybatis.spring.SqlSessionUtils - SqlSession [org.apache.ibatis.session.defaults.DefaultSqlSession@4cab4ce0] was not registered for synchronization because synchronization is not active
2025-01-07 09:38:53 [http-nio-8080-exec-8] DEBUG org.mybatis.spring.SqlSessionUtils - SqlSession [org.apache.ibatis.session.defaults.DefaultSqlSession@1fcb5480] was not registered for synchronization because synchronization is not active
2025-01-07 09:38:53 [http-nio-8080-exec-4] DEBUG o.m.s.t.SpringManagedTransaction - JDBC Connection [HikariProxyConnection@22891023 wrapping com.mysql.cj.jdbc.ConnectionImpl@6b694e8d] will not be managed by Spring
2025-01-07 09:38:53 [http-nio-8080-exec-9] DEBUG o.m.s.t.SpringManagedTransaction - JDBC Connection [HikariProxyConnection@1596620216 wrapping com.mysql.cj.jdbc.ConnectionImpl@65e645f8] will not be managed by Spring
2025-01-07 09:38:53 [http-nio-8080-exec-4] DEBUG c.s.d.m.C.selectLnbSubList - ==>  Preparing: SELECT CT_LNB_SUB_IDX AS ctLnbSubIdx, CT_LNB_ID AS ctLnbId, CT_LNB_SUB_ID AS ctLnbSubId, CT_LNB_SUB_NAME AS ctLnbSubName, CT_LNB_SUB_URL AS ctLnbSubUrl FROM CT_LNB_SUB WHERE CT_LNB_ID = ? ORDER BY CT_LNB_SUB_IDX
2025-01-07 09:38:53 [http-nio-8080-exec-9] DEBUG c.s.d.m.C.selectLnbSubList - ==>  Preparing: SELECT CT_LNB_SUB_IDX AS ctLnbSubIdx, CT_LNB_ID AS ctLnbId, CT_LNB_SUB_ID AS ctLnbSubId, CT_LNB_SUB_NAME AS ctLnbSubName, CT_LNB_SUB_URL AS ctLnbSubUrl FROM CT_LNB_SUB WHERE CT_LNB_ID = ? ORDER BY CT_LNB_SUB_IDX
2025-01-07 09:38:53 [http-nio-8080-exec-4] DEBUG c.s.d.m.C.selectLnbSubList - ==> Parameters: CT_LNB_INFORMATION(String)
2025-01-07 09:38:53 [http-nio-8080-exec-9] DEBUG c.s.d.m.C.selectLnbSubList - ==> Parameters: CT_LNB_SERVICE(String)
2025-01-07 09:38:53 [http-nio-8080-exec-8] DEBUG o.m.s.t.SpringManagedTransaction - JDBC Connection [HikariProxyConnection@719423502 wrapping com.mysql.cj.jdbc.ConnectionImpl@205586ef] will not be managed by Spring
2025-01-07 09:38:53 [http-nio-8080-exec-8] DEBUG c.s.d.m.C.selectLnbSubList - ==>  Preparing: SELECT CT_LNB_SUB_IDX AS ctLnbSubIdx, CT_LNB_ID AS ctLnbId, CT_LNB_SUB_ID AS ctLnbSubId, CT_LNB_SUB_NAME AS ctLnbSubName, CT_LNB_SUB_URL AS ctLnbSubUrl FROM CT_LNB_SUB WHERE CT_LNB_ID = ? ORDER BY CT_LNB_SUB_IDX
2025-01-07 09:38:53 [http-nio-8080-exec-8] DEBUG c.s.d.m.C.selectLnbSubList - ==> Parameters: CT_LNB_CONTACT(String)
2025-01-07 09:38:53 [http-nio-8080-exec-4] DEBUG c.s.d.m.C.selectLnbSubList - <==      Total: 2
2025-01-07 09:38:53 [http-nio-8080-exec-8] DEBUG c.s.d.m.C.selectLnbSubList - <==      Total: 2
2025-01-07 09:38:53 [http-nio-8080-exec-9] DEBUG c.s.d.m.C.selectLnbSubList - <==      Total: 4
2025-01-07 09:38:53 [http-nio-8080-exec-9] DEBUG org.mybatis.spring.SqlSessionUtils - Closing non transactional SqlSession [org.apache.ibatis.session.defaults.DefaultSqlSession@4cab4ce0]
2025-01-07 09:38:53 [http-nio-8080-exec-4] DEBUG org.mybatis.spring.SqlSessionUtils - Closing non transactional SqlSession [org.apache.ibatis.session.defaults.DefaultSqlSession@55563f4b]
2025-01-07 09:38:53 [http-nio-8080-exec-8] DEBUG org.mybatis.spring.SqlSessionUtils - Closing non transactional SqlSession [org.apache.ibatis.session.defaults.DefaultSqlSession@1fcb5480]
2025-01-07 09:38:53 [http-nio-8080-exec-10] DEBUG org.mybatis.spring.SqlSessionUtils - Creating a new SqlSession
2025-01-07 09:38:53 [http-nio-8080-exec-1] DEBUG org.mybatis.spring.SqlSessionUtils - Creating a new SqlSession
2025-01-07 09:38:53 [http-nio-8080-exec-3] DEBUG org.mybatis.spring.SqlSessionUtils - Creating a new SqlSession
2025-01-07 09:38:53 [http-nio-8080-exec-10] DEBUG org.mybatis.spring.SqlSessionUtils - SqlSession [org.apache.ibatis.session.defaults.DefaultSqlSession@47f3b0af] was not registered for synchronization because synchronization is not active
2025-01-07 09:38:53 [http-nio-8080-exec-1] DEBUG org.mybatis.spring.SqlSessionUtils - SqlSession [org.apache.ibatis.session.defaults.DefaultSqlSession@1d99cd53] was not registered for synchronization because synchronization is not active
2025-01-07 09:38:53 [http-nio-8080-exec-3] DEBUG org.mybatis.spring.SqlSessionUtils - SqlSession [org.apache.ibatis.session.defaults.DefaultSqlSession@2bc01694] was not registered for synchronization because synchronization is not active
2025-01-07 09:38:53 [http-nio-8080-exec-10] DEBUG o.m.s.t.SpringManagedTransaction - JDBC Connection [HikariProxyConnection@1750166676 wrapping com.mysql.cj.jdbc.ConnectionImpl@65e645f8] will not be managed by Spring
2025-01-07 09:38:53 [http-nio-8080-exec-1] DEBUG o.m.s.t.SpringManagedTransaction - JDBC Connection [HikariProxyConnection@293032689 wrapping com.mysql.cj.jdbc.ConnectionImpl@205586ef] will not be managed by Spring
2025-01-07 09:38:53 [http-nio-8080-exec-3] DEBUG o.m.s.t.SpringManagedTransaction - JDBC Connection [HikariProxyConnection@184301639 wrapping com.mysql.cj.jdbc.ConnectionImpl@6b694e8d] will not be managed by Spring
2025-01-07 09:38:53 [http-nio-8080-exec-10] DEBUG c.s.d.m.C.selectLnbSubList - ==>  Preparing: SELECT CT_LNB_SUB_IDX AS ctLnbSubIdx, CT_LNB_ID AS ctLnbId, CT_LNB_SUB_ID AS ctLnbSubId, CT_LNB_SUB_NAME AS ctLnbSubName, CT_LNB_SUB_URL AS ctLnbSubUrl FROM CT_LNB_SUB WHERE CT_LNB_ID = ? ORDER BY CT_LNB_SUB_IDX
2025-01-07 09:38:53 [http-nio-8080-exec-3] DEBUG c.s.d.m.C.selectLnbSubList - ==>  Preparing: SELECT CT_LNB_SUB_IDX AS ctLnbSubIdx, CT_LNB_ID AS ctLnbId, CT_LNB_SUB_ID AS ctLnbSubId, CT_LNB_SUB_NAME AS ctLnbSubName, CT_LNB_SUB_URL AS ctLnbSubUrl FROM CT_LNB_SUB WHERE CT_LNB_ID = ? ORDER BY CT_LNB_SUB_IDX
2025-01-07 09:38:53 [http-nio-8080-exec-1] DEBUG c.s.d.m.C.selectLnbSubList - ==>  Preparing: SELECT CT_LNB_SUB_IDX AS ctLnbSubIdx, CT_LNB_ID AS ctLnbId, CT_LNB_SUB_ID AS ctLnbSubId, CT_LNB_SUB_NAME AS ctLnbSubName, CT_LNB_SUB_URL AS ctLnbSubUrl FROM CT_LNB_SUB WHERE CT_LNB_ID = ? ORDER BY CT_LNB_SUB_IDX
2025-01-07 09:38:53 [http-nio-8080-exec-10] DEBUG c.s.d.m.C.selectLnbSubList - ==> Parameters: CT_LNB_INFORMATION(String)
2025-01-07 09:38:53 [http-nio-8080-exec-3] DEBUG c.s.d.m.C.selectLnbSubList - ==> Parameters: CT_LNB_SERVICE(String)
2025-01-07 09:38:53 [http-nio-8080-exec-1] DEBUG c.s.d.m.C.selectLnbSubList - ==> Parameters: CT_LNB_CONTACT(String)
2025-01-07 09:38:53 [http-nio-8080-exec-1] DEBUG c.s.d.m.C.selectLnbSubList - <==      Total: 2
2025-01-07 09:38:53 [http-nio-8080-exec-3] DEBUG c.s.d.m.C.selectLnbSubList - <==      Total: 4
2025-01-07 09:38:53 [http-nio-8080-exec-10] DEBUG c.s.d.m.C.selectLnbSubList - <==      Total: 2
2025-01-07 09:38:53 [http-nio-8080-exec-10] DEBUG org.mybatis.spring.SqlSessionUtils - Closing non transactional SqlSession [org.apache.ibatis.session.defaults.DefaultSqlSession@47f3b0af]
2025-01-07 09:38:53 [http-nio-8080-exec-3] DEBUG org.mybatis.spring.SqlSessionUtils - Closing non transactional SqlSession [org.apache.ibatis.session.defaults.DefaultSqlSession@2bc01694]
2025-01-07 09:38:53 [http-nio-8080-exec-1] DEBUG org.mybatis.spring.SqlSessionUtils - Closing non transactional SqlSession [org.apache.ibatis.session.defaults.DefaultSqlSession@1d99cd53]
2025-01-07 09:39:06 [RMI TCP Connection(13)-127.0.0.1] INFO  o.s.b.a.SpringApplicationAdminMXBeanRegistrar$SpringApplicationAdmin - Application shutdown requested.
2025-01-07 09:39:06 [RMI TCP Connection(13)-127.0.0.1] INFO  o.s.b.w.e.tomcat.GracefulShutdown - Commencing graceful shutdown. Waiting for active requests to complete
2025-01-07 09:39:06 [tomcat-shutdown] INFO  o.a.coyote.http11.Http11NioProtocol - Pausing ProtocolHandler ["http-nio-8080"]
2025-01-07 09:39:06 [tomcat-shutdown] INFO  o.s.b.w.e.tomcat.GracefulShutdown - Graceful shutdown complete
2025-01-07 09:39:06 [RMI TCP Connection(13)-127.0.0.1] INFO  o.a.coyote.http11.Http11NioProtocol - Stopping ProtocolHandler ["http-nio-8080"]
2025-01-07 09:39:06 [RMI TCP Connection(13)-127.0.0.1] INFO  com.zaxxer.hikari.HikariDataSource - HikariPool-2 - Shutdown initiated...
2025-01-07 09:39:06 [RMI TCP Connection(13)-127.0.0.1] INFO  com.zaxxer.hikari.HikariDataSource - HikariPool-2 - Shutdown completed.
2025-01-07 17:03:51 [restartedMain] INFO  c.s.devspring.DevspringApplication - Starting DevspringApplication using Java 17.0.12 with PID 11596 (D:\Spring\sts-4.4\workspace\devspring\bin\main started by aatjx in D:\Spring\sts-4.4\workspace\devspring)
2025-01-07 17:03:51 [restartedMain] INFO  c.s.devspring.DevspringApplication - No active profile set, falling back to 1 default profile: "default"
2025-01-07 17:03:51 [restartedMain] INFO  o.s.b.d.e.DevToolsPropertyDefaultsPostProcessor - Devtools property defaults active! Set 'spring.devtools.add-properties' to 'false' to disable
2025-01-07 17:03:51 [restartedMain] INFO  o.s.b.d.e.DevToolsPropertyDefaultsPostProcessor - For additional web related logging consider setting the 'logging.level.web' property to 'DEBUG'
2025-01-07 17:03:51 [restartedMain] DEBUG o.apache.ibatis.logging.LogFactory - Logging initialized using 'class org.apache.ibatis.logging.slf4j.Slf4jImpl' adapter.
2025-01-07 17:03:51 [restartedMain] DEBUG o.m.s.mapper.ClassPathMapperScanner - Identified candidate component class: file [D:\Spring\sts-4.4\workspace\devspring\bin\main\com\spring\devspring\mapper\BoardMapper.class]
2025-01-07 17:03:51 [restartedMain] DEBUG o.m.s.mapper.ClassPathMapperScanner - Identified candidate component class: file [D:\Spring\sts-4.4\workspace\devspring\bin\main\com\spring\devspring\mapper\CommonMapper.class]
2025-01-07 17:03:51 [restartedMain] DEBUG o.m.s.mapper.ClassPathMapperScanner - Creating MapperFactoryBean with name 'boardMapper' and 'com.spring.devspring.mapper.BoardMapper' mapperInterface
2025-01-07 17:03:51 [restartedMain] DEBUG o.m.s.mapper.ClassPathMapperScanner - Creating MapperFactoryBean with name 'commonMapper' and 'com.spring.devspring.mapper.CommonMapper' mapperInterface
2025-01-07 17:03:51 [restartedMain] INFO  o.s.b.w.e.tomcat.TomcatWebServer - Tomcat initialized with port 8080 (http)
2025-01-07 17:03:51 [restartedMain] INFO  o.a.coyote.http11.Http11NioProtocol - Initializing ProtocolHandler ["http-nio-8080"]
2025-01-07 17:03:51 [restartedMain] INFO  o.a.catalina.core.StandardService - Starting service [Tomcat]
2025-01-07 17:03:51 [restartedMain] INFO  o.a.catalina.core.StandardEngine - Starting Servlet engine: [Apache Tomcat/10.1.34]
2025-01-07 17:03:52 [restartedMain] INFO  o.a.c.c.C.[Tomcat].[localhost].[/] - Initializing Spring embedded WebApplicationContext
2025-01-07 17:03:52 [restartedMain] INFO  o.s.b.w.s.c.ServletWebServerApplicationContext - Root WebApplicationContext: initialization completed in 677 ms
2025-01-07 17:03:52 [restartedMain] DEBUG o.m.spring.SqlSessionFactoryBean - Property 'configuration' or 'configLocation' not specified, using default MyBatis Configuration
2025-01-07 17:03:52 [restartedMain] DEBUG o.m.spring.SqlSessionFactoryBean - Parsed mapper file: 'file [D:\Spring\sts-4.4\workspace\devspring\bin\main\static\mapper\BoardMapper.xml]'
2025-01-07 17:03:52 [restartedMain] DEBUG o.m.spring.SqlSessionFactoryBean - Parsed mapper file: 'file [D:\Spring\sts-4.4\workspace\devspring\bin\main\static\mapper\CommonMapper.xml]'
2025-01-07 17:03:52 [restartedMain] INFO  o.s.b.d.a.OptionalLiveReloadServer - LiveReload server is running on port 35729
2025-01-07 17:03:52 [restartedMain] INFO  o.a.coyote.http11.Http11NioProtocol - Starting ProtocolHandler ["http-nio-8080"]
2025-01-07 17:03:52 [restartedMain] INFO  o.s.b.w.e.tomcat.TomcatWebServer - Tomcat started on port 8080 (http) with context path '/'
2025-01-07 17:03:52 [restartedMain] INFO  c.s.devspring.DevspringApplication - Started DevspringApplication in 1.499 seconds (process running for 1.894)
2025-01-07 17:03:54 [http-nio-8080-exec-1] INFO  o.a.c.c.C.[Tomcat].[localhost].[/] - Initializing Spring DispatcherServlet 'dispatcherServlet'
2025-01-07 17:03:54 [http-nio-8080-exec-1] INFO  o.s.web.servlet.DispatcherServlet - Initializing Servlet 'dispatcherServlet'
2025-01-07 17:03:54 [http-nio-8080-exec-1] INFO  o.s.web.servlet.DispatcherServlet - Completed initialization in 1 ms
2025-01-07 17:03:55 [http-nio-8080-exec-1] WARN  o.t.s.p.AbstractStandardFragmentInsertionTagProcessor - [THYMELEAF][http-nio-8080-exec-1][common/layout/layout] Deprecated unwrapped fragment expression "common/fragments/header::header" found in template common/layout/layout, line 29, col 10. Please use the complete syntax of fragment expressions instead ("~{common/fragments/header::header}"). The old, unwrapped syntax for fragment expressions will be removed in future versions of Thymeleaf.
2025-01-07 17:03:55 [http-nio-8080-exec-1] WARN  o.t.s.p.AbstractStandardFragmentInsertionTagProcessor - [THYMELEAF][http-nio-8080-exec-1][common/layout/layout] Deprecated unwrapped fragment expression "common/fragments/footer::footer" found in template common/layout/layout, line 33, col 10. Please use the complete syntax of fragment expressions instead ("~{common/fragments/footer::footer}"). The old, unwrapped syntax for fragment expressions will be removed in future versions of Thymeleaf.
2025-01-07 17:03:55 [http-nio-8080-exec-10] ERROR o.a.c.c.C.[.[.[.[dispatcherServlet] - Servlet.service() for servlet [dispatcherServlet] in context with path [] threw exception [Request processing failed: java.lang.NullPointerException: Cannot invoke "com.spring.devspring.mapper.CommonMapper.selectLnbList()" because "this.CommonMapper" is null] with root cause
java.lang.NullPointerException: Cannot invoke "com.spring.devspring.mapper.CommonMapper.selectLnbList()" because "this.CommonMapper" is null
	at com.spring.devspring.controller_service.CommonService.getLnbList(CommonService.java:19)
	at com.spring.devspring.controller_service.CommonController.getLnbList(CommonController.java:27)
	at java.base/jdk.internal.reflect.NativeMethodAccessorImpl.invoke0(Native Method)
	at java.base/jdk.internal.reflect.NativeMethodAccessorImpl.invoke(NativeMethodAccessorImpl.java:77)
	at java.base/jdk.internal.reflect.DelegatingMethodAccessorImpl.invoke(DelegatingMethodAccessorImpl.java:43)
	at java.base/java.lang.reflect.Method.invoke(Method.java:568)
	at org.springframework.web.method.support.InvocableHandlerMethod.doInvoke(InvocableHandlerMethod.java:257)
	at org.springframework.web.method.support.InvocableHandlerMethod.invokeForRequest(InvocableHandlerMethod.java:190)
	at org.springframework.web.servlet.mvc.method.annotation.ServletInvocableHandlerMethod.invokeAndHandle(ServletInvocableHandlerMethod.java:118)
	at org.springframework.web.servlet.mvc.method.annotation.RequestMappingHandlerAdapter.invokeHandlerMethod(RequestMappingHandlerAdapter.java:986)
	at org.springframework.web.servlet.mvc.method.annotation.RequestMappingHandlerAdapter.handleInternal(RequestMappingHandlerAdapter.java:891)
	at org.springframework.web.servlet.mvc.method.AbstractHandlerMethodAdapter.handle(AbstractHandlerMethodAdapter.java:87)
	at org.springframework.web.servlet.DispatcherServlet.doDispatch(DispatcherServlet.java:1088)
	at org.springframework.web.servlet.DispatcherServlet.doService(DispatcherServlet.java:978)
	at org.springframework.web.servlet.FrameworkServlet.processRequest(FrameworkServlet.java:1014)
	at org.springframework.web.servlet.FrameworkServlet.doGet(FrameworkServlet.java:903)
	at jakarta.servlet.http.HttpServlet.service(HttpServlet.java:564)
	at org.springframework.web.servlet.FrameworkServlet.service(FrameworkServlet.java:885)
	at jakarta.servlet.http.HttpServlet.service(HttpServlet.java:658)
	at org.apache.catalina.core.ApplicationFilterChain.internalDoFilter(ApplicationFilterChain.java:195)
	at org.apache.catalina.core.ApplicationFilterChain.doFilter(ApplicationFilterChain.java:140)
	at org.apache.tomcat.websocket.server.WsFilter.doFilter(WsFilter.java:51)
	at org.apache.catalina.core.ApplicationFilterChain.internalDoFilter(ApplicationFilterChain.java:164)
	at org.apache.catalina.core.ApplicationFilterChain.doFilter(ApplicationFilterChain.java:140)
	at org.springframework.web.filter.RequestContextFilter.doFilterInternal(RequestContextFilter.java:100)
	at org.springframework.web.filter.OncePerRequestFilter.doFilter(OncePerRequestFilter.java:116)
	at org.apache.catalina.core.ApplicationFilterChain.internalDoFilter(ApplicationFilterChain.java:164)
	at org.apache.catalina.core.ApplicationFilterChain.doFilter(ApplicationFilterChain.java:140)
	at org.springframework.web.filter.FormContentFilter.doFilterInternal(FormContentFilter.java:93)
	at org.springframework.web.filter.OncePerRequestFilter.doFilter(OncePerRequestFilter.java:116)
	at org.apache.catalina.core.ApplicationFilterChain.internalDoFilter(ApplicationFilterChain.java:164)
	at org.apache.catalina.core.ApplicationFilterChain.doFilter(ApplicationFilterChain.java:140)
	at org.springframework.web.filter.CharacterEncodingFilter.doFilterInternal(CharacterEncodingFilter.java:201)
	at org.springframework.web.filter.OncePerRequestFilter.doFilter(OncePerRequestFilter.java:116)
	at org.apache.catalina.core.ApplicationFilterChain.internalDoFilter(ApplicationFilterChain.java:164)
	at org.apache.catalina.core.ApplicationFilterChain.doFilter(ApplicationFilterChain.java:140)
	at org.apache.catalina.core.StandardWrapperValve.invoke(StandardWrapperValve.java:167)
	at org.apache.catalina.core.StandardContextValve.invoke(StandardContextValve.java:90)
	at org.apache.catalina.authenticator.AuthenticatorBase.invoke(AuthenticatorBase.java:483)
	at org.apache.catalina.core.StandardHostValve.invoke(StandardHostValve.java:115)
	at org.apache.catalina.valves.ErrorReportValve.invoke(ErrorReportValve.java:93)
	at org.apache.catalina.core.StandardEngineValve.invoke(StandardEngineValve.java:74)
	at org.apache.catalina.connector.CoyoteAdapter.service(CoyoteAdapter.java:344)
	at org.apache.coyote.http11.Http11Processor.service(Http11Processor.java:397)
	at org.apache.coyote.AbstractProcessorLight.process(AbstractProcessorLight.java:63)
	at org.apache.coyote.AbstractProtocol$ConnectionHandler.process(AbstractProtocol.java:905)
	at org.apache.tomcat.util.net.NioEndpoint$SocketProcessor.doRun(NioEndpoint.java:1741)
	at org.apache.tomcat.util.net.SocketProcessorBase.run(SocketProcessorBase.java:52)
	at org.apache.tomcat.util.threads.ThreadPoolExecutor.runWorker(ThreadPoolExecutor.java:1190)
	at org.apache.tomcat.util.threads.ThreadPoolExecutor$Worker.run(ThreadPoolExecutor.java:659)
	at org.apache.tomcat.util.threads.TaskThread$WrappingRunnable.run(TaskThread.java:63)
	at java.base/java.lang.Thread.run(Thread.java:842)
2025-01-07 17:03:55 [http-nio-8080-exec-4] ERROR o.a.c.c.C.[.[.[.[dispatcherServlet] - Servlet.service() for servlet [dispatcherServlet] in context with path [] threw exception [Request processing failed: java.lang.NullPointerException: Cannot invoke "com.spring.devspring.mapper.CommonMapper.selectLnbList()" because "this.CommonMapper" is null] with root cause
java.lang.NullPointerException: Cannot invoke "com.spring.devspring.mapper.CommonMapper.selectLnbList()" because "this.CommonMapper" is null
	at com.spring.devspring.controller_service.CommonService.getLnbList(CommonService.java:19)
	at com.spring.devspring.controller_service.CommonController.getLnbList(CommonController.java:27)
	at java.base/jdk.internal.reflect.NativeMethodAccessorImpl.invoke0(Native Method)
	at java.base/jdk.internal.reflect.NativeMethodAccessorImpl.invoke(NativeMethodAccessorImpl.java:77)
	at java.base/jdk.internal.reflect.DelegatingMethodAccessorImpl.invoke(DelegatingMethodAccessorImpl.java:43)
	at java.base/java.lang.reflect.Method.invoke(Method.java:568)
	at org.springframework.web.method.support.InvocableHandlerMethod.doInvoke(InvocableHandlerMethod.java:257)
	at org.springframework.web.method.support.InvocableHandlerMethod.invokeForRequest(InvocableHandlerMethod.java:190)
	at org.springframework.web.servlet.mvc.method.annotation.ServletInvocableHandlerMethod.invokeAndHandle(ServletInvocableHandlerMethod.java:118)
	at org.springframework.web.servlet.mvc.method.annotation.RequestMappingHandlerAdapter.invokeHandlerMethod(RequestMappingHandlerAdapter.java:986)
	at org.springframework.web.servlet.mvc.method.annotation.RequestMappingHandlerAdapter.handleInternal(RequestMappingHandlerAdapter.java:891)
	at org.springframework.web.servlet.mvc.method.AbstractHandlerMethodAdapter.handle(AbstractHandlerMethodAdapter.java:87)
	at org.springframework.web.servlet.DispatcherServlet.doDispatch(DispatcherServlet.java:1088)
	at org.springframework.web.servlet.DispatcherServlet.doService(DispatcherServlet.java:978)
	at org.springframework.web.servlet.FrameworkServlet.processRequest(FrameworkServlet.java:1014)
	at org.springframework.web.servlet.FrameworkServlet.doGet(FrameworkServlet.java:903)
	at jakarta.servlet.http.HttpServlet.service(HttpServlet.java:564)
	at org.springframework.web.servlet.FrameworkServlet.service(FrameworkServlet.java:885)
	at jakarta.servlet.http.HttpServlet.service(HttpServlet.java:658)
	at org.apache.catalina.core.ApplicationFilterChain.internalDoFilter(ApplicationFilterChain.java:195)
	at org.apache.catalina.core.ApplicationFilterChain.doFilter(ApplicationFilterChain.java:140)
	at org.apache.tomcat.websocket.server.WsFilter.doFilter(WsFilter.java:51)
	at org.apache.catalina.core.ApplicationFilterChain.internalDoFilter(ApplicationFilterChain.java:164)
	at org.apache.catalina.core.ApplicationFilterChain.doFilter(ApplicationFilterChain.java:140)
	at org.springframework.web.filter.RequestContextFilter.doFilterInternal(RequestContextFilter.java:100)
	at org.springframework.web.filter.OncePerRequestFilter.doFilter(OncePerRequestFilter.java:116)
	at org.apache.catalina.core.ApplicationFilterChain.internalDoFilter(ApplicationFilterChain.java:164)
	at org.apache.catalina.core.ApplicationFilterChain.doFilter(ApplicationFilterChain.java:140)
	at org.springframework.web.filter.FormContentFilter.doFilterInternal(FormContentFilter.java:93)
	at org.springframework.web.filter.OncePerRequestFilter.doFilter(OncePerRequestFilter.java:116)
	at org.apache.catalina.core.ApplicationFilterChain.internalDoFilter(ApplicationFilterChain.java:164)
	at org.apache.catalina.core.ApplicationFilterChain.doFilter(ApplicationFilterChain.java:140)
	at org.springframework.web.filter.CharacterEncodingFilter.doFilterInternal(CharacterEncodingFilter.java:201)
	at org.springframework.web.filter.OncePerRequestFilter.doFilter(OncePerRequestFilter.java:116)
	at org.apache.catalina.core.ApplicationFilterChain.internalDoFilter(ApplicationFilterChain.java:164)
	at org.apache.catalina.core.ApplicationFilterChain.doFilter(ApplicationFilterChain.java:140)
	at org.apache.catalina.core.StandardWrapperValve.invoke(StandardWrapperValve.java:167)
	at org.apache.catalina.core.StandardContextValve.invoke(StandardContextValve.java:90)
	at org.apache.catalina.authenticator.AuthenticatorBase.invoke(AuthenticatorBase.java:483)
	at org.apache.catalina.core.StandardHostValve.invoke(StandardHostValve.java:115)
	at org.apache.catalina.valves.ErrorReportValve.invoke(ErrorReportValve.java:93)
	at org.apache.catalina.core.StandardEngineValve.invoke(StandardEngineValve.java:74)
	at org.apache.catalina.connector.CoyoteAdapter.service(CoyoteAdapter.java:344)
	at org.apache.coyote.http11.Http11Processor.service(Http11Processor.java:397)
	at org.apache.coyote.AbstractProcessorLight.process(AbstractProcessorLight.java:63)
	at org.apache.coyote.AbstractProtocol$ConnectionHandler.process(AbstractProtocol.java:905)
	at org.apache.tomcat.util.net.NioEndpoint$SocketProcessor.doRun(NioEndpoint.java:1741)
	at org.apache.tomcat.util.net.SocketProcessorBase.run(SocketProcessorBase.java:52)
	at org.apache.tomcat.util.threads.ThreadPoolExecutor.runWorker(ThreadPoolExecutor.java:1190)
	at org.apache.tomcat.util.threads.ThreadPoolExecutor$Worker.run(ThreadPoolExecutor.java:659)
	at org.apache.tomcat.util.threads.TaskThread$WrappingRunnable.run(TaskThread.java:63)
	at java.base/java.lang.Thread.run(Thread.java:842)
2025-01-07 17:04:14 [File Watcher] INFO  o.s.b.d.a.LocalDevToolsAutoConfiguration$RestartingClassPathChangeChangedEventListener - Restarting due to 1 class path change (0 additions, 0 deletions, 1 modification)
2025-01-07 17:04:14 [Thread-5] INFO  o.s.b.w.e.tomcat.GracefulShutdown - Commencing graceful shutdown. Waiting for active requests to complete
2025-01-07 17:04:14 [tomcat-shutdown] INFO  o.a.coyote.http11.Http11NioProtocol - Pausing ProtocolHandler ["http-nio-8080"]
2025-01-07 17:04:14 [tomcat-shutdown] INFO  o.s.b.w.e.tomcat.GracefulShutdown - Graceful shutdown complete
2025-01-07 17:04:14 [Thread-5] INFO  o.a.coyote.http11.Http11NioProtocol - Stopping ProtocolHandler ["http-nio-8080"]
2025-01-07 17:04:14 [restartedMain] INFO  c.s.devspring.DevspringApplication - Starting DevspringApplication using Java 17.0.12 with PID 11596 (D:\Spring\sts-4.4\workspace\devspring\bin\main started by aatjx in D:\Spring\sts-4.4\workspace\devspring)
2025-01-07 17:04:14 [restartedMain] INFO  c.s.devspring.DevspringApplication - No active profile set, falling back to 1 default profile: "default"
2025-01-07 17:04:14 [restartedMain] DEBUG o.m.s.mapper.ClassPathMapperScanner - Identified candidate component class: file [D:\Spring\sts-4.4\workspace\devspring\bin\main\com\spring\devspring\mapper\BoardMapper.class]
2025-01-07 17:04:14 [restartedMain] DEBUG o.m.s.mapper.ClassPathMapperScanner - Identified candidate component class: file [D:\Spring\sts-4.4\workspace\devspring\bin\main\com\spring\devspring\mapper\CommonMapper.class]
2025-01-07 17:04:14 [restartedMain] DEBUG o.m.s.mapper.ClassPathMapperScanner - Creating MapperFactoryBean with name 'boardMapper' and 'com.spring.devspring.mapper.BoardMapper' mapperInterface
2025-01-07 17:04:14 [restartedMain] DEBUG o.m.s.mapper.ClassPathMapperScanner - Creating MapperFactoryBean with name 'commonMapper' and 'com.spring.devspring.mapper.CommonMapper' mapperInterface
2025-01-07 17:04:14 [restartedMain] INFO  o.s.b.w.e.tomcat.TomcatWebServer - Tomcat initialized with port 8080 (http)
2025-01-07 17:04:14 [restartedMain] INFO  o.a.coyote.http11.Http11NioProtocol - Initializing ProtocolHandler ["http-nio-8080"]
2025-01-07 17:04:14 [restartedMain] INFO  o.a.catalina.core.StandardService - Starting service [Tomcat]
2025-01-07 17:04:14 [restartedMain] INFO  o.a.catalina.core.StandardEngine - Starting Servlet engine: [Apache Tomcat/10.1.34]
2025-01-07 17:04:14 [restartedMain] INFO  o.a.c.c.C.[Tomcat].[localhost].[/] - Initializing Spring embedded WebApplicationContext
2025-01-07 17:04:14 [restartedMain] INFO  o.s.b.w.s.c.ServletWebServerApplicationContext - Root WebApplicationContext: initialization completed in 163 ms
2025-01-07 17:04:14 [restartedMain] DEBUG o.m.spring.SqlSessionFactoryBean - Property 'configuration' or 'configLocation' not specified, using default MyBatis Configuration
2025-01-07 17:04:14 [restartedMain] DEBUG o.m.spring.SqlSessionFactoryBean - Parsed mapper file: 'file [D:\Spring\sts-4.4\workspace\devspring\bin\main\static\mapper\BoardMapper.xml]'
2025-01-07 17:04:14 [restartedMain] DEBUG o.m.spring.SqlSessionFactoryBean - Parsed mapper file: 'file [D:\Spring\sts-4.4\workspace\devspring\bin\main\static\mapper\CommonMapper.xml]'
2025-01-07 17:04:14 [restartedMain] INFO  o.s.b.d.a.OptionalLiveReloadServer - LiveReload server is running on port 35729
2025-01-07 17:04:14 [restartedMain] INFO  o.a.coyote.http11.Http11NioProtocol - Starting ProtocolHandler ["http-nio-8080"]
2025-01-07 17:04:14 [restartedMain] INFO  o.s.b.w.e.tomcat.TomcatWebServer - Tomcat started on port 8080 (http) with context path '/'
2025-01-07 17:04:14 [restartedMain] INFO  c.s.devspring.DevspringApplication - Started DevspringApplication in 0.276 seconds (process running for 24.151)
2025-01-07 17:04:14 [restartedMain] INFO  o.s.b.d.a.ConditionEvaluationDeltaLoggingListener - Condition evaluation unchanged
2025-01-07 17:04:30 [File Watcher] INFO  o.s.b.d.a.LocalDevToolsAutoConfiguration$RestartingClassPathChangeChangedEventListener - Restarting due to 1 class path change (0 additions, 0 deletions, 1 modification)
2025-01-07 17:04:30 [Thread-7] INFO  o.s.b.w.e.tomcat.GracefulShutdown - Commencing graceful shutdown. Waiting for active requests to complete
2025-01-07 17:04:30 [tomcat-shutdown] INFO  o.a.coyote.http11.Http11NioProtocol - Pausing ProtocolHandler ["http-nio-8080"]
2025-01-07 17:04:30 [tomcat-shutdown] INFO  o.s.b.w.e.tomcat.GracefulShutdown - Graceful shutdown complete
2025-01-07 17:04:30 [Thread-7] INFO  o.a.coyote.http11.Http11NioProtocol - Stopping ProtocolHandler ["http-nio-8080"]
2025-01-07 17:04:30 [restartedMain] INFO  c.s.devspring.DevspringApplication - Starting DevspringApplication using Java 17.0.12 with PID 11596 (D:\Spring\sts-4.4\workspace\devspring\bin\main started by aatjx in D:\Spring\sts-4.4\workspace\devspring)
2025-01-07 17:04:30 [restartedMain] INFO  c.s.devspring.DevspringApplication - No active profile set, falling back to 1 default profile: "default"
2025-01-07 17:04:30 [restartedMain] DEBUG o.m.s.mapper.ClassPathMapperScanner - Identified candidate component class: file [D:\Spring\sts-4.4\workspace\devspring\bin\main\com\spring\devspring\mapper\BoardMapper.class]
2025-01-07 17:04:30 [restartedMain] DEBUG o.m.s.mapper.ClassPathMapperScanner - Identified candidate component class: file [D:\Spring\sts-4.4\workspace\devspring\bin\main\com\spring\devspring\mapper\CommonMapper.class]
2025-01-07 17:04:30 [restartedMain] DEBUG o.m.s.mapper.ClassPathMapperScanner - Creating MapperFactoryBean with name 'boardMapper' and 'com.spring.devspring.mapper.BoardMapper' mapperInterface
2025-01-07 17:04:30 [restartedMain] DEBUG o.m.s.mapper.ClassPathMapperScanner - Creating MapperFactoryBean with name 'commonMapper' and 'com.spring.devspring.mapper.CommonMapper' mapperInterface
2025-01-07 17:04:30 [restartedMain] INFO  o.s.b.w.e.tomcat.TomcatWebServer - Tomcat initialized with port 8080 (http)
2025-01-07 17:04:30 [restartedMain] INFO  o.a.coyote.http11.Http11NioProtocol - Initializing ProtocolHandler ["http-nio-8080"]
2025-01-07 17:04:30 [restartedMain] INFO  o.a.catalina.core.StandardService - Starting service [Tomcat]
2025-01-07 17:04:30 [restartedMain] INFO  o.a.catalina.core.StandardEngine - Starting Servlet engine: [Apache Tomcat/10.1.34]
2025-01-07 17:04:30 [restartedMain] INFO  o.a.c.c.C.[Tomcat].[localhost].[/] - Initializing Spring embedded WebApplicationContext
2025-01-07 17:04:30 [restartedMain] INFO  o.s.b.w.s.c.ServletWebServerApplicationContext - Root WebApplicationContext: initialization completed in 153 ms
2025-01-07 17:04:35 [restartedMain] INFO  c.s.devspring.DevspringApplication - Starting DevspringApplication using Java 17.0.12 with PID 10108 (D:\Spring\sts-4.4\workspace\devspring\bin\main started by aatjx in D:\Spring\sts-4.4\workspace\devspring)
2025-01-07 17:04:35 [restartedMain] INFO  c.s.devspring.DevspringApplication - No active profile set, falling back to 1 default profile: "default"
2025-01-07 17:04:35 [restartedMain] INFO  o.s.b.d.e.DevToolsPropertyDefaultsPostProcessor - Devtools property defaults active! Set 'spring.devtools.add-properties' to 'false' to disable
2025-01-07 17:04:35 [restartedMain] INFO  o.s.b.d.e.DevToolsPropertyDefaultsPostProcessor - For additional web related logging consider setting the 'logging.level.web' property to 'DEBUG'
2025-01-07 17:04:35 [restartedMain] DEBUG o.apache.ibatis.logging.LogFactory - Logging initialized using 'class org.apache.ibatis.logging.slf4j.Slf4jImpl' adapter.
2025-01-07 17:04:35 [restartedMain] DEBUG o.m.s.mapper.ClassPathMapperScanner - Identified candidate component class: file [D:\Spring\sts-4.4\workspace\devspring\bin\main\com\spring\devspring\mapper\BoardMapper.class]
2025-01-07 17:04:35 [restartedMain] DEBUG o.m.s.mapper.ClassPathMapperScanner - Identified candidate component class: file [D:\Spring\sts-4.4\workspace\devspring\bin\main\com\spring\devspring\mapper\CommonMapper.class]
2025-01-07 17:04:35 [restartedMain] DEBUG o.m.s.mapper.ClassPathMapperScanner - Creating MapperFactoryBean with name 'boardMapper' and 'com.spring.devspring.mapper.BoardMapper' mapperInterface
2025-01-07 17:04:35 [restartedMain] DEBUG o.m.s.mapper.ClassPathMapperScanner - Creating MapperFactoryBean with name 'commonMapper' and 'com.spring.devspring.mapper.CommonMapper' mapperInterface
2025-01-07 17:04:36 [restartedMain] INFO  o.s.b.w.e.tomcat.TomcatWebServer - Tomcat initialized with port 8080 (http)
2025-01-07 17:04:36 [restartedMain] INFO  o.a.coyote.http11.Http11NioProtocol - Initializing ProtocolHandler ["http-nio-8080"]
2025-01-07 17:04:36 [restartedMain] INFO  o.a.catalina.core.StandardService - Starting service [Tomcat]
2025-01-07 17:04:36 [restartedMain] INFO  o.a.catalina.core.StandardEngine - Starting Servlet engine: [Apache Tomcat/10.1.34]
2025-01-07 17:04:36 [restartedMain] INFO  o.a.c.c.C.[Tomcat].[localhost].[/] - Initializing Spring embedded WebApplicationContext
2025-01-07 17:04:36 [restartedMain] INFO  o.s.b.w.s.c.ServletWebServerApplicationContext - Root WebApplicationContext: initialization completed in 624 ms
2025-01-07 17:04:36 [restartedMain] DEBUG o.m.spring.SqlSessionFactoryBean - Property 'configuration' or 'configLocation' not specified, using default MyBatis Configuration
2025-01-07 17:04:36 [restartedMain] DEBUG o.m.spring.SqlSessionFactoryBean - Parsed mapper file: 'file [D:\Spring\sts-4.4\workspace\devspring\bin\main\static\mapper\BoardMapper.xml]'
2025-01-07 17:04:36 [restartedMain] DEBUG o.m.spring.SqlSessionFactoryBean - Parsed mapper file: 'file [D:\Spring\sts-4.4\workspace\devspring\bin\main\static\mapper\CommonMapper.xml]'
2025-01-07 17:04:36 [restartedMain] INFO  o.s.b.d.a.OptionalLiveReloadServer - LiveReload server is running on port 35729
2025-01-07 17:04:36 [restartedMain] INFO  o.a.coyote.http11.Http11NioProtocol - Starting ProtocolHandler ["http-nio-8080"]
2025-01-07 17:04:36 [restartedMain] INFO  o.s.b.w.e.tomcat.TomcatWebServer - Tomcat started on port 8080 (http) with context path '/'
2025-01-07 17:04:36 [restartedMain] INFO  c.s.devspring.DevspringApplication - Started DevspringApplication in 1.417 seconds (process running for 1.805)
2025-01-07 17:04:38 [http-nio-8080-exec-1] INFO  o.a.c.c.C.[Tomcat].[localhost].[/] - Initializing Spring DispatcherServlet 'dispatcherServlet'
2025-01-07 17:04:38 [http-nio-8080-exec-1] INFO  o.s.web.servlet.DispatcherServlet - Initializing Servlet 'dispatcherServlet'
2025-01-07 17:04:38 [http-nio-8080-exec-1] INFO  o.s.web.servlet.DispatcherServlet - Completed initialization in 1 ms
2025-01-07 17:04:39 [http-nio-8080-exec-1] WARN  o.t.s.p.AbstractStandardFragmentInsertionTagProcessor - [THYMELEAF][http-nio-8080-exec-1][common/layout/layout] Deprecated unwrapped fragment expression "common/fragments/header::header" found in template common/layout/layout, line 29, col 10. Please use the complete syntax of fragment expressions instead ("~{common/fragments/header::header}"). The old, unwrapped syntax for fragment expressions will be removed in future versions of Thymeleaf.
2025-01-07 17:04:39 [http-nio-8080-exec-1] WARN  o.t.s.p.AbstractStandardFragmentInsertionTagProcessor - [THYMELEAF][http-nio-8080-exec-1][common/layout/layout] Deprecated unwrapped fragment expression "common/fragments/footer::footer" found in template common/layout/layout, line 33, col 10. Please use the complete syntax of fragment expressions instead ("~{common/fragments/footer::footer}"). The old, unwrapped syntax for fragment expressions will be removed in future versions of Thymeleaf.
2025-01-07 17:04:39 [http-nio-8080-exec-10] ERROR o.a.c.c.C.[.[.[.[dispatcherServlet] - Servlet.service() for servlet [dispatcherServlet] in context with path [] threw exception [Request processing failed: java.lang.NullPointerException: Cannot invoke "com.spring.devspring.controller_service.CommonService.getLnbList()" because "this.CommonService" is null] with root cause
java.lang.NullPointerException: Cannot invoke "com.spring.devspring.controller_service.CommonService.getLnbList()" because "this.CommonService" is null
	at com.spring.devspring.controller_service.CommonController.getLnbList(CommonController.java:27)
	at java.base/jdk.internal.reflect.NativeMethodAccessorImpl.invoke0(Native Method)
	at java.base/jdk.internal.reflect.NativeMethodAccessorImpl.invoke(NativeMethodAccessorImpl.java:77)
	at java.base/jdk.internal.reflect.DelegatingMethodAccessorImpl.invoke(DelegatingMethodAccessorImpl.java:43)
	at java.base/java.lang.reflect.Method.invoke(Method.java:568)
	at org.springframework.web.method.support.InvocableHandlerMethod.doInvoke(InvocableHandlerMethod.java:257)
	at org.springframework.web.method.support.InvocableHandlerMethod.invokeForRequest(InvocableHandlerMethod.java:190)
	at org.springframework.web.servlet.mvc.method.annotation.ServletInvocableHandlerMethod.invokeAndHandle(ServletInvocableHandlerMethod.java:118)
	at org.springframework.web.servlet.mvc.method.annotation.RequestMappingHandlerAdapter.invokeHandlerMethod(RequestMappingHandlerAdapter.java:986)
	at org.springframework.web.servlet.mvc.method.annotation.RequestMappingHandlerAdapter.handleInternal(RequestMappingHandlerAdapter.java:891)
	at org.springframework.web.servlet.mvc.method.AbstractHandlerMethodAdapter.handle(AbstractHandlerMethodAdapter.java:87)
	at org.springframework.web.servlet.DispatcherServlet.doDispatch(DispatcherServlet.java:1088)
	at org.springframework.web.servlet.DispatcherServlet.doService(DispatcherServlet.java:978)
	at org.springframework.web.servlet.FrameworkServlet.processRequest(FrameworkServlet.java:1014)
	at org.springframework.web.servlet.FrameworkServlet.doGet(FrameworkServlet.java:903)
	at jakarta.servlet.http.HttpServlet.service(HttpServlet.java:564)
	at org.springframework.web.servlet.FrameworkServlet.service(FrameworkServlet.java:885)
	at jakarta.servlet.http.HttpServlet.service(HttpServlet.java:658)
	at org.apache.catalina.core.ApplicationFilterChain.internalDoFilter(ApplicationFilterChain.java:195)
	at org.apache.catalina.core.ApplicationFilterChain.doFilter(ApplicationFilterChain.java:140)
	at org.apache.tomcat.websocket.server.WsFilter.doFilter(WsFilter.java:51)
	at org.apache.catalina.core.ApplicationFilterChain.internalDoFilter(ApplicationFilterChain.java:164)
	at org.apache.catalina.core.ApplicationFilterChain.doFilter(ApplicationFilterChain.java:140)
	at org.springframework.web.filter.RequestContextFilter.doFilterInternal(RequestContextFilter.java:100)
	at org.springframework.web.filter.OncePerRequestFilter.doFilter(OncePerRequestFilter.java:116)
	at org.apache.catalina.core.ApplicationFilterChain.internalDoFilter(ApplicationFilterChain.java:164)
	at org.apache.catalina.core.ApplicationFilterChain.doFilter(ApplicationFilterChain.java:140)
	at org.springframework.web.filter.FormContentFilter.doFilterInternal(FormContentFilter.java:93)
	at org.springframework.web.filter.OncePerRequestFilter.doFilter(OncePerRequestFilter.java:116)
	at org.apache.catalina.core.ApplicationFilterChain.internalDoFilter(ApplicationFilterChain.java:164)
	at org.apache.catalina.core.ApplicationFilterChain.doFilter(ApplicationFilterChain.java:140)
	at org.springframework.web.filter.CharacterEncodingFilter.doFilterInternal(CharacterEncodingFilter.java:201)
	at org.springframework.web.filter.OncePerRequestFilter.doFilter(OncePerRequestFilter.java:116)
	at org.apache.catalina.core.ApplicationFilterChain.internalDoFilter(ApplicationFilterChain.java:164)
	at org.apache.catalina.core.ApplicationFilterChain.doFilter(ApplicationFilterChain.java:140)
	at org.apache.catalina.core.StandardWrapperValve.invoke(StandardWrapperValve.java:167)
	at org.apache.catalina.core.StandardContextValve.invoke(StandardContextValve.java:90)
	at org.apache.catalina.authenticator.AuthenticatorBase.invoke(AuthenticatorBase.java:483)
	at org.apache.catalina.core.StandardHostValve.invoke(StandardHostValve.java:115)
	at org.apache.catalina.valves.ErrorReportValve.invoke(ErrorReportValve.java:93)
	at org.apache.catalina.core.StandardEngineValve.invoke(StandardEngineValve.java:74)
	at org.apache.catalina.connector.CoyoteAdapter.service(CoyoteAdapter.java:344)
	at org.apache.coyote.http11.Http11Processor.service(Http11Processor.java:397)
	at org.apache.coyote.AbstractProcessorLight.process(AbstractProcessorLight.java:63)
	at org.apache.coyote.AbstractProtocol$ConnectionHandler.process(AbstractProtocol.java:905)
	at org.apache.tomcat.util.net.NioEndpoint$SocketProcessor.doRun(NioEndpoint.java:1741)
	at org.apache.tomcat.util.net.SocketProcessorBase.run(SocketProcessorBase.java:52)
	at org.apache.tomcat.util.threads.ThreadPoolExecutor.runWorker(ThreadPoolExecutor.java:1190)
	at org.apache.tomcat.util.threads.ThreadPoolExecutor$Worker.run(ThreadPoolExecutor.java:659)
	at org.apache.tomcat.util.threads.TaskThread$WrappingRunnable.run(TaskThread.java:63)
	at java.base/java.lang.Thread.run(Thread.java:842)
2025-01-07 17:04:39 [http-nio-8080-exec-1] ERROR o.a.c.c.C.[.[.[.[dispatcherServlet] - Servlet.service() for servlet [dispatcherServlet] in context with path [] threw exception [Request processing failed: java.lang.NullPointerException: Cannot invoke "com.spring.devspring.controller_service.CommonService.getLnbList()" because "this.CommonService" is null] with root cause
java.lang.NullPointerException: Cannot invoke "com.spring.devspring.controller_service.CommonService.getLnbList()" because "this.CommonService" is null
	at com.spring.devspring.controller_service.CommonController.getLnbList(CommonController.java:27)
	at java.base/jdk.internal.reflect.NativeMethodAccessorImpl.invoke0(Native Method)
	at java.base/jdk.internal.reflect.NativeMethodAccessorImpl.invoke(NativeMethodAccessorImpl.java:77)
	at java.base/jdk.internal.reflect.DelegatingMethodAccessorImpl.invoke(DelegatingMethodAccessorImpl.java:43)
	at java.base/java.lang.reflect.Method.invoke(Method.java:568)
	at org.springframework.web.method.support.InvocableHandlerMethod.doInvoke(InvocableHandlerMethod.java:257)
	at org.springframework.web.method.support.InvocableHandlerMethod.invokeForRequest(InvocableHandlerMethod.java:190)
	at org.springframework.web.servlet.mvc.method.annotation.ServletInvocableHandlerMethod.invokeAndHandle(ServletInvocableHandlerMethod.java:118)
	at org.springframework.web.servlet.mvc.method.annotation.RequestMappingHandlerAdapter.invokeHandlerMethod(RequestMappingHandlerAdapter.java:986)
	at org.springframework.web.servlet.mvc.method.annotation.RequestMappingHandlerAdapter.handleInternal(RequestMappingHandlerAdapter.java:891)
	at org.springframework.web.servlet.mvc.method.AbstractHandlerMethodAdapter.handle(AbstractHandlerMethodAdapter.java:87)
	at org.springframework.web.servlet.DispatcherServlet.doDispatch(DispatcherServlet.java:1088)
	at org.springframework.web.servlet.DispatcherServlet.doService(DispatcherServlet.java:978)
	at org.springframework.web.servlet.FrameworkServlet.processRequest(FrameworkServlet.java:1014)
	at org.springframework.web.servlet.FrameworkServlet.doGet(FrameworkServlet.java:903)
	at jakarta.servlet.http.HttpServlet.service(HttpServlet.java:564)
	at org.springframework.web.servlet.FrameworkServlet.service(FrameworkServlet.java:885)
	at jakarta.servlet.http.HttpServlet.service(HttpServlet.java:658)
	at org.apache.catalina.core.ApplicationFilterChain.internalDoFilter(ApplicationFilterChain.java:195)
	at org.apache.catalina.core.ApplicationFilterChain.doFilter(ApplicationFilterChain.java:140)
	at org.apache.tomcat.websocket.server.WsFilter.doFilter(WsFilter.java:51)
	at org.apache.catalina.core.ApplicationFilterChain.internalDoFilter(ApplicationFilterChain.java:164)
	at org.apache.catalina.core.ApplicationFilterChain.doFilter(ApplicationFilterChain.java:140)
	at org.springframework.web.filter.RequestContextFilter.doFilterInternal(RequestContextFilter.java:100)
	at org.springframework.web.filter.OncePerRequestFilter.doFilter(OncePerRequestFilter.java:116)
	at org.apache.catalina.core.ApplicationFilterChain.internalDoFilter(ApplicationFilterChain.java:164)
	at org.apache.catalina.core.ApplicationFilterChain.doFilter(ApplicationFilterChain.java:140)
	at org.springframework.web.filter.FormContentFilter.doFilterInternal(FormContentFilter.java:93)
	at org.springframework.web.filter.OncePerRequestFilter.doFilter(OncePerRequestFilter.java:116)
	at org.apache.catalina.core.ApplicationFilterChain.internalDoFilter(ApplicationFilterChain.java:164)
	at org.apache.catalina.core.ApplicationFilterChain.doFilter(ApplicationFilterChain.java:140)
	at org.springframework.web.filter.CharacterEncodingFilter.doFilterInternal(CharacterEncodingFilter.java:201)
	at org.springframework.web.filter.OncePerRequestFilter.doFilter(OncePerRequestFilter.java:116)
	at org.apache.catalina.core.ApplicationFilterChain.internalDoFilter(ApplicationFilterChain.java:164)
	at org.apache.catalina.core.ApplicationFilterChain.doFilter(ApplicationFilterChain.java:140)
	at org.apache.catalina.core.StandardWrapperValve.invoke(StandardWrapperValve.java:167)
	at org.apache.catalina.core.StandardContextValve.invoke(StandardContextValve.java:90)
	at org.apache.catalina.authenticator.AuthenticatorBase.invoke(AuthenticatorBase.java:483)
	at org.apache.catalina.core.StandardHostValve.invoke(StandardHostValve.java:115)
	at org.apache.catalina.valves.ErrorReportValve.invoke(ErrorReportValve.java:93)
	at org.apache.catalina.core.StandardEngineValve.invoke(StandardEngineValve.java:74)
	at org.apache.catalina.connector.CoyoteAdapter.service(CoyoteAdapter.java:344)
	at org.apache.coyote.http11.Http11Processor.service(Http11Processor.java:397)
	at org.apache.coyote.AbstractProcessorLight.process(AbstractProcessorLight.java:63)
	at org.apache.coyote.AbstractProtocol$ConnectionHandler.process(AbstractProtocol.java:905)
	at org.apache.tomcat.util.net.NioEndpoint$SocketProcessor.doRun(NioEndpoint.java:1741)
	at org.apache.tomcat.util.net.SocketProcessorBase.run(SocketProcessorBase.java:52)
	at org.apache.tomcat.util.threads.ThreadPoolExecutor.runWorker(ThreadPoolExecutor.java:1190)
	at org.apache.tomcat.util.threads.ThreadPoolExecutor$Worker.run(ThreadPoolExecutor.java:659)
	at org.apache.tomcat.util.threads.TaskThread$WrappingRunnable.run(TaskThread.java:63)
	at java.base/java.lang.Thread.run(Thread.java:842)
2025-01-07 17:04:47 [RMI TCP Connection(8)-127.0.0.1] INFO  o.s.b.a.SpringApplicationAdminMXBeanRegistrar$SpringApplicationAdmin - Application shutdown requested.
2025-01-07 17:04:47 [RMI TCP Connection(8)-127.0.0.1] INFO  o.s.b.w.e.tomcat.GracefulShutdown - Commencing graceful shutdown. Waiting for active requests to complete
2025-01-07 17:04:47 [tomcat-shutdown] INFO  o.a.coyote.http11.Http11NioProtocol - Pausing ProtocolHandler ["http-nio-8080"]
2025-01-07 17:04:47 [tomcat-shutdown] INFO  o.s.b.w.e.tomcat.GracefulShutdown - Graceful shutdown complete
2025-01-07 17:04:47 [RMI TCP Connection(8)-127.0.0.1] INFO  o.a.coyote.http11.Http11NioProtocol - Stopping ProtocolHandler ["http-nio-8080"]
2025-01-07 17:05:08 [restartedMain] INFO  c.s.devspring.DevspringApplication - Starting DevspringApplication using Java 17.0.12 with PID 18516 (D:\Spring\sts-4.4\workspace\devspring\bin\main started by aatjx in D:\Spring\sts-4.4\workspace\devspring)
2025-01-07 17:05:08 [restartedMain] INFO  c.s.devspring.DevspringApplication - No active profile set, falling back to 1 default profile: "default"
2025-01-07 17:05:08 [restartedMain] INFO  o.s.b.d.e.DevToolsPropertyDefaultsPostProcessor - Devtools property defaults active! Set 'spring.devtools.add-properties' to 'false' to disable
2025-01-07 17:05:08 [restartedMain] INFO  o.s.b.d.e.DevToolsPropertyDefaultsPostProcessor - For additional web related logging consider setting the 'logging.level.web' property to 'DEBUG'
2025-01-07 17:05:08 [restartedMain] DEBUG o.apache.ibatis.logging.LogFactory - Logging initialized using 'class org.apache.ibatis.logging.slf4j.Slf4jImpl' adapter.
2025-01-07 17:05:08 [restartedMain] DEBUG o.m.s.mapper.ClassPathMapperScanner - Identified candidate component class: file [D:\Spring\sts-4.4\workspace\devspring\bin\main\com\spring\devspring\mapper\BoardMapper.class]
2025-01-07 17:05:08 [restartedMain] DEBUG o.m.s.mapper.ClassPathMapperScanner - Identified candidate component class: file [D:\Spring\sts-4.4\workspace\devspring\bin\main\com\spring\devspring\mapper\CommonMapper.class]
2025-01-07 17:05:08 [restartedMain] DEBUG o.m.s.mapper.ClassPathMapperScanner - Creating MapperFactoryBean with name 'boardMapper' and 'com.spring.devspring.mapper.BoardMapper' mapperInterface
2025-01-07 17:05:08 [restartedMain] DEBUG o.m.s.mapper.ClassPathMapperScanner - Creating MapperFactoryBean with name 'commonMapper' and 'com.spring.devspring.mapper.CommonMapper' mapperInterface
2025-01-07 17:05:09 [restartedMain] INFO  o.s.b.w.e.tomcat.TomcatWebServer - Tomcat initialized with port 8080 (http)
2025-01-07 17:05:09 [restartedMain] INFO  o.a.coyote.http11.Http11NioProtocol - Initializing ProtocolHandler ["http-nio-8080"]
2025-01-07 17:05:09 [restartedMain] INFO  o.a.catalina.core.StandardService - Starting service [Tomcat]
2025-01-07 17:05:09 [restartedMain] INFO  o.a.catalina.core.StandardEngine - Starting Servlet engine: [Apache Tomcat/10.1.34]
2025-01-07 17:05:09 [restartedMain] INFO  o.a.c.c.C.[Tomcat].[localhost].[/] - Initializing Spring embedded WebApplicationContext
2025-01-07 17:05:09 [restartedMain] INFO  o.s.b.w.s.c.ServletWebServerApplicationContext - Root WebApplicationContext: initialization completed in 639 ms
2025-01-07 17:05:09 [restartedMain] DEBUG o.m.spring.SqlSessionFactoryBean - Property 'configuration' or 'configLocation' not specified, using default MyBatis Configuration
2025-01-07 17:05:09 [restartedMain] DEBUG o.m.spring.SqlSessionFactoryBean - Parsed mapper file: 'file [D:\Spring\sts-4.4\workspace\devspring\bin\main\static\mapper\BoardMapper.xml]'
2025-01-07 17:05:09 [restartedMain] DEBUG o.m.spring.SqlSessionFactoryBean - Parsed mapper file: 'file [D:\Spring\sts-4.4\workspace\devspring\bin\main\static\mapper\CommonMapper.xml]'
2025-01-07 17:05:09 [restartedMain] INFO  o.s.b.d.a.OptionalLiveReloadServer - LiveReload server is running on port 35729
2025-01-07 17:05:09 [restartedMain] INFO  o.a.coyote.http11.Http11NioProtocol - Starting ProtocolHandler ["http-nio-8080"]
2025-01-07 17:05:09 [restartedMain] INFO  o.s.b.w.e.tomcat.TomcatWebServer - Tomcat started on port 8080 (http) with context path '/'
2025-01-07 17:05:09 [restartedMain] INFO  c.s.devspring.DevspringApplication - Started DevspringApplication in 1.424 seconds (process running for 1.816)
2025-01-07 17:05:09 [http-nio-8080-exec-1] INFO  o.a.c.c.C.[Tomcat].[localhost].[/] - Initializing Spring DispatcherServlet 'dispatcherServlet'
2025-01-07 17:05:09 [http-nio-8080-exec-1] INFO  o.s.web.servlet.DispatcherServlet - Initializing Servlet 'dispatcherServlet'
2025-01-07 17:05:09 [http-nio-8080-exec-1] INFO  o.s.web.servlet.DispatcherServlet - Completed initialization in 0 ms
2025-01-07 17:05:10 [http-nio-8080-exec-1] WARN  o.t.s.p.AbstractStandardFragmentInsertionTagProcessor - [THYMELEAF][http-nio-8080-exec-1][common/layout/layout] Deprecated unwrapped fragment expression "common/fragments/header::header" found in template common/layout/layout, line 29, col 10. Please use the complete syntax of fragment expressions instead ("~{common/fragments/header::header}"). The old, unwrapped syntax for fragment expressions will be removed in future versions of Thymeleaf.
2025-01-07 17:05:10 [http-nio-8080-exec-1] WARN  o.t.s.p.AbstractStandardFragmentInsertionTagProcessor - [THYMELEAF][http-nio-8080-exec-1][common/layout/layout] Deprecated unwrapped fragment expression "common/fragments/footer::footer" found in template common/layout/layout, line 33, col 10. Please use the complete syntax of fragment expressions instead ("~{common/fragments/footer::footer}"). The old, unwrapped syntax for fragment expressions will be removed in future versions of Thymeleaf.
2025-01-07 17:05:10 [http-nio-8080-exec-10] DEBUG org.mybatis.spring.SqlSessionUtils - Creating a new SqlSession
2025-01-07 17:05:10 [http-nio-8080-exec-10] DEBUG org.mybatis.spring.SqlSessionUtils - SqlSession [org.apache.ibatis.session.defaults.DefaultSqlSession@3ac74f68] was not registered for synchronization because synchronization is not active
2025-01-07 17:05:10 [http-nio-8080-exec-10] INFO  com.zaxxer.hikari.HikariDataSource - HikariPool-1 - Starting...
2025-01-07 17:05:10 [http-nio-8080-exec-10] INFO  com.zaxxer.hikari.pool.HikariPool - HikariPool-1 - Added connection com.mysql.cj.jdbc.ConnectionImpl@5a49dc13
2025-01-07 17:05:10 [http-nio-8080-exec-10] INFO  com.zaxxer.hikari.HikariDataSource - HikariPool-1 - Start completed.
2025-01-07 17:05:10 [http-nio-8080-exec-10] DEBUG o.m.s.t.SpringManagedTransaction - JDBC Connection [HikariProxyConnection@1763466128 wrapping com.mysql.cj.jdbc.ConnectionImpl@5a49dc13] will not be managed by Spring
2025-01-07 17:05:10 [http-nio-8080-exec-10] DEBUG c.s.d.m.CommonMapper.selectLnbList - ==>  Preparing: SELECT CT_LNB_IDX AS ctLnbIdx, CT_LNB_ID AS ctLnbId, CT_LNB_NAME AS ctLnbName, CT_LNB_SUB_YN AS ctLnbSubYn, CT_LNB_URL AS ctLnbUrl, CT_LNB_USE_YN AS ctLnbUseYn FROM CT_LNB WHERE CT_LNB_USE_YN = 'Y' ORDER BY CT_LNB_IDX
2025-01-07 17:05:10 [http-nio-8080-exec-10] DEBUG c.s.d.m.CommonMapper.selectLnbList - ==> Parameters: 
2025-01-07 17:05:10 [http-nio-8080-exec-10] DEBUG c.s.d.m.CommonMapper.selectLnbList - <==      Total: 4
2025-01-07 17:05:10 [http-nio-8080-exec-10] DEBUG org.mybatis.spring.SqlSessionUtils - Closing non transactional SqlSession [org.apache.ibatis.session.defaults.DefaultSqlSession@3ac74f68]
2025-01-07 17:05:10 [http-nio-8080-exec-1] DEBUG org.mybatis.spring.SqlSessionUtils - Creating a new SqlSession
2025-01-07 17:05:10 [http-nio-8080-exec-1] DEBUG org.mybatis.spring.SqlSessionUtils - SqlSession [org.apache.ibatis.session.defaults.DefaultSqlSession@541ba089] was not registered for synchronization because synchronization is not active
2025-01-07 17:05:10 [http-nio-8080-exec-1] DEBUG o.m.s.t.SpringManagedTransaction - JDBC Connection [HikariProxyConnection@903102954 wrapping com.mysql.cj.jdbc.ConnectionImpl@5a49dc13] will not be managed by Spring
2025-01-07 17:05:10 [http-nio-8080-exec-1] DEBUG c.s.d.m.CommonMapper.selectLnbList - ==>  Preparing: SELECT CT_LNB_IDX AS ctLnbIdx, CT_LNB_ID AS ctLnbId, CT_LNB_NAME AS ctLnbName, CT_LNB_SUB_YN AS ctLnbSubYn, CT_LNB_URL AS ctLnbUrl, CT_LNB_USE_YN AS ctLnbUseYn FROM CT_LNB WHERE CT_LNB_USE_YN = 'Y' ORDER BY CT_LNB_IDX
2025-01-07 17:05:10 [http-nio-8080-exec-1] DEBUG c.s.d.m.CommonMapper.selectLnbList - ==> Parameters: 
2025-01-07 17:05:10 [http-nio-8080-exec-1] DEBUG c.s.d.m.CommonMapper.selectLnbList - <==      Total: 4
2025-01-07 17:05:10 [http-nio-8080-exec-1] DEBUG org.mybatis.spring.SqlSessionUtils - Closing non transactional SqlSession [org.apache.ibatis.session.defaults.DefaultSqlSession@541ba089]
2025-01-07 17:05:10 [http-nio-8080-exec-2] DEBUG org.mybatis.spring.SqlSessionUtils - Creating a new SqlSession
2025-01-07 17:05:10 [http-nio-8080-exec-7] DEBUG org.mybatis.spring.SqlSessionUtils - Creating a new SqlSession
2025-01-07 17:05:10 [http-nio-8080-exec-6] DEBUG org.mybatis.spring.SqlSessionUtils - Creating a new SqlSession
2025-01-07 17:05:10 [http-nio-8080-exec-7] DEBUG org.mybatis.spring.SqlSessionUtils - SqlSession [org.apache.ibatis.session.defaults.DefaultSqlSession@5bf63bca] was not registered for synchronization because synchronization is not active
2025-01-07 17:05:10 [http-nio-8080-exec-6] DEBUG org.mybatis.spring.SqlSessionUtils - SqlSession [org.apache.ibatis.session.defaults.DefaultSqlSession@441ebe07] was not registered for synchronization because synchronization is not active
2025-01-07 17:05:10 [http-nio-8080-exec-2] DEBUG org.mybatis.spring.SqlSessionUtils - SqlSession [org.apache.ibatis.session.defaults.DefaultSqlSession@6de5fe34] was not registered for synchronization because synchronization is not active
2025-01-07 17:05:10 [http-nio-8080-exec-2] DEBUG o.m.s.t.SpringManagedTransaction - JDBC Connection [HikariProxyConnection@1103566020 wrapping com.mysql.cj.jdbc.ConnectionImpl@5a49dc13] will not be managed by Spring
2025-01-07 17:05:10 [http-nio-8080-exec-2] DEBUG c.s.d.m.C.selectLnbSubList - ==>  Preparing: SELECT CT_LNB_SUB_IDX AS ctLnbSubIdx, CT_LNB_ID AS ctLnbId, CT_LNB_SUB_ID AS ctLnbSubId, CT_LNB_SUB_NAME AS ctLnbSubName, CT_LNB_SUB_URL AS ctLnbSubUrl FROM CT_LNB_SUB WHERE CT_LNB_ID = ? ORDER BY CT_LNB_SUB_IDX
2025-01-07 17:05:10 [http-nio-8080-exec-2] DEBUG c.s.d.m.C.selectLnbSubList - ==> Parameters: CT_LNB_CONTACT(String)
2025-01-07 17:05:10 [http-nio-8080-exec-2] DEBUG c.s.d.m.C.selectLnbSubList - <==      Total: 2
2025-01-07 17:05:10 [http-nio-8080-exec-2] DEBUG org.mybatis.spring.SqlSessionUtils - Closing non transactional SqlSession [org.apache.ibatis.session.defaults.DefaultSqlSession@6de5fe34]
2025-01-07 17:05:10 [http-nio-8080-exec-7] DEBUG o.m.s.t.SpringManagedTransaction - JDBC Connection [HikariProxyConnection@1512417373 wrapping com.mysql.cj.jdbc.ConnectionImpl@5a49dc13] will not be managed by Spring
2025-01-07 17:05:10 [http-nio-8080-exec-7] DEBUG c.s.d.m.C.selectLnbSubList - ==>  Preparing: SELECT CT_LNB_SUB_IDX AS ctLnbSubIdx, CT_LNB_ID AS ctLnbId, CT_LNB_SUB_ID AS ctLnbSubId, CT_LNB_SUB_NAME AS ctLnbSubName, CT_LNB_SUB_URL AS ctLnbSubUrl FROM CT_LNB_SUB WHERE CT_LNB_ID = ? ORDER BY CT_LNB_SUB_IDX
2025-01-07 17:05:10 [http-nio-8080-exec-7] DEBUG c.s.d.m.C.selectLnbSubList - ==> Parameters: CT_LNB_SERVICE(String)
2025-01-07 17:05:10 [http-nio-8080-exec-7] DEBUG c.s.d.m.C.selectLnbSubList - <==      Total: 4
2025-01-07 17:05:10 [http-nio-8080-exec-7] DEBUG org.mybatis.spring.SqlSessionUtils - Closing non transactional SqlSession [org.apache.ibatis.session.defaults.DefaultSqlSession@5bf63bca]
2025-01-07 17:05:10 [http-nio-8080-exec-6] DEBUG o.m.s.t.SpringManagedTransaction - JDBC Connection [HikariProxyConnection@1989558941 wrapping com.mysql.cj.jdbc.ConnectionImpl@5a49dc13] will not be managed by Spring
2025-01-07 17:05:10 [http-nio-8080-exec-6] DEBUG c.s.d.m.C.selectLnbSubList - ==>  Preparing: SELECT CT_LNB_SUB_IDX AS ctLnbSubIdx, CT_LNB_ID AS ctLnbId, CT_LNB_SUB_ID AS ctLnbSubId, CT_LNB_SUB_NAME AS ctLnbSubName, CT_LNB_SUB_URL AS ctLnbSubUrl FROM CT_LNB_SUB WHERE CT_LNB_ID = ? ORDER BY CT_LNB_SUB_IDX
2025-01-07 17:05:10 [http-nio-8080-exec-6] DEBUG c.s.d.m.C.selectLnbSubList - ==> Parameters: CT_LNB_INFORMATION(String)
2025-01-07 17:05:10 [http-nio-8080-exec-4] DEBUG org.mybatis.spring.SqlSessionUtils - Creating a new SqlSession
2025-01-07 17:05:10 [http-nio-8080-exec-4] DEBUG org.mybatis.spring.SqlSessionUtils - SqlSession [org.apache.ibatis.session.defaults.DefaultSqlSession@537a478c] was not registered for synchronization because synchronization is not active
2025-01-07 17:05:10 [http-nio-8080-exec-6] DEBUG c.s.d.m.C.selectLnbSubList - <==      Total: 2
2025-01-07 17:05:10 [http-nio-8080-exec-6] DEBUG org.mybatis.spring.SqlSessionUtils - Closing non transactional SqlSession [org.apache.ibatis.session.defaults.DefaultSqlSession@441ebe07]
2025-01-07 17:05:10 [http-nio-8080-exec-3] DEBUG org.mybatis.spring.SqlSessionUtils - Creating a new SqlSession
2025-01-07 17:05:10 [http-nio-8080-exec-4] DEBUG o.m.s.t.SpringManagedTransaction - JDBC Connection [HikariProxyConnection@1134457782 wrapping com.mysql.cj.jdbc.ConnectionImpl@5a49dc13] will not be managed by Spring
2025-01-07 17:05:10 [http-nio-8080-exec-3] DEBUG org.mybatis.spring.SqlSessionUtils - SqlSession [org.apache.ibatis.session.defaults.DefaultSqlSession@560babe2] was not registered for synchronization because synchronization is not active
2025-01-07 17:05:10 [http-nio-8080-exec-4] DEBUG c.s.d.m.C.selectLnbSubList - ==>  Preparing: SELECT CT_LNB_SUB_IDX AS ctLnbSubIdx, CT_LNB_ID AS ctLnbId, CT_LNB_SUB_ID AS ctLnbSubId, CT_LNB_SUB_NAME AS ctLnbSubName, CT_LNB_SUB_URL AS ctLnbSubUrl FROM CT_LNB_SUB WHERE CT_LNB_ID = ? ORDER BY CT_LNB_SUB_IDX
2025-01-07 17:05:10 [http-nio-8080-exec-4] DEBUG c.s.d.m.C.selectLnbSubList - ==> Parameters: CT_LNB_CONTACT(String)
2025-01-07 17:05:10 [http-nio-8080-exec-4] DEBUG c.s.d.m.C.selectLnbSubList - <==      Total: 2
2025-01-07 17:05:10 [http-nio-8080-exec-4] DEBUG org.mybatis.spring.SqlSessionUtils - Closing non transactional SqlSession [org.apache.ibatis.session.defaults.DefaultSqlSession@537a478c]
2025-01-07 17:05:10 [http-nio-8080-exec-3] DEBUG o.m.s.t.SpringManagedTransaction - JDBC Connection [HikariProxyConnection@277129235 wrapping com.mysql.cj.jdbc.ConnectionImpl@5a49dc13] will not be managed by Spring
2025-01-07 17:05:10 [http-nio-8080-exec-3] DEBUG c.s.d.m.C.selectLnbSubList - ==>  Preparing: SELECT CT_LNB_SUB_IDX AS ctLnbSubIdx, CT_LNB_ID AS ctLnbId, CT_LNB_SUB_ID AS ctLnbSubId, CT_LNB_SUB_NAME AS ctLnbSubName, CT_LNB_SUB_URL AS ctLnbSubUrl FROM CT_LNB_SUB WHERE CT_LNB_ID = ? ORDER BY CT_LNB_SUB_IDX
2025-01-07 17:05:10 [http-nio-8080-exec-5] DEBUG org.mybatis.spring.SqlSessionUtils - Creating a new SqlSession
2025-01-07 17:05:10 [http-nio-8080-exec-5] DEBUG org.mybatis.spring.SqlSessionUtils - SqlSession [org.apache.ibatis.session.defaults.DefaultSqlSession@2825f7f1] was not registered for synchronization because synchronization is not active
2025-01-07 17:05:10 [http-nio-8080-exec-3] DEBUG c.s.d.m.C.selectLnbSubList - ==> Parameters: CT_LNB_SERVICE(String)
2025-01-07 17:05:10 [http-nio-8080-exec-3] DEBUG c.s.d.m.C.selectLnbSubList - <==      Total: 4
2025-01-07 17:05:10 [http-nio-8080-exec-3] DEBUG org.mybatis.spring.SqlSessionUtils - Closing non transactional SqlSession [org.apache.ibatis.session.defaults.DefaultSqlSession@560babe2]
2025-01-07 17:05:10 [http-nio-8080-exec-5] DEBUG o.m.s.t.SpringManagedTransaction - JDBC Connection [HikariProxyConnection@1870633420 wrapping com.mysql.cj.jdbc.ConnectionImpl@5a49dc13] will not be managed by Spring
2025-01-07 17:05:10 [http-nio-8080-exec-5] DEBUG c.s.d.m.C.selectLnbSubList - ==>  Preparing: SELECT CT_LNB_SUB_IDX AS ctLnbSubIdx, CT_LNB_ID AS ctLnbId, CT_LNB_SUB_ID AS ctLnbSubId, CT_LNB_SUB_NAME AS ctLnbSubName, CT_LNB_SUB_URL AS ctLnbSubUrl FROM CT_LNB_SUB WHERE CT_LNB_ID = ? ORDER BY CT_LNB_SUB_IDX
2025-01-07 17:05:10 [http-nio-8080-exec-5] DEBUG c.s.d.m.C.selectLnbSubList - ==> Parameters: CT_LNB_INFORMATION(String)
2025-01-07 17:05:10 [http-nio-8080-exec-5] DEBUG c.s.d.m.C.selectLnbSubList - <==      Total: 2
2025-01-07 17:05:10 [http-nio-8080-exec-5] DEBUG org.mybatis.spring.SqlSessionUtils - Closing non transactional SqlSession [org.apache.ibatis.session.defaults.DefaultSqlSession@2825f7f1]
2025-01-07 17:05:19 [RMI TCP Connection(7)-127.0.0.1] INFO  o.s.b.a.SpringApplicationAdminMXBeanRegistrar$SpringApplicationAdmin - Application shutdown requested.
2025-01-07 17:05:19 [RMI TCP Connection(7)-127.0.0.1] INFO  o.s.b.w.e.tomcat.GracefulShutdown - Commencing graceful shutdown. Waiting for active requests to complete
2025-01-07 17:05:19 [tomcat-shutdown] INFO  o.a.coyote.http11.Http11NioProtocol - Pausing ProtocolHandler ["http-nio-8080"]
2025-01-07 17:05:19 [tomcat-shutdown] INFO  o.s.b.w.e.tomcat.GracefulShutdown - Graceful shutdown complete
2025-01-07 17:05:19 [RMI TCP Connection(7)-127.0.0.1] INFO  o.a.coyote.http11.Http11NioProtocol - Stopping ProtocolHandler ["http-nio-8080"]
2025-01-07 17:05:19 [RMI TCP Connection(7)-127.0.0.1] INFO  com.zaxxer.hikari.HikariDataSource - HikariPool-1 - Shutdown initiated...
2025-01-07 17:05:19 [RMI TCP Connection(7)-127.0.0.1] INFO  com.zaxxer.hikari.HikariDataSource - HikariPool-1 - Shutdown completed.
2025-01-07 17:05:54 [restartedMain] INFO  c.s.devspring.DevspringApplication - Starting DevspringApplication using Java 17.0.12 with PID 14896 (D:\Spring\sts-4.4\workspace\devspring\bin\main started by aatjx in D:\Spring\sts-4.4\workspace\devspring)
2025-01-07 17:05:54 [restartedMain] INFO  c.s.devspring.DevspringApplication - No active profile set, falling back to 1 default profile: "default"
2025-01-07 17:05:54 [restartedMain] INFO  o.s.b.d.e.DevToolsPropertyDefaultsPostProcessor - Devtools property defaults active! Set 'spring.devtools.add-properties' to 'false' to disable
2025-01-07 17:05:54 [restartedMain] INFO  o.s.b.d.e.DevToolsPropertyDefaultsPostProcessor - For additional web related logging consider setting the 'logging.level.web' property to 'DEBUG'
2025-01-07 17:05:54 [restartedMain] DEBUG o.apache.ibatis.logging.LogFactory - Logging initialized using 'class org.apache.ibatis.logging.slf4j.Slf4jImpl' adapter.
2025-01-07 17:05:54 [restartedMain] DEBUG o.m.s.mapper.ClassPathMapperScanner - Identified candidate component class: file [D:\Spring\sts-4.4\workspace\devspring\bin\main\com\spring\devspring\mapper\BoardMapper.class]
2025-01-07 17:05:54 [restartedMain] DEBUG o.m.s.mapper.ClassPathMapperScanner - Identified candidate component class: file [D:\Spring\sts-4.4\workspace\devspring\bin\main\com\spring\devspring\mapper\CommonMapper.class]
2025-01-07 17:05:54 [restartedMain] DEBUG o.m.s.mapper.ClassPathMapperScanner - Creating MapperFactoryBean with name 'boardMapper' and 'com.spring.devspring.mapper.BoardMapper' mapperInterface
2025-01-07 17:05:54 [restartedMain] DEBUG o.m.s.mapper.ClassPathMapperScanner - Creating MapperFactoryBean with name 'commonMapper' and 'com.spring.devspring.mapper.CommonMapper' mapperInterface
2025-01-07 17:05:54 [restartedMain] INFO  o.s.b.w.e.tomcat.TomcatWebServer - Tomcat initialized with port 8080 (http)
2025-01-07 17:05:54 [restartedMain] INFO  o.a.coyote.http11.Http11NioProtocol - Initializing ProtocolHandler ["http-nio-8080"]
2025-01-07 17:05:54 [restartedMain] INFO  o.a.catalina.core.StandardService - Starting service [Tomcat]
2025-01-07 17:05:54 [restartedMain] INFO  o.a.catalina.core.StandardEngine - Starting Servlet engine: [Apache Tomcat/10.1.34]
2025-01-07 17:05:54 [restartedMain] INFO  o.a.c.c.C.[Tomcat].[localhost].[/] - Initializing Spring embedded WebApplicationContext
2025-01-07 17:05:54 [restartedMain] INFO  o.s.b.w.s.c.ServletWebServerApplicationContext - Root WebApplicationContext: initialization completed in 627 ms
2025-01-07 17:05:55 [restartedMain] DEBUG o.m.spring.SqlSessionFactoryBean - Property 'configuration' or 'configLocation' not specified, using default MyBatis Configuration
2025-01-07 17:05:55 [restartedMain] DEBUG o.m.spring.SqlSessionFactoryBean - Parsed mapper file: 'file [D:\Spring\sts-4.4\workspace\devspring\bin\main\static\mapper\BoardMapper.xml]'
2025-01-07 17:05:55 [restartedMain] DEBUG o.m.spring.SqlSessionFactoryBean - Parsed mapper file: 'file [D:\Spring\sts-4.4\workspace\devspring\bin\main\static\mapper\CommonMapper.xml]'
2025-01-07 17:05:55 [restartedMain] INFO  o.s.b.d.a.OptionalLiveReloadServer - LiveReload server is running on port 35729
2025-01-07 17:05:55 [restartedMain] INFO  o.a.coyote.http11.Http11NioProtocol - Starting ProtocolHandler ["http-nio-8080"]
2025-01-07 17:05:55 [restartedMain] INFO  o.s.b.w.e.tomcat.TomcatWebServer - Tomcat started on port 8080 (http) with context path '/'
2025-01-07 17:05:55 [restartedMain] INFO  c.s.devspring.DevspringApplication - Started DevspringApplication in 1.414 seconds (process running for 1.797)
2025-01-07 17:05:56 [http-nio-8080-exec-1] INFO  o.a.c.c.C.[Tomcat].[localhost].[/] - Initializing Spring DispatcherServlet 'dispatcherServlet'
2025-01-07 17:05:56 [http-nio-8080-exec-1] INFO  o.s.web.servlet.DispatcherServlet - Initializing Servlet 'dispatcherServlet'
2025-01-07 17:05:56 [http-nio-8080-exec-1] INFO  o.s.web.servlet.DispatcherServlet - Completed initialization in 1 ms
2025-01-07 17:05:57 [http-nio-8080-exec-1] WARN  o.t.s.p.AbstractStandardFragmentInsertionTagProcessor - [THYMELEAF][http-nio-8080-exec-1][common/layout/layout] Deprecated unwrapped fragment expression "common/fragments/header::header" found in template common/layout/layout, line 29, col 10. Please use the complete syntax of fragment expressions instead ("~{common/fragments/header::header}"). The old, unwrapped syntax for fragment expressions will be removed in future versions of Thymeleaf.
2025-01-07 17:05:57 [http-nio-8080-exec-1] WARN  o.t.s.p.AbstractStandardFragmentInsertionTagProcessor - [THYMELEAF][http-nio-8080-exec-1][common/layout/layout] Deprecated unwrapped fragment expression "common/fragments/footer::footer" found in template common/layout/layout, line 33, col 10. Please use the complete syntax of fragment expressions instead ("~{common/fragments/footer::footer}"). The old, unwrapped syntax for fragment expressions will be removed in future versions of Thymeleaf.
2025-01-07 17:05:57 [http-nio-8080-exec-10] DEBUG org.mybatis.spring.SqlSessionUtils - Creating a new SqlSession
2025-01-07 17:05:57 [http-nio-8080-exec-10] DEBUG org.mybatis.spring.SqlSessionUtils - SqlSession [org.apache.ibatis.session.defaults.DefaultSqlSession@22fe6573] was not registered for synchronization because synchronization is not active
2025-01-07 17:05:57 [http-nio-8080-exec-10] INFO  com.zaxxer.hikari.HikariDataSource - HikariPool-1 - Starting...
2025-01-07 17:05:57 [http-nio-8080-exec-10] INFO  com.zaxxer.hikari.pool.HikariPool - HikariPool-1 - Added connection com.mysql.cj.jdbc.ConnectionImpl@70381def
2025-01-07 17:05:57 [http-nio-8080-exec-10] INFO  com.zaxxer.hikari.HikariDataSource - HikariPool-1 - Start completed.
2025-01-07 17:05:57 [http-nio-8080-exec-10] DEBUG o.m.s.t.SpringManagedTransaction - JDBC Connection [HikariProxyConnection@511378606 wrapping com.mysql.cj.jdbc.ConnectionImpl@70381def] will not be managed by Spring
2025-01-07 17:05:57 [http-nio-8080-exec-10] DEBUG c.s.d.m.CommonMapper.selectLnbList - ==>  Preparing: SELECT CT_LNB_IDX AS ctLnbIdx, CT_LNB_ID AS ctLnbId, CT_LNB_NAME AS ctLnbName, CT_LNB_SUB_YN AS ctLnbSubYn, CT_LNB_URL AS ctLnbUrl, CT_LNB_USE_YN AS ctLnbUseYn FROM CT_LNB WHERE CT_LNB_USE_YN = 'Y' ORDER BY CT_LNB_IDX
2025-01-07 17:05:57 [http-nio-8080-exec-10] DEBUG c.s.d.m.CommonMapper.selectLnbList - ==> Parameters: 
2025-01-07 17:05:57 [http-nio-8080-exec-10] DEBUG c.s.d.m.CommonMapper.selectLnbList - <==      Total: 4
2025-01-07 17:05:57 [http-nio-8080-exec-10] DEBUG org.mybatis.spring.SqlSessionUtils - Closing non transactional SqlSession [org.apache.ibatis.session.defaults.DefaultSqlSession@22fe6573]
2025-01-07 17:05:57 [http-nio-8080-exec-10] ERROR o.a.c.c.C.[.[.[.[dispatcherServlet] - Servlet.service() for servlet [dispatcherServlet] in context with path [] threw exception [Request processing failed: org.springframework.http.converter.HttpMessageConversionException: Type definition error: [simple type, class com.spring.devspring.dto.LnbDTO]] with root cause
com.fasterxml.jackson.databind.exc.InvalidDefinitionException: No serializer found for class com.spring.devspring.dto.LnbDTO and no properties discovered to create BeanSerializer (to avoid exception, disable SerializationFeature.FAIL_ON_EMPTY_BEANS) (through reference chain: java.util.ArrayList[0])
	at com.fasterxml.jackson.databind.exc.InvalidDefinitionException.from(InvalidDefinitionException.java:77)
	at com.fasterxml.jackson.databind.SerializerProvider.reportBadDefinition(SerializerProvider.java:1328)
	at com.fasterxml.jackson.databind.DatabindContext.reportBadDefinition(DatabindContext.java:414)
	at com.fasterxml.jackson.databind.ser.impl.UnknownSerializer.failForEmpty(UnknownSerializer.java:53)
	at com.fasterxml.jackson.databind.ser.impl.UnknownSerializer.serialize(UnknownSerializer.java:30)
	at com.fasterxml.jackson.databind.ser.std.CollectionSerializer.serializeContents(CollectionSerializer.java:145)
	at com.fasterxml.jackson.databind.ser.std.CollectionSerializer.serialize(CollectionSerializer.java:107)
	at com.fasterxml.jackson.databind.ser.std.CollectionSerializer.serialize(CollectionSerializer.java:25)
	at com.fasterxml.jackson.databind.ser.DefaultSerializerProvider._serialize(DefaultSerializerProvider.java:502)
	at com.fasterxml.jackson.databind.ser.DefaultSerializerProvider.serializeValue(DefaultSerializerProvider.java:422)
	at com.fasterxml.jackson.databind.ObjectWriter$Prefetch.serialize(ObjectWriter.java:1579)
	at com.fasterxml.jackson.databind.ObjectWriter.writeValue(ObjectWriter.java:1061)
	at org.springframework.http.converter.json.AbstractJackson2HttpMessageConverter.writeInternal(AbstractJackson2HttpMessageConverter.java:486)
	at org.springframework.http.converter.AbstractGenericHttpMessageConverter.write(AbstractGenericHttpMessageConverter.java:126)
	at org.springframework.web.servlet.mvc.method.annotation.AbstractMessageConverterMethodProcessor.writeWithMessageConverters(AbstractMessageConverterMethodProcessor.java:345)
	at org.springframework.web.servlet.mvc.method.annotation.RequestResponseBodyMethodProcessor.handleReturnValue(RequestResponseBodyMethodProcessor.java:208)
	at org.springframework.web.method.support.HandlerMethodReturnValueHandlerComposite.handleReturnValue(HandlerMethodReturnValueHandlerComposite.java:78)
	at org.springframework.web.servlet.mvc.method.annotation.ServletInvocableHandlerMethod.invokeAndHandle(ServletInvocableHandlerMethod.java:136)
	at org.springframework.web.servlet.mvc.method.annotation.RequestMappingHandlerAdapter.invokeHandlerMethod(RequestMappingHandlerAdapter.java:986)
	at org.springframework.web.servlet.mvc.method.annotation.RequestMappingHandlerAdapter.handleInternal(RequestMappingHandlerAdapter.java:891)
	at org.springframework.web.servlet.mvc.method.AbstractHandlerMethodAdapter.handle(AbstractHandlerMethodAdapter.java:87)
	at org.springframework.web.servlet.DispatcherServlet.doDispatch(DispatcherServlet.java:1088)
	at org.springframework.web.servlet.DispatcherServlet.doService(DispatcherServlet.java:978)
	at org.springframework.web.servlet.FrameworkServlet.processRequest(FrameworkServlet.java:1014)
	at org.springframework.web.servlet.FrameworkServlet.doGet(FrameworkServlet.java:903)
	at jakarta.servlet.http.HttpServlet.service(HttpServlet.java:564)
	at org.springframework.web.servlet.FrameworkServlet.service(FrameworkServlet.java:885)
	at jakarta.servlet.http.HttpServlet.service(HttpServlet.java:658)
	at org.apache.catalina.core.ApplicationFilterChain.internalDoFilter(ApplicationFilterChain.java:195)
	at org.apache.catalina.core.ApplicationFilterChain.doFilter(ApplicationFilterChain.java:140)
	at org.apache.tomcat.websocket.server.WsFilter.doFilter(WsFilter.java:51)
	at org.apache.catalina.core.ApplicationFilterChain.internalDoFilter(ApplicationFilterChain.java:164)
	at org.apache.catalina.core.ApplicationFilterChain.doFilter(ApplicationFilterChain.java:140)
	at org.springframework.web.filter.RequestContextFilter.doFilterInternal(RequestContextFilter.java:100)
	at org.springframework.web.filter.OncePerRequestFilter.doFilter(OncePerRequestFilter.java:116)
	at org.apache.catalina.core.ApplicationFilterChain.internalDoFilter(ApplicationFilterChain.java:164)
	at org.apache.catalina.core.ApplicationFilterChain.doFilter(ApplicationFilterChain.java:140)
	at org.springframework.web.filter.FormContentFilter.doFilterInternal(FormContentFilter.java:93)
	at org.springframework.web.filter.OncePerRequestFilter.doFilter(OncePerRequestFilter.java:116)
	at org.apache.catalina.core.ApplicationFilterChain.internalDoFilter(ApplicationFilterChain.java:164)
	at org.apache.catalina.core.ApplicationFilterChain.doFilter(ApplicationFilterChain.java:140)
	at org.springframework.web.filter.CharacterEncodingFilter.doFilterInternal(CharacterEncodingFilter.java:201)
	at org.springframework.web.filter.OncePerRequestFilter.doFilter(OncePerRequestFilter.java:116)
	at org.apache.catalina.core.ApplicationFilterChain.internalDoFilter(ApplicationFilterChain.java:164)
	at org.apache.catalina.core.ApplicationFilterChain.doFilter(ApplicationFilterChain.java:140)
	at org.apache.catalina.core.StandardWrapperValve.invoke(StandardWrapperValve.java:167)
	at org.apache.catalina.core.StandardContextValve.invoke(StandardContextValve.java:90)
	at org.apache.catalina.authenticator.AuthenticatorBase.invoke(AuthenticatorBase.java:483)
	at org.apache.catalina.core.StandardHostValve.invoke(StandardHostValve.java:115)
	at org.apache.catalina.valves.ErrorReportValve.invoke(ErrorReportValve.java:93)
	at org.apache.catalina.core.StandardEngineValve.invoke(StandardEngineValve.java:74)
	at org.apache.catalina.connector.CoyoteAdapter.service(CoyoteAdapter.java:344)
	at org.apache.coyote.http11.Http11Processor.service(Http11Processor.java:397)
	at org.apache.coyote.AbstractProcessorLight.process(AbstractProcessorLight.java:63)
	at org.apache.coyote.AbstractProtocol$ConnectionHandler.process(AbstractProtocol.java:905)
	at org.apache.tomcat.util.net.NioEndpoint$SocketProcessor.doRun(NioEndpoint.java:1741)
	at org.apache.tomcat.util.net.SocketProcessorBase.run(SocketProcessorBase.java:52)
	at org.apache.tomcat.util.threads.ThreadPoolExecutor.runWorker(ThreadPoolExecutor.java:1190)
	at org.apache.tomcat.util.threads.ThreadPoolExecutor$Worker.run(ThreadPoolExecutor.java:659)
	at org.apache.tomcat.util.threads.TaskThread$WrappingRunnable.run(TaskThread.java:63)
	at java.base/java.lang.Thread.run(Thread.java:842)
2025-01-07 17:05:57 [http-nio-8080-exec-1] DEBUG org.mybatis.spring.SqlSessionUtils - Creating a new SqlSession
2025-01-07 17:05:57 [http-nio-8080-exec-1] DEBUG org.mybatis.spring.SqlSessionUtils - SqlSession [org.apache.ibatis.session.defaults.DefaultSqlSession@75f8fce3] was not registered for synchronization because synchronization is not active
2025-01-07 17:05:57 [http-nio-8080-exec-1] DEBUG o.m.s.t.SpringManagedTransaction - JDBC Connection [HikariProxyConnection@360148389 wrapping com.mysql.cj.jdbc.ConnectionImpl@70381def] will not be managed by Spring
2025-01-07 17:05:57 [http-nio-8080-exec-1] DEBUG c.s.d.m.CommonMapper.selectLnbList - ==>  Preparing: SELECT CT_LNB_IDX AS ctLnbIdx, CT_LNB_ID AS ctLnbId, CT_LNB_NAME AS ctLnbName, CT_LNB_SUB_YN AS ctLnbSubYn, CT_LNB_URL AS ctLnbUrl, CT_LNB_USE_YN AS ctLnbUseYn FROM CT_LNB WHERE CT_LNB_USE_YN = 'Y' ORDER BY CT_LNB_IDX
2025-01-07 17:05:57 [http-nio-8080-exec-1] DEBUG c.s.d.m.CommonMapper.selectLnbList - ==> Parameters: 
2025-01-07 17:05:57 [http-nio-8080-exec-1] DEBUG c.s.d.m.CommonMapper.selectLnbList - <==      Total: 4
2025-01-07 17:05:57 [http-nio-8080-exec-1] DEBUG org.mybatis.spring.SqlSessionUtils - Closing non transactional SqlSession [org.apache.ibatis.session.defaults.DefaultSqlSession@75f8fce3]
2025-01-07 17:05:57 [http-nio-8080-exec-1] ERROR o.a.c.c.C.[.[.[.[dispatcherServlet] - Servlet.service() for servlet [dispatcherServlet] in context with path [] threw exception [Request processing failed: org.springframework.http.converter.HttpMessageConversionException: Type definition error: [simple type, class com.spring.devspring.dto.LnbDTO]] with root cause
com.fasterxml.jackson.databind.exc.InvalidDefinitionException: No serializer found for class com.spring.devspring.dto.LnbDTO and no properties discovered to create BeanSerializer (to avoid exception, disable SerializationFeature.FAIL_ON_EMPTY_BEANS) (through reference chain: java.util.ArrayList[0])
	at com.fasterxml.jackson.databind.exc.InvalidDefinitionException.from(InvalidDefinitionException.java:77)
	at com.fasterxml.jackson.databind.SerializerProvider.reportBadDefinition(SerializerProvider.java:1328)
	at com.fasterxml.jackson.databind.DatabindContext.reportBadDefinition(DatabindContext.java:414)
	at com.fasterxml.jackson.databind.ser.impl.UnknownSerializer.failForEmpty(UnknownSerializer.java:53)
	at com.fasterxml.jackson.databind.ser.impl.UnknownSerializer.serialize(UnknownSerializer.java:30)
	at com.fasterxml.jackson.databind.ser.std.CollectionSerializer.serializeContents(CollectionSerializer.java:145)
	at com.fasterxml.jackson.databind.ser.std.CollectionSerializer.serialize(CollectionSerializer.java:107)
	at com.fasterxml.jackson.databind.ser.std.CollectionSerializer.serialize(CollectionSerializer.java:25)
	at com.fasterxml.jackson.databind.ser.DefaultSerializerProvider._serialize(DefaultSerializerProvider.java:502)
	at com.fasterxml.jackson.databind.ser.DefaultSerializerProvider.serializeValue(DefaultSerializerProvider.java:422)
	at com.fasterxml.jackson.databind.ObjectWriter$Prefetch.serialize(ObjectWriter.java:1579)
	at com.fasterxml.jackson.databind.ObjectWriter.writeValue(ObjectWriter.java:1061)
	at org.springframework.http.converter.json.AbstractJackson2HttpMessageConverter.writeInternal(AbstractJackson2HttpMessageConverter.java:486)
	at org.springframework.http.converter.AbstractGenericHttpMessageConverter.write(AbstractGenericHttpMessageConverter.java:126)
	at org.springframework.web.servlet.mvc.method.annotation.AbstractMessageConverterMethodProcessor.writeWithMessageConverters(AbstractMessageConverterMethodProcessor.java:345)
	at org.springframework.web.servlet.mvc.method.annotation.RequestResponseBodyMethodProcessor.handleReturnValue(RequestResponseBodyMethodProcessor.java:208)
	at org.springframework.web.method.support.HandlerMethodReturnValueHandlerComposite.handleReturnValue(HandlerMethodReturnValueHandlerComposite.java:78)
	at org.springframework.web.servlet.mvc.method.annotation.ServletInvocableHandlerMethod.invokeAndHandle(ServletInvocableHandlerMethod.java:136)
	at org.springframework.web.servlet.mvc.method.annotation.RequestMappingHandlerAdapter.invokeHandlerMethod(RequestMappingHandlerAdapter.java:986)
	at org.springframework.web.servlet.mvc.method.annotation.RequestMappingHandlerAdapter.handleInternal(RequestMappingHandlerAdapter.java:891)
	at org.springframework.web.servlet.mvc.method.AbstractHandlerMethodAdapter.handle(AbstractHandlerMethodAdapter.java:87)
	at org.springframework.web.servlet.DispatcherServlet.doDispatch(DispatcherServlet.java:1088)
	at org.springframework.web.servlet.DispatcherServlet.doService(DispatcherServlet.java:978)
	at org.springframework.web.servlet.FrameworkServlet.processRequest(FrameworkServlet.java:1014)
	at org.springframework.web.servlet.FrameworkServlet.doGet(FrameworkServlet.java:903)
	at jakarta.servlet.http.HttpServlet.service(HttpServlet.java:564)
	at org.springframework.web.servlet.FrameworkServlet.service(FrameworkServlet.java:885)
	at jakarta.servlet.http.HttpServlet.service(HttpServlet.java:658)
	at org.apache.catalina.core.ApplicationFilterChain.internalDoFilter(ApplicationFilterChain.java:195)
	at org.apache.catalina.core.ApplicationFilterChain.doFilter(ApplicationFilterChain.java:140)
	at org.apache.tomcat.websocket.server.WsFilter.doFilter(WsFilter.java:51)
	at org.apache.catalina.core.ApplicationFilterChain.internalDoFilter(ApplicationFilterChain.java:164)
	at org.apache.catalina.core.ApplicationFilterChain.doFilter(ApplicationFilterChain.java:140)
	at org.springframework.web.filter.RequestContextFilter.doFilterInternal(RequestContextFilter.java:100)
	at org.springframework.web.filter.OncePerRequestFilter.doFilter(OncePerRequestFilter.java:116)
	at org.apache.catalina.core.ApplicationFilterChain.internalDoFilter(ApplicationFilterChain.java:164)
	at org.apache.catalina.core.ApplicationFilterChain.doFilter(ApplicationFilterChain.java:140)
	at org.springframework.web.filter.FormContentFilter.doFilterInternal(FormContentFilter.java:93)
	at org.springframework.web.filter.OncePerRequestFilter.doFilter(OncePerRequestFilter.java:116)
	at org.apache.catalina.core.ApplicationFilterChain.internalDoFilter(ApplicationFilterChain.java:164)
	at org.apache.catalina.core.ApplicationFilterChain.doFilter(ApplicationFilterChain.java:140)
	at org.springframework.web.filter.CharacterEncodingFilter.doFilterInternal(CharacterEncodingFilter.java:201)
	at org.springframework.web.filter.OncePerRequestFilter.doFilter(OncePerRequestFilter.java:116)
	at org.apache.catalina.core.ApplicationFilterChain.internalDoFilter(ApplicationFilterChain.java:164)
	at org.apache.catalina.core.ApplicationFilterChain.doFilter(ApplicationFilterChain.java:140)
	at org.apache.catalina.core.StandardWrapperValve.invoke(StandardWrapperValve.java:167)
	at org.apache.catalina.core.StandardContextValve.invoke(StandardContextValve.java:90)
	at org.apache.catalina.authenticator.AuthenticatorBase.invoke(AuthenticatorBase.java:483)
	at org.apache.catalina.core.StandardHostValve.invoke(StandardHostValve.java:115)
	at org.apache.catalina.valves.ErrorReportValve.invoke(ErrorReportValve.java:93)
	at org.apache.catalina.core.StandardEngineValve.invoke(StandardEngineValve.java:74)
	at org.apache.catalina.connector.CoyoteAdapter.service(CoyoteAdapter.java:344)
	at org.apache.coyote.http11.Http11Processor.service(Http11Processor.java:397)
	at org.apache.coyote.AbstractProcessorLight.process(AbstractProcessorLight.java:63)
	at org.apache.coyote.AbstractProtocol$ConnectionHandler.process(AbstractProtocol.java:905)
	at org.apache.tomcat.util.net.NioEndpoint$SocketProcessor.doRun(NioEndpoint.java:1741)
	at org.apache.tomcat.util.net.SocketProcessorBase.run(SocketProcessorBase.java:52)
	at org.apache.tomcat.util.threads.ThreadPoolExecutor.runWorker(ThreadPoolExecutor.java:1190)
	at org.apache.tomcat.util.threads.ThreadPoolExecutor$Worker.run(ThreadPoolExecutor.java:659)
	at org.apache.tomcat.util.threads.TaskThread$WrappingRunnable.run(TaskThread.java:63)
	at java.base/java.lang.Thread.run(Thread.java:842)
2025-01-07 17:06:10 [File Watcher] INFO  o.s.b.d.a.LocalDevToolsAutoConfiguration$RestartingClassPathChangeChangedEventListener - Restarting due to 1 class path change (0 additions, 0 deletions, 1 modification)
2025-01-07 17:06:10 [Thread-5] INFO  o.s.b.w.e.tomcat.GracefulShutdown - Commencing graceful shutdown. Waiting for active requests to complete
2025-01-07 17:06:10 [tomcat-shutdown] INFO  o.a.coyote.http11.Http11NioProtocol - Pausing ProtocolHandler ["http-nio-8080"]
2025-01-07 17:06:10 [tomcat-shutdown] INFO  o.s.b.w.e.tomcat.GracefulShutdown - Graceful shutdown complete
2025-01-07 17:06:10 [Thread-5] INFO  o.a.coyote.http11.Http11NioProtocol - Stopping ProtocolHandler ["http-nio-8080"]
2025-01-07 17:06:10 [Thread-5] INFO  com.zaxxer.hikari.HikariDataSource - HikariPool-1 - Shutdown initiated...
2025-01-07 17:06:10 [Thread-5] INFO  com.zaxxer.hikari.HikariDataSource - HikariPool-1 - Shutdown completed.
2025-01-07 17:06:10 [restartedMain] INFO  c.s.devspring.DevspringApplication - Starting DevspringApplication using Java 17.0.12 with PID 14896 (D:\Spring\sts-4.4\workspace\devspring\bin\main started by aatjx in D:\Spring\sts-4.4\workspace\devspring)
2025-01-07 17:06:10 [restartedMain] INFO  c.s.devspring.DevspringApplication - No active profile set, falling back to 1 default profile: "default"
2025-01-07 17:06:10 [restartedMain] DEBUG o.m.s.mapper.ClassPathMapperScanner - Identified candidate component class: file [D:\Spring\sts-4.4\workspace\devspring\bin\main\com\spring\devspring\mapper\BoardMapper.class]
2025-01-07 17:06:10 [restartedMain] DEBUG o.m.s.mapper.ClassPathMapperScanner - Identified candidate component class: file [D:\Spring\sts-4.4\workspace\devspring\bin\main\com\spring\devspring\mapper\CommonMapper.class]
2025-01-07 17:06:10 [restartedMain] DEBUG o.m.s.mapper.ClassPathMapperScanner - Creating MapperFactoryBean with name 'boardMapper' and 'com.spring.devspring.mapper.BoardMapper' mapperInterface
2025-01-07 17:06:10 [restartedMain] DEBUG o.m.s.mapper.ClassPathMapperScanner - Creating MapperFactoryBean with name 'commonMapper' and 'com.spring.devspring.mapper.CommonMapper' mapperInterface
2025-01-07 17:06:10 [restartedMain] INFO  o.s.b.w.e.tomcat.TomcatWebServer - Tomcat initialized with port 8080 (http)
2025-01-07 17:06:10 [restartedMain] INFO  o.a.coyote.http11.Http11NioProtocol - Initializing ProtocolHandler ["http-nio-8080"]
2025-01-07 17:06:10 [restartedMain] INFO  o.a.catalina.core.StandardService - Starting service [Tomcat]
2025-01-07 17:06:10 [restartedMain] INFO  o.a.catalina.core.StandardEngine - Starting Servlet engine: [Apache Tomcat/10.1.34]
2025-01-07 17:06:10 [restartedMain] INFO  o.a.c.c.C.[Tomcat].[localhost].[/] - Initializing Spring embedded WebApplicationContext
2025-01-07 17:06:10 [restartedMain] INFO  o.s.b.w.s.c.ServletWebServerApplicationContext - Root WebApplicationContext: initialization completed in 162 ms
2025-01-07 17:06:10 [restartedMain] DEBUG o.m.spring.SqlSessionFactoryBean - Property 'configuration' or 'configLocation' not specified, using default MyBatis Configuration
2025-01-07 17:06:10 [restartedMain] DEBUG o.m.spring.SqlSessionFactoryBean - Parsed mapper file: 'file [D:\Spring\sts-4.4\workspace\devspring\bin\main\static\mapper\BoardMapper.xml]'
2025-01-07 17:06:10 [restartedMain] DEBUG o.m.spring.SqlSessionFactoryBean - Parsed mapper file: 'file [D:\Spring\sts-4.4\workspace\devspring\bin\main\static\mapper\CommonMapper.xml]'
2025-01-07 17:06:10 [restartedMain] INFO  o.s.b.d.a.OptionalLiveReloadServer - LiveReload server is running on port 35729
2025-01-07 17:06:10 [restartedMain] INFO  o.a.coyote.http11.Http11NioProtocol - Starting ProtocolHandler ["http-nio-8080"]
2025-01-07 17:06:10 [restartedMain] INFO  o.s.b.w.e.tomcat.TomcatWebServer - Tomcat started on port 8080 (http) with context path '/'
2025-01-07 17:06:10 [restartedMain] INFO  c.s.devspring.DevspringApplication - Started DevspringApplication in 0.269 seconds (process running for 16.869)
2025-01-07 17:06:10 [restartedMain] INFO  o.s.b.d.a.ConditionEvaluationDeltaLoggingListener - Condition evaluation unchanged
2025-01-07 17:07:03 [File Watcher] INFO  o.s.b.d.a.LocalDevToolsAutoConfiguration$RestartingClassPathChangeChangedEventListener - Restarting due to 1 class path change (0 additions, 0 deletions, 1 modification)
2025-01-07 17:07:03 [Thread-7] INFO  o.s.b.w.e.tomcat.GracefulShutdown - Commencing graceful shutdown. Waiting for active requests to complete
2025-01-07 17:07:03 [tomcat-shutdown] INFO  o.a.coyote.http11.Http11NioProtocol - Pausing ProtocolHandler ["http-nio-8080"]
2025-01-07 17:07:03 [tomcat-shutdown] INFO  o.s.b.w.e.tomcat.GracefulShutdown - Graceful shutdown complete
2025-01-07 17:07:03 [Thread-7] INFO  o.a.coyote.http11.Http11NioProtocol - Stopping ProtocolHandler ["http-nio-8080"]
2025-01-07 17:07:03 [restartedMain] INFO  c.s.devspring.DevspringApplication - Starting DevspringApplication using Java 17.0.12 with PID 14896 (D:\Spring\sts-4.4\workspace\devspring\bin\main started by aatjx in D:\Spring\sts-4.4\workspace\devspring)
2025-01-07 17:07:03 [restartedMain] INFO  c.s.devspring.DevspringApplication - No active profile set, falling back to 1 default profile: "default"
2025-01-07 17:07:04 [restartedMain] DEBUG o.m.s.mapper.ClassPathMapperScanner - Identified candidate component class: file [D:\Spring\sts-4.4\workspace\devspring\bin\main\com\spring\devspring\mapper\BoardMapper.class]
2025-01-07 17:07:04 [restartedMain] DEBUG o.m.s.mapper.ClassPathMapperScanner - Identified candidate component class: file [D:\Spring\sts-4.4\workspace\devspring\bin\main\com\spring\devspring\mapper\CommonMapper.class]
2025-01-07 17:07:04 [restartedMain] DEBUG o.m.s.mapper.ClassPathMapperScanner - Creating MapperFactoryBean with name 'boardMapper' and 'com.spring.devspring.mapper.BoardMapper' mapperInterface
2025-01-07 17:07:04 [restartedMain] DEBUG o.m.s.mapper.ClassPathMapperScanner - Creating MapperFactoryBean with name 'commonMapper' and 'com.spring.devspring.mapper.CommonMapper' mapperInterface
2025-01-07 17:07:04 [restartedMain] INFO  o.s.b.w.e.tomcat.TomcatWebServer - Tomcat initialized with port 8080 (http)
2025-01-07 17:07:04 [restartedMain] INFO  o.a.coyote.http11.Http11NioProtocol - Initializing ProtocolHandler ["http-nio-8080"]
2025-01-07 17:07:04 [restartedMain] INFO  o.a.catalina.core.StandardService - Starting service [Tomcat]
2025-01-07 17:07:04 [restartedMain] INFO  o.a.catalina.core.StandardEngine - Starting Servlet engine: [Apache Tomcat/10.1.34]
2025-01-07 17:07:04 [restartedMain] INFO  o.a.c.c.C.[Tomcat].[localhost].[/] - Initializing Spring embedded WebApplicationContext
2025-01-07 17:07:04 [restartedMain] INFO  o.s.b.w.s.c.ServletWebServerApplicationContext - Root WebApplicationContext: initialization completed in 148 ms
2025-01-07 17:07:04 [restartedMain] DEBUG o.m.spring.SqlSessionFactoryBean - Property 'configuration' or 'configLocation' not specified, using default MyBatis Configuration
2025-01-07 17:07:04 [restartedMain] DEBUG o.m.spring.SqlSessionFactoryBean - Parsed mapper file: 'file [D:\Spring\sts-4.4\workspace\devspring\bin\main\static\mapper\BoardMapper.xml]'
2025-01-07 17:07:04 [restartedMain] DEBUG o.m.spring.SqlSessionFactoryBean - Parsed mapper file: 'file [D:\Spring\sts-4.4\workspace\devspring\bin\main\static\mapper\CommonMapper.xml]'
2025-01-07 17:07:04 [restartedMain] INFO  o.s.b.d.a.OptionalLiveReloadServer - LiveReload server is running on port 35729
2025-01-07 17:07:04 [restartedMain] INFO  o.a.coyote.http11.Http11NioProtocol - Starting ProtocolHandler ["http-nio-8080"]
2025-01-07 17:07:04 [restartedMain] INFO  o.s.b.w.e.tomcat.TomcatWebServer - Tomcat started on port 8080 (http) with context path '/'
2025-01-07 17:07:04 [restartedMain] INFO  c.s.devspring.DevspringApplication - Started DevspringApplication in 0.254 seconds (process running for 70.6)
2025-01-07 17:07:04 [restartedMain] INFO  o.s.b.d.a.ConditionEvaluationDeltaLoggingListener - Condition evaluation unchanged
2025-01-07 17:07:45 [RMI TCP Connection(14)-127.0.0.1] INFO  o.s.b.a.SpringApplicationAdminMXBeanRegistrar$SpringApplicationAdmin - Application shutdown requested.
2025-01-07 17:07:45 [RMI TCP Connection(14)-127.0.0.1] INFO  o.s.b.w.e.tomcat.GracefulShutdown - Commencing graceful shutdown. Waiting for active requests to complete
2025-01-07 17:07:45 [tomcat-shutdown] INFO  o.a.coyote.http11.Http11NioProtocol - Pausing ProtocolHandler ["http-nio-8080"]
2025-01-07 17:07:46 [tomcat-shutdown] INFO  o.s.b.w.e.tomcat.GracefulShutdown - Graceful shutdown complete
2025-01-07 17:07:46 [RMI TCP Connection(14)-127.0.0.1] INFO  o.a.coyote.http11.Http11NioProtocol - Stopping ProtocolHandler ["http-nio-8080"]
2025-01-07 17:07:50 [restartedMain] INFO  c.s.devspring.DevspringApplication - Starting DevspringApplication using Java 17.0.12 with PID 18768 (D:\Spring\sts-4.4\workspace\devspring\bin\main started by aatjx in D:\Spring\sts-4.4\workspace\devspring)
2025-01-07 17:07:50 [restartedMain] INFO  c.s.devspring.DevspringApplication - No active profile set, falling back to 1 default profile: "default"
2025-01-07 17:07:50 [restartedMain] INFO  o.s.b.d.e.DevToolsPropertyDefaultsPostProcessor - Devtools property defaults active! Set 'spring.devtools.add-properties' to 'false' to disable
2025-01-07 17:07:50 [restartedMain] INFO  o.s.b.d.e.DevToolsPropertyDefaultsPostProcessor - For additional web related logging consider setting the 'logging.level.web' property to 'DEBUG'
2025-01-07 17:07:51 [restartedMain] DEBUG o.apache.ibatis.logging.LogFactory - Logging initialized using 'class org.apache.ibatis.logging.slf4j.Slf4jImpl' adapter.
2025-01-07 17:07:51 [restartedMain] DEBUG o.m.s.mapper.ClassPathMapperScanner - Identified candidate component class: file [D:\Spring\sts-4.4\workspace\devspring\bin\main\com\spring\devspring\mapper\BoardMapper.class]
2025-01-07 17:07:51 [restartedMain] DEBUG o.m.s.mapper.ClassPathMapperScanner - Identified candidate component class: file [D:\Spring\sts-4.4\workspace\devspring\bin\main\com\spring\devspring\mapper\CommonMapper.class]
2025-01-07 17:07:51 [restartedMain] DEBUG o.m.s.mapper.ClassPathMapperScanner - Creating MapperFactoryBean with name 'boardMapper' and 'com.spring.devspring.mapper.BoardMapper' mapperInterface
2025-01-07 17:07:51 [restartedMain] DEBUG o.m.s.mapper.ClassPathMapperScanner - Creating MapperFactoryBean with name 'commonMapper' and 'com.spring.devspring.mapper.CommonMapper' mapperInterface
2025-01-07 17:07:51 [restartedMain] INFO  o.s.b.w.e.tomcat.TomcatWebServer - Tomcat initialized with port 8080 (http)
2025-01-07 17:07:51 [restartedMain] INFO  o.a.coyote.http11.Http11NioProtocol - Initializing ProtocolHandler ["http-nio-8080"]
2025-01-07 17:07:51 [restartedMain] INFO  o.a.catalina.core.StandardService - Starting service [Tomcat]
2025-01-07 17:07:51 [restartedMain] INFO  o.a.catalina.core.StandardEngine - Starting Servlet engine: [Apache Tomcat/10.1.34]
2025-01-07 17:07:51 [restartedMain] INFO  o.a.c.c.C.[Tomcat].[localhost].[/] - Initializing Spring embedded WebApplicationContext
2025-01-07 17:07:51 [restartedMain] INFO  o.s.b.w.s.c.ServletWebServerApplicationContext - Root WebApplicationContext: initialization completed in 696 ms
2025-01-07 17:07:51 [restartedMain] DEBUG o.m.spring.SqlSessionFactoryBean - Property 'configuration' or 'configLocation' not specified, using default MyBatis Configuration
2025-01-07 17:07:51 [restartedMain] DEBUG o.m.spring.SqlSessionFactoryBean - Parsed mapper file: 'file [D:\Spring\sts-4.4\workspace\devspring\bin\main\static\mapper\BoardMapper.xml]'
2025-01-07 17:07:51 [restartedMain] DEBUG o.m.spring.SqlSessionFactoryBean - Parsed mapper file: 'file [D:\Spring\sts-4.4\workspace\devspring\bin\main\static\mapper\CommonMapper.xml]'
2025-01-07 17:07:51 [restartedMain] INFO  o.s.b.d.a.OptionalLiveReloadServer - LiveReload server is running on port 35729
2025-01-07 17:07:51 [restartedMain] INFO  o.a.coyote.http11.Http11NioProtocol - Starting ProtocolHandler ["http-nio-8080"]
2025-01-07 17:07:51 [restartedMain] INFO  o.s.b.w.e.tomcat.TomcatWebServer - Tomcat started on port 8080 (http) with context path '/'
2025-01-07 17:07:51 [restartedMain] INFO  c.s.devspring.DevspringApplication - Started DevspringApplication in 1.487 seconds (process running for 1.886)
2025-01-07 17:08:03 [http-nio-8080-exec-1] INFO  o.a.c.c.C.[Tomcat].[localhost].[/] - Initializing Spring DispatcherServlet 'dispatcherServlet'
2025-01-07 17:08:03 [http-nio-8080-exec-1] INFO  o.s.web.servlet.DispatcherServlet - Initializing Servlet 'dispatcherServlet'
2025-01-07 17:08:03 [http-nio-8080-exec-1] INFO  o.s.web.servlet.DispatcherServlet - Completed initialization in 0 ms
2025-01-07 17:08:04 [http-nio-8080-exec-1] WARN  o.t.s.p.AbstractStandardFragmentInsertionTagProcessor - [THYMELEAF][http-nio-8080-exec-1][common/layout/layout] Deprecated unwrapped fragment expression "common/fragments/header::header" found in template common/layout/layout, line 29, col 10. Please use the complete syntax of fragment expressions instead ("~{common/fragments/header::header}"). The old, unwrapped syntax for fragment expressions will be removed in future versions of Thymeleaf.
2025-01-07 17:08:04 [http-nio-8080-exec-1] WARN  o.t.s.p.AbstractStandardFragmentInsertionTagProcessor - [THYMELEAF][http-nio-8080-exec-1][common/layout/layout] Deprecated unwrapped fragment expression "common/fragments/footer::footer" found in template common/layout/layout, line 33, col 10. Please use the complete syntax of fragment expressions instead ("~{common/fragments/footer::footer}"). The old, unwrapped syntax for fragment expressions will be removed in future versions of Thymeleaf.
2025-01-07 17:08:04 [http-nio-8080-exec-10] DEBUG org.mybatis.spring.SqlSessionUtils - Creating a new SqlSession
2025-01-07 17:08:04 [http-nio-8080-exec-10] DEBUG org.mybatis.spring.SqlSessionUtils - SqlSession [org.apache.ibatis.session.defaults.DefaultSqlSession@a55357d] was not registered for synchronization because synchronization is not active
2025-01-07 17:08:04 [http-nio-8080-exec-10] INFO  com.zaxxer.hikari.HikariDataSource - HikariPool-1 - Starting...
2025-01-07 17:08:04 [http-nio-8080-exec-10] INFO  com.zaxxer.hikari.pool.HikariPool - HikariPool-1 - Added connection com.mysql.cj.jdbc.ConnectionImpl@2f9949d5
2025-01-07 17:08:04 [http-nio-8080-exec-10] INFO  com.zaxxer.hikari.HikariDataSource - HikariPool-1 - Start completed.
2025-01-07 17:08:04 [http-nio-8080-exec-10] DEBUG o.m.s.t.SpringManagedTransaction - JDBC Connection [HikariProxyConnection@244350765 wrapping com.mysql.cj.jdbc.ConnectionImpl@2f9949d5] will not be managed by Spring
2025-01-07 17:08:04 [http-nio-8080-exec-10] DEBUG c.s.d.m.CommonMapper.selectLnbList - ==>  Preparing: SELECT CT_LNB_IDX AS ctLnbIdx, CT_LNB_ID AS ctLnbId, CT_LNB_NAME AS ctLnbName, CT_LNB_SUB_YN AS ctLnbSubYn, CT_LNB_URL AS ctLnbUrl, CT_LNB_USE_YN AS ctLnbUseYn FROM CT_LNB WHERE CT_LNB_USE_YN = 'Y' ORDER BY CT_LNB_IDX
2025-01-07 17:08:04 [http-nio-8080-exec-10] DEBUG c.s.d.m.CommonMapper.selectLnbList - ==> Parameters: 
2025-01-07 17:08:04 [http-nio-8080-exec-10] DEBUG c.s.d.m.CommonMapper.selectLnbList - <==      Total: 4
2025-01-07 17:08:04 [http-nio-8080-exec-10] DEBUG org.mybatis.spring.SqlSessionUtils - Closing non transactional SqlSession [org.apache.ibatis.session.defaults.DefaultSqlSession@a55357d]
2025-01-07 17:08:04 [http-nio-8080-exec-10] ERROR o.a.c.c.C.[.[.[.[dispatcherServlet] - Servlet.service() for servlet [dispatcherServlet] in context with path [] threw exception [Request processing failed: org.springframework.http.converter.HttpMessageConversionException: Type definition error: [simple type, class com.spring.devspring.dto.LnbDTO]] with root cause
com.fasterxml.jackson.databind.exc.InvalidDefinitionException: No serializer found for class com.spring.devspring.dto.LnbDTO and no properties discovered to create BeanSerializer (to avoid exception, disable SerializationFeature.FAIL_ON_EMPTY_BEANS) (through reference chain: java.util.ArrayList[0])
	at com.fasterxml.jackson.databind.exc.InvalidDefinitionException.from(InvalidDefinitionException.java:77)
	at com.fasterxml.jackson.databind.SerializerProvider.reportBadDefinition(SerializerProvider.java:1328)
	at com.fasterxml.jackson.databind.DatabindContext.reportBadDefinition(DatabindContext.java:414)
	at com.fasterxml.jackson.databind.ser.impl.UnknownSerializer.failForEmpty(UnknownSerializer.java:53)
	at com.fasterxml.jackson.databind.ser.impl.UnknownSerializer.serialize(UnknownSerializer.java:30)
	at com.fasterxml.jackson.databind.ser.std.CollectionSerializer.serializeContents(CollectionSerializer.java:145)
	at com.fasterxml.jackson.databind.ser.std.CollectionSerializer.serialize(CollectionSerializer.java:107)
	at com.fasterxml.jackson.databind.ser.std.CollectionSerializer.serialize(CollectionSerializer.java:25)
	at com.fasterxml.jackson.databind.ser.DefaultSerializerProvider._serialize(DefaultSerializerProvider.java:502)
	at com.fasterxml.jackson.databind.ser.DefaultSerializerProvider.serializeValue(DefaultSerializerProvider.java:422)
	at com.fasterxml.jackson.databind.ObjectWriter$Prefetch.serialize(ObjectWriter.java:1579)
	at com.fasterxml.jackson.databind.ObjectWriter.writeValue(ObjectWriter.java:1061)
	at org.springframework.http.converter.json.AbstractJackson2HttpMessageConverter.writeInternal(AbstractJackson2HttpMessageConverter.java:486)
	at org.springframework.http.converter.AbstractGenericHttpMessageConverter.write(AbstractGenericHttpMessageConverter.java:126)
	at org.springframework.web.servlet.mvc.method.annotation.AbstractMessageConverterMethodProcessor.writeWithMessageConverters(AbstractMessageConverterMethodProcessor.java:345)
	at org.springframework.web.servlet.mvc.method.annotation.RequestResponseBodyMethodProcessor.handleReturnValue(RequestResponseBodyMethodProcessor.java:208)
	at org.springframework.web.method.support.HandlerMethodReturnValueHandlerComposite.handleReturnValue(HandlerMethodReturnValueHandlerComposite.java:78)
	at org.springframework.web.servlet.mvc.method.annotation.ServletInvocableHandlerMethod.invokeAndHandle(ServletInvocableHandlerMethod.java:136)
	at org.springframework.web.servlet.mvc.method.annotation.RequestMappingHandlerAdapter.invokeHandlerMethod(RequestMappingHandlerAdapter.java:986)
	at org.springframework.web.servlet.mvc.method.annotation.RequestMappingHandlerAdapter.handleInternal(RequestMappingHandlerAdapter.java:891)
	at org.springframework.web.servlet.mvc.method.AbstractHandlerMethodAdapter.handle(AbstractHandlerMethodAdapter.java:87)
	at org.springframework.web.servlet.DispatcherServlet.doDispatch(DispatcherServlet.java:1088)
	at org.springframework.web.servlet.DispatcherServlet.doService(DispatcherServlet.java:978)
	at org.springframework.web.servlet.FrameworkServlet.processRequest(FrameworkServlet.java:1014)
	at org.springframework.web.servlet.FrameworkServlet.doGet(FrameworkServlet.java:903)
	at jakarta.servlet.http.HttpServlet.service(HttpServlet.java:564)
	at org.springframework.web.servlet.FrameworkServlet.service(FrameworkServlet.java:885)
	at jakarta.servlet.http.HttpServlet.service(HttpServlet.java:658)
	at org.apache.catalina.core.ApplicationFilterChain.internalDoFilter(ApplicationFilterChain.java:195)
	at org.apache.catalina.core.ApplicationFilterChain.doFilter(ApplicationFilterChain.java:140)
	at org.apache.tomcat.websocket.server.WsFilter.doFilter(WsFilter.java:51)
	at org.apache.catalina.core.ApplicationFilterChain.internalDoFilter(ApplicationFilterChain.java:164)
	at org.apache.catalina.core.ApplicationFilterChain.doFilter(ApplicationFilterChain.java:140)
	at org.springframework.web.filter.RequestContextFilter.doFilterInternal(RequestContextFilter.java:100)
	at org.springframework.web.filter.OncePerRequestFilter.doFilter(OncePerRequestFilter.java:116)
	at org.apache.catalina.core.ApplicationFilterChain.internalDoFilter(ApplicationFilterChain.java:164)
	at org.apache.catalina.core.ApplicationFilterChain.doFilter(ApplicationFilterChain.java:140)
	at org.springframework.web.filter.FormContentFilter.doFilterInternal(FormContentFilter.java:93)
	at org.springframework.web.filter.OncePerRequestFilter.doFilter(OncePerRequestFilter.java:116)
	at org.apache.catalina.core.ApplicationFilterChain.internalDoFilter(ApplicationFilterChain.java:164)
	at org.apache.catalina.core.ApplicationFilterChain.doFilter(ApplicationFilterChain.java:140)
	at org.springframework.web.filter.CharacterEncodingFilter.doFilterInternal(CharacterEncodingFilter.java:201)
	at org.springframework.web.filter.OncePerRequestFilter.doFilter(OncePerRequestFilter.java:116)
	at org.apache.catalina.core.ApplicationFilterChain.internalDoFilter(ApplicationFilterChain.java:164)
	at org.apache.catalina.core.ApplicationFilterChain.doFilter(ApplicationFilterChain.java:140)
	at org.apache.catalina.core.StandardWrapperValve.invoke(StandardWrapperValve.java:167)
	at org.apache.catalina.core.StandardContextValve.invoke(StandardContextValve.java:90)
	at org.apache.catalina.authenticator.AuthenticatorBase.invoke(AuthenticatorBase.java:483)
	at org.apache.catalina.core.StandardHostValve.invoke(StandardHostValve.java:115)
	at org.apache.catalina.valves.ErrorReportValve.invoke(ErrorReportValve.java:93)
	at org.apache.catalina.core.StandardEngineValve.invoke(StandardEngineValve.java:74)
	at org.apache.catalina.connector.CoyoteAdapter.service(CoyoteAdapter.java:344)
	at org.apache.coyote.http11.Http11Processor.service(Http11Processor.java:397)
	at org.apache.coyote.AbstractProcessorLight.process(AbstractProcessorLight.java:63)
	at org.apache.coyote.AbstractProtocol$ConnectionHandler.process(AbstractProtocol.java:905)
	at org.apache.tomcat.util.net.NioEndpoint$SocketProcessor.doRun(NioEndpoint.java:1741)
	at org.apache.tomcat.util.net.SocketProcessorBase.run(SocketProcessorBase.java:52)
	at org.apache.tomcat.util.threads.ThreadPoolExecutor.runWorker(ThreadPoolExecutor.java:1190)
	at org.apache.tomcat.util.threads.ThreadPoolExecutor$Worker.run(ThreadPoolExecutor.java:659)
	at org.apache.tomcat.util.threads.TaskThread$WrappingRunnable.run(TaskThread.java:63)
	at java.base/java.lang.Thread.run(Thread.java:842)
2025-01-07 17:08:04 [http-nio-8080-exec-1] DEBUG org.mybatis.spring.SqlSessionUtils - Creating a new SqlSession
2025-01-07 17:08:04 [http-nio-8080-exec-1] DEBUG org.mybatis.spring.SqlSessionUtils - SqlSession [org.apache.ibatis.session.defaults.DefaultSqlSession@1d4e1f2d] was not registered for synchronization because synchronization is not active
2025-01-07 17:08:04 [http-nio-8080-exec-1] DEBUG o.m.s.t.SpringManagedTransaction - JDBC Connection [HikariProxyConnection@358931035 wrapping com.mysql.cj.jdbc.ConnectionImpl@2f9949d5] will not be managed by Spring
2025-01-07 17:08:04 [http-nio-8080-exec-1] DEBUG c.s.d.m.CommonMapper.selectLnbList - ==>  Preparing: SELECT CT_LNB_IDX AS ctLnbIdx, CT_LNB_ID AS ctLnbId, CT_LNB_NAME AS ctLnbName, CT_LNB_SUB_YN AS ctLnbSubYn, CT_LNB_URL AS ctLnbUrl, CT_LNB_USE_YN AS ctLnbUseYn FROM CT_LNB WHERE CT_LNB_USE_YN = 'Y' ORDER BY CT_LNB_IDX
2025-01-07 17:08:04 [http-nio-8080-exec-1] DEBUG c.s.d.m.CommonMapper.selectLnbList - ==> Parameters: 
2025-01-07 17:08:04 [http-nio-8080-exec-1] DEBUG c.s.d.m.CommonMapper.selectLnbList - <==      Total: 4
2025-01-07 17:08:04 [http-nio-8080-exec-1] DEBUG org.mybatis.spring.SqlSessionUtils - Closing non transactional SqlSession [org.apache.ibatis.session.defaults.DefaultSqlSession@1d4e1f2d]
2025-01-07 17:08:04 [http-nio-8080-exec-1] ERROR o.a.c.c.C.[.[.[.[dispatcherServlet] - Servlet.service() for servlet [dispatcherServlet] in context with path [] threw exception [Request processing failed: org.springframework.http.converter.HttpMessageConversionException: Type definition error: [simple type, class com.spring.devspring.dto.LnbDTO]] with root cause
com.fasterxml.jackson.databind.exc.InvalidDefinitionException: No serializer found for class com.spring.devspring.dto.LnbDTO and no properties discovered to create BeanSerializer (to avoid exception, disable SerializationFeature.FAIL_ON_EMPTY_BEANS) (through reference chain: java.util.ArrayList[0])
	at com.fasterxml.jackson.databind.exc.InvalidDefinitionException.from(InvalidDefinitionException.java:77)
	at com.fasterxml.jackson.databind.SerializerProvider.reportBadDefinition(SerializerProvider.java:1328)
	at com.fasterxml.jackson.databind.DatabindContext.reportBadDefinition(DatabindContext.java:414)
	at com.fasterxml.jackson.databind.ser.impl.UnknownSerializer.failForEmpty(UnknownSerializer.java:53)
	at com.fasterxml.jackson.databind.ser.impl.UnknownSerializer.serialize(UnknownSerializer.java:30)
	at com.fasterxml.jackson.databind.ser.std.CollectionSerializer.serializeContents(CollectionSerializer.java:145)
	at com.fasterxml.jackson.databind.ser.std.CollectionSerializer.serialize(CollectionSerializer.java:107)
	at com.fasterxml.jackson.databind.ser.std.CollectionSerializer.serialize(CollectionSerializer.java:25)
	at com.fasterxml.jackson.databind.ser.DefaultSerializerProvider._serialize(DefaultSerializerProvider.java:502)
	at com.fasterxml.jackson.databind.ser.DefaultSerializerProvider.serializeValue(DefaultSerializerProvider.java:422)
	at com.fasterxml.jackson.databind.ObjectWriter$Prefetch.serialize(ObjectWriter.java:1579)
	at com.fasterxml.jackson.databind.ObjectWriter.writeValue(ObjectWriter.java:1061)
	at org.springframework.http.converter.json.AbstractJackson2HttpMessageConverter.writeInternal(AbstractJackson2HttpMessageConverter.java:486)
	at org.springframework.http.converter.AbstractGenericHttpMessageConverter.write(AbstractGenericHttpMessageConverter.java:126)
	at org.springframework.web.servlet.mvc.method.annotation.AbstractMessageConverterMethodProcessor.writeWithMessageConverters(AbstractMessageConverterMethodProcessor.java:345)
	at org.springframework.web.servlet.mvc.method.annotation.RequestResponseBodyMethodProcessor.handleReturnValue(RequestResponseBodyMethodProcessor.java:208)
	at org.springframework.web.method.support.HandlerMethodReturnValueHandlerComposite.handleReturnValue(HandlerMethodReturnValueHandlerComposite.java:78)
	at org.springframework.web.servlet.mvc.method.annotation.ServletInvocableHandlerMethod.invokeAndHandle(ServletInvocableHandlerMethod.java:136)
	at org.springframework.web.servlet.mvc.method.annotation.RequestMappingHandlerAdapter.invokeHandlerMethod(RequestMappingHandlerAdapter.java:986)
	at org.springframework.web.servlet.mvc.method.annotation.RequestMappingHandlerAdapter.handleInternal(RequestMappingHandlerAdapter.java:891)
	at org.springframework.web.servlet.mvc.method.AbstractHandlerMethodAdapter.handle(AbstractHandlerMethodAdapter.java:87)
	at org.springframework.web.servlet.DispatcherServlet.doDispatch(DispatcherServlet.java:1088)
	at org.springframework.web.servlet.DispatcherServlet.doService(DispatcherServlet.java:978)
	at org.springframework.web.servlet.FrameworkServlet.processRequest(FrameworkServlet.java:1014)
	at org.springframework.web.servlet.FrameworkServlet.doGet(FrameworkServlet.java:903)
	at jakarta.servlet.http.HttpServlet.service(HttpServlet.java:564)
	at org.springframework.web.servlet.FrameworkServlet.service(FrameworkServlet.java:885)
	at jakarta.servlet.http.HttpServlet.service(HttpServlet.java:658)
	at org.apache.catalina.core.ApplicationFilterChain.internalDoFilter(ApplicationFilterChain.java:195)
	at org.apache.catalina.core.ApplicationFilterChain.doFilter(ApplicationFilterChain.java:140)
	at org.apache.tomcat.websocket.server.WsFilter.doFilter(WsFilter.java:51)
	at org.apache.catalina.core.ApplicationFilterChain.internalDoFilter(ApplicationFilterChain.java:164)
	at org.apache.catalina.core.ApplicationFilterChain.doFilter(ApplicationFilterChain.java:140)
	at org.springframework.web.filter.RequestContextFilter.doFilterInternal(RequestContextFilter.java:100)
	at org.springframework.web.filter.OncePerRequestFilter.doFilter(OncePerRequestFilter.java:116)
	at org.apache.catalina.core.ApplicationFilterChain.internalDoFilter(ApplicationFilterChain.java:164)
	at org.apache.catalina.core.ApplicationFilterChain.doFilter(ApplicationFilterChain.java:140)
	at org.springframework.web.filter.FormContentFilter.doFilterInternal(FormContentFilter.java:93)
	at org.springframework.web.filter.OncePerRequestFilter.doFilter(OncePerRequestFilter.java:116)
	at org.apache.catalina.core.ApplicationFilterChain.internalDoFilter(ApplicationFilterChain.java:164)
	at org.apache.catalina.core.ApplicationFilterChain.doFilter(ApplicationFilterChain.java:140)
	at org.springframework.web.filter.CharacterEncodingFilter.doFilterInternal(CharacterEncodingFilter.java:201)
	at org.springframework.web.filter.OncePerRequestFilter.doFilter(OncePerRequestFilter.java:116)
	at org.apache.catalina.core.ApplicationFilterChain.internalDoFilter(ApplicationFilterChain.java:164)
	at org.apache.catalina.core.ApplicationFilterChain.doFilter(ApplicationFilterChain.java:140)
	at org.apache.catalina.core.StandardWrapperValve.invoke(StandardWrapperValve.java:167)
	at org.apache.catalina.core.StandardContextValve.invoke(StandardContextValve.java:90)
	at org.apache.catalina.authenticator.AuthenticatorBase.invoke(AuthenticatorBase.java:483)
	at org.apache.catalina.core.StandardHostValve.invoke(StandardHostValve.java:115)
	at org.apache.catalina.valves.ErrorReportValve.invoke(ErrorReportValve.java:93)
	at org.apache.catalina.core.StandardEngineValve.invoke(StandardEngineValve.java:74)
	at org.apache.catalina.connector.CoyoteAdapter.service(CoyoteAdapter.java:344)
	at org.apache.coyote.http11.Http11Processor.service(Http11Processor.java:397)
	at org.apache.coyote.AbstractProcessorLight.process(AbstractProcessorLight.java:63)
	at org.apache.coyote.AbstractProtocol$ConnectionHandler.process(AbstractProtocol.java:905)
	at org.apache.tomcat.util.net.NioEndpoint$SocketProcessor.doRun(NioEndpoint.java:1741)
	at org.apache.tomcat.util.net.SocketProcessorBase.run(SocketProcessorBase.java:52)
	at org.apache.tomcat.util.threads.ThreadPoolExecutor.runWorker(ThreadPoolExecutor.java:1190)
	at org.apache.tomcat.util.threads.ThreadPoolExecutor$Worker.run(ThreadPoolExecutor.java:659)
	at org.apache.tomcat.util.threads.TaskThread$WrappingRunnable.run(TaskThread.java:63)
	at java.base/java.lang.Thread.run(Thread.java:842)
2025-01-07 17:09:04 [RMI TCP Connection(9)-127.0.0.1] INFO  o.s.b.a.SpringApplicationAdminMXBeanRegistrar$SpringApplicationAdmin - Application shutdown requested.
2025-01-07 17:09:04 [RMI TCP Connection(9)-127.0.0.1] INFO  o.s.b.w.e.tomcat.GracefulShutdown - Commencing graceful shutdown. Waiting for active requests to complete
2025-01-07 17:09:04 [tomcat-shutdown] INFO  o.a.coyote.http11.Http11NioProtocol - Pausing ProtocolHandler ["http-nio-8080"]
2025-01-07 17:09:04 [tomcat-shutdown] INFO  o.s.b.w.e.tomcat.GracefulShutdown - Graceful shutdown complete
2025-01-07 17:09:04 [RMI TCP Connection(9)-127.0.0.1] INFO  o.a.coyote.http11.Http11NioProtocol - Stopping ProtocolHandler ["http-nio-8080"]
2025-01-07 17:09:04 [RMI TCP Connection(9)-127.0.0.1] INFO  com.zaxxer.hikari.HikariDataSource - HikariPool-1 - Shutdown initiated...
2025-01-07 17:09:04 [RMI TCP Connection(9)-127.0.0.1] INFO  com.zaxxer.hikari.HikariDataSource - HikariPool-1 - Shutdown completed.
2025-01-07 17:09:08 [restartedMain] INFO  c.s.devspring.DevspringApplication - Starting DevspringApplication using Java 17.0.12 with PID 5772 (D:\Spring\sts-4.4\workspace\devspring\bin\main started by aatjx in D:\Spring\sts-4.4\workspace\devspring)
2025-01-07 17:09:08 [restartedMain] INFO  c.s.devspring.DevspringApplication - No active profile set, falling back to 1 default profile: "default"
2025-01-07 17:09:09 [restartedMain] INFO  o.s.b.d.e.DevToolsPropertyDefaultsPostProcessor - Devtools property defaults active! Set 'spring.devtools.add-properties' to 'false' to disable
2025-01-07 17:09:09 [restartedMain] INFO  o.s.b.d.e.DevToolsPropertyDefaultsPostProcessor - For additional web related logging consider setting the 'logging.level.web' property to 'DEBUG'
2025-01-07 17:09:09 [restartedMain] DEBUG o.apache.ibatis.logging.LogFactory - Logging initialized using 'class org.apache.ibatis.logging.slf4j.Slf4jImpl' adapter.
2025-01-07 17:09:09 [restartedMain] DEBUG o.m.s.mapper.ClassPathMapperScanner - Identified candidate component class: file [D:\Spring\sts-4.4\workspace\devspring\bin\main\com\spring\devspring\mapper\BoardMapper.class]
2025-01-07 17:09:09 [restartedMain] DEBUG o.m.s.mapper.ClassPathMapperScanner - Identified candidate component class: file [D:\Spring\sts-4.4\workspace\devspring\bin\main\com\spring\devspring\mapper\CommonMapper.class]
2025-01-07 17:09:09 [restartedMain] DEBUG o.m.s.mapper.ClassPathMapperScanner - Creating MapperFactoryBean with name 'boardMapper' and 'com.spring.devspring.mapper.BoardMapper' mapperInterface
2025-01-07 17:09:09 [restartedMain] DEBUG o.m.s.mapper.ClassPathMapperScanner - Creating MapperFactoryBean with name 'commonMapper' and 'com.spring.devspring.mapper.CommonMapper' mapperInterface
2025-01-07 17:09:09 [restartedMain] INFO  o.s.b.w.e.tomcat.TomcatWebServer - Tomcat initialized with port 8080 (http)
2025-01-07 17:09:09 [restartedMain] INFO  o.a.coyote.http11.Http11NioProtocol - Initializing ProtocolHandler ["http-nio-8080"]
2025-01-07 17:09:09 [restartedMain] INFO  o.a.catalina.core.StandardService - Starting service [Tomcat]
2025-01-07 17:09:09 [restartedMain] INFO  o.a.catalina.core.StandardEngine - Starting Servlet engine: [Apache Tomcat/10.1.34]
2025-01-07 17:09:09 [restartedMain] INFO  o.a.c.c.C.[Tomcat].[localhost].[/] - Initializing Spring embedded WebApplicationContext
2025-01-07 17:09:09 [restartedMain] INFO  o.s.b.w.s.c.ServletWebServerApplicationContext - Root WebApplicationContext: initialization completed in 636 ms
2025-01-07 17:09:09 [restartedMain] DEBUG o.m.spring.SqlSessionFactoryBean - Property 'configuration' or 'configLocation' not specified, using default MyBatis Configuration
2025-01-07 17:09:09 [restartedMain] DEBUG o.m.spring.SqlSessionFactoryBean - Parsed mapper file: 'file [D:\Spring\sts-4.4\workspace\devspring\bin\main\static\mapper\BoardMapper.xml]'
2025-01-07 17:09:09 [restartedMain] DEBUG o.m.spring.SqlSessionFactoryBean - Parsed mapper file: 'file [D:\Spring\sts-4.4\workspace\devspring\bin\main\static\mapper\CommonMapper.xml]'
2025-01-07 17:09:09 [restartedMain] INFO  o.s.b.d.a.OptionalLiveReloadServer - LiveReload server is running on port 35729
2025-01-07 17:09:10 [restartedMain] INFO  o.a.coyote.http11.Http11NioProtocol - Starting ProtocolHandler ["http-nio-8080"]
2025-01-07 17:09:10 [restartedMain] INFO  o.s.b.w.e.tomcat.TomcatWebServer - Tomcat started on port 8080 (http) with context path '/'
2025-01-07 17:09:10 [restartedMain] INFO  c.s.devspring.DevspringApplication - Started DevspringApplication in 1.434 seconds (process running for 1.832)
2025-01-07 17:09:12 [http-nio-8080-exec-1] INFO  o.a.c.c.C.[Tomcat].[localhost].[/] - Initializing Spring DispatcherServlet 'dispatcherServlet'
2025-01-07 17:09:12 [http-nio-8080-exec-1] INFO  o.s.web.servlet.DispatcherServlet - Initializing Servlet 'dispatcherServlet'
2025-01-07 17:09:12 [http-nio-8080-exec-1] INFO  o.s.web.servlet.DispatcherServlet - Completed initialization in 1 ms
2025-01-07 17:09:13 [http-nio-8080-exec-1] WARN  o.t.s.p.AbstractStandardFragmentInsertionTagProcessor - [THYMELEAF][http-nio-8080-exec-1][common/layout/layout] Deprecated unwrapped fragment expression "common/fragments/header::header" found in template common/layout/layout, line 29, col 10. Please use the complete syntax of fragment expressions instead ("~{common/fragments/header::header}"). The old, unwrapped syntax for fragment expressions will be removed in future versions of Thymeleaf.
2025-01-07 17:09:13 [http-nio-8080-exec-1] WARN  o.t.s.p.AbstractStandardFragmentInsertionTagProcessor - [THYMELEAF][http-nio-8080-exec-1][common/layout/layout] Deprecated unwrapped fragment expression "common/fragments/footer::footer" found in template common/layout/layout, line 33, col 10. Please use the complete syntax of fragment expressions instead ("~{common/fragments/footer::footer}"). The old, unwrapped syntax for fragment expressions will be removed in future versions of Thymeleaf.
2025-01-07 17:09:13 [http-nio-8080-exec-10] DEBUG org.mybatis.spring.SqlSessionUtils - Creating a new SqlSession
2025-01-07 17:09:13 [http-nio-8080-exec-10] DEBUG org.mybatis.spring.SqlSessionUtils - SqlSession [org.apache.ibatis.session.defaults.DefaultSqlSession@22fe6573] was not registered for synchronization because synchronization is not active
2025-01-07 17:09:13 [http-nio-8080-exec-10] INFO  com.zaxxer.hikari.HikariDataSource - HikariPool-1 - Starting...
2025-01-07 17:09:13 [http-nio-8080-exec-10] INFO  com.zaxxer.hikari.pool.HikariPool - HikariPool-1 - Added connection com.mysql.cj.jdbc.ConnectionImpl@70381def
2025-01-07 17:09:13 [http-nio-8080-exec-10] INFO  com.zaxxer.hikari.HikariDataSource - HikariPool-1 - Start completed.
2025-01-07 17:09:13 [http-nio-8080-exec-10] DEBUG o.m.s.t.SpringManagedTransaction - JDBC Connection [HikariProxyConnection@511378606 wrapping com.mysql.cj.jdbc.ConnectionImpl@70381def] will not be managed by Spring
2025-01-07 17:09:13 [http-nio-8080-exec-10] DEBUG c.s.d.m.CommonMapper.selectLnbList - ==>  Preparing: SELECT CT_LNB_IDX AS ctLnbIdx, CT_LNB_ID AS ctLnbId, CT_LNB_NAME AS ctLnbName, CT_LNB_SUB_YN AS ctLnbSubYn, CT_LNB_URL AS ctLnbUrl, CT_LNB_USE_YN AS ctLnbUseYn FROM CT_LNB WHERE CT_LNB_USE_YN = 'Y' ORDER BY CT_LNB_IDX
2025-01-07 17:09:13 [http-nio-8080-exec-10] DEBUG c.s.d.m.CommonMapper.selectLnbList - ==> Parameters: 
2025-01-07 17:09:13 [http-nio-8080-exec-10] DEBUG c.s.d.m.CommonMapper.selectLnbList - <==      Total: 4
2025-01-07 17:09:13 [http-nio-8080-exec-10] DEBUG org.mybatis.spring.SqlSessionUtils - Closing non transactional SqlSession [org.apache.ibatis.session.defaults.DefaultSqlSession@22fe6573]
2025-01-07 17:09:13 [http-nio-8080-exec-10] ERROR o.a.c.c.C.[.[.[.[dispatcherServlet] - Servlet.service() for servlet [dispatcherServlet] in context with path [] threw exception [Request processing failed: org.springframework.http.converter.HttpMessageConversionException: Type definition error: [simple type, class com.spring.devspring.dto.LnbDTO]] with root cause
com.fasterxml.jackson.databind.exc.InvalidDefinitionException: No serializer found for class com.spring.devspring.dto.LnbDTO and no properties discovered to create BeanSerializer (to avoid exception, disable SerializationFeature.FAIL_ON_EMPTY_BEANS) (through reference chain: java.util.ArrayList[0])
	at com.fasterxml.jackson.databind.exc.InvalidDefinitionException.from(InvalidDefinitionException.java:77)
	at com.fasterxml.jackson.databind.SerializerProvider.reportBadDefinition(SerializerProvider.java:1328)
	at com.fasterxml.jackson.databind.DatabindContext.reportBadDefinition(DatabindContext.java:414)
	at com.fasterxml.jackson.databind.ser.impl.UnknownSerializer.failForEmpty(UnknownSerializer.java:53)
	at com.fasterxml.jackson.databind.ser.impl.UnknownSerializer.serialize(UnknownSerializer.java:30)
	at com.fasterxml.jackson.databind.ser.std.CollectionSerializer.serializeContents(CollectionSerializer.java:145)
	at com.fasterxml.jackson.databind.ser.std.CollectionSerializer.serialize(CollectionSerializer.java:107)
	at com.fasterxml.jackson.databind.ser.std.CollectionSerializer.serialize(CollectionSerializer.java:25)
	at com.fasterxml.jackson.databind.ser.DefaultSerializerProvider._serialize(DefaultSerializerProvider.java:502)
	at com.fasterxml.jackson.databind.ser.DefaultSerializerProvider.serializeValue(DefaultSerializerProvider.java:422)
	at com.fasterxml.jackson.databind.ObjectWriter$Prefetch.serialize(ObjectWriter.java:1579)
	at com.fasterxml.jackson.databind.ObjectWriter.writeValue(ObjectWriter.java:1061)
	at org.springframework.http.converter.json.AbstractJackson2HttpMessageConverter.writeInternal(AbstractJackson2HttpMessageConverter.java:486)
	at org.springframework.http.converter.AbstractGenericHttpMessageConverter.write(AbstractGenericHttpMessageConverter.java:126)
	at org.springframework.web.servlet.mvc.method.annotation.AbstractMessageConverterMethodProcessor.writeWithMessageConverters(AbstractMessageConverterMethodProcessor.java:345)
	at org.springframework.web.servlet.mvc.method.annotation.RequestResponseBodyMethodProcessor.handleReturnValue(RequestResponseBodyMethodProcessor.java:208)
	at org.springframework.web.method.support.HandlerMethodReturnValueHandlerComposite.handleReturnValue(HandlerMethodReturnValueHandlerComposite.java:78)
	at org.springframework.web.servlet.mvc.method.annotation.ServletInvocableHandlerMethod.invokeAndHandle(ServletInvocableHandlerMethod.java:136)
	at org.springframework.web.servlet.mvc.method.annotation.RequestMappingHandlerAdapter.invokeHandlerMethod(RequestMappingHandlerAdapter.java:986)
	at org.springframework.web.servlet.mvc.method.annotation.RequestMappingHandlerAdapter.handleInternal(RequestMappingHandlerAdapter.java:891)
	at org.springframework.web.servlet.mvc.method.AbstractHandlerMethodAdapter.handle(AbstractHandlerMethodAdapter.java:87)
	at org.springframework.web.servlet.DispatcherServlet.doDispatch(DispatcherServlet.java:1088)
	at org.springframework.web.servlet.DispatcherServlet.doService(DispatcherServlet.java:978)
	at org.springframework.web.servlet.FrameworkServlet.processRequest(FrameworkServlet.java:1014)
	at org.springframework.web.servlet.FrameworkServlet.doGet(FrameworkServlet.java:903)
	at jakarta.servlet.http.HttpServlet.service(HttpServlet.java:564)
	at org.springframework.web.servlet.FrameworkServlet.service(FrameworkServlet.java:885)
	at jakarta.servlet.http.HttpServlet.service(HttpServlet.java:658)
	at org.apache.catalina.core.ApplicationFilterChain.internalDoFilter(ApplicationFilterChain.java:195)
	at org.apache.catalina.core.ApplicationFilterChain.doFilter(ApplicationFilterChain.java:140)
	at org.apache.tomcat.websocket.server.WsFilter.doFilter(WsFilter.java:51)
	at org.apache.catalina.core.ApplicationFilterChain.internalDoFilter(ApplicationFilterChain.java:164)
	at org.apache.catalina.core.ApplicationFilterChain.doFilter(ApplicationFilterChain.java:140)
	at org.springframework.web.filter.RequestContextFilter.doFilterInternal(RequestContextFilter.java:100)
	at org.springframework.web.filter.OncePerRequestFilter.doFilter(OncePerRequestFilter.java:116)
	at org.apache.catalina.core.ApplicationFilterChain.internalDoFilter(ApplicationFilterChain.java:164)
	at org.apache.catalina.core.ApplicationFilterChain.doFilter(ApplicationFilterChain.java:140)
	at org.springframework.web.filter.FormContentFilter.doFilterInternal(FormContentFilter.java:93)
	at org.springframework.web.filter.OncePerRequestFilter.doFilter(OncePerRequestFilter.java:116)
	at org.apache.catalina.core.ApplicationFilterChain.internalDoFilter(ApplicationFilterChain.java:164)
	at org.apache.catalina.core.ApplicationFilterChain.doFilter(ApplicationFilterChain.java:140)
	at org.springframework.web.filter.CharacterEncodingFilter.doFilterInternal(CharacterEncodingFilter.java:201)
	at org.springframework.web.filter.OncePerRequestFilter.doFilter(OncePerRequestFilter.java:116)
	at org.apache.catalina.core.ApplicationFilterChain.internalDoFilter(ApplicationFilterChain.java:164)
	at org.apache.catalina.core.ApplicationFilterChain.doFilter(ApplicationFilterChain.java:140)
	at org.apache.catalina.core.StandardWrapperValve.invoke(StandardWrapperValve.java:167)
	at org.apache.catalina.core.StandardContextValve.invoke(StandardContextValve.java:90)
	at org.apache.catalina.authenticator.AuthenticatorBase.invoke(AuthenticatorBase.java:483)
	at org.apache.catalina.core.StandardHostValve.invoke(StandardHostValve.java:115)
	at org.apache.catalina.valves.ErrorReportValve.invoke(ErrorReportValve.java:93)
	at org.apache.catalina.core.StandardEngineValve.invoke(StandardEngineValve.java:74)
	at org.apache.catalina.connector.CoyoteAdapter.service(CoyoteAdapter.java:344)
	at org.apache.coyote.http11.Http11Processor.service(Http11Processor.java:397)
	at org.apache.coyote.AbstractProcessorLight.process(AbstractProcessorLight.java:63)
	at org.apache.coyote.AbstractProtocol$ConnectionHandler.process(AbstractProtocol.java:905)
	at org.apache.tomcat.util.net.NioEndpoint$SocketProcessor.doRun(NioEndpoint.java:1741)
	at org.apache.tomcat.util.net.SocketProcessorBase.run(SocketProcessorBase.java:52)
	at org.apache.tomcat.util.threads.ThreadPoolExecutor.runWorker(ThreadPoolExecutor.java:1190)
	at org.apache.tomcat.util.threads.ThreadPoolExecutor$Worker.run(ThreadPoolExecutor.java:659)
	at org.apache.tomcat.util.threads.TaskThread$WrappingRunnable.run(TaskThread.java:63)
	at java.base/java.lang.Thread.run(Thread.java:842)
2025-01-07 17:09:13 [http-nio-8080-exec-1] DEBUG org.mybatis.spring.SqlSessionUtils - Creating a new SqlSession
2025-01-07 17:09:13 [http-nio-8080-exec-1] DEBUG org.mybatis.spring.SqlSessionUtils - SqlSession [org.apache.ibatis.session.defaults.DefaultSqlSession@75f8fce3] was not registered for synchronization because synchronization is not active
2025-01-07 17:09:13 [http-nio-8080-exec-1] DEBUG o.m.s.t.SpringManagedTransaction - JDBC Connection [HikariProxyConnection@360148389 wrapping com.mysql.cj.jdbc.ConnectionImpl@70381def] will not be managed by Spring
2025-01-07 17:09:13 [http-nio-8080-exec-1] DEBUG c.s.d.m.CommonMapper.selectLnbList - ==>  Preparing: SELECT CT_LNB_IDX AS ctLnbIdx, CT_LNB_ID AS ctLnbId, CT_LNB_NAME AS ctLnbName, CT_LNB_SUB_YN AS ctLnbSubYn, CT_LNB_URL AS ctLnbUrl, CT_LNB_USE_YN AS ctLnbUseYn FROM CT_LNB WHERE CT_LNB_USE_YN = 'Y' ORDER BY CT_LNB_IDX
2025-01-07 17:09:13 [http-nio-8080-exec-1] DEBUG c.s.d.m.CommonMapper.selectLnbList - ==> Parameters: 
2025-01-07 17:09:13 [http-nio-8080-exec-1] DEBUG c.s.d.m.CommonMapper.selectLnbList - <==      Total: 4
2025-01-07 17:09:13 [http-nio-8080-exec-1] DEBUG org.mybatis.spring.SqlSessionUtils - Closing non transactional SqlSession [org.apache.ibatis.session.defaults.DefaultSqlSession@75f8fce3]
2025-01-07 17:09:13 [http-nio-8080-exec-1] ERROR o.a.c.c.C.[.[.[.[dispatcherServlet] - Servlet.service() for servlet [dispatcherServlet] in context with path [] threw exception [Request processing failed: org.springframework.http.converter.HttpMessageConversionException: Type definition error: [simple type, class com.spring.devspring.dto.LnbDTO]] with root cause
com.fasterxml.jackson.databind.exc.InvalidDefinitionException: No serializer found for class com.spring.devspring.dto.LnbDTO and no properties discovered to create BeanSerializer (to avoid exception, disable SerializationFeature.FAIL_ON_EMPTY_BEANS) (through reference chain: java.util.ArrayList[0])
	at com.fasterxml.jackson.databind.exc.InvalidDefinitionException.from(InvalidDefinitionException.java:77)
	at com.fasterxml.jackson.databind.SerializerProvider.reportBadDefinition(SerializerProvider.java:1328)
	at com.fasterxml.jackson.databind.DatabindContext.reportBadDefinition(DatabindContext.java:414)
	at com.fasterxml.jackson.databind.ser.impl.UnknownSerializer.failForEmpty(UnknownSerializer.java:53)
	at com.fasterxml.jackson.databind.ser.impl.UnknownSerializer.serialize(UnknownSerializer.java:30)
	at com.fasterxml.jackson.databind.ser.std.CollectionSerializer.serializeContents(CollectionSerializer.java:145)
	at com.fasterxml.jackson.databind.ser.std.CollectionSerializer.serialize(CollectionSerializer.java:107)
	at com.fasterxml.jackson.databind.ser.std.CollectionSerializer.serialize(CollectionSerializer.java:25)
	at com.fasterxml.jackson.databind.ser.DefaultSerializerProvider._serialize(DefaultSerializerProvider.java:502)
	at com.fasterxml.jackson.databind.ser.DefaultSerializerProvider.serializeValue(DefaultSerializerProvider.java:422)
	at com.fasterxml.jackson.databind.ObjectWriter$Prefetch.serialize(ObjectWriter.java:1579)
	at com.fasterxml.jackson.databind.ObjectWriter.writeValue(ObjectWriter.java:1061)
	at org.springframework.http.converter.json.AbstractJackson2HttpMessageConverter.writeInternal(AbstractJackson2HttpMessageConverter.java:486)
	at org.springframework.http.converter.AbstractGenericHttpMessageConverter.write(AbstractGenericHttpMessageConverter.java:126)
	at org.springframework.web.servlet.mvc.method.annotation.AbstractMessageConverterMethodProcessor.writeWithMessageConverters(AbstractMessageConverterMethodProcessor.java:345)
	at org.springframework.web.servlet.mvc.method.annotation.RequestResponseBodyMethodProcessor.handleReturnValue(RequestResponseBodyMethodProcessor.java:208)
	at org.springframework.web.method.support.HandlerMethodReturnValueHandlerComposite.handleReturnValue(HandlerMethodReturnValueHandlerComposite.java:78)
	at org.springframework.web.servlet.mvc.method.annotation.ServletInvocableHandlerMethod.invokeAndHandle(ServletInvocableHandlerMethod.java:136)
	at org.springframework.web.servlet.mvc.method.annotation.RequestMappingHandlerAdapter.invokeHandlerMethod(RequestMappingHandlerAdapter.java:986)
	at org.springframework.web.servlet.mvc.method.annotation.RequestMappingHandlerAdapter.handleInternal(RequestMappingHandlerAdapter.java:891)
	at org.springframework.web.servlet.mvc.method.AbstractHandlerMethodAdapter.handle(AbstractHandlerMethodAdapter.java:87)
	at org.springframework.web.servlet.DispatcherServlet.doDispatch(DispatcherServlet.java:1088)
	at org.springframework.web.servlet.DispatcherServlet.doService(DispatcherServlet.java:978)
	at org.springframework.web.servlet.FrameworkServlet.processRequest(FrameworkServlet.java:1014)
	at org.springframework.web.servlet.FrameworkServlet.doGet(FrameworkServlet.java:903)
	at jakarta.servlet.http.HttpServlet.service(HttpServlet.java:564)
	at org.springframework.web.servlet.FrameworkServlet.service(FrameworkServlet.java:885)
	at jakarta.servlet.http.HttpServlet.service(HttpServlet.java:658)
	at org.apache.catalina.core.ApplicationFilterChain.internalDoFilter(ApplicationFilterChain.java:195)
	at org.apache.catalina.core.ApplicationFilterChain.doFilter(ApplicationFilterChain.java:140)
	at org.apache.tomcat.websocket.server.WsFilter.doFilter(WsFilter.java:51)
	at org.apache.catalina.core.ApplicationFilterChain.internalDoFilter(ApplicationFilterChain.java:164)
	at org.apache.catalina.core.ApplicationFilterChain.doFilter(ApplicationFilterChain.java:140)
	at org.springframework.web.filter.RequestContextFilter.doFilterInternal(RequestContextFilter.java:100)
	at org.springframework.web.filter.OncePerRequestFilter.doFilter(OncePerRequestFilter.java:116)
	at org.apache.catalina.core.ApplicationFilterChain.internalDoFilter(ApplicationFilterChain.java:164)
	at org.apache.catalina.core.ApplicationFilterChain.doFilter(ApplicationFilterChain.java:140)
	at org.springframework.web.filter.FormContentFilter.doFilterInternal(FormContentFilter.java:93)
	at org.springframework.web.filter.OncePerRequestFilter.doFilter(OncePerRequestFilter.java:116)
	at org.apache.catalina.core.ApplicationFilterChain.internalDoFilter(ApplicationFilterChain.java:164)
	at org.apache.catalina.core.ApplicationFilterChain.doFilter(ApplicationFilterChain.java:140)
	at org.springframework.web.filter.CharacterEncodingFilter.doFilterInternal(CharacterEncodingFilter.java:201)
	at org.springframework.web.filter.OncePerRequestFilter.doFilter(OncePerRequestFilter.java:116)
	at org.apache.catalina.core.ApplicationFilterChain.internalDoFilter(ApplicationFilterChain.java:164)
	at org.apache.catalina.core.ApplicationFilterChain.doFilter(ApplicationFilterChain.java:140)
	at org.apache.catalina.core.StandardWrapperValve.invoke(StandardWrapperValve.java:167)
	at org.apache.catalina.core.StandardContextValve.invoke(StandardContextValve.java:90)
	at org.apache.catalina.authenticator.AuthenticatorBase.invoke(AuthenticatorBase.java:483)
	at org.apache.catalina.core.StandardHostValve.invoke(StandardHostValve.java:115)
	at org.apache.catalina.valves.ErrorReportValve.invoke(ErrorReportValve.java:93)
	at org.apache.catalina.core.StandardEngineValve.invoke(StandardEngineValve.java:74)
	at org.apache.catalina.connector.CoyoteAdapter.service(CoyoteAdapter.java:344)
	at org.apache.coyote.http11.Http11Processor.service(Http11Processor.java:397)
	at org.apache.coyote.AbstractProcessorLight.process(AbstractProcessorLight.java:63)
	at org.apache.coyote.AbstractProtocol$ConnectionHandler.process(AbstractProtocol.java:905)
	at org.apache.tomcat.util.net.NioEndpoint$SocketProcessor.doRun(NioEndpoint.java:1741)
	at org.apache.tomcat.util.net.SocketProcessorBase.run(SocketProcessorBase.java:52)
	at org.apache.tomcat.util.threads.ThreadPoolExecutor.runWorker(ThreadPoolExecutor.java:1190)
	at org.apache.tomcat.util.threads.ThreadPoolExecutor$Worker.run(ThreadPoolExecutor.java:659)
	at org.apache.tomcat.util.threads.TaskThread$WrappingRunnable.run(TaskThread.java:63)
	at java.base/java.lang.Thread.run(Thread.java:842)
2025-01-07 17:11:30 [RMI TCP Connection(10)-127.0.0.1] INFO  o.s.b.a.SpringApplicationAdminMXBeanRegistrar$SpringApplicationAdmin - Application shutdown requested.
2025-01-07 17:11:30 [RMI TCP Connection(10)-127.0.0.1] INFO  o.s.b.w.e.tomcat.GracefulShutdown - Commencing graceful shutdown. Waiting for active requests to complete
2025-01-07 17:11:30 [tomcat-shutdown] INFO  o.a.coyote.http11.Http11NioProtocol - Pausing ProtocolHandler ["http-nio-8080"]
2025-01-07 17:11:30 [tomcat-shutdown] INFO  o.s.b.w.e.tomcat.GracefulShutdown - Graceful shutdown complete
2025-01-07 17:11:30 [RMI TCP Connection(10)-127.0.0.1] INFO  o.a.coyote.http11.Http11NioProtocol - Stopping ProtocolHandler ["http-nio-8080"]
2025-01-07 17:11:30 [RMI TCP Connection(10)-127.0.0.1] INFO  com.zaxxer.hikari.HikariDataSource - HikariPool-1 - Shutdown initiated...
2025-01-07 17:11:30 [RMI TCP Connection(10)-127.0.0.1] INFO  com.zaxxer.hikari.HikariDataSource - HikariPool-1 - Shutdown completed.
2025-01-07 17:11:38 [restartedMain] INFO  c.s.devspring.DevspringApplication - Starting DevspringApplication using Java 17.0.12 with PID 15640 (D:\Spring\sts-4.4\workspace\devspring\bin\main started by aatjx in D:\Spring\sts-4.4\workspace\devspring)
2025-01-07 17:11:38 [restartedMain] INFO  c.s.devspring.DevspringApplication - No active profile set, falling back to 1 default profile: "default"
2025-01-07 17:11:38 [restartedMain] INFO  o.s.b.d.e.DevToolsPropertyDefaultsPostProcessor - Devtools property defaults active! Set 'spring.devtools.add-properties' to 'false' to disable
2025-01-07 17:11:38 [restartedMain] INFO  o.s.b.d.e.DevToolsPropertyDefaultsPostProcessor - For additional web related logging consider setting the 'logging.level.web' property to 'DEBUG'
2025-01-07 17:11:39 [restartedMain] DEBUG o.apache.ibatis.logging.LogFactory - Logging initialized using 'class org.apache.ibatis.logging.slf4j.Slf4jImpl' adapter.
2025-01-07 17:11:39 [restartedMain] DEBUG o.m.s.mapper.ClassPathMapperScanner - Identified candidate component class: file [D:\Spring\sts-4.4\workspace\devspring\bin\main\com\spring\devspring\mapper\BoardMapper.class]
2025-01-07 17:11:39 [restartedMain] DEBUG o.m.s.mapper.ClassPathMapperScanner - Identified candidate component class: file [D:\Spring\sts-4.4\workspace\devspring\bin\main\com\spring\devspring\mapper\CommonMapper.class]
2025-01-07 17:11:39 [restartedMain] DEBUG o.m.s.mapper.ClassPathMapperScanner - Creating MapperFactoryBean with name 'boardMapper' and 'com.spring.devspring.mapper.BoardMapper' mapperInterface
2025-01-07 17:11:39 [restartedMain] DEBUG o.m.s.mapper.ClassPathMapperScanner - Creating MapperFactoryBean with name 'commonMapper' and 'com.spring.devspring.mapper.CommonMapper' mapperInterface
2025-01-07 17:11:39 [restartedMain] INFO  o.s.b.w.e.tomcat.TomcatWebServer - Tomcat initialized with port 8080 (http)
2025-01-07 17:11:39 [restartedMain] INFO  o.a.coyote.http11.Http11NioProtocol - Initializing ProtocolHandler ["http-nio-8080"]
2025-01-07 17:11:39 [restartedMain] INFO  o.a.catalina.core.StandardService - Starting service [Tomcat]
2025-01-07 17:11:39 [restartedMain] INFO  o.a.catalina.core.StandardEngine - Starting Servlet engine: [Apache Tomcat/10.1.34]
2025-01-07 17:11:39 [restartedMain] INFO  o.a.c.c.C.[Tomcat].[localhost].[/] - Initializing Spring embedded WebApplicationContext
2025-01-07 17:11:39 [restartedMain] INFO  o.s.b.w.s.c.ServletWebServerApplicationContext - Root WebApplicationContext: initialization completed in 636 ms
2025-01-07 17:11:39 [restartedMain] DEBUG o.m.spring.SqlSessionFactoryBean - Property 'configuration' or 'configLocation' not specified, using default MyBatis Configuration
2025-01-07 17:11:39 [restartedMain] DEBUG o.m.spring.SqlSessionFactoryBean - Parsed mapper file: 'file [D:\Spring\sts-4.4\workspace\devspring\bin\main\static\mapper\BoardMapper.xml]'
2025-01-07 17:11:39 [restartedMain] DEBUG o.m.spring.SqlSessionFactoryBean - Parsed mapper file: 'file [D:\Spring\sts-4.4\workspace\devspring\bin\main\static\mapper\CommonMapper.xml]'
2025-01-07 17:11:39 [restartedMain] INFO  o.s.b.d.a.OptionalLiveReloadServer - LiveReload server is running on port 35729
2025-01-07 17:11:39 [restartedMain] INFO  o.a.coyote.http11.Http11NioProtocol - Starting ProtocolHandler ["http-nio-8080"]
2025-01-07 17:11:39 [restartedMain] INFO  o.s.b.w.e.tomcat.TomcatWebServer - Tomcat started on port 8080 (http) with context path '/'
2025-01-07 17:11:39 [restartedMain] INFO  c.s.devspring.DevspringApplication - Started DevspringApplication in 1.43 seconds (process running for 1.827)
2025-01-07 17:11:42 [http-nio-8080-exec-1] INFO  o.a.c.c.C.[Tomcat].[localhost].[/] - Initializing Spring DispatcherServlet 'dispatcherServlet'
2025-01-07 17:11:42 [http-nio-8080-exec-1] INFO  o.s.web.servlet.DispatcherServlet - Initializing Servlet 'dispatcherServlet'
2025-01-07 17:11:42 [http-nio-8080-exec-1] INFO  o.s.web.servlet.DispatcherServlet - Completed initialization in 0 ms
2025-01-07 17:11:42 [http-nio-8080-exec-1] WARN  o.t.s.p.AbstractStandardFragmentInsertionTagProcessor - [THYMELEAF][http-nio-8080-exec-1][common/layout/layout] Deprecated unwrapped fragment expression "common/fragments/header::header" found in template common/layout/layout, line 29, col 10. Please use the complete syntax of fragment expressions instead ("~{common/fragments/header::header}"). The old, unwrapped syntax for fragment expressions will be removed in future versions of Thymeleaf.
2025-01-07 17:11:42 [http-nio-8080-exec-1] WARN  o.t.s.p.AbstractStandardFragmentInsertionTagProcessor - [THYMELEAF][http-nio-8080-exec-1][common/layout/layout] Deprecated unwrapped fragment expression "common/fragments/footer::footer" found in template common/layout/layout, line 33, col 10. Please use the complete syntax of fragment expressions instead ("~{common/fragments/footer::footer}"). The old, unwrapped syntax for fragment expressions will be removed in future versions of Thymeleaf.
2025-01-07 17:11:42 [http-nio-8080-exec-10] DEBUG org.mybatis.spring.SqlSessionUtils - Creating a new SqlSession
2025-01-07 17:11:42 [http-nio-8080-exec-10] DEBUG org.mybatis.spring.SqlSessionUtils - SqlSession [org.apache.ibatis.session.defaults.DefaultSqlSession@3ac74f68] was not registered for synchronization because synchronization is not active
2025-01-07 17:11:42 [http-nio-8080-exec-10] INFO  com.zaxxer.hikari.HikariDataSource - HikariPool-1 - Starting...
2025-01-07 17:11:43 [http-nio-8080-exec-10] INFO  com.zaxxer.hikari.pool.HikariPool - HikariPool-1 - Added connection com.mysql.cj.jdbc.ConnectionImpl@5a49dc13
2025-01-07 17:11:43 [http-nio-8080-exec-10] INFO  com.zaxxer.hikari.HikariDataSource - HikariPool-1 - Start completed.
2025-01-07 17:11:43 [http-nio-8080-exec-10] DEBUG o.m.s.t.SpringManagedTransaction - JDBC Connection [HikariProxyConnection@1763466128 wrapping com.mysql.cj.jdbc.ConnectionImpl@5a49dc13] will not be managed by Spring
2025-01-07 17:11:43 [http-nio-8080-exec-10] DEBUG c.s.d.m.CommonMapper.selectLnbList - ==>  Preparing: SELECT CT_LNB_IDX AS ctLnbIdx, CT_LNB_ID AS ctLnbId, CT_LNB_NAME AS ctLnbName, CT_LNB_SUB_YN AS ctLnbSubYn, CT_LNB_URL AS ctLnbUrl, CT_LNB_USE_YN AS ctLnbUseYn FROM CT_LNB WHERE CT_LNB_USE_YN = 'Y' ORDER BY CT_LNB_IDX
2025-01-07 17:11:43 [http-nio-8080-exec-10] DEBUG c.s.d.m.CommonMapper.selectLnbList - ==> Parameters: 
2025-01-07 17:11:43 [http-nio-8080-exec-10] DEBUG c.s.d.m.CommonMapper.selectLnbList - <==      Total: 4
2025-01-07 17:11:43 [http-nio-8080-exec-10] DEBUG org.mybatis.spring.SqlSessionUtils - Closing non transactional SqlSession [org.apache.ibatis.session.defaults.DefaultSqlSession@3ac74f68]
2025-01-07 17:11:43 [http-nio-8080-exec-1] DEBUG org.mybatis.spring.SqlSessionUtils - Creating a new SqlSession
2025-01-07 17:11:43 [http-nio-8080-exec-1] DEBUG org.mybatis.spring.SqlSessionUtils - SqlSession [org.apache.ibatis.session.defaults.DefaultSqlSession@541ba089] was not registered for synchronization because synchronization is not active
2025-01-07 17:11:43 [http-nio-8080-exec-1] DEBUG o.m.s.t.SpringManagedTransaction - JDBC Connection [HikariProxyConnection@903102954 wrapping com.mysql.cj.jdbc.ConnectionImpl@5a49dc13] will not be managed by Spring
2025-01-07 17:11:43 [http-nio-8080-exec-1] DEBUG c.s.d.m.CommonMapper.selectLnbList - ==>  Preparing: SELECT CT_LNB_IDX AS ctLnbIdx, CT_LNB_ID AS ctLnbId, CT_LNB_NAME AS ctLnbName, CT_LNB_SUB_YN AS ctLnbSubYn, CT_LNB_URL AS ctLnbUrl, CT_LNB_USE_YN AS ctLnbUseYn FROM CT_LNB WHERE CT_LNB_USE_YN = 'Y' ORDER BY CT_LNB_IDX
2025-01-07 17:11:43 [http-nio-8080-exec-1] DEBUG c.s.d.m.CommonMapper.selectLnbList - ==> Parameters: 
2025-01-07 17:11:43 [http-nio-8080-exec-1] DEBUG c.s.d.m.CommonMapper.selectLnbList - <==      Total: 4
2025-01-07 17:11:43 [http-nio-8080-exec-1] DEBUG org.mybatis.spring.SqlSessionUtils - Closing non transactional SqlSession [org.apache.ibatis.session.defaults.DefaultSqlSession@541ba089]
2025-01-07 17:11:43 [http-nio-8080-exec-2] DEBUG org.mybatis.spring.SqlSessionUtils - Creating a new SqlSession
2025-01-07 17:11:43 [http-nio-8080-exec-4] DEBUG org.mybatis.spring.SqlSessionUtils - Creating a new SqlSession
2025-01-07 17:11:43 [http-nio-8080-exec-7] DEBUG org.mybatis.spring.SqlSessionUtils - Creating a new SqlSession
2025-01-07 17:11:43 [http-nio-8080-exec-2] DEBUG org.mybatis.spring.SqlSessionUtils - SqlSession [org.apache.ibatis.session.defaults.DefaultSqlSession@38ba59e3] was not registered for synchronization because synchronization is not active
2025-01-07 17:11:43 [http-nio-8080-exec-4] DEBUG org.mybatis.spring.SqlSessionUtils - SqlSession [org.apache.ibatis.session.defaults.DefaultSqlSession@3faa3c87] was not registered for synchronization because synchronization is not active
2025-01-07 17:11:43 [http-nio-8080-exec-7] DEBUG org.mybatis.spring.SqlSessionUtils - SqlSession [org.apache.ibatis.session.defaults.DefaultSqlSession@7e2b3137] was not registered for synchronization because synchronization is not active
2025-01-07 17:11:43 [http-nio-8080-exec-4] DEBUG o.m.s.t.SpringManagedTransaction - JDBC Connection [HikariProxyConnection@1756588653 wrapping com.mysql.cj.jdbc.ConnectionImpl@5a49dc13] will not be managed by Spring
2025-01-07 17:11:43 [http-nio-8080-exec-4] DEBUG c.s.d.m.C.selectLnbSubList - ==>  Preparing: SELECT CT_LNB_SUB_IDX AS ctLnbSubIdx, CT_LNB_ID AS ctLnbId, CT_LNB_SUB_ID AS ctLnbSubId, CT_LNB_SUB_NAME AS ctLnbSubName, CT_LNB_SUB_URL AS ctLnbSubUrl FROM CT_LNB_SUB WHERE CT_LNB_ID = ? ORDER BY CT_LNB_SUB_IDX
2025-01-07 17:11:43 [http-nio-8080-exec-4] DEBUG c.s.d.m.C.selectLnbSubList - ==> Parameters: CT_LNB_CONTACT(String)
2025-01-07 17:11:43 [http-nio-8080-exec-4] DEBUG c.s.d.m.C.selectLnbSubList - <==      Total: 2
2025-01-07 17:11:43 [http-nio-8080-exec-4] DEBUG org.mybatis.spring.SqlSessionUtils - Closing non transactional SqlSession [org.apache.ibatis.session.defaults.DefaultSqlSession@3faa3c87]
2025-01-07 17:11:43 [http-nio-8080-exec-2] DEBUG o.m.s.t.SpringManagedTransaction - JDBC Connection [HikariProxyConnection@657816964 wrapping com.mysql.cj.jdbc.ConnectionImpl@5a49dc13] will not be managed by Spring
2025-01-07 17:11:43 [http-nio-8080-exec-2] DEBUG c.s.d.m.C.selectLnbSubList - ==>  Preparing: SELECT CT_LNB_SUB_IDX AS ctLnbSubIdx, CT_LNB_ID AS ctLnbId, CT_LNB_SUB_ID AS ctLnbSubId, CT_LNB_SUB_NAME AS ctLnbSubName, CT_LNB_SUB_URL AS ctLnbSubUrl FROM CT_LNB_SUB WHERE CT_LNB_ID = ? ORDER BY CT_LNB_SUB_IDX
2025-01-07 17:11:43 [http-nio-8080-exec-2] DEBUG c.s.d.m.C.selectLnbSubList - ==> Parameters: CT_LNB_SERVICE(String)
2025-01-07 17:11:43 [http-nio-8080-exec-2] DEBUG c.s.d.m.C.selectLnbSubList - <==      Total: 4
2025-01-07 17:11:43 [http-nio-8080-exec-2] DEBUG org.mybatis.spring.SqlSessionUtils - Closing non transactional SqlSession [org.apache.ibatis.session.defaults.DefaultSqlSession@38ba59e3]
2025-01-07 17:11:43 [http-nio-8080-exec-7] DEBUG o.m.s.t.SpringManagedTransaction - JDBC Connection [HikariProxyConnection@1912495045 wrapping com.mysql.cj.jdbc.ConnectionImpl@5a49dc13] will not be managed by Spring
2025-01-07 17:11:43 [http-nio-8080-exec-7] DEBUG c.s.d.m.C.selectLnbSubList - ==>  Preparing: SELECT CT_LNB_SUB_IDX AS ctLnbSubIdx, CT_LNB_ID AS ctLnbId, CT_LNB_SUB_ID AS ctLnbSubId, CT_LNB_SUB_NAME AS ctLnbSubName, CT_LNB_SUB_URL AS ctLnbSubUrl FROM CT_LNB_SUB WHERE CT_LNB_ID = ? ORDER BY CT_LNB_SUB_IDX
2025-01-07 17:11:43 [http-nio-8080-exec-7] DEBUG c.s.d.m.C.selectLnbSubList - ==> Parameters: CT_LNB_INFORMATION(String)
2025-01-07 17:11:43 [http-nio-8080-exec-6] DEBUG org.mybatis.spring.SqlSessionUtils - Creating a new SqlSession
2025-01-07 17:11:43 [http-nio-8080-exec-6] DEBUG org.mybatis.spring.SqlSessionUtils - SqlSession [org.apache.ibatis.session.defaults.DefaultSqlSession@3cb9eef7] was not registered for synchronization because synchronization is not active
2025-01-07 17:11:43 [http-nio-8080-exec-7] DEBUG c.s.d.m.C.selectLnbSubList - <==      Total: 2
2025-01-07 17:11:43 [http-nio-8080-exec-7] DEBUG org.mybatis.spring.SqlSessionUtils - Closing non transactional SqlSession [org.apache.ibatis.session.defaults.DefaultSqlSession@7e2b3137]
2025-01-07 17:11:43 [http-nio-8080-exec-6] DEBUG o.m.s.t.SpringManagedTransaction - JDBC Connection [HikariProxyConnection@1742274821 wrapping com.mysql.cj.jdbc.ConnectionImpl@5a49dc13] will not be managed by Spring
2025-01-07 17:11:43 [http-nio-8080-exec-6] DEBUG c.s.d.m.C.selectLnbSubList - ==>  Preparing: SELECT CT_LNB_SUB_IDX AS ctLnbSubIdx, CT_LNB_ID AS ctLnbId, CT_LNB_SUB_ID AS ctLnbSubId, CT_LNB_SUB_NAME AS ctLnbSubName, CT_LNB_SUB_URL AS ctLnbSubUrl FROM CT_LNB_SUB WHERE CT_LNB_ID = ? ORDER BY CT_LNB_SUB_IDX
2025-01-07 17:11:43 [http-nio-8080-exec-3] DEBUG org.mybatis.spring.SqlSessionUtils - Creating a new SqlSession
2025-01-07 17:11:43 [http-nio-8080-exec-3] DEBUG org.mybatis.spring.SqlSessionUtils - SqlSession [org.apache.ibatis.session.defaults.DefaultSqlSession@1700d46d] was not registered for synchronization because synchronization is not active
2025-01-07 17:11:43 [http-nio-8080-exec-6] DEBUG c.s.d.m.C.selectLnbSubList - ==> Parameters: CT_LNB_CONTACT(String)
2025-01-07 17:11:43 [http-nio-8080-exec-6] DEBUG c.s.d.m.C.selectLnbSubList - <==      Total: 2
2025-01-07 17:11:43 [http-nio-8080-exec-6] DEBUG org.mybatis.spring.SqlSessionUtils - Closing non transactional SqlSession [org.apache.ibatis.session.defaults.DefaultSqlSession@3cb9eef7]
2025-01-07 17:11:43 [http-nio-8080-exec-3] DEBUG o.m.s.t.SpringManagedTransaction - JDBC Connection [HikariProxyConnection@2002499251 wrapping com.mysql.cj.jdbc.ConnectionImpl@5a49dc13] will not be managed by Spring
2025-01-07 17:11:43 [http-nio-8080-exec-3] DEBUG c.s.d.m.C.selectLnbSubList - ==>  Preparing: SELECT CT_LNB_SUB_IDX AS ctLnbSubIdx, CT_LNB_ID AS ctLnbId, CT_LNB_SUB_ID AS ctLnbSubId, CT_LNB_SUB_NAME AS ctLnbSubName, CT_LNB_SUB_URL AS ctLnbSubUrl FROM CT_LNB_SUB WHERE CT_LNB_ID = ? ORDER BY CT_LNB_SUB_IDX
2025-01-07 17:11:43 [http-nio-8080-exec-5] DEBUG org.mybatis.spring.SqlSessionUtils - Creating a new SqlSession
2025-01-07 17:11:43 [http-nio-8080-exec-5] DEBUG org.mybatis.spring.SqlSessionUtils - SqlSession [org.apache.ibatis.session.defaults.DefaultSqlSession@1a7e82b4] was not registered for synchronization because synchronization is not active
2025-01-07 17:11:43 [http-nio-8080-exec-3] DEBUG c.s.d.m.C.selectLnbSubList - ==> Parameters: CT_LNB_SERVICE(String)
2025-01-07 17:11:43 [http-nio-8080-exec-3] DEBUG c.s.d.m.C.selectLnbSubList - <==      Total: 4
2025-01-07 17:11:43 [http-nio-8080-exec-3] DEBUG org.mybatis.spring.SqlSessionUtils - Closing non transactional SqlSession [org.apache.ibatis.session.defaults.DefaultSqlSession@1700d46d]
2025-01-07 17:11:43 [http-nio-8080-exec-5] DEBUG o.m.s.t.SpringManagedTransaction - JDBC Connection [HikariProxyConnection@1778428787 wrapping com.mysql.cj.jdbc.ConnectionImpl@5a49dc13] will not be managed by Spring
2025-01-07 17:11:43 [http-nio-8080-exec-5] DEBUG c.s.d.m.C.selectLnbSubList - ==>  Preparing: SELECT CT_LNB_SUB_IDX AS ctLnbSubIdx, CT_LNB_ID AS ctLnbId, CT_LNB_SUB_ID AS ctLnbSubId, CT_LNB_SUB_NAME AS ctLnbSubName, CT_LNB_SUB_URL AS ctLnbSubUrl FROM CT_LNB_SUB WHERE CT_LNB_ID = ? ORDER BY CT_LNB_SUB_IDX
2025-01-07 17:11:43 [http-nio-8080-exec-5] DEBUG c.s.d.m.C.selectLnbSubList - ==> Parameters: CT_LNB_INFORMATION(String)
2025-01-07 17:11:43 [http-nio-8080-exec-5] DEBUG c.s.d.m.C.selectLnbSubList - <==      Total: 2
2025-01-07 17:11:43 [http-nio-8080-exec-5] DEBUG org.mybatis.spring.SqlSessionUtils - Closing non transactional SqlSession [org.apache.ibatis.session.defaults.DefaultSqlSession@1a7e82b4]
2025-01-07 17:11:45 [http-nio-8080-exec-9] WARN  o.t.s.p.AbstractStandardFragmentInsertionTagProcessor - [THYMELEAF][http-nio-8080-exec-9][common/layout/layout] Deprecated unwrapped fragment expression "common/fragments/header::header" found in template common/layout/layout, line 29, col 10. Please use the complete syntax of fragment expressions instead ("~{common/fragments/header::header}"). The old, unwrapped syntax for fragment expressions will be removed in future versions of Thymeleaf.
2025-01-07 17:11:45 [http-nio-8080-exec-9] WARN  o.t.s.p.AbstractStandardFragmentInsertionTagProcessor - [THYMELEAF][http-nio-8080-exec-9][common/layout/layout] Deprecated unwrapped fragment expression "common/fragments/footer::footer" found in template common/layout/layout, line 33, col 10. Please use the complete syntax of fragment expressions instead ("~{common/fragments/footer::footer}"). The old, unwrapped syntax for fragment expressions will be removed in future versions of Thymeleaf.
2025-01-07 17:11:45 [http-nio-8080-exec-5] DEBUG org.mybatis.spring.SqlSessionUtils - Creating a new SqlSession
2025-01-07 17:11:45 [http-nio-8080-exec-5] DEBUG org.mybatis.spring.SqlSessionUtils - SqlSession [org.apache.ibatis.session.defaults.DefaultSqlSession@1593296c] was not registered for synchronization because synchronization is not active
2025-01-07 17:11:45 [http-nio-8080-exec-5] DEBUG o.m.s.t.SpringManagedTransaction - JDBC Connection [HikariProxyConnection@1052365489 wrapping com.mysql.cj.jdbc.ConnectionImpl@5a49dc13] will not be managed by Spring
2025-01-07 17:11:45 [http-nio-8080-exec-5] DEBUG c.s.d.m.CommonMapper.selectLnbList - ==>  Preparing: SELECT CT_LNB_IDX AS ctLnbIdx, CT_LNB_ID AS ctLnbId, CT_LNB_NAME AS ctLnbName, CT_LNB_SUB_YN AS ctLnbSubYn, CT_LNB_URL AS ctLnbUrl, CT_LNB_USE_YN AS ctLnbUseYn FROM CT_LNB WHERE CT_LNB_USE_YN = 'Y' ORDER BY CT_LNB_IDX
2025-01-07 17:11:45 [http-nio-8080-exec-5] DEBUG c.s.d.m.CommonMapper.selectLnbList - ==> Parameters: 
2025-01-07 17:11:45 [http-nio-8080-exec-5] DEBUG c.s.d.m.CommonMapper.selectLnbList - <==      Total: 4
2025-01-07 17:11:45 [http-nio-8080-exec-5] DEBUG org.mybatis.spring.SqlSessionUtils - Closing non transactional SqlSession [org.apache.ibatis.session.defaults.DefaultSqlSession@1593296c]
2025-01-07 17:11:45 [http-nio-8080-exec-9] DEBUG org.mybatis.spring.SqlSessionUtils - Creating a new SqlSession
2025-01-07 17:11:45 [http-nio-8080-exec-9] DEBUG org.mybatis.spring.SqlSessionUtils - SqlSession [org.apache.ibatis.session.defaults.DefaultSqlSession@50e2f1e] was not registered for synchronization because synchronization is not active
2025-01-07 17:11:45 [http-nio-8080-exec-9] DEBUG o.m.s.t.SpringManagedTransaction - JDBC Connection [HikariProxyConnection@1125358037 wrapping com.mysql.cj.jdbc.ConnectionImpl@5a49dc13] will not be managed by Spring
2025-01-07 17:11:45 [http-nio-8080-exec-9] DEBUG c.s.d.m.CommonMapper.selectLnbList - ==>  Preparing: SELECT CT_LNB_IDX AS ctLnbIdx, CT_LNB_ID AS ctLnbId, CT_LNB_NAME AS ctLnbName, CT_LNB_SUB_YN AS ctLnbSubYn, CT_LNB_URL AS ctLnbUrl, CT_LNB_USE_YN AS ctLnbUseYn FROM CT_LNB WHERE CT_LNB_USE_YN = 'Y' ORDER BY CT_LNB_IDX
2025-01-07 17:11:45 [http-nio-8080-exec-9] DEBUG c.s.d.m.CommonMapper.selectLnbList - ==> Parameters: 
2025-01-07 17:11:45 [http-nio-8080-exec-9] DEBUG c.s.d.m.CommonMapper.selectLnbList - <==      Total: 4
2025-01-07 17:11:45 [http-nio-8080-exec-9] DEBUG org.mybatis.spring.SqlSessionUtils - Closing non transactional SqlSession [org.apache.ibatis.session.defaults.DefaultSqlSession@50e2f1e]
2025-01-07 17:11:45 [http-nio-8080-exec-1] DEBUG org.mybatis.spring.SqlSessionUtils - Creating a new SqlSession
2025-01-07 17:11:45 [http-nio-8080-exec-8] DEBUG org.mybatis.spring.SqlSessionUtils - Creating a new SqlSession
2025-01-07 17:11:45 [http-nio-8080-exec-7] DEBUG org.mybatis.spring.SqlSessionUtils - Creating a new SqlSession
2025-01-07 17:11:45 [http-nio-8080-exec-1] DEBUG org.mybatis.spring.SqlSessionUtils - SqlSession [org.apache.ibatis.session.defaults.DefaultSqlSession@31fbd011] was not registered for synchronization because synchronization is not active
2025-01-07 17:11:45 [http-nio-8080-exec-8] DEBUG org.mybatis.spring.SqlSessionUtils - SqlSession [org.apache.ibatis.session.defaults.DefaultSqlSession@57d59897] was not registered for synchronization because synchronization is not active
2025-01-07 17:11:45 [http-nio-8080-exec-7] DEBUG org.mybatis.spring.SqlSessionUtils - SqlSession [org.apache.ibatis.session.defaults.DefaultSqlSession@128a44da] was not registered for synchronization because synchronization is not active
2025-01-07 17:11:45 [http-nio-8080-exec-1] DEBUG o.m.s.t.SpringManagedTransaction - JDBC Connection [HikariProxyConnection@649530581 wrapping com.mysql.cj.jdbc.ConnectionImpl@5a49dc13] will not be managed by Spring
2025-01-07 17:11:45 [http-nio-8080-exec-1] DEBUG c.s.d.m.C.selectLnbSubList - ==>  Preparing: SELECT CT_LNB_SUB_IDX AS ctLnbSubIdx, CT_LNB_ID AS ctLnbId, CT_LNB_SUB_ID AS ctLnbSubId, CT_LNB_SUB_NAME AS ctLnbSubName, CT_LNB_SUB_URL AS ctLnbSubUrl FROM CT_LNB_SUB WHERE CT_LNB_ID = ? ORDER BY CT_LNB_SUB_IDX
2025-01-07 17:11:45 [http-nio-8080-exec-1] DEBUG c.s.d.m.C.selectLnbSubList - ==> Parameters: CT_LNB_CONTACT(String)
2025-01-07 17:11:45 [http-nio-8080-exec-7] DEBUG o.m.s.t.SpringManagedTransaction - JDBC Connection [HikariProxyConnection@1811411724 wrapping com.mysql.cj.jdbc.ConnectionImpl@284d3266] will not be managed by Spring
2025-01-07 17:11:45 [http-nio-8080-exec-8] DEBUG o.m.s.t.SpringManagedTransaction - JDBC Connection [HikariProxyConnection@316087305 wrapping com.mysql.cj.jdbc.ConnectionImpl@20d7677f] will not be managed by Spring
2025-01-07 17:11:45 [http-nio-8080-exec-7] DEBUG c.s.d.m.C.selectLnbSubList - ==>  Preparing: SELECT CT_LNB_SUB_IDX AS ctLnbSubIdx, CT_LNB_ID AS ctLnbId, CT_LNB_SUB_ID AS ctLnbSubId, CT_LNB_SUB_NAME AS ctLnbSubName, CT_LNB_SUB_URL AS ctLnbSubUrl FROM CT_LNB_SUB WHERE CT_LNB_ID = ? ORDER BY CT_LNB_SUB_IDX
2025-01-07 17:11:45 [http-nio-8080-exec-8] DEBUG c.s.d.m.C.selectLnbSubList - ==>  Preparing: SELECT CT_LNB_SUB_IDX AS ctLnbSubIdx, CT_LNB_ID AS ctLnbId, CT_LNB_SUB_ID AS ctLnbSubId, CT_LNB_SUB_NAME AS ctLnbSubName, CT_LNB_SUB_URL AS ctLnbSubUrl FROM CT_LNB_SUB WHERE CT_LNB_ID = ? ORDER BY CT_LNB_SUB_IDX
2025-01-07 17:11:45 [http-nio-8080-exec-8] DEBUG c.s.d.m.C.selectLnbSubList - ==> Parameters: CT_LNB_INFORMATION(String)
2025-01-07 17:11:45 [http-nio-8080-exec-7] DEBUG c.s.d.m.C.selectLnbSubList - ==> Parameters: CT_LNB_SERVICE(String)
2025-01-07 17:11:45 [http-nio-8080-exec-1] DEBUG c.s.d.m.C.selectLnbSubList - <==      Total: 2
2025-01-07 17:11:45 [http-nio-8080-exec-8] DEBUG c.s.d.m.C.selectLnbSubList - <==      Total: 2
2025-01-07 17:11:45 [http-nio-8080-exec-1] DEBUG org.mybatis.spring.SqlSessionUtils - Closing non transactional SqlSession [org.apache.ibatis.session.defaults.DefaultSqlSession@31fbd011]
2025-01-07 17:11:45 [http-nio-8080-exec-8] DEBUG org.mybatis.spring.SqlSessionUtils - Closing non transactional SqlSession [org.apache.ibatis.session.defaults.DefaultSqlSession@57d59897]
2025-01-07 17:11:45 [http-nio-8080-exec-7] DEBUG c.s.d.m.C.selectLnbSubList - <==      Total: 4
2025-01-07 17:11:45 [http-nio-8080-exec-7] DEBUG org.mybatis.spring.SqlSessionUtils - Closing non transactional SqlSession [org.apache.ibatis.session.defaults.DefaultSqlSession@128a44da]
2025-01-07 17:11:45 [http-nio-8080-exec-2] DEBUG org.mybatis.spring.SqlSessionUtils - Creating a new SqlSession
2025-01-07 17:11:45 [http-nio-8080-exec-10] DEBUG org.mybatis.spring.SqlSessionUtils - Creating a new SqlSession
2025-01-07 17:11:45 [http-nio-8080-exec-4] DEBUG org.mybatis.spring.SqlSessionUtils - Creating a new SqlSession
2025-01-07 17:11:45 [http-nio-8080-exec-2] DEBUG org.mybatis.spring.SqlSessionUtils - SqlSession [org.apache.ibatis.session.defaults.DefaultSqlSession@abc2a9f] was not registered for synchronization because synchronization is not active
2025-01-07 17:11:45 [http-nio-8080-exec-10] DEBUG org.mybatis.spring.SqlSessionUtils - SqlSession [org.apache.ibatis.session.defaults.DefaultSqlSession@3a80e486] was not registered for synchronization because synchronization is not active
2025-01-07 17:11:45 [http-nio-8080-exec-4] DEBUG org.mybatis.spring.SqlSessionUtils - SqlSession [org.apache.ibatis.session.defaults.DefaultSqlSession@1ab1468a] was not registered for synchronization because synchronization is not active
2025-01-07 17:11:45 [http-nio-8080-exec-10] DEBUG o.m.s.t.SpringManagedTransaction - JDBC Connection [HikariProxyConnection@57481432 wrapping com.mysql.cj.jdbc.ConnectionImpl@284d3266] will not be managed by Spring
2025-01-07 17:11:45 [http-nio-8080-exec-2] DEBUG o.m.s.t.SpringManagedTransaction - JDBC Connection [HikariProxyConnection@2061960300 wrapping com.mysql.cj.jdbc.ConnectionImpl@5a49dc13] will not be managed by Spring
2025-01-07 17:11:45 [http-nio-8080-exec-10] DEBUG c.s.d.m.C.selectLnbSubList - ==>  Preparing: SELECT CT_LNB_SUB_IDX AS ctLnbSubIdx, CT_LNB_ID AS ctLnbId, CT_LNB_SUB_ID AS ctLnbSubId, CT_LNB_SUB_NAME AS ctLnbSubName, CT_LNB_SUB_URL AS ctLnbSubUrl FROM CT_LNB_SUB WHERE CT_LNB_ID = ? ORDER BY CT_LNB_SUB_IDX
2025-01-07 17:11:45 [http-nio-8080-exec-4] DEBUG o.m.s.t.SpringManagedTransaction - JDBC Connection [HikariProxyConnection@1202322426 wrapping com.mysql.cj.jdbc.ConnectionImpl@20d7677f] will not be managed by Spring
2025-01-07 17:11:45 [http-nio-8080-exec-4] DEBUG c.s.d.m.C.selectLnbSubList - ==>  Preparing: SELECT CT_LNB_SUB_IDX AS ctLnbSubIdx, CT_LNB_ID AS ctLnbId, CT_LNB_SUB_ID AS ctLnbSubId, CT_LNB_SUB_NAME AS ctLnbSubName, CT_LNB_SUB_URL AS ctLnbSubUrl FROM CT_LNB_SUB WHERE CT_LNB_ID = ? ORDER BY CT_LNB_SUB_IDX
2025-01-07 17:11:45 [http-nio-8080-exec-2] DEBUG c.s.d.m.C.selectLnbSubList - ==>  Preparing: SELECT CT_LNB_SUB_IDX AS ctLnbSubIdx, CT_LNB_ID AS ctLnbId, CT_LNB_SUB_ID AS ctLnbSubId, CT_LNB_SUB_NAME AS ctLnbSubName, CT_LNB_SUB_URL AS ctLnbSubUrl FROM CT_LNB_SUB WHERE CT_LNB_ID = ? ORDER BY CT_LNB_SUB_IDX
2025-01-07 17:11:45 [http-nio-8080-exec-4] DEBUG c.s.d.m.C.selectLnbSubList - ==> Parameters: CT_LNB_INFORMATION(String)
2025-01-07 17:11:45 [http-nio-8080-exec-10] DEBUG c.s.d.m.C.selectLnbSubList - ==> Parameters: CT_LNB_SERVICE(String)
2025-01-07 17:11:45 [http-nio-8080-exec-2] DEBUG c.s.d.m.C.selectLnbSubList - ==> Parameters: CT_LNB_CONTACT(String)
2025-01-07 17:11:45 [http-nio-8080-exec-4] DEBUG c.s.d.m.C.selectLnbSubList - <==      Total: 2
2025-01-07 17:11:45 [http-nio-8080-exec-10] DEBUG c.s.d.m.C.selectLnbSubList - <==      Total: 4
2025-01-07 17:11:45 [http-nio-8080-exec-10] DEBUG org.mybatis.spring.SqlSessionUtils - Closing non transactional SqlSession [org.apache.ibatis.session.defaults.DefaultSqlSession@3a80e486]
2025-01-07 17:11:45 [http-nio-8080-exec-4] DEBUG org.mybatis.spring.SqlSessionUtils - Closing non transactional SqlSession [org.apache.ibatis.session.defaults.DefaultSqlSession@1ab1468a]
2025-01-07 17:11:45 [http-nio-8080-exec-2] DEBUG c.s.d.m.C.selectLnbSubList - <==      Total: 2
2025-01-07 17:11:45 [http-nio-8080-exec-2] DEBUG org.mybatis.spring.SqlSessionUtils - Closing non transactional SqlSession [org.apache.ibatis.session.defaults.DefaultSqlSession@abc2a9f]
2025-01-07 17:11:50 [http-nio-8080-exec-3] WARN  o.t.s.p.AbstractStandardFragmentInsertionTagProcessor - [THYMELEAF][http-nio-8080-exec-3][common/layout/layout] Deprecated unwrapped fragment expression "common/fragments/header::header" found in template common/layout/layout, line 29, col 10. Please use the complete syntax of fragment expressions instead ("~{common/fragments/header::header}"). The old, unwrapped syntax for fragment expressions will be removed in future versions of Thymeleaf.
2025-01-07 17:11:50 [http-nio-8080-exec-3] WARN  o.t.s.p.AbstractStandardFragmentInsertionTagProcessor - [THYMELEAF][http-nio-8080-exec-3][common/layout/layout] Deprecated unwrapped fragment expression "common/fragments/footer::footer" found in template common/layout/layout, line 33, col 10. Please use the complete syntax of fragment expressions instead ("~{common/fragments/footer::footer}"). The old, unwrapped syntax for fragment expressions will be removed in future versions of Thymeleaf.
2025-01-07 17:11:50 [http-nio-8080-exec-4] DEBUG org.mybatis.spring.SqlSessionUtils - Creating a new SqlSession
2025-01-07 17:11:50 [http-nio-8080-exec-4] DEBUG org.mybatis.spring.SqlSessionUtils - SqlSession [org.apache.ibatis.session.defaults.DefaultSqlSession@61829543] was not registered for synchronization because synchronization is not active
2025-01-07 17:11:50 [http-nio-8080-exec-4] DEBUG o.m.s.t.SpringManagedTransaction - JDBC Connection [HikariProxyConnection@635039149 wrapping com.mysql.cj.jdbc.ConnectionImpl@20d7677f] will not be managed by Spring
2025-01-07 17:11:50 [http-nio-8080-exec-4] DEBUG c.s.d.m.CommonMapper.selectLnbList - ==>  Preparing: SELECT CT_LNB_IDX AS ctLnbIdx, CT_LNB_ID AS ctLnbId, CT_LNB_NAME AS ctLnbName, CT_LNB_SUB_YN AS ctLnbSubYn, CT_LNB_URL AS ctLnbUrl, CT_LNB_USE_YN AS ctLnbUseYn FROM CT_LNB WHERE CT_LNB_USE_YN = 'Y' ORDER BY CT_LNB_IDX
2025-01-07 17:11:50 [http-nio-8080-exec-4] DEBUG c.s.d.m.CommonMapper.selectLnbList - ==> Parameters: 
2025-01-07 17:11:50 [http-nio-8080-exec-4] DEBUG c.s.d.m.CommonMapper.selectLnbList - <==      Total: 4
2025-01-07 17:11:50 [http-nio-8080-exec-4] DEBUG org.mybatis.spring.SqlSessionUtils - Closing non transactional SqlSession [org.apache.ibatis.session.defaults.DefaultSqlSession@61829543]
2025-01-07 17:11:50 [http-nio-8080-exec-2] DEBUG org.mybatis.spring.SqlSessionUtils - Creating a new SqlSession
2025-01-07 17:11:50 [http-nio-8080-exec-2] DEBUG org.mybatis.spring.SqlSessionUtils - SqlSession [org.apache.ibatis.session.defaults.DefaultSqlSession@353fb9e5] was not registered for synchronization because synchronization is not active
2025-01-07 17:11:50 [http-nio-8080-exec-2] DEBUG o.m.s.t.SpringManagedTransaction - JDBC Connection [HikariProxyConnection@133827336 wrapping com.mysql.cj.jdbc.ConnectionImpl@5a49dc13] will not be managed by Spring
2025-01-07 17:11:50 [http-nio-8080-exec-2] DEBUG c.s.d.m.CommonMapper.selectLnbList - ==>  Preparing: SELECT CT_LNB_IDX AS ctLnbIdx, CT_LNB_ID AS ctLnbId, CT_LNB_NAME AS ctLnbName, CT_LNB_SUB_YN AS ctLnbSubYn, CT_LNB_URL AS ctLnbUrl, CT_LNB_USE_YN AS ctLnbUseYn FROM CT_LNB WHERE CT_LNB_USE_YN = 'Y' ORDER BY CT_LNB_IDX
2025-01-07 17:11:50 [http-nio-8080-exec-2] DEBUG c.s.d.m.CommonMapper.selectLnbList - ==> Parameters: 
2025-01-07 17:11:50 [http-nio-8080-exec-2] DEBUG c.s.d.m.CommonMapper.selectLnbList - <==      Total: 4
2025-01-07 17:11:50 [http-nio-8080-exec-8] DEBUG org.mybatis.spring.SqlSessionUtils - Creating a new SqlSession
2025-01-07 17:11:50 [http-nio-8080-exec-3] DEBUG org.mybatis.spring.SqlSessionUtils - Creating a new SqlSession
2025-01-07 17:11:50 [http-nio-8080-exec-6] DEBUG org.mybatis.spring.SqlSessionUtils - Creating a new SqlSession
2025-01-07 17:11:50 [http-nio-8080-exec-8] DEBUG org.mybatis.spring.SqlSessionUtils - SqlSession [org.apache.ibatis.session.defaults.DefaultSqlSession@72f8e346] was not registered for synchronization because synchronization is not active
2025-01-07 17:11:50 [http-nio-8080-exec-3] DEBUG org.mybatis.spring.SqlSessionUtils - SqlSession [org.apache.ibatis.session.defaults.DefaultSqlSession@34c030b3] was not registered for synchronization because synchronization is not active
2025-01-07 17:11:50 [http-nio-8080-exec-6] DEBUG org.mybatis.spring.SqlSessionUtils - SqlSession [org.apache.ibatis.session.defaults.DefaultSqlSession@4537047f] was not registered for synchronization because synchronization is not active
2025-01-07 17:11:50 [http-nio-8080-exec-2] DEBUG org.mybatis.spring.SqlSessionUtils - Closing non transactional SqlSession [org.apache.ibatis.session.defaults.DefaultSqlSession@353fb9e5]
2025-01-07 17:11:50 [http-nio-8080-exec-8] DEBUG o.m.s.t.SpringManagedTransaction - JDBC Connection [HikariProxyConnection@1762627321 wrapping com.mysql.cj.jdbc.ConnectionImpl@20d7677f] will not be managed by Spring
2025-01-07 17:11:50 [http-nio-8080-exec-8] DEBUG c.s.d.m.C.selectLnbSubList - ==>  Preparing: SELECT CT_LNB_SUB_IDX AS ctLnbSubIdx, CT_LNB_ID AS ctLnbId, CT_LNB_SUB_ID AS ctLnbSubId, CT_LNB_SUB_NAME AS ctLnbSubName, CT_LNB_SUB_URL AS ctLnbSubUrl FROM CT_LNB_SUB WHERE CT_LNB_ID = ? ORDER BY CT_LNB_SUB_IDX
2025-01-07 17:11:50 [http-nio-8080-exec-3] DEBUG o.m.s.t.SpringManagedTransaction - JDBC Connection [HikariProxyConnection@1105058150 wrapping com.mysql.cj.jdbc.ConnectionImpl@284d3266] will not be managed by Spring
2025-01-07 17:11:50 [http-nio-8080-exec-8] DEBUG c.s.d.m.C.selectLnbSubList - ==> Parameters: CT_LNB_SERVICE(String)
2025-01-07 17:11:50 [http-nio-8080-exec-3] DEBUG c.s.d.m.C.selectLnbSubList - ==>  Preparing: SELECT CT_LNB_SUB_IDX AS ctLnbSubIdx, CT_LNB_ID AS ctLnbId, CT_LNB_SUB_ID AS ctLnbSubId, CT_LNB_SUB_NAME AS ctLnbSubName, CT_LNB_SUB_URL AS ctLnbSubUrl FROM CT_LNB_SUB WHERE CT_LNB_ID = ? ORDER BY CT_LNB_SUB_IDX
2025-01-07 17:11:50 [http-nio-8080-exec-6] DEBUG o.m.s.t.SpringManagedTransaction - JDBC Connection [HikariProxyConnection@1980804761 wrapping com.mysql.cj.jdbc.ConnectionImpl@5374c0e0] will not be managed by Spring
2025-01-07 17:11:50 [http-nio-8080-exec-6] DEBUG c.s.d.m.C.selectLnbSubList - ==>  Preparing: SELECT CT_LNB_SUB_IDX AS ctLnbSubIdx, CT_LNB_ID AS ctLnbId, CT_LNB_SUB_ID AS ctLnbSubId, CT_LNB_SUB_NAME AS ctLnbSubName, CT_LNB_SUB_URL AS ctLnbSubUrl FROM CT_LNB_SUB WHERE CT_LNB_ID = ? ORDER BY CT_LNB_SUB_IDX
2025-01-07 17:11:50 [http-nio-8080-exec-3] DEBUG c.s.d.m.C.selectLnbSubList - ==> Parameters: CT_LNB_INFORMATION(String)
2025-01-07 17:11:50 [http-nio-8080-exec-6] DEBUG c.s.d.m.C.selectLnbSubList - ==> Parameters: CT_LNB_CONTACT(String)
2025-01-07 17:11:50 [http-nio-8080-exec-3] DEBUG c.s.d.m.C.selectLnbSubList - <==      Total: 2
2025-01-07 17:11:50 [http-nio-8080-exec-8] DEBUG c.s.d.m.C.selectLnbSubList - <==      Total: 4
2025-01-07 17:11:50 [http-nio-8080-exec-3] DEBUG org.mybatis.spring.SqlSessionUtils - Closing non transactional SqlSession [org.apache.ibatis.session.defaults.DefaultSqlSession@34c030b3]
2025-01-07 17:11:50 [http-nio-8080-exec-8] DEBUG org.mybatis.spring.SqlSessionUtils - Closing non transactional SqlSession [org.apache.ibatis.session.defaults.DefaultSqlSession@72f8e346]
2025-01-07 17:11:50 [http-nio-8080-exec-6] DEBUG c.s.d.m.C.selectLnbSubList - <==      Total: 2
2025-01-07 17:11:50 [http-nio-8080-exec-6] DEBUG org.mybatis.spring.SqlSessionUtils - Closing non transactional SqlSession [org.apache.ibatis.session.defaults.DefaultSqlSession@4537047f]
2025-01-07 17:11:50 [http-nio-8080-exec-9] DEBUG org.mybatis.spring.SqlSessionUtils - Creating a new SqlSession
2025-01-07 17:11:50 [http-nio-8080-exec-7] DEBUG org.mybatis.spring.SqlSessionUtils - Creating a new SqlSession
2025-01-07 17:11:50 [http-nio-8080-exec-5] DEBUG org.mybatis.spring.SqlSessionUtils - Creating a new SqlSession
2025-01-07 17:11:50 [http-nio-8080-exec-9] DEBUG org.mybatis.spring.SqlSessionUtils - SqlSession [org.apache.ibatis.session.defaults.DefaultSqlSession@3d1116d8] was not registered for synchronization because synchronization is not active
2025-01-07 17:11:50 [http-nio-8080-exec-7] DEBUG org.mybatis.spring.SqlSessionUtils - SqlSession [org.apache.ibatis.session.defaults.DefaultSqlSession@66e190bc] was not registered for synchronization because synchronization is not active
2025-01-07 17:11:50 [http-nio-8080-exec-5] DEBUG org.mybatis.spring.SqlSessionUtils - SqlSession [org.apache.ibatis.session.defaults.DefaultSqlSession@62d74207] was not registered for synchronization because synchronization is not active
2025-01-07 17:11:50 [http-nio-8080-exec-5] DEBUG o.m.s.t.SpringManagedTransaction - JDBC Connection [HikariProxyConnection@311109814 wrapping com.mysql.cj.jdbc.ConnectionImpl@20d7677f] will not be managed by Spring
2025-01-07 17:11:50 [http-nio-8080-exec-7] DEBUG o.m.s.t.SpringManagedTransaction - JDBC Connection [HikariProxyConnection@670973956 wrapping com.mysql.cj.jdbc.ConnectionImpl@284d3266] will not be managed by Spring
2025-01-07 17:11:50 [http-nio-8080-exec-9] DEBUG o.m.s.t.SpringManagedTransaction - JDBC Connection [HikariProxyConnection@345935748 wrapping com.mysql.cj.jdbc.ConnectionImpl@5a49dc13] will not be managed by Spring
2025-01-07 17:11:50 [http-nio-8080-exec-5] DEBUG c.s.d.m.C.selectLnbSubList - ==>  Preparing: SELECT CT_LNB_SUB_IDX AS ctLnbSubIdx, CT_LNB_ID AS ctLnbId, CT_LNB_SUB_ID AS ctLnbSubId, CT_LNB_SUB_NAME AS ctLnbSubName, CT_LNB_SUB_URL AS ctLnbSubUrl FROM CT_LNB_SUB WHERE CT_LNB_ID = ? ORDER BY CT_LNB_SUB_IDX
2025-01-07 17:11:50 [http-nio-8080-exec-7] DEBUG c.s.d.m.C.selectLnbSubList - ==>  Preparing: SELECT CT_LNB_SUB_IDX AS ctLnbSubIdx, CT_LNB_ID AS ctLnbId, CT_LNB_SUB_ID AS ctLnbSubId, CT_LNB_SUB_NAME AS ctLnbSubName, CT_LNB_SUB_URL AS ctLnbSubUrl FROM CT_LNB_SUB WHERE CT_LNB_ID = ? ORDER BY CT_LNB_SUB_IDX
2025-01-07 17:11:50 [http-nio-8080-exec-9] DEBUG c.s.d.m.C.selectLnbSubList - ==>  Preparing: SELECT CT_LNB_SUB_IDX AS ctLnbSubIdx, CT_LNB_ID AS ctLnbId, CT_LNB_SUB_ID AS ctLnbSubId, CT_LNB_SUB_NAME AS ctLnbSubName, CT_LNB_SUB_URL AS ctLnbSubUrl FROM CT_LNB_SUB WHERE CT_LNB_ID = ? ORDER BY CT_LNB_SUB_IDX
2025-01-07 17:11:50 [http-nio-8080-exec-9] DEBUG c.s.d.m.C.selectLnbSubList - ==> Parameters: CT_LNB_SERVICE(String)
2025-01-07 17:11:50 [http-nio-8080-exec-5] DEBUG c.s.d.m.C.selectLnbSubList - ==> Parameters: CT_LNB_INFORMATION(String)
2025-01-07 17:11:50 [http-nio-8080-exec-7] DEBUG c.s.d.m.C.selectLnbSubList - ==> Parameters: CT_LNB_CONTACT(String)
2025-01-07 17:11:50 [http-nio-8080-exec-7] DEBUG c.s.d.m.C.selectLnbSubList - <==      Total: 2
2025-01-07 17:11:50 [http-nio-8080-exec-5] DEBUG c.s.d.m.C.selectLnbSubList - <==      Total: 2
2025-01-07 17:11:50 [http-nio-8080-exec-9] DEBUG c.s.d.m.C.selectLnbSubList - <==      Total: 4
2025-01-07 17:11:50 [http-nio-8080-exec-5] DEBUG org.mybatis.spring.SqlSessionUtils - Closing non transactional SqlSession [org.apache.ibatis.session.defaults.DefaultSqlSession@62d74207]
2025-01-07 17:11:50 [http-nio-8080-exec-7] DEBUG org.mybatis.spring.SqlSessionUtils - Closing non transactional SqlSession [org.apache.ibatis.session.defaults.DefaultSqlSession@66e190bc]
2025-01-07 17:11:50 [http-nio-8080-exec-9] DEBUG org.mybatis.spring.SqlSessionUtils - Closing non transactional SqlSession [org.apache.ibatis.session.defaults.DefaultSqlSession@3d1116d8]
2025-01-07 17:11:53 [http-nio-8080-exec-1] WARN  o.t.s.p.AbstractStandardFragmentInsertionTagProcessor - [THYMELEAF][http-nio-8080-exec-1][common/layout/layout] Deprecated unwrapped fragment expression "common/fragments/header::header" found in template common/layout/layout, line 29, col 10. Please use the complete syntax of fragment expressions instead ("~{common/fragments/header::header}"). The old, unwrapped syntax for fragment expressions will be removed in future versions of Thymeleaf.
2025-01-07 17:11:53 [http-nio-8080-exec-1] WARN  o.t.s.p.AbstractStandardFragmentInsertionTagProcessor - [THYMELEAF][http-nio-8080-exec-1][common/layout/layout] Deprecated unwrapped fragment expression "common/fragments/footer::footer" found in template common/layout/layout, line 33, col 10. Please use the complete syntax of fragment expressions instead ("~{common/fragments/footer::footer}"). The old, unwrapped syntax for fragment expressions will be removed in future versions of Thymeleaf.
2025-01-07 17:11:53 [http-nio-8080-exec-9] DEBUG org.mybatis.spring.SqlSessionUtils - Creating a new SqlSession
2025-01-07 17:11:53 [http-nio-8080-exec-9] DEBUG org.mybatis.spring.SqlSessionUtils - SqlSession [org.apache.ibatis.session.defaults.DefaultSqlSession@2fcc6563] was not registered for synchronization because synchronization is not active
2025-01-07 17:11:53 [http-nio-8080-exec-9] DEBUG o.m.s.t.SpringManagedTransaction - JDBC Connection [HikariProxyConnection@450757012 wrapping com.mysql.cj.jdbc.ConnectionImpl@5a49dc13] will not be managed by Spring
2025-01-07 17:11:53 [http-nio-8080-exec-9] DEBUG c.s.d.m.CommonMapper.selectLnbList - ==>  Preparing: SELECT CT_LNB_IDX AS ctLnbIdx, CT_LNB_ID AS ctLnbId, CT_LNB_NAME AS ctLnbName, CT_LNB_SUB_YN AS ctLnbSubYn, CT_LNB_URL AS ctLnbUrl, CT_LNB_USE_YN AS ctLnbUseYn FROM CT_LNB WHERE CT_LNB_USE_YN = 'Y' ORDER BY CT_LNB_IDX
2025-01-07 17:11:53 [http-nio-8080-exec-9] DEBUG c.s.d.m.CommonMapper.selectLnbList - ==> Parameters: 
2025-01-07 17:11:53 [http-nio-8080-exec-9] DEBUG c.s.d.m.CommonMapper.selectLnbList - <==      Total: 4
2025-01-07 17:11:53 [http-nio-8080-exec-9] DEBUG org.mybatis.spring.SqlSessionUtils - Closing non transactional SqlSession [org.apache.ibatis.session.defaults.DefaultSqlSession@2fcc6563]
2025-01-07 17:11:53 [http-nio-8080-exec-1] DEBUG org.mybatis.spring.SqlSessionUtils - Creating a new SqlSession
2025-01-07 17:11:53 [http-nio-8080-exec-1] DEBUG org.mybatis.spring.SqlSessionUtils - SqlSession [org.apache.ibatis.session.defaults.DefaultSqlSession@3a7b81d9] was not registered for synchronization because synchronization is not active
2025-01-07 17:11:53 [http-nio-8080-exec-1] DEBUG o.m.s.t.SpringManagedTransaction - JDBC Connection [HikariProxyConnection@898351166 wrapping com.mysql.cj.jdbc.ConnectionImpl@5a49dc13] will not be managed by Spring
2025-01-07 17:11:53 [http-nio-8080-exec-1] DEBUG c.s.d.m.CommonMapper.selectLnbList - ==>  Preparing: SELECT CT_LNB_IDX AS ctLnbIdx, CT_LNB_ID AS ctLnbId, CT_LNB_NAME AS ctLnbName, CT_LNB_SUB_YN AS ctLnbSubYn, CT_LNB_URL AS ctLnbUrl, CT_LNB_USE_YN AS ctLnbUseYn FROM CT_LNB WHERE CT_LNB_USE_YN = 'Y' ORDER BY CT_LNB_IDX
2025-01-07 17:11:53 [http-nio-8080-exec-1] DEBUG c.s.d.m.CommonMapper.selectLnbList - ==> Parameters: 
2025-01-07 17:11:53 [http-nio-8080-exec-1] DEBUG c.s.d.m.CommonMapper.selectLnbList - <==      Total: 4
2025-01-07 17:11:53 [http-nio-8080-exec-1] DEBUG org.mybatis.spring.SqlSessionUtils - Closing non transactional SqlSession [org.apache.ibatis.session.defaults.DefaultSqlSession@3a7b81d9]
2025-01-07 17:11:53 [http-nio-8080-exec-10] DEBUG org.mybatis.spring.SqlSessionUtils - Creating a new SqlSession
2025-01-07 17:11:53 [http-nio-8080-exec-4] DEBUG org.mybatis.spring.SqlSessionUtils - Creating a new SqlSession
2025-01-07 17:11:53 [http-nio-8080-exec-10] DEBUG org.mybatis.spring.SqlSessionUtils - SqlSession [org.apache.ibatis.session.defaults.DefaultSqlSession@64d38fd6] was not registered for synchronization because synchronization is not active
2025-01-07 17:11:53 [http-nio-8080-exec-4] DEBUG org.mybatis.spring.SqlSessionUtils - SqlSession [org.apache.ibatis.session.defaults.DefaultSqlSession@e4b6a92] was not registered for synchronization because synchronization is not active
2025-01-07 17:11:53 [http-nio-8080-exec-4] DEBUG o.m.s.t.SpringManagedTransaction - JDBC Connection [HikariProxyConnection@1341708877 wrapping com.mysql.cj.jdbc.ConnectionImpl@20d7677f] will not be managed by Spring
2025-01-07 17:11:53 [http-nio-8080-exec-10] DEBUG o.m.s.t.SpringManagedTransaction - JDBC Connection [HikariProxyConnection@1380886158 wrapping com.mysql.cj.jdbc.ConnectionImpl@284d3266] will not be managed by Spring
2025-01-07 17:11:53 [http-nio-8080-exec-4] DEBUG c.s.d.m.C.selectLnbSubList - ==>  Preparing: SELECT CT_LNB_SUB_IDX AS ctLnbSubIdx, CT_LNB_ID AS ctLnbId, CT_LNB_SUB_ID AS ctLnbSubId, CT_LNB_SUB_NAME AS ctLnbSubName, CT_LNB_SUB_URL AS ctLnbSubUrl FROM CT_LNB_SUB WHERE CT_LNB_ID = ? ORDER BY CT_LNB_SUB_IDX
2025-01-07 17:11:53 [http-nio-8080-exec-10] DEBUG c.s.d.m.C.selectLnbSubList - ==>  Preparing: SELECT CT_LNB_SUB_IDX AS ctLnbSubIdx, CT_LNB_ID AS ctLnbId, CT_LNB_SUB_ID AS ctLnbSubId, CT_LNB_SUB_NAME AS ctLnbSubName, CT_LNB_SUB_URL AS ctLnbSubUrl FROM CT_LNB_SUB WHERE CT_LNB_ID = ? ORDER BY CT_LNB_SUB_IDX
2025-01-07 17:11:53 [http-nio-8080-exec-6] DEBUG org.mybatis.spring.SqlSessionUtils - Creating a new SqlSession
2025-01-07 17:11:53 [http-nio-8080-exec-6] DEBUG org.mybatis.spring.SqlSessionUtils - SqlSession [org.apache.ibatis.session.defaults.DefaultSqlSession@43342e57] was not registered for synchronization because synchronization is not active
2025-01-07 17:11:53 [http-nio-8080-exec-10] DEBUG c.s.d.m.C.selectLnbSubList - ==> Parameters: CT_LNB_INFORMATION(String)
2025-01-07 17:11:53 [http-nio-8080-exec-4] DEBUG c.s.d.m.C.selectLnbSubList - ==> Parameters: CT_LNB_SERVICE(String)
2025-01-07 17:11:53 [http-nio-8080-exec-6] DEBUG o.m.s.t.SpringManagedTransaction - JDBC Connection [HikariProxyConnection@917673233 wrapping com.mysql.cj.jdbc.ConnectionImpl@5374c0e0] will not be managed by Spring
2025-01-07 17:11:53 [http-nio-8080-exec-6] DEBUG c.s.d.m.C.selectLnbSubList - ==>  Preparing: SELECT CT_LNB_SUB_IDX AS ctLnbSubIdx, CT_LNB_ID AS ctLnbId, CT_LNB_SUB_ID AS ctLnbSubId, CT_LNB_SUB_NAME AS ctLnbSubName, CT_LNB_SUB_URL AS ctLnbSubUrl FROM CT_LNB_SUB WHERE CT_LNB_ID = ? ORDER BY CT_LNB_SUB_IDX
2025-01-07 17:11:53 [http-nio-8080-exec-6] DEBUG c.s.d.m.C.selectLnbSubList - ==> Parameters: CT_LNB_CONTACT(String)
2025-01-07 17:11:53 [http-nio-8080-exec-6] DEBUG c.s.d.m.C.selectLnbSubList - <==      Total: 2
2025-01-07 17:11:53 [http-nio-8080-exec-10] DEBUG c.s.d.m.C.selectLnbSubList - <==      Total: 2
2025-01-07 17:11:53 [http-nio-8080-exec-4] DEBUG c.s.d.m.C.selectLnbSubList - <==      Total: 4
2025-01-07 17:11:53 [http-nio-8080-exec-4] DEBUG org.mybatis.spring.SqlSessionUtils - Closing non transactional SqlSession [org.apache.ibatis.session.defaults.DefaultSqlSession@e4b6a92]
2025-01-07 17:11:53 [http-nio-8080-exec-10] DEBUG org.mybatis.spring.SqlSessionUtils - Closing non transactional SqlSession [org.apache.ibatis.session.defaults.DefaultSqlSession@64d38fd6]
2025-01-07 17:11:53 [http-nio-8080-exec-6] DEBUG org.mybatis.spring.SqlSessionUtils - Closing non transactional SqlSession [org.apache.ibatis.session.defaults.DefaultSqlSession@43342e57]
2025-01-07 17:11:53 [http-nio-8080-exec-3] DEBUG org.mybatis.spring.SqlSessionUtils - Creating a new SqlSession
2025-01-07 17:11:53 [http-nio-8080-exec-8] DEBUG org.mybatis.spring.SqlSessionUtils - Creating a new SqlSession
2025-01-07 17:11:53 [http-nio-8080-exec-2] DEBUG org.mybatis.spring.SqlSessionUtils - Creating a new SqlSession
2025-01-07 17:11:53 [http-nio-8080-exec-3] DEBUG org.mybatis.spring.SqlSessionUtils - SqlSession [org.apache.ibatis.session.defaults.DefaultSqlSession@517fa709] was not registered for synchronization because synchronization is not active
2025-01-07 17:11:53 [http-nio-8080-exec-8] DEBUG org.mybatis.spring.SqlSessionUtils - SqlSession [org.apache.ibatis.session.defaults.DefaultSqlSession@76b67d17] was not registered for synchronization because synchronization is not active
2025-01-07 17:11:53 [http-nio-8080-exec-2] DEBUG org.mybatis.spring.SqlSessionUtils - SqlSession [org.apache.ibatis.session.defaults.DefaultSqlSession@59e400c1] was not registered for synchronization because synchronization is not active
2025-01-07 17:11:53 [http-nio-8080-exec-3] DEBUG o.m.s.t.SpringManagedTransaction - JDBC Connection [HikariProxyConnection@2118537897 wrapping com.mysql.cj.jdbc.ConnectionImpl@284d3266] will not be managed by Spring
2025-01-07 17:11:53 [http-nio-8080-exec-2] DEBUG o.m.s.t.SpringManagedTransaction - JDBC Connection [HikariProxyConnection@1342335854 wrapping com.mysql.cj.jdbc.ConnectionImpl@5a49dc13] will not be managed by Spring
2025-01-07 17:11:53 [http-nio-8080-exec-8] DEBUG o.m.s.t.SpringManagedTransaction - JDBC Connection [HikariProxyConnection@1666927998 wrapping com.mysql.cj.jdbc.ConnectionImpl@20d7677f] will not be managed by Spring
2025-01-07 17:11:53 [http-nio-8080-exec-3] DEBUG c.s.d.m.C.selectLnbSubList - ==>  Preparing: SELECT CT_LNB_SUB_IDX AS ctLnbSubIdx, CT_LNB_ID AS ctLnbId, CT_LNB_SUB_ID AS ctLnbSubId, CT_LNB_SUB_NAME AS ctLnbSubName, CT_LNB_SUB_URL AS ctLnbSubUrl FROM CT_LNB_SUB WHERE CT_LNB_ID = ? ORDER BY CT_LNB_SUB_IDX
2025-01-07 17:11:53 [http-nio-8080-exec-2] DEBUG c.s.d.m.C.selectLnbSubList - ==>  Preparing: SELECT CT_LNB_SUB_IDX AS ctLnbSubIdx, CT_LNB_ID AS ctLnbId, CT_LNB_SUB_ID AS ctLnbSubId, CT_LNB_SUB_NAME AS ctLnbSubName, CT_LNB_SUB_URL AS ctLnbSubUrl FROM CT_LNB_SUB WHERE CT_LNB_ID = ? ORDER BY CT_LNB_SUB_IDX
2025-01-07 17:11:53 [http-nio-8080-exec-8] DEBUG c.s.d.m.C.selectLnbSubList - ==>  Preparing: SELECT CT_LNB_SUB_IDX AS ctLnbSubIdx, CT_LNB_ID AS ctLnbId, CT_LNB_SUB_ID AS ctLnbSubId, CT_LNB_SUB_NAME AS ctLnbSubName, CT_LNB_SUB_URL AS ctLnbSubUrl FROM CT_LNB_SUB WHERE CT_LNB_ID = ? ORDER BY CT_LNB_SUB_IDX
2025-01-07 17:11:53 [http-nio-8080-exec-3] DEBUG c.s.d.m.C.selectLnbSubList - ==> Parameters: CT_LNB_INFORMATION(String)
2025-01-07 17:11:53 [http-nio-8080-exec-2] DEBUG c.s.d.m.C.selectLnbSubList - ==> Parameters: CT_LNB_SERVICE(String)
2025-01-07 17:11:53 [http-nio-8080-exec-8] DEBUG c.s.d.m.C.selectLnbSubList - ==> Parameters: CT_LNB_CONTACT(String)
2025-01-07 17:11:53 [http-nio-8080-exec-8] DEBUG c.s.d.m.C.selectLnbSubList - <==      Total: 2
2025-01-07 17:11:53 [http-nio-8080-exec-3] DEBUG c.s.d.m.C.selectLnbSubList - <==      Total: 2
2025-01-07 17:11:53 [http-nio-8080-exec-2] DEBUG c.s.d.m.C.selectLnbSubList - <==      Total: 4
2025-01-07 17:11:53 [http-nio-8080-exec-2] DEBUG org.mybatis.spring.SqlSessionUtils - Closing non transactional SqlSession [org.apache.ibatis.session.defaults.DefaultSqlSession@59e400c1]
2025-01-07 17:11:53 [http-nio-8080-exec-8] DEBUG org.mybatis.spring.SqlSessionUtils - Closing non transactional SqlSession [org.apache.ibatis.session.defaults.DefaultSqlSession@76b67d17]
2025-01-07 17:11:53 [http-nio-8080-exec-3] DEBUG org.mybatis.spring.SqlSessionUtils - Closing non transactional SqlSession [org.apache.ibatis.session.defaults.DefaultSqlSession@517fa709]
2025-01-07 17:11:55 [http-nio-8080-exec-5] WARN  o.t.s.p.AbstractStandardFragmentInsertionTagProcessor - [THYMELEAF][http-nio-8080-exec-5][common/layout/layout] Deprecated unwrapped fragment expression "common/fragments/header::header" found in template common/layout/layout, line 29, col 10. Please use the complete syntax of fragment expressions instead ("~{common/fragments/header::header}"). The old, unwrapped syntax for fragment expressions will be removed in future versions of Thymeleaf.
2025-01-07 17:11:55 [http-nio-8080-exec-5] WARN  o.t.s.p.AbstractStandardFragmentInsertionTagProcessor - [THYMELEAF][http-nio-8080-exec-5][common/layout/layout] Deprecated unwrapped fragment expression "common/fragments/footer::footer" found in template common/layout/layout, line 33, col 10. Please use the complete syntax of fragment expressions instead ("~{common/fragments/footer::footer}"). The old, unwrapped syntax for fragment expressions will be removed in future versions of Thymeleaf.
2025-01-07 17:11:55 [http-nio-8080-exec-8] DEBUG org.mybatis.spring.SqlSessionUtils - Creating a new SqlSession
2025-01-07 17:11:55 [http-nio-8080-exec-8] DEBUG org.mybatis.spring.SqlSessionUtils - SqlSession [org.apache.ibatis.session.defaults.DefaultSqlSession@5f684c18] was not registered for synchronization because synchronization is not active
2025-01-07 17:11:55 [http-nio-8080-exec-8] DEBUG o.m.s.t.SpringManagedTransaction - JDBC Connection [HikariProxyConnection@452185127 wrapping com.mysql.cj.jdbc.ConnectionImpl@20d7677f] will not be managed by Spring
2025-01-07 17:11:55 [http-nio-8080-exec-8] DEBUG c.s.d.m.CommonMapper.selectLnbList - ==>  Preparing: SELECT CT_LNB_IDX AS ctLnbIdx, CT_LNB_ID AS ctLnbId, CT_LNB_NAME AS ctLnbName, CT_LNB_SUB_YN AS ctLnbSubYn, CT_LNB_URL AS ctLnbUrl, CT_LNB_USE_YN AS ctLnbUseYn FROM CT_LNB WHERE CT_LNB_USE_YN = 'Y' ORDER BY CT_LNB_IDX
2025-01-07 17:11:55 [http-nio-8080-exec-8] DEBUG c.s.d.m.CommonMapper.selectLnbList - ==> Parameters: 
2025-01-07 17:11:55 [http-nio-8080-exec-8] DEBUG c.s.d.m.CommonMapper.selectLnbList - <==      Total: 4
2025-01-07 17:11:55 [http-nio-8080-exec-8] DEBUG org.mybatis.spring.SqlSessionUtils - Closing non transactional SqlSession [org.apache.ibatis.session.defaults.DefaultSqlSession@5f684c18]
2025-01-07 17:11:55 [http-nio-8080-exec-3] DEBUG org.mybatis.spring.SqlSessionUtils - Creating a new SqlSession
2025-01-07 17:11:55 [http-nio-8080-exec-3] DEBUG org.mybatis.spring.SqlSessionUtils - SqlSession [org.apache.ibatis.session.defaults.DefaultSqlSession@7c5d314e] was not registered for synchronization because synchronization is not active
2025-01-07 17:11:55 [http-nio-8080-exec-3] DEBUG o.m.s.t.SpringManagedTransaction - JDBC Connection [HikariProxyConnection@1354139171 wrapping com.mysql.cj.jdbc.ConnectionImpl@284d3266] will not be managed by Spring
2025-01-07 17:11:55 [http-nio-8080-exec-3] DEBUG c.s.d.m.CommonMapper.selectLnbList - ==>  Preparing: SELECT CT_LNB_IDX AS ctLnbIdx, CT_LNB_ID AS ctLnbId, CT_LNB_NAME AS ctLnbName, CT_LNB_SUB_YN AS ctLnbSubYn, CT_LNB_URL AS ctLnbUrl, CT_LNB_USE_YN AS ctLnbUseYn FROM CT_LNB WHERE CT_LNB_USE_YN = 'Y' ORDER BY CT_LNB_IDX
2025-01-07 17:11:55 [http-nio-8080-exec-3] DEBUG c.s.d.m.CommonMapper.selectLnbList - ==> Parameters: 
2025-01-07 17:11:55 [http-nio-8080-exec-3] DEBUG c.s.d.m.CommonMapper.selectLnbList - <==      Total: 4
2025-01-07 17:11:55 [http-nio-8080-exec-3] DEBUG org.mybatis.spring.SqlSessionUtils - Closing non transactional SqlSession [org.apache.ibatis.session.defaults.DefaultSqlSession@7c5d314e]
2025-01-07 17:11:55 [http-nio-8080-exec-3] DEBUG org.mybatis.spring.SqlSessionUtils - Creating a new SqlSession
2025-01-07 17:11:55 [http-nio-8080-exec-5] DEBUG org.mybatis.spring.SqlSessionUtils - Creating a new SqlSession
2025-01-07 17:11:55 [http-nio-8080-exec-3] DEBUG org.mybatis.spring.SqlSessionUtils - SqlSession [org.apache.ibatis.session.defaults.DefaultSqlSession@3c375077] was not registered for synchronization because synchronization is not active
2025-01-07 17:11:55 [http-nio-8080-exec-5] DEBUG org.mybatis.spring.SqlSessionUtils - SqlSession [org.apache.ibatis.session.defaults.DefaultSqlSession@759c925e] was not registered for synchronization because synchronization is not active
2025-01-07 17:11:55 [http-nio-8080-exec-1] DEBUG org.mybatis.spring.SqlSessionUtils - Creating a new SqlSession
2025-01-07 17:11:55 [http-nio-8080-exec-5] DEBUG o.m.s.t.SpringManagedTransaction - JDBC Connection [HikariProxyConnection@1906507533 wrapping com.mysql.cj.jdbc.ConnectionImpl@20d7677f] will not be managed by Spring
2025-01-07 17:11:55 [http-nio-8080-exec-3] DEBUG o.m.s.t.SpringManagedTransaction - JDBC Connection [HikariProxyConnection@703975934 wrapping com.mysql.cj.jdbc.ConnectionImpl@284d3266] will not be managed by Spring
2025-01-07 17:11:55 [http-nio-8080-exec-1] DEBUG org.mybatis.spring.SqlSessionUtils - SqlSession [org.apache.ibatis.session.defaults.DefaultSqlSession@6871a717] was not registered for synchronization because synchronization is not active
2025-01-07 17:11:55 [http-nio-8080-exec-5] DEBUG c.s.d.m.C.selectLnbSubList - ==>  Preparing: SELECT CT_LNB_SUB_IDX AS ctLnbSubIdx, CT_LNB_ID AS ctLnbId, CT_LNB_SUB_ID AS ctLnbSubId, CT_LNB_SUB_NAME AS ctLnbSubName, CT_LNB_SUB_URL AS ctLnbSubUrl FROM CT_LNB_SUB WHERE CT_LNB_ID = ? ORDER BY CT_LNB_SUB_IDX
2025-01-07 17:11:55 [http-nio-8080-exec-3] DEBUG c.s.d.m.C.selectLnbSubList - ==>  Preparing: SELECT CT_LNB_SUB_IDX AS ctLnbSubIdx, CT_LNB_ID AS ctLnbId, CT_LNB_SUB_ID AS ctLnbSubId, CT_LNB_SUB_NAME AS ctLnbSubName, CT_LNB_SUB_URL AS ctLnbSubUrl FROM CT_LNB_SUB WHERE CT_LNB_ID = ? ORDER BY CT_LNB_SUB_IDX
2025-01-07 17:11:55 [http-nio-8080-exec-5] DEBUG c.s.d.m.C.selectLnbSubList - ==> Parameters: CT_LNB_INFORMATION(String)
2025-01-07 17:11:55 [http-nio-8080-exec-3] DEBUG c.s.d.m.C.selectLnbSubList - ==> Parameters: CT_LNB_SERVICE(String)
2025-01-07 17:11:55 [http-nio-8080-exec-1] DEBUG o.m.s.t.SpringManagedTransaction - JDBC Connection [HikariProxyConnection@520286503 wrapping com.mysql.cj.jdbc.ConnectionImpl@5a49dc13] will not be managed by Spring
2025-01-07 17:11:55 [http-nio-8080-exec-1] DEBUG c.s.d.m.C.selectLnbSubList - ==>  Preparing: SELECT CT_LNB_SUB_IDX AS ctLnbSubIdx, CT_LNB_ID AS ctLnbId, CT_LNB_SUB_ID AS ctLnbSubId, CT_LNB_SUB_NAME AS ctLnbSubName, CT_LNB_SUB_URL AS ctLnbSubUrl FROM CT_LNB_SUB WHERE CT_LNB_ID = ? ORDER BY CT_LNB_SUB_IDX
2025-01-07 17:11:55 [http-nio-8080-exec-1] DEBUG c.s.d.m.C.selectLnbSubList - ==> Parameters: CT_LNB_CONTACT(String)
2025-01-07 17:11:55 [http-nio-8080-exec-5] DEBUG c.s.d.m.C.selectLnbSubList - <==      Total: 2
2025-01-07 17:11:55 [http-nio-8080-exec-3] DEBUG c.s.d.m.C.selectLnbSubList - <==      Total: 4
2025-01-07 17:11:55 [http-nio-8080-exec-1] DEBUG c.s.d.m.C.selectLnbSubList - <==      Total: 2
2025-01-07 17:11:55 [http-nio-8080-exec-5] DEBUG org.mybatis.spring.SqlSessionUtils - Closing non transactional SqlSession [org.apache.ibatis.session.defaults.DefaultSqlSession@759c925e]
2025-01-07 17:11:55 [http-nio-8080-exec-3] DEBUG org.mybatis.spring.SqlSessionUtils - Closing non transactional SqlSession [org.apache.ibatis.session.defaults.DefaultSqlSession@3c375077]
2025-01-07 17:11:55 [http-nio-8080-exec-1] DEBUG org.mybatis.spring.SqlSessionUtils - Closing non transactional SqlSession [org.apache.ibatis.session.defaults.DefaultSqlSession@6871a717]
2025-01-07 17:11:55 [http-nio-8080-exec-10] DEBUG org.mybatis.spring.SqlSessionUtils - Creating a new SqlSession
2025-01-07 17:11:55 [http-nio-8080-exec-7] DEBUG org.mybatis.spring.SqlSessionUtils - Creating a new SqlSession
2025-01-07 17:11:55 [http-nio-8080-exec-4] DEBUG org.mybatis.spring.SqlSessionUtils - Creating a new SqlSession
2025-01-07 17:11:55 [http-nio-8080-exec-10] DEBUG org.mybatis.spring.SqlSessionUtils - SqlSession [org.apache.ibatis.session.defaults.DefaultSqlSession@5cc46b4e] was not registered for synchronization because synchronization is not active
2025-01-07 17:11:55 [http-nio-8080-exec-7] DEBUG org.mybatis.spring.SqlSessionUtils - SqlSession [org.apache.ibatis.session.defaults.DefaultSqlSession@1d1720de] was not registered for synchronization because synchronization is not active
2025-01-07 17:11:55 [http-nio-8080-exec-4] DEBUG org.mybatis.spring.SqlSessionUtils - SqlSession [org.apache.ibatis.session.defaults.DefaultSqlSession@501a262b] was not registered for synchronization because synchronization is not active
2025-01-07 17:11:55 [http-nio-8080-exec-10] DEBUG o.m.s.t.SpringManagedTransaction - JDBC Connection [HikariProxyConnection@2073676942 wrapping com.mysql.cj.jdbc.ConnectionImpl@284d3266] will not be managed by Spring
2025-01-07 17:11:55 [http-nio-8080-exec-7] DEBUG o.m.s.t.SpringManagedTransaction - JDBC Connection [HikariProxyConnection@514513742 wrapping com.mysql.cj.jdbc.ConnectionImpl@5a49dc13] will not be managed by Spring
2025-01-07 17:11:55 [http-nio-8080-exec-4] DEBUG o.m.s.t.SpringManagedTransaction - JDBC Connection [HikariProxyConnection@1505342679 wrapping com.mysql.cj.jdbc.ConnectionImpl@20d7677f] will not be managed by Spring
2025-01-07 17:11:55 [http-nio-8080-exec-10] DEBUG c.s.d.m.C.selectLnbSubList - ==>  Preparing: SELECT CT_LNB_SUB_IDX AS ctLnbSubIdx, CT_LNB_ID AS ctLnbId, CT_LNB_SUB_ID AS ctLnbSubId, CT_LNB_SUB_NAME AS ctLnbSubName, CT_LNB_SUB_URL AS ctLnbSubUrl FROM CT_LNB_SUB WHERE CT_LNB_ID = ? ORDER BY CT_LNB_SUB_IDX
2025-01-07 17:11:55 [http-nio-8080-exec-7] DEBUG c.s.d.m.C.selectLnbSubList - ==>  Preparing: SELECT CT_LNB_SUB_IDX AS ctLnbSubIdx, CT_LNB_ID AS ctLnbId, CT_LNB_SUB_ID AS ctLnbSubId, CT_LNB_SUB_NAME AS ctLnbSubName, CT_LNB_SUB_URL AS ctLnbSubUrl FROM CT_LNB_SUB WHERE CT_LNB_ID = ? ORDER BY CT_LNB_SUB_IDX
2025-01-07 17:11:55 [http-nio-8080-exec-4] DEBUG c.s.d.m.C.selectLnbSubList - ==>  Preparing: SELECT CT_LNB_SUB_IDX AS ctLnbSubIdx, CT_LNB_ID AS ctLnbId, CT_LNB_SUB_ID AS ctLnbSubId, CT_LNB_SUB_NAME AS ctLnbSubName, CT_LNB_SUB_URL AS ctLnbSubUrl FROM CT_LNB_SUB WHERE CT_LNB_ID = ? ORDER BY CT_LNB_SUB_IDX
2025-01-07 17:11:55 [http-nio-8080-exec-4] DEBUG c.s.d.m.C.selectLnbSubList - ==> Parameters: CT_LNB_SERVICE(String)
2025-01-07 17:11:55 [http-nio-8080-exec-10] DEBUG c.s.d.m.C.selectLnbSubList - ==> Parameters: CT_LNB_CONTACT(String)
2025-01-07 17:11:55 [http-nio-8080-exec-7] DEBUG c.s.d.m.C.selectLnbSubList - ==> Parameters: CT_LNB_INFORMATION(String)
2025-01-07 17:11:55 [http-nio-8080-exec-10] DEBUG c.s.d.m.C.selectLnbSubList - <==      Total: 2
2025-01-07 17:11:55 [http-nio-8080-exec-7] DEBUG c.s.d.m.C.selectLnbSubList - <==      Total: 2
2025-01-07 17:11:55 [http-nio-8080-exec-4] DEBUG c.s.d.m.C.selectLnbSubList - <==      Total: 4
2025-01-07 17:11:55 [http-nio-8080-exec-7] DEBUG org.mybatis.spring.SqlSessionUtils - Closing non transactional SqlSession [org.apache.ibatis.session.defaults.DefaultSqlSession@1d1720de]
2025-01-07 17:11:55 [http-nio-8080-exec-10] DEBUG org.mybatis.spring.SqlSessionUtils - Closing non transactional SqlSession [org.apache.ibatis.session.defaults.DefaultSqlSession@5cc46b4e]
2025-01-07 17:11:55 [http-nio-8080-exec-4] DEBUG org.mybatis.spring.SqlSessionUtils - Closing non transactional SqlSession [org.apache.ibatis.session.defaults.DefaultSqlSession@501a262b]
2025-01-07 17:13:02 [RMI TCP Connection(11)-127.0.0.1] INFO  o.s.b.a.SpringApplicationAdminMXBeanRegistrar$SpringApplicationAdmin - Application shutdown requested.
2025-01-07 17:13:02 [RMI TCP Connection(11)-127.0.0.1] INFO  o.s.b.w.e.tomcat.GracefulShutdown - Commencing graceful shutdown. Waiting for active requests to complete
2025-01-07 17:13:02 [tomcat-shutdown] INFO  o.a.coyote.http11.Http11NioProtocol - Pausing ProtocolHandler ["http-nio-8080"]
2025-01-07 17:13:02 [tomcat-shutdown] INFO  o.s.b.w.e.tomcat.GracefulShutdown - Graceful shutdown complete
2025-01-07 17:13:02 [RMI TCP Connection(11)-127.0.0.1] INFO  o.a.coyote.http11.Http11NioProtocol - Stopping ProtocolHandler ["http-nio-8080"]
2025-01-07 17:13:02 [RMI TCP Connection(11)-127.0.0.1] INFO  com.zaxxer.hikari.HikariDataSource - HikariPool-1 - Shutdown initiated...
2025-01-07 17:13:02 [RMI TCP Connection(11)-127.0.0.1] INFO  com.zaxxer.hikari.HikariDataSource - HikariPool-1 - Shutdown completed.
2025-01-07 17:13:31 [restartedMain] INFO  c.s.devspring.DevspringApplication - Starting DevspringApplication using Java 17.0.12 with PID 10412 (D:\Spring\sts-4.4\workspace\devspring\bin\main started by aatjx in D:\Spring\sts-4.4\workspace\devspring)
2025-01-07 17:13:31 [restartedMain] INFO  c.s.devspring.DevspringApplication - No active profile set, falling back to 1 default profile: "default"
2025-01-07 17:13:31 [restartedMain] INFO  o.s.b.d.e.DevToolsPropertyDefaultsPostProcessor - Devtools property defaults active! Set 'spring.devtools.add-properties' to 'false' to disable
2025-01-07 17:13:31 [restartedMain] INFO  o.s.b.d.e.DevToolsPropertyDefaultsPostProcessor - For additional web related logging consider setting the 'logging.level.web' property to 'DEBUG'
2025-01-07 17:13:31 [restartedMain] DEBUG o.apache.ibatis.logging.LogFactory - Logging initialized using 'class org.apache.ibatis.logging.slf4j.Slf4jImpl' adapter.
2025-01-07 17:13:31 [restartedMain] DEBUG o.m.s.mapper.ClassPathMapperScanner - Identified candidate component class: file [D:\Spring\sts-4.4\workspace\devspring\bin\main\com\spring\devspring\mapper\BoardMapper.class]
2025-01-07 17:13:31 [restartedMain] DEBUG o.m.s.mapper.ClassPathMapperScanner - Identified candidate component class: file [D:\Spring\sts-4.4\workspace\devspring\bin\main\com\spring\devspring\mapper\CommonMapper.class]
2025-01-07 17:13:31 [restartedMain] DEBUG o.m.s.mapper.ClassPathMapperScanner - Creating MapperFactoryBean with name 'boardMapper' and 'com.spring.devspring.mapper.BoardMapper' mapperInterface
2025-01-07 17:13:31 [restartedMain] DEBUG o.m.s.mapper.ClassPathMapperScanner - Creating MapperFactoryBean with name 'commonMapper' and 'com.spring.devspring.mapper.CommonMapper' mapperInterface
2025-01-07 17:13:31 [restartedMain] INFO  o.s.b.w.e.tomcat.TomcatWebServer - Tomcat initialized with port 8080 (http)
2025-01-07 17:13:32 [restartedMain] INFO  o.a.coyote.http11.Http11NioProtocol - Initializing ProtocolHandler ["http-nio-8080"]
2025-01-07 17:13:32 [restartedMain] INFO  o.a.catalina.core.StandardService - Starting service [Tomcat]
2025-01-07 17:13:32 [restartedMain] INFO  o.a.catalina.core.StandardEngine - Starting Servlet engine: [Apache Tomcat/10.1.34]
2025-01-07 17:13:32 [restartedMain] INFO  o.a.c.c.C.[Tomcat].[localhost].[/] - Initializing Spring embedded WebApplicationContext
2025-01-07 17:13:32 [restartedMain] INFO  o.s.b.w.s.c.ServletWebServerApplicationContext - Root WebApplicationContext: initialization completed in 633 ms
2025-01-07 17:13:32 [restartedMain] DEBUG o.m.spring.SqlSessionFactoryBean - Property 'configuration' or 'configLocation' not specified, using default MyBatis Configuration
2025-01-07 17:13:32 [restartedMain] DEBUG o.m.spring.SqlSessionFactoryBean - Parsed mapper file: 'file [D:\Spring\sts-4.4\workspace\devspring\bin\main\static\mapper\BoardMapper.xml]'
2025-01-07 17:13:32 [restartedMain] DEBUG o.m.spring.SqlSessionFactoryBean - Parsed mapper file: 'file [D:\Spring\sts-4.4\workspace\devspring\bin\main\static\mapper\CommonMapper.xml]'
2025-01-07 17:13:32 [restartedMain] INFO  o.s.b.d.a.OptionalLiveReloadServer - LiveReload server is running on port 35729
2025-01-07 17:13:32 [restartedMain] INFO  o.a.coyote.http11.Http11NioProtocol - Starting ProtocolHandler ["http-nio-8080"]
2025-01-07 17:13:32 [restartedMain] INFO  o.s.b.w.e.tomcat.TomcatWebServer - Tomcat started on port 8080 (http) with context path '/'
2025-01-07 17:13:32 [restartedMain] INFO  c.s.devspring.DevspringApplication - Started DevspringApplication in 1.407 seconds (process running for 1.795)
2025-01-07 17:13:34 [http-nio-8080-exec-1] INFO  o.a.c.c.C.[Tomcat].[localhost].[/] - Initializing Spring DispatcherServlet 'dispatcherServlet'
2025-01-07 17:13:34 [http-nio-8080-exec-1] INFO  o.s.web.servlet.DispatcherServlet - Initializing Servlet 'dispatcherServlet'
2025-01-07 17:13:34 [http-nio-8080-exec-1] INFO  o.s.web.servlet.DispatcherServlet - Completed initialization in 0 ms
2025-01-07 17:13:35 [http-nio-8080-exec-1] WARN  o.t.s.p.AbstractStandardFragmentInsertionTagProcessor - [THYMELEAF][http-nio-8080-exec-1][common/layout/layout] Deprecated unwrapped fragment expression "common/fragments/header::header" found in template common/layout/layout, line 29, col 10. Please use the complete syntax of fragment expressions instead ("~{common/fragments/header::header}"). The old, unwrapped syntax for fragment expressions will be removed in future versions of Thymeleaf.
2025-01-07 17:13:35 [http-nio-8080-exec-1] WARN  o.t.s.p.AbstractStandardFragmentInsertionTagProcessor - [THYMELEAF][http-nio-8080-exec-1][common/layout/layout] Deprecated unwrapped fragment expression "common/fragments/footer::footer" found in template common/layout/layout, line 33, col 10. Please use the complete syntax of fragment expressions instead ("~{common/fragments/footer::footer}"). The old, unwrapped syntax for fragment expressions will be removed in future versions of Thymeleaf.
2025-01-07 17:13:35 [http-nio-8080-exec-9] DEBUG org.mybatis.spring.SqlSessionUtils - Creating a new SqlSession
2025-01-07 17:13:35 [http-nio-8080-exec-9] DEBUG org.mybatis.spring.SqlSessionUtils - SqlSession [org.apache.ibatis.session.defaults.DefaultSqlSession@1b8081c] was not registered for synchronization because synchronization is not active
2025-01-07 17:13:35 [http-nio-8080-exec-9] INFO  com.zaxxer.hikari.HikariDataSource - HikariPool-1 - Starting...
2025-01-07 17:13:35 [http-nio-8080-exec-9] INFO  com.zaxxer.hikari.pool.HikariPool - HikariPool-1 - Added connection com.mysql.cj.jdbc.ConnectionImpl@5c96ebdb
2025-01-07 17:13:35 [http-nio-8080-exec-9] INFO  com.zaxxer.hikari.HikariDataSource - HikariPool-1 - Start completed.
2025-01-07 17:13:35 [http-nio-8080-exec-9] DEBUG o.m.s.t.SpringManagedTransaction - JDBC Connection [HikariProxyConnection@1015268419 wrapping com.mysql.cj.jdbc.ConnectionImpl@5c96ebdb] will not be managed by Spring
2025-01-07 17:13:35 [http-nio-8080-exec-9] DEBUG c.s.d.m.CommonMapper.selectLnbList - ==>  Preparing: SELECT CT_LNB_IDX AS ctLnbIdx, CT_LNB_ID AS ctLnbId, CT_LNB_NAME AS ctLnbName, CT_LNB_SUB_YN AS ctLnbSubYn, CT_LNB_URL AS ctLnbUrl, CT_LNB_USE_YN AS ctLnbUseYn FROM CT_LNB WHERE CT_LNB_USE_YN = 'Y' ORDER BY CT_LNB_IDX
2025-01-07 17:13:35 [http-nio-8080-exec-9] DEBUG c.s.d.m.CommonMapper.selectLnbList - ==> Parameters: 
2025-01-07 17:13:35 [http-nio-8080-exec-9] DEBUG c.s.d.m.CommonMapper.selectLnbList - <==      Total: 4
2025-01-07 17:13:35 [http-nio-8080-exec-9] DEBUG org.mybatis.spring.SqlSessionUtils - Closing non transactional SqlSession [org.apache.ibatis.session.defaults.DefaultSqlSession@1b8081c]
2025-01-07 17:13:35 [http-nio-8080-exec-10] DEBUG org.mybatis.spring.SqlSessionUtils - Creating a new SqlSession
2025-01-07 17:13:35 [http-nio-8080-exec-10] DEBUG org.mybatis.spring.SqlSessionUtils - SqlSession [org.apache.ibatis.session.defaults.DefaultSqlSession@68fa192d] was not registered for synchronization because synchronization is not active
2025-01-07 17:13:35 [http-nio-8080-exec-10] DEBUG o.m.s.t.SpringManagedTransaction - JDBC Connection [HikariProxyConnection@1715337794 wrapping com.mysql.cj.jdbc.ConnectionImpl@5c96ebdb] will not be managed by Spring
2025-01-07 17:13:35 [http-nio-8080-exec-10] DEBUG c.s.d.m.CommonMapper.selectLnbList - ==>  Preparing: SELECT CT_LNB_IDX AS ctLnbIdx, CT_LNB_ID AS ctLnbId, CT_LNB_NAME AS ctLnbName, CT_LNB_SUB_YN AS ctLnbSubYn, CT_LNB_URL AS ctLnbUrl, CT_LNB_USE_YN AS ctLnbUseYn FROM CT_LNB WHERE CT_LNB_USE_YN = 'Y' ORDER BY CT_LNB_IDX
2025-01-07 17:13:35 [http-nio-8080-exec-10] DEBUG c.s.d.m.CommonMapper.selectLnbList - ==> Parameters: 
2025-01-07 17:13:35 [http-nio-8080-exec-10] DEBUG c.s.d.m.CommonMapper.selectLnbList - <==      Total: 4
2025-01-07 17:13:35 [http-nio-8080-exec-10] DEBUG org.mybatis.spring.SqlSessionUtils - Closing non transactional SqlSession [org.apache.ibatis.session.defaults.DefaultSqlSession@68fa192d]
2025-01-07 17:13:35 [http-nio-8080-exec-1] DEBUG org.mybatis.spring.SqlSessionUtils - Creating a new SqlSession
2025-01-07 17:13:35 [http-nio-8080-exec-3] DEBUG org.mybatis.spring.SqlSessionUtils - Creating a new SqlSession
2025-01-07 17:13:35 [http-nio-8080-exec-6] DEBUG org.mybatis.spring.SqlSessionUtils - Creating a new SqlSession
2025-01-07 17:13:35 [http-nio-8080-exec-1] DEBUG org.mybatis.spring.SqlSessionUtils - SqlSession [org.apache.ibatis.session.defaults.DefaultSqlSession@3e62515c] was not registered for synchronization because synchronization is not active
2025-01-07 17:13:35 [http-nio-8080-exec-6] DEBUG org.mybatis.spring.SqlSessionUtils - SqlSession [org.apache.ibatis.session.defaults.DefaultSqlSession@2825f7f1] was not registered for synchronization because synchronization is not active
2025-01-07 17:13:35 [http-nio-8080-exec-3] DEBUG org.mybatis.spring.SqlSessionUtils - SqlSession [org.apache.ibatis.session.defaults.DefaultSqlSession@6742ecb] was not registered for synchronization because synchronization is not active
2025-01-07 17:13:35 [http-nio-8080-exec-1] DEBUG o.m.s.t.SpringManagedTransaction - JDBC Connection [HikariProxyConnection@816947100 wrapping com.mysql.cj.jdbc.ConnectionImpl@5c96ebdb] will not be managed by Spring
2025-01-07 17:13:35 [http-nio-8080-exec-1] DEBUG c.s.d.m.C.selectLnbSubList - ==>  Preparing: SELECT CT_LNB_SUB_IDX AS ctLnbSubIdx, CT_LNB_ID AS ctLnbId, CT_LNB_SUB_ID AS ctLnbSubId, CT_LNB_SUB_NAME AS ctLnbSubName, CT_LNB_SUB_URL AS ctLnbSubUrl FROM CT_LNB_SUB WHERE CT_LNB_ID = ? ORDER BY CT_LNB_SUB_IDX
2025-01-07 17:13:35 [http-nio-8080-exec-1] DEBUG c.s.d.m.C.selectLnbSubList - ==> Parameters: CT_LNB_INFORMATION(String)
2025-01-07 17:13:35 [http-nio-8080-exec-1] DEBUG c.s.d.m.C.selectLnbSubList - <==      Total: 2
2025-01-07 17:13:35 [http-nio-8080-exec-1] DEBUG org.mybatis.spring.SqlSessionUtils - Closing non transactional SqlSession [org.apache.ibatis.session.defaults.DefaultSqlSession@3e62515c]
2025-01-07 17:13:35 [http-nio-8080-exec-6] DEBUG o.m.s.t.SpringManagedTransaction - JDBC Connection [HikariProxyConnection@1870633420 wrapping com.mysql.cj.jdbc.ConnectionImpl@5c96ebdb] will not be managed by Spring
2025-01-07 17:13:35 [http-nio-8080-exec-6] DEBUG c.s.d.m.C.selectLnbSubList - ==>  Preparing: SELECT CT_LNB_SUB_IDX AS ctLnbSubIdx, CT_LNB_ID AS ctLnbId, CT_LNB_SUB_ID AS ctLnbSubId, CT_LNB_SUB_NAME AS ctLnbSubName, CT_LNB_SUB_URL AS ctLnbSubUrl FROM CT_LNB_SUB WHERE CT_LNB_ID = ? ORDER BY CT_LNB_SUB_IDX
2025-01-07 17:13:35 [http-nio-8080-exec-6] DEBUG c.s.d.m.C.selectLnbSubList - ==> Parameters: CT_LNB_CONTACT(String)
2025-01-07 17:13:35 [http-nio-8080-exec-6] DEBUG c.s.d.m.C.selectLnbSubList - <==      Total: 2
2025-01-07 17:13:35 [http-nio-8080-exec-6] DEBUG org.mybatis.spring.SqlSessionUtils - Closing non transactional SqlSession [org.apache.ibatis.session.defaults.DefaultSqlSession@2825f7f1]
2025-01-07 17:13:35 [http-nio-8080-exec-3] DEBUG o.m.s.t.SpringManagedTransaction - JDBC Connection [HikariProxyConnection@838340778 wrapping com.mysql.cj.jdbc.ConnectionImpl@5c96ebdb] will not be managed by Spring
2025-01-07 17:13:35 [http-nio-8080-exec-3] DEBUG c.s.d.m.C.selectLnbSubList - ==>  Preparing: SELECT CT_LNB_SUB_IDX AS ctLnbSubIdx, CT_LNB_ID AS ctLnbId, CT_LNB_SUB_ID AS ctLnbSubId, CT_LNB_SUB_NAME AS ctLnbSubName, CT_LNB_SUB_URL AS ctLnbSubUrl FROM CT_LNB_SUB WHERE CT_LNB_ID = ? ORDER BY CT_LNB_SUB_IDX
2025-01-07 17:13:35 [http-nio-8080-exec-3] DEBUG c.s.d.m.C.selectLnbSubList - ==> Parameters: CT_LNB_SERVICE(String)
2025-01-07 17:13:35 [http-nio-8080-exec-2] DEBUG org.mybatis.spring.SqlSessionUtils - Creating a new SqlSession
2025-01-07 17:13:35 [http-nio-8080-exec-2] DEBUG org.mybatis.spring.SqlSessionUtils - SqlSession [org.apache.ibatis.session.defaults.DefaultSqlSession@2ccca1c9] was not registered for synchronization because synchronization is not active
2025-01-07 17:13:35 [http-nio-8080-exec-3] DEBUG c.s.d.m.C.selectLnbSubList - <==      Total: 4
2025-01-07 17:13:35 [http-nio-8080-exec-7] DEBUG org.mybatis.spring.SqlSessionUtils - Creating a new SqlSession
2025-01-07 17:13:35 [http-nio-8080-exec-3] DEBUG org.mybatis.spring.SqlSessionUtils - Closing non transactional SqlSession [org.apache.ibatis.session.defaults.DefaultSqlSession@6742ecb]
2025-01-07 17:13:35 [http-nio-8080-exec-7] DEBUG org.mybatis.spring.SqlSessionUtils - SqlSession [org.apache.ibatis.session.defaults.DefaultSqlSession@4ca2e336] was not registered for synchronization because synchronization is not active
2025-01-07 17:13:35 [http-nio-8080-exec-2] DEBUG o.m.s.t.SpringManagedTransaction - JDBC Connection [HikariProxyConnection@800328390 wrapping com.mysql.cj.jdbc.ConnectionImpl@5c96ebdb] will not be managed by Spring
2025-01-07 17:13:35 [http-nio-8080-exec-2] DEBUG c.s.d.m.C.selectLnbSubList - ==>  Preparing: SELECT CT_LNB_SUB_IDX AS ctLnbSubIdx, CT_LNB_ID AS ctLnbId, CT_LNB_SUB_ID AS ctLnbSubId, CT_LNB_SUB_NAME AS ctLnbSubName, CT_LNB_SUB_URL AS ctLnbSubUrl FROM CT_LNB_SUB WHERE CT_LNB_ID = ? ORDER BY CT_LNB_SUB_IDX
2025-01-07 17:13:35 [http-nio-8080-exec-2] DEBUG c.s.d.m.C.selectLnbSubList - ==> Parameters: CT_LNB_INFORMATION(String)
2025-01-07 17:13:35 [http-nio-8080-exec-2] DEBUG c.s.d.m.C.selectLnbSubList - <==      Total: 2
2025-01-07 17:13:35 [http-nio-8080-exec-2] DEBUG org.mybatis.spring.SqlSessionUtils - Closing non transactional SqlSession [org.apache.ibatis.session.defaults.DefaultSqlSession@2ccca1c9]
2025-01-07 17:13:35 [http-nio-8080-exec-7] DEBUG o.m.s.t.SpringManagedTransaction - JDBC Connection [HikariProxyConnection@1260359000 wrapping com.mysql.cj.jdbc.ConnectionImpl@5c96ebdb] will not be managed by Spring
2025-01-07 17:13:35 [http-nio-8080-exec-7] DEBUG c.s.d.m.C.selectLnbSubList - ==>  Preparing: SELECT CT_LNB_SUB_IDX AS ctLnbSubIdx, CT_LNB_ID AS ctLnbId, CT_LNB_SUB_ID AS ctLnbSubId, CT_LNB_SUB_NAME AS ctLnbSubName, CT_LNB_SUB_URL AS ctLnbSubUrl FROM CT_LNB_SUB WHERE CT_LNB_ID = ? ORDER BY CT_LNB_SUB_IDX
2025-01-07 17:13:35 [http-nio-8080-exec-5] DEBUG org.mybatis.spring.SqlSessionUtils - Creating a new SqlSession
2025-01-07 17:13:35 [http-nio-8080-exec-7] DEBUG c.s.d.m.C.selectLnbSubList - ==> Parameters: CT_LNB_CONTACT(String)
2025-01-07 17:13:35 [http-nio-8080-exec-5] DEBUG org.mybatis.spring.SqlSessionUtils - SqlSession [org.apache.ibatis.session.defaults.DefaultSqlSession@537a478c] was not registered for synchronization because synchronization is not active
2025-01-07 17:13:35 [http-nio-8080-exec-7] DEBUG c.s.d.m.C.selectLnbSubList - <==      Total: 2
2025-01-07 17:13:35 [http-nio-8080-exec-7] DEBUG org.mybatis.spring.SqlSessionUtils - Closing non transactional SqlSession [org.apache.ibatis.session.defaults.DefaultSqlSession@4ca2e336]
2025-01-07 17:13:35 [http-nio-8080-exec-5] DEBUG o.m.s.t.SpringManagedTransaction - JDBC Connection [HikariProxyConnection@1134457782 wrapping com.mysql.cj.jdbc.ConnectionImpl@5c96ebdb] will not be managed by Spring
2025-01-07 17:13:35 [http-nio-8080-exec-5] DEBUG c.s.d.m.C.selectLnbSubList - ==>  Preparing: SELECT CT_LNB_SUB_IDX AS ctLnbSubIdx, CT_LNB_ID AS ctLnbId, CT_LNB_SUB_ID AS ctLnbSubId, CT_LNB_SUB_NAME AS ctLnbSubName, CT_LNB_SUB_URL AS ctLnbSubUrl FROM CT_LNB_SUB WHERE CT_LNB_ID = ? ORDER BY CT_LNB_SUB_IDX
2025-01-07 17:13:35 [http-nio-8080-exec-5] DEBUG c.s.d.m.C.selectLnbSubList - ==> Parameters: CT_LNB_SERVICE(String)
2025-01-07 17:13:35 [http-nio-8080-exec-5] DEBUG c.s.d.m.C.selectLnbSubList - <==      Total: 4
2025-01-07 17:13:35 [http-nio-8080-exec-5] DEBUG org.mybatis.spring.SqlSessionUtils - Closing non transactional SqlSession [org.apache.ibatis.session.defaults.DefaultSqlSession@537a478c]
2025-01-07 17:13:36 [http-nio-8080-exec-4] WARN  o.t.s.p.AbstractStandardFragmentInsertionTagProcessor - [THYMELEAF][http-nio-8080-exec-4][common/layout/layout] Deprecated unwrapped fragment expression "common/fragments/header::header" found in template common/layout/layout, line 29, col 10. Please use the complete syntax of fragment expressions instead ("~{common/fragments/header::header}"). The old, unwrapped syntax for fragment expressions will be removed in future versions of Thymeleaf.
2025-01-07 17:13:36 [http-nio-8080-exec-4] WARN  o.t.s.p.AbstractStandardFragmentInsertionTagProcessor - [THYMELEAF][http-nio-8080-exec-4][common/layout/layout] Deprecated unwrapped fragment expression "common/fragments/footer::footer" found in template common/layout/layout, line 33, col 10. Please use the complete syntax of fragment expressions instead ("~{common/fragments/footer::footer}"). The old, unwrapped syntax for fragment expressions will be removed in future versions of Thymeleaf.
2025-01-07 17:13:36 [http-nio-8080-exec-5] DEBUG org.mybatis.spring.SqlSessionUtils - Creating a new SqlSession
2025-01-07 17:13:36 [http-nio-8080-exec-5] DEBUG org.mybatis.spring.SqlSessionUtils - SqlSession [org.apache.ibatis.session.defaults.DefaultSqlSession@499f0027] was not registered for synchronization because synchronization is not active
2025-01-07 17:13:36 [http-nio-8080-exec-5] DEBUG o.m.s.t.SpringManagedTransaction - JDBC Connection [HikariProxyConnection@447825546 wrapping com.mysql.cj.jdbc.ConnectionImpl@5c96ebdb] will not be managed by Spring
2025-01-07 17:13:36 [http-nio-8080-exec-5] DEBUG c.s.d.m.CommonMapper.selectLnbList - ==>  Preparing: SELECT CT_LNB_IDX AS ctLnbIdx, CT_LNB_ID AS ctLnbId, CT_LNB_NAME AS ctLnbName, CT_LNB_SUB_YN AS ctLnbSubYn, CT_LNB_URL AS ctLnbUrl, CT_LNB_USE_YN AS ctLnbUseYn FROM CT_LNB WHERE CT_LNB_USE_YN = 'Y' ORDER BY CT_LNB_IDX
2025-01-07 17:13:36 [http-nio-8080-exec-5] DEBUG c.s.d.m.CommonMapper.selectLnbList - ==> Parameters: 
2025-01-07 17:13:36 [http-nio-8080-exec-5] DEBUG c.s.d.m.CommonMapper.selectLnbList - <==      Total: 4
2025-01-07 17:13:36 [http-nio-8080-exec-5] DEBUG org.mybatis.spring.SqlSessionUtils - Closing non transactional SqlSession [org.apache.ibatis.session.defaults.DefaultSqlSession@499f0027]
2025-01-07 17:13:36 [http-nio-8080-exec-4] DEBUG org.mybatis.spring.SqlSessionUtils - Creating a new SqlSession
2025-01-07 17:13:36 [http-nio-8080-exec-4] DEBUG org.mybatis.spring.SqlSessionUtils - SqlSession [org.apache.ibatis.session.defaults.DefaultSqlSession@517fa709] was not registered for synchronization because synchronization is not active
2025-01-07 17:13:36 [http-nio-8080-exec-4] DEBUG o.m.s.t.SpringManagedTransaction - JDBC Connection [HikariProxyConnection@2118537897 wrapping com.mysql.cj.jdbc.ConnectionImpl@5c96ebdb] will not be managed by Spring
2025-01-07 17:13:36 [http-nio-8080-exec-4] DEBUG c.s.d.m.CommonMapper.selectLnbList - ==>  Preparing: SELECT CT_LNB_IDX AS ctLnbIdx, CT_LNB_ID AS ctLnbId, CT_LNB_NAME AS ctLnbName, CT_LNB_SUB_YN AS ctLnbSubYn, CT_LNB_URL AS ctLnbUrl, CT_LNB_USE_YN AS ctLnbUseYn FROM CT_LNB WHERE CT_LNB_USE_YN = 'Y' ORDER BY CT_LNB_IDX
2025-01-07 17:13:36 [http-nio-8080-exec-4] DEBUG c.s.d.m.CommonMapper.selectLnbList - ==> Parameters: 
2025-01-07 17:13:36 [http-nio-8080-exec-4] DEBUG c.s.d.m.CommonMapper.selectLnbList - <==      Total: 4
2025-01-07 17:13:36 [http-nio-8080-exec-4] DEBUG org.mybatis.spring.SqlSessionUtils - Closing non transactional SqlSession [org.apache.ibatis.session.defaults.DefaultSqlSession@517fa709]
2025-01-07 17:13:36 [http-nio-8080-exec-10] DEBUG org.mybatis.spring.SqlSessionUtils - Creating a new SqlSession
2025-01-07 17:13:36 [http-nio-8080-exec-6] DEBUG org.mybatis.spring.SqlSessionUtils - Creating a new SqlSession
2025-01-07 17:13:36 [http-nio-8080-exec-8] DEBUG org.mybatis.spring.SqlSessionUtils - Creating a new SqlSession
2025-01-07 17:13:36 [http-nio-8080-exec-6] DEBUG org.mybatis.spring.SqlSessionUtils - SqlSession [org.apache.ibatis.session.defaults.DefaultSqlSession@450679e4] was not registered for synchronization because synchronization is not active
2025-01-07 17:13:36 [http-nio-8080-exec-10] DEBUG org.mybatis.spring.SqlSessionUtils - SqlSession [org.apache.ibatis.session.defaults.DefaultSqlSession@1f0bb6c5] was not registered for synchronization because synchronization is not active
2025-01-07 17:13:36 [http-nio-8080-exec-8] DEBUG org.mybatis.spring.SqlSessionUtils - SqlSession [org.apache.ibatis.session.defaults.DefaultSqlSession@7a956eaa] was not registered for synchronization because synchronization is not active
2025-01-07 17:13:36 [http-nio-8080-exec-10] DEBUG o.m.s.t.SpringManagedTransaction - JDBC Connection [HikariProxyConnection@376287372 wrapping com.mysql.cj.jdbc.ConnectionImpl@5c96ebdb] will not be managed by Spring
2025-01-07 17:13:36 [http-nio-8080-exec-6] DEBUG o.m.s.t.SpringManagedTransaction - JDBC Connection [HikariProxyConnection@927063262 wrapping com.mysql.cj.jdbc.ConnectionImpl@11fec62f] will not be managed by Spring
2025-01-07 17:13:36 [http-nio-8080-exec-10] DEBUG c.s.d.m.C.selectLnbSubList - ==>  Preparing: SELECT CT_LNB_SUB_IDX AS ctLnbSubIdx, CT_LNB_ID AS ctLnbId, CT_LNB_SUB_ID AS ctLnbSubId, CT_LNB_SUB_NAME AS ctLnbSubName, CT_LNB_SUB_URL AS ctLnbSubUrl FROM CT_LNB_SUB WHERE CT_LNB_ID = ? ORDER BY CT_LNB_SUB_IDX
2025-01-07 17:13:36 [http-nio-8080-exec-6] DEBUG c.s.d.m.C.selectLnbSubList - ==>  Preparing: SELECT CT_LNB_SUB_IDX AS ctLnbSubIdx, CT_LNB_ID AS ctLnbId, CT_LNB_SUB_ID AS ctLnbSubId, CT_LNB_SUB_NAME AS ctLnbSubName, CT_LNB_SUB_URL AS ctLnbSubUrl FROM CT_LNB_SUB WHERE CT_LNB_ID = ? ORDER BY CT_LNB_SUB_IDX
2025-01-07 17:13:36 [http-nio-8080-exec-10] DEBUG c.s.d.m.C.selectLnbSubList - ==> Parameters: CT_LNB_INFORMATION(String)
2025-01-07 17:13:36 [http-nio-8080-exec-6] DEBUG c.s.d.m.C.selectLnbSubList - ==> Parameters: CT_LNB_SERVICE(String)
2025-01-07 17:13:36 [http-nio-8080-exec-8] DEBUG o.m.s.t.SpringManagedTransaction - JDBC Connection [HikariProxyConnection@1066925980 wrapping com.mysql.cj.jdbc.ConnectionImpl@27cc7e61] will not be managed by Spring
2025-01-07 17:13:36 [http-nio-8080-exec-8] DEBUG c.s.d.m.C.selectLnbSubList - ==>  Preparing: SELECT CT_LNB_SUB_IDX AS ctLnbSubIdx, CT_LNB_ID AS ctLnbId, CT_LNB_SUB_ID AS ctLnbSubId, CT_LNB_SUB_NAME AS ctLnbSubName, CT_LNB_SUB_URL AS ctLnbSubUrl FROM CT_LNB_SUB WHERE CT_LNB_ID = ? ORDER BY CT_LNB_SUB_IDX
2025-01-07 17:13:36 [http-nio-8080-exec-8] DEBUG c.s.d.m.C.selectLnbSubList - ==> Parameters: CT_LNB_CONTACT(String)
2025-01-07 17:13:36 [http-nio-8080-exec-10] DEBUG c.s.d.m.C.selectLnbSubList - <==      Total: 2
2025-01-07 17:13:36 [http-nio-8080-exec-6] DEBUG c.s.d.m.C.selectLnbSubList - <==      Total: 4
2025-01-07 17:13:36 [http-nio-8080-exec-8] DEBUG c.s.d.m.C.selectLnbSubList - <==      Total: 2
2025-01-07 17:13:36 [http-nio-8080-exec-10] DEBUG org.mybatis.spring.SqlSessionUtils - Closing non transactional SqlSession [org.apache.ibatis.session.defaults.DefaultSqlSession@1f0bb6c5]
2025-01-07 17:13:36 [http-nio-8080-exec-8] DEBUG org.mybatis.spring.SqlSessionUtils - Closing non transactional SqlSession [org.apache.ibatis.session.defaults.DefaultSqlSession@7a956eaa]
2025-01-07 17:13:36 [http-nio-8080-exec-6] DEBUG org.mybatis.spring.SqlSessionUtils - Closing non transactional SqlSession [org.apache.ibatis.session.defaults.DefaultSqlSession@450679e4]
2025-01-07 17:13:36 [http-nio-8080-exec-9] DEBUG org.mybatis.spring.SqlSessionUtils - Creating a new SqlSession
2025-01-07 17:13:36 [http-nio-8080-exec-9] DEBUG org.mybatis.spring.SqlSessionUtils - SqlSession [org.apache.ibatis.session.defaults.DefaultSqlSession@135385e0] was not registered for synchronization because synchronization is not active
2025-01-07 17:13:36 [http-nio-8080-exec-9] DEBUG o.m.s.t.SpringManagedTransaction - JDBC Connection [HikariProxyConnection@668660700 wrapping com.mysql.cj.jdbc.ConnectionImpl@5c96ebdb] will not be managed by Spring
2025-01-07 17:13:36 [http-nio-8080-exec-9] DEBUG c.s.d.m.C.selectLnbSubList - ==>  Preparing: SELECT CT_LNB_SUB_IDX AS ctLnbSubIdx, CT_LNB_ID AS ctLnbId, CT_LNB_SUB_ID AS ctLnbSubId, CT_LNB_SUB_NAME AS ctLnbSubName, CT_LNB_SUB_URL AS ctLnbSubUrl FROM CT_LNB_SUB WHERE CT_LNB_ID = ? ORDER BY CT_LNB_SUB_IDX
2025-01-07 17:13:36 [http-nio-8080-exec-9] DEBUG c.s.d.m.C.selectLnbSubList - ==> Parameters: CT_LNB_INFORMATION(String)
2025-01-07 17:13:36 [http-nio-8080-exec-9] DEBUG c.s.d.m.C.selectLnbSubList - <==      Total: 2
2025-01-07 17:13:36 [http-nio-8080-exec-1] DEBUG org.mybatis.spring.SqlSessionUtils - Creating a new SqlSession
2025-01-07 17:13:36 [http-nio-8080-exec-3] DEBUG org.mybatis.spring.SqlSessionUtils - Creating a new SqlSession
2025-01-07 17:13:36 [http-nio-8080-exec-1] DEBUG org.mybatis.spring.SqlSessionUtils - SqlSession [org.apache.ibatis.session.defaults.DefaultSqlSession@6a0e597c] was not registered for synchronization because synchronization is not active
2025-01-07 17:13:36 [http-nio-8080-exec-3] DEBUG org.mybatis.spring.SqlSessionUtils - SqlSession [org.apache.ibatis.session.defaults.DefaultSqlSession@64c03159] was not registered for synchronization because synchronization is not active
2025-01-07 17:13:36 [http-nio-8080-exec-9] DEBUG org.mybatis.spring.SqlSessionUtils - Closing non transactional SqlSession [org.apache.ibatis.session.defaults.DefaultSqlSession@135385e0]
2025-01-07 17:13:36 [http-nio-8080-exec-1] DEBUG o.m.s.t.SpringManagedTransaction - JDBC Connection [HikariProxyConnection@953164047 wrapping com.mysql.cj.jdbc.ConnectionImpl@27cc7e61] will not be managed by Spring
2025-01-07 17:13:36 [http-nio-8080-exec-1] DEBUG c.s.d.m.C.selectLnbSubList - ==>  Preparing: SELECT CT_LNB_SUB_IDX AS ctLnbSubIdx, CT_LNB_ID AS ctLnbId, CT_LNB_SUB_ID AS ctLnbSubId, CT_LNB_SUB_NAME AS ctLnbSubName, CT_LNB_SUB_URL AS ctLnbSubUrl FROM CT_LNB_SUB WHERE CT_LNB_ID = ? ORDER BY CT_LNB_SUB_IDX
2025-01-07 17:13:36 [http-nio-8080-exec-1] DEBUG c.s.d.m.C.selectLnbSubList - ==> Parameters: CT_LNB_SERVICE(String)
2025-01-07 17:13:36 [http-nio-8080-exec-3] DEBUG o.m.s.t.SpringManagedTransaction - JDBC Connection [HikariProxyConnection@1234515719 wrapping com.mysql.cj.jdbc.ConnectionImpl@5c96ebdb] will not be managed by Spring
2025-01-07 17:13:36 [http-nio-8080-exec-3] DEBUG c.s.d.m.C.selectLnbSubList - ==>  Preparing: SELECT CT_LNB_SUB_IDX AS ctLnbSubIdx, CT_LNB_ID AS ctLnbId, CT_LNB_SUB_ID AS ctLnbSubId, CT_LNB_SUB_NAME AS ctLnbSubName, CT_LNB_SUB_URL AS ctLnbSubUrl FROM CT_LNB_SUB WHERE CT_LNB_ID = ? ORDER BY CT_LNB_SUB_IDX
2025-01-07 17:13:36 [http-nio-8080-exec-3] DEBUG c.s.d.m.C.selectLnbSubList - ==> Parameters: CT_LNB_CONTACT(String)
2025-01-07 17:13:36 [http-nio-8080-exec-1] DEBUG c.s.d.m.C.selectLnbSubList - <==      Total: 4
2025-01-07 17:13:36 [http-nio-8080-exec-1] DEBUG org.mybatis.spring.SqlSessionUtils - Closing non transactional SqlSession [org.apache.ibatis.session.defaults.DefaultSqlSession@6a0e597c]
2025-01-07 17:13:36 [http-nio-8080-exec-3] DEBUG c.s.d.m.C.selectLnbSubList - <==      Total: 2
2025-01-07 17:13:36 [http-nio-8080-exec-3] DEBUG org.mybatis.spring.SqlSessionUtils - Closing non transactional SqlSession [org.apache.ibatis.session.defaults.DefaultSqlSession@64c03159]
2025-01-07 17:13:46 [http-nio-8080-exec-7] WARN  o.t.s.p.AbstractStandardFragmentInsertionTagProcessor - [THYMELEAF][http-nio-8080-exec-7][common/layout/layout] Deprecated unwrapped fragment expression "common/fragments/header::header" found in template common/layout/layout, line 29, col 10. Please use the complete syntax of fragment expressions instead ("~{common/fragments/header::header}"). The old, unwrapped syntax for fragment expressions will be removed in future versions of Thymeleaf.
2025-01-07 17:13:46 [http-nio-8080-exec-7] WARN  o.t.s.p.AbstractStandardFragmentInsertionTagProcessor - [THYMELEAF][http-nio-8080-exec-7][common/layout/layout] Deprecated unwrapped fragment expression "common/fragments/footer::footer" found in template common/layout/layout, line 33, col 10. Please use the complete syntax of fragment expressions instead ("~{common/fragments/footer::footer}"). The old, unwrapped syntax for fragment expressions will be removed in future versions of Thymeleaf.
2025-01-07 17:13:46 [http-nio-8080-exec-3] DEBUG org.mybatis.spring.SqlSessionUtils - Creating a new SqlSession
2025-01-07 17:13:46 [http-nio-8080-exec-3] DEBUG org.mybatis.spring.SqlSessionUtils - SqlSession [org.apache.ibatis.session.defaults.DefaultSqlSession@16ab666e] was not registered for synchronization because synchronization is not active
2025-01-07 17:13:46 [http-nio-8080-exec-3] DEBUG o.m.s.t.SpringManagedTransaction - JDBC Connection [HikariProxyConnection@57363398 wrapping com.mysql.cj.jdbc.ConnectionImpl@5c96ebdb] will not be managed by Spring
2025-01-07 17:13:46 [http-nio-8080-exec-3] DEBUG c.s.d.m.CommonMapper.selectLnbList - ==>  Preparing: SELECT CT_LNB_IDX AS ctLnbIdx, CT_LNB_ID AS ctLnbId, CT_LNB_NAME AS ctLnbName, CT_LNB_SUB_YN AS ctLnbSubYn, CT_LNB_URL AS ctLnbUrl, CT_LNB_USE_YN AS ctLnbUseYn FROM CT_LNB WHERE CT_LNB_USE_YN = 'Y' ORDER BY CT_LNB_IDX
2025-01-07 17:13:46 [http-nio-8080-exec-3] DEBUG c.s.d.m.CommonMapper.selectLnbList - ==> Parameters: 
2025-01-07 17:13:46 [http-nio-8080-exec-3] DEBUG c.s.d.m.CommonMapper.selectLnbList - <==      Total: 4
2025-01-07 17:13:46 [http-nio-8080-exec-3] DEBUG org.mybatis.spring.SqlSessionUtils - Closing non transactional SqlSession [org.apache.ibatis.session.defaults.DefaultSqlSession@16ab666e]
2025-01-07 17:13:46 [http-nio-8080-exec-7] DEBUG org.mybatis.spring.SqlSessionUtils - Creating a new SqlSession
2025-01-07 17:13:46 [http-nio-8080-exec-7] DEBUG org.mybatis.spring.SqlSessionUtils - SqlSession [org.apache.ibatis.session.defaults.DefaultSqlSession@14081cf1] was not registered for synchronization because synchronization is not active
2025-01-07 17:13:46 [http-nio-8080-exec-7] DEBUG o.m.s.t.SpringManagedTransaction - JDBC Connection [HikariProxyConnection@1461659979 wrapping com.mysql.cj.jdbc.ConnectionImpl@5c96ebdb] will not be managed by Spring
2025-01-07 17:13:46 [http-nio-8080-exec-7] DEBUG c.s.d.m.CommonMapper.selectLnbList - ==>  Preparing: SELECT CT_LNB_IDX AS ctLnbIdx, CT_LNB_ID AS ctLnbId, CT_LNB_NAME AS ctLnbName, CT_LNB_SUB_YN AS ctLnbSubYn, CT_LNB_URL AS ctLnbUrl, CT_LNB_USE_YN AS ctLnbUseYn FROM CT_LNB WHERE CT_LNB_USE_YN = 'Y' ORDER BY CT_LNB_IDX
2025-01-07 17:13:46 [http-nio-8080-exec-7] DEBUG c.s.d.m.CommonMapper.selectLnbList - ==> Parameters: 
2025-01-07 17:13:46 [http-nio-8080-exec-7] DEBUG c.s.d.m.CommonMapper.selectLnbList - <==      Total: 4
2025-01-07 17:13:46 [http-nio-8080-exec-7] DEBUG org.mybatis.spring.SqlSessionUtils - Closing non transactional SqlSession [org.apache.ibatis.session.defaults.DefaultSqlSession@14081cf1]
2025-01-07 17:13:46 [http-nio-8080-exec-5] DEBUG org.mybatis.spring.SqlSessionUtils - Creating a new SqlSession
2025-01-07 17:13:46 [http-nio-8080-exec-4] DEBUG org.mybatis.spring.SqlSessionUtils - Creating a new SqlSession
2025-01-07 17:13:46 [http-nio-8080-exec-2] DEBUG org.mybatis.spring.SqlSessionUtils - Creating a new SqlSession
2025-01-07 17:13:46 [http-nio-8080-exec-5] DEBUG org.mybatis.spring.SqlSessionUtils - SqlSession [org.apache.ibatis.session.defaults.DefaultSqlSession@47a9fbfa] was not registered for synchronization because synchronization is not active
2025-01-07 17:13:46 [http-nio-8080-exec-4] DEBUG org.mybatis.spring.SqlSessionUtils - SqlSession [org.apache.ibatis.session.defaults.DefaultSqlSession@4cad299] was not registered for synchronization because synchronization is not active
2025-01-07 17:13:46 [http-nio-8080-exec-2] DEBUG org.mybatis.spring.SqlSessionUtils - SqlSession [org.apache.ibatis.session.defaults.DefaultSqlSession@3e97c11] was not registered for synchronization because synchronization is not active
2025-01-07 17:13:46 [http-nio-8080-exec-2] DEBUG o.m.s.t.SpringManagedTransaction - JDBC Connection [HikariProxyConnection@51151967 wrapping com.mysql.cj.jdbc.ConnectionImpl@5c96ebdb] will not be managed by Spring
2025-01-07 17:13:46 [http-nio-8080-exec-2] DEBUG c.s.d.m.C.selectLnbSubList - ==>  Preparing: SELECT CT_LNB_SUB_IDX AS ctLnbSubIdx, CT_LNB_ID AS ctLnbId, CT_LNB_SUB_ID AS ctLnbSubId, CT_LNB_SUB_NAME AS ctLnbSubName, CT_LNB_SUB_URL AS ctLnbSubUrl FROM CT_LNB_SUB WHERE CT_LNB_ID = ? ORDER BY CT_LNB_SUB_IDX
2025-01-07 17:13:46 [http-nio-8080-exec-2] DEBUG c.s.d.m.C.selectLnbSubList - ==> Parameters: CT_LNB_CONTACT(String)
2025-01-07 17:13:46 [http-nio-8080-exec-5] DEBUG o.m.s.t.SpringManagedTransaction - JDBC Connection [HikariProxyConnection@1463574675 wrapping com.mysql.cj.jdbc.ConnectionImpl@11fec62f] will not be managed by Spring
2025-01-07 17:13:46 [http-nio-8080-exec-4] DEBUG o.m.s.t.SpringManagedTransaction - JDBC Connection [HikariProxyConnection@159477565 wrapping com.mysql.cj.jdbc.ConnectionImpl@27cc7e61] will not be managed by Spring
2025-01-07 17:13:46 [http-nio-8080-exec-5] DEBUG c.s.d.m.C.selectLnbSubList - ==>  Preparing: SELECT CT_LNB_SUB_IDX AS ctLnbSubIdx, CT_LNB_ID AS ctLnbId, CT_LNB_SUB_ID AS ctLnbSubId, CT_LNB_SUB_NAME AS ctLnbSubName, CT_LNB_SUB_URL AS ctLnbSubUrl FROM CT_LNB_SUB WHERE CT_LNB_ID = ? ORDER BY CT_LNB_SUB_IDX
2025-01-07 17:13:46 [http-nio-8080-exec-4] DEBUG c.s.d.m.C.selectLnbSubList - ==>  Preparing: SELECT CT_LNB_SUB_IDX AS ctLnbSubIdx, CT_LNB_ID AS ctLnbId, CT_LNB_SUB_ID AS ctLnbSubId, CT_LNB_SUB_NAME AS ctLnbSubName, CT_LNB_SUB_URL AS ctLnbSubUrl FROM CT_LNB_SUB WHERE CT_LNB_ID = ? ORDER BY CT_LNB_SUB_IDX
2025-01-07 17:13:47 [http-nio-8080-exec-5] DEBUG c.s.d.m.C.selectLnbSubList - ==> Parameters: CT_LNB_SERVICE(String)
2025-01-07 17:13:47 [http-nio-8080-exec-4] DEBUG c.s.d.m.C.selectLnbSubList - ==> Parameters: CT_LNB_INFORMATION(String)
2025-01-07 17:13:47 [http-nio-8080-exec-2] DEBUG c.s.d.m.C.selectLnbSubList - <==      Total: 2
2025-01-07 17:13:47 [http-nio-8080-exec-2] DEBUG org.mybatis.spring.SqlSessionUtils - Closing non transactional SqlSession [org.apache.ibatis.session.defaults.DefaultSqlSession@3e97c11]
2025-01-07 17:13:47 [http-nio-8080-exec-4] DEBUG c.s.d.m.C.selectLnbSubList - <==      Total: 2
2025-01-07 17:13:47 [http-nio-8080-exec-4] DEBUG org.mybatis.spring.SqlSessionUtils - Closing non transactional SqlSession [org.apache.ibatis.session.defaults.DefaultSqlSession@4cad299]
2025-01-07 17:13:47 [http-nio-8080-exec-5] DEBUG c.s.d.m.C.selectLnbSubList - <==      Total: 4
2025-01-07 17:13:47 [http-nio-8080-exec-5] DEBUG org.mybatis.spring.SqlSessionUtils - Closing non transactional SqlSession [org.apache.ibatis.session.defaults.DefaultSqlSession@47a9fbfa]
2025-01-07 17:13:47 [http-nio-8080-exec-10] DEBUG org.mybatis.spring.SqlSessionUtils - Creating a new SqlSession
2025-01-07 17:13:47 [http-nio-8080-exec-8] DEBUG org.mybatis.spring.SqlSessionUtils - Creating a new SqlSession
2025-01-07 17:13:47 [http-nio-8080-exec-6] DEBUG org.mybatis.spring.SqlSessionUtils - Creating a new SqlSession
2025-01-07 17:13:47 [http-nio-8080-exec-10] DEBUG org.mybatis.spring.SqlSessionUtils - SqlSession [org.apache.ibatis.session.defaults.DefaultSqlSession@5d03488] was not registered for synchronization because synchronization is not active
2025-01-07 17:13:47 [http-nio-8080-exec-6] DEBUG org.mybatis.spring.SqlSessionUtils - SqlSession [org.apache.ibatis.session.defaults.DefaultSqlSession@3fdc6e50] was not registered for synchronization because synchronization is not active
2025-01-07 17:13:47 [http-nio-8080-exec-8] DEBUG org.mybatis.spring.SqlSessionUtils - SqlSession [org.apache.ibatis.session.defaults.DefaultSqlSession@5fb800d3] was not registered for synchronization because synchronization is not active
2025-01-07 17:13:47 [http-nio-8080-exec-6] DEBUG o.m.s.t.SpringManagedTransaction - JDBC Connection [HikariProxyConnection@1492391994 wrapping com.mysql.cj.jdbc.ConnectionImpl@11fec62f] will not be managed by Spring
2025-01-07 17:13:47 [http-nio-8080-exec-10] DEBUG o.m.s.t.SpringManagedTransaction - JDBC Connection [HikariProxyConnection@2126650734 wrapping com.mysql.cj.jdbc.ConnectionImpl@5c96ebdb] will not be managed by Spring
2025-01-07 17:13:47 [http-nio-8080-exec-8] DEBUG o.m.s.t.SpringManagedTransaction - JDBC Connection [HikariProxyConnection@457392691 wrapping com.mysql.cj.jdbc.ConnectionImpl@27cc7e61] will not be managed by Spring
2025-01-07 17:13:47 [http-nio-8080-exec-10] DEBUG c.s.d.m.C.selectLnbSubList - ==>  Preparing: SELECT CT_LNB_SUB_IDX AS ctLnbSubIdx, CT_LNB_ID AS ctLnbId, CT_LNB_SUB_ID AS ctLnbSubId, CT_LNB_SUB_NAME AS ctLnbSubName, CT_LNB_SUB_URL AS ctLnbSubUrl FROM CT_LNB_SUB WHERE CT_LNB_ID = ? ORDER BY CT_LNB_SUB_IDX
2025-01-07 17:13:47 [http-nio-8080-exec-6] DEBUG c.s.d.m.C.selectLnbSubList - ==>  Preparing: SELECT CT_LNB_SUB_IDX AS ctLnbSubIdx, CT_LNB_ID AS ctLnbId, CT_LNB_SUB_ID AS ctLnbSubId, CT_LNB_SUB_NAME AS ctLnbSubName, CT_LNB_SUB_URL AS ctLnbSubUrl FROM CT_LNB_SUB WHERE CT_LNB_ID = ? ORDER BY CT_LNB_SUB_IDX
2025-01-07 17:13:47 [http-nio-8080-exec-8] DEBUG c.s.d.m.C.selectLnbSubList - ==>  Preparing: SELECT CT_LNB_SUB_IDX AS ctLnbSubIdx, CT_LNB_ID AS ctLnbId, CT_LNB_SUB_ID AS ctLnbSubId, CT_LNB_SUB_NAME AS ctLnbSubName, CT_LNB_SUB_URL AS ctLnbSubUrl FROM CT_LNB_SUB WHERE CT_LNB_ID = ? ORDER BY CT_LNB_SUB_IDX
2025-01-07 17:13:47 [http-nio-8080-exec-10] DEBUG c.s.d.m.C.selectLnbSubList - ==> Parameters: CT_LNB_CONTACT(String)
2025-01-07 17:13:47 [http-nio-8080-exec-6] DEBUG c.s.d.m.C.selectLnbSubList - ==> Parameters: CT_LNB_INFORMATION(String)
2025-01-07 17:13:47 [http-nio-8080-exec-8] DEBUG c.s.d.m.C.selectLnbSubList - ==> Parameters: CT_LNB_SERVICE(String)
2025-01-07 17:13:47 [http-nio-8080-exec-6] DEBUG c.s.d.m.C.selectLnbSubList - <==      Total: 2
2025-01-07 17:13:47 [http-nio-8080-exec-8] DEBUG c.s.d.m.C.selectLnbSubList - <==      Total: 4
2025-01-07 17:13:47 [http-nio-8080-exec-10] DEBUG c.s.d.m.C.selectLnbSubList - <==      Total: 2
2025-01-07 17:13:47 [http-nio-8080-exec-8] DEBUG org.mybatis.spring.SqlSessionUtils - Closing non transactional SqlSession [org.apache.ibatis.session.defaults.DefaultSqlSession@5fb800d3]
2025-01-07 17:13:47 [http-nio-8080-exec-6] DEBUG org.mybatis.spring.SqlSessionUtils - Closing non transactional SqlSession [org.apache.ibatis.session.defaults.DefaultSqlSession@3fdc6e50]
2025-01-07 17:13:47 [http-nio-8080-exec-10] DEBUG org.mybatis.spring.SqlSessionUtils - Closing non transactional SqlSession [org.apache.ibatis.session.defaults.DefaultSqlSession@5d03488]
2025-01-07 17:13:53 [http-nio-8080-exec-9] WARN  o.t.s.p.AbstractStandardFragmentInsertionTagProcessor - [THYMELEAF][http-nio-8080-exec-9][common/layout/layout] Deprecated unwrapped fragment expression "common/fragments/header::header" found in template common/layout/layout, line 29, col 10. Please use the complete syntax of fragment expressions instead ("~{common/fragments/header::header}"). The old, unwrapped syntax for fragment expressions will be removed in future versions of Thymeleaf.
2025-01-07 17:13:53 [http-nio-8080-exec-9] WARN  o.t.s.p.AbstractStandardFragmentInsertionTagProcessor - [THYMELEAF][http-nio-8080-exec-9][common/layout/layout] Deprecated unwrapped fragment expression "common/fragments/footer::footer" found in template common/layout/layout, line 33, col 10. Please use the complete syntax of fragment expressions instead ("~{common/fragments/footer::footer}"). The old, unwrapped syntax for fragment expressions will be removed in future versions of Thymeleaf.
2025-01-07 17:13:53 [http-nio-8080-exec-6] DEBUG org.mybatis.spring.SqlSessionUtils - Creating a new SqlSession
2025-01-07 17:13:53 [http-nio-8080-exec-6] DEBUG org.mybatis.spring.SqlSessionUtils - SqlSession [org.apache.ibatis.session.defaults.DefaultSqlSession@52b4cfe1] was not registered for synchronization because synchronization is not active
2025-01-07 17:13:53 [http-nio-8080-exec-6] DEBUG o.m.s.t.SpringManagedTransaction - JDBC Connection [HikariProxyConnection@247891209 wrapping com.mysql.cj.jdbc.ConnectionImpl@11fec62f] will not be managed by Spring
2025-01-07 17:13:53 [http-nio-8080-exec-6] DEBUG c.s.d.m.CommonMapper.selectLnbList - ==>  Preparing: SELECT CT_LNB_IDX AS ctLnbIdx, CT_LNB_ID AS ctLnbId, CT_LNB_NAME AS ctLnbName, CT_LNB_SUB_YN AS ctLnbSubYn, CT_LNB_URL AS ctLnbUrl, CT_LNB_USE_YN AS ctLnbUseYn FROM CT_LNB WHERE CT_LNB_USE_YN = 'Y' ORDER BY CT_LNB_IDX
2025-01-07 17:13:53 [http-nio-8080-exec-6] DEBUG c.s.d.m.CommonMapper.selectLnbList - ==> Parameters: 
2025-01-07 17:13:53 [http-nio-8080-exec-6] DEBUG c.s.d.m.CommonMapper.selectLnbList - <==      Total: 4
2025-01-07 17:13:53 [http-nio-8080-exec-6] DEBUG org.mybatis.spring.SqlSessionUtils - Closing non transactional SqlSession [org.apache.ibatis.session.defaults.DefaultSqlSession@52b4cfe1]
2025-01-07 17:13:53 [http-nio-8080-exec-9] DEBUG org.mybatis.spring.SqlSessionUtils - Creating a new SqlSession
2025-01-07 17:13:53 [http-nio-8080-exec-9] DEBUG org.mybatis.spring.SqlSessionUtils - SqlSession [org.apache.ibatis.session.defaults.DefaultSqlSession@469429f1] was not registered for synchronization because synchronization is not active
2025-01-07 17:13:53 [http-nio-8080-exec-9] DEBUG o.m.s.t.SpringManagedTransaction - JDBC Connection [HikariProxyConnection@201456115 wrapping com.mysql.cj.jdbc.ConnectionImpl@5c96ebdb] will not be managed by Spring
2025-01-07 17:13:53 [http-nio-8080-exec-9] DEBUG c.s.d.m.CommonMapper.selectLnbList - ==>  Preparing: SELECT CT_LNB_IDX AS ctLnbIdx, CT_LNB_ID AS ctLnbId, CT_LNB_NAME AS ctLnbName, CT_LNB_SUB_YN AS ctLnbSubYn, CT_LNB_URL AS ctLnbUrl, CT_LNB_USE_YN AS ctLnbUseYn FROM CT_LNB WHERE CT_LNB_USE_YN = 'Y' ORDER BY CT_LNB_IDX
2025-01-07 17:13:53 [http-nio-8080-exec-9] DEBUG c.s.d.m.CommonMapper.selectLnbList - ==> Parameters: 
2025-01-07 17:13:53 [http-nio-8080-exec-9] DEBUG c.s.d.m.CommonMapper.selectLnbList - <==      Total: 4
2025-01-07 17:13:53 [http-nio-8080-exec-9] DEBUG org.mybatis.spring.SqlSessionUtils - Closing non transactional SqlSession [org.apache.ibatis.session.defaults.DefaultSqlSession@469429f1]
2025-01-07 17:13:53 [http-nio-8080-exec-5] DEBUG org.mybatis.spring.SqlSessionUtils - Creating a new SqlSession
2025-01-07 17:13:53 [http-nio-8080-exec-5] DEBUG org.mybatis.spring.SqlSessionUtils - SqlSession [org.apache.ibatis.session.defaults.DefaultSqlSession@2da7a4c7] was not registered for synchronization because synchronization is not active
2025-01-07 17:13:53 [http-nio-8080-exec-5] DEBUG o.m.s.t.SpringManagedTransaction - JDBC Connection [HikariProxyConnection@422277400 wrapping com.mysql.cj.jdbc.ConnectionImpl@11fec62f] will not be managed by Spring
2025-01-07 17:13:53 [http-nio-8080-exec-5] DEBUG c.s.d.m.C.selectLnbSubList - ==>  Preparing: SELECT CT_LNB_SUB_IDX AS ctLnbSubIdx, CT_LNB_ID AS ctLnbId, CT_LNB_SUB_ID AS ctLnbSubId, CT_LNB_SUB_NAME AS ctLnbSubName, CT_LNB_SUB_URL AS ctLnbSubUrl FROM CT_LNB_SUB WHERE CT_LNB_ID = ? ORDER BY CT_LNB_SUB_IDX
2025-01-07 17:13:53 [http-nio-8080-exec-5] DEBUG c.s.d.m.C.selectLnbSubList - ==> Parameters: CT_LNB_INFORMATION(String)
2025-01-07 17:13:53 [http-nio-8080-exec-2] DEBUG org.mybatis.spring.SqlSessionUtils - Creating a new SqlSession
2025-01-07 17:13:53 [http-nio-8080-exec-7] DEBUG org.mybatis.spring.SqlSessionUtils - Creating a new SqlSession
2025-01-07 17:13:53 [http-nio-8080-exec-2] DEBUG org.mybatis.spring.SqlSessionUtils - SqlSession [org.apache.ibatis.session.defaults.DefaultSqlSession@5bcad0d1] was not registered for synchronization because synchronization is not active
2025-01-07 17:13:53 [http-nio-8080-exec-7] DEBUG org.mybatis.spring.SqlSessionUtils - SqlSession [org.apache.ibatis.session.defaults.DefaultSqlSession@23409545] was not registered for synchronization because synchronization is not active
2025-01-07 17:13:53 [http-nio-8080-exec-2] DEBUG o.m.s.t.SpringManagedTransaction - JDBC Connection [HikariProxyConnection@1015257483 wrapping com.mysql.cj.jdbc.ConnectionImpl@5c96ebdb] will not be managed by Spring
2025-01-07 17:13:53 [http-nio-8080-exec-5] DEBUG c.s.d.m.C.selectLnbSubList - <==      Total: 2
2025-01-07 17:13:53 [http-nio-8080-exec-2] DEBUG c.s.d.m.C.selectLnbSubList - ==>  Preparing: SELECT CT_LNB_SUB_IDX AS ctLnbSubIdx, CT_LNB_ID AS ctLnbId, CT_LNB_SUB_ID AS ctLnbSubId, CT_LNB_SUB_NAME AS ctLnbSubName, CT_LNB_SUB_URL AS ctLnbSubUrl FROM CT_LNB_SUB WHERE CT_LNB_ID = ? ORDER BY CT_LNB_SUB_IDX
2025-01-07 17:13:53 [http-nio-8080-exec-2] DEBUG c.s.d.m.C.selectLnbSubList - ==> Parameters: CT_LNB_SERVICE(String)
2025-01-07 17:13:53 [http-nio-8080-exec-7] DEBUG o.m.s.t.SpringManagedTransaction - JDBC Connection [HikariProxyConnection@222012695 wrapping com.mysql.cj.jdbc.ConnectionImpl@27cc7e61] will not be managed by Spring
2025-01-07 17:13:53 [http-nio-8080-exec-5] DEBUG org.mybatis.spring.SqlSessionUtils - Closing non transactional SqlSession [org.apache.ibatis.session.defaults.DefaultSqlSession@2da7a4c7]
2025-01-07 17:13:53 [http-nio-8080-exec-7] DEBUG c.s.d.m.C.selectLnbSubList - ==>  Preparing: SELECT CT_LNB_SUB_IDX AS ctLnbSubIdx, CT_LNB_ID AS ctLnbId, CT_LNB_SUB_ID AS ctLnbSubId, CT_LNB_SUB_NAME AS ctLnbSubName, CT_LNB_SUB_URL AS ctLnbSubUrl FROM CT_LNB_SUB WHERE CT_LNB_ID = ? ORDER BY CT_LNB_SUB_IDX
2025-01-07 17:13:53 [http-nio-8080-exec-7] DEBUG c.s.d.m.C.selectLnbSubList - ==> Parameters: CT_LNB_CONTACT(String)
2025-01-07 17:13:53 [http-nio-8080-exec-7] DEBUG c.s.d.m.C.selectLnbSubList - <==      Total: 2
2025-01-07 17:13:53 [http-nio-8080-exec-2] DEBUG c.s.d.m.C.selectLnbSubList - <==      Total: 4
2025-01-07 17:13:53 [http-nio-8080-exec-7] DEBUG org.mybatis.spring.SqlSessionUtils - Closing non transactional SqlSession [org.apache.ibatis.session.defaults.DefaultSqlSession@23409545]
2025-01-07 17:13:53 [http-nio-8080-exec-2] DEBUG org.mybatis.spring.SqlSessionUtils - Closing non transactional SqlSession [org.apache.ibatis.session.defaults.DefaultSqlSession@5bcad0d1]
2025-01-07 17:13:53 [http-nio-8080-exec-1] DEBUG org.mybatis.spring.SqlSessionUtils - Creating a new SqlSession
2025-01-07 17:13:53 [http-nio-8080-exec-1] DEBUG org.mybatis.spring.SqlSessionUtils - SqlSession [org.apache.ibatis.session.defaults.DefaultSqlSession@69ccc34] was not registered for synchronization because synchronization is not active
2025-01-07 17:13:53 [http-nio-8080-exec-1] DEBUG o.m.s.t.SpringManagedTransaction - JDBC Connection [HikariProxyConnection@1191867508 wrapping com.mysql.cj.jdbc.ConnectionImpl@27cc7e61] will not be managed by Spring
2025-01-07 17:13:53 [http-nio-8080-exec-1] DEBUG c.s.d.m.C.selectLnbSubList - ==>  Preparing: SELECT CT_LNB_SUB_IDX AS ctLnbSubIdx, CT_LNB_ID AS ctLnbId, CT_LNB_SUB_ID AS ctLnbSubId, CT_LNB_SUB_NAME AS ctLnbSubName, CT_LNB_SUB_URL AS ctLnbSubUrl FROM CT_LNB_SUB WHERE CT_LNB_ID = ? ORDER BY CT_LNB_SUB_IDX
2025-01-07 17:13:53 [http-nio-8080-exec-1] DEBUG c.s.d.m.C.selectLnbSubList - ==> Parameters: CT_LNB_INFORMATION(String)
2025-01-07 17:13:53 [http-nio-8080-exec-3] DEBUG org.mybatis.spring.SqlSessionUtils - Creating a new SqlSession
2025-01-07 17:13:53 [http-nio-8080-exec-4] DEBUG org.mybatis.spring.SqlSessionUtils - Creating a new SqlSession
2025-01-07 17:13:53 [http-nio-8080-exec-3] DEBUG org.mybatis.spring.SqlSessionUtils - SqlSession [org.apache.ibatis.session.defaults.DefaultSqlSession@51070fac] was not registered for synchronization because synchronization is not active
2025-01-07 17:13:53 [http-nio-8080-exec-4] DEBUG org.mybatis.spring.SqlSessionUtils - SqlSession [org.apache.ibatis.session.defaults.DefaultSqlSession@4dd11af9] was not registered for synchronization because synchronization is not active
2025-01-07 17:13:53 [http-nio-8080-exec-3] DEBUG o.m.s.t.SpringManagedTransaction - JDBC Connection [HikariProxyConnection@149642033 wrapping com.mysql.cj.jdbc.ConnectionImpl@5c96ebdb] will not be managed by Spring
2025-01-07 17:13:53 [http-nio-8080-exec-4] DEBUG o.m.s.t.SpringManagedTransaction - JDBC Connection [HikariProxyConnection@1336638713 wrapping com.mysql.cj.jdbc.ConnectionImpl@11fec62f] will not be managed by Spring
2025-01-07 17:13:53 [http-nio-8080-exec-4] DEBUG c.s.d.m.C.selectLnbSubList - ==>  Preparing: SELECT CT_LNB_SUB_IDX AS ctLnbSubIdx, CT_LNB_ID AS ctLnbId, CT_LNB_SUB_ID AS ctLnbSubId, CT_LNB_SUB_NAME AS ctLnbSubName, CT_LNB_SUB_URL AS ctLnbSubUrl FROM CT_LNB_SUB WHERE CT_LNB_ID = ? ORDER BY CT_LNB_SUB_IDX
2025-01-07 17:13:53 [http-nio-8080-exec-3] DEBUG c.s.d.m.C.selectLnbSubList - ==>  Preparing: SELECT CT_LNB_SUB_IDX AS ctLnbSubIdx, CT_LNB_ID AS ctLnbId, CT_LNB_SUB_ID AS ctLnbSubId, CT_LNB_SUB_NAME AS ctLnbSubName, CT_LNB_SUB_URL AS ctLnbSubUrl FROM CT_LNB_SUB WHERE CT_LNB_ID = ? ORDER BY CT_LNB_SUB_IDX
2025-01-07 17:13:53 [http-nio-8080-exec-3] DEBUG c.s.d.m.C.selectLnbSubList - ==> Parameters: CT_LNB_SERVICE(String)
2025-01-07 17:13:53 [http-nio-8080-exec-4] DEBUG c.s.d.m.C.selectLnbSubList - ==> Parameters: CT_LNB_CONTACT(String)
2025-01-07 17:13:53 [http-nio-8080-exec-1] DEBUG c.s.d.m.C.selectLnbSubList - <==      Total: 2
2025-01-07 17:13:53 [http-nio-8080-exec-4] DEBUG c.s.d.m.C.selectLnbSubList - <==      Total: 2
2025-01-07 17:13:53 [http-nio-8080-exec-3] DEBUG c.s.d.m.C.selectLnbSubList - <==      Total: 4
2025-01-07 17:13:53 [http-nio-8080-exec-1] DEBUG org.mybatis.spring.SqlSessionUtils - Closing non transactional SqlSession [org.apache.ibatis.session.defaults.DefaultSqlSession@69ccc34]
2025-01-07 17:13:53 [http-nio-8080-exec-3] DEBUG org.mybatis.spring.SqlSessionUtils - Closing non transactional SqlSession [org.apache.ibatis.session.defaults.DefaultSqlSession@51070fac]
2025-01-07 17:13:53 [http-nio-8080-exec-4] DEBUG org.mybatis.spring.SqlSessionUtils - Closing non transactional SqlSession [org.apache.ibatis.session.defaults.DefaultSqlSession@4dd11af9]
2025-01-07 17:13:59 [RMI TCP Connection(2)-127.0.0.1] INFO  o.s.b.a.SpringApplicationAdminMXBeanRegistrar$SpringApplicationAdmin - Application shutdown requested.
2025-01-07 17:13:59 [RMI TCP Connection(2)-127.0.0.1] INFO  o.s.b.w.e.tomcat.GracefulShutdown - Commencing graceful shutdown. Waiting for active requests to complete
2025-01-07 17:13:59 [tomcat-shutdown] INFO  o.a.coyote.http11.Http11NioProtocol - Pausing ProtocolHandler ["http-nio-8080"]
2025-01-07 17:13:59 [tomcat-shutdown] INFO  o.s.b.w.e.tomcat.GracefulShutdown - Graceful shutdown complete
2025-01-07 17:13:59 [RMI TCP Connection(2)-127.0.0.1] INFO  o.a.coyote.http11.Http11NioProtocol - Stopping ProtocolHandler ["http-nio-8080"]
2025-01-07 17:13:59 [RMI TCP Connection(2)-127.0.0.1] INFO  com.zaxxer.hikari.HikariDataSource - HikariPool-1 - Shutdown initiated...
2025-01-07 17:13:59 [RMI TCP Connection(2)-127.0.0.1] INFO  com.zaxxer.hikari.HikariDataSource - HikariPool-1 - Shutdown completed.
