2025-01-13 15:58:11 [restartedMain] INFO  c.s.devspring.DevspringApplication - Starting DevspringApplication using Java 17.0.12 with PID 7280 (C:\Users\aatjx\git\devspring\devspring\bin\main started by aatjx in C:\Users\aatjx\git\devspring\devspring)
2025-01-13 15:58:11 [restartedMain] INFO  c.s.devspring.DevspringApplication - No active profile set, falling back to 1 default profile: "default"
2025-01-13 15:58:11 [restartedMain] INFO  o.s.b.d.e.DevToolsPropertyDefaultsPostProcessor - Devtools property defaults active! Set 'spring.devtools.add-properties' to 'false' to disable
2025-01-13 15:58:11 [restartedMain] INFO  o.s.b.d.e.DevToolsPropertyDefaultsPostProcessor - For additional web related logging consider setting the 'logging.level.web' property to 'DEBUG'
2025-01-13 15:58:11 [restartedMain] INFO  o.s.d.r.c.RepositoryConfigurationDelegate - Multiple Spring Data modules found, entering strict repository configuration mode
2025-01-13 15:58:11 [restartedMain] INFO  o.s.d.r.c.RepositoryConfigurationDelegate - Bootstrapping Spring Data Redis repositories in DEFAULT mode.
2025-01-13 15:58:11 [restartedMain] INFO  o.s.d.r.c.RepositoryConfigurationDelegate - Finished Spring Data repository scanning in 10 ms. Found 0 Redis repository interfaces.
2025-01-13 15:58:12 [restartedMain] DEBUG o.apache.ibatis.logging.LogFactory - Logging initialized using 'class org.apache.ibatis.logging.slf4j.Slf4jImpl' adapter.
2025-01-13 15:58:12 [restartedMain] DEBUG o.m.s.mapper.ClassPathMapperScanner - Identified candidate component class: file [C:\Users\aatjx\git\devspring\devspring\bin\main\com\spring\devspring\mapper\BoardMapper.class]
2025-01-13 15:58:12 [restartedMain] DEBUG o.m.s.mapper.ClassPathMapperScanner - Identified candidate component class: file [C:\Users\aatjx\git\devspring\devspring\bin\main\com\spring\devspring\mapper\CommonMapper.class]
2025-01-13 15:58:12 [restartedMain] DEBUG o.m.s.mapper.ClassPathMapperScanner - Creating MapperFactoryBean with name 'boardMapper' and 'com.spring.devspring.mapper.BoardMapper' mapperInterface
2025-01-13 15:58:12 [restartedMain] DEBUG o.m.s.mapper.ClassPathMapperScanner - Creating MapperFactoryBean with name 'commonMapper' and 'com.spring.devspring.mapper.CommonMapper' mapperInterface
2025-01-13 15:58:12 [restartedMain] INFO  o.s.b.w.e.tomcat.TomcatWebServer - Tomcat initialized with port 8080 (http)
2025-01-13 15:58:12 [restartedMain] INFO  o.a.coyote.http11.Http11NioProtocol - Initializing ProtocolHandler ["http-nio-8080"]
2025-01-13 15:58:12 [restartedMain] INFO  o.a.catalina.core.StandardService - Starting service [Tomcat]
2025-01-13 15:58:12 [restartedMain] INFO  o.a.catalina.core.StandardEngine - Starting Servlet engine: [Apache Tomcat/10.1.34]
2025-01-13 15:58:12 [restartedMain] INFO  o.a.c.c.C.[Tomcat].[localhost].[/] - Initializing Spring embedded WebApplicationContext
2025-01-13 15:58:12 [restartedMain] INFO  o.s.b.w.s.c.ServletWebServerApplicationContext - Root WebApplicationContext: initialization completed in 1153 ms
2025-01-13 15:58:12 [restartedMain] DEBUG o.m.spring.SqlSessionFactoryBean - Property 'configuration' or 'configLocation' not specified, using default MyBatis Configuration
2025-01-13 15:58:12 [restartedMain] DEBUG o.m.spring.SqlSessionFactoryBean - Parsed mapper file: 'file [C:\Users\aatjx\git\devspring\devspring\bin\main\static\mapper\BoardMapper.xml]'
2025-01-13 15:58:12 [restartedMain] DEBUG o.m.spring.SqlSessionFactoryBean - Parsed mapper file: 'file [C:\Users\aatjx\git\devspring\devspring\bin\main\static\mapper\CommonMapper.xml]'
2025-01-13 15:58:13 [restartedMain] INFO  o.s.b.d.a.OptionalLiveReloadServer - LiveReload server is running on port 35729
2025-01-13 15:58:13 [restartedMain] INFO  o.a.coyote.http11.Http11NioProtocol - Starting ProtocolHandler ["http-nio-8080"]
2025-01-13 15:58:13 [restartedMain] INFO  o.s.b.w.e.tomcat.TomcatWebServer - Tomcat started on port 8080 (http) with context path '/'
2025-01-13 15:58:13 [restartedMain] INFO  c.s.devspring.DevspringApplication - Started DevspringApplication in 2.506 seconds (process running for 2.938)
2025-01-13 15:58:14 [http-nio-8080-exec-1] INFO  o.a.c.c.C.[Tomcat].[localhost].[/] - Initializing Spring DispatcherServlet 'dispatcherServlet'
2025-01-13 15:58:14 [http-nio-8080-exec-1] INFO  o.s.web.servlet.DispatcherServlet - Initializing Servlet 'dispatcherServlet'
2025-01-13 15:58:14 [http-nio-8080-exec-1] INFO  o.s.web.servlet.DispatcherServlet - Completed initialization in 1 ms
2025-01-13 15:58:15 [http-nio-8080-exec-1] WARN  o.t.s.p.AbstractStandardFragmentInsertionTagProcessor - [THYMELEAF][http-nio-8080-exec-1][common/layout/layout] Deprecated unwrapped fragment expression "common/fragments/header::header" found in template common/layout/layout, line 33, col 10. Please use the complete syntax of fragment expressions instead ("~{common/fragments/header::header}"). The old, unwrapped syntax for fragment expressions will be removed in future versions of Thymeleaf.
2025-01-13 15:58:15 [http-nio-8080-exec-1] WARN  o.t.s.p.AbstractStandardFragmentInsertionTagProcessor - [THYMELEAF][http-nio-8080-exec-1][common/layout/layout] Deprecated unwrapped fragment expression "common/fragments/footer::footer" found in template common/layout/layout, line 37, col 10. Please use the complete syntax of fragment expressions instead ("~{common/fragments/footer::footer}"). The old, unwrapped syntax for fragment expressions will be removed in future versions of Thymeleaf.
2025-01-13 15:58:15 [http-nio-8080-exec-5] DEBUG org.mybatis.spring.SqlSessionUtils - Creating a new SqlSession
2025-01-13 15:58:15 [http-nio-8080-exec-5] DEBUG org.mybatis.spring.SqlSessionUtils - SqlSession [org.apache.ibatis.session.defaults.DefaultSqlSession@31561ec5] was not registered for synchronization because synchronization is not active
2025-01-13 15:58:15 [http-nio-8080-exec-5] INFO  com.zaxxer.hikari.HikariDataSource - HikariPool-1 - Starting...
2025-01-13 15:58:15 [http-nio-8080-exec-5] INFO  com.zaxxer.hikari.pool.HikariPool - HikariPool-1 - Added connection com.mysql.cj.jdbc.ConnectionImpl@2f55317c
2025-01-13 15:58:15 [http-nio-8080-exec-5] INFO  com.zaxxer.hikari.HikariDataSource - HikariPool-1 - Start completed.
2025-01-13 15:58:15 [http-nio-8080-exec-5] DEBUG o.m.s.t.SpringManagedTransaction - JDBC Connection [HikariProxyConnection@95708820 wrapping com.mysql.cj.jdbc.ConnectionImpl@2f55317c] will not be managed by Spring
2025-01-13 15:58:15 [http-nio-8080-exec-5] DEBUG c.s.d.m.CommonMapper.selectLnbList - ==>  Preparing: SELECT CT_LNB_IDX AS ctLnbIdx, CT_LNB_ID AS ctLnbId, CT_LNB_NAME AS ctLnbName, CT_LNB_SUB_YN AS ctLnbSubYn, CT_LNB_URL AS ctLnbUrl, CT_LNB_USE_YN AS ctLnbUseYn FROM CT_LNB WHERE CT_LNB_USE_YN = 'Y' ORDER BY CT_LNB_IDX
2025-01-13 15:58:15 [http-nio-8080-exec-5] DEBUG c.s.d.m.CommonMapper.selectLnbList - ==> Parameters: 
2025-01-13 15:58:15 [http-nio-8080-exec-5] DEBUG c.s.d.m.CommonMapper.selectLnbList - <==      Total: 4
2025-01-13 15:58:15 [http-nio-8080-exec-5] DEBUG org.mybatis.spring.SqlSessionUtils - Closing non transactional SqlSession [org.apache.ibatis.session.defaults.DefaultSqlSession@31561ec5]
2025-01-13 15:58:15 [http-nio-8080-exec-7] DEBUG org.mybatis.spring.SqlSessionUtils - Creating a new SqlSession
2025-01-13 15:58:15 [http-nio-8080-exec-7] DEBUG org.mybatis.spring.SqlSessionUtils - SqlSession [org.apache.ibatis.session.defaults.DefaultSqlSession@422f1bd] was not registered for synchronization because synchronization is not active
2025-01-13 15:58:15 [http-nio-8080-exec-7] DEBUG o.m.s.t.SpringManagedTransaction - JDBC Connection [HikariProxyConnection@618186936 wrapping com.mysql.cj.jdbc.ConnectionImpl@2f55317c] will not be managed by Spring
2025-01-13 15:58:15 [http-nio-8080-exec-7] DEBUG c.s.d.m.CommonMapper.selectLnbList - ==>  Preparing: SELECT CT_LNB_IDX AS ctLnbIdx, CT_LNB_ID AS ctLnbId, CT_LNB_NAME AS ctLnbName, CT_LNB_SUB_YN AS ctLnbSubYn, CT_LNB_URL AS ctLnbUrl, CT_LNB_USE_YN AS ctLnbUseYn FROM CT_LNB WHERE CT_LNB_USE_YN = 'Y' ORDER BY CT_LNB_IDX
2025-01-13 15:58:15 [http-nio-8080-exec-7] DEBUG c.s.d.m.CommonMapper.selectLnbList - ==> Parameters: 
2025-01-13 15:58:15 [http-nio-8080-exec-7] DEBUG c.s.d.m.CommonMapper.selectLnbList - <==      Total: 4
2025-01-13 15:58:15 [http-nio-8080-exec-7] DEBUG org.mybatis.spring.SqlSessionUtils - Closing non transactional SqlSession [org.apache.ibatis.session.defaults.DefaultSqlSession@422f1bd]
2025-01-13 15:58:15 [http-nio-8080-exec-4] DEBUG org.mybatis.spring.SqlSessionUtils - Creating a new SqlSession
2025-01-13 15:58:15 [http-nio-8080-exec-6] DEBUG org.mybatis.spring.SqlSessionUtils - Creating a new SqlSession
2025-01-13 15:58:15 [http-nio-8080-exec-1] DEBUG org.mybatis.spring.SqlSessionUtils - Creating a new SqlSession
2025-01-13 15:58:15 [http-nio-8080-exec-4] DEBUG org.mybatis.spring.SqlSessionUtils - SqlSession [org.apache.ibatis.session.defaults.DefaultSqlSession@608a3ec5] was not registered for synchronization because synchronization is not active
2025-01-13 15:58:15 [http-nio-8080-exec-6] DEBUG org.mybatis.spring.SqlSessionUtils - SqlSession [org.apache.ibatis.session.defaults.DefaultSqlSession@64c12be2] was not registered for synchronization because synchronization is not active
2025-01-13 15:58:15 [http-nio-8080-exec-1] DEBUG org.mybatis.spring.SqlSessionUtils - SqlSession [org.apache.ibatis.session.defaults.DefaultSqlSession@78604dee] was not registered for synchronization because synchronization is not active
2025-01-13 15:58:15 [http-nio-8080-exec-4] DEBUG o.m.s.t.SpringManagedTransaction - JDBC Connection [HikariProxyConnection@1205062095 wrapping com.mysql.cj.jdbc.ConnectionImpl@2f55317c] will not be managed by Spring
2025-01-13 15:58:15 [http-nio-8080-exec-4] DEBUG c.s.d.m.C.selectLnbSubList - ==>  Preparing: SELECT CT_LNB_SUB_IDX AS ctLnbSubIdx, CT_LNB_ID AS ctLnbId, CT_LNB_SUB_ID AS ctLnbSubId, CT_LNB_SUB_NAME AS ctLnbSubName, CT_LNB_SUB_URL AS ctLnbSubUrl FROM CT_LNB_SUB WHERE CT_LNB_ID = ? ORDER BY CT_LNB_SUB_IDX
2025-01-13 15:58:15 [http-nio-8080-exec-4] DEBUG c.s.d.m.C.selectLnbSubList - ==> Parameters: CT_LNB_CONTACT(String)
2025-01-13 15:58:15 [http-nio-8080-exec-4] DEBUG c.s.d.m.C.selectLnbSubList - <==      Total: 2
2025-01-13 15:58:15 [http-nio-8080-exec-4] DEBUG org.mybatis.spring.SqlSessionUtils - Closing non transactional SqlSession [org.apache.ibatis.session.defaults.DefaultSqlSession@608a3ec5]
2025-01-13 15:58:15 [http-nio-8080-exec-1] DEBUG o.m.s.t.SpringManagedTransaction - JDBC Connection [HikariProxyConnection@1863256085 wrapping com.mysql.cj.jdbc.ConnectionImpl@2f55317c] will not be managed by Spring
2025-01-13 15:58:15 [http-nio-8080-exec-1] DEBUG c.s.d.m.C.selectLnbSubList - ==>  Preparing: SELECT CT_LNB_SUB_IDX AS ctLnbSubIdx, CT_LNB_ID AS ctLnbId, CT_LNB_SUB_ID AS ctLnbSubId, CT_LNB_SUB_NAME AS ctLnbSubName, CT_LNB_SUB_URL AS ctLnbSubUrl FROM CT_LNB_SUB WHERE CT_LNB_ID = ? ORDER BY CT_LNB_SUB_IDX
2025-01-13 15:58:15 [http-nio-8080-exec-1] DEBUG c.s.d.m.C.selectLnbSubList - ==> Parameters: CT_LNB_COMPANY(String)
2025-01-13 15:58:15 [http-nio-8080-exec-1] DEBUG c.s.d.m.C.selectLnbSubList - <==      Total: 1
2025-01-13 15:58:15 [http-nio-8080-exec-1] DEBUG org.mybatis.spring.SqlSessionUtils - Closing non transactional SqlSession [org.apache.ibatis.session.defaults.DefaultSqlSession@78604dee]
2025-01-13 15:58:15 [http-nio-8080-exec-6] DEBUG o.m.s.t.SpringManagedTransaction - JDBC Connection [HikariProxyConnection@724923705 wrapping com.mysql.cj.jdbc.ConnectionImpl@2f55317c] will not be managed by Spring
2025-01-13 15:58:15 [http-nio-8080-exec-6] DEBUG c.s.d.m.C.selectLnbSubList - ==>  Preparing: SELECT CT_LNB_SUB_IDX AS ctLnbSubIdx, CT_LNB_ID AS ctLnbId, CT_LNB_SUB_ID AS ctLnbSubId, CT_LNB_SUB_NAME AS ctLnbSubName, CT_LNB_SUB_URL AS ctLnbSubUrl FROM CT_LNB_SUB WHERE CT_LNB_ID = ? ORDER BY CT_LNB_SUB_IDX
2025-01-13 15:58:15 [http-nio-8080-exec-6] DEBUG c.s.d.m.C.selectLnbSubList - ==> Parameters: CT_LNB_SERVICE(String)
2025-01-13 15:58:15 [http-nio-8080-exec-8] DEBUG org.mybatis.spring.SqlSessionUtils - Creating a new SqlSession
2025-01-13 15:58:15 [http-nio-8080-exec-8] DEBUG org.mybatis.spring.SqlSessionUtils - SqlSession [org.apache.ibatis.session.defaults.DefaultSqlSession@459466c] was not registered for synchronization because synchronization is not active
2025-01-13 15:58:15 [http-nio-8080-exec-6] DEBUG c.s.d.m.C.selectLnbSubList - <==      Total: 4
2025-01-13 15:58:15 [http-nio-8080-exec-6] DEBUG org.mybatis.spring.SqlSessionUtils - Closing non transactional SqlSession [org.apache.ibatis.session.defaults.DefaultSqlSession@64c12be2]
2025-01-13 15:58:15 [http-nio-8080-exec-2] DEBUG org.mybatis.spring.SqlSessionUtils - Creating a new SqlSession
2025-01-13 15:58:15 [http-nio-8080-exec-8] DEBUG o.m.s.t.SpringManagedTransaction - JDBC Connection [HikariProxyConnection@1096538243 wrapping com.mysql.cj.jdbc.ConnectionImpl@2f55317c] will not be managed by Spring
2025-01-13 15:58:15 [http-nio-8080-exec-2] DEBUG org.mybatis.spring.SqlSessionUtils - SqlSession [org.apache.ibatis.session.defaults.DefaultSqlSession@3a4214ac] was not registered for synchronization because synchronization is not active
2025-01-13 15:58:15 [http-nio-8080-exec-8] DEBUG c.s.d.m.C.selectLnbSubList - ==>  Preparing: SELECT CT_LNB_SUB_IDX AS ctLnbSubIdx, CT_LNB_ID AS ctLnbId, CT_LNB_SUB_ID AS ctLnbSubId, CT_LNB_SUB_NAME AS ctLnbSubName, CT_LNB_SUB_URL AS ctLnbSubUrl FROM CT_LNB_SUB WHERE CT_LNB_ID = ? ORDER BY CT_LNB_SUB_IDX
2025-01-13 15:58:15 [http-nio-8080-exec-8] DEBUG c.s.d.m.C.selectLnbSubList - ==> Parameters: CT_LNB_CONTACT(String)
2025-01-13 15:58:15 [http-nio-8080-exec-8] DEBUG c.s.d.m.C.selectLnbSubList - <==      Total: 2
2025-01-13 15:58:15 [http-nio-8080-exec-8] DEBUG org.mybatis.spring.SqlSessionUtils - Closing non transactional SqlSession [org.apache.ibatis.session.defaults.DefaultSqlSession@459466c]
2025-01-13 15:58:15 [http-nio-8080-exec-2] DEBUG o.m.s.t.SpringManagedTransaction - JDBC Connection [HikariProxyConnection@344555965 wrapping com.mysql.cj.jdbc.ConnectionImpl@2f55317c] will not be managed by Spring
2025-01-13 15:58:15 [http-nio-8080-exec-2] DEBUG c.s.d.m.C.selectLnbSubList - ==>  Preparing: SELECT CT_LNB_SUB_IDX AS ctLnbSubIdx, CT_LNB_ID AS ctLnbId, CT_LNB_SUB_ID AS ctLnbSubId, CT_LNB_SUB_NAME AS ctLnbSubName, CT_LNB_SUB_URL AS ctLnbSubUrl FROM CT_LNB_SUB WHERE CT_LNB_ID = ? ORDER BY CT_LNB_SUB_IDX
2025-01-13 15:58:15 [http-nio-8080-exec-9] DEBUG org.mybatis.spring.SqlSessionUtils - Creating a new SqlSession
2025-01-13 15:58:15 [http-nio-8080-exec-9] DEBUG org.mybatis.spring.SqlSessionUtils - SqlSession [org.apache.ibatis.session.defaults.DefaultSqlSession@6ffdc1f6] was not registered for synchronization because synchronization is not active
2025-01-13 15:58:15 [http-nio-8080-exec-2] DEBUG c.s.d.m.C.selectLnbSubList - ==> Parameters: CT_LNB_COMPANY(String)
2025-01-13 15:58:15 [http-nio-8080-exec-2] DEBUG c.s.d.m.C.selectLnbSubList - <==      Total: 1
2025-01-13 15:58:15 [http-nio-8080-exec-2] DEBUG org.mybatis.spring.SqlSessionUtils - Closing non transactional SqlSession [org.apache.ibatis.session.defaults.DefaultSqlSession@3a4214ac]
2025-01-13 15:58:15 [http-nio-8080-exec-9] DEBUG o.m.s.t.SpringManagedTransaction - JDBC Connection [HikariProxyConnection@721375853 wrapping com.mysql.cj.jdbc.ConnectionImpl@2f55317c] will not be managed by Spring
2025-01-13 15:58:15 [http-nio-8080-exec-9] DEBUG c.s.d.m.C.selectLnbSubList - ==>  Preparing: SELECT CT_LNB_SUB_IDX AS ctLnbSubIdx, CT_LNB_ID AS ctLnbId, CT_LNB_SUB_ID AS ctLnbSubId, CT_LNB_SUB_NAME AS ctLnbSubName, CT_LNB_SUB_URL AS ctLnbSubUrl FROM CT_LNB_SUB WHERE CT_LNB_ID = ? ORDER BY CT_LNB_SUB_IDX
2025-01-13 15:58:15 [http-nio-8080-exec-9] DEBUG c.s.d.m.C.selectLnbSubList - ==> Parameters: CT_LNB_SERVICE(String)
2025-01-13 15:58:15 [http-nio-8080-exec-9] DEBUG c.s.d.m.C.selectLnbSubList - <==      Total: 4
2025-01-13 15:58:15 [http-nio-8080-exec-9] DEBUG org.mybatis.spring.SqlSessionUtils - Closing non transactional SqlSession [org.apache.ibatis.session.defaults.DefaultSqlSession@6ffdc1f6]
2025-01-13 15:58:25 [http-nio-8080-exec-3] WARN  o.t.s.p.AbstractStandardFragmentInsertionTagProcessor - [THYMELEAF][http-nio-8080-exec-3][common/layout/layout] Deprecated unwrapped fragment expression "common/fragments/header::header" found in template common/layout/layout, line 33, col 10. Please use the complete syntax of fragment expressions instead ("~{common/fragments/header::header}"). The old, unwrapped syntax for fragment expressions will be removed in future versions of Thymeleaf.
2025-01-13 15:58:25 [http-nio-8080-exec-3] WARN  o.t.s.p.AbstractStandardFragmentInsertionTagProcessor - [THYMELEAF][http-nio-8080-exec-3][common/layout/layout] Deprecated unwrapped fragment expression "common/fragments/footer::footer" found in template common/layout/layout, line 37, col 10. Please use the complete syntax of fragment expressions instead ("~{common/fragments/footer::footer}"). The old, unwrapped syntax for fragment expressions will be removed in future versions of Thymeleaf.
2025-01-13 15:58:25 [http-nio-8080-exec-10] DEBUG org.mybatis.spring.SqlSessionUtils - Creating a new SqlSession
2025-01-13 15:58:25 [http-nio-8080-exec-10] DEBUG org.mybatis.spring.SqlSessionUtils - SqlSession [org.apache.ibatis.session.defaults.DefaultSqlSession@6994057] was not registered for synchronization because synchronization is not active
2025-01-13 15:58:25 [http-nio-8080-exec-10] DEBUG o.m.s.t.SpringManagedTransaction - JDBC Connection [HikariProxyConnection@778888105 wrapping com.mysql.cj.jdbc.ConnectionImpl@2f55317c] will not be managed by Spring
2025-01-13 15:58:25 [http-nio-8080-exec-10] DEBUG c.s.d.m.CommonMapper.selectLnbList - ==>  Preparing: SELECT CT_LNB_IDX AS ctLnbIdx, CT_LNB_ID AS ctLnbId, CT_LNB_NAME AS ctLnbName, CT_LNB_SUB_YN AS ctLnbSubYn, CT_LNB_URL AS ctLnbUrl, CT_LNB_USE_YN AS ctLnbUseYn FROM CT_LNB WHERE CT_LNB_USE_YN = 'Y' ORDER BY CT_LNB_IDX
2025-01-13 15:58:25 [http-nio-8080-exec-10] DEBUG c.s.d.m.CommonMapper.selectLnbList - ==> Parameters: 
2025-01-13 15:58:25 [http-nio-8080-exec-10] DEBUG c.s.d.m.CommonMapper.selectLnbList - <==      Total: 4
2025-01-13 15:58:25 [http-nio-8080-exec-10] DEBUG org.mybatis.spring.SqlSessionUtils - Closing non transactional SqlSession [org.apache.ibatis.session.defaults.DefaultSqlSession@6994057]
2025-01-13 15:58:25 [http-nio-8080-exec-5] DEBUG org.mybatis.spring.SqlSessionUtils - Creating a new SqlSession
2025-01-13 15:58:25 [http-nio-8080-exec-5] DEBUG org.mybatis.spring.SqlSessionUtils - SqlSession [org.apache.ibatis.session.defaults.DefaultSqlSession@23d4646f] was not registered for synchronization because synchronization is not active
2025-01-13 15:58:25 [http-nio-8080-exec-5] DEBUG o.m.s.t.SpringManagedTransaction - JDBC Connection [HikariProxyConnection@1445111661 wrapping com.mysql.cj.jdbc.ConnectionImpl@2f55317c] will not be managed by Spring
2025-01-13 15:58:25 [http-nio-8080-exec-5] DEBUG c.s.d.m.CommonMapper.selectLnbList - ==>  Preparing: SELECT CT_LNB_IDX AS ctLnbIdx, CT_LNB_ID AS ctLnbId, CT_LNB_NAME AS ctLnbName, CT_LNB_SUB_YN AS ctLnbSubYn, CT_LNB_URL AS ctLnbUrl, CT_LNB_USE_YN AS ctLnbUseYn FROM CT_LNB WHERE CT_LNB_USE_YN = 'Y' ORDER BY CT_LNB_IDX
2025-01-13 15:58:25 [http-nio-8080-exec-5] DEBUG c.s.d.m.CommonMapper.selectLnbList - ==> Parameters: 
2025-01-13 15:58:25 [http-nio-8080-exec-5] DEBUG c.s.d.m.CommonMapper.selectLnbList - <==      Total: 4
2025-01-13 15:58:25 [http-nio-8080-exec-5] DEBUG org.mybatis.spring.SqlSessionUtils - Closing non transactional SqlSession [org.apache.ibatis.session.defaults.DefaultSqlSession@23d4646f]
2025-01-13 15:58:25 [http-nio-8080-exec-4] DEBUG org.mybatis.spring.SqlSessionUtils - Creating a new SqlSession
2025-01-13 15:58:25 [http-nio-8080-exec-1] DEBUG org.mybatis.spring.SqlSessionUtils - Creating a new SqlSession
2025-01-13 15:58:25 [http-nio-8080-exec-4] DEBUG org.mybatis.spring.SqlSessionUtils - SqlSession [org.apache.ibatis.session.defaults.DefaultSqlSession@378ac7eb] was not registered for synchronization because synchronization is not active
2025-01-13 15:58:25 [http-nio-8080-exec-4] DEBUG o.m.s.t.SpringManagedTransaction - JDBC Connection [HikariProxyConnection@1623509167 wrapping com.mysql.cj.jdbc.ConnectionImpl@2f55317c] will not be managed by Spring
2025-01-13 15:58:25 [http-nio-8080-exec-4] DEBUG c.s.d.m.C.selectLnbSubList - ==>  Preparing: SELECT CT_LNB_SUB_IDX AS ctLnbSubIdx, CT_LNB_ID AS ctLnbId, CT_LNB_SUB_ID AS ctLnbSubId, CT_LNB_SUB_NAME AS ctLnbSubName, CT_LNB_SUB_URL AS ctLnbSubUrl FROM CT_LNB_SUB WHERE CT_LNB_ID = ? ORDER BY CT_LNB_SUB_IDX
2025-01-13 15:58:25 [http-nio-8080-exec-4] DEBUG c.s.d.m.C.selectLnbSubList - ==> Parameters: CT_LNB_COMPANY(String)
2025-01-13 15:58:25 [http-nio-8080-exec-1] DEBUG org.mybatis.spring.SqlSessionUtils - SqlSession [org.apache.ibatis.session.defaults.DefaultSqlSession@56a3ae4f] was not registered for synchronization because synchronization is not active
2025-01-13 15:58:25 [http-nio-8080-exec-1] DEBUG o.m.s.t.SpringManagedTransaction - JDBC Connection [HikariProxyConnection@1106991918 wrapping com.mysql.cj.jdbc.ConnectionImpl@1b176bb] will not be managed by Spring
2025-01-13 15:58:25 [http-nio-8080-exec-1] DEBUG c.s.d.m.C.selectLnbSubList - ==>  Preparing: SELECT CT_LNB_SUB_IDX AS ctLnbSubIdx, CT_LNB_ID AS ctLnbId, CT_LNB_SUB_ID AS ctLnbSubId, CT_LNB_SUB_NAME AS ctLnbSubName, CT_LNB_SUB_URL AS ctLnbSubUrl FROM CT_LNB_SUB WHERE CT_LNB_ID = ? ORDER BY CT_LNB_SUB_IDX
2025-01-13 15:58:25 [http-nio-8080-exec-1] DEBUG c.s.d.m.C.selectLnbSubList - ==> Parameters: CT_LNB_SERVICE(String)
2025-01-13 15:58:25 [http-nio-8080-exec-4] DEBUG c.s.d.m.C.selectLnbSubList - <==      Total: 1
2025-01-13 15:58:25 [http-nio-8080-exec-4] DEBUG org.mybatis.spring.SqlSessionUtils - Closing non transactional SqlSession [org.apache.ibatis.session.defaults.DefaultSqlSession@378ac7eb]
2025-01-13 15:58:25 [http-nio-8080-exec-1] DEBUG c.s.d.m.C.selectLnbSubList - <==      Total: 4
2025-01-13 15:58:25 [http-nio-8080-exec-1] DEBUG org.mybatis.spring.SqlSessionUtils - Closing non transactional SqlSession [org.apache.ibatis.session.defaults.DefaultSqlSession@56a3ae4f]
2025-01-13 15:58:25 [http-nio-8080-exec-7] DEBUG org.mybatis.spring.SqlSessionUtils - Creating a new SqlSession
2025-01-13 15:58:25 [http-nio-8080-exec-7] DEBUG org.mybatis.spring.SqlSessionUtils - SqlSession [org.apache.ibatis.session.defaults.DefaultSqlSession@4f6e0bc4] was not registered for synchronization because synchronization is not active
2025-01-13 15:58:25 [http-nio-8080-exec-7] DEBUG o.m.s.t.SpringManagedTransaction - JDBC Connection [HikariProxyConnection@764512153 wrapping com.mysql.cj.jdbc.ConnectionImpl@2f55317c] will not be managed by Spring
2025-01-13 15:58:25 [http-nio-8080-exec-7] DEBUG c.s.d.m.C.selectLnbSubList - ==>  Preparing: SELECT CT_LNB_SUB_IDX AS ctLnbSubIdx, CT_LNB_ID AS ctLnbId, CT_LNB_SUB_ID AS ctLnbSubId, CT_LNB_SUB_NAME AS ctLnbSubName, CT_LNB_SUB_URL AS ctLnbSubUrl FROM CT_LNB_SUB WHERE CT_LNB_ID = ? ORDER BY CT_LNB_SUB_IDX
2025-01-13 15:58:25 [http-nio-8080-exec-7] DEBUG c.s.d.m.C.selectLnbSubList - ==> Parameters: CT_LNB_CONTACT(String)
2025-01-13 15:58:25 [http-nio-8080-exec-2] DEBUG org.mybatis.spring.SqlSessionUtils - Creating a new SqlSession
2025-01-13 15:58:25 [http-nio-8080-exec-2] DEBUG org.mybatis.spring.SqlSessionUtils - SqlSession [org.apache.ibatis.session.defaults.DefaultSqlSession@3c90f2af] was not registered for synchronization because synchronization is not active
2025-01-13 15:58:25 [http-nio-8080-exec-2] DEBUG o.m.s.t.SpringManagedTransaction - JDBC Connection [HikariProxyConnection@1682704617 wrapping com.mysql.cj.jdbc.ConnectionImpl@1b176bb] will not be managed by Spring
2025-01-13 15:58:25 [http-nio-8080-exec-2] DEBUG c.s.d.m.C.selectLnbSubList - ==>  Preparing: SELECT CT_LNB_SUB_IDX AS ctLnbSubIdx, CT_LNB_ID AS ctLnbId, CT_LNB_SUB_ID AS ctLnbSubId, CT_LNB_SUB_NAME AS ctLnbSubName, CT_LNB_SUB_URL AS ctLnbSubUrl FROM CT_LNB_SUB WHERE CT_LNB_ID = ? ORDER BY CT_LNB_SUB_IDX
2025-01-13 15:58:25 [http-nio-8080-exec-2] DEBUG c.s.d.m.C.selectLnbSubList - ==> Parameters: CT_LNB_COMPANY(String)
2025-01-13 15:58:25 [http-nio-8080-exec-2] DEBUG c.s.d.m.C.selectLnbSubList - <==      Total: 1
2025-01-13 15:58:25 [http-nio-8080-exec-6] DEBUG org.mybatis.spring.SqlSessionUtils - Creating a new SqlSession
2025-01-13 15:58:25 [http-nio-8080-exec-2] DEBUG org.mybatis.spring.SqlSessionUtils - Closing non transactional SqlSession [org.apache.ibatis.session.defaults.DefaultSqlSession@3c90f2af]
2025-01-13 15:58:25 [http-nio-8080-exec-6] DEBUG org.mybatis.spring.SqlSessionUtils - SqlSession [org.apache.ibatis.session.defaults.DefaultSqlSession@3abfe775] was not registered for synchronization because synchronization is not active
2025-01-13 15:58:25 [http-nio-8080-exec-6] DEBUG o.m.s.t.SpringManagedTransaction - JDBC Connection [HikariProxyConnection@869956470 wrapping com.mysql.cj.jdbc.ConnectionImpl@1b176bb] will not be managed by Spring
2025-01-13 15:58:25 [http-nio-8080-exec-6] DEBUG c.s.d.m.C.selectLnbSubList - ==>  Preparing: SELECT CT_LNB_SUB_IDX AS ctLnbSubIdx, CT_LNB_ID AS ctLnbId, CT_LNB_SUB_ID AS ctLnbSubId, CT_LNB_SUB_NAME AS ctLnbSubName, CT_LNB_SUB_URL AS ctLnbSubUrl FROM CT_LNB_SUB WHERE CT_LNB_ID = ? ORDER BY CT_LNB_SUB_IDX
2025-01-13 15:58:25 [http-nio-8080-exec-6] DEBUG c.s.d.m.C.selectLnbSubList - ==> Parameters: CT_LNB_SERVICE(String)
2025-01-13 15:58:25 [http-nio-8080-exec-7] DEBUG c.s.d.m.C.selectLnbSubList - <==      Total: 2
2025-01-13 15:58:25 [http-nio-8080-exec-7] DEBUG org.mybatis.spring.SqlSessionUtils - Closing non transactional SqlSession [org.apache.ibatis.session.defaults.DefaultSqlSession@4f6e0bc4]
2025-01-13 15:58:25 [http-nio-8080-exec-6] DEBUG c.s.d.m.C.selectLnbSubList - <==      Total: 4
2025-01-13 15:58:25 [http-nio-8080-exec-6] DEBUG org.mybatis.spring.SqlSessionUtils - Closing non transactional SqlSession [org.apache.ibatis.session.defaults.DefaultSqlSession@3abfe775]
2025-01-13 15:58:25 [http-nio-8080-exec-8] DEBUG org.mybatis.spring.SqlSessionUtils - Creating a new SqlSession
2025-01-13 15:58:25 [http-nio-8080-exec-8] DEBUG org.mybatis.spring.SqlSessionUtils - SqlSession [org.apache.ibatis.session.defaults.DefaultSqlSession@49aa9997] was not registered for synchronization because synchronization is not active
2025-01-13 15:58:25 [http-nio-8080-exec-8] DEBUG o.m.s.t.SpringManagedTransaction - JDBC Connection [HikariProxyConnection@624589321 wrapping com.mysql.cj.jdbc.ConnectionImpl@2f55317c] will not be managed by Spring
2025-01-13 15:58:25 [http-nio-8080-exec-8] DEBUG c.s.d.m.C.selectLnbSubList - ==>  Preparing: SELECT CT_LNB_SUB_IDX AS ctLnbSubIdx, CT_LNB_ID AS ctLnbId, CT_LNB_SUB_ID AS ctLnbSubId, CT_LNB_SUB_NAME AS ctLnbSubName, CT_LNB_SUB_URL AS ctLnbSubUrl FROM CT_LNB_SUB WHERE CT_LNB_ID = ? ORDER BY CT_LNB_SUB_IDX
2025-01-13 15:58:25 [http-nio-8080-exec-8] DEBUG c.s.d.m.C.selectLnbSubList - ==> Parameters: CT_LNB_CONTACT(String)
2025-01-13 15:58:25 [http-nio-8080-exec-8] DEBUG c.s.d.m.C.selectLnbSubList - <==      Total: 2
2025-01-13 15:58:25 [http-nio-8080-exec-8] DEBUG org.mybatis.spring.SqlSessionUtils - Closing non transactional SqlSession [org.apache.ibatis.session.defaults.DefaultSqlSession@49aa9997]
2025-01-13 15:58:27 [http-nio-8080-exec-3] WARN  o.t.s.p.AbstractStandardFragmentInsertionTagProcessor - [THYMELEAF][http-nio-8080-exec-3][common/layout/layout] Deprecated unwrapped fragment expression "common/fragments/header::header" found in template common/layout/layout, line 33, col 10. Please use the complete syntax of fragment expressions instead ("~{common/fragments/header::header}"). The old, unwrapped syntax for fragment expressions will be removed in future versions of Thymeleaf.
2025-01-13 15:58:27 [http-nio-8080-exec-3] WARN  o.t.s.p.AbstractStandardFragmentInsertionTagProcessor - [THYMELEAF][http-nio-8080-exec-3][common/layout/layout] Deprecated unwrapped fragment expression "common/fragments/footer::footer" found in template common/layout/layout, line 37, col 10. Please use the complete syntax of fragment expressions instead ("~{common/fragments/footer::footer}"). The old, unwrapped syntax for fragment expressions will be removed in future versions of Thymeleaf.
2025-01-13 15:58:27 [http-nio-8080-exec-5] DEBUG org.mybatis.spring.SqlSessionUtils - Creating a new SqlSession
2025-01-13 15:58:27 [http-nio-8080-exec-5] DEBUG org.mybatis.spring.SqlSessionUtils - SqlSession [org.apache.ibatis.session.defaults.DefaultSqlSession@c52471e] was not registered for synchronization because synchronization is not active
2025-01-13 15:58:27 [http-nio-8080-exec-5] DEBUG o.m.s.t.SpringManagedTransaction - JDBC Connection [HikariProxyConnection@914127658 wrapping com.mysql.cj.jdbc.ConnectionImpl@2f55317c] will not be managed by Spring
2025-01-13 15:58:27 [http-nio-8080-exec-5] DEBUG c.s.d.m.CommonMapper.selectLnbList - ==>  Preparing: SELECT CT_LNB_IDX AS ctLnbIdx, CT_LNB_ID AS ctLnbId, CT_LNB_NAME AS ctLnbName, CT_LNB_SUB_YN AS ctLnbSubYn, CT_LNB_URL AS ctLnbUrl, CT_LNB_USE_YN AS ctLnbUseYn FROM CT_LNB WHERE CT_LNB_USE_YN = 'Y' ORDER BY CT_LNB_IDX
2025-01-13 15:58:27 [http-nio-8080-exec-5] DEBUG c.s.d.m.CommonMapper.selectLnbList - ==> Parameters: 
2025-01-13 15:58:27 [http-nio-8080-exec-5] DEBUG c.s.d.m.CommonMapper.selectLnbList - <==      Total: 4
2025-01-13 15:58:27 [http-nio-8080-exec-5] DEBUG org.mybatis.spring.SqlSessionUtils - Closing non transactional SqlSession [org.apache.ibatis.session.defaults.DefaultSqlSession@c52471e]
2025-01-13 15:58:27 [http-nio-8080-exec-9] DEBUG org.mybatis.spring.SqlSessionUtils - Creating a new SqlSession
2025-01-13 15:58:27 [http-nio-8080-exec-9] DEBUG org.mybatis.spring.SqlSessionUtils - SqlSession [org.apache.ibatis.session.defaults.DefaultSqlSession@4ad0ad22] was not registered for synchronization because synchronization is not active
2025-01-13 15:58:27 [http-nio-8080-exec-9] DEBUG o.m.s.t.SpringManagedTransaction - JDBC Connection [HikariProxyConnection@478273450 wrapping com.mysql.cj.jdbc.ConnectionImpl@2f55317c] will not be managed by Spring
2025-01-13 15:58:27 [http-nio-8080-exec-9] DEBUG c.s.d.m.CommonMapper.selectLnbList - ==>  Preparing: SELECT CT_LNB_IDX AS ctLnbIdx, CT_LNB_ID AS ctLnbId, CT_LNB_NAME AS ctLnbName, CT_LNB_SUB_YN AS ctLnbSubYn, CT_LNB_URL AS ctLnbUrl, CT_LNB_USE_YN AS ctLnbUseYn FROM CT_LNB WHERE CT_LNB_USE_YN = 'Y' ORDER BY CT_LNB_IDX
2025-01-13 15:58:27 [http-nio-8080-exec-9] DEBUG c.s.d.m.CommonMapper.selectLnbList - ==> Parameters: 
2025-01-13 15:58:27 [http-nio-8080-exec-9] DEBUG c.s.d.m.CommonMapper.selectLnbList - <==      Total: 4
2025-01-13 15:58:27 [http-nio-8080-exec-9] DEBUG org.mybatis.spring.SqlSessionUtils - Closing non transactional SqlSession [org.apache.ibatis.session.defaults.DefaultSqlSession@4ad0ad22]
2025-01-13 15:58:27 [http-nio-8080-exec-4] DEBUG org.mybatis.spring.SqlSessionUtils - Creating a new SqlSession
2025-01-13 15:58:27 [http-nio-8080-exec-2] DEBUG org.mybatis.spring.SqlSessionUtils - Creating a new SqlSession
2025-01-13 15:58:27 [http-nio-8080-exec-1] DEBUG org.mybatis.spring.SqlSessionUtils - Creating a new SqlSession
2025-01-13 15:58:27 [http-nio-8080-exec-4] DEBUG org.mybatis.spring.SqlSessionUtils - SqlSession [org.apache.ibatis.session.defaults.DefaultSqlSession@52416a1] was not registered for synchronization because synchronization is not active
2025-01-13 15:58:27 [http-nio-8080-exec-2] DEBUG org.mybatis.spring.SqlSessionUtils - SqlSession [org.apache.ibatis.session.defaults.DefaultSqlSession@275f0670] was not registered for synchronization because synchronization is not active
2025-01-13 15:58:27 [http-nio-8080-exec-1] DEBUG org.mybatis.spring.SqlSessionUtils - SqlSession [org.apache.ibatis.session.defaults.DefaultSqlSession@6234ab73] was not registered for synchronization because synchronization is not active
2025-01-13 15:58:27 [http-nio-8080-exec-4] DEBUG o.m.s.t.SpringManagedTransaction - JDBC Connection [HikariProxyConnection@1138964250 wrapping com.mysql.cj.jdbc.ConnectionImpl@2f55317c] will not be managed by Spring
2025-01-13 15:58:27 [http-nio-8080-exec-4] DEBUG c.s.d.m.C.selectLnbSubList - ==>  Preparing: SELECT CT_LNB_SUB_IDX AS ctLnbSubIdx, CT_LNB_ID AS ctLnbId, CT_LNB_SUB_ID AS ctLnbSubId, CT_LNB_SUB_NAME AS ctLnbSubName, CT_LNB_SUB_URL AS ctLnbSubUrl FROM CT_LNB_SUB WHERE CT_LNB_ID = ? ORDER BY CT_LNB_SUB_IDX
2025-01-13 15:58:27 [http-nio-8080-exec-2] DEBUG o.m.s.t.SpringManagedTransaction - JDBC Connection [HikariProxyConnection@600852786 wrapping com.mysql.cj.jdbc.ConnectionImpl@202516a8] will not be managed by Spring
2025-01-13 15:58:27 [http-nio-8080-exec-1] DEBUG o.m.s.t.SpringManagedTransaction - JDBC Connection [HikariProxyConnection@161995508 wrapping com.mysql.cj.jdbc.ConnectionImpl@1b176bb] will not be managed by Spring
2025-01-13 15:58:27 [http-nio-8080-exec-2] DEBUG c.s.d.m.C.selectLnbSubList - ==>  Preparing: SELECT CT_LNB_SUB_IDX AS ctLnbSubIdx, CT_LNB_ID AS ctLnbId, CT_LNB_SUB_ID AS ctLnbSubId, CT_LNB_SUB_NAME AS ctLnbSubName, CT_LNB_SUB_URL AS ctLnbSubUrl FROM CT_LNB_SUB WHERE CT_LNB_ID = ? ORDER BY CT_LNB_SUB_IDX
2025-01-13 15:58:27 [http-nio-8080-exec-4] DEBUG c.s.d.m.C.selectLnbSubList - ==> Parameters: CT_LNB_COMPANY(String)
2025-01-13 15:58:27 [http-nio-8080-exec-1] DEBUG c.s.d.m.C.selectLnbSubList - ==>  Preparing: SELECT CT_LNB_SUB_IDX AS ctLnbSubIdx, CT_LNB_ID AS ctLnbId, CT_LNB_SUB_ID AS ctLnbSubId, CT_LNB_SUB_NAME AS ctLnbSubName, CT_LNB_SUB_URL AS ctLnbSubUrl FROM CT_LNB_SUB WHERE CT_LNB_ID = ? ORDER BY CT_LNB_SUB_IDX
2025-01-13 15:58:27 [http-nio-8080-exec-2] DEBUG c.s.d.m.C.selectLnbSubList - ==> Parameters: CT_LNB_SERVICE(String)
2025-01-13 15:58:27 [http-nio-8080-exec-1] DEBUG c.s.d.m.C.selectLnbSubList - ==> Parameters: CT_LNB_CONTACT(String)
2025-01-13 15:58:27 [http-nio-8080-exec-4] DEBUG c.s.d.m.C.selectLnbSubList - <==      Total: 1
2025-01-13 15:58:27 [http-nio-8080-exec-1] DEBUG c.s.d.m.C.selectLnbSubList - <==      Total: 2
2025-01-13 15:58:27 [http-nio-8080-exec-4] DEBUG org.mybatis.spring.SqlSessionUtils - Closing non transactional SqlSession [org.apache.ibatis.session.defaults.DefaultSqlSession@52416a1]
2025-01-13 15:58:27 [http-nio-8080-exec-2] DEBUG c.s.d.m.C.selectLnbSubList - <==      Total: 4
2025-01-13 15:58:27 [http-nio-8080-exec-1] DEBUG org.mybatis.spring.SqlSessionUtils - Closing non transactional SqlSession [org.apache.ibatis.session.defaults.DefaultSqlSession@6234ab73]
2025-01-13 15:58:27 [http-nio-8080-exec-2] DEBUG org.mybatis.spring.SqlSessionUtils - Closing non transactional SqlSession [org.apache.ibatis.session.defaults.DefaultSqlSession@275f0670]
2025-01-13 15:58:27 [http-nio-8080-exec-10] DEBUG org.mybatis.spring.SqlSessionUtils - Creating a new SqlSession
2025-01-13 15:58:27 [http-nio-8080-exec-6] DEBUG org.mybatis.spring.SqlSessionUtils - Creating a new SqlSession
2025-01-13 15:58:27 [http-nio-8080-exec-7] DEBUG org.mybatis.spring.SqlSessionUtils - Creating a new SqlSession
2025-01-13 15:58:27 [http-nio-8080-exec-10] DEBUG org.mybatis.spring.SqlSessionUtils - SqlSession [org.apache.ibatis.session.defaults.DefaultSqlSession@6984bab7] was not registered for synchronization because synchronization is not active
2025-01-13 15:58:27 [http-nio-8080-exec-6] DEBUG org.mybatis.spring.SqlSessionUtils - SqlSession [org.apache.ibatis.session.defaults.DefaultSqlSession@17e1766d] was not registered for synchronization because synchronization is not active
2025-01-13 15:58:27 [http-nio-8080-exec-7] DEBUG org.mybatis.spring.SqlSessionUtils - SqlSession [org.apache.ibatis.session.defaults.DefaultSqlSession@798554ca] was not registered for synchronization because synchronization is not active
2025-01-13 15:58:27 [http-nio-8080-exec-6] DEBUG o.m.s.t.SpringManagedTransaction - JDBC Connection [HikariProxyConnection@815879183 wrapping com.mysql.cj.jdbc.ConnectionImpl@1b176bb] will not be managed by Spring
2025-01-13 15:58:27 [http-nio-8080-exec-10] DEBUG o.m.s.t.SpringManagedTransaction - JDBC Connection [HikariProxyConnection@1216903512 wrapping com.mysql.cj.jdbc.ConnectionImpl@2f55317c] will not be managed by Spring
2025-01-13 15:58:27 [http-nio-8080-exec-6] DEBUG c.s.d.m.C.selectLnbSubList - ==>  Preparing: SELECT CT_LNB_SUB_IDX AS ctLnbSubIdx, CT_LNB_ID AS ctLnbId, CT_LNB_SUB_ID AS ctLnbSubId, CT_LNB_SUB_NAME AS ctLnbSubName, CT_LNB_SUB_URL AS ctLnbSubUrl FROM CT_LNB_SUB WHERE CT_LNB_ID = ? ORDER BY CT_LNB_SUB_IDX
2025-01-13 15:58:27 [http-nio-8080-exec-7] DEBUG o.m.s.t.SpringManagedTransaction - JDBC Connection [HikariProxyConnection@1477032236 wrapping com.mysql.cj.jdbc.ConnectionImpl@202516a8] will not be managed by Spring
2025-01-13 15:58:27 [http-nio-8080-exec-10] DEBUG c.s.d.m.C.selectLnbSubList - ==>  Preparing: SELECT CT_LNB_SUB_IDX AS ctLnbSubIdx, CT_LNB_ID AS ctLnbId, CT_LNB_SUB_ID AS ctLnbSubId, CT_LNB_SUB_NAME AS ctLnbSubName, CT_LNB_SUB_URL AS ctLnbSubUrl FROM CT_LNB_SUB WHERE CT_LNB_ID = ? ORDER BY CT_LNB_SUB_IDX
2025-01-13 15:58:27 [http-nio-8080-exec-7] DEBUG c.s.d.m.C.selectLnbSubList - ==>  Preparing: SELECT CT_LNB_SUB_IDX AS ctLnbSubIdx, CT_LNB_ID AS ctLnbId, CT_LNB_SUB_ID AS ctLnbSubId, CT_LNB_SUB_NAME AS ctLnbSubName, CT_LNB_SUB_URL AS ctLnbSubUrl FROM CT_LNB_SUB WHERE CT_LNB_ID = ? ORDER BY CT_LNB_SUB_IDX
2025-01-13 15:58:27 [http-nio-8080-exec-7] DEBUG c.s.d.m.C.selectLnbSubList - ==> Parameters: CT_LNB_COMPANY(String)
2025-01-13 15:58:27 [http-nio-8080-exec-10] DEBUG c.s.d.m.C.selectLnbSubList - ==> Parameters: CT_LNB_SERVICE(String)
2025-01-13 15:58:27 [http-nio-8080-exec-6] DEBUG c.s.d.m.C.selectLnbSubList - ==> Parameters: CT_LNB_CONTACT(String)
2025-01-13 15:58:27 [http-nio-8080-exec-7] DEBUG c.s.d.m.C.selectLnbSubList - <==      Total: 1
2025-01-13 15:58:27 [http-nio-8080-exec-6] DEBUG c.s.d.m.C.selectLnbSubList - <==      Total: 2
2025-01-13 15:58:27 [http-nio-8080-exec-10] DEBUG c.s.d.m.C.selectLnbSubList - <==      Total: 4
2025-01-13 15:58:27 [http-nio-8080-exec-6] DEBUG org.mybatis.spring.SqlSessionUtils - Closing non transactional SqlSession [org.apache.ibatis.session.defaults.DefaultSqlSession@17e1766d]
2025-01-13 15:58:27 [http-nio-8080-exec-7] DEBUG org.mybatis.spring.SqlSessionUtils - Closing non transactional SqlSession [org.apache.ibatis.session.defaults.DefaultSqlSession@798554ca]
2025-01-13 15:58:27 [http-nio-8080-exec-10] DEBUG org.mybatis.spring.SqlSessionUtils - Closing non transactional SqlSession [org.apache.ibatis.session.defaults.DefaultSqlSession@6984bab7]
2025-01-13 15:58:30 [http-nio-8080-exec-3] WARN  o.t.s.p.AbstractStandardFragmentInsertionTagProcessor - [THYMELEAF][http-nio-8080-exec-3][common/layout/layout] Deprecated unwrapped fragment expression "common/fragments/header::header" found in template common/layout/layout, line 33, col 10. Please use the complete syntax of fragment expressions instead ("~{common/fragments/header::header}"). The old, unwrapped syntax for fragment expressions will be removed in future versions of Thymeleaf.
2025-01-13 15:58:30 [http-nio-8080-exec-3] WARN  o.t.s.p.AbstractStandardFragmentInsertionTagProcessor - [THYMELEAF][http-nio-8080-exec-3][common/layout/layout] Deprecated unwrapped fragment expression "common/fragments/footer::footer" found in template common/layout/layout, line 37, col 10. Please use the complete syntax of fragment expressions instead ("~{common/fragments/footer::footer}"). The old, unwrapped syntax for fragment expressions will be removed in future versions of Thymeleaf.
2025-01-13 15:58:30 [http-nio-8080-exec-9] DEBUG org.mybatis.spring.SqlSessionUtils - Creating a new SqlSession
2025-01-13 15:58:30 [http-nio-8080-exec-9] DEBUG org.mybatis.spring.SqlSessionUtils - SqlSession [org.apache.ibatis.session.defaults.DefaultSqlSession@4e9e934b] was not registered for synchronization because synchronization is not active
2025-01-13 15:58:30 [http-nio-8080-exec-9] DEBUG o.m.s.t.SpringManagedTransaction - JDBC Connection [HikariProxyConnection@1550875069 wrapping com.mysql.cj.jdbc.ConnectionImpl@2f55317c] will not be managed by Spring
2025-01-13 15:58:30 [http-nio-8080-exec-9] DEBUG c.s.d.m.CommonMapper.selectLnbList - ==>  Preparing: SELECT CT_LNB_IDX AS ctLnbIdx, CT_LNB_ID AS ctLnbId, CT_LNB_NAME AS ctLnbName, CT_LNB_SUB_YN AS ctLnbSubYn, CT_LNB_URL AS ctLnbUrl, CT_LNB_USE_YN AS ctLnbUseYn FROM CT_LNB WHERE CT_LNB_USE_YN = 'Y' ORDER BY CT_LNB_IDX
2025-01-13 15:58:30 [http-nio-8080-exec-9] DEBUG c.s.d.m.CommonMapper.selectLnbList - ==> Parameters: 
2025-01-13 15:58:30 [http-nio-8080-exec-9] DEBUG c.s.d.m.CommonMapper.selectLnbList - <==      Total: 4
2025-01-13 15:58:30 [http-nio-8080-exec-9] DEBUG org.mybatis.spring.SqlSessionUtils - Closing non transactional SqlSession [org.apache.ibatis.session.defaults.DefaultSqlSession@4e9e934b]
2025-01-13 15:58:30 [http-nio-8080-exec-4] DEBUG org.mybatis.spring.SqlSessionUtils - Creating a new SqlSession
2025-01-13 15:58:30 [http-nio-8080-exec-4] DEBUG org.mybatis.spring.SqlSessionUtils - SqlSession [org.apache.ibatis.session.defaults.DefaultSqlSession@5603560b] was not registered for synchronization because synchronization is not active
2025-01-13 15:58:30 [http-nio-8080-exec-4] DEBUG o.m.s.t.SpringManagedTransaction - JDBC Connection [HikariProxyConnection@209907766 wrapping com.mysql.cj.jdbc.ConnectionImpl@2f55317c] will not be managed by Spring
2025-01-13 15:58:30 [http-nio-8080-exec-4] DEBUG c.s.d.m.CommonMapper.selectLnbList - ==>  Preparing: SELECT CT_LNB_IDX AS ctLnbIdx, CT_LNB_ID AS ctLnbId, CT_LNB_NAME AS ctLnbName, CT_LNB_SUB_YN AS ctLnbSubYn, CT_LNB_URL AS ctLnbUrl, CT_LNB_USE_YN AS ctLnbUseYn FROM CT_LNB WHERE CT_LNB_USE_YN = 'Y' ORDER BY CT_LNB_IDX
2025-01-13 15:58:30 [http-nio-8080-exec-4] DEBUG c.s.d.m.CommonMapper.selectLnbList - ==> Parameters: 
2025-01-13 15:58:30 [http-nio-8080-exec-4] DEBUG c.s.d.m.CommonMapper.selectLnbList - <==      Total: 4
2025-01-13 15:58:30 [http-nio-8080-exec-4] DEBUG org.mybatis.spring.SqlSessionUtils - Closing non transactional SqlSession [org.apache.ibatis.session.defaults.DefaultSqlSession@5603560b]
2025-01-13 15:58:30 [http-nio-8080-exec-1] DEBUG org.mybatis.spring.SqlSessionUtils - Creating a new SqlSession
2025-01-13 15:58:30 [http-nio-8080-exec-2] DEBUG org.mybatis.spring.SqlSessionUtils - Creating a new SqlSession
2025-01-13 15:58:30 [http-nio-8080-exec-10] DEBUG org.mybatis.spring.SqlSessionUtils - Creating a new SqlSession
2025-01-13 15:58:30 [http-nio-8080-exec-2] DEBUG org.mybatis.spring.SqlSessionUtils - SqlSession [org.apache.ibatis.session.defaults.DefaultSqlSession@4e09c6dc] was not registered for synchronization because synchronization is not active
2025-01-13 15:58:30 [http-nio-8080-exec-1] DEBUG org.mybatis.spring.SqlSessionUtils - SqlSession [org.apache.ibatis.session.defaults.DefaultSqlSession@53fb20a4] was not registered for synchronization because synchronization is not active
2025-01-13 15:58:30 [http-nio-8080-exec-10] DEBUG org.mybatis.spring.SqlSessionUtils - SqlSession [org.apache.ibatis.session.defaults.DefaultSqlSession@7344f35b] was not registered for synchronization because synchronization is not active
2025-01-13 15:58:30 [http-nio-8080-exec-10] DEBUG o.m.s.t.SpringManagedTransaction - JDBC Connection [HikariProxyConnection@2022508242 wrapping com.mysql.cj.jdbc.ConnectionImpl@2f55317c] will not be managed by Spring
2025-01-13 15:58:30 [http-nio-8080-exec-10] DEBUG c.s.d.m.C.selectLnbSubList - ==>  Preparing: SELECT CT_LNB_SUB_IDX AS ctLnbSubIdx, CT_LNB_ID AS ctLnbId, CT_LNB_SUB_ID AS ctLnbSubId, CT_LNB_SUB_NAME AS ctLnbSubName, CT_LNB_SUB_URL AS ctLnbSubUrl FROM CT_LNB_SUB WHERE CT_LNB_ID = ? ORDER BY CT_LNB_SUB_IDX
2025-01-13 15:58:30 [http-nio-8080-exec-1] DEBUG o.m.s.t.SpringManagedTransaction - JDBC Connection [HikariProxyConnection@1681662037 wrapping com.mysql.cj.jdbc.ConnectionImpl@1b176bb] will not be managed by Spring
2025-01-13 15:58:30 [http-nio-8080-exec-2] DEBUG o.m.s.t.SpringManagedTransaction - JDBC Connection [HikariProxyConnection@1175521763 wrapping com.mysql.cj.jdbc.ConnectionImpl@202516a8] will not be managed by Spring
2025-01-13 15:58:30 [http-nio-8080-exec-10] DEBUG c.s.d.m.C.selectLnbSubList - ==> Parameters: CT_LNB_CONTACT(String)
2025-01-13 15:58:30 [http-nio-8080-exec-1] DEBUG c.s.d.m.C.selectLnbSubList - ==>  Preparing: SELECT CT_LNB_SUB_IDX AS ctLnbSubIdx, CT_LNB_ID AS ctLnbId, CT_LNB_SUB_ID AS ctLnbSubId, CT_LNB_SUB_NAME AS ctLnbSubName, CT_LNB_SUB_URL AS ctLnbSubUrl FROM CT_LNB_SUB WHERE CT_LNB_ID = ? ORDER BY CT_LNB_SUB_IDX
2025-01-13 15:58:30 [http-nio-8080-exec-2] DEBUG c.s.d.m.C.selectLnbSubList - ==>  Preparing: SELECT CT_LNB_SUB_IDX AS ctLnbSubIdx, CT_LNB_ID AS ctLnbId, CT_LNB_SUB_ID AS ctLnbSubId, CT_LNB_SUB_NAME AS ctLnbSubName, CT_LNB_SUB_URL AS ctLnbSubUrl FROM CT_LNB_SUB WHERE CT_LNB_ID = ? ORDER BY CT_LNB_SUB_IDX
2025-01-13 15:58:30 [http-nio-8080-exec-2] DEBUG c.s.d.m.C.selectLnbSubList - ==> Parameters: CT_LNB_SERVICE(String)
2025-01-13 15:58:30 [http-nio-8080-exec-1] DEBUG c.s.d.m.C.selectLnbSubList - ==> Parameters: CT_LNB_COMPANY(String)
2025-01-13 15:58:30 [http-nio-8080-exec-1] DEBUG c.s.d.m.C.selectLnbSubList - <==      Total: 1
2025-01-13 15:58:30 [http-nio-8080-exec-10] DEBUG c.s.d.m.C.selectLnbSubList - <==      Total: 2
2025-01-13 15:58:30 [http-nio-8080-exec-2] DEBUG c.s.d.m.C.selectLnbSubList - <==      Total: 4
2025-01-13 15:58:30 [http-nio-8080-exec-1] DEBUG org.mybatis.spring.SqlSessionUtils - Closing non transactional SqlSession [org.apache.ibatis.session.defaults.DefaultSqlSession@53fb20a4]
2025-01-13 15:58:30 [http-nio-8080-exec-10] DEBUG org.mybatis.spring.SqlSessionUtils - Closing non transactional SqlSession [org.apache.ibatis.session.defaults.DefaultSqlSession@7344f35b]
2025-01-13 15:58:30 [http-nio-8080-exec-2] DEBUG org.mybatis.spring.SqlSessionUtils - Closing non transactional SqlSession [org.apache.ibatis.session.defaults.DefaultSqlSession@4e09c6dc]
2025-01-13 15:58:30 [http-nio-8080-exec-7] DEBUG org.mybatis.spring.SqlSessionUtils - Creating a new SqlSession
2025-01-13 15:58:30 [http-nio-8080-exec-6] DEBUG org.mybatis.spring.SqlSessionUtils - Creating a new SqlSession
2025-01-13 15:58:30 [http-nio-8080-exec-7] DEBUG org.mybatis.spring.SqlSessionUtils - SqlSession [org.apache.ibatis.session.defaults.DefaultSqlSession@22ebfecd] was not registered for synchronization because synchronization is not active
2025-01-13 15:58:30 [http-nio-8080-exec-6] DEBUG org.mybatis.spring.SqlSessionUtils - SqlSession [org.apache.ibatis.session.defaults.DefaultSqlSession@49366d19] was not registered for synchronization because synchronization is not active
2025-01-13 15:58:30 [http-nio-8080-exec-5] DEBUG org.mybatis.spring.SqlSessionUtils - Creating a new SqlSession
2025-01-13 15:58:30 [http-nio-8080-exec-6] DEBUG o.m.s.t.SpringManagedTransaction - JDBC Connection [HikariProxyConnection@527807842 wrapping com.mysql.cj.jdbc.ConnectionImpl@1b176bb] will not be managed by Spring
2025-01-13 15:58:30 [http-nio-8080-exec-5] DEBUG org.mybatis.spring.SqlSessionUtils - SqlSession [org.apache.ibatis.session.defaults.DefaultSqlSession@7c53c656] was not registered for synchronization because synchronization is not active
2025-01-13 15:58:30 [http-nio-8080-exec-7] DEBUG o.m.s.t.SpringManagedTransaction - JDBC Connection [HikariProxyConnection@926872421 wrapping com.mysql.cj.jdbc.ConnectionImpl@202516a8] will not be managed by Spring
2025-01-13 15:58:30 [http-nio-8080-exec-6] DEBUG c.s.d.m.C.selectLnbSubList - ==>  Preparing: SELECT CT_LNB_SUB_IDX AS ctLnbSubIdx, CT_LNB_ID AS ctLnbId, CT_LNB_SUB_ID AS ctLnbSubId, CT_LNB_SUB_NAME AS ctLnbSubName, CT_LNB_SUB_URL AS ctLnbSubUrl FROM CT_LNB_SUB WHERE CT_LNB_ID = ? ORDER BY CT_LNB_SUB_IDX
2025-01-13 15:58:30 [http-nio-8080-exec-7] DEBUG c.s.d.m.C.selectLnbSubList - ==>  Preparing: SELECT CT_LNB_SUB_IDX AS ctLnbSubIdx, CT_LNB_ID AS ctLnbId, CT_LNB_SUB_ID AS ctLnbSubId, CT_LNB_SUB_NAME AS ctLnbSubName, CT_LNB_SUB_URL AS ctLnbSubUrl FROM CT_LNB_SUB WHERE CT_LNB_ID = ? ORDER BY CT_LNB_SUB_IDX
2025-01-13 15:58:30 [http-nio-8080-exec-5] DEBUG o.m.s.t.SpringManagedTransaction - JDBC Connection [HikariProxyConnection@1953186060 wrapping com.mysql.cj.jdbc.ConnectionImpl@2f55317c] will not be managed by Spring
2025-01-13 15:58:30 [http-nio-8080-exec-5] DEBUG c.s.d.m.C.selectLnbSubList - ==>  Preparing: SELECT CT_LNB_SUB_IDX AS ctLnbSubIdx, CT_LNB_ID AS ctLnbId, CT_LNB_SUB_ID AS ctLnbSubId, CT_LNB_SUB_NAME AS ctLnbSubName, CT_LNB_SUB_URL AS ctLnbSubUrl FROM CT_LNB_SUB WHERE CT_LNB_ID = ? ORDER BY CT_LNB_SUB_IDX
2025-01-13 15:58:30 [http-nio-8080-exec-6] DEBUG c.s.d.m.C.selectLnbSubList - ==> Parameters: CT_LNB_COMPANY(String)
2025-01-13 15:58:30 [http-nio-8080-exec-5] DEBUG c.s.d.m.C.selectLnbSubList - ==> Parameters: CT_LNB_CONTACT(String)
2025-01-13 15:58:30 [http-nio-8080-exec-7] DEBUG c.s.d.m.C.selectLnbSubList - ==> Parameters: CT_LNB_SERVICE(String)
2025-01-13 15:58:30 [http-nio-8080-exec-6] DEBUG c.s.d.m.C.selectLnbSubList - <==      Total: 1
2025-01-13 15:58:30 [http-nio-8080-exec-5] DEBUG c.s.d.m.C.selectLnbSubList - <==      Total: 2
2025-01-13 15:58:30 [http-nio-8080-exec-7] DEBUG c.s.d.m.C.selectLnbSubList - <==      Total: 4
2025-01-13 15:58:30 [http-nio-8080-exec-5] DEBUG org.mybatis.spring.SqlSessionUtils - Closing non transactional SqlSession [org.apache.ibatis.session.defaults.DefaultSqlSession@7c53c656]
2025-01-13 15:58:30 [http-nio-8080-exec-6] DEBUG org.mybatis.spring.SqlSessionUtils - Closing non transactional SqlSession [org.apache.ibatis.session.defaults.DefaultSqlSession@49366d19]
2025-01-13 15:58:30 [http-nio-8080-exec-7] DEBUG org.mybatis.spring.SqlSessionUtils - Closing non transactional SqlSession [org.apache.ibatis.session.defaults.DefaultSqlSession@22ebfecd]
2025-01-13 15:58:32 [http-nio-8080-exec-8] WARN  o.t.s.p.AbstractStandardFragmentInsertionTagProcessor - [THYMELEAF][http-nio-8080-exec-8][common/layout/layout] Deprecated unwrapped fragment expression "common/fragments/header::header" found in template common/layout/layout, line 33, col 10. Please use the complete syntax of fragment expressions instead ("~{common/fragments/header::header}"). The old, unwrapped syntax for fragment expressions will be removed in future versions of Thymeleaf.
2025-01-13 15:58:32 [http-nio-8080-exec-8] WARN  o.t.s.p.AbstractStandardFragmentInsertionTagProcessor - [THYMELEAF][http-nio-8080-exec-8][common/layout/layout] Deprecated unwrapped fragment expression "common/fragments/footer::footer" found in template common/layout/layout, line 37, col 10. Please use the complete syntax of fragment expressions instead ("~{common/fragments/footer::footer}"). The old, unwrapped syntax for fragment expressions will be removed in future versions of Thymeleaf.
2025-01-13 15:58:32 [http-nio-8080-exec-1] DEBUG org.mybatis.spring.SqlSessionUtils - Creating a new SqlSession
2025-01-13 15:58:32 [http-nio-8080-exec-1] DEBUG org.mybatis.spring.SqlSessionUtils - SqlSession [org.apache.ibatis.session.defaults.DefaultSqlSession@470d226d] was not registered for synchronization because synchronization is not active
2025-01-13 15:58:32 [http-nio-8080-exec-1] DEBUG o.m.s.t.SpringManagedTransaction - JDBC Connection [HikariProxyConnection@1110875217 wrapping com.mysql.cj.jdbc.ConnectionImpl@1b176bb] will not be managed by Spring
2025-01-13 15:58:32 [http-nio-8080-exec-1] DEBUG c.s.d.m.CommonMapper.selectLnbList - ==>  Preparing: SELECT CT_LNB_IDX AS ctLnbIdx, CT_LNB_ID AS ctLnbId, CT_LNB_NAME AS ctLnbName, CT_LNB_SUB_YN AS ctLnbSubYn, CT_LNB_URL AS ctLnbUrl, CT_LNB_USE_YN AS ctLnbUseYn FROM CT_LNB WHERE CT_LNB_USE_YN = 'Y' ORDER BY CT_LNB_IDX
2025-01-13 15:58:32 [http-nio-8080-exec-1] DEBUG c.s.d.m.CommonMapper.selectLnbList - ==> Parameters: 
2025-01-13 15:58:32 [http-nio-8080-exec-1] DEBUG c.s.d.m.CommonMapper.selectLnbList - <==      Total: 4
2025-01-13 15:58:32 [http-nio-8080-exec-1] DEBUG org.mybatis.spring.SqlSessionUtils - Closing non transactional SqlSession [org.apache.ibatis.session.defaults.DefaultSqlSession@470d226d]
2025-01-13 15:58:32 [http-nio-8080-exec-7] DEBUG org.mybatis.spring.SqlSessionUtils - Creating a new SqlSession
2025-01-13 15:58:32 [http-nio-8080-exec-7] DEBUG org.mybatis.spring.SqlSessionUtils - SqlSession [org.apache.ibatis.session.defaults.DefaultSqlSession@5014d5e2] was not registered for synchronization because synchronization is not active
2025-01-13 15:58:32 [http-nio-8080-exec-7] DEBUG o.m.s.t.SpringManagedTransaction - JDBC Connection [HikariProxyConnection@284275038 wrapping com.mysql.cj.jdbc.ConnectionImpl@202516a8] will not be managed by Spring
2025-01-13 15:58:32 [http-nio-8080-exec-7] DEBUG c.s.d.m.CommonMapper.selectLnbList - ==>  Preparing: SELECT CT_LNB_IDX AS ctLnbIdx, CT_LNB_ID AS ctLnbId, CT_LNB_NAME AS ctLnbName, CT_LNB_SUB_YN AS ctLnbSubYn, CT_LNB_URL AS ctLnbUrl, CT_LNB_USE_YN AS ctLnbUseYn FROM CT_LNB WHERE CT_LNB_USE_YN = 'Y' ORDER BY CT_LNB_IDX
2025-01-13 15:58:32 [http-nio-8080-exec-7] DEBUG c.s.d.m.CommonMapper.selectLnbList - ==> Parameters: 
2025-01-13 15:58:32 [http-nio-8080-exec-7] DEBUG c.s.d.m.CommonMapper.selectLnbList - <==      Total: 4
2025-01-13 15:58:32 [http-nio-8080-exec-7] DEBUG org.mybatis.spring.SqlSessionUtils - Closing non transactional SqlSession [org.apache.ibatis.session.defaults.DefaultSqlSession@5014d5e2]
2025-01-13 15:58:33 [http-nio-8080-exec-4] DEBUG org.mybatis.spring.SqlSessionUtils - Creating a new SqlSession
2025-01-13 15:58:33 [http-nio-8080-exec-5] DEBUG org.mybatis.spring.SqlSessionUtils - Creating a new SqlSession
2025-01-13 15:58:33 [http-nio-8080-exec-8] DEBUG org.mybatis.spring.SqlSessionUtils - Creating a new SqlSession
2025-01-13 15:58:33 [http-nio-8080-exec-5] DEBUG org.mybatis.spring.SqlSessionUtils - SqlSession [org.apache.ibatis.session.defaults.DefaultSqlSession@3d1b8d67] was not registered for synchronization because synchronization is not active
2025-01-13 15:58:33 [http-nio-8080-exec-4] DEBUG org.mybatis.spring.SqlSessionUtils - SqlSession [org.apache.ibatis.session.defaults.DefaultSqlSession@2ec7514] was not registered for synchronization because synchronization is not active
2025-01-13 15:58:33 [http-nio-8080-exec-8] DEBUG org.mybatis.spring.SqlSessionUtils - SqlSession [org.apache.ibatis.session.defaults.DefaultSqlSession@50b65320] was not registered for synchronization because synchronization is not active
2025-01-13 15:58:33 [http-nio-8080-exec-5] DEBUG o.m.s.t.SpringManagedTransaction - JDBC Connection [HikariProxyConnection@332843241 wrapping com.mysql.cj.jdbc.ConnectionImpl@202516a8] will not be managed by Spring
2025-01-13 15:58:33 [http-nio-8080-exec-5] DEBUG c.s.d.m.C.selectLnbSubList - ==>  Preparing: SELECT CT_LNB_SUB_IDX AS ctLnbSubIdx, CT_LNB_ID AS ctLnbId, CT_LNB_SUB_ID AS ctLnbSubId, CT_LNB_SUB_NAME AS ctLnbSubName, CT_LNB_SUB_URL AS ctLnbSubUrl FROM CT_LNB_SUB WHERE CT_LNB_ID = ? ORDER BY CT_LNB_SUB_IDX
2025-01-13 15:58:33 [http-nio-8080-exec-5] DEBUG c.s.d.m.C.selectLnbSubList - ==> Parameters: CT_LNB_SERVICE(String)
2025-01-13 15:58:33 [http-nio-8080-exec-8] DEBUG o.m.s.t.SpringManagedTransaction - JDBC Connection [HikariProxyConnection@42933581 wrapping com.mysql.cj.jdbc.ConnectionImpl@1b176bb] will not be managed by Spring
2025-01-13 15:58:33 [http-nio-8080-exec-4] DEBUG o.m.s.t.SpringManagedTransaction - JDBC Connection [HikariProxyConnection@1622818386 wrapping com.mysql.cj.jdbc.ConnectionImpl@2f55317c] will not be managed by Spring
2025-01-13 15:58:33 [http-nio-8080-exec-8] DEBUG c.s.d.m.C.selectLnbSubList - ==>  Preparing: SELECT CT_LNB_SUB_IDX AS ctLnbSubIdx, CT_LNB_ID AS ctLnbId, CT_LNB_SUB_ID AS ctLnbSubId, CT_LNB_SUB_NAME AS ctLnbSubName, CT_LNB_SUB_URL AS ctLnbSubUrl FROM CT_LNB_SUB WHERE CT_LNB_ID = ? ORDER BY CT_LNB_SUB_IDX
2025-01-13 15:58:33 [http-nio-8080-exec-4] DEBUG c.s.d.m.C.selectLnbSubList - ==>  Preparing: SELECT CT_LNB_SUB_IDX AS ctLnbSubIdx, CT_LNB_ID AS ctLnbId, CT_LNB_SUB_ID AS ctLnbSubId, CT_LNB_SUB_NAME AS ctLnbSubName, CT_LNB_SUB_URL AS ctLnbSubUrl FROM CT_LNB_SUB WHERE CT_LNB_ID = ? ORDER BY CT_LNB_SUB_IDX
2025-01-13 15:58:33 [http-nio-8080-exec-4] DEBUG c.s.d.m.C.selectLnbSubList - ==> Parameters: CT_LNB_COMPANY(String)
2025-01-13 15:58:33 [http-nio-8080-exec-8] DEBUG c.s.d.m.C.selectLnbSubList - ==> Parameters: CT_LNB_CONTACT(String)
2025-01-13 15:58:33 [http-nio-8080-exec-4] DEBUG c.s.d.m.C.selectLnbSubList - <==      Total: 1
2025-01-13 15:58:33 [http-nio-8080-exec-8] DEBUG c.s.d.m.C.selectLnbSubList - <==      Total: 2
2025-01-13 15:58:33 [http-nio-8080-exec-5] DEBUG c.s.d.m.C.selectLnbSubList - <==      Total: 4
2025-01-13 15:58:33 [http-nio-8080-exec-5] DEBUG org.mybatis.spring.SqlSessionUtils - Closing non transactional SqlSession [org.apache.ibatis.session.defaults.DefaultSqlSession@3d1b8d67]
2025-01-13 15:58:33 [http-nio-8080-exec-4] DEBUG org.mybatis.spring.SqlSessionUtils - Closing non transactional SqlSession [org.apache.ibatis.session.defaults.DefaultSqlSession@2ec7514]
2025-01-13 15:58:33 [http-nio-8080-exec-8] DEBUG org.mybatis.spring.SqlSessionUtils - Closing non transactional SqlSession [org.apache.ibatis.session.defaults.DefaultSqlSession@50b65320]
2025-01-13 15:58:33 [http-nio-8080-exec-3] DEBUG org.mybatis.spring.SqlSessionUtils - Creating a new SqlSession
2025-01-13 15:58:33 [http-nio-8080-exec-1] DEBUG org.mybatis.spring.SqlSessionUtils - Creating a new SqlSession
2025-01-13 15:58:33 [http-nio-8080-exec-9] DEBUG org.mybatis.spring.SqlSessionUtils - Creating a new SqlSession
2025-01-13 15:58:33 [http-nio-8080-exec-1] DEBUG org.mybatis.spring.SqlSessionUtils - SqlSession [org.apache.ibatis.session.defaults.DefaultSqlSession@305eee2a] was not registered for synchronization because synchronization is not active
2025-01-13 15:58:33 [http-nio-8080-exec-3] DEBUG org.mybatis.spring.SqlSessionUtils - SqlSession [org.apache.ibatis.session.defaults.DefaultSqlSession@799e77ca] was not registered for synchronization because synchronization is not active
2025-01-13 15:58:33 [http-nio-8080-exec-9] DEBUG org.mybatis.spring.SqlSessionUtils - SqlSession [org.apache.ibatis.session.defaults.DefaultSqlSession@4055a87e] was not registered for synchronization because synchronization is not active
2025-01-13 15:58:33 [http-nio-8080-exec-3] DEBUG o.m.s.t.SpringManagedTransaction - JDBC Connection [HikariProxyConnection@1539984538 wrapping com.mysql.cj.jdbc.ConnectionImpl@202516a8] will not be managed by Spring
2025-01-13 15:58:33 [http-nio-8080-exec-1] DEBUG o.m.s.t.SpringManagedTransaction - JDBC Connection [HikariProxyConnection@510569478 wrapping com.mysql.cj.jdbc.ConnectionImpl@1b176bb] will not be managed by Spring
2025-01-13 15:58:33 [http-nio-8080-exec-9] DEBUG o.m.s.t.SpringManagedTransaction - JDBC Connection [HikariProxyConnection@2125833740 wrapping com.mysql.cj.jdbc.ConnectionImpl@2f55317c] will not be managed by Spring
2025-01-13 15:58:33 [http-nio-8080-exec-3] DEBUG c.s.d.m.C.selectLnbSubList - ==>  Preparing: SELECT CT_LNB_SUB_IDX AS ctLnbSubIdx, CT_LNB_ID AS ctLnbId, CT_LNB_SUB_ID AS ctLnbSubId, CT_LNB_SUB_NAME AS ctLnbSubName, CT_LNB_SUB_URL AS ctLnbSubUrl FROM CT_LNB_SUB WHERE CT_LNB_ID = ? ORDER BY CT_LNB_SUB_IDX
2025-01-13 15:58:33 [http-nio-8080-exec-1] DEBUG c.s.d.m.C.selectLnbSubList - ==>  Preparing: SELECT CT_LNB_SUB_IDX AS ctLnbSubIdx, CT_LNB_ID AS ctLnbId, CT_LNB_SUB_ID AS ctLnbSubId, CT_LNB_SUB_NAME AS ctLnbSubName, CT_LNB_SUB_URL AS ctLnbSubUrl FROM CT_LNB_SUB WHERE CT_LNB_ID = ? ORDER BY CT_LNB_SUB_IDX
2025-01-13 15:58:33 [http-nio-8080-exec-9] DEBUG c.s.d.m.C.selectLnbSubList - ==>  Preparing: SELECT CT_LNB_SUB_IDX AS ctLnbSubIdx, CT_LNB_ID AS ctLnbId, CT_LNB_SUB_ID AS ctLnbSubId, CT_LNB_SUB_NAME AS ctLnbSubName, CT_LNB_SUB_URL AS ctLnbSubUrl FROM CT_LNB_SUB WHERE CT_LNB_ID = ? ORDER BY CT_LNB_SUB_IDX
2025-01-13 15:58:33 [http-nio-8080-exec-1] DEBUG c.s.d.m.C.selectLnbSubList - ==> Parameters: CT_LNB_CONTACT(String)
2025-01-13 15:58:33 [http-nio-8080-exec-3] DEBUG c.s.d.m.C.selectLnbSubList - ==> Parameters: CT_LNB_COMPANY(String)
2025-01-13 15:58:33 [http-nio-8080-exec-9] DEBUG c.s.d.m.C.selectLnbSubList - ==> Parameters: CT_LNB_SERVICE(String)
2025-01-13 15:58:33 [http-nio-8080-exec-3] DEBUG c.s.d.m.C.selectLnbSubList - <==      Total: 1
2025-01-13 15:58:33 [http-nio-8080-exec-1] DEBUG c.s.d.m.C.selectLnbSubList - <==      Total: 2
2025-01-13 15:58:33 [http-nio-8080-exec-9] DEBUG c.s.d.m.C.selectLnbSubList - <==      Total: 4
2025-01-13 15:58:33 [http-nio-8080-exec-3] DEBUG org.mybatis.spring.SqlSessionUtils - Closing non transactional SqlSession [org.apache.ibatis.session.defaults.DefaultSqlSession@799e77ca]
2025-01-13 15:58:33 [http-nio-8080-exec-1] DEBUG org.mybatis.spring.SqlSessionUtils - Closing non transactional SqlSession [org.apache.ibatis.session.defaults.DefaultSqlSession@305eee2a]
2025-01-13 15:58:33 [http-nio-8080-exec-9] DEBUG org.mybatis.spring.SqlSessionUtils - Closing non transactional SqlSession [org.apache.ibatis.session.defaults.DefaultSqlSession@4055a87e]
2025-01-13 16:01:58 [http-nio-8080-exec-6] WARN  o.t.s.p.AbstractStandardFragmentInsertionTagProcessor - [THYMELEAF][http-nio-8080-exec-6][common/layout/layout] Deprecated unwrapped fragment expression "common/fragments/header::header" found in template common/layout/layout, line 33, col 10. Please use the complete syntax of fragment expressions instead ("~{common/fragments/header::header}"). The old, unwrapped syntax for fragment expressions will be removed in future versions of Thymeleaf.
2025-01-13 16:01:58 [http-nio-8080-exec-6] WARN  o.t.s.p.AbstractStandardFragmentInsertionTagProcessor - [THYMELEAF][http-nio-8080-exec-6][common/layout/layout] Deprecated unwrapped fragment expression "common/fragments/footer::footer" found in template common/layout/layout, line 37, col 10. Please use the complete syntax of fragment expressions instead ("~{common/fragments/footer::footer}"). The old, unwrapped syntax for fragment expressions will be removed in future versions of Thymeleaf.
2025-01-13 16:01:58 [http-nio-8080-exec-10] DEBUG org.mybatis.spring.SqlSessionUtils - Creating a new SqlSession
2025-01-13 16:01:58 [http-nio-8080-exec-10] DEBUG org.mybatis.spring.SqlSessionUtils - SqlSession [org.apache.ibatis.session.defaults.DefaultSqlSession@85464c3] was not registered for synchronization because synchronization is not active
2025-01-13 16:01:58 [http-nio-8080-exec-10] DEBUG o.m.s.t.SpringManagedTransaction - JDBC Connection [HikariProxyConnection@595425583 wrapping com.mysql.cj.jdbc.ConnectionImpl@2f55317c] will not be managed by Spring
2025-01-13 16:01:58 [http-nio-8080-exec-10] DEBUG c.s.d.m.CommonMapper.selectLnbList - ==>  Preparing: SELECT CT_LNB_IDX AS ctLnbIdx, CT_LNB_ID AS ctLnbId, CT_LNB_NAME AS ctLnbName, CT_LNB_SUB_YN AS ctLnbSubYn, CT_LNB_URL AS ctLnbUrl, CT_LNB_USE_YN AS ctLnbUseYn FROM CT_LNB WHERE CT_LNB_USE_YN = 'Y' ORDER BY CT_LNB_IDX
2025-01-13 16:01:58 [http-nio-8080-exec-10] DEBUG c.s.d.m.CommonMapper.selectLnbList - ==> Parameters: 
2025-01-13 16:01:58 [http-nio-8080-exec-10] DEBUG c.s.d.m.CommonMapper.selectLnbList - <==      Total: 4
2025-01-13 16:01:58 [http-nio-8080-exec-10] DEBUG org.mybatis.spring.SqlSessionUtils - Closing non transactional SqlSession [org.apache.ibatis.session.defaults.DefaultSqlSession@85464c3]
2025-01-13 16:01:58 [http-nio-8080-exec-1] DEBUG org.mybatis.spring.SqlSessionUtils - Creating a new SqlSession
2025-01-13 16:01:58 [http-nio-8080-exec-1] DEBUG org.mybatis.spring.SqlSessionUtils - SqlSession [org.apache.ibatis.session.defaults.DefaultSqlSession@661c997a] was not registered for synchronization because synchronization is not active
2025-01-13 16:01:58 [http-nio-8080-exec-1] DEBUG o.m.s.t.SpringManagedTransaction - JDBC Connection [HikariProxyConnection@234428195 wrapping com.mysql.cj.jdbc.ConnectionImpl@1b176bb] will not be managed by Spring
2025-01-13 16:01:58 [http-nio-8080-exec-1] DEBUG c.s.d.m.CommonMapper.selectLnbList - ==>  Preparing: SELECT CT_LNB_IDX AS ctLnbIdx, CT_LNB_ID AS ctLnbId, CT_LNB_NAME AS ctLnbName, CT_LNB_SUB_YN AS ctLnbSubYn, CT_LNB_URL AS ctLnbUrl, CT_LNB_USE_YN AS ctLnbUseYn FROM CT_LNB WHERE CT_LNB_USE_YN = 'Y' ORDER BY CT_LNB_IDX
2025-01-13 16:01:58 [http-nio-8080-exec-1] DEBUG c.s.d.m.CommonMapper.selectLnbList - ==> Parameters: 
2025-01-13 16:01:58 [http-nio-8080-exec-1] DEBUG c.s.d.m.CommonMapper.selectLnbList - <==      Total: 4
2025-01-13 16:01:58 [http-nio-8080-exec-1] DEBUG org.mybatis.spring.SqlSessionUtils - Closing non transactional SqlSession [org.apache.ibatis.session.defaults.DefaultSqlSession@661c997a]
2025-01-13 16:01:58 [http-nio-8080-exec-3] DEBUG org.mybatis.spring.SqlSessionUtils - Creating a new SqlSession
2025-01-13 16:01:58 [http-nio-8080-exec-6] DEBUG org.mybatis.spring.SqlSessionUtils - Creating a new SqlSession
2025-01-13 16:01:58 [http-nio-8080-exec-7] DEBUG org.mybatis.spring.SqlSessionUtils - Creating a new SqlSession
2025-01-13 16:01:58 [http-nio-8080-exec-6] DEBUG org.mybatis.spring.SqlSessionUtils - SqlSession [org.apache.ibatis.session.defaults.DefaultSqlSession@4c1f717f] was not registered for synchronization because synchronization is not active
2025-01-13 16:01:58 [http-nio-8080-exec-3] DEBUG org.mybatis.spring.SqlSessionUtils - SqlSession [org.apache.ibatis.session.defaults.DefaultSqlSession@1ab004f3] was not registered for synchronization because synchronization is not active
2025-01-13 16:01:58 [http-nio-8080-exec-7] DEBUG org.mybatis.spring.SqlSessionUtils - SqlSession [org.apache.ibatis.session.defaults.DefaultSqlSession@2eac2d8a] was not registered for synchronization because synchronization is not active
2025-01-13 16:01:58 [http-nio-8080-exec-6] DEBUG o.m.s.t.SpringManagedTransaction - JDBC Connection [HikariProxyConnection@28624539 wrapping com.mysql.cj.jdbc.ConnectionImpl@1b176bb] will not be managed by Spring
2025-01-13 16:01:58 [http-nio-8080-exec-7] DEBUG o.m.s.t.SpringManagedTransaction - JDBC Connection [HikariProxyConnection@1249681900 wrapping com.mysql.cj.jdbc.ConnectionImpl@2f55317c] will not be managed by Spring
2025-01-13 16:01:58 [http-nio-8080-exec-6] DEBUG c.s.d.m.C.selectLnbSubList - ==>  Preparing: SELECT CT_LNB_SUB_IDX AS ctLnbSubIdx, CT_LNB_ID AS ctLnbId, CT_LNB_SUB_ID AS ctLnbSubId, CT_LNB_SUB_NAME AS ctLnbSubName, CT_LNB_SUB_URL AS ctLnbSubUrl FROM CT_LNB_SUB WHERE CT_LNB_ID = ? ORDER BY CT_LNB_SUB_IDX
2025-01-13 16:01:58 [http-nio-8080-exec-7] DEBUG c.s.d.m.C.selectLnbSubList - ==>  Preparing: SELECT CT_LNB_SUB_IDX AS ctLnbSubIdx, CT_LNB_ID AS ctLnbId, CT_LNB_SUB_ID AS ctLnbSubId, CT_LNB_SUB_NAME AS ctLnbSubName, CT_LNB_SUB_URL AS ctLnbSubUrl FROM CT_LNB_SUB WHERE CT_LNB_ID = ? ORDER BY CT_LNB_SUB_IDX
2025-01-13 16:01:58 [http-nio-8080-exec-3] DEBUG o.m.s.t.SpringManagedTransaction - JDBC Connection [HikariProxyConnection@1413491672 wrapping com.mysql.cj.jdbc.ConnectionImpl@202516a8] will not be managed by Spring
2025-01-13 16:01:58 [http-nio-8080-exec-7] DEBUG c.s.d.m.C.selectLnbSubList - ==> Parameters: CT_LNB_COMPANY(String)
2025-01-13 16:01:58 [http-nio-8080-exec-3] DEBUG c.s.d.m.C.selectLnbSubList - ==>  Preparing: SELECT CT_LNB_SUB_IDX AS ctLnbSubIdx, CT_LNB_ID AS ctLnbId, CT_LNB_SUB_ID AS ctLnbSubId, CT_LNB_SUB_NAME AS ctLnbSubName, CT_LNB_SUB_URL AS ctLnbSubUrl FROM CT_LNB_SUB WHERE CT_LNB_ID = ? ORDER BY CT_LNB_SUB_IDX
2025-01-13 16:01:58 [http-nio-8080-exec-6] DEBUG c.s.d.m.C.selectLnbSubList - ==> Parameters: CT_LNB_CONTACT(String)
2025-01-13 16:01:58 [http-nio-8080-exec-3] DEBUG c.s.d.m.C.selectLnbSubList - ==> Parameters: CT_LNB_SERVICE(String)
2025-01-13 16:01:58 [http-nio-8080-exec-7] DEBUG c.s.d.m.C.selectLnbSubList - <==      Total: 1
2025-01-13 16:01:58 [http-nio-8080-exec-6] DEBUG c.s.d.m.C.selectLnbSubList - <==      Total: 2
2025-01-13 16:01:58 [http-nio-8080-exec-3] DEBUG c.s.d.m.C.selectLnbSubList - <==      Total: 4
2025-01-13 16:01:58 [http-nio-8080-exec-3] DEBUG org.mybatis.spring.SqlSessionUtils - Closing non transactional SqlSession [org.apache.ibatis.session.defaults.DefaultSqlSession@1ab004f3]
2025-01-13 16:01:58 [http-nio-8080-exec-7] DEBUG org.mybatis.spring.SqlSessionUtils - Closing non transactional SqlSession [org.apache.ibatis.session.defaults.DefaultSqlSession@2eac2d8a]
2025-01-13 16:01:58 [http-nio-8080-exec-6] DEBUG org.mybatis.spring.SqlSessionUtils - Closing non transactional SqlSession [org.apache.ibatis.session.defaults.DefaultSqlSession@4c1f717f]
2025-01-13 16:01:58 [http-nio-8080-exec-4] DEBUG org.mybatis.spring.SqlSessionUtils - Creating a new SqlSession
2025-01-13 16:01:58 [http-nio-8080-exec-5] DEBUG org.mybatis.spring.SqlSessionUtils - Creating a new SqlSession
2025-01-13 16:01:58 [http-nio-8080-exec-10] DEBUG org.mybatis.spring.SqlSessionUtils - Creating a new SqlSession
2025-01-13 16:01:58 [http-nio-8080-exec-4] DEBUG org.mybatis.spring.SqlSessionUtils - SqlSession [org.apache.ibatis.session.defaults.DefaultSqlSession@11511ca] was not registered for synchronization because synchronization is not active
2025-01-13 16:01:58 [http-nio-8080-exec-10] DEBUG org.mybatis.spring.SqlSessionUtils - SqlSession [org.apache.ibatis.session.defaults.DefaultSqlSession@1f3e82cd] was not registered for synchronization because synchronization is not active
2025-01-13 16:01:58 [http-nio-8080-exec-5] DEBUG org.mybatis.spring.SqlSessionUtils - SqlSession [org.apache.ibatis.session.defaults.DefaultSqlSession@684ec7d9] was not registered for synchronization because synchronization is not active
2025-01-13 16:01:58 [http-nio-8080-exec-10] DEBUG o.m.s.t.SpringManagedTransaction - JDBC Connection [HikariProxyConnection@887594901 wrapping com.mysql.cj.jdbc.ConnectionImpl@1b176bb] will not be managed by Spring
2025-01-13 16:01:58 [http-nio-8080-exec-4] DEBUG o.m.s.t.SpringManagedTransaction - JDBC Connection [HikariProxyConnection@391104915 wrapping com.mysql.cj.jdbc.ConnectionImpl@2f55317c] will not be managed by Spring
2025-01-13 16:01:58 [http-nio-8080-exec-5] DEBUG o.m.s.t.SpringManagedTransaction - JDBC Connection [HikariProxyConnection@1985521436 wrapping com.mysql.cj.jdbc.ConnectionImpl@202516a8] will not be managed by Spring
2025-01-13 16:01:58 [http-nio-8080-exec-10] DEBUG c.s.d.m.C.selectLnbSubList - ==>  Preparing: SELECT CT_LNB_SUB_IDX AS ctLnbSubIdx, CT_LNB_ID AS ctLnbId, CT_LNB_SUB_ID AS ctLnbSubId, CT_LNB_SUB_NAME AS ctLnbSubName, CT_LNB_SUB_URL AS ctLnbSubUrl FROM CT_LNB_SUB WHERE CT_LNB_ID = ? ORDER BY CT_LNB_SUB_IDX
2025-01-13 16:01:58 [http-nio-8080-exec-5] DEBUG c.s.d.m.C.selectLnbSubList - ==>  Preparing: SELECT CT_LNB_SUB_IDX AS ctLnbSubIdx, CT_LNB_ID AS ctLnbId, CT_LNB_SUB_ID AS ctLnbSubId, CT_LNB_SUB_NAME AS ctLnbSubName, CT_LNB_SUB_URL AS ctLnbSubUrl FROM CT_LNB_SUB WHERE CT_LNB_ID = ? ORDER BY CT_LNB_SUB_IDX
2025-01-13 16:01:58 [http-nio-8080-exec-4] DEBUG c.s.d.m.C.selectLnbSubList - ==>  Preparing: SELECT CT_LNB_SUB_IDX AS ctLnbSubIdx, CT_LNB_ID AS ctLnbId, CT_LNB_SUB_ID AS ctLnbSubId, CT_LNB_SUB_NAME AS ctLnbSubName, CT_LNB_SUB_URL AS ctLnbSubUrl FROM CT_LNB_SUB WHERE CT_LNB_ID = ? ORDER BY CT_LNB_SUB_IDX
2025-01-13 16:01:58 [http-nio-8080-exec-10] DEBUG c.s.d.m.C.selectLnbSubList - ==> Parameters: CT_LNB_SERVICE(String)
2025-01-13 16:01:58 [http-nio-8080-exec-4] DEBUG c.s.d.m.C.selectLnbSubList - ==> Parameters: CT_LNB_COMPANY(String)
2025-01-13 16:01:58 [http-nio-8080-exec-5] DEBUG c.s.d.m.C.selectLnbSubList - ==> Parameters: CT_LNB_CONTACT(String)
2025-01-13 16:01:58 [http-nio-8080-exec-4] DEBUG c.s.d.m.C.selectLnbSubList - <==      Total: 1
2025-01-13 16:01:58 [http-nio-8080-exec-5] DEBUG c.s.d.m.C.selectLnbSubList - <==      Total: 2
2025-01-13 16:01:58 [http-nio-8080-exec-10] DEBUG c.s.d.m.C.selectLnbSubList - <==      Total: 4
2025-01-13 16:01:58 [http-nio-8080-exec-10] DEBUG org.mybatis.spring.SqlSessionUtils - Closing non transactional SqlSession [org.apache.ibatis.session.defaults.DefaultSqlSession@1f3e82cd]
2025-01-13 16:01:58 [http-nio-8080-exec-4] DEBUG org.mybatis.spring.SqlSessionUtils - Closing non transactional SqlSession [org.apache.ibatis.session.defaults.DefaultSqlSession@11511ca]
2025-01-13 16:01:58 [http-nio-8080-exec-5] DEBUG org.mybatis.spring.SqlSessionUtils - Closing non transactional SqlSession [org.apache.ibatis.session.defaults.DefaultSqlSession@684ec7d9]
2025-01-13 16:02:04 [http-nio-8080-exec-1] WARN  o.t.s.p.AbstractStandardFragmentInsertionTagProcessor - [THYMELEAF][http-nio-8080-exec-1][common/layout/layout] Deprecated unwrapped fragment expression "common/fragments/header::header" found in template common/layout/layout, line 33, col 10. Please use the complete syntax of fragment expressions instead ("~{common/fragments/header::header}"). The old, unwrapped syntax for fragment expressions will be removed in future versions of Thymeleaf.
2025-01-13 16:02:04 [http-nio-8080-exec-1] WARN  o.t.s.p.AbstractStandardFragmentInsertionTagProcessor - [THYMELEAF][http-nio-8080-exec-1][common/layout/layout] Deprecated unwrapped fragment expression "common/fragments/footer::footer" found in template common/layout/layout, line 37, col 10. Please use the complete syntax of fragment expressions instead ("~{common/fragments/footer::footer}"). The old, unwrapped syntax for fragment expressions will be removed in future versions of Thymeleaf.
2025-01-13 16:02:04 [http-nio-8080-exec-7] DEBUG org.mybatis.spring.SqlSessionUtils - Creating a new SqlSession
2025-01-13 16:02:04 [http-nio-8080-exec-7] DEBUG org.mybatis.spring.SqlSessionUtils - SqlSession [org.apache.ibatis.session.defaults.DefaultSqlSession@72d87b72] was not registered for synchronization because synchronization is not active
2025-01-13 16:02:04 [http-nio-8080-exec-7] DEBUG o.m.s.t.SpringManagedTransaction - JDBC Connection [HikariProxyConnection@1560594180 wrapping com.mysql.cj.jdbc.ConnectionImpl@2f55317c] will not be managed by Spring
2025-01-13 16:02:04 [http-nio-8080-exec-7] DEBUG c.s.d.m.CommonMapper.selectLnbList - ==>  Preparing: SELECT CT_LNB_IDX AS ctLnbIdx, CT_LNB_ID AS ctLnbId, CT_LNB_NAME AS ctLnbName, CT_LNB_SUB_YN AS ctLnbSubYn, CT_LNB_URL AS ctLnbUrl, CT_LNB_USE_YN AS ctLnbUseYn FROM CT_LNB WHERE CT_LNB_USE_YN = 'Y' ORDER BY CT_LNB_IDX
2025-01-13 16:02:04 [http-nio-8080-exec-7] DEBUG c.s.d.m.CommonMapper.selectLnbList - ==> Parameters: 
2025-01-13 16:02:04 [http-nio-8080-exec-7] DEBUG c.s.d.m.CommonMapper.selectLnbList - <==      Total: 4
2025-01-13 16:02:04 [http-nio-8080-exec-7] DEBUG org.mybatis.spring.SqlSessionUtils - Closing non transactional SqlSession [org.apache.ibatis.session.defaults.DefaultSqlSession@72d87b72]
2025-01-13 16:02:04 [http-nio-8080-exec-10] DEBUG org.mybatis.spring.SqlSessionUtils - Creating a new SqlSession
2025-01-13 16:02:04 [http-nio-8080-exec-10] DEBUG org.mybatis.spring.SqlSessionUtils - SqlSession [org.apache.ibatis.session.defaults.DefaultSqlSession@499d614d] was not registered for synchronization because synchronization is not active
2025-01-13 16:02:04 [http-nio-8080-exec-10] DEBUG o.m.s.t.SpringManagedTransaction - JDBC Connection [HikariProxyConnection@1099842780 wrapping com.mysql.cj.jdbc.ConnectionImpl@1b176bb] will not be managed by Spring
2025-01-13 16:02:04 [http-nio-8080-exec-10] DEBUG c.s.d.m.CommonMapper.selectLnbList - ==>  Preparing: SELECT CT_LNB_IDX AS ctLnbIdx, CT_LNB_ID AS ctLnbId, CT_LNB_NAME AS ctLnbName, CT_LNB_SUB_YN AS ctLnbSubYn, CT_LNB_URL AS ctLnbUrl, CT_LNB_USE_YN AS ctLnbUseYn FROM CT_LNB WHERE CT_LNB_USE_YN = 'Y' ORDER BY CT_LNB_IDX
2025-01-13 16:02:04 [http-nio-8080-exec-10] DEBUG c.s.d.m.CommonMapper.selectLnbList - ==> Parameters: 
2025-01-13 16:02:04 [http-nio-8080-exec-10] DEBUG c.s.d.m.CommonMapper.selectLnbList - <==      Total: 4
2025-01-13 16:02:04 [http-nio-8080-exec-10] DEBUG org.mybatis.spring.SqlSessionUtils - Closing non transactional SqlSession [org.apache.ibatis.session.defaults.DefaultSqlSession@499d614d]
2025-01-13 16:02:04 [http-nio-8080-exec-6] DEBUG org.mybatis.spring.SqlSessionUtils - Creating a new SqlSession
2025-01-13 16:02:04 [http-nio-8080-exec-6] DEBUG org.mybatis.spring.SqlSessionUtils - SqlSession [org.apache.ibatis.session.defaults.DefaultSqlSession@66778c2e] was not registered for synchronization because synchronization is not active
2025-01-13 16:02:04 [http-nio-8080-exec-3] DEBUG org.mybatis.spring.SqlSessionUtils - Creating a new SqlSession
2025-01-13 16:02:04 [http-nio-8080-exec-8] DEBUG org.mybatis.spring.SqlSessionUtils - Creating a new SqlSession
2025-01-13 16:02:04 [http-nio-8080-exec-3] DEBUG org.mybatis.spring.SqlSessionUtils - SqlSession [org.apache.ibatis.session.defaults.DefaultSqlSession@2b2e1bff] was not registered for synchronization because synchronization is not active
2025-01-13 16:02:04 [http-nio-8080-exec-8] DEBUG org.mybatis.spring.SqlSessionUtils - SqlSession [org.apache.ibatis.session.defaults.DefaultSqlSession@631031ce] was not registered for synchronization because synchronization is not active
2025-01-13 16:02:04 [http-nio-8080-exec-6] DEBUG o.m.s.t.SpringManagedTransaction - JDBC Connection [HikariProxyConnection@220367461 wrapping com.mysql.cj.jdbc.ConnectionImpl@1b176bb] will not be managed by Spring
2025-01-13 16:02:04 [http-nio-8080-exec-8] DEBUG o.m.s.t.SpringManagedTransaction - JDBC Connection [HikariProxyConnection@402391455 wrapping com.mysql.cj.jdbc.ConnectionImpl@2f55317c] will not be managed by Spring
2025-01-13 16:02:04 [http-nio-8080-exec-6] DEBUG c.s.d.m.C.selectLnbSubList - ==>  Preparing: SELECT CT_LNB_SUB_IDX AS ctLnbSubIdx, CT_LNB_ID AS ctLnbId, CT_LNB_SUB_ID AS ctLnbSubId, CT_LNB_SUB_NAME AS ctLnbSubName, CT_LNB_SUB_URL AS ctLnbSubUrl FROM CT_LNB_SUB WHERE CT_LNB_ID = ? ORDER BY CT_LNB_SUB_IDX
2025-01-13 16:02:04 [http-nio-8080-exec-8] DEBUG c.s.d.m.C.selectLnbSubList - ==>  Preparing: SELECT CT_LNB_SUB_IDX AS ctLnbSubIdx, CT_LNB_ID AS ctLnbId, CT_LNB_SUB_ID AS ctLnbSubId, CT_LNB_SUB_NAME AS ctLnbSubName, CT_LNB_SUB_URL AS ctLnbSubUrl FROM CT_LNB_SUB WHERE CT_LNB_ID = ? ORDER BY CT_LNB_SUB_IDX
2025-01-13 16:02:04 [http-nio-8080-exec-3] DEBUG o.m.s.t.SpringManagedTransaction - JDBC Connection [HikariProxyConnection@1041426858 wrapping com.mysql.cj.jdbc.ConnectionImpl@202516a8] will not be managed by Spring
2025-01-13 16:02:04 [http-nio-8080-exec-6] DEBUG c.s.d.m.C.selectLnbSubList - ==> Parameters: CT_LNB_COMPANY(String)
2025-01-13 16:02:04 [http-nio-8080-exec-3] DEBUG c.s.d.m.C.selectLnbSubList - ==>  Preparing: SELECT CT_LNB_SUB_IDX AS ctLnbSubIdx, CT_LNB_ID AS ctLnbId, CT_LNB_SUB_ID AS ctLnbSubId, CT_LNB_SUB_NAME AS ctLnbSubName, CT_LNB_SUB_URL AS ctLnbSubUrl FROM CT_LNB_SUB WHERE CT_LNB_ID = ? ORDER BY CT_LNB_SUB_IDX
2025-01-13 16:02:04 [http-nio-8080-exec-8] DEBUG c.s.d.m.C.selectLnbSubList - ==> Parameters: CT_LNB_SERVICE(String)
2025-01-13 16:02:04 [http-nio-8080-exec-3] DEBUG c.s.d.m.C.selectLnbSubList - ==> Parameters: CT_LNB_CONTACT(String)
2025-01-13 16:02:04 [http-nio-8080-exec-6] DEBUG c.s.d.m.C.selectLnbSubList - <==      Total: 1
2025-01-13 16:02:04 [http-nio-8080-exec-3] DEBUG c.s.d.m.C.selectLnbSubList - <==      Total: 2
2025-01-13 16:02:04 [http-nio-8080-exec-6] DEBUG org.mybatis.spring.SqlSessionUtils - Closing non transactional SqlSession [org.apache.ibatis.session.defaults.DefaultSqlSession@66778c2e]
2025-01-13 16:02:04 [http-nio-8080-exec-3] DEBUG org.mybatis.spring.SqlSessionUtils - Closing non transactional SqlSession [org.apache.ibatis.session.defaults.DefaultSqlSession@2b2e1bff]
2025-01-13 16:02:04 [http-nio-8080-exec-8] DEBUG c.s.d.m.C.selectLnbSubList - <==      Total: 4
2025-01-13 16:02:04 [http-nio-8080-exec-9] DEBUG org.mybatis.spring.SqlSessionUtils - Creating a new SqlSession
2025-01-13 16:02:04 [http-nio-8080-exec-1] DEBUG org.mybatis.spring.SqlSessionUtils - Creating a new SqlSession
2025-01-13 16:02:04 [http-nio-8080-exec-9] DEBUG org.mybatis.spring.SqlSessionUtils - SqlSession [org.apache.ibatis.session.defaults.DefaultSqlSession@6289c97c] was not registered for synchronization because synchronization is not active
2025-01-13 16:02:04 [http-nio-8080-exec-8] DEBUG org.mybatis.spring.SqlSessionUtils - Closing non transactional SqlSession [org.apache.ibatis.session.defaults.DefaultSqlSession@631031ce]
2025-01-13 16:02:04 [http-nio-8080-exec-1] DEBUG org.mybatis.spring.SqlSessionUtils - SqlSession [org.apache.ibatis.session.defaults.DefaultSqlSession@32e9ebab] was not registered for synchronization because synchronization is not active
2025-01-13 16:02:04 [http-nio-8080-exec-1] DEBUG o.m.s.t.SpringManagedTransaction - JDBC Connection [HikariProxyConnection@609216595 wrapping com.mysql.cj.jdbc.ConnectionImpl@1b176bb] will not be managed by Spring
2025-01-13 16:02:04 [http-nio-8080-exec-9] DEBUG o.m.s.t.SpringManagedTransaction - JDBC Connection [HikariProxyConnection@321258585 wrapping com.mysql.cj.jdbc.ConnectionImpl@2f55317c] will not be managed by Spring
2025-01-13 16:02:04 [http-nio-8080-exec-1] DEBUG c.s.d.m.C.selectLnbSubList - ==>  Preparing: SELECT CT_LNB_SUB_IDX AS ctLnbSubIdx, CT_LNB_ID AS ctLnbId, CT_LNB_SUB_ID AS ctLnbSubId, CT_LNB_SUB_NAME AS ctLnbSubName, CT_LNB_SUB_URL AS ctLnbSubUrl FROM CT_LNB_SUB WHERE CT_LNB_ID = ? ORDER BY CT_LNB_SUB_IDX
2025-01-13 16:02:04 [http-nio-8080-exec-9] DEBUG c.s.d.m.C.selectLnbSubList - ==>  Preparing: SELECT CT_LNB_SUB_IDX AS ctLnbSubIdx, CT_LNB_ID AS ctLnbId, CT_LNB_SUB_ID AS ctLnbSubId, CT_LNB_SUB_NAME AS ctLnbSubName, CT_LNB_SUB_URL AS ctLnbSubUrl FROM CT_LNB_SUB WHERE CT_LNB_ID = ? ORDER BY CT_LNB_SUB_IDX
2025-01-13 16:02:04 [http-nio-8080-exec-9] DEBUG c.s.d.m.C.selectLnbSubList - ==> Parameters: CT_LNB_CONTACT(String)
2025-01-13 16:02:04 [http-nio-8080-exec-1] DEBUG c.s.d.m.C.selectLnbSubList - ==> Parameters: CT_LNB_COMPANY(String)
2025-01-13 16:02:04 [http-nio-8080-exec-1] DEBUG c.s.d.m.C.selectLnbSubList - <==      Total: 1
2025-01-13 16:02:04 [http-nio-8080-exec-9] DEBUG c.s.d.m.C.selectLnbSubList - <==      Total: 2
2025-01-13 16:02:04 [http-nio-8080-exec-9] DEBUG org.mybatis.spring.SqlSessionUtils - Closing non transactional SqlSession [org.apache.ibatis.session.defaults.DefaultSqlSession@6289c97c]
2025-01-13 16:02:04 [http-nio-8080-exec-1] DEBUG org.mybatis.spring.SqlSessionUtils - Closing non transactional SqlSession [org.apache.ibatis.session.defaults.DefaultSqlSession@32e9ebab]
2025-01-13 16:02:04 [http-nio-8080-exec-7] DEBUG org.mybatis.spring.SqlSessionUtils - Creating a new SqlSession
2025-01-13 16:02:04 [http-nio-8080-exec-7] DEBUG org.mybatis.spring.SqlSessionUtils - SqlSession [org.apache.ibatis.session.defaults.DefaultSqlSession@5d34b1da] was not registered for synchronization because synchronization is not active
2025-01-13 16:02:04 [http-nio-8080-exec-7] DEBUG o.m.s.t.SpringManagedTransaction - JDBC Connection [HikariProxyConnection@1820738277 wrapping com.mysql.cj.jdbc.ConnectionImpl@2f55317c] will not be managed by Spring
2025-01-13 16:02:04 [http-nio-8080-exec-7] DEBUG c.s.d.m.C.selectLnbSubList - ==>  Preparing: SELECT CT_LNB_SUB_IDX AS ctLnbSubIdx, CT_LNB_ID AS ctLnbId, CT_LNB_SUB_ID AS ctLnbSubId, CT_LNB_SUB_NAME AS ctLnbSubName, CT_LNB_SUB_URL AS ctLnbSubUrl FROM CT_LNB_SUB WHERE CT_LNB_ID = ? ORDER BY CT_LNB_SUB_IDX
2025-01-13 16:02:04 [http-nio-8080-exec-7] DEBUG c.s.d.m.C.selectLnbSubList - ==> Parameters: CT_LNB_SERVICE(String)
2025-01-13 16:02:04 [http-nio-8080-exec-7] DEBUG c.s.d.m.C.selectLnbSubList - <==      Total: 4
2025-01-13 16:02:04 [http-nio-8080-exec-7] DEBUG org.mybatis.spring.SqlSessionUtils - Closing non transactional SqlSession [org.apache.ibatis.session.defaults.DefaultSqlSession@5d34b1da]
2025-01-13 16:02:54 [http-nio-8080-exec-5] WARN  o.t.s.p.AbstractStandardFragmentInsertionTagProcessor - [THYMELEAF][http-nio-8080-exec-5][common/layout/layout] Deprecated unwrapped fragment expression "common/fragments/header::header" found in template common/layout/layout, line 33, col 10. Please use the complete syntax of fragment expressions instead ("~{common/fragments/header::header}"). The old, unwrapped syntax for fragment expressions will be removed in future versions of Thymeleaf.
2025-01-13 16:02:54 [http-nio-8080-exec-5] WARN  o.t.s.p.AbstractStandardFragmentInsertionTagProcessor - [THYMELEAF][http-nio-8080-exec-5][common/layout/layout] Deprecated unwrapped fragment expression "common/fragments/footer::footer" found in template common/layout/layout, line 37, col 10. Please use the complete syntax of fragment expressions instead ("~{common/fragments/footer::footer}"). The old, unwrapped syntax for fragment expressions will be removed in future versions of Thymeleaf.
2025-01-13 16:02:54 [http-nio-8080-exec-7] DEBUG org.mybatis.spring.SqlSessionUtils - Creating a new SqlSession
2025-01-13 16:02:54 [http-nio-8080-exec-7] DEBUG org.mybatis.spring.SqlSessionUtils - SqlSession [org.apache.ibatis.session.defaults.DefaultSqlSession@7b929deb] was not registered for synchronization because synchronization is not active
2025-01-13 16:02:54 [http-nio-8080-exec-7] DEBUG o.m.s.t.SpringManagedTransaction - JDBC Connection [HikariProxyConnection@626882838 wrapping com.mysql.cj.jdbc.ConnectionImpl@2f55317c] will not be managed by Spring
2025-01-13 16:02:54 [http-nio-8080-exec-7] DEBUG c.s.d.m.CommonMapper.selectLnbList - ==>  Preparing: SELECT CT_LNB_IDX AS ctLnbIdx, CT_LNB_ID AS ctLnbId, CT_LNB_NAME AS ctLnbName, CT_LNB_SUB_YN AS ctLnbSubYn, CT_LNB_URL AS ctLnbUrl, CT_LNB_USE_YN AS ctLnbUseYn FROM CT_LNB WHERE CT_LNB_USE_YN = 'Y' ORDER BY CT_LNB_IDX
2025-01-13 16:02:54 [http-nio-8080-exec-7] DEBUG c.s.d.m.CommonMapper.selectLnbList - ==> Parameters: 
2025-01-13 16:02:54 [http-nio-8080-exec-7] DEBUG c.s.d.m.CommonMapper.selectLnbList - <==      Total: 4
2025-01-13 16:02:54 [http-nio-8080-exec-7] DEBUG org.mybatis.spring.SqlSessionUtils - Closing non transactional SqlSession [org.apache.ibatis.session.defaults.DefaultSqlSession@7b929deb]
2025-01-13 16:02:54 [http-nio-8080-exec-2] DEBUG org.mybatis.spring.SqlSessionUtils - Creating a new SqlSession
2025-01-13 16:02:54 [http-nio-8080-exec-2] DEBUG org.mybatis.spring.SqlSessionUtils - SqlSession [org.apache.ibatis.session.defaults.DefaultSqlSession@7efbb616] was not registered for synchronization because synchronization is not active
2025-01-13 16:02:54 [http-nio-8080-exec-2] DEBUG o.m.s.t.SpringManagedTransaction - JDBC Connection [HikariProxyConnection@1915148312 wrapping com.mysql.cj.jdbc.ConnectionImpl@202516a8] will not be managed by Spring
2025-01-13 16:02:54 [http-nio-8080-exec-2] DEBUG c.s.d.m.CommonMapper.selectLnbList - ==>  Preparing: SELECT CT_LNB_IDX AS ctLnbIdx, CT_LNB_ID AS ctLnbId, CT_LNB_NAME AS ctLnbName, CT_LNB_SUB_YN AS ctLnbSubYn, CT_LNB_URL AS ctLnbUrl, CT_LNB_USE_YN AS ctLnbUseYn FROM CT_LNB WHERE CT_LNB_USE_YN = 'Y' ORDER BY CT_LNB_IDX
2025-01-13 16:02:54 [http-nio-8080-exec-2] DEBUG c.s.d.m.CommonMapper.selectLnbList - ==> Parameters: 
2025-01-13 16:02:54 [http-nio-8080-exec-2] DEBUG c.s.d.m.CommonMapper.selectLnbList - <==      Total: 4
2025-01-13 16:02:54 [http-nio-8080-exec-2] DEBUG org.mybatis.spring.SqlSessionUtils - Closing non transactional SqlSession [org.apache.ibatis.session.defaults.DefaultSqlSession@7efbb616]
2025-01-13 16:02:54 [http-nio-8080-exec-9] DEBUG org.mybatis.spring.SqlSessionUtils - Creating a new SqlSession
2025-01-13 16:02:54 [http-nio-8080-exec-3] DEBUG org.mybatis.spring.SqlSessionUtils - Creating a new SqlSession
2025-01-13 16:02:54 [http-nio-8080-exec-5] DEBUG org.mybatis.spring.SqlSessionUtils - Creating a new SqlSession
2025-01-13 16:02:54 [http-nio-8080-exec-9] DEBUG org.mybatis.spring.SqlSessionUtils - SqlSession [org.apache.ibatis.session.defaults.DefaultSqlSession@66d503a9] was not registered for synchronization because synchronization is not active
2025-01-13 16:02:54 [http-nio-8080-exec-5] DEBUG org.mybatis.spring.SqlSessionUtils - SqlSession [org.apache.ibatis.session.defaults.DefaultSqlSession@22693883] was not registered for synchronization because synchronization is not active
2025-01-13 16:02:54 [http-nio-8080-exec-3] DEBUG org.mybatis.spring.SqlSessionUtils - SqlSession [org.apache.ibatis.session.defaults.DefaultSqlSession@3e8e27ca] was not registered for synchronization because synchronization is not active
2025-01-13 16:02:54 [http-nio-8080-exec-9] DEBUG o.m.s.t.SpringManagedTransaction - JDBC Connection [HikariProxyConnection@404004980 wrapping com.mysql.cj.jdbc.ConnectionImpl@2f55317c] will not be managed by Spring
2025-01-13 16:02:54 [http-nio-8080-exec-5] DEBUG o.m.s.t.SpringManagedTransaction - JDBC Connection [HikariProxyConnection@654809093 wrapping com.mysql.cj.jdbc.ConnectionImpl@202516a8] will not be managed by Spring
2025-01-13 16:02:54 [http-nio-8080-exec-9] DEBUG c.s.d.m.C.selectLnbSubList - ==>  Preparing: SELECT CT_LNB_SUB_IDX AS ctLnbSubIdx, CT_LNB_ID AS ctLnbId, CT_LNB_SUB_ID AS ctLnbSubId, CT_LNB_SUB_NAME AS ctLnbSubName, CT_LNB_SUB_URL AS ctLnbSubUrl FROM CT_LNB_SUB WHERE CT_LNB_ID = ? ORDER BY CT_LNB_SUB_IDX
2025-01-13 16:02:54 [http-nio-8080-exec-5] DEBUG c.s.d.m.C.selectLnbSubList - ==>  Preparing: SELECT CT_LNB_SUB_IDX AS ctLnbSubIdx, CT_LNB_ID AS ctLnbId, CT_LNB_SUB_ID AS ctLnbSubId, CT_LNB_SUB_NAME AS ctLnbSubName, CT_LNB_SUB_URL AS ctLnbSubUrl FROM CT_LNB_SUB WHERE CT_LNB_ID = ? ORDER BY CT_LNB_SUB_IDX
2025-01-13 16:02:54 [http-nio-8080-exec-5] DEBUG c.s.d.m.C.selectLnbSubList - ==> Parameters: CT_LNB_CONTACT(String)
2025-01-13 16:02:54 [http-nio-8080-exec-9] DEBUG c.s.d.m.C.selectLnbSubList - ==> Parameters: CT_LNB_SERVICE(String)
2025-01-13 16:02:54 [http-nio-8080-exec-3] DEBUG o.m.s.t.SpringManagedTransaction - JDBC Connection [HikariProxyConnection@1362383424 wrapping com.mysql.cj.jdbc.ConnectionImpl@1b176bb] will not be managed by Spring
2025-01-13 16:02:54 [http-nio-8080-exec-3] DEBUG c.s.d.m.C.selectLnbSubList - ==>  Preparing: SELECT CT_LNB_SUB_IDX AS ctLnbSubIdx, CT_LNB_ID AS ctLnbId, CT_LNB_SUB_ID AS ctLnbSubId, CT_LNB_SUB_NAME AS ctLnbSubName, CT_LNB_SUB_URL AS ctLnbSubUrl FROM CT_LNB_SUB WHERE CT_LNB_ID = ? ORDER BY CT_LNB_SUB_IDX
2025-01-13 16:02:54 [http-nio-8080-exec-3] DEBUG c.s.d.m.C.selectLnbSubList - ==> Parameters: CT_LNB_COMPANY(String)
2025-01-13 16:02:54 [http-nio-8080-exec-3] DEBUG c.s.d.m.C.selectLnbSubList - <==      Total: 1
2025-01-13 16:02:54 [http-nio-8080-exec-5] DEBUG c.s.d.m.C.selectLnbSubList - <==      Total: 2
2025-01-13 16:02:54 [http-nio-8080-exec-9] DEBUG c.s.d.m.C.selectLnbSubList - <==      Total: 4
2025-01-13 16:02:54 [http-nio-8080-exec-3] DEBUG org.mybatis.spring.SqlSessionUtils - Closing non transactional SqlSession [org.apache.ibatis.session.defaults.DefaultSqlSession@3e8e27ca]
2025-01-13 16:02:54 [http-nio-8080-exec-9] DEBUG org.mybatis.spring.SqlSessionUtils - Closing non transactional SqlSession [org.apache.ibatis.session.defaults.DefaultSqlSession@66d503a9]
2025-01-13 16:02:54 [http-nio-8080-exec-5] DEBUG org.mybatis.spring.SqlSessionUtils - Closing non transactional SqlSession [org.apache.ibatis.session.defaults.DefaultSqlSession@22693883]
2025-01-13 16:02:54 [http-nio-8080-exec-7] DEBUG org.mybatis.spring.SqlSessionUtils - Creating a new SqlSession
2025-01-13 16:02:54 [http-nio-8080-exec-1] DEBUG org.mybatis.spring.SqlSessionUtils - Creating a new SqlSession
2025-01-13 16:02:54 [http-nio-8080-exec-6] DEBUG org.mybatis.spring.SqlSessionUtils - Creating a new SqlSession
2025-01-13 16:02:54 [http-nio-8080-exec-7] DEBUG org.mybatis.spring.SqlSessionUtils - SqlSession [org.apache.ibatis.session.defaults.DefaultSqlSession@3fc3cc77] was not registered for synchronization because synchronization is not active
2025-01-13 16:02:54 [http-nio-8080-exec-1] DEBUG org.mybatis.spring.SqlSessionUtils - SqlSession [org.apache.ibatis.session.defaults.DefaultSqlSession@718ffddd] was not registered for synchronization because synchronization is not active
2025-01-13 16:02:54 [http-nio-8080-exec-6] DEBUG org.mybatis.spring.SqlSessionUtils - SqlSession [org.apache.ibatis.session.defaults.DefaultSqlSession@6113dc88] was not registered for synchronization because synchronization is not active
2025-01-13 16:02:54 [http-nio-8080-exec-7] DEBUG o.m.s.t.SpringManagedTransaction - JDBC Connection [HikariProxyConnection@1355903905 wrapping com.mysql.cj.jdbc.ConnectionImpl@2f55317c] will not be managed by Spring
2025-01-13 16:02:54 [http-nio-8080-exec-1] DEBUG o.m.s.t.SpringManagedTransaction - JDBC Connection [HikariProxyConnection@325273368 wrapping com.mysql.cj.jdbc.ConnectionImpl@202516a8] will not be managed by Spring
2025-01-13 16:02:54 [http-nio-8080-exec-6] DEBUG o.m.s.t.SpringManagedTransaction - JDBC Connection [HikariProxyConnection@297052975 wrapping com.mysql.cj.jdbc.ConnectionImpl@1b176bb] will not be managed by Spring
2025-01-13 16:02:54 [http-nio-8080-exec-6] DEBUG c.s.d.m.C.selectLnbSubList - ==>  Preparing: SELECT CT_LNB_SUB_IDX AS ctLnbSubIdx, CT_LNB_ID AS ctLnbId, CT_LNB_SUB_ID AS ctLnbSubId, CT_LNB_SUB_NAME AS ctLnbSubName, CT_LNB_SUB_URL AS ctLnbSubUrl FROM CT_LNB_SUB WHERE CT_LNB_ID = ? ORDER BY CT_LNB_SUB_IDX
2025-01-13 16:02:54 [http-nio-8080-exec-1] DEBUG c.s.d.m.C.selectLnbSubList - ==>  Preparing: SELECT CT_LNB_SUB_IDX AS ctLnbSubIdx, CT_LNB_ID AS ctLnbId, CT_LNB_SUB_ID AS ctLnbSubId, CT_LNB_SUB_NAME AS ctLnbSubName, CT_LNB_SUB_URL AS ctLnbSubUrl FROM CT_LNB_SUB WHERE CT_LNB_ID = ? ORDER BY CT_LNB_SUB_IDX
2025-01-13 16:02:54 [http-nio-8080-exec-7] DEBUG c.s.d.m.C.selectLnbSubList - ==>  Preparing: SELECT CT_LNB_SUB_IDX AS ctLnbSubIdx, CT_LNB_ID AS ctLnbId, CT_LNB_SUB_ID AS ctLnbSubId, CT_LNB_SUB_NAME AS ctLnbSubName, CT_LNB_SUB_URL AS ctLnbSubUrl FROM CT_LNB_SUB WHERE CT_LNB_ID = ? ORDER BY CT_LNB_SUB_IDX
2025-01-13 16:02:54 [http-nio-8080-exec-6] DEBUG c.s.d.m.C.selectLnbSubList - ==> Parameters: CT_LNB_SERVICE(String)
2025-01-13 16:02:54 [http-nio-8080-exec-1] DEBUG c.s.d.m.C.selectLnbSubList - ==> Parameters: CT_LNB_CONTACT(String)
2025-01-13 16:02:54 [http-nio-8080-exec-7] DEBUG c.s.d.m.C.selectLnbSubList - ==> Parameters: CT_LNB_COMPANY(String)
2025-01-13 16:02:54 [http-nio-8080-exec-7] DEBUG c.s.d.m.C.selectLnbSubList - <==      Total: 1
2025-01-13 16:02:54 [http-nio-8080-exec-1] DEBUG c.s.d.m.C.selectLnbSubList - <==      Total: 2
2025-01-13 16:02:54 [http-nio-8080-exec-6] DEBUG c.s.d.m.C.selectLnbSubList - <==      Total: 4
2025-01-13 16:02:54 [http-nio-8080-exec-1] DEBUG org.mybatis.spring.SqlSessionUtils - Closing non transactional SqlSession [org.apache.ibatis.session.defaults.DefaultSqlSession@718ffddd]
2025-01-13 16:02:54 [http-nio-8080-exec-7] DEBUG org.mybatis.spring.SqlSessionUtils - Closing non transactional SqlSession [org.apache.ibatis.session.defaults.DefaultSqlSession@3fc3cc77]
2025-01-13 16:02:54 [http-nio-8080-exec-6] DEBUG org.mybatis.spring.SqlSessionUtils - Closing non transactional SqlSession [org.apache.ibatis.session.defaults.DefaultSqlSession@6113dc88]
2025-01-13 16:04:18 [http-nio-8080-exec-3] WARN  o.t.s.p.AbstractStandardFragmentInsertionTagProcessor - [THYMELEAF][http-nio-8080-exec-3][common/layout/layout] Deprecated unwrapped fragment expression "common/fragments/header::header" found in template common/layout/layout, line 33, col 10. Please use the complete syntax of fragment expressions instead ("~{common/fragments/header::header}"). The old, unwrapped syntax for fragment expressions will be removed in future versions of Thymeleaf.
2025-01-13 16:04:18 [http-nio-8080-exec-3] WARN  o.t.s.p.AbstractStandardFragmentInsertionTagProcessor - [THYMELEAF][http-nio-8080-exec-3][common/layout/layout] Deprecated unwrapped fragment expression "common/fragments/footer::footer" found in template common/layout/layout, line 37, col 10. Please use the complete syntax of fragment expressions instead ("~{common/fragments/footer::footer}"). The old, unwrapped syntax for fragment expressions will be removed in future versions of Thymeleaf.
2025-01-13 16:04:18 [http-nio-8080-exec-2] DEBUG org.mybatis.spring.SqlSessionUtils - Creating a new SqlSession
2025-01-13 16:04:18 [http-nio-8080-exec-2] DEBUG org.mybatis.spring.SqlSessionUtils - SqlSession [org.apache.ibatis.session.defaults.DefaultSqlSession@262ab53d] was not registered for synchronization because synchronization is not active
2025-01-13 16:04:18 [http-nio-8080-exec-2] DEBUG o.m.s.t.SpringManagedTransaction - JDBC Connection [HikariProxyConnection@1644716024 wrapping com.mysql.cj.jdbc.ConnectionImpl@202516a8] will not be managed by Spring
2025-01-13 16:04:18 [http-nio-8080-exec-2] DEBUG c.s.d.m.CommonMapper.selectLnbList - ==>  Preparing: SELECT CT_LNB_IDX AS ctLnbIdx, CT_LNB_ID AS ctLnbId, CT_LNB_NAME AS ctLnbName, CT_LNB_SUB_YN AS ctLnbSubYn, CT_LNB_URL AS ctLnbUrl, CT_LNB_USE_YN AS ctLnbUseYn FROM CT_LNB WHERE CT_LNB_USE_YN = 'Y' ORDER BY CT_LNB_IDX
2025-01-13 16:04:18 [http-nio-8080-exec-2] DEBUG c.s.d.m.CommonMapper.selectLnbList - ==> Parameters: 
2025-01-13 16:04:18 [http-nio-8080-exec-2] DEBUG c.s.d.m.CommonMapper.selectLnbList - <==      Total: 4
2025-01-13 16:04:18 [http-nio-8080-exec-2] DEBUG org.mybatis.spring.SqlSessionUtils - Closing non transactional SqlSession [org.apache.ibatis.session.defaults.DefaultSqlSession@262ab53d]
2025-01-13 16:04:18 [http-nio-8080-exec-4] DEBUG org.mybatis.spring.SqlSessionUtils - Creating a new SqlSession
2025-01-13 16:04:18 [http-nio-8080-exec-4] DEBUG org.mybatis.spring.SqlSessionUtils - SqlSession [org.apache.ibatis.session.defaults.DefaultSqlSession@600e2c5d] was not registered for synchronization because synchronization is not active
2025-01-13 16:04:18 [http-nio-8080-exec-4] DEBUG o.m.s.t.SpringManagedTransaction - JDBC Connection [HikariProxyConnection@567556273 wrapping com.mysql.cj.jdbc.ConnectionImpl@2f55317c] will not be managed by Spring
2025-01-13 16:04:18 [http-nio-8080-exec-4] DEBUG c.s.d.m.CommonMapper.selectLnbList - ==>  Preparing: SELECT CT_LNB_IDX AS ctLnbIdx, CT_LNB_ID AS ctLnbId, CT_LNB_NAME AS ctLnbName, CT_LNB_SUB_YN AS ctLnbSubYn, CT_LNB_URL AS ctLnbUrl, CT_LNB_USE_YN AS ctLnbUseYn FROM CT_LNB WHERE CT_LNB_USE_YN = 'Y' ORDER BY CT_LNB_IDX
2025-01-13 16:04:18 [http-nio-8080-exec-4] DEBUG c.s.d.m.CommonMapper.selectLnbList - ==> Parameters: 
2025-01-13 16:04:18 [http-nio-8080-exec-4] DEBUG c.s.d.m.CommonMapper.selectLnbList - <==      Total: 4
2025-01-13 16:04:18 [http-nio-8080-exec-4] DEBUG org.mybatis.spring.SqlSessionUtils - Closing non transactional SqlSession [org.apache.ibatis.session.defaults.DefaultSqlSession@600e2c5d]
2025-01-13 16:04:18 [http-nio-8080-exec-3] DEBUG org.mybatis.spring.SqlSessionUtils - Creating a new SqlSession
2025-01-13 16:04:18 [http-nio-8080-exec-9] DEBUG org.mybatis.spring.SqlSessionUtils - Creating a new SqlSession
2025-01-13 16:04:18 [http-nio-8080-exec-8] DEBUG org.mybatis.spring.SqlSessionUtils - Creating a new SqlSession
2025-01-13 16:04:18 [http-nio-8080-exec-3] DEBUG org.mybatis.spring.SqlSessionUtils - SqlSession [org.apache.ibatis.session.defaults.DefaultSqlSession@6b27ee65] was not registered for synchronization because synchronization is not active
2025-01-13 16:04:18 [http-nio-8080-exec-8] DEBUG org.mybatis.spring.SqlSessionUtils - SqlSession [org.apache.ibatis.session.defaults.DefaultSqlSession@7401af45] was not registered for synchronization because synchronization is not active
2025-01-13 16:04:18 [http-nio-8080-exec-9] DEBUG org.mybatis.spring.SqlSessionUtils - SqlSession [org.apache.ibatis.session.defaults.DefaultSqlSession@303e3705] was not registered for synchronization because synchronization is not active
2025-01-13 16:04:18 [http-nio-8080-exec-8] DEBUG o.m.s.t.SpringManagedTransaction - JDBC Connection [HikariProxyConnection@961361019 wrapping com.mysql.cj.jdbc.ConnectionImpl@2f55317c] will not be managed by Spring
2025-01-13 16:04:18 [http-nio-8080-exec-9] DEBUG o.m.s.t.SpringManagedTransaction - JDBC Connection [HikariProxyConnection@1490362296 wrapping com.mysql.cj.jdbc.ConnectionImpl@202516a8] will not be managed by Spring
2025-01-13 16:04:18 [http-nio-8080-exec-8] DEBUG c.s.d.m.C.selectLnbSubList - ==>  Preparing: SELECT CT_LNB_SUB_IDX AS ctLnbSubIdx, CT_LNB_ID AS ctLnbId, CT_LNB_SUB_ID AS ctLnbSubId, CT_LNB_SUB_NAME AS ctLnbSubName, CT_LNB_SUB_URL AS ctLnbSubUrl FROM CT_LNB_SUB WHERE CT_LNB_ID = ? ORDER BY CT_LNB_SUB_IDX
2025-01-13 16:04:18 [http-nio-8080-exec-9] DEBUG c.s.d.m.C.selectLnbSubList - ==>  Preparing: SELECT CT_LNB_SUB_IDX AS ctLnbSubIdx, CT_LNB_ID AS ctLnbId, CT_LNB_SUB_ID AS ctLnbSubId, CT_LNB_SUB_NAME AS ctLnbSubName, CT_LNB_SUB_URL AS ctLnbSubUrl FROM CT_LNB_SUB WHERE CT_LNB_ID = ? ORDER BY CT_LNB_SUB_IDX
2025-01-13 16:04:19 [http-nio-8080-exec-8] DEBUG c.s.d.m.C.selectLnbSubList - ==> Parameters: CT_LNB_SERVICE(String)
2025-01-13 16:04:19 [http-nio-8080-exec-9] DEBUG c.s.d.m.C.selectLnbSubList - ==> Parameters: CT_LNB_COMPANY(String)
2025-01-13 16:04:19 [http-nio-8080-exec-3] DEBUG o.m.s.t.SpringManagedTransaction - JDBC Connection [HikariProxyConnection@1659447388 wrapping com.mysql.cj.jdbc.ConnectionImpl@1b176bb] will not be managed by Spring
2025-01-13 16:04:19 [http-nio-8080-exec-3] DEBUG c.s.d.m.C.selectLnbSubList - ==>  Preparing: SELECT CT_LNB_SUB_IDX AS ctLnbSubIdx, CT_LNB_ID AS ctLnbId, CT_LNB_SUB_ID AS ctLnbSubId, CT_LNB_SUB_NAME AS ctLnbSubName, CT_LNB_SUB_URL AS ctLnbSubUrl FROM CT_LNB_SUB WHERE CT_LNB_ID = ? ORDER BY CT_LNB_SUB_IDX
2025-01-13 16:04:19 [http-nio-8080-exec-3] DEBUG c.s.d.m.C.selectLnbSubList - ==> Parameters: CT_LNB_CONTACT(String)
2025-01-13 16:04:19 [http-nio-8080-exec-9] DEBUG c.s.d.m.C.selectLnbSubList - <==      Total: 1
2025-01-13 16:04:19 [http-nio-8080-exec-3] DEBUG c.s.d.m.C.selectLnbSubList - <==      Total: 2
2025-01-13 16:04:19 [http-nio-8080-exec-8] DEBUG c.s.d.m.C.selectLnbSubList - <==      Total: 4
2025-01-13 16:04:19 [http-nio-8080-exec-9] DEBUG org.mybatis.spring.SqlSessionUtils - Closing non transactional SqlSession [org.apache.ibatis.session.defaults.DefaultSqlSession@303e3705]
2025-01-13 16:04:19 [http-nio-8080-exec-3] DEBUG org.mybatis.spring.SqlSessionUtils - Closing non transactional SqlSession [org.apache.ibatis.session.defaults.DefaultSqlSession@6b27ee65]
2025-01-13 16:04:19 [http-nio-8080-exec-8] DEBUG org.mybatis.spring.SqlSessionUtils - Closing non transactional SqlSession [org.apache.ibatis.session.defaults.DefaultSqlSession@7401af45]
2025-01-13 16:04:19 [http-nio-8080-exec-6] DEBUG org.mybatis.spring.SqlSessionUtils - Creating a new SqlSession
2025-01-13 16:04:19 [http-nio-8080-exec-2] DEBUG org.mybatis.spring.SqlSessionUtils - Creating a new SqlSession
2025-01-13 16:04:19 [http-nio-8080-exec-7] DEBUG org.mybatis.spring.SqlSessionUtils - Creating a new SqlSession
2025-01-13 16:04:19 [http-nio-8080-exec-6] DEBUG org.mybatis.spring.SqlSessionUtils - SqlSession [org.apache.ibatis.session.defaults.DefaultSqlSession@67e004d7] was not registered for synchronization because synchronization is not active
2025-01-13 16:04:19 [http-nio-8080-exec-2] DEBUG org.mybatis.spring.SqlSessionUtils - SqlSession [org.apache.ibatis.session.defaults.DefaultSqlSession@21f504b6] was not registered for synchronization because synchronization is not active
2025-01-13 16:04:19 [http-nio-8080-exec-7] DEBUG org.mybatis.spring.SqlSessionUtils - SqlSession [org.apache.ibatis.session.defaults.DefaultSqlSession@477c5697] was not registered for synchronization because synchronization is not active
2025-01-13 16:04:19 [http-nio-8080-exec-6] DEBUG o.m.s.t.SpringManagedTransaction - JDBC Connection [HikariProxyConnection@720764438 wrapping com.mysql.cj.jdbc.ConnectionImpl@1b176bb] will not be managed by Spring
2025-01-13 16:04:19 [http-nio-8080-exec-2] DEBUG o.m.s.t.SpringManagedTransaction - JDBC Connection [HikariProxyConnection@1384505064 wrapping com.mysql.cj.jdbc.ConnectionImpl@202516a8] will not be managed by Spring
2025-01-13 16:04:19 [http-nio-8080-exec-7] DEBUG o.m.s.t.SpringManagedTransaction - JDBC Connection [HikariProxyConnection@135424537 wrapping com.mysql.cj.jdbc.ConnectionImpl@2f55317c] will not be managed by Spring
2025-01-13 16:04:19 [http-nio-8080-exec-6] DEBUG c.s.d.m.C.selectLnbSubList - ==>  Preparing: SELECT CT_LNB_SUB_IDX AS ctLnbSubIdx, CT_LNB_ID AS ctLnbId, CT_LNB_SUB_ID AS ctLnbSubId, CT_LNB_SUB_NAME AS ctLnbSubName, CT_LNB_SUB_URL AS ctLnbSubUrl FROM CT_LNB_SUB WHERE CT_LNB_ID = ? ORDER BY CT_LNB_SUB_IDX
2025-01-13 16:04:19 [http-nio-8080-exec-2] DEBUG c.s.d.m.C.selectLnbSubList - ==>  Preparing: SELECT CT_LNB_SUB_IDX AS ctLnbSubIdx, CT_LNB_ID AS ctLnbId, CT_LNB_SUB_ID AS ctLnbSubId, CT_LNB_SUB_NAME AS ctLnbSubName, CT_LNB_SUB_URL AS ctLnbSubUrl FROM CT_LNB_SUB WHERE CT_LNB_ID = ? ORDER BY CT_LNB_SUB_IDX
2025-01-13 16:04:19 [http-nio-8080-exec-7] DEBUG c.s.d.m.C.selectLnbSubList - ==>  Preparing: SELECT CT_LNB_SUB_IDX AS ctLnbSubIdx, CT_LNB_ID AS ctLnbId, CT_LNB_SUB_ID AS ctLnbSubId, CT_LNB_SUB_NAME AS ctLnbSubName, CT_LNB_SUB_URL AS ctLnbSubUrl FROM CT_LNB_SUB WHERE CT_LNB_ID = ? ORDER BY CT_LNB_SUB_IDX
2025-01-13 16:04:19 [http-nio-8080-exec-2] DEBUG c.s.d.m.C.selectLnbSubList - ==> Parameters: CT_LNB_SERVICE(String)
2025-01-13 16:04:19 [http-nio-8080-exec-6] DEBUG c.s.d.m.C.selectLnbSubList - ==> Parameters: CT_LNB_CONTACT(String)
2025-01-13 16:04:19 [http-nio-8080-exec-7] DEBUG c.s.d.m.C.selectLnbSubList - ==> Parameters: CT_LNB_COMPANY(String)
2025-01-13 16:04:19 [http-nio-8080-exec-6] DEBUG c.s.d.m.C.selectLnbSubList - <==      Total: 2
2025-01-13 16:04:19 [http-nio-8080-exec-7] DEBUG c.s.d.m.C.selectLnbSubList - <==      Total: 1
2025-01-13 16:04:19 [http-nio-8080-exec-2] DEBUG c.s.d.m.C.selectLnbSubList - <==      Total: 4
2025-01-13 16:04:19 [http-nio-8080-exec-2] DEBUG org.mybatis.spring.SqlSessionUtils - Closing non transactional SqlSession [org.apache.ibatis.session.defaults.DefaultSqlSession@21f504b6]
2025-01-13 16:04:19 [http-nio-8080-exec-7] DEBUG org.mybatis.spring.SqlSessionUtils - Closing non transactional SqlSession [org.apache.ibatis.session.defaults.DefaultSqlSession@477c5697]
2025-01-13 16:04:19 [http-nio-8080-exec-6] DEBUG org.mybatis.spring.SqlSessionUtils - Closing non transactional SqlSession [org.apache.ibatis.session.defaults.DefaultSqlSession@67e004d7]
2025-01-13 16:04:49 [http-nio-8080-exec-4] WARN  o.t.s.p.AbstractStandardFragmentInsertionTagProcessor - [THYMELEAF][http-nio-8080-exec-4][common/layout/layout] Deprecated unwrapped fragment expression "common/fragments/header::header" found in template common/layout/layout, line 33, col 10. Please use the complete syntax of fragment expressions instead ("~{common/fragments/header::header}"). The old, unwrapped syntax for fragment expressions will be removed in future versions of Thymeleaf.
2025-01-13 16:04:49 [http-nio-8080-exec-4] WARN  o.t.s.p.AbstractStandardFragmentInsertionTagProcessor - [THYMELEAF][http-nio-8080-exec-4][common/layout/layout] Deprecated unwrapped fragment expression "common/fragments/footer::footer" found in template common/layout/layout, line 37, col 10. Please use the complete syntax of fragment expressions instead ("~{common/fragments/footer::footer}"). The old, unwrapped syntax for fragment expressions will be removed in future versions of Thymeleaf.
2025-01-13 16:04:49 [http-nio-8080-exec-8] DEBUG org.mybatis.spring.SqlSessionUtils - Creating a new SqlSession
2025-01-13 16:04:49 [http-nio-8080-exec-8] DEBUG org.mybatis.spring.SqlSessionUtils - SqlSession [org.apache.ibatis.session.defaults.DefaultSqlSession@7c61f856] was not registered for synchronization because synchronization is not active
2025-01-13 16:04:49 [http-nio-8080-exec-8] DEBUG o.m.s.t.SpringManagedTransaction - JDBC Connection [HikariProxyConnection@752870733 wrapping com.mysql.cj.jdbc.ConnectionImpl@2f55317c] will not be managed by Spring
2025-01-13 16:04:49 [http-nio-8080-exec-8] DEBUG c.s.d.m.CommonMapper.selectLnbList - ==>  Preparing: SELECT CT_LNB_IDX AS ctLnbIdx, CT_LNB_ID AS ctLnbId, CT_LNB_NAME AS ctLnbName, CT_LNB_SUB_YN AS ctLnbSubYn, CT_LNB_URL AS ctLnbUrl, CT_LNB_USE_YN AS ctLnbUseYn FROM CT_LNB WHERE CT_LNB_USE_YN = 'Y' ORDER BY CT_LNB_IDX
2025-01-13 16:04:49 [http-nio-8080-exec-8] DEBUG c.s.d.m.CommonMapper.selectLnbList - ==> Parameters: 
2025-01-13 16:04:49 [http-nio-8080-exec-8] DEBUG c.s.d.m.CommonMapper.selectLnbList - <==      Total: 4
2025-01-13 16:04:49 [http-nio-8080-exec-8] DEBUG org.mybatis.spring.SqlSessionUtils - Closing non transactional SqlSession [org.apache.ibatis.session.defaults.DefaultSqlSession@7c61f856]
2025-01-13 16:04:49 [http-nio-8080-exec-3] DEBUG org.mybatis.spring.SqlSessionUtils - Creating a new SqlSession
2025-01-13 16:04:49 [http-nio-8080-exec-3] DEBUG org.mybatis.spring.SqlSessionUtils - SqlSession [org.apache.ibatis.session.defaults.DefaultSqlSession@7579cc4] was not registered for synchronization because synchronization is not active
2025-01-13 16:04:49 [http-nio-8080-exec-3] DEBUG o.m.s.t.SpringManagedTransaction - JDBC Connection [HikariProxyConnection@1797372634 wrapping com.mysql.cj.jdbc.ConnectionImpl@1b176bb] will not be managed by Spring
2025-01-13 16:04:49 [http-nio-8080-exec-3] DEBUG c.s.d.m.CommonMapper.selectLnbList - ==>  Preparing: SELECT CT_LNB_IDX AS ctLnbIdx, CT_LNB_ID AS ctLnbId, CT_LNB_NAME AS ctLnbName, CT_LNB_SUB_YN AS ctLnbSubYn, CT_LNB_URL AS ctLnbUrl, CT_LNB_USE_YN AS ctLnbUseYn FROM CT_LNB WHERE CT_LNB_USE_YN = 'Y' ORDER BY CT_LNB_IDX
2025-01-13 16:04:49 [http-nio-8080-exec-3] DEBUG c.s.d.m.CommonMapper.selectLnbList - ==> Parameters: 
2025-01-13 16:04:49 [http-nio-8080-exec-3] DEBUG c.s.d.m.CommonMapper.selectLnbList - <==      Total: 4
2025-01-13 16:04:49 [http-nio-8080-exec-3] DEBUG org.mybatis.spring.SqlSessionUtils - Closing non transactional SqlSession [org.apache.ibatis.session.defaults.DefaultSqlSession@7579cc4]
2025-01-13 16:04:50 [http-nio-8080-exec-1] DEBUG org.mybatis.spring.SqlSessionUtils - Creating a new SqlSession
2025-01-13 16:04:50 [http-nio-8080-exec-10] DEBUG org.mybatis.spring.SqlSessionUtils - Creating a new SqlSession
2025-01-13 16:04:50 [http-nio-8080-exec-5] DEBUG org.mybatis.spring.SqlSessionUtils - Creating a new SqlSession
2025-01-13 16:04:50 [http-nio-8080-exec-10] DEBUG org.mybatis.spring.SqlSessionUtils - SqlSession [org.apache.ibatis.session.defaults.DefaultSqlSession@7806c846] was not registered for synchronization because synchronization is not active
2025-01-13 16:04:50 [http-nio-8080-exec-5] DEBUG org.mybatis.spring.SqlSessionUtils - SqlSession [org.apache.ibatis.session.defaults.DefaultSqlSession@17471943] was not registered for synchronization because synchronization is not active
2025-01-13 16:04:50 [http-nio-8080-exec-1] DEBUG org.mybatis.spring.SqlSessionUtils - SqlSession [org.apache.ibatis.session.defaults.DefaultSqlSession@55a7fa41] was not registered for synchronization because synchronization is not active
2025-01-13 16:04:50 [http-nio-8080-exec-10] DEBUG o.m.s.t.SpringManagedTransaction - JDBC Connection [HikariProxyConnection@1598030598 wrapping com.mysql.cj.jdbc.ConnectionImpl@1b176bb] will not be managed by Spring
2025-01-13 16:04:50 [http-nio-8080-exec-1] DEBUG o.m.s.t.SpringManagedTransaction - JDBC Connection [HikariProxyConnection@131650338 wrapping com.mysql.cj.jdbc.ConnectionImpl@2f55317c] will not be managed by Spring
2025-01-13 16:04:50 [http-nio-8080-exec-1] DEBUG c.s.d.m.C.selectLnbSubList - ==>  Preparing: SELECT CT_LNB_SUB_IDX AS ctLnbSubIdx, CT_LNB_ID AS ctLnbId, CT_LNB_SUB_ID AS ctLnbSubId, CT_LNB_SUB_NAME AS ctLnbSubName, CT_LNB_SUB_URL AS ctLnbSubUrl FROM CT_LNB_SUB WHERE CT_LNB_ID = ? ORDER BY CT_LNB_SUB_IDX
2025-01-13 16:04:50 [http-nio-8080-exec-10] DEBUG c.s.d.m.C.selectLnbSubList - ==>  Preparing: SELECT CT_LNB_SUB_IDX AS ctLnbSubIdx, CT_LNB_ID AS ctLnbId, CT_LNB_SUB_ID AS ctLnbSubId, CT_LNB_SUB_NAME AS ctLnbSubName, CT_LNB_SUB_URL AS ctLnbSubUrl FROM CT_LNB_SUB WHERE CT_LNB_ID = ? ORDER BY CT_LNB_SUB_IDX
2025-01-13 16:04:50 [http-nio-8080-exec-1] DEBUG c.s.d.m.C.selectLnbSubList - ==> Parameters: CT_LNB_CONTACT(String)
2025-01-13 16:04:50 [http-nio-8080-exec-10] DEBUG c.s.d.m.C.selectLnbSubList - ==> Parameters: CT_LNB_SERVICE(String)
2025-01-13 16:04:50 [http-nio-8080-exec-5] DEBUG o.m.s.t.SpringManagedTransaction - JDBC Connection [HikariProxyConnection@974622782 wrapping com.mysql.cj.jdbc.ConnectionImpl@202516a8] will not be managed by Spring
2025-01-13 16:04:50 [http-nio-8080-exec-5] DEBUG c.s.d.m.C.selectLnbSubList - ==>  Preparing: SELECT CT_LNB_SUB_IDX AS ctLnbSubIdx, CT_LNB_ID AS ctLnbId, CT_LNB_SUB_ID AS ctLnbSubId, CT_LNB_SUB_NAME AS ctLnbSubName, CT_LNB_SUB_URL AS ctLnbSubUrl FROM CT_LNB_SUB WHERE CT_LNB_ID = ? ORDER BY CT_LNB_SUB_IDX
2025-01-13 16:04:50 [http-nio-8080-exec-5] DEBUG c.s.d.m.C.selectLnbSubList - ==> Parameters: CT_LNB_COMPANY(String)
2025-01-13 16:04:50 [http-nio-8080-exec-1] DEBUG c.s.d.m.C.selectLnbSubList - <==      Total: 2
2025-01-13 16:04:50 [http-nio-8080-exec-5] DEBUG c.s.d.m.C.selectLnbSubList - <==      Total: 1
2025-01-13 16:04:50 [http-nio-8080-exec-10] DEBUG c.s.d.m.C.selectLnbSubList - <==      Total: 4
2025-01-13 16:04:50 [http-nio-8080-exec-5] DEBUG org.mybatis.spring.SqlSessionUtils - Closing non transactional SqlSession [org.apache.ibatis.session.defaults.DefaultSqlSession@17471943]
2025-01-13 16:04:50 [http-nio-8080-exec-10] DEBUG org.mybatis.spring.SqlSessionUtils - Closing non transactional SqlSession [org.apache.ibatis.session.defaults.DefaultSqlSession@7806c846]
2025-01-13 16:04:50 [http-nio-8080-exec-1] DEBUG org.mybatis.spring.SqlSessionUtils - Closing non transactional SqlSession [org.apache.ibatis.session.defaults.DefaultSqlSession@55a7fa41]
2025-01-13 16:04:50 [http-nio-8080-exec-4] DEBUG org.mybatis.spring.SqlSessionUtils - Creating a new SqlSession
2025-01-13 16:04:50 [http-nio-8080-exec-9] DEBUG org.mybatis.spring.SqlSessionUtils - Creating a new SqlSession
2025-01-13 16:04:50 [http-nio-8080-exec-8] DEBUG org.mybatis.spring.SqlSessionUtils - Creating a new SqlSession
2025-01-13 16:04:50 [http-nio-8080-exec-4] DEBUG org.mybatis.spring.SqlSessionUtils - SqlSession [org.apache.ibatis.session.defaults.DefaultSqlSession@7258a39c] was not registered for synchronization because synchronization is not active
2025-01-13 16:04:50 [http-nio-8080-exec-9] DEBUG org.mybatis.spring.SqlSessionUtils - SqlSession [org.apache.ibatis.session.defaults.DefaultSqlSession@13eab2b4] was not registered for synchronization because synchronization is not active
2025-01-13 16:04:50 [http-nio-8080-exec-8] DEBUG org.mybatis.spring.SqlSessionUtils - SqlSession [org.apache.ibatis.session.defaults.DefaultSqlSession@43b47ad8] was not registered for synchronization because synchronization is not active
2025-01-13 16:04:50 [http-nio-8080-exec-9] DEBUG o.m.s.t.SpringManagedTransaction - JDBC Connection [HikariProxyConnection@109718516 wrapping com.mysql.cj.jdbc.ConnectionImpl@202516a8] will not be managed by Spring
2025-01-13 16:04:50 [http-nio-8080-exec-8] DEBUG o.m.s.t.SpringManagedTransaction - JDBC Connection [HikariProxyConnection@820287920 wrapping com.mysql.cj.jdbc.ConnectionImpl@1b176bb] will not be managed by Spring
2025-01-13 16:04:50 [http-nio-8080-exec-4] DEBUG o.m.s.t.SpringManagedTransaction - JDBC Connection [HikariProxyConnection@1576360741 wrapping com.mysql.cj.jdbc.ConnectionImpl@2f55317c] will not be managed by Spring
2025-01-13 16:04:50 [http-nio-8080-exec-9] DEBUG c.s.d.m.C.selectLnbSubList - ==>  Preparing: SELECT CT_LNB_SUB_IDX AS ctLnbSubIdx, CT_LNB_ID AS ctLnbId, CT_LNB_SUB_ID AS ctLnbSubId, CT_LNB_SUB_NAME AS ctLnbSubName, CT_LNB_SUB_URL AS ctLnbSubUrl FROM CT_LNB_SUB WHERE CT_LNB_ID = ? ORDER BY CT_LNB_SUB_IDX
2025-01-13 16:04:50 [http-nio-8080-exec-8] DEBUG c.s.d.m.C.selectLnbSubList - ==>  Preparing: SELECT CT_LNB_SUB_IDX AS ctLnbSubIdx, CT_LNB_ID AS ctLnbId, CT_LNB_SUB_ID AS ctLnbSubId, CT_LNB_SUB_NAME AS ctLnbSubName, CT_LNB_SUB_URL AS ctLnbSubUrl FROM CT_LNB_SUB WHERE CT_LNB_ID = ? ORDER BY CT_LNB_SUB_IDX
2025-01-13 16:04:50 [http-nio-8080-exec-4] DEBUG c.s.d.m.C.selectLnbSubList - ==>  Preparing: SELECT CT_LNB_SUB_IDX AS ctLnbSubIdx, CT_LNB_ID AS ctLnbId, CT_LNB_SUB_ID AS ctLnbSubId, CT_LNB_SUB_NAME AS ctLnbSubName, CT_LNB_SUB_URL AS ctLnbSubUrl FROM CT_LNB_SUB WHERE CT_LNB_ID = ? ORDER BY CT_LNB_SUB_IDX
2025-01-13 16:04:50 [http-nio-8080-exec-4] DEBUG c.s.d.m.C.selectLnbSubList - ==> Parameters: CT_LNB_SERVICE(String)
2025-01-13 16:04:50 [http-nio-8080-exec-8] DEBUG c.s.d.m.C.selectLnbSubList - ==> Parameters: CT_LNB_CONTACT(String)
2025-01-13 16:04:50 [http-nio-8080-exec-9] DEBUG c.s.d.m.C.selectLnbSubList - ==> Parameters: CT_LNB_COMPANY(String)
2025-01-13 16:04:50 [http-nio-8080-exec-8] DEBUG c.s.d.m.C.selectLnbSubList - <==      Total: 2
2025-01-13 16:04:50 [http-nio-8080-exec-9] DEBUG c.s.d.m.C.selectLnbSubList - <==      Total: 1
2025-01-13 16:04:50 [http-nio-8080-exec-4] DEBUG c.s.d.m.C.selectLnbSubList - <==      Total: 4
2025-01-13 16:04:50 [http-nio-8080-exec-8] DEBUG org.mybatis.spring.SqlSessionUtils - Closing non transactional SqlSession [org.apache.ibatis.session.defaults.DefaultSqlSession@43b47ad8]
2025-01-13 16:04:50 [http-nio-8080-exec-9] DEBUG org.mybatis.spring.SqlSessionUtils - Closing non transactional SqlSession [org.apache.ibatis.session.defaults.DefaultSqlSession@13eab2b4]
2025-01-13 16:04:50 [http-nio-8080-exec-4] DEBUG org.mybatis.spring.SqlSessionUtils - Closing non transactional SqlSession [org.apache.ibatis.session.defaults.DefaultSqlSession@7258a39c]
2025-01-13 16:05:00 [http-nio-8080-exec-3] WARN  o.t.s.p.AbstractStandardFragmentInsertionTagProcessor - [THYMELEAF][http-nio-8080-exec-3][common/layout/layout] Deprecated unwrapped fragment expression "common/fragments/header::header" found in template common/layout/layout, line 33, col 10. Please use the complete syntax of fragment expressions instead ("~{common/fragments/header::header}"). The old, unwrapped syntax for fragment expressions will be removed in future versions of Thymeleaf.
2025-01-13 16:05:00 [http-nio-8080-exec-3] WARN  o.t.s.p.AbstractStandardFragmentInsertionTagProcessor - [THYMELEAF][http-nio-8080-exec-3][common/layout/layout] Deprecated unwrapped fragment expression "common/fragments/footer::footer" found in template common/layout/layout, line 37, col 10. Please use the complete syntax of fragment expressions instead ("~{common/fragments/footer::footer}"). The old, unwrapped syntax for fragment expressions will be removed in future versions of Thymeleaf.
2025-01-13 16:05:00 [http-nio-8080-exec-10] DEBUG org.mybatis.spring.SqlSessionUtils - Creating a new SqlSession
2025-01-13 16:05:00 [http-nio-8080-exec-10] DEBUG org.mybatis.spring.SqlSessionUtils - SqlSession [org.apache.ibatis.session.defaults.DefaultSqlSession@750ea16b] was not registered for synchronization because synchronization is not active
2025-01-13 16:05:00 [http-nio-8080-exec-10] DEBUG o.m.s.t.SpringManagedTransaction - JDBC Connection [HikariProxyConnection@705287423 wrapping com.mysql.cj.jdbc.ConnectionImpl@1b176bb] will not be managed by Spring
2025-01-13 16:05:00 [http-nio-8080-exec-10] DEBUG c.s.d.m.CommonMapper.selectLnbList - ==>  Preparing: SELECT CT_LNB_IDX AS ctLnbIdx, CT_LNB_ID AS ctLnbId, CT_LNB_NAME AS ctLnbName, CT_LNB_SUB_YN AS ctLnbSubYn, CT_LNB_URL AS ctLnbUrl, CT_LNB_USE_YN AS ctLnbUseYn FROM CT_LNB WHERE CT_LNB_USE_YN = 'Y' ORDER BY CT_LNB_IDX
2025-01-13 16:05:00 [http-nio-8080-exec-10] DEBUG c.s.d.m.CommonMapper.selectLnbList - ==> Parameters: 
2025-01-13 16:05:00 [http-nio-8080-exec-10] DEBUG c.s.d.m.CommonMapper.selectLnbList - <==      Total: 4
2025-01-13 16:05:00 [http-nio-8080-exec-10] DEBUG org.mybatis.spring.SqlSessionUtils - Closing non transactional SqlSession [org.apache.ibatis.session.defaults.DefaultSqlSession@750ea16b]
2025-01-13 16:05:00 [http-nio-8080-exec-5] DEBUG org.mybatis.spring.SqlSessionUtils - Creating a new SqlSession
2025-01-13 16:05:00 [http-nio-8080-exec-5] DEBUG org.mybatis.spring.SqlSessionUtils - SqlSession [org.apache.ibatis.session.defaults.DefaultSqlSession@6bad1484] was not registered for synchronization because synchronization is not active
2025-01-13 16:05:00 [http-nio-8080-exec-5] DEBUG o.m.s.t.SpringManagedTransaction - JDBC Connection [HikariProxyConnection@1763355503 wrapping com.mysql.cj.jdbc.ConnectionImpl@202516a8] will not be managed by Spring
2025-01-13 16:05:00 [http-nio-8080-exec-5] DEBUG c.s.d.m.CommonMapper.selectLnbList - ==>  Preparing: SELECT CT_LNB_IDX AS ctLnbIdx, CT_LNB_ID AS ctLnbId, CT_LNB_NAME AS ctLnbName, CT_LNB_SUB_YN AS ctLnbSubYn, CT_LNB_URL AS ctLnbUrl, CT_LNB_USE_YN AS ctLnbUseYn FROM CT_LNB WHERE CT_LNB_USE_YN = 'Y' ORDER BY CT_LNB_IDX
2025-01-13 16:05:00 [http-nio-8080-exec-5] DEBUG c.s.d.m.CommonMapper.selectLnbList - ==> Parameters: 
2025-01-13 16:05:00 [http-nio-8080-exec-5] DEBUG c.s.d.m.CommonMapper.selectLnbList - <==      Total: 4
2025-01-13 16:05:00 [http-nio-8080-exec-5] DEBUG org.mybatis.spring.SqlSessionUtils - Closing non transactional SqlSession [org.apache.ibatis.session.defaults.DefaultSqlSession@6bad1484]
2025-01-13 16:05:00 [http-nio-8080-exec-1] DEBUG org.mybatis.spring.SqlSessionUtils - Creating a new SqlSession
2025-01-13 16:05:00 [http-nio-8080-exec-8] DEBUG org.mybatis.spring.SqlSessionUtils - Creating a new SqlSession
2025-01-13 16:05:00 [http-nio-8080-exec-2] DEBUG org.mybatis.spring.SqlSessionUtils - Creating a new SqlSession
2025-01-13 16:05:00 [http-nio-8080-exec-1] DEBUG org.mybatis.spring.SqlSessionUtils - SqlSession [org.apache.ibatis.session.defaults.DefaultSqlSession@5ef84e] was not registered for synchronization because synchronization is not active
2025-01-13 16:05:00 [http-nio-8080-exec-8] DEBUG org.mybatis.spring.SqlSessionUtils - SqlSession [org.apache.ibatis.session.defaults.DefaultSqlSession@6115462] was not registered for synchronization because synchronization is not active
2025-01-13 16:05:00 [http-nio-8080-exec-2] DEBUG org.mybatis.spring.SqlSessionUtils - SqlSession [org.apache.ibatis.session.defaults.DefaultSqlSession@44e49251] was not registered for synchronization because synchronization is not active
2025-01-13 16:05:00 [http-nio-8080-exec-8] DEBUG o.m.s.t.SpringManagedTransaction - JDBC Connection [HikariProxyConnection@313291785 wrapping com.mysql.cj.jdbc.ConnectionImpl@1b176bb] will not be managed by Spring
2025-01-13 16:05:00 [http-nio-8080-exec-2] DEBUG o.m.s.t.SpringManagedTransaction - JDBC Connection [HikariProxyConnection@459199798 wrapping com.mysql.cj.jdbc.ConnectionImpl@202516a8] will not be managed by Spring
2025-01-13 16:05:00 [http-nio-8080-exec-2] DEBUG c.s.d.m.C.selectLnbSubList - ==>  Preparing: SELECT CT_LNB_SUB_IDX AS ctLnbSubIdx, CT_LNB_ID AS ctLnbId, CT_LNB_SUB_ID AS ctLnbSubId, CT_LNB_SUB_NAME AS ctLnbSubName, CT_LNB_SUB_URL AS ctLnbSubUrl FROM CT_LNB_SUB WHERE CT_LNB_ID = ? ORDER BY CT_LNB_SUB_IDX
2025-01-13 16:05:00 [http-nio-8080-exec-8] DEBUG c.s.d.m.C.selectLnbSubList - ==>  Preparing: SELECT CT_LNB_SUB_IDX AS ctLnbSubIdx, CT_LNB_ID AS ctLnbId, CT_LNB_SUB_ID AS ctLnbSubId, CT_LNB_SUB_NAME AS ctLnbSubName, CT_LNB_SUB_URL AS ctLnbSubUrl FROM CT_LNB_SUB WHERE CT_LNB_ID = ? ORDER BY CT_LNB_SUB_IDX
2025-01-13 16:05:00 [http-nio-8080-exec-2] DEBUG c.s.d.m.C.selectLnbSubList - ==> Parameters: CT_LNB_CONTACT(String)
2025-01-13 16:05:00 [http-nio-8080-exec-1] DEBUG o.m.s.t.SpringManagedTransaction - JDBC Connection [HikariProxyConnection@2084399201 wrapping com.mysql.cj.jdbc.ConnectionImpl@2f55317c] will not be managed by Spring
2025-01-13 16:05:00 [http-nio-8080-exec-8] DEBUG c.s.d.m.C.selectLnbSubList - ==> Parameters: CT_LNB_SERVICE(String)
2025-01-13 16:05:00 [http-nio-8080-exec-1] DEBUG c.s.d.m.C.selectLnbSubList - ==>  Preparing: SELECT CT_LNB_SUB_IDX AS ctLnbSubIdx, CT_LNB_ID AS ctLnbId, CT_LNB_SUB_ID AS ctLnbSubId, CT_LNB_SUB_NAME AS ctLnbSubName, CT_LNB_SUB_URL AS ctLnbSubUrl FROM CT_LNB_SUB WHERE CT_LNB_ID = ? ORDER BY CT_LNB_SUB_IDX
2025-01-13 16:05:00 [http-nio-8080-exec-1] DEBUG c.s.d.m.C.selectLnbSubList - ==> Parameters: CT_LNB_COMPANY(String)
2025-01-13 16:05:00 [http-nio-8080-exec-1] DEBUG c.s.d.m.C.selectLnbSubList - <==      Total: 1
2025-01-13 16:05:00 [http-nio-8080-exec-2] DEBUG c.s.d.m.C.selectLnbSubList - <==      Total: 2
2025-01-13 16:05:00 [http-nio-8080-exec-8] DEBUG c.s.d.m.C.selectLnbSubList - <==      Total: 4
2025-01-13 16:05:00 [http-nio-8080-exec-2] DEBUG org.mybatis.spring.SqlSessionUtils - Closing non transactional SqlSession [org.apache.ibatis.session.defaults.DefaultSqlSession@44e49251]
2025-01-13 16:05:00 [http-nio-8080-exec-1] DEBUG org.mybatis.spring.SqlSessionUtils - Closing non transactional SqlSession [org.apache.ibatis.session.defaults.DefaultSqlSession@5ef84e]
2025-01-13 16:05:00 [http-nio-8080-exec-8] DEBUG org.mybatis.spring.SqlSessionUtils - Closing non transactional SqlSession [org.apache.ibatis.session.defaults.DefaultSqlSession@6115462]
2025-01-13 16:05:00 [http-nio-8080-exec-3] DEBUG org.mybatis.spring.SqlSessionUtils - Creating a new SqlSession
2025-01-13 16:05:00 [http-nio-8080-exec-6] DEBUG org.mybatis.spring.SqlSessionUtils - Creating a new SqlSession
2025-01-13 16:05:00 [http-nio-8080-exec-10] DEBUG org.mybatis.spring.SqlSessionUtils - Creating a new SqlSession
2025-01-13 16:05:00 [http-nio-8080-exec-3] DEBUG org.mybatis.spring.SqlSessionUtils - SqlSession [org.apache.ibatis.session.defaults.DefaultSqlSession@af222b8] was not registered for synchronization because synchronization is not active
2025-01-13 16:05:00 [http-nio-8080-exec-6] DEBUG org.mybatis.spring.SqlSessionUtils - SqlSession [org.apache.ibatis.session.defaults.DefaultSqlSession@65f02f60] was not registered for synchronization because synchronization is not active
2025-01-13 16:05:00 [http-nio-8080-exec-10] DEBUG org.mybatis.spring.SqlSessionUtils - SqlSession [org.apache.ibatis.session.defaults.DefaultSqlSession@53fa4dfe] was not registered for synchronization because synchronization is not active
2025-01-13 16:05:00 [http-nio-8080-exec-6] DEBUG o.m.s.t.SpringManagedTransaction - JDBC Connection [HikariProxyConnection@875921293 wrapping com.mysql.cj.jdbc.ConnectionImpl@1b176bb] will not be managed by Spring
2025-01-13 16:05:00 [http-nio-8080-exec-3] DEBUG o.m.s.t.SpringManagedTransaction - JDBC Connection [HikariProxyConnection@1027725732 wrapping com.mysql.cj.jdbc.ConnectionImpl@202516a8] will not be managed by Spring
2025-01-13 16:05:00 [http-nio-8080-exec-6] DEBUG c.s.d.m.C.selectLnbSubList - ==>  Preparing: SELECT CT_LNB_SUB_IDX AS ctLnbSubIdx, CT_LNB_ID AS ctLnbId, CT_LNB_SUB_ID AS ctLnbSubId, CT_LNB_SUB_NAME AS ctLnbSubName, CT_LNB_SUB_URL AS ctLnbSubUrl FROM CT_LNB_SUB WHERE CT_LNB_ID = ? ORDER BY CT_LNB_SUB_IDX
2025-01-13 16:05:00 [http-nio-8080-exec-3] DEBUG c.s.d.m.C.selectLnbSubList - ==>  Preparing: SELECT CT_LNB_SUB_IDX AS ctLnbSubIdx, CT_LNB_ID AS ctLnbId, CT_LNB_SUB_ID AS ctLnbSubId, CT_LNB_SUB_NAME AS ctLnbSubName, CT_LNB_SUB_URL AS ctLnbSubUrl FROM CT_LNB_SUB WHERE CT_LNB_ID = ? ORDER BY CT_LNB_SUB_IDX
2025-01-13 16:05:00 [http-nio-8080-exec-6] DEBUG c.s.d.m.C.selectLnbSubList - ==> Parameters: CT_LNB_COMPANY(String)
2025-01-13 16:05:00 [http-nio-8080-exec-3] DEBUG c.s.d.m.C.selectLnbSubList - ==> Parameters: CT_LNB_SERVICE(String)
2025-01-13 16:05:00 [http-nio-8080-exec-10] DEBUG o.m.s.t.SpringManagedTransaction - JDBC Connection [HikariProxyConnection@926229423 wrapping com.mysql.cj.jdbc.ConnectionImpl@2f55317c] will not be managed by Spring
2025-01-13 16:05:00 [http-nio-8080-exec-10] DEBUG c.s.d.m.C.selectLnbSubList - ==>  Preparing: SELECT CT_LNB_SUB_IDX AS ctLnbSubIdx, CT_LNB_ID AS ctLnbId, CT_LNB_SUB_ID AS ctLnbSubId, CT_LNB_SUB_NAME AS ctLnbSubName, CT_LNB_SUB_URL AS ctLnbSubUrl FROM CT_LNB_SUB WHERE CT_LNB_ID = ? ORDER BY CT_LNB_SUB_IDX
2025-01-13 16:05:00 [http-nio-8080-exec-10] DEBUG c.s.d.m.C.selectLnbSubList - ==> Parameters: CT_LNB_CONTACT(String)
2025-01-13 16:05:00 [http-nio-8080-exec-6] DEBUG c.s.d.m.C.selectLnbSubList - <==      Total: 1
2025-01-13 16:05:00 [http-nio-8080-exec-3] DEBUG c.s.d.m.C.selectLnbSubList - <==      Total: 4
2025-01-13 16:05:00 [http-nio-8080-exec-10] DEBUG c.s.d.m.C.selectLnbSubList - <==      Total: 2
2025-01-13 16:05:00 [http-nio-8080-exec-3] DEBUG org.mybatis.spring.SqlSessionUtils - Closing non transactional SqlSession [org.apache.ibatis.session.defaults.DefaultSqlSession@af222b8]
2025-01-13 16:05:00 [http-nio-8080-exec-6] DEBUG org.mybatis.spring.SqlSessionUtils - Closing non transactional SqlSession [org.apache.ibatis.session.defaults.DefaultSqlSession@65f02f60]
2025-01-13 16:05:00 [http-nio-8080-exec-10] DEBUG org.mybatis.spring.SqlSessionUtils - Closing non transactional SqlSession [org.apache.ibatis.session.defaults.DefaultSqlSession@53fa4dfe]
2025-01-13 16:05:32 [http-nio-8080-exec-7] WARN  o.t.s.p.AbstractStandardFragmentInsertionTagProcessor - [THYMELEAF][http-nio-8080-exec-7][common/layout/layout] Deprecated unwrapped fragment expression "common/fragments/header::header" found in template common/layout/layout, line 33, col 10. Please use the complete syntax of fragment expressions instead ("~{common/fragments/header::header}"). The old, unwrapped syntax for fragment expressions will be removed in future versions of Thymeleaf.
2025-01-13 16:05:32 [http-nio-8080-exec-7] WARN  o.t.s.p.AbstractStandardFragmentInsertionTagProcessor - [THYMELEAF][http-nio-8080-exec-7][common/layout/layout] Deprecated unwrapped fragment expression "common/fragments/footer::footer" found in template common/layout/layout, line 37, col 10. Please use the complete syntax of fragment expressions instead ("~{common/fragments/footer::footer}"). The old, unwrapped syntax for fragment expressions will be removed in future versions of Thymeleaf.
2025-01-13 16:05:32 [http-nio-8080-exec-3] DEBUG org.mybatis.spring.SqlSessionUtils - Creating a new SqlSession
2025-01-13 16:05:32 [http-nio-8080-exec-3] DEBUG org.mybatis.spring.SqlSessionUtils - SqlSession [org.apache.ibatis.session.defaults.DefaultSqlSession@3f42af1] was not registered for synchronization because synchronization is not active
2025-01-13 16:05:32 [http-nio-8080-exec-3] DEBUG o.m.s.t.SpringManagedTransaction - JDBC Connection [HikariProxyConnection@583070726 wrapping com.mysql.cj.jdbc.ConnectionImpl@202516a8] will not be managed by Spring
2025-01-13 16:05:32 [http-nio-8080-exec-3] DEBUG c.s.d.m.CommonMapper.selectLnbList - ==>  Preparing: SELECT CT_LNB_IDX AS ctLnbIdx, CT_LNB_ID AS ctLnbId, CT_LNB_NAME AS ctLnbName, CT_LNB_SUB_YN AS ctLnbSubYn, CT_LNB_URL AS ctLnbUrl, CT_LNB_USE_YN AS ctLnbUseYn FROM CT_LNB WHERE CT_LNB_USE_YN = 'Y' ORDER BY CT_LNB_IDX
2025-01-13 16:05:32 [http-nio-8080-exec-3] DEBUG c.s.d.m.CommonMapper.selectLnbList - ==> Parameters: 
2025-01-13 16:05:32 [http-nio-8080-exec-3] DEBUG c.s.d.m.CommonMapper.selectLnbList - <==      Total: 4
2025-01-13 16:05:32 [http-nio-8080-exec-3] DEBUG org.mybatis.spring.SqlSessionUtils - Closing non transactional SqlSession [org.apache.ibatis.session.defaults.DefaultSqlSession@3f42af1]
2025-01-13 16:05:32 [http-nio-8080-exec-4] DEBUG org.mybatis.spring.SqlSessionUtils - Creating a new SqlSession
2025-01-13 16:05:32 [http-nio-8080-exec-4] DEBUG org.mybatis.spring.SqlSessionUtils - SqlSession [org.apache.ibatis.session.defaults.DefaultSqlSession@74379cf3] was not registered for synchronization because synchronization is not active
2025-01-13 16:05:32 [http-nio-8080-exec-4] DEBUG o.m.s.t.SpringManagedTransaction - JDBC Connection [HikariProxyConnection@1397322660 wrapping com.mysql.cj.jdbc.ConnectionImpl@2f55317c] will not be managed by Spring
2025-01-13 16:05:32 [http-nio-8080-exec-4] DEBUG c.s.d.m.CommonMapper.selectLnbList - ==>  Preparing: SELECT CT_LNB_IDX AS ctLnbIdx, CT_LNB_ID AS ctLnbId, CT_LNB_NAME AS ctLnbName, CT_LNB_SUB_YN AS ctLnbSubYn, CT_LNB_URL AS ctLnbUrl, CT_LNB_USE_YN AS ctLnbUseYn FROM CT_LNB WHERE CT_LNB_USE_YN = 'Y' ORDER BY CT_LNB_IDX
2025-01-13 16:05:32 [http-nio-8080-exec-4] DEBUG c.s.d.m.CommonMapper.selectLnbList - ==> Parameters: 
2025-01-13 16:05:32 [http-nio-8080-exec-4] DEBUG c.s.d.m.CommonMapper.selectLnbList - <==      Total: 4
2025-01-13 16:05:32 [http-nio-8080-exec-4] DEBUG org.mybatis.spring.SqlSessionUtils - Closing non transactional SqlSession [org.apache.ibatis.session.defaults.DefaultSqlSession@74379cf3]
2025-01-13 16:05:32 [http-nio-8080-exec-1] DEBUG org.mybatis.spring.SqlSessionUtils - Creating a new SqlSession
2025-01-13 16:05:32 [http-nio-8080-exec-6] DEBUG org.mybatis.spring.SqlSessionUtils - Creating a new SqlSession
2025-01-13 16:05:32 [http-nio-8080-exec-7] DEBUG org.mybatis.spring.SqlSessionUtils - Creating a new SqlSession
2025-01-13 16:05:32 [http-nio-8080-exec-6] DEBUG org.mybatis.spring.SqlSessionUtils - SqlSession [org.apache.ibatis.session.defaults.DefaultSqlSession@2b0f5b5c] was not registered for synchronization because synchronization is not active
2025-01-13 16:05:32 [http-nio-8080-exec-7] DEBUG org.mybatis.spring.SqlSessionUtils - SqlSession [org.apache.ibatis.session.defaults.DefaultSqlSession@7716e16b] was not registered for synchronization because synchronization is not active
2025-01-13 16:05:32 [http-nio-8080-exec-1] DEBUG org.mybatis.spring.SqlSessionUtils - SqlSession [org.apache.ibatis.session.defaults.DefaultSqlSession@712a197] was not registered for synchronization because synchronization is not active
2025-01-13 16:05:32 [http-nio-8080-exec-7] DEBUG o.m.s.t.SpringManagedTransaction - JDBC Connection [HikariProxyConnection@570118818 wrapping com.mysql.cj.jdbc.ConnectionImpl@2f55317c] will not be managed by Spring
2025-01-13 16:05:32 [http-nio-8080-exec-1] DEBUG o.m.s.t.SpringManagedTransaction - JDBC Connection [HikariProxyConnection@2016683862 wrapping com.mysql.cj.jdbc.ConnectionImpl@202516a8] will not be managed by Spring
2025-01-13 16:05:32 [http-nio-8080-exec-1] DEBUG c.s.d.m.C.selectLnbSubList - ==>  Preparing: SELECT CT_LNB_SUB_IDX AS ctLnbSubIdx, CT_LNB_ID AS ctLnbId, CT_LNB_SUB_ID AS ctLnbSubId, CT_LNB_SUB_NAME AS ctLnbSubName, CT_LNB_SUB_URL AS ctLnbSubUrl FROM CT_LNB_SUB WHERE CT_LNB_ID = ? ORDER BY CT_LNB_SUB_IDX
2025-01-13 16:05:32 [http-nio-8080-exec-7] DEBUG c.s.d.m.C.selectLnbSubList - ==>  Preparing: SELECT CT_LNB_SUB_IDX AS ctLnbSubIdx, CT_LNB_ID AS ctLnbId, CT_LNB_SUB_ID AS ctLnbSubId, CT_LNB_SUB_NAME AS ctLnbSubName, CT_LNB_SUB_URL AS ctLnbSubUrl FROM CT_LNB_SUB WHERE CT_LNB_ID = ? ORDER BY CT_LNB_SUB_IDX
2025-01-13 16:05:32 [http-nio-8080-exec-6] DEBUG o.m.s.t.SpringManagedTransaction - JDBC Connection [HikariProxyConnection@1360083086 wrapping com.mysql.cj.jdbc.ConnectionImpl@1b176bb] will not be managed by Spring
2025-01-13 16:05:32 [http-nio-8080-exec-6] DEBUG c.s.d.m.C.selectLnbSubList - ==>  Preparing: SELECT CT_LNB_SUB_IDX AS ctLnbSubIdx, CT_LNB_ID AS ctLnbId, CT_LNB_SUB_ID AS ctLnbSubId, CT_LNB_SUB_NAME AS ctLnbSubName, CT_LNB_SUB_URL AS ctLnbSubUrl FROM CT_LNB_SUB WHERE CT_LNB_ID = ? ORDER BY CT_LNB_SUB_IDX
2025-01-13 16:05:32 [http-nio-8080-exec-1] DEBUG c.s.d.m.C.selectLnbSubList - ==> Parameters: CT_LNB_COMPANY(String)
2025-01-13 16:05:32 [http-nio-8080-exec-7] DEBUG c.s.d.m.C.selectLnbSubList - ==> Parameters: CT_LNB_CONTACT(String)
2025-01-13 16:05:32 [http-nio-8080-exec-6] DEBUG c.s.d.m.C.selectLnbSubList - ==> Parameters: CT_LNB_SERVICE(String)
2025-01-13 16:05:32 [http-nio-8080-exec-1] DEBUG c.s.d.m.C.selectLnbSubList - <==      Total: 1
2025-01-13 16:05:32 [http-nio-8080-exec-7] DEBUG c.s.d.m.C.selectLnbSubList - <==      Total: 2
2025-01-13 16:05:32 [http-nio-8080-exec-7] DEBUG org.mybatis.spring.SqlSessionUtils - Closing non transactional SqlSession [org.apache.ibatis.session.defaults.DefaultSqlSession@7716e16b]
2025-01-13 16:05:32 [http-nio-8080-exec-1] DEBUG org.mybatis.spring.SqlSessionUtils - Closing non transactional SqlSession [org.apache.ibatis.session.defaults.DefaultSqlSession@712a197]
2025-01-13 16:05:32 [http-nio-8080-exec-6] DEBUG c.s.d.m.C.selectLnbSubList - <==      Total: 4
2025-01-13 16:05:32 [http-nio-8080-exec-6] DEBUG org.mybatis.spring.SqlSessionUtils - Closing non transactional SqlSession [org.apache.ibatis.session.defaults.DefaultSqlSession@2b0f5b5c]
2025-01-13 16:05:32 [http-nio-8080-exec-2] DEBUG org.mybatis.spring.SqlSessionUtils - Creating a new SqlSession
2025-01-13 16:05:32 [http-nio-8080-exec-3] DEBUG org.mybatis.spring.SqlSessionUtils - Creating a new SqlSession
2025-01-13 16:05:32 [http-nio-8080-exec-9] DEBUG org.mybatis.spring.SqlSessionUtils - Creating a new SqlSession
2025-01-13 16:05:32 [http-nio-8080-exec-2] DEBUG org.mybatis.spring.SqlSessionUtils - SqlSession [org.apache.ibatis.session.defaults.DefaultSqlSession@25dd190c] was not registered for synchronization because synchronization is not active
2025-01-13 16:05:32 [http-nio-8080-exec-3] DEBUG org.mybatis.spring.SqlSessionUtils - SqlSession [org.apache.ibatis.session.defaults.DefaultSqlSession@3ec22ffb] was not registered for synchronization because synchronization is not active
2025-01-13 16:05:32 [http-nio-8080-exec-9] DEBUG org.mybatis.spring.SqlSessionUtils - SqlSession [org.apache.ibatis.session.defaults.DefaultSqlSession@4c10b1aa] was not registered for synchronization because synchronization is not active
2025-01-13 16:05:32 [http-nio-8080-exec-3] DEBUG o.m.s.t.SpringManagedTransaction - JDBC Connection [HikariProxyConnection@1719100924 wrapping com.mysql.cj.jdbc.ConnectionImpl@2f55317c] will not be managed by Spring
2025-01-13 16:05:32 [http-nio-8080-exec-2] DEBUG o.m.s.t.SpringManagedTransaction - JDBC Connection [HikariProxyConnection@497524288 wrapping com.mysql.cj.jdbc.ConnectionImpl@202516a8] will not be managed by Spring
2025-01-13 16:05:32 [http-nio-8080-exec-2] DEBUG c.s.d.m.C.selectLnbSubList - ==>  Preparing: SELECT CT_LNB_SUB_IDX AS ctLnbSubIdx, CT_LNB_ID AS ctLnbId, CT_LNB_SUB_ID AS ctLnbSubId, CT_LNB_SUB_NAME AS ctLnbSubName, CT_LNB_SUB_URL AS ctLnbSubUrl FROM CT_LNB_SUB WHERE CT_LNB_ID = ? ORDER BY CT_LNB_SUB_IDX
2025-01-13 16:05:32 [http-nio-8080-exec-3] DEBUG c.s.d.m.C.selectLnbSubList - ==>  Preparing: SELECT CT_LNB_SUB_IDX AS ctLnbSubIdx, CT_LNB_ID AS ctLnbId, CT_LNB_SUB_ID AS ctLnbSubId, CT_LNB_SUB_NAME AS ctLnbSubName, CT_LNB_SUB_URL AS ctLnbSubUrl FROM CT_LNB_SUB WHERE CT_LNB_ID = ? ORDER BY CT_LNB_SUB_IDX
2025-01-13 16:05:32 [http-nio-8080-exec-9] DEBUG o.m.s.t.SpringManagedTransaction - JDBC Connection [HikariProxyConnection@2079421250 wrapping com.mysql.cj.jdbc.ConnectionImpl@1b176bb] will not be managed by Spring
2025-01-13 16:05:32 [http-nio-8080-exec-9] DEBUG c.s.d.m.C.selectLnbSubList - ==>  Preparing: SELECT CT_LNB_SUB_IDX AS ctLnbSubIdx, CT_LNB_ID AS ctLnbId, CT_LNB_SUB_ID AS ctLnbSubId, CT_LNB_SUB_NAME AS ctLnbSubName, CT_LNB_SUB_URL AS ctLnbSubUrl FROM CT_LNB_SUB WHERE CT_LNB_ID = ? ORDER BY CT_LNB_SUB_IDX
2025-01-13 16:05:32 [http-nio-8080-exec-2] DEBUG c.s.d.m.C.selectLnbSubList - ==> Parameters: CT_LNB_COMPANY(String)
2025-01-13 16:05:32 [http-nio-8080-exec-3] DEBUG c.s.d.m.C.selectLnbSubList - ==> Parameters: CT_LNB_CONTACT(String)
2025-01-13 16:05:32 [http-nio-8080-exec-9] DEBUG c.s.d.m.C.selectLnbSubList - ==> Parameters: CT_LNB_SERVICE(String)
2025-01-13 16:05:32 [http-nio-8080-exec-2] DEBUG c.s.d.m.C.selectLnbSubList - <==      Total: 1
2025-01-13 16:05:32 [http-nio-8080-exec-3] DEBUG c.s.d.m.C.selectLnbSubList - <==      Total: 2
2025-01-13 16:05:32 [http-nio-8080-exec-9] DEBUG c.s.d.m.C.selectLnbSubList - <==      Total: 4
2025-01-13 16:05:32 [http-nio-8080-exec-2] DEBUG org.mybatis.spring.SqlSessionUtils - Closing non transactional SqlSession [org.apache.ibatis.session.defaults.DefaultSqlSession@25dd190c]
2025-01-13 16:05:32 [http-nio-8080-exec-9] DEBUG org.mybatis.spring.SqlSessionUtils - Closing non transactional SqlSession [org.apache.ibatis.session.defaults.DefaultSqlSession@4c10b1aa]
2025-01-13 16:05:32 [http-nio-8080-exec-3] DEBUG org.mybatis.spring.SqlSessionUtils - Closing non transactional SqlSession [org.apache.ibatis.session.defaults.DefaultSqlSession@3ec22ffb]
2025-01-13 16:06:16 [http-nio-8080-exec-9] WARN  o.t.s.p.AbstractStandardFragmentInsertionTagProcessor - [THYMELEAF][http-nio-8080-exec-9][common/layout/layout] Deprecated unwrapped fragment expression "common/fragments/header::header" found in template common/layout/layout, line 33, col 10. Please use the complete syntax of fragment expressions instead ("~{common/fragments/header::header}"). The old, unwrapped syntax for fragment expressions will be removed in future versions of Thymeleaf.
2025-01-13 16:06:16 [http-nio-8080-exec-9] WARN  o.t.s.p.AbstractStandardFragmentInsertionTagProcessor - [THYMELEAF][http-nio-8080-exec-9][common/layout/layout] Deprecated unwrapped fragment expression "common/fragments/footer::footer" found in template common/layout/layout, line 37, col 10. Please use the complete syntax of fragment expressions instead ("~{common/fragments/footer::footer}"). The old, unwrapped syntax for fragment expressions will be removed in future versions of Thymeleaf.
2025-01-13 16:06:16 [http-nio-8080-exec-7] DEBUG org.mybatis.spring.SqlSessionUtils - Creating a new SqlSession
2025-01-13 16:06:16 [http-nio-8080-exec-7] DEBUG org.mybatis.spring.SqlSessionUtils - SqlSession [org.apache.ibatis.session.defaults.DefaultSqlSession@318c89f7] was not registered for synchronization because synchronization is not active
2025-01-13 16:06:16 [http-nio-8080-exec-7] DEBUG o.m.s.t.SpringManagedTransaction - JDBC Connection [HikariProxyConnection@1630175822 wrapping com.mysql.cj.jdbc.ConnectionImpl@2f55317c] will not be managed by Spring
2025-01-13 16:06:16 [http-nio-8080-exec-7] DEBUG c.s.d.m.CommonMapper.selectLnbList - ==>  Preparing: SELECT CT_LNB_IDX AS ctLnbIdx, CT_LNB_ID AS ctLnbId, CT_LNB_NAME AS ctLnbName, CT_LNB_SUB_YN AS ctLnbSubYn, CT_LNB_URL AS ctLnbUrl, CT_LNB_USE_YN AS ctLnbUseYn FROM CT_LNB WHERE CT_LNB_USE_YN = 'Y' ORDER BY CT_LNB_IDX
2025-01-13 16:06:16 [http-nio-8080-exec-7] DEBUG c.s.d.m.CommonMapper.selectLnbList - ==> Parameters: 
2025-01-13 16:06:16 [http-nio-8080-exec-7] DEBUG c.s.d.m.CommonMapper.selectLnbList - <==      Total: 4
2025-01-13 16:06:16 [http-nio-8080-exec-7] DEBUG org.mybatis.spring.SqlSessionUtils - Closing non transactional SqlSession [org.apache.ibatis.session.defaults.DefaultSqlSession@318c89f7]
2025-01-13 16:06:16 [http-nio-8080-exec-2] DEBUG org.mybatis.spring.SqlSessionUtils - Creating a new SqlSession
2025-01-13 16:06:16 [http-nio-8080-exec-2] DEBUG org.mybatis.spring.SqlSessionUtils - SqlSession [org.apache.ibatis.session.defaults.DefaultSqlSession@48bd70dd] was not registered for synchronization because synchronization is not active
2025-01-13 16:06:16 [http-nio-8080-exec-2] DEBUG o.m.s.t.SpringManagedTransaction - JDBC Connection [HikariProxyConnection@1439920110 wrapping com.mysql.cj.jdbc.ConnectionImpl@202516a8] will not be managed by Spring
2025-01-13 16:06:16 [http-nio-8080-exec-2] DEBUG c.s.d.m.CommonMapper.selectLnbList - ==>  Preparing: SELECT CT_LNB_IDX AS ctLnbIdx, CT_LNB_ID AS ctLnbId, CT_LNB_NAME AS ctLnbName, CT_LNB_SUB_YN AS ctLnbSubYn, CT_LNB_URL AS ctLnbUrl, CT_LNB_USE_YN AS ctLnbUseYn FROM CT_LNB WHERE CT_LNB_USE_YN = 'Y' ORDER BY CT_LNB_IDX
2025-01-13 16:06:16 [http-nio-8080-exec-2] DEBUG c.s.d.m.CommonMapper.selectLnbList - ==> Parameters: 
2025-01-13 16:06:16 [http-nio-8080-exec-2] DEBUG c.s.d.m.CommonMapper.selectLnbList - <==      Total: 4
2025-01-13 16:06:16 [http-nio-8080-exec-2] DEBUG org.mybatis.spring.SqlSessionUtils - Closing non transactional SqlSession [org.apache.ibatis.session.defaults.DefaultSqlSession@48bd70dd]
2025-01-13 16:06:16 [http-nio-8080-exec-9] DEBUG org.mybatis.spring.SqlSessionUtils - Creating a new SqlSession
2025-01-13 16:06:16 [http-nio-8080-exec-4] DEBUG org.mybatis.spring.SqlSessionUtils - Creating a new SqlSession
2025-01-13 16:06:16 [http-nio-8080-exec-5] DEBUG org.mybatis.spring.SqlSessionUtils - Creating a new SqlSession
2025-01-13 16:06:16 [http-nio-8080-exec-9] DEBUG org.mybatis.spring.SqlSessionUtils - SqlSession [org.apache.ibatis.session.defaults.DefaultSqlSession@6d98acdd] was not registered for synchronization because synchronization is not active
2025-01-13 16:06:16 [http-nio-8080-exec-4] DEBUG org.mybatis.spring.SqlSessionUtils - SqlSession [org.apache.ibatis.session.defaults.DefaultSqlSession@7983abbb] was not registered for synchronization because synchronization is not active
2025-01-13 16:06:16 [http-nio-8080-exec-5] DEBUG org.mybatis.spring.SqlSessionUtils - SqlSession [org.apache.ibatis.session.defaults.DefaultSqlSession@37e1df14] was not registered for synchronization because synchronization is not active
2025-01-13 16:06:16 [http-nio-8080-exec-4] DEBUG o.m.s.t.SpringManagedTransaction - JDBC Connection [HikariProxyConnection@1944097254 wrapping com.mysql.cj.jdbc.ConnectionImpl@2f55317c] will not be managed by Spring
2025-01-13 16:06:16 [http-nio-8080-exec-5] DEBUG o.m.s.t.SpringManagedTransaction - JDBC Connection [HikariProxyConnection@20871269 wrapping com.mysql.cj.jdbc.ConnectionImpl@202516a8] will not be managed by Spring
2025-01-13 16:06:16 [http-nio-8080-exec-4] DEBUG c.s.d.m.C.selectLnbSubList - ==>  Preparing: SELECT CT_LNB_SUB_IDX AS ctLnbSubIdx, CT_LNB_ID AS ctLnbId, CT_LNB_SUB_ID AS ctLnbSubId, CT_LNB_SUB_NAME AS ctLnbSubName, CT_LNB_SUB_URL AS ctLnbSubUrl FROM CT_LNB_SUB WHERE CT_LNB_ID = ? ORDER BY CT_LNB_SUB_IDX
2025-01-13 16:06:16 [http-nio-8080-exec-5] DEBUG c.s.d.m.C.selectLnbSubList - ==>  Preparing: SELECT CT_LNB_SUB_IDX AS ctLnbSubIdx, CT_LNB_ID AS ctLnbId, CT_LNB_SUB_ID AS ctLnbSubId, CT_LNB_SUB_NAME AS ctLnbSubName, CT_LNB_SUB_URL AS ctLnbSubUrl FROM CT_LNB_SUB WHERE CT_LNB_ID = ? ORDER BY CT_LNB_SUB_IDX
2025-01-13 16:06:16 [http-nio-8080-exec-4] DEBUG c.s.d.m.C.selectLnbSubList - ==> Parameters: CT_LNB_SERVICE(String)
2025-01-13 16:06:16 [http-nio-8080-exec-9] DEBUG o.m.s.t.SpringManagedTransaction - JDBC Connection [HikariProxyConnection@2108040547 wrapping com.mysql.cj.jdbc.ConnectionImpl@1b176bb] will not be managed by Spring
2025-01-13 16:06:16 [http-nio-8080-exec-5] DEBUG c.s.d.m.C.selectLnbSubList - ==> Parameters: CT_LNB_CONTACT(String)
2025-01-13 16:06:16 [http-nio-8080-exec-9] DEBUG c.s.d.m.C.selectLnbSubList - ==>  Preparing: SELECT CT_LNB_SUB_IDX AS ctLnbSubIdx, CT_LNB_ID AS ctLnbId, CT_LNB_SUB_ID AS ctLnbSubId, CT_LNB_SUB_NAME AS ctLnbSubName, CT_LNB_SUB_URL AS ctLnbSubUrl FROM CT_LNB_SUB WHERE CT_LNB_ID = ? ORDER BY CT_LNB_SUB_IDX
2025-01-13 16:06:16 [http-nio-8080-exec-9] DEBUG c.s.d.m.C.selectLnbSubList - ==> Parameters: CT_LNB_COMPANY(String)
2025-01-13 16:06:16 [http-nio-8080-exec-9] DEBUG c.s.d.m.C.selectLnbSubList - <==      Total: 1
2025-01-13 16:06:16 [http-nio-8080-exec-5] DEBUG c.s.d.m.C.selectLnbSubList - <==      Total: 2
2025-01-13 16:06:16 [http-nio-8080-exec-4] DEBUG c.s.d.m.C.selectLnbSubList - <==      Total: 4
2025-01-13 16:06:16 [http-nio-8080-exec-5] DEBUG org.mybatis.spring.SqlSessionUtils - Closing non transactional SqlSession [org.apache.ibatis.session.defaults.DefaultSqlSession@37e1df14]
2025-01-13 16:06:16 [http-nio-8080-exec-4] DEBUG org.mybatis.spring.SqlSessionUtils - Closing non transactional SqlSession [org.apache.ibatis.session.defaults.DefaultSqlSession@7983abbb]
2025-01-13 16:06:16 [http-nio-8080-exec-9] DEBUG org.mybatis.spring.SqlSessionUtils - Closing non transactional SqlSession [org.apache.ibatis.session.defaults.DefaultSqlSession@6d98acdd]
2025-01-13 16:06:16 [http-nio-8080-exec-7] DEBUG org.mybatis.spring.SqlSessionUtils - Creating a new SqlSession
2025-01-13 16:06:16 [http-nio-8080-exec-1] DEBUG org.mybatis.spring.SqlSessionUtils - Creating a new SqlSession
2025-01-13 16:06:16 [http-nio-8080-exec-10] DEBUG org.mybatis.spring.SqlSessionUtils - Creating a new SqlSession
2025-01-13 16:06:16 [http-nio-8080-exec-7] DEBUG org.mybatis.spring.SqlSessionUtils - SqlSession [org.apache.ibatis.session.defaults.DefaultSqlSession@4c7683f5] was not registered for synchronization because synchronization is not active
2025-01-13 16:06:16 [http-nio-8080-exec-10] DEBUG org.mybatis.spring.SqlSessionUtils - SqlSession [org.apache.ibatis.session.defaults.DefaultSqlSession@4281021c] was not registered for synchronization because synchronization is not active
2025-01-13 16:06:16 [http-nio-8080-exec-1] DEBUG org.mybatis.spring.SqlSessionUtils - SqlSession [org.apache.ibatis.session.defaults.DefaultSqlSession@66b4bffc] was not registered for synchronization because synchronization is not active
2025-01-13 16:06:16 [http-nio-8080-exec-10] DEBUG o.m.s.t.SpringManagedTransaction - JDBC Connection [HikariProxyConnection@1132700986 wrapping com.mysql.cj.jdbc.ConnectionImpl@2f55317c] will not be managed by Spring
2025-01-13 16:06:16 [http-nio-8080-exec-7] DEBUG o.m.s.t.SpringManagedTransaction - JDBC Connection [HikariProxyConnection@434137277 wrapping com.mysql.cj.jdbc.ConnectionImpl@1b176bb] will not be managed by Spring
2025-01-13 16:06:16 [http-nio-8080-exec-1] DEBUG o.m.s.t.SpringManagedTransaction - JDBC Connection [HikariProxyConnection@764047034 wrapping com.mysql.cj.jdbc.ConnectionImpl@202516a8] will not be managed by Spring
2025-01-13 16:06:16 [http-nio-8080-exec-7] DEBUG c.s.d.m.C.selectLnbSubList - ==>  Preparing: SELECT CT_LNB_SUB_IDX AS ctLnbSubIdx, CT_LNB_ID AS ctLnbId, CT_LNB_SUB_ID AS ctLnbSubId, CT_LNB_SUB_NAME AS ctLnbSubName, CT_LNB_SUB_URL AS ctLnbSubUrl FROM CT_LNB_SUB WHERE CT_LNB_ID = ? ORDER BY CT_LNB_SUB_IDX
2025-01-13 16:06:16 [http-nio-8080-exec-10] DEBUG c.s.d.m.C.selectLnbSubList - ==>  Preparing: SELECT CT_LNB_SUB_IDX AS ctLnbSubIdx, CT_LNB_ID AS ctLnbId, CT_LNB_SUB_ID AS ctLnbSubId, CT_LNB_SUB_NAME AS ctLnbSubName, CT_LNB_SUB_URL AS ctLnbSubUrl FROM CT_LNB_SUB WHERE CT_LNB_ID = ? ORDER BY CT_LNB_SUB_IDX
2025-01-13 16:06:16 [http-nio-8080-exec-1] DEBUG c.s.d.m.C.selectLnbSubList - ==>  Preparing: SELECT CT_LNB_SUB_IDX AS ctLnbSubIdx, CT_LNB_ID AS ctLnbId, CT_LNB_SUB_ID AS ctLnbSubId, CT_LNB_SUB_NAME AS ctLnbSubName, CT_LNB_SUB_URL AS ctLnbSubUrl FROM CT_LNB_SUB WHERE CT_LNB_ID = ? ORDER BY CT_LNB_SUB_IDX
2025-01-13 16:06:16 [http-nio-8080-exec-1] DEBUG c.s.d.m.C.selectLnbSubList - ==> Parameters: CT_LNB_COMPANY(String)
2025-01-13 16:06:16 [http-nio-8080-exec-10] DEBUG c.s.d.m.C.selectLnbSubList - ==> Parameters: CT_LNB_SERVICE(String)
2025-01-13 16:06:16 [http-nio-8080-exec-7] DEBUG c.s.d.m.C.selectLnbSubList - ==> Parameters: CT_LNB_CONTACT(String)
2025-01-13 16:06:16 [http-nio-8080-exec-1] DEBUG c.s.d.m.C.selectLnbSubList - <==      Total: 1
2025-01-13 16:06:16 [http-nio-8080-exec-10] DEBUG c.s.d.m.C.selectLnbSubList - <==      Total: 4
2025-01-13 16:06:16 [http-nio-8080-exec-7] DEBUG c.s.d.m.C.selectLnbSubList - <==      Total: 2
2025-01-13 16:06:16 [http-nio-8080-exec-10] DEBUG org.mybatis.spring.SqlSessionUtils - Closing non transactional SqlSession [org.apache.ibatis.session.defaults.DefaultSqlSession@4281021c]
2025-01-13 16:06:16 [http-nio-8080-exec-1] DEBUG org.mybatis.spring.SqlSessionUtils - Closing non transactional SqlSession [org.apache.ibatis.session.defaults.DefaultSqlSession@66b4bffc]
2025-01-13 16:06:16 [http-nio-8080-exec-7] DEBUG org.mybatis.spring.SqlSessionUtils - Closing non transactional SqlSession [org.apache.ibatis.session.defaults.DefaultSqlSession@4c7683f5]
2025-01-13 16:06:35 [http-nio-8080-exec-6] WARN  o.t.s.p.AbstractStandardFragmentInsertionTagProcessor - [THYMELEAF][http-nio-8080-exec-6][common/layout/layout] Deprecated unwrapped fragment expression "common/fragments/header::header" found in template common/layout/layout, line 33, col 10. Please use the complete syntax of fragment expressions instead ("~{common/fragments/header::header}"). The old, unwrapped syntax for fragment expressions will be removed in future versions of Thymeleaf.
2025-01-13 16:06:35 [http-nio-8080-exec-6] WARN  o.t.s.p.AbstractStandardFragmentInsertionTagProcessor - [THYMELEAF][http-nio-8080-exec-6][common/layout/layout] Deprecated unwrapped fragment expression "common/fragments/footer::footer" found in template common/layout/layout, line 37, col 10. Please use the complete syntax of fragment expressions instead ("~{common/fragments/footer::footer}"). The old, unwrapped syntax for fragment expressions will be removed in future versions of Thymeleaf.
2025-01-13 16:06:35 [http-nio-8080-exec-7] DEBUG org.mybatis.spring.SqlSessionUtils - Creating a new SqlSession
2025-01-13 16:06:35 [http-nio-8080-exec-7] DEBUG org.mybatis.spring.SqlSessionUtils - SqlSession [org.apache.ibatis.session.defaults.DefaultSqlSession@48800d3d] was not registered for synchronization because synchronization is not active
2025-01-13 16:06:35 [http-nio-8080-exec-7] DEBUG o.m.s.t.SpringManagedTransaction - JDBC Connection [HikariProxyConnection@1388257552 wrapping com.mysql.cj.jdbc.ConnectionImpl@1b176bb] will not be managed by Spring
2025-01-13 16:06:35 [http-nio-8080-exec-7] DEBUG c.s.d.m.CommonMapper.selectLnbList - ==>  Preparing: SELECT CT_LNB_IDX AS ctLnbIdx, CT_LNB_ID AS ctLnbId, CT_LNB_NAME AS ctLnbName, CT_LNB_SUB_YN AS ctLnbSubYn, CT_LNB_URL AS ctLnbUrl, CT_LNB_USE_YN AS ctLnbUseYn FROM CT_LNB WHERE CT_LNB_USE_YN = 'Y' ORDER BY CT_LNB_IDX
2025-01-13 16:06:35 [http-nio-8080-exec-7] DEBUG c.s.d.m.CommonMapper.selectLnbList - ==> Parameters: 
2025-01-13 16:06:35 [http-nio-8080-exec-7] DEBUG c.s.d.m.CommonMapper.selectLnbList - <==      Total: 4
2025-01-13 16:06:35 [http-nio-8080-exec-7] DEBUG org.mybatis.spring.SqlSessionUtils - Closing non transactional SqlSession [org.apache.ibatis.session.defaults.DefaultSqlSession@48800d3d]
2025-01-13 16:06:35 [http-nio-8080-exec-8] DEBUG org.mybatis.spring.SqlSessionUtils - Creating a new SqlSession
2025-01-13 16:06:35 [http-nio-8080-exec-8] DEBUG org.mybatis.spring.SqlSessionUtils - SqlSession [org.apache.ibatis.session.defaults.DefaultSqlSession@491f3d59] was not registered for synchronization because synchronization is not active
2025-01-13 16:06:35 [http-nio-8080-exec-8] DEBUG o.m.s.t.SpringManagedTransaction - JDBC Connection [HikariProxyConnection@1167396851 wrapping com.mysql.cj.jdbc.ConnectionImpl@1b176bb] will not be managed by Spring
2025-01-13 16:06:35 [http-nio-8080-exec-8] DEBUG c.s.d.m.CommonMapper.selectLnbList - ==>  Preparing: SELECT CT_LNB_IDX AS ctLnbIdx, CT_LNB_ID AS ctLnbId, CT_LNB_NAME AS ctLnbName, CT_LNB_SUB_YN AS ctLnbSubYn, CT_LNB_URL AS ctLnbUrl, CT_LNB_USE_YN AS ctLnbUseYn FROM CT_LNB WHERE CT_LNB_USE_YN = 'Y' ORDER BY CT_LNB_IDX
2025-01-13 16:06:35 [http-nio-8080-exec-8] DEBUG c.s.d.m.CommonMapper.selectLnbList - ==> Parameters: 
2025-01-13 16:06:35 [http-nio-8080-exec-8] DEBUG c.s.d.m.CommonMapper.selectLnbList - <==      Total: 4
2025-01-13 16:06:35 [http-nio-8080-exec-8] DEBUG org.mybatis.spring.SqlSessionUtils - Closing non transactional SqlSession [org.apache.ibatis.session.defaults.DefaultSqlSession@491f3d59]
2025-01-13 16:06:35 [http-nio-8080-exec-1] DEBUG org.mybatis.spring.SqlSessionUtils - Creating a new SqlSession
2025-01-13 16:06:35 [http-nio-8080-exec-10] DEBUG org.mybatis.spring.SqlSessionUtils - Creating a new SqlSession
2025-01-13 16:06:35 [http-nio-8080-exec-5] DEBUG org.mybatis.spring.SqlSessionUtils - Creating a new SqlSession
2025-01-13 16:06:35 [http-nio-8080-exec-1] DEBUG org.mybatis.spring.SqlSessionUtils - SqlSession [org.apache.ibatis.session.defaults.DefaultSqlSession@5c9eb9ed] was not registered for synchronization because synchronization is not active
2025-01-13 16:06:35 [http-nio-8080-exec-5] DEBUG org.mybatis.spring.SqlSessionUtils - SqlSession [org.apache.ibatis.session.defaults.DefaultSqlSession@265cafb8] was not registered for synchronization because synchronization is not active
2025-01-13 16:06:35 [http-nio-8080-exec-10] DEBUG org.mybatis.spring.SqlSessionUtils - SqlSession [org.apache.ibatis.session.defaults.DefaultSqlSession@5415ccd8] was not registered for synchronization because synchronization is not active
2025-01-13 16:06:35 [http-nio-8080-exec-5] DEBUG o.m.s.t.SpringManagedTransaction - JDBC Connection [HikariProxyConnection@747620551 wrapping com.mysql.cj.jdbc.ConnectionImpl@1b176bb] will not be managed by Spring
2025-01-13 16:06:35 [http-nio-8080-exec-5] DEBUG c.s.d.m.C.selectLnbSubList - ==>  Preparing: SELECT CT_LNB_SUB_IDX AS ctLnbSubIdx, CT_LNB_ID AS ctLnbId, CT_LNB_SUB_ID AS ctLnbSubId, CT_LNB_SUB_NAME AS ctLnbSubName, CT_LNB_SUB_URL AS ctLnbSubUrl FROM CT_LNB_SUB WHERE CT_LNB_ID = ? ORDER BY CT_LNB_SUB_IDX
2025-01-13 16:06:35 [http-nio-8080-exec-1] DEBUG o.m.s.t.SpringManagedTransaction - JDBC Connection [HikariProxyConnection@1535900321 wrapping com.mysql.cj.jdbc.ConnectionImpl@202516a8] will not be managed by Spring
2025-01-13 16:06:35 [http-nio-8080-exec-10] DEBUG o.m.s.t.SpringManagedTransaction - JDBC Connection [HikariProxyConnection@1276814221 wrapping com.mysql.cj.jdbc.ConnectionImpl@2f55317c] will not be managed by Spring
2025-01-13 16:06:35 [http-nio-8080-exec-5] DEBUG c.s.d.m.C.selectLnbSubList - ==> Parameters: CT_LNB_CONTACT(String)
2025-01-13 16:06:35 [http-nio-8080-exec-1] DEBUG c.s.d.m.C.selectLnbSubList - ==>  Preparing: SELECT CT_LNB_SUB_IDX AS ctLnbSubIdx, CT_LNB_ID AS ctLnbId, CT_LNB_SUB_ID AS ctLnbSubId, CT_LNB_SUB_NAME AS ctLnbSubName, CT_LNB_SUB_URL AS ctLnbSubUrl FROM CT_LNB_SUB WHERE CT_LNB_ID = ? ORDER BY CT_LNB_SUB_IDX
2025-01-13 16:06:35 [http-nio-8080-exec-10] DEBUG c.s.d.m.C.selectLnbSubList - ==>  Preparing: SELECT CT_LNB_SUB_IDX AS ctLnbSubIdx, CT_LNB_ID AS ctLnbId, CT_LNB_SUB_ID AS ctLnbSubId, CT_LNB_SUB_NAME AS ctLnbSubName, CT_LNB_SUB_URL AS ctLnbSubUrl FROM CT_LNB_SUB WHERE CT_LNB_ID = ? ORDER BY CT_LNB_SUB_IDX
2025-01-13 16:06:35 [http-nio-8080-exec-1] DEBUG c.s.d.m.C.selectLnbSubList - ==> Parameters: CT_LNB_COMPANY(String)
2025-01-13 16:06:35 [http-nio-8080-exec-10] DEBUG c.s.d.m.C.selectLnbSubList - ==> Parameters: CT_LNB_SERVICE(String)
2025-01-13 16:06:35 [http-nio-8080-exec-1] DEBUG c.s.d.m.C.selectLnbSubList - <==      Total: 1
2025-01-13 16:06:35 [http-nio-8080-exec-10] DEBUG c.s.d.m.C.selectLnbSubList - <==      Total: 4
2025-01-13 16:06:35 [http-nio-8080-exec-1] DEBUG org.mybatis.spring.SqlSessionUtils - Closing non transactional SqlSession [org.apache.ibatis.session.defaults.DefaultSqlSession@5c9eb9ed]
2025-01-13 16:06:35 [http-nio-8080-exec-10] DEBUG org.mybatis.spring.SqlSessionUtils - Closing non transactional SqlSession [org.apache.ibatis.session.defaults.DefaultSqlSession@5415ccd8]
2025-01-13 16:06:35 [http-nio-8080-exec-5] DEBUG c.s.d.m.C.selectLnbSubList - <==      Total: 2
2025-01-13 16:06:35 [http-nio-8080-exec-5] DEBUG org.mybatis.spring.SqlSessionUtils - Closing non transactional SqlSession [org.apache.ibatis.session.defaults.DefaultSqlSession@265cafb8]
2025-01-13 16:06:35 [http-nio-8080-exec-6] DEBUG org.mybatis.spring.SqlSessionUtils - Creating a new SqlSession
2025-01-13 16:06:35 [http-nio-8080-exec-6] DEBUG org.mybatis.spring.SqlSessionUtils - SqlSession [org.apache.ibatis.session.defaults.DefaultSqlSession@4e66dac0] was not registered for synchronization because synchronization is not active
2025-01-13 16:06:35 [http-nio-8080-exec-6] DEBUG o.m.s.t.SpringManagedTransaction - JDBC Connection [HikariProxyConnection@1275911996 wrapping com.mysql.cj.jdbc.ConnectionImpl@1b176bb] will not be managed by Spring
2025-01-13 16:06:35 [http-nio-8080-exec-6] DEBUG c.s.d.m.C.selectLnbSubList - ==>  Preparing: SELECT CT_LNB_SUB_IDX AS ctLnbSubIdx, CT_LNB_ID AS ctLnbId, CT_LNB_SUB_ID AS ctLnbSubId, CT_LNB_SUB_NAME AS ctLnbSubName, CT_LNB_SUB_URL AS ctLnbSubUrl FROM CT_LNB_SUB WHERE CT_LNB_ID = ? ORDER BY CT_LNB_SUB_IDX
2025-01-13 16:06:35 [http-nio-8080-exec-6] DEBUG c.s.d.m.C.selectLnbSubList - ==> Parameters: CT_LNB_COMPANY(String)
2025-01-13 16:06:35 [http-nio-8080-exec-7] DEBUG org.mybatis.spring.SqlSessionUtils - Creating a new SqlSession
2025-01-13 16:06:35 [http-nio-8080-exec-4] DEBUG org.mybatis.spring.SqlSessionUtils - Creating a new SqlSession
2025-01-13 16:06:35 [http-nio-8080-exec-6] DEBUG c.s.d.m.C.selectLnbSubList - <==      Total: 1
2025-01-13 16:06:35 [http-nio-8080-exec-7] DEBUG org.mybatis.spring.SqlSessionUtils - SqlSession [org.apache.ibatis.session.defaults.DefaultSqlSession@297e8b70] was not registered for synchronization because synchronization is not active
2025-01-13 16:06:35 [http-nio-8080-exec-4] DEBUG org.mybatis.spring.SqlSessionUtils - SqlSession [org.apache.ibatis.session.defaults.DefaultSqlSession@1ccd627f] was not registered for synchronization because synchronization is not active
2025-01-13 16:06:35 [http-nio-8080-exec-6] DEBUG org.mybatis.spring.SqlSessionUtils - Closing non transactional SqlSession [org.apache.ibatis.session.defaults.DefaultSqlSession@4e66dac0]
2025-01-13 16:06:35 [http-nio-8080-exec-4] DEBUG o.m.s.t.SpringManagedTransaction - JDBC Connection [HikariProxyConnection@1016482322 wrapping com.mysql.cj.jdbc.ConnectionImpl@2f55317c] will not be managed by Spring
2025-01-13 16:06:35 [http-nio-8080-exec-7] DEBUG o.m.s.t.SpringManagedTransaction - JDBC Connection [HikariProxyConnection@1642037895 wrapping com.mysql.cj.jdbc.ConnectionImpl@202516a8] will not be managed by Spring
2025-01-13 16:06:35 [http-nio-8080-exec-4] DEBUG c.s.d.m.C.selectLnbSubList - ==>  Preparing: SELECT CT_LNB_SUB_IDX AS ctLnbSubIdx, CT_LNB_ID AS ctLnbId, CT_LNB_SUB_ID AS ctLnbSubId, CT_LNB_SUB_NAME AS ctLnbSubName, CT_LNB_SUB_URL AS ctLnbSubUrl FROM CT_LNB_SUB WHERE CT_LNB_ID = ? ORDER BY CT_LNB_SUB_IDX
2025-01-13 16:06:35 [http-nio-8080-exec-7] DEBUG c.s.d.m.C.selectLnbSubList - ==>  Preparing: SELECT CT_LNB_SUB_IDX AS ctLnbSubIdx, CT_LNB_ID AS ctLnbId, CT_LNB_SUB_ID AS ctLnbSubId, CT_LNB_SUB_NAME AS ctLnbSubName, CT_LNB_SUB_URL AS ctLnbSubUrl FROM CT_LNB_SUB WHERE CT_LNB_ID = ? ORDER BY CT_LNB_SUB_IDX
2025-01-13 16:06:35 [http-nio-8080-exec-4] DEBUG c.s.d.m.C.selectLnbSubList - ==> Parameters: CT_LNB_SERVICE(String)
2025-01-13 16:06:35 [http-nio-8080-exec-7] DEBUG c.s.d.m.C.selectLnbSubList - ==> Parameters: CT_LNB_CONTACT(String)
2025-01-13 16:06:35 [http-nio-8080-exec-7] DEBUG c.s.d.m.C.selectLnbSubList - <==      Total: 2
2025-01-13 16:06:35 [http-nio-8080-exec-4] DEBUG c.s.d.m.C.selectLnbSubList - <==      Total: 4
2025-01-13 16:06:35 [http-nio-8080-exec-7] DEBUG org.mybatis.spring.SqlSessionUtils - Closing non transactional SqlSession [org.apache.ibatis.session.defaults.DefaultSqlSession@297e8b70]
2025-01-13 16:06:35 [http-nio-8080-exec-4] DEBUG org.mybatis.spring.SqlSessionUtils - Closing non transactional SqlSession [org.apache.ibatis.session.defaults.DefaultSqlSession@1ccd627f]
2025-01-13 16:06:44 [http-nio-8080-exec-3] WARN  o.t.s.p.AbstractStandardFragmentInsertionTagProcessor - [THYMELEAF][http-nio-8080-exec-3][common/layout/layout] Deprecated unwrapped fragment expression "common/fragments/header::header" found in template common/layout/layout, line 33, col 10. Please use the complete syntax of fragment expressions instead ("~{common/fragments/header::header}"). The old, unwrapped syntax for fragment expressions will be removed in future versions of Thymeleaf.
2025-01-13 16:06:44 [http-nio-8080-exec-3] WARN  o.t.s.p.AbstractStandardFragmentInsertionTagProcessor - [THYMELEAF][http-nio-8080-exec-3][common/layout/layout] Deprecated unwrapped fragment expression "common/fragments/footer::footer" found in template common/layout/layout, line 37, col 10. Please use the complete syntax of fragment expressions instead ("~{common/fragments/footer::footer}"). The old, unwrapped syntax for fragment expressions will be removed in future versions of Thymeleaf.
2025-01-13 16:06:44 [http-nio-8080-exec-5] DEBUG org.mybatis.spring.SqlSessionUtils - Creating a new SqlSession
2025-01-13 16:06:44 [http-nio-8080-exec-5] DEBUG org.mybatis.spring.SqlSessionUtils - SqlSession [org.apache.ibatis.session.defaults.DefaultSqlSession@7bc5f4e4] was not registered for synchronization because synchronization is not active
2025-01-13 16:06:44 [http-nio-8080-exec-5] DEBUG o.m.s.t.SpringManagedTransaction - JDBC Connection [HikariProxyConnection@916396021 wrapping com.mysql.cj.jdbc.ConnectionImpl@1b176bb] will not be managed by Spring
2025-01-13 16:06:44 [http-nio-8080-exec-5] DEBUG c.s.d.m.CommonMapper.selectLnbList - ==>  Preparing: SELECT CT_LNB_IDX AS ctLnbIdx, CT_LNB_ID AS ctLnbId, CT_LNB_NAME AS ctLnbName, CT_LNB_SUB_YN AS ctLnbSubYn, CT_LNB_URL AS ctLnbUrl, CT_LNB_USE_YN AS ctLnbUseYn FROM CT_LNB WHERE CT_LNB_USE_YN = 'Y' ORDER BY CT_LNB_IDX
2025-01-13 16:06:44 [http-nio-8080-exec-5] DEBUG c.s.d.m.CommonMapper.selectLnbList - ==> Parameters: 
2025-01-13 16:06:44 [http-nio-8080-exec-5] DEBUG c.s.d.m.CommonMapper.selectLnbList - <==      Total: 4
2025-01-13 16:06:44 [http-nio-8080-exec-5] DEBUG org.mybatis.spring.SqlSessionUtils - Closing non transactional SqlSession [org.apache.ibatis.session.defaults.DefaultSqlSession@7bc5f4e4]
2025-01-13 16:06:44 [http-nio-8080-exec-7] DEBUG org.mybatis.spring.SqlSessionUtils - Creating a new SqlSession
2025-01-13 16:06:44 [http-nio-8080-exec-7] DEBUG org.mybatis.spring.SqlSessionUtils - SqlSession [org.apache.ibatis.session.defaults.DefaultSqlSession@50d70b26] was not registered for synchronization because synchronization is not active
2025-01-13 16:06:44 [http-nio-8080-exec-7] DEBUG o.m.s.t.SpringManagedTransaction - JDBC Connection [HikariProxyConnection@1300324353 wrapping com.mysql.cj.jdbc.ConnectionImpl@202516a8] will not be managed by Spring
2025-01-13 16:06:44 [http-nio-8080-exec-7] DEBUG c.s.d.m.CommonMapper.selectLnbList - ==>  Preparing: SELECT CT_LNB_IDX AS ctLnbIdx, CT_LNB_ID AS ctLnbId, CT_LNB_NAME AS ctLnbName, CT_LNB_SUB_YN AS ctLnbSubYn, CT_LNB_URL AS ctLnbUrl, CT_LNB_USE_YN AS ctLnbUseYn FROM CT_LNB WHERE CT_LNB_USE_YN = 'Y' ORDER BY CT_LNB_IDX
2025-01-13 16:06:44 [http-nio-8080-exec-7] DEBUG c.s.d.m.CommonMapper.selectLnbList - ==> Parameters: 
2025-01-13 16:06:44 [http-nio-8080-exec-7] DEBUG c.s.d.m.CommonMapper.selectLnbList - <==      Total: 4
2025-01-13 16:06:44 [http-nio-8080-exec-7] DEBUG org.mybatis.spring.SqlSessionUtils - Closing non transactional SqlSession [org.apache.ibatis.session.defaults.DefaultSqlSession@50d70b26]
2025-01-13 16:06:44 [http-nio-8080-exec-10] DEBUG org.mybatis.spring.SqlSessionUtils - Creating a new SqlSession
2025-01-13 16:06:44 [http-nio-8080-exec-10] DEBUG org.mybatis.spring.SqlSessionUtils - SqlSession [org.apache.ibatis.session.defaults.DefaultSqlSession@3e99bbf8] was not registered for synchronization because synchronization is not active
2025-01-13 16:06:44 [http-nio-8080-exec-1] DEBUG org.mybatis.spring.SqlSessionUtils - Creating a new SqlSession
2025-01-13 16:06:44 [http-nio-8080-exec-9] DEBUG org.mybatis.spring.SqlSessionUtils - Creating a new SqlSession
2025-01-13 16:06:44 [http-nio-8080-exec-1] DEBUG org.mybatis.spring.SqlSessionUtils - SqlSession [org.apache.ibatis.session.defaults.DefaultSqlSession@75e6942d] was not registered for synchronization because synchronization is not active
2025-01-13 16:06:44 [http-nio-8080-exec-9] DEBUG org.mybatis.spring.SqlSessionUtils - SqlSession [org.apache.ibatis.session.defaults.DefaultSqlSession@5f0ce622] was not registered for synchronization because synchronization is not active
2025-01-13 16:06:44 [http-nio-8080-exec-9] DEBUG o.m.s.t.SpringManagedTransaction - JDBC Connection [HikariProxyConnection@657335530 wrapping com.mysql.cj.jdbc.ConnectionImpl@1b176bb] will not be managed by Spring
2025-01-13 16:06:44 [http-nio-8080-exec-1] DEBUG o.m.s.t.SpringManagedTransaction - JDBC Connection [HikariProxyConnection@1866854405 wrapping com.mysql.cj.jdbc.ConnectionImpl@202516a8] will not be managed by Spring
2025-01-13 16:06:44 [http-nio-8080-exec-1] DEBUG c.s.d.m.C.selectLnbSubList - ==>  Preparing: SELECT CT_LNB_SUB_IDX AS ctLnbSubIdx, CT_LNB_ID AS ctLnbId, CT_LNB_SUB_ID AS ctLnbSubId, CT_LNB_SUB_NAME AS ctLnbSubName, CT_LNB_SUB_URL AS ctLnbSubUrl FROM CT_LNB_SUB WHERE CT_LNB_ID = ? ORDER BY CT_LNB_SUB_IDX
2025-01-13 16:06:44 [http-nio-8080-exec-9] DEBUG c.s.d.m.C.selectLnbSubList - ==>  Preparing: SELECT CT_LNB_SUB_IDX AS ctLnbSubIdx, CT_LNB_ID AS ctLnbId, CT_LNB_SUB_ID AS ctLnbSubId, CT_LNB_SUB_NAME AS ctLnbSubName, CT_LNB_SUB_URL AS ctLnbSubUrl FROM CT_LNB_SUB WHERE CT_LNB_ID = ? ORDER BY CT_LNB_SUB_IDX
2025-01-13 16:06:44 [http-nio-8080-exec-1] DEBUG c.s.d.m.C.selectLnbSubList - ==> Parameters: CT_LNB_SERVICE(String)
2025-01-13 16:06:44 [http-nio-8080-exec-9] DEBUG c.s.d.m.C.selectLnbSubList - ==> Parameters: CT_LNB_CONTACT(String)
2025-01-13 16:06:44 [http-nio-8080-exec-10] DEBUG o.m.s.t.SpringManagedTransaction - JDBC Connection [HikariProxyConnection@887872742 wrapping com.mysql.cj.jdbc.ConnectionImpl@2f55317c] will not be managed by Spring
2025-01-13 16:06:44 [http-nio-8080-exec-10] DEBUG c.s.d.m.C.selectLnbSubList - ==>  Preparing: SELECT CT_LNB_SUB_IDX AS ctLnbSubIdx, CT_LNB_ID AS ctLnbId, CT_LNB_SUB_ID AS ctLnbSubId, CT_LNB_SUB_NAME AS ctLnbSubName, CT_LNB_SUB_URL AS ctLnbSubUrl FROM CT_LNB_SUB WHERE CT_LNB_ID = ? ORDER BY CT_LNB_SUB_IDX
2025-01-13 16:06:44 [http-nio-8080-exec-10] DEBUG c.s.d.m.C.selectLnbSubList - ==> Parameters: CT_LNB_COMPANY(String)
2025-01-13 16:06:44 [http-nio-8080-exec-9] DEBUG c.s.d.m.C.selectLnbSubList - <==      Total: 2
2025-01-13 16:06:44 [http-nio-8080-exec-10] DEBUG c.s.d.m.C.selectLnbSubList - <==      Total: 1
2025-01-13 16:06:44 [http-nio-8080-exec-1] DEBUG c.s.d.m.C.selectLnbSubList - <==      Total: 4
2025-01-13 16:06:44 [http-nio-8080-exec-9] DEBUG org.mybatis.spring.SqlSessionUtils - Closing non transactional SqlSession [org.apache.ibatis.session.defaults.DefaultSqlSession@5f0ce622]
2025-01-13 16:06:44 [http-nio-8080-exec-10] DEBUG org.mybatis.spring.SqlSessionUtils - Closing non transactional SqlSession [org.apache.ibatis.session.defaults.DefaultSqlSession@3e99bbf8]
2025-01-13 16:06:44 [http-nio-8080-exec-1] DEBUG org.mybatis.spring.SqlSessionUtils - Closing non transactional SqlSession [org.apache.ibatis.session.defaults.DefaultSqlSession@75e6942d]
2025-01-13 16:06:44 [http-nio-8080-exec-8] DEBUG org.mybatis.spring.SqlSessionUtils - Creating a new SqlSession
2025-01-13 16:06:44 [http-nio-8080-exec-3] DEBUG org.mybatis.spring.SqlSessionUtils - Creating a new SqlSession
2025-01-13 16:06:44 [http-nio-8080-exec-5] DEBUG org.mybatis.spring.SqlSessionUtils - Creating a new SqlSession
2025-01-13 16:06:44 [http-nio-8080-exec-8] DEBUG org.mybatis.spring.SqlSessionUtils - SqlSession [org.apache.ibatis.session.defaults.DefaultSqlSession@c507afa] was not registered for synchronization because synchronization is not active
2025-01-13 16:06:44 [http-nio-8080-exec-3] DEBUG org.mybatis.spring.SqlSessionUtils - SqlSession [org.apache.ibatis.session.defaults.DefaultSqlSession@69d3c444] was not registered for synchronization because synchronization is not active
2025-01-13 16:06:44 [http-nio-8080-exec-5] DEBUG org.mybatis.spring.SqlSessionUtils - SqlSession [org.apache.ibatis.session.defaults.DefaultSqlSession@3d93b0c5] was not registered for synchronization because synchronization is not active
2025-01-13 16:06:44 [http-nio-8080-exec-8] DEBUG o.m.s.t.SpringManagedTransaction - JDBC Connection [HikariProxyConnection@201338519 wrapping com.mysql.cj.jdbc.ConnectionImpl@1b176bb] will not be managed by Spring
2025-01-13 16:06:44 [http-nio-8080-exec-5] DEBUG o.m.s.t.SpringManagedTransaction - JDBC Connection [HikariProxyConnection@1772425543 wrapping com.mysql.cj.jdbc.ConnectionImpl@202516a8] will not be managed by Spring
2025-01-13 16:06:44 [http-nio-8080-exec-3] DEBUG o.m.s.t.SpringManagedTransaction - JDBC Connection [HikariProxyConnection@807799051 wrapping com.mysql.cj.jdbc.ConnectionImpl@2f55317c] will not be managed by Spring
2025-01-13 16:06:44 [http-nio-8080-exec-8] DEBUG c.s.d.m.C.selectLnbSubList - ==>  Preparing: SELECT CT_LNB_SUB_IDX AS ctLnbSubIdx, CT_LNB_ID AS ctLnbId, CT_LNB_SUB_ID AS ctLnbSubId, CT_LNB_SUB_NAME AS ctLnbSubName, CT_LNB_SUB_URL AS ctLnbSubUrl FROM CT_LNB_SUB WHERE CT_LNB_ID = ? ORDER BY CT_LNB_SUB_IDX
2025-01-13 16:06:44 [http-nio-8080-exec-5] DEBUG c.s.d.m.C.selectLnbSubList - ==>  Preparing: SELECT CT_LNB_SUB_IDX AS ctLnbSubIdx, CT_LNB_ID AS ctLnbId, CT_LNB_SUB_ID AS ctLnbSubId, CT_LNB_SUB_NAME AS ctLnbSubName, CT_LNB_SUB_URL AS ctLnbSubUrl FROM CT_LNB_SUB WHERE CT_LNB_ID = ? ORDER BY CT_LNB_SUB_IDX
2025-01-13 16:06:44 [http-nio-8080-exec-3] DEBUG c.s.d.m.C.selectLnbSubList - ==>  Preparing: SELECT CT_LNB_SUB_IDX AS ctLnbSubIdx, CT_LNB_ID AS ctLnbId, CT_LNB_SUB_ID AS ctLnbSubId, CT_LNB_SUB_NAME AS ctLnbSubName, CT_LNB_SUB_URL AS ctLnbSubUrl FROM CT_LNB_SUB WHERE CT_LNB_ID = ? ORDER BY CT_LNB_SUB_IDX
2025-01-13 16:06:44 [http-nio-8080-exec-8] DEBUG c.s.d.m.C.selectLnbSubList - ==> Parameters: CT_LNB_COMPANY(String)
2025-01-13 16:06:44 [http-nio-8080-exec-3] DEBUG c.s.d.m.C.selectLnbSubList - ==> Parameters: CT_LNB_SERVICE(String)
2025-01-13 16:06:44 [http-nio-8080-exec-5] DEBUG c.s.d.m.C.selectLnbSubList - ==> Parameters: CT_LNB_CONTACT(String)
2025-01-13 16:06:44 [http-nio-8080-exec-8] DEBUG c.s.d.m.C.selectLnbSubList - <==      Total: 1
2025-01-13 16:06:44 [http-nio-8080-exec-5] DEBUG c.s.d.m.C.selectLnbSubList - <==      Total: 2
2025-01-13 16:06:44 [http-nio-8080-exec-3] DEBUG c.s.d.m.C.selectLnbSubList - <==      Total: 4
2025-01-13 16:06:44 [http-nio-8080-exec-8] DEBUG org.mybatis.spring.SqlSessionUtils - Closing non transactional SqlSession [org.apache.ibatis.session.defaults.DefaultSqlSession@c507afa]
2025-01-13 16:06:44 [http-nio-8080-exec-3] DEBUG org.mybatis.spring.SqlSessionUtils - Closing non transactional SqlSession [org.apache.ibatis.session.defaults.DefaultSqlSession@69d3c444]
2025-01-13 16:06:44 [http-nio-8080-exec-5] DEBUG org.mybatis.spring.SqlSessionUtils - Closing non transactional SqlSession [org.apache.ibatis.session.defaults.DefaultSqlSession@3d93b0c5]
2025-01-13 16:06:51 [http-nio-8080-exec-6] WARN  o.t.s.p.AbstractStandardFragmentInsertionTagProcessor - [THYMELEAF][http-nio-8080-exec-6][common/layout/layout] Deprecated unwrapped fragment expression "common/fragments/header::header" found in template common/layout/layout, line 33, col 10. Please use the complete syntax of fragment expressions instead ("~{common/fragments/header::header}"). The old, unwrapped syntax for fragment expressions will be removed in future versions of Thymeleaf.
2025-01-13 16:06:51 [http-nio-8080-exec-6] WARN  o.t.s.p.AbstractStandardFragmentInsertionTagProcessor - [THYMELEAF][http-nio-8080-exec-6][common/layout/layout] Deprecated unwrapped fragment expression "common/fragments/footer::footer" found in template common/layout/layout, line 37, col 10. Please use the complete syntax of fragment expressions instead ("~{common/fragments/footer::footer}"). The old, unwrapped syntax for fragment expressions will be removed in future versions of Thymeleaf.
2025-01-13 16:06:51 [http-nio-8080-exec-4] DEBUG org.mybatis.spring.SqlSessionUtils - Creating a new SqlSession
2025-01-13 16:06:51 [http-nio-8080-exec-4] DEBUG org.mybatis.spring.SqlSessionUtils - SqlSession [org.apache.ibatis.session.defaults.DefaultSqlSession@14fab8b8] was not registered for synchronization because synchronization is not active
2025-01-13 16:06:51 [http-nio-8080-exec-4] DEBUG o.m.s.t.SpringManagedTransaction - JDBC Connection [HikariProxyConnection@2109042585 wrapping com.mysql.cj.jdbc.ConnectionImpl@2f55317c] will not be managed by Spring
2025-01-13 16:06:51 [http-nio-8080-exec-4] DEBUG c.s.d.m.CommonMapper.selectLnbList - ==>  Preparing: SELECT CT_LNB_IDX AS ctLnbIdx, CT_LNB_ID AS ctLnbId, CT_LNB_NAME AS ctLnbName, CT_LNB_SUB_YN AS ctLnbSubYn, CT_LNB_URL AS ctLnbUrl, CT_LNB_USE_YN AS ctLnbUseYn FROM CT_LNB WHERE CT_LNB_USE_YN = 'Y' ORDER BY CT_LNB_IDX
2025-01-13 16:06:51 [http-nio-8080-exec-4] DEBUG c.s.d.m.CommonMapper.selectLnbList - ==> Parameters: 
2025-01-13 16:06:51 [http-nio-8080-exec-4] DEBUG c.s.d.m.CommonMapper.selectLnbList - <==      Total: 4
2025-01-13 16:06:51 [http-nio-8080-exec-4] DEBUG org.mybatis.spring.SqlSessionUtils - Closing non transactional SqlSession [org.apache.ibatis.session.defaults.DefaultSqlSession@14fab8b8]
2025-01-13 16:06:51 [http-nio-8080-exec-5] DEBUG org.mybatis.spring.SqlSessionUtils - Creating a new SqlSession
2025-01-13 16:06:51 [http-nio-8080-exec-5] DEBUG org.mybatis.spring.SqlSessionUtils - SqlSession [org.apache.ibatis.session.defaults.DefaultSqlSession@1beb3fb0] was not registered for synchronization because synchronization is not active
2025-01-13 16:06:51 [http-nio-8080-exec-5] DEBUG o.m.s.t.SpringManagedTransaction - JDBC Connection [HikariProxyConnection@1510292131 wrapping com.mysql.cj.jdbc.ConnectionImpl@202516a8] will not be managed by Spring
2025-01-13 16:06:51 [http-nio-8080-exec-5] DEBUG c.s.d.m.CommonMapper.selectLnbList - ==>  Preparing: SELECT CT_LNB_IDX AS ctLnbIdx, CT_LNB_ID AS ctLnbId, CT_LNB_NAME AS ctLnbName, CT_LNB_SUB_YN AS ctLnbSubYn, CT_LNB_URL AS ctLnbUrl, CT_LNB_USE_YN AS ctLnbUseYn FROM CT_LNB WHERE CT_LNB_USE_YN = 'Y' ORDER BY CT_LNB_IDX
2025-01-13 16:06:51 [http-nio-8080-exec-5] DEBUG c.s.d.m.CommonMapper.selectLnbList - ==> Parameters: 
2025-01-13 16:06:51 [http-nio-8080-exec-5] DEBUG c.s.d.m.CommonMapper.selectLnbList - <==      Total: 4
2025-01-13 16:06:51 [http-nio-8080-exec-5] DEBUG org.mybatis.spring.SqlSessionUtils - Closing non transactional SqlSession [org.apache.ibatis.session.defaults.DefaultSqlSession@1beb3fb0]
2025-01-13 16:06:51 [http-nio-8080-exec-9] DEBUG org.mybatis.spring.SqlSessionUtils - Creating a new SqlSession
2025-01-13 16:06:51 [http-nio-8080-exec-9] DEBUG org.mybatis.spring.SqlSessionUtils - SqlSession [org.apache.ibatis.session.defaults.DefaultSqlSession@33d559c4] was not registered for synchronization because synchronization is not active
2025-01-13 16:06:51 [http-nio-8080-exec-6] DEBUG org.mybatis.spring.SqlSessionUtils - Creating a new SqlSession
2025-01-13 16:06:51 [http-nio-8080-exec-1] DEBUG org.mybatis.spring.SqlSessionUtils - Creating a new SqlSession
2025-01-13 16:06:51 [http-nio-8080-exec-6] DEBUG org.mybatis.spring.SqlSessionUtils - SqlSession [org.apache.ibatis.session.defaults.DefaultSqlSession@158fb6b8] was not registered for synchronization because synchronization is not active
2025-01-13 16:06:51 [http-nio-8080-exec-1] DEBUG org.mybatis.spring.SqlSessionUtils - SqlSession [org.apache.ibatis.session.defaults.DefaultSqlSession@38adb8c] was not registered for synchronization because synchronization is not active
2025-01-13 16:06:51 [http-nio-8080-exec-1] DEBUG o.m.s.t.SpringManagedTransaction - JDBC Connection [HikariProxyConnection@764004743 wrapping com.mysql.cj.jdbc.ConnectionImpl@202516a8] will not be managed by Spring
2025-01-13 16:06:51 [http-nio-8080-exec-9] DEBUG o.m.s.t.SpringManagedTransaction - JDBC Connection [HikariProxyConnection@1793425970 wrapping com.mysql.cj.jdbc.ConnectionImpl@2f55317c] will not be managed by Spring
2025-01-13 16:06:51 [http-nio-8080-exec-9] DEBUG c.s.d.m.C.selectLnbSubList - ==>  Preparing: SELECT CT_LNB_SUB_IDX AS ctLnbSubIdx, CT_LNB_ID AS ctLnbId, CT_LNB_SUB_ID AS ctLnbSubId, CT_LNB_SUB_NAME AS ctLnbSubName, CT_LNB_SUB_URL AS ctLnbSubUrl FROM CT_LNB_SUB WHERE CT_LNB_ID = ? ORDER BY CT_LNB_SUB_IDX
2025-01-13 16:06:51 [http-nio-8080-exec-1] DEBUG c.s.d.m.C.selectLnbSubList - ==>  Preparing: SELECT CT_LNB_SUB_IDX AS ctLnbSubIdx, CT_LNB_ID AS ctLnbId, CT_LNB_SUB_ID AS ctLnbSubId, CT_LNB_SUB_NAME AS ctLnbSubName, CT_LNB_SUB_URL AS ctLnbSubUrl FROM CT_LNB_SUB WHERE CT_LNB_ID = ? ORDER BY CT_LNB_SUB_IDX
2025-01-13 16:06:51 [http-nio-8080-exec-9] DEBUG c.s.d.m.C.selectLnbSubList - ==> Parameters: CT_LNB_COMPANY(String)
2025-01-13 16:06:51 [http-nio-8080-exec-1] DEBUG c.s.d.m.C.selectLnbSubList - ==> Parameters: CT_LNB_SERVICE(String)
2025-01-13 16:06:51 [http-nio-8080-exec-6] DEBUG o.m.s.t.SpringManagedTransaction - JDBC Connection [HikariProxyConnection@530225981 wrapping com.mysql.cj.jdbc.ConnectionImpl@1b176bb] will not be managed by Spring
2025-01-13 16:06:51 [http-nio-8080-exec-6] DEBUG c.s.d.m.C.selectLnbSubList - ==>  Preparing: SELECT CT_LNB_SUB_IDX AS ctLnbSubIdx, CT_LNB_ID AS ctLnbId, CT_LNB_SUB_ID AS ctLnbSubId, CT_LNB_SUB_NAME AS ctLnbSubName, CT_LNB_SUB_URL AS ctLnbSubUrl FROM CT_LNB_SUB WHERE CT_LNB_ID = ? ORDER BY CT_LNB_SUB_IDX
2025-01-13 16:06:51 [http-nio-8080-exec-6] DEBUG c.s.d.m.C.selectLnbSubList - ==> Parameters: CT_LNB_CONTACT(String)
2025-01-13 16:06:51 [http-nio-8080-exec-6] DEBUG c.s.d.m.C.selectLnbSubList - <==      Total: 2
2025-01-13 16:06:51 [http-nio-8080-exec-1] DEBUG c.s.d.m.C.selectLnbSubList - <==      Total: 4
2025-01-13 16:06:51 [http-nio-8080-exec-9] DEBUG c.s.d.m.C.selectLnbSubList - <==      Total: 1
2025-01-13 16:06:51 [http-nio-8080-exec-6] DEBUG org.mybatis.spring.SqlSessionUtils - Closing non transactional SqlSession [org.apache.ibatis.session.defaults.DefaultSqlSession@158fb6b8]
2025-01-13 16:06:51 [http-nio-8080-exec-1] DEBUG org.mybatis.spring.SqlSessionUtils - Closing non transactional SqlSession [org.apache.ibatis.session.defaults.DefaultSqlSession@38adb8c]
2025-01-13 16:06:51 [http-nio-8080-exec-9] DEBUG org.mybatis.spring.SqlSessionUtils - Closing non transactional SqlSession [org.apache.ibatis.session.defaults.DefaultSqlSession@33d559c4]
2025-01-13 16:06:51 [http-nio-8080-exec-2] DEBUG org.mybatis.spring.SqlSessionUtils - Creating a new SqlSession
2025-01-13 16:06:51 [http-nio-8080-exec-4] DEBUG org.mybatis.spring.SqlSessionUtils - Creating a new SqlSession
2025-01-13 16:06:51 [http-nio-8080-exec-7] DEBUG org.mybatis.spring.SqlSessionUtils - Creating a new SqlSession
2025-01-13 16:06:51 [http-nio-8080-exec-2] DEBUG org.mybatis.spring.SqlSessionUtils - SqlSession [org.apache.ibatis.session.defaults.DefaultSqlSession@5b0fb7c7] was not registered for synchronization because synchronization is not active
2025-01-13 16:06:51 [http-nio-8080-exec-4] DEBUG org.mybatis.spring.SqlSessionUtils - SqlSession [org.apache.ibatis.session.defaults.DefaultSqlSession@332fa286] was not registered for synchronization because synchronization is not active
2025-01-13 16:06:51 [http-nio-8080-exec-7] DEBUG org.mybatis.spring.SqlSessionUtils - SqlSession [org.apache.ibatis.session.defaults.DefaultSqlSession@4109a452] was not registered for synchronization because synchronization is not active
2025-01-13 16:06:51 [http-nio-8080-exec-7] DEBUG o.m.s.t.SpringManagedTransaction - JDBC Connection [HikariProxyConnection@2050248773 wrapping com.mysql.cj.jdbc.ConnectionImpl@1b176bb] will not be managed by Spring
2025-01-13 16:06:51 [http-nio-8080-exec-4] DEBUG o.m.s.t.SpringManagedTransaction - JDBC Connection [HikariProxyConnection@1926357795 wrapping com.mysql.cj.jdbc.ConnectionImpl@2f55317c] will not be managed by Spring
2025-01-13 16:06:51 [http-nio-8080-exec-2] DEBUG o.m.s.t.SpringManagedTransaction - JDBC Connection [HikariProxyConnection@1711195973 wrapping com.mysql.cj.jdbc.ConnectionImpl@202516a8] will not be managed by Spring
2025-01-13 16:06:51 [http-nio-8080-exec-7] DEBUG c.s.d.m.C.selectLnbSubList - ==>  Preparing: SELECT CT_LNB_SUB_IDX AS ctLnbSubIdx, CT_LNB_ID AS ctLnbId, CT_LNB_SUB_ID AS ctLnbSubId, CT_LNB_SUB_NAME AS ctLnbSubName, CT_LNB_SUB_URL AS ctLnbSubUrl FROM CT_LNB_SUB WHERE CT_LNB_ID = ? ORDER BY CT_LNB_SUB_IDX
2025-01-13 16:06:51 [http-nio-8080-exec-4] DEBUG c.s.d.m.C.selectLnbSubList - ==>  Preparing: SELECT CT_LNB_SUB_IDX AS ctLnbSubIdx, CT_LNB_ID AS ctLnbId, CT_LNB_SUB_ID AS ctLnbSubId, CT_LNB_SUB_NAME AS ctLnbSubName, CT_LNB_SUB_URL AS ctLnbSubUrl FROM CT_LNB_SUB WHERE CT_LNB_ID = ? ORDER BY CT_LNB_SUB_IDX
2025-01-13 16:06:51 [http-nio-8080-exec-2] DEBUG c.s.d.m.C.selectLnbSubList - ==>  Preparing: SELECT CT_LNB_SUB_IDX AS ctLnbSubIdx, CT_LNB_ID AS ctLnbId, CT_LNB_SUB_ID AS ctLnbSubId, CT_LNB_SUB_NAME AS ctLnbSubName, CT_LNB_SUB_URL AS ctLnbSubUrl FROM CT_LNB_SUB WHERE CT_LNB_ID = ? ORDER BY CT_LNB_SUB_IDX
2025-01-13 16:06:51 [http-nio-8080-exec-7] DEBUG c.s.d.m.C.selectLnbSubList - ==> Parameters: CT_LNB_CONTACT(String)
2025-01-13 16:06:51 [http-nio-8080-exec-2] DEBUG c.s.d.m.C.selectLnbSubList - ==> Parameters: CT_LNB_SERVICE(String)
2025-01-13 16:06:51 [http-nio-8080-exec-4] DEBUG c.s.d.m.C.selectLnbSubList - ==> Parameters: CT_LNB_COMPANY(String)
2025-01-13 16:06:51 [http-nio-8080-exec-7] DEBUG c.s.d.m.C.selectLnbSubList - <==      Total: 2
2025-01-13 16:06:51 [http-nio-8080-exec-4] DEBUG c.s.d.m.C.selectLnbSubList - <==      Total: 1
2025-01-13 16:06:51 [http-nio-8080-exec-2] DEBUG c.s.d.m.C.selectLnbSubList - <==      Total: 4
2025-01-13 16:06:51 [http-nio-8080-exec-2] DEBUG org.mybatis.spring.SqlSessionUtils - Closing non transactional SqlSession [org.apache.ibatis.session.defaults.DefaultSqlSession@5b0fb7c7]
2025-01-13 16:06:51 [http-nio-8080-exec-7] DEBUG org.mybatis.spring.SqlSessionUtils - Closing non transactional SqlSession [org.apache.ibatis.session.defaults.DefaultSqlSession@4109a452]
2025-01-13 16:06:51 [http-nio-8080-exec-4] DEBUG org.mybatis.spring.SqlSessionUtils - Closing non transactional SqlSession [org.apache.ibatis.session.defaults.DefaultSqlSession@332fa286]
2025-01-13 16:07:10 [http-nio-8080-exec-8] WARN  o.t.s.p.AbstractStandardFragmentInsertionTagProcessor - [THYMELEAF][http-nio-8080-exec-8][common/layout/layout] Deprecated unwrapped fragment expression "common/fragments/header::header" found in template common/layout/layout, line 33, col 10. Please use the complete syntax of fragment expressions instead ("~{common/fragments/header::header}"). The old, unwrapped syntax for fragment expressions will be removed in future versions of Thymeleaf.
2025-01-13 16:07:10 [http-nio-8080-exec-8] WARN  o.t.s.p.AbstractStandardFragmentInsertionTagProcessor - [THYMELEAF][http-nio-8080-exec-8][common/layout/layout] Deprecated unwrapped fragment expression "common/fragments/footer::footer" found in template common/layout/layout, line 37, col 10. Please use the complete syntax of fragment expressions instead ("~{common/fragments/footer::footer}"). The old, unwrapped syntax for fragment expressions will be removed in future versions of Thymeleaf.
2025-01-13 16:07:10 [http-nio-8080-exec-6] DEBUG org.mybatis.spring.SqlSessionUtils - Creating a new SqlSession
2025-01-13 16:07:10 [http-nio-8080-exec-6] DEBUG org.mybatis.spring.SqlSessionUtils - SqlSession [org.apache.ibatis.session.defaults.DefaultSqlSession@3b2cb808] was not registered for synchronization because synchronization is not active
2025-01-13 16:07:10 [http-nio-8080-exec-6] DEBUG o.m.s.t.SpringManagedTransaction - JDBC Connection [HikariProxyConnection@1881444131 wrapping com.mysql.cj.jdbc.ConnectionImpl@1b176bb] will not be managed by Spring
2025-01-13 16:07:10 [http-nio-8080-exec-6] DEBUG c.s.d.m.CommonMapper.selectLnbList - ==>  Preparing: SELECT CT_LNB_IDX AS ctLnbIdx, CT_LNB_ID AS ctLnbId, CT_LNB_NAME AS ctLnbName, CT_LNB_SUB_YN AS ctLnbSubYn, CT_LNB_URL AS ctLnbUrl, CT_LNB_USE_YN AS ctLnbUseYn FROM CT_LNB WHERE CT_LNB_USE_YN = 'Y' ORDER BY CT_LNB_IDX
2025-01-13 16:07:10 [http-nio-8080-exec-6] DEBUG c.s.d.m.CommonMapper.selectLnbList - ==> Parameters: 
2025-01-13 16:07:10 [http-nio-8080-exec-6] DEBUG c.s.d.m.CommonMapper.selectLnbList - <==      Total: 4
2025-01-13 16:07:10 [http-nio-8080-exec-6] DEBUG org.mybatis.spring.SqlSessionUtils - Closing non transactional SqlSession [org.apache.ibatis.session.defaults.DefaultSqlSession@3b2cb808]
2025-01-13 16:07:10 [http-nio-8080-exec-2] DEBUG org.mybatis.spring.SqlSessionUtils - Creating a new SqlSession
2025-01-13 16:07:10 [http-nio-8080-exec-2] DEBUG org.mybatis.spring.SqlSessionUtils - SqlSession [org.apache.ibatis.session.defaults.DefaultSqlSession@39d2c616] was not registered for synchronization because synchronization is not active
2025-01-13 16:07:10 [http-nio-8080-exec-2] DEBUG o.m.s.t.SpringManagedTransaction - JDBC Connection [HikariProxyConnection@705030790 wrapping com.mysql.cj.jdbc.ConnectionImpl@202516a8] will not be managed by Spring
2025-01-13 16:07:10 [http-nio-8080-exec-2] DEBUG c.s.d.m.CommonMapper.selectLnbList - ==>  Preparing: SELECT CT_LNB_IDX AS ctLnbIdx, CT_LNB_ID AS ctLnbId, CT_LNB_NAME AS ctLnbName, CT_LNB_SUB_YN AS ctLnbSubYn, CT_LNB_URL AS ctLnbUrl, CT_LNB_USE_YN AS ctLnbUseYn FROM CT_LNB WHERE CT_LNB_USE_YN = 'Y' ORDER BY CT_LNB_IDX
2025-01-13 16:07:10 [http-nio-8080-exec-2] DEBUG c.s.d.m.CommonMapper.selectLnbList - ==> Parameters: 
2025-01-13 16:07:10 [http-nio-8080-exec-2] DEBUG c.s.d.m.CommonMapper.selectLnbList - <==      Total: 4
2025-01-13 16:07:10 [http-nio-8080-exec-2] DEBUG org.mybatis.spring.SqlSessionUtils - Closing non transactional SqlSession [org.apache.ibatis.session.defaults.DefaultSqlSession@39d2c616]
2025-01-13 16:07:10 [http-nio-8080-exec-9] DEBUG org.mybatis.spring.SqlSessionUtils - Creating a new SqlSession
2025-01-13 16:07:10 [http-nio-8080-exec-7] DEBUG org.mybatis.spring.SqlSessionUtils - Creating a new SqlSession
2025-01-13 16:07:10 [http-nio-8080-exec-10] DEBUG org.mybatis.spring.SqlSessionUtils - Creating a new SqlSession
2025-01-13 16:07:10 [http-nio-8080-exec-9] DEBUG org.mybatis.spring.SqlSessionUtils - SqlSession [org.apache.ibatis.session.defaults.DefaultSqlSession@2345ef4f] was not registered for synchronization because synchronization is not active
2025-01-13 16:07:10 [http-nio-8080-exec-7] DEBUG org.mybatis.spring.SqlSessionUtils - SqlSession [org.apache.ibatis.session.defaults.DefaultSqlSession@2b6f075f] was not registered for synchronization because synchronization is not active
2025-01-13 16:07:10 [http-nio-8080-exec-10] DEBUG org.mybatis.spring.SqlSessionUtils - SqlSession [org.apache.ibatis.session.defaults.DefaultSqlSession@c905863] was not registered for synchronization because synchronization is not active
2025-01-13 16:07:10 [http-nio-8080-exec-10] DEBUG o.m.s.t.SpringManagedTransaction - JDBC Connection [HikariProxyConnection@1452608955 wrapping com.mysql.cj.jdbc.ConnectionImpl@202516a8] will not be managed by Spring
2025-01-13 16:07:10 [http-nio-8080-exec-7] DEBUG o.m.s.t.SpringManagedTransaction - JDBC Connection [HikariProxyConnection@1937890319 wrapping com.mysql.cj.jdbc.ConnectionImpl@1b176bb] will not be managed by Spring
2025-01-13 16:07:10 [http-nio-8080-exec-7] DEBUG c.s.d.m.C.selectLnbSubList - ==>  Preparing: SELECT CT_LNB_SUB_IDX AS ctLnbSubIdx, CT_LNB_ID AS ctLnbId, CT_LNB_SUB_ID AS ctLnbSubId, CT_LNB_SUB_NAME AS ctLnbSubName, CT_LNB_SUB_URL AS ctLnbSubUrl FROM CT_LNB_SUB WHERE CT_LNB_ID = ? ORDER BY CT_LNB_SUB_IDX
2025-01-13 16:07:10 [http-nio-8080-exec-10] DEBUG c.s.d.m.C.selectLnbSubList - ==>  Preparing: SELECT CT_LNB_SUB_IDX AS ctLnbSubIdx, CT_LNB_ID AS ctLnbId, CT_LNB_SUB_ID AS ctLnbSubId, CT_LNB_SUB_NAME AS ctLnbSubName, CT_LNB_SUB_URL AS ctLnbSubUrl FROM CT_LNB_SUB WHERE CT_LNB_ID = ? ORDER BY CT_LNB_SUB_IDX
2025-01-13 16:07:10 [http-nio-8080-exec-10] DEBUG c.s.d.m.C.selectLnbSubList - ==> Parameters: CT_LNB_CONTACT(String)
2025-01-13 16:07:10 [http-nio-8080-exec-7] DEBUG c.s.d.m.C.selectLnbSubList - ==> Parameters: CT_LNB_COMPANY(String)
2025-01-13 16:07:10 [http-nio-8080-exec-9] DEBUG o.m.s.t.SpringManagedTransaction - JDBC Connection [HikariProxyConnection@226495683 wrapping com.mysql.cj.jdbc.ConnectionImpl@2f55317c] will not be managed by Spring
2025-01-13 16:07:10 [http-nio-8080-exec-9] DEBUG c.s.d.m.C.selectLnbSubList - ==>  Preparing: SELECT CT_LNB_SUB_IDX AS ctLnbSubIdx, CT_LNB_ID AS ctLnbId, CT_LNB_SUB_ID AS ctLnbSubId, CT_LNB_SUB_NAME AS ctLnbSubName, CT_LNB_SUB_URL AS ctLnbSubUrl FROM CT_LNB_SUB WHERE CT_LNB_ID = ? ORDER BY CT_LNB_SUB_IDX
2025-01-13 16:07:10 [http-nio-8080-exec-9] DEBUG c.s.d.m.C.selectLnbSubList - ==> Parameters: CT_LNB_SERVICE(String)
2025-01-13 16:07:10 [http-nio-8080-exec-10] DEBUG c.s.d.m.C.selectLnbSubList - <==      Total: 2
2025-01-13 16:07:10 [http-nio-8080-exec-9] DEBUG c.s.d.m.C.selectLnbSubList - <==      Total: 4
2025-01-13 16:07:10 [http-nio-8080-exec-7] DEBUG c.s.d.m.C.selectLnbSubList - <==      Total: 1
2025-01-13 16:07:10 [http-nio-8080-exec-7] DEBUG org.mybatis.spring.SqlSessionUtils - Closing non transactional SqlSession [org.apache.ibatis.session.defaults.DefaultSqlSession@2b6f075f]
2025-01-13 16:07:10 [http-nio-8080-exec-10] DEBUG org.mybatis.spring.SqlSessionUtils - Closing non transactional SqlSession [org.apache.ibatis.session.defaults.DefaultSqlSession@c905863]
2025-01-13 16:07:10 [http-nio-8080-exec-9] DEBUG org.mybatis.spring.SqlSessionUtils - Closing non transactional SqlSession [org.apache.ibatis.session.defaults.DefaultSqlSession@2345ef4f]
2025-01-13 16:07:10 [http-nio-8080-exec-6] DEBUG org.mybatis.spring.SqlSessionUtils - Creating a new SqlSession
2025-01-13 16:07:10 [http-nio-8080-exec-5] DEBUG org.mybatis.spring.SqlSessionUtils - Creating a new SqlSession
2025-01-13 16:07:10 [http-nio-8080-exec-8] DEBUG org.mybatis.spring.SqlSessionUtils - Creating a new SqlSession
2025-01-13 16:07:10 [http-nio-8080-exec-6] DEBUG org.mybatis.spring.SqlSessionUtils - SqlSession [org.apache.ibatis.session.defaults.DefaultSqlSession@78808779] was not registered for synchronization because synchronization is not active
2025-01-13 16:07:10 [http-nio-8080-exec-5] DEBUG org.mybatis.spring.SqlSessionUtils - SqlSession [org.apache.ibatis.session.defaults.DefaultSqlSession@5e6798e3] was not registered for synchronization because synchronization is not active
2025-01-13 16:07:10 [http-nio-8080-exec-8] DEBUG org.mybatis.spring.SqlSessionUtils - SqlSession [org.apache.ibatis.session.defaults.DefaultSqlSession@11f3ca9a] was not registered for synchronization because synchronization is not active
2025-01-13 16:07:10 [http-nio-8080-exec-6] DEBUG o.m.s.t.SpringManagedTransaction - JDBC Connection [HikariProxyConnection@640847001 wrapping com.mysql.cj.jdbc.ConnectionImpl@1b176bb] will not be managed by Spring
2025-01-13 16:07:10 [http-nio-8080-exec-8] DEBUG o.m.s.t.SpringManagedTransaction - JDBC Connection [HikariProxyConnection@1918913775 wrapping com.mysql.cj.jdbc.ConnectionImpl@2f55317c] will not be managed by Spring
2025-01-13 16:07:10 [http-nio-8080-exec-5] DEBUG o.m.s.t.SpringManagedTransaction - JDBC Connection [HikariProxyConnection@441174798 wrapping com.mysql.cj.jdbc.ConnectionImpl@202516a8] will not be managed by Spring
2025-01-13 16:07:10 [http-nio-8080-exec-8] DEBUG c.s.d.m.C.selectLnbSubList - ==>  Preparing: SELECT CT_LNB_SUB_IDX AS ctLnbSubIdx, CT_LNB_ID AS ctLnbId, CT_LNB_SUB_ID AS ctLnbSubId, CT_LNB_SUB_NAME AS ctLnbSubName, CT_LNB_SUB_URL AS ctLnbSubUrl FROM CT_LNB_SUB WHERE CT_LNB_ID = ? ORDER BY CT_LNB_SUB_IDX
2025-01-13 16:07:10 [http-nio-8080-exec-6] DEBUG c.s.d.m.C.selectLnbSubList - ==>  Preparing: SELECT CT_LNB_SUB_IDX AS ctLnbSubIdx, CT_LNB_ID AS ctLnbId, CT_LNB_SUB_ID AS ctLnbSubId, CT_LNB_SUB_NAME AS ctLnbSubName, CT_LNB_SUB_URL AS ctLnbSubUrl FROM CT_LNB_SUB WHERE CT_LNB_ID = ? ORDER BY CT_LNB_SUB_IDX
2025-01-13 16:07:10 [http-nio-8080-exec-5] DEBUG c.s.d.m.C.selectLnbSubList - ==>  Preparing: SELECT CT_LNB_SUB_IDX AS ctLnbSubIdx, CT_LNB_ID AS ctLnbId, CT_LNB_SUB_ID AS ctLnbSubId, CT_LNB_SUB_NAME AS ctLnbSubName, CT_LNB_SUB_URL AS ctLnbSubUrl FROM CT_LNB_SUB WHERE CT_LNB_ID = ? ORDER BY CT_LNB_SUB_IDX
2025-01-13 16:07:10 [http-nio-8080-exec-5] DEBUG c.s.d.m.C.selectLnbSubList - ==> Parameters: CT_LNB_COMPANY(String)
2025-01-13 16:07:10 [http-nio-8080-exec-6] DEBUG c.s.d.m.C.selectLnbSubList - ==> Parameters: CT_LNB_CONTACT(String)
2025-01-13 16:07:10 [http-nio-8080-exec-8] DEBUG c.s.d.m.C.selectLnbSubList - ==> Parameters: CT_LNB_SERVICE(String)
2025-01-13 16:07:10 [http-nio-8080-exec-6] DEBUG c.s.d.m.C.selectLnbSubList - <==      Total: 2
2025-01-13 16:07:10 [http-nio-8080-exec-5] DEBUG c.s.d.m.C.selectLnbSubList - <==      Total: 1
2025-01-13 16:07:10 [http-nio-8080-exec-8] DEBUG c.s.d.m.C.selectLnbSubList - <==      Total: 4
2025-01-13 16:07:10 [http-nio-8080-exec-5] DEBUG org.mybatis.spring.SqlSessionUtils - Closing non transactional SqlSession [org.apache.ibatis.session.defaults.DefaultSqlSession@5e6798e3]
2025-01-13 16:07:10 [http-nio-8080-exec-8] DEBUG org.mybatis.spring.SqlSessionUtils - Closing non transactional SqlSession [org.apache.ibatis.session.defaults.DefaultSqlSession@11f3ca9a]
2025-01-13 16:07:10 [http-nio-8080-exec-6] DEBUG org.mybatis.spring.SqlSessionUtils - Closing non transactional SqlSession [org.apache.ibatis.session.defaults.DefaultSqlSession@78808779]
2025-01-13 16:07:28 [http-nio-8080-exec-1] WARN  o.t.s.p.AbstractStandardFragmentInsertionTagProcessor - [THYMELEAF][http-nio-8080-exec-1][common/layout/layout] Deprecated unwrapped fragment expression "common/fragments/header::header" found in template common/layout/layout, line 33, col 10. Please use the complete syntax of fragment expressions instead ("~{common/fragments/header::header}"). The old, unwrapped syntax for fragment expressions will be removed in future versions of Thymeleaf.
2025-01-13 16:07:28 [http-nio-8080-exec-1] WARN  o.t.s.p.AbstractStandardFragmentInsertionTagProcessor - [THYMELEAF][http-nio-8080-exec-1][common/layout/layout] Deprecated unwrapped fragment expression "common/fragments/footer::footer" found in template common/layout/layout, line 37, col 10. Please use the complete syntax of fragment expressions instead ("~{common/fragments/footer::footer}"). The old, unwrapped syntax for fragment expressions will be removed in future versions of Thymeleaf.
2025-01-13 16:07:28 [http-nio-8080-exec-9] DEBUG org.mybatis.spring.SqlSessionUtils - Creating a new SqlSession
2025-01-13 16:07:28 [http-nio-8080-exec-9] DEBUG org.mybatis.spring.SqlSessionUtils - SqlSession [org.apache.ibatis.session.defaults.DefaultSqlSession@b5230dd] was not registered for synchronization because synchronization is not active
2025-01-13 16:07:28 [http-nio-8080-exec-9] DEBUG o.m.s.t.SpringManagedTransaction - JDBC Connection [HikariProxyConnection@104448864 wrapping com.mysql.cj.jdbc.ConnectionImpl@2f55317c] will not be managed by Spring
2025-01-13 16:07:28 [http-nio-8080-exec-9] DEBUG c.s.d.m.CommonMapper.selectLnbList - ==>  Preparing: SELECT CT_LNB_IDX AS ctLnbIdx, CT_LNB_ID AS ctLnbId, CT_LNB_NAME AS ctLnbName, CT_LNB_SUB_YN AS ctLnbSubYn, CT_LNB_URL AS ctLnbUrl, CT_LNB_USE_YN AS ctLnbUseYn FROM CT_LNB WHERE CT_LNB_USE_YN = 'Y' ORDER BY CT_LNB_IDX
2025-01-13 16:07:28 [http-nio-8080-exec-9] DEBUG c.s.d.m.CommonMapper.selectLnbList - ==> Parameters: 
2025-01-13 16:07:28 [http-nio-8080-exec-9] DEBUG c.s.d.m.CommonMapper.selectLnbList - <==      Total: 4
2025-01-13 16:07:28 [http-nio-8080-exec-9] DEBUG org.mybatis.spring.SqlSessionUtils - Closing non transactional SqlSession [org.apache.ibatis.session.defaults.DefaultSqlSession@b5230dd]
2025-01-13 16:07:28 [http-nio-8080-exec-8] DEBUG org.mybatis.spring.SqlSessionUtils - Creating a new SqlSession
2025-01-13 16:07:28 [http-nio-8080-exec-8] DEBUG org.mybatis.spring.SqlSessionUtils - SqlSession [org.apache.ibatis.session.defaults.DefaultSqlSession@61cfe672] was not registered for synchronization because synchronization is not active
2025-01-13 16:07:28 [http-nio-8080-exec-8] DEBUG o.m.s.t.SpringManagedTransaction - JDBC Connection [HikariProxyConnection@297326992 wrapping com.mysql.cj.jdbc.ConnectionImpl@2f55317c] will not be managed by Spring
2025-01-13 16:07:28 [http-nio-8080-exec-8] DEBUG c.s.d.m.CommonMapper.selectLnbList - ==>  Preparing: SELECT CT_LNB_IDX AS ctLnbIdx, CT_LNB_ID AS ctLnbId, CT_LNB_NAME AS ctLnbName, CT_LNB_SUB_YN AS ctLnbSubYn, CT_LNB_URL AS ctLnbUrl, CT_LNB_USE_YN AS ctLnbUseYn FROM CT_LNB WHERE CT_LNB_USE_YN = 'Y' ORDER BY CT_LNB_IDX
2025-01-13 16:07:28 [http-nio-8080-exec-8] DEBUG c.s.d.m.CommonMapper.selectLnbList - ==> Parameters: 
2025-01-13 16:07:28 [http-nio-8080-exec-8] DEBUG c.s.d.m.CommonMapper.selectLnbList - <==      Total: 4
2025-01-13 16:07:28 [http-nio-8080-exec-8] DEBUG org.mybatis.spring.SqlSessionUtils - Closing non transactional SqlSession [org.apache.ibatis.session.defaults.DefaultSqlSession@61cfe672]
2025-01-13 16:07:28 [http-nio-8080-exec-10] DEBUG org.mybatis.spring.SqlSessionUtils - Creating a new SqlSession
2025-01-13 16:07:28 [http-nio-8080-exec-7] DEBUG org.mybatis.spring.SqlSessionUtils - Creating a new SqlSession
2025-01-13 16:07:28 [http-nio-8080-exec-3] DEBUG org.mybatis.spring.SqlSessionUtils - Creating a new SqlSession
2025-01-13 16:07:28 [http-nio-8080-exec-10] DEBUG org.mybatis.spring.SqlSessionUtils - SqlSession [org.apache.ibatis.session.defaults.DefaultSqlSession@35a3a5ed] was not registered for synchronization because synchronization is not active
2025-01-13 16:07:28 [http-nio-8080-exec-3] DEBUG org.mybatis.spring.SqlSessionUtils - SqlSession [org.apache.ibatis.session.defaults.DefaultSqlSession@65677f32] was not registered for synchronization because synchronization is not active
2025-01-13 16:07:28 [http-nio-8080-exec-7] DEBUG org.mybatis.spring.SqlSessionUtils - SqlSession [org.apache.ibatis.session.defaults.DefaultSqlSession@7aac280] was not registered for synchronization because synchronization is not active
2025-01-13 16:07:28 [http-nio-8080-exec-3] DEBUG o.m.s.t.SpringManagedTransaction - JDBC Connection [HikariProxyConnection@1940673967 wrapping com.mysql.cj.jdbc.ConnectionImpl@2f55317c] will not be managed by Spring
2025-01-13 16:07:28 [http-nio-8080-exec-3] DEBUG c.s.d.m.C.selectLnbSubList - ==>  Preparing: SELECT CT_LNB_SUB_IDX AS ctLnbSubIdx, CT_LNB_ID AS ctLnbId, CT_LNB_SUB_ID AS ctLnbSubId, CT_LNB_SUB_NAME AS ctLnbSubName, CT_LNB_SUB_URL AS ctLnbSubUrl FROM CT_LNB_SUB WHERE CT_LNB_ID = ? ORDER BY CT_LNB_SUB_IDX
2025-01-13 16:07:28 [http-nio-8080-exec-3] DEBUG c.s.d.m.C.selectLnbSubList - ==> Parameters: CT_LNB_CONTACT(String)
2025-01-13 16:07:28 [http-nio-8080-exec-7] DEBUG o.m.s.t.SpringManagedTransaction - JDBC Connection [HikariProxyConnection@28742737 wrapping com.mysql.cj.jdbc.ConnectionImpl@1b176bb] will not be managed by Spring
2025-01-13 16:07:28 [http-nio-8080-exec-7] DEBUG c.s.d.m.C.selectLnbSubList - ==>  Preparing: SELECT CT_LNB_SUB_IDX AS ctLnbSubIdx, CT_LNB_ID AS ctLnbId, CT_LNB_SUB_ID AS ctLnbSubId, CT_LNB_SUB_NAME AS ctLnbSubName, CT_LNB_SUB_URL AS ctLnbSubUrl FROM CT_LNB_SUB WHERE CT_LNB_ID = ? ORDER BY CT_LNB_SUB_IDX
2025-01-13 16:07:28 [http-nio-8080-exec-7] DEBUG c.s.d.m.C.selectLnbSubList - ==> Parameters: CT_LNB_SERVICE(String)
2025-01-13 16:07:28 [http-nio-8080-exec-10] DEBUG o.m.s.t.SpringManagedTransaction - JDBC Connection [HikariProxyConnection@229300115 wrapping com.mysql.cj.jdbc.ConnectionImpl@202516a8] will not be managed by Spring
2025-01-13 16:07:28 [http-nio-8080-exec-10] DEBUG c.s.d.m.C.selectLnbSubList - ==>  Preparing: SELECT CT_LNB_SUB_IDX AS ctLnbSubIdx, CT_LNB_ID AS ctLnbId, CT_LNB_SUB_ID AS ctLnbSubId, CT_LNB_SUB_NAME AS ctLnbSubName, CT_LNB_SUB_URL AS ctLnbSubUrl FROM CT_LNB_SUB WHERE CT_LNB_ID = ? ORDER BY CT_LNB_SUB_IDX
2025-01-13 16:07:28 [http-nio-8080-exec-10] DEBUG c.s.d.m.C.selectLnbSubList - ==> Parameters: CT_LNB_COMPANY(String)
2025-01-13 16:07:28 [http-nio-8080-exec-7] DEBUG c.s.d.m.C.selectLnbSubList - <==      Total: 4
2025-01-13 16:07:28 [http-nio-8080-exec-3] DEBUG c.s.d.m.C.selectLnbSubList - <==      Total: 2
2025-01-13 16:07:28 [http-nio-8080-exec-10] DEBUG c.s.d.m.C.selectLnbSubList - <==      Total: 1
2025-01-13 16:07:28 [http-nio-8080-exec-7] DEBUG org.mybatis.spring.SqlSessionUtils - Closing non transactional SqlSession [org.apache.ibatis.session.defaults.DefaultSqlSession@7aac280]
2025-01-13 16:07:28 [http-nio-8080-exec-3] DEBUG org.mybatis.spring.SqlSessionUtils - Closing non transactional SqlSession [org.apache.ibatis.session.defaults.DefaultSqlSession@65677f32]
2025-01-13 16:07:28 [http-nio-8080-exec-10] DEBUG org.mybatis.spring.SqlSessionUtils - Closing non transactional SqlSession [org.apache.ibatis.session.defaults.DefaultSqlSession@35a3a5ed]
2025-01-13 16:07:28 [http-nio-8080-exec-2] DEBUG org.mybatis.spring.SqlSessionUtils - Creating a new SqlSession
2025-01-13 16:07:28 [http-nio-8080-exec-6] DEBUG org.mybatis.spring.SqlSessionUtils - Creating a new SqlSession
2025-01-13 16:07:28 [http-nio-8080-exec-9] DEBUG org.mybatis.spring.SqlSessionUtils - Creating a new SqlSession
2025-01-13 16:07:28 [http-nio-8080-exec-9] DEBUG org.mybatis.spring.SqlSessionUtils - SqlSession [org.apache.ibatis.session.defaults.DefaultSqlSession@79beea2a] was not registered for synchronization because synchronization is not active
2025-01-13 16:07:28 [http-nio-8080-exec-2] DEBUG org.mybatis.spring.SqlSessionUtils - SqlSession [org.apache.ibatis.session.defaults.DefaultSqlSession@e5100bd] was not registered for synchronization because synchronization is not active
2025-01-13 16:07:28 [http-nio-8080-exec-6] DEBUG org.mybatis.spring.SqlSessionUtils - SqlSession [org.apache.ibatis.session.defaults.DefaultSqlSession@19193885] was not registered for synchronization because synchronization is not active
2025-01-13 16:07:28 [http-nio-8080-exec-2] DEBUG o.m.s.t.SpringManagedTransaction - JDBC Connection [HikariProxyConnection@477838077 wrapping com.mysql.cj.jdbc.ConnectionImpl@202516a8] will not be managed by Spring
2025-01-13 16:07:28 [http-nio-8080-exec-9] DEBUG o.m.s.t.SpringManagedTransaction - JDBC Connection [HikariProxyConnection@1676732696 wrapping com.mysql.cj.jdbc.ConnectionImpl@2f55317c] will not be managed by Spring
2025-01-13 16:07:28 [http-nio-8080-exec-6] DEBUG o.m.s.t.SpringManagedTransaction - JDBC Connection [HikariProxyConnection@832408903 wrapping com.mysql.cj.jdbc.ConnectionImpl@1b176bb] will not be managed by Spring
2025-01-13 16:07:28 [http-nio-8080-exec-9] DEBUG c.s.d.m.C.selectLnbSubList - ==>  Preparing: SELECT CT_LNB_SUB_IDX AS ctLnbSubIdx, CT_LNB_ID AS ctLnbId, CT_LNB_SUB_ID AS ctLnbSubId, CT_LNB_SUB_NAME AS ctLnbSubName, CT_LNB_SUB_URL AS ctLnbSubUrl FROM CT_LNB_SUB WHERE CT_LNB_ID = ? ORDER BY CT_LNB_SUB_IDX
2025-01-13 16:07:28 [http-nio-8080-exec-6] DEBUG c.s.d.m.C.selectLnbSubList - ==>  Preparing: SELECT CT_LNB_SUB_IDX AS ctLnbSubIdx, CT_LNB_ID AS ctLnbId, CT_LNB_SUB_ID AS ctLnbSubId, CT_LNB_SUB_NAME AS ctLnbSubName, CT_LNB_SUB_URL AS ctLnbSubUrl FROM CT_LNB_SUB WHERE CT_LNB_ID = ? ORDER BY CT_LNB_SUB_IDX
2025-01-13 16:07:28 [http-nio-8080-exec-2] DEBUG c.s.d.m.C.selectLnbSubList - ==>  Preparing: SELECT CT_LNB_SUB_IDX AS ctLnbSubIdx, CT_LNB_ID AS ctLnbId, CT_LNB_SUB_ID AS ctLnbSubId, CT_LNB_SUB_NAME AS ctLnbSubName, CT_LNB_SUB_URL AS ctLnbSubUrl FROM CT_LNB_SUB WHERE CT_LNB_ID = ? ORDER BY CT_LNB_SUB_IDX
2025-01-13 16:07:28 [http-nio-8080-exec-6] DEBUG c.s.d.m.C.selectLnbSubList - ==> Parameters: CT_LNB_CONTACT(String)
2025-01-13 16:07:28 [http-nio-8080-exec-2] DEBUG c.s.d.m.C.selectLnbSubList - ==> Parameters: CT_LNB_COMPANY(String)
2025-01-13 16:07:28 [http-nio-8080-exec-9] DEBUG c.s.d.m.C.selectLnbSubList - ==> Parameters: CT_LNB_SERVICE(String)
2025-01-13 16:07:28 [http-nio-8080-exec-6] DEBUG c.s.d.m.C.selectLnbSubList - <==      Total: 2
2025-01-13 16:07:28 [http-nio-8080-exec-2] DEBUG c.s.d.m.C.selectLnbSubList - <==      Total: 1
2025-01-13 16:07:28 [http-nio-8080-exec-9] DEBUG c.s.d.m.C.selectLnbSubList - <==      Total: 4
2025-01-13 16:07:28 [http-nio-8080-exec-2] DEBUG org.mybatis.spring.SqlSessionUtils - Closing non transactional SqlSession [org.apache.ibatis.session.defaults.DefaultSqlSession@e5100bd]
2025-01-13 16:07:28 [http-nio-8080-exec-6] DEBUG org.mybatis.spring.SqlSessionUtils - Closing non transactional SqlSession [org.apache.ibatis.session.defaults.DefaultSqlSession@19193885]
2025-01-13 16:07:28 [http-nio-8080-exec-9] DEBUG org.mybatis.spring.SqlSessionUtils - Closing non transactional SqlSession [org.apache.ibatis.session.defaults.DefaultSqlSession@79beea2a]
2025-01-13 16:07:44 [http-nio-8080-exec-7] WARN  o.t.s.p.AbstractStandardFragmentInsertionTagProcessor - [THYMELEAF][http-nio-8080-exec-7][common/layout/layout] Deprecated unwrapped fragment expression "common/fragments/header::header" found in template common/layout/layout, line 33, col 10. Please use the complete syntax of fragment expressions instead ("~{common/fragments/header::header}"). The old, unwrapped syntax for fragment expressions will be removed in future versions of Thymeleaf.
2025-01-13 16:07:44 [http-nio-8080-exec-7] WARN  o.t.s.p.AbstractStandardFragmentInsertionTagProcessor - [THYMELEAF][http-nio-8080-exec-7][common/layout/layout] Deprecated unwrapped fragment expression "common/fragments/footer::footer" found in template common/layout/layout, line 37, col 10. Please use the complete syntax of fragment expressions instead ("~{common/fragments/footer::footer}"). The old, unwrapped syntax for fragment expressions will be removed in future versions of Thymeleaf.
2025-01-13 16:07:44 [http-nio-8080-exec-8] DEBUG org.mybatis.spring.SqlSessionUtils - Creating a new SqlSession
2025-01-13 16:07:44 [http-nio-8080-exec-8] DEBUG org.mybatis.spring.SqlSessionUtils - SqlSession [org.apache.ibatis.session.defaults.DefaultSqlSession@54b52b4e] was not registered for synchronization because synchronization is not active
2025-01-13 16:07:44 [http-nio-8080-exec-8] DEBUG o.m.s.t.SpringManagedTransaction - JDBC Connection [HikariProxyConnection@713707151 wrapping com.mysql.cj.jdbc.ConnectionImpl@2f55317c] will not be managed by Spring
2025-01-13 16:07:44 [http-nio-8080-exec-8] DEBUG c.s.d.m.CommonMapper.selectLnbList - ==>  Preparing: SELECT CT_LNB_IDX AS ctLnbIdx, CT_LNB_ID AS ctLnbId, CT_LNB_NAME AS ctLnbName, CT_LNB_SUB_YN AS ctLnbSubYn, CT_LNB_URL AS ctLnbUrl, CT_LNB_USE_YN AS ctLnbUseYn FROM CT_LNB WHERE CT_LNB_USE_YN = 'Y' ORDER BY CT_LNB_IDX
2025-01-13 16:07:44 [http-nio-8080-exec-8] DEBUG c.s.d.m.CommonMapper.selectLnbList - ==> Parameters: 
2025-01-13 16:07:44 [http-nio-8080-exec-8] DEBUG c.s.d.m.CommonMapper.selectLnbList - <==      Total: 4
2025-01-13 16:07:44 [http-nio-8080-exec-8] DEBUG org.mybatis.spring.SqlSessionUtils - Closing non transactional SqlSession [org.apache.ibatis.session.defaults.DefaultSqlSession@54b52b4e]
2025-01-13 16:07:44 [http-nio-8080-exec-10] DEBUG org.mybatis.spring.SqlSessionUtils - Creating a new SqlSession
2025-01-13 16:07:44 [http-nio-8080-exec-10] DEBUG org.mybatis.spring.SqlSessionUtils - SqlSession [org.apache.ibatis.session.defaults.DefaultSqlSession@182420a9] was not registered for synchronization because synchronization is not active
2025-01-13 16:07:44 [http-nio-8080-exec-10] DEBUG o.m.s.t.SpringManagedTransaction - JDBC Connection [HikariProxyConnection@298944741 wrapping com.mysql.cj.jdbc.ConnectionImpl@202516a8] will not be managed by Spring
2025-01-13 16:07:44 [http-nio-8080-exec-10] DEBUG c.s.d.m.CommonMapper.selectLnbList - ==>  Preparing: SELECT CT_LNB_IDX AS ctLnbIdx, CT_LNB_ID AS ctLnbId, CT_LNB_NAME AS ctLnbName, CT_LNB_SUB_YN AS ctLnbSubYn, CT_LNB_URL AS ctLnbUrl, CT_LNB_USE_YN AS ctLnbUseYn FROM CT_LNB WHERE CT_LNB_USE_YN = 'Y' ORDER BY CT_LNB_IDX
2025-01-13 16:07:44 [http-nio-8080-exec-10] DEBUG c.s.d.m.CommonMapper.selectLnbList - ==> Parameters: 
2025-01-13 16:07:44 [http-nio-8080-exec-10] DEBUG c.s.d.m.CommonMapper.selectLnbList - <==      Total: 4
2025-01-13 16:07:44 [http-nio-8080-exec-10] DEBUG org.mybatis.spring.SqlSessionUtils - Closing non transactional SqlSession [org.apache.ibatis.session.defaults.DefaultSqlSession@182420a9]
2025-01-13 16:07:44 [http-nio-8080-exec-1] DEBUG org.mybatis.spring.SqlSessionUtils - Creating a new SqlSession
2025-01-13 16:07:44 [http-nio-8080-exec-4] DEBUG org.mybatis.spring.SqlSessionUtils - Creating a new SqlSession
2025-01-13 16:07:44 [http-nio-8080-exec-7] DEBUG org.mybatis.spring.SqlSessionUtils - Creating a new SqlSession
2025-01-13 16:07:44 [http-nio-8080-exec-1] DEBUG org.mybatis.spring.SqlSessionUtils - SqlSession [org.apache.ibatis.session.defaults.DefaultSqlSession@10c871d9] was not registered for synchronization because synchronization is not active
2025-01-13 16:07:44 [http-nio-8080-exec-4] DEBUG org.mybatis.spring.SqlSessionUtils - SqlSession [org.apache.ibatis.session.defaults.DefaultSqlSession@5b3d46eb] was not registered for synchronization because synchronization is not active
2025-01-13 16:07:44 [http-nio-8080-exec-7] DEBUG org.mybatis.spring.SqlSessionUtils - SqlSession [org.apache.ibatis.session.defaults.DefaultSqlSession@a0094f2] was not registered for synchronization because synchronization is not active
2025-01-13 16:07:44 [http-nio-8080-exec-4] DEBUG o.m.s.t.SpringManagedTransaction - JDBC Connection [HikariProxyConnection@766931104 wrapping com.mysql.cj.jdbc.ConnectionImpl@2f55317c] will not be managed by Spring
2025-01-13 16:07:44 [http-nio-8080-exec-1] DEBUG o.m.s.t.SpringManagedTransaction - JDBC Connection [HikariProxyConnection@1361184117 wrapping com.mysql.cj.jdbc.ConnectionImpl@202516a8] will not be managed by Spring
2025-01-13 16:07:44 [http-nio-8080-exec-1] DEBUG c.s.d.m.C.selectLnbSubList - ==>  Preparing: SELECT CT_LNB_SUB_IDX AS ctLnbSubIdx, CT_LNB_ID AS ctLnbId, CT_LNB_SUB_ID AS ctLnbSubId, CT_LNB_SUB_NAME AS ctLnbSubName, CT_LNB_SUB_URL AS ctLnbSubUrl FROM CT_LNB_SUB WHERE CT_LNB_ID = ? ORDER BY CT_LNB_SUB_IDX
2025-01-13 16:07:44 [http-nio-8080-exec-4] DEBUG c.s.d.m.C.selectLnbSubList - ==>  Preparing: SELECT CT_LNB_SUB_IDX AS ctLnbSubIdx, CT_LNB_ID AS ctLnbId, CT_LNB_SUB_ID AS ctLnbSubId, CT_LNB_SUB_NAME AS ctLnbSubName, CT_LNB_SUB_URL AS ctLnbSubUrl FROM CT_LNB_SUB WHERE CT_LNB_ID = ? ORDER BY CT_LNB_SUB_IDX
2025-01-13 16:07:44 [http-nio-8080-exec-7] DEBUG o.m.s.t.SpringManagedTransaction - JDBC Connection [HikariProxyConnection@1273121225 wrapping com.mysql.cj.jdbc.ConnectionImpl@1b176bb] will not be managed by Spring
2025-01-13 16:07:44 [http-nio-8080-exec-4] DEBUG c.s.d.m.C.selectLnbSubList - ==> Parameters: CT_LNB_COMPANY(String)
2025-01-13 16:07:44 [http-nio-8080-exec-1] DEBUG c.s.d.m.C.selectLnbSubList - ==> Parameters: CT_LNB_SERVICE(String)
2025-01-13 16:07:44 [http-nio-8080-exec-7] DEBUG c.s.d.m.C.selectLnbSubList - ==>  Preparing: SELECT CT_LNB_SUB_IDX AS ctLnbSubIdx, CT_LNB_ID AS ctLnbId, CT_LNB_SUB_ID AS ctLnbSubId, CT_LNB_SUB_NAME AS ctLnbSubName, CT_LNB_SUB_URL AS ctLnbSubUrl FROM CT_LNB_SUB WHERE CT_LNB_ID = ? ORDER BY CT_LNB_SUB_IDX
2025-01-13 16:07:44 [http-nio-8080-exec-7] DEBUG c.s.d.m.C.selectLnbSubList - ==> Parameters: CT_LNB_CONTACT(String)
2025-01-13 16:07:44 [http-nio-8080-exec-4] DEBUG c.s.d.m.C.selectLnbSubList - <==      Total: 1
2025-01-13 16:07:44 [http-nio-8080-exec-7] DEBUG c.s.d.m.C.selectLnbSubList - <==      Total: 2
2025-01-13 16:07:44 [http-nio-8080-exec-1] DEBUG c.s.d.m.C.selectLnbSubList - <==      Total: 4
2025-01-13 16:07:44 [http-nio-8080-exec-4] DEBUG org.mybatis.spring.SqlSessionUtils - Closing non transactional SqlSession [org.apache.ibatis.session.defaults.DefaultSqlSession@5b3d46eb]
2025-01-13 16:07:44 [http-nio-8080-exec-7] DEBUG org.mybatis.spring.SqlSessionUtils - Closing non transactional SqlSession [org.apache.ibatis.session.defaults.DefaultSqlSession@a0094f2]
2025-01-13 16:07:44 [http-nio-8080-exec-1] DEBUG org.mybatis.spring.SqlSessionUtils - Closing non transactional SqlSession [org.apache.ibatis.session.defaults.DefaultSqlSession@10c871d9]
2025-01-13 16:07:44 [http-nio-8080-exec-2] DEBUG org.mybatis.spring.SqlSessionUtils - Creating a new SqlSession
2025-01-13 16:07:44 [http-nio-8080-exec-8] DEBUG org.mybatis.spring.SqlSessionUtils - Creating a new SqlSession
2025-01-13 16:07:44 [http-nio-8080-exec-9] DEBUG org.mybatis.spring.SqlSessionUtils - Creating a new SqlSession
2025-01-13 16:07:44 [http-nio-8080-exec-2] DEBUG org.mybatis.spring.SqlSessionUtils - SqlSession [org.apache.ibatis.session.defaults.DefaultSqlSession@1cc976e3] was not registered for synchronization because synchronization is not active
2025-01-13 16:07:44 [http-nio-8080-exec-8] DEBUG org.mybatis.spring.SqlSessionUtils - SqlSession [org.apache.ibatis.session.defaults.DefaultSqlSession@202faf4a] was not registered for synchronization because synchronization is not active
2025-01-13 16:07:44 [http-nio-8080-exec-9] DEBUG org.mybatis.spring.SqlSessionUtils - SqlSession [org.apache.ibatis.session.defaults.DefaultSqlSession@2b48cb00] was not registered for synchronization because synchronization is not active
2025-01-13 16:07:44 [http-nio-8080-exec-9] DEBUG o.m.s.t.SpringManagedTransaction - JDBC Connection [HikariProxyConnection@1343213200 wrapping com.mysql.cj.jdbc.ConnectionImpl@1b176bb] will not be managed by Spring
2025-01-13 16:07:44 [http-nio-8080-exec-8] DEBUG o.m.s.t.SpringManagedTransaction - JDBC Connection [HikariProxyConnection@1572675418 wrapping com.mysql.cj.jdbc.ConnectionImpl@2f55317c] will not be managed by Spring
2025-01-13 16:07:44 [http-nio-8080-exec-2] DEBUG o.m.s.t.SpringManagedTransaction - JDBC Connection [HikariProxyConnection@1205132242 wrapping com.mysql.cj.jdbc.ConnectionImpl@202516a8] will not be managed by Spring
2025-01-13 16:07:44 [http-nio-8080-exec-9] DEBUG c.s.d.m.C.selectLnbSubList - ==>  Preparing: SELECT CT_LNB_SUB_IDX AS ctLnbSubIdx, CT_LNB_ID AS ctLnbId, CT_LNB_SUB_ID AS ctLnbSubId, CT_LNB_SUB_NAME AS ctLnbSubName, CT_LNB_SUB_URL AS ctLnbSubUrl FROM CT_LNB_SUB WHERE CT_LNB_ID = ? ORDER BY CT_LNB_SUB_IDX
2025-01-13 16:07:44 [http-nio-8080-exec-2] DEBUG c.s.d.m.C.selectLnbSubList - ==>  Preparing: SELECT CT_LNB_SUB_IDX AS ctLnbSubIdx, CT_LNB_ID AS ctLnbId, CT_LNB_SUB_ID AS ctLnbSubId, CT_LNB_SUB_NAME AS ctLnbSubName, CT_LNB_SUB_URL AS ctLnbSubUrl FROM CT_LNB_SUB WHERE CT_LNB_ID = ? ORDER BY CT_LNB_SUB_IDX
2025-01-13 16:07:44 [http-nio-8080-exec-8] DEBUG c.s.d.m.C.selectLnbSubList - ==>  Preparing: SELECT CT_LNB_SUB_IDX AS ctLnbSubIdx, CT_LNB_ID AS ctLnbId, CT_LNB_SUB_ID AS ctLnbSubId, CT_LNB_SUB_NAME AS ctLnbSubName, CT_LNB_SUB_URL AS ctLnbSubUrl FROM CT_LNB_SUB WHERE CT_LNB_ID = ? ORDER BY CT_LNB_SUB_IDX
2025-01-13 16:07:44 [http-nio-8080-exec-9] DEBUG c.s.d.m.C.selectLnbSubList - ==> Parameters: CT_LNB_SERVICE(String)
2025-01-13 16:07:44 [http-nio-8080-exec-2] DEBUG c.s.d.m.C.selectLnbSubList - ==> Parameters: CT_LNB_CONTACT(String)
2025-01-13 16:07:44 [http-nio-8080-exec-8] DEBUG c.s.d.m.C.selectLnbSubList - ==> Parameters: CT_LNB_COMPANY(String)
2025-01-13 16:07:44 [http-nio-8080-exec-8] DEBUG c.s.d.m.C.selectLnbSubList - <==      Total: 1
2025-01-13 16:07:44 [http-nio-8080-exec-9] DEBUG c.s.d.m.C.selectLnbSubList - <==      Total: 4
2025-01-13 16:07:44 [http-nio-8080-exec-2] DEBUG c.s.d.m.C.selectLnbSubList - <==      Total: 2
2025-01-13 16:07:44 [http-nio-8080-exec-9] DEBUG org.mybatis.spring.SqlSessionUtils - Closing non transactional SqlSession [org.apache.ibatis.session.defaults.DefaultSqlSession@2b48cb00]
2025-01-13 16:07:44 [http-nio-8080-exec-8] DEBUG org.mybatis.spring.SqlSessionUtils - Closing non transactional SqlSession [org.apache.ibatis.session.defaults.DefaultSqlSession@202faf4a]
2025-01-13 16:07:44 [http-nio-8080-exec-2] DEBUG org.mybatis.spring.SqlSessionUtils - Closing non transactional SqlSession [org.apache.ibatis.session.defaults.DefaultSqlSession@1cc976e3]
2025-01-13 16:08:52 [http-nio-8080-exec-2] WARN  o.t.s.p.AbstractStandardFragmentInsertionTagProcessor - [THYMELEAF][http-nio-8080-exec-2][common/layout/layout] Deprecated unwrapped fragment expression "common/fragments/header::header" found in template common/layout/layout, line 33, col 10. Please use the complete syntax of fragment expressions instead ("~{common/fragments/header::header}"). The old, unwrapped syntax for fragment expressions will be removed in future versions of Thymeleaf.
2025-01-13 16:08:52 [http-nio-8080-exec-2] WARN  o.t.s.p.AbstractStandardFragmentInsertionTagProcessor - [THYMELEAF][http-nio-8080-exec-2][common/layout/layout] Deprecated unwrapped fragment expression "common/fragments/footer::footer" found in template common/layout/layout, line 37, col 10. Please use the complete syntax of fragment expressions instead ("~{common/fragments/footer::footer}"). The old, unwrapped syntax for fragment expressions will be removed in future versions of Thymeleaf.
2025-01-13 16:08:52 [http-nio-8080-exec-5] DEBUG org.mybatis.spring.SqlSessionUtils - Creating a new SqlSession
2025-01-13 16:08:52 [http-nio-8080-exec-5] DEBUG org.mybatis.spring.SqlSessionUtils - SqlSession [org.apache.ibatis.session.defaults.DefaultSqlSession@c78d32a] was not registered for synchronization because synchronization is not active
2025-01-13 16:08:52 [http-nio-8080-exec-5] DEBUG o.m.s.t.SpringManagedTransaction - JDBC Connection [HikariProxyConnection@341940331 wrapping com.mysql.cj.jdbc.ConnectionImpl@202516a8] will not be managed by Spring
2025-01-13 16:08:52 [http-nio-8080-exec-5] DEBUG c.s.d.m.CommonMapper.selectLnbList - ==>  Preparing: SELECT CT_LNB_IDX AS ctLnbIdx, CT_LNB_ID AS ctLnbId, CT_LNB_NAME AS ctLnbName, CT_LNB_SUB_YN AS ctLnbSubYn, CT_LNB_URL AS ctLnbUrl, CT_LNB_USE_YN AS ctLnbUseYn FROM CT_LNB WHERE CT_LNB_USE_YN = 'Y' ORDER BY CT_LNB_IDX
2025-01-13 16:08:52 [http-nio-8080-exec-5] DEBUG c.s.d.m.CommonMapper.selectLnbList - ==> Parameters: 
2025-01-13 16:08:52 [http-nio-8080-exec-5] DEBUG c.s.d.m.CommonMapper.selectLnbList - <==      Total: 4
2025-01-13 16:08:52 [http-nio-8080-exec-5] DEBUG org.mybatis.spring.SqlSessionUtils - Closing non transactional SqlSession [org.apache.ibatis.session.defaults.DefaultSqlSession@c78d32a]
2025-01-13 16:08:52 [http-nio-8080-exec-9] DEBUG org.mybatis.spring.SqlSessionUtils - Creating a new SqlSession
2025-01-13 16:08:52 [http-nio-8080-exec-9] DEBUG org.mybatis.spring.SqlSessionUtils - SqlSession [org.apache.ibatis.session.defaults.DefaultSqlSession@39fa3375] was not registered for synchronization because synchronization is not active
2025-01-13 16:08:52 [http-nio-8080-exec-9] DEBUG o.m.s.t.SpringManagedTransaction - JDBC Connection [HikariProxyConnection@397349268 wrapping com.mysql.cj.jdbc.ConnectionImpl@1b176bb] will not be managed by Spring
2025-01-13 16:08:52 [http-nio-8080-exec-9] DEBUG c.s.d.m.CommonMapper.selectLnbList - ==>  Preparing: SELECT CT_LNB_IDX AS ctLnbIdx, CT_LNB_ID AS ctLnbId, CT_LNB_NAME AS ctLnbName, CT_LNB_SUB_YN AS ctLnbSubYn, CT_LNB_URL AS ctLnbUrl, CT_LNB_USE_YN AS ctLnbUseYn FROM CT_LNB WHERE CT_LNB_USE_YN = 'Y' ORDER BY CT_LNB_IDX
2025-01-13 16:08:52 [http-nio-8080-exec-9] DEBUG c.s.d.m.CommonMapper.selectLnbList - ==> Parameters: 
2025-01-13 16:08:52 [http-nio-8080-exec-9] DEBUG c.s.d.m.CommonMapper.selectLnbList - <==      Total: 4
2025-01-13 16:08:52 [http-nio-8080-exec-9] DEBUG org.mybatis.spring.SqlSessionUtils - Closing non transactional SqlSession [org.apache.ibatis.session.defaults.DefaultSqlSession@39fa3375]
2025-01-13 16:08:52 [http-nio-8080-exec-4] DEBUG org.mybatis.spring.SqlSessionUtils - Creating a new SqlSession
2025-01-13 16:08:52 [http-nio-8080-exec-7] DEBUG org.mybatis.spring.SqlSessionUtils - Creating a new SqlSession
2025-01-13 16:08:52 [http-nio-8080-exec-2] DEBUG org.mybatis.spring.SqlSessionUtils - Creating a new SqlSession
2025-01-13 16:08:52 [http-nio-8080-exec-2] DEBUG org.mybatis.spring.SqlSessionUtils - SqlSession [org.apache.ibatis.session.defaults.DefaultSqlSession@37d5198b] was not registered for synchronization because synchronization is not active
2025-01-13 16:08:52 [http-nio-8080-exec-4] DEBUG org.mybatis.spring.SqlSessionUtils - SqlSession [org.apache.ibatis.session.defaults.DefaultSqlSession@15e85f3e] was not registered for synchronization because synchronization is not active
2025-01-13 16:08:52 [http-nio-8080-exec-7] DEBUG org.mybatis.spring.SqlSessionUtils - SqlSession [org.apache.ibatis.session.defaults.DefaultSqlSession@149da94d] was not registered for synchronization because synchronization is not active
2025-01-13 16:08:52 [http-nio-8080-exec-7] DEBUG o.m.s.t.SpringManagedTransaction - JDBC Connection [HikariProxyConnection@1924505433 wrapping com.mysql.cj.jdbc.ConnectionImpl@1b176bb] will not be managed by Spring
2025-01-13 16:08:52 [http-nio-8080-exec-2] DEBUG o.m.s.t.SpringManagedTransaction - JDBC Connection [HikariProxyConnection@946721442 wrapping com.mysql.cj.jdbc.ConnectionImpl@202516a8] will not be managed by Spring
2025-01-13 16:08:52 [http-nio-8080-exec-2] DEBUG c.s.d.m.C.selectLnbSubList - ==>  Preparing: SELECT CT_LNB_SUB_IDX AS ctLnbSubIdx, CT_LNB_ID AS ctLnbId, CT_LNB_SUB_ID AS ctLnbSubId, CT_LNB_SUB_NAME AS ctLnbSubName, CT_LNB_SUB_URL AS ctLnbSubUrl FROM CT_LNB_SUB WHERE CT_LNB_ID = ? ORDER BY CT_LNB_SUB_IDX
2025-01-13 16:08:52 [http-nio-8080-exec-7] DEBUG c.s.d.m.C.selectLnbSubList - ==>  Preparing: SELECT CT_LNB_SUB_IDX AS ctLnbSubIdx, CT_LNB_ID AS ctLnbId, CT_LNB_SUB_ID AS ctLnbSubId, CT_LNB_SUB_NAME AS ctLnbSubName, CT_LNB_SUB_URL AS ctLnbSubUrl FROM CT_LNB_SUB WHERE CT_LNB_ID = ? ORDER BY CT_LNB_SUB_IDX
2025-01-13 16:08:52 [http-nio-8080-exec-4] DEBUG o.m.s.t.SpringManagedTransaction - JDBC Connection [HikariProxyConnection@763146593 wrapping com.mysql.cj.jdbc.ConnectionImpl@2f55317c] will not be managed by Spring
2025-01-13 16:08:52 [http-nio-8080-exec-2] DEBUG c.s.d.m.C.selectLnbSubList - ==> Parameters: CT_LNB_CONTACT(String)
2025-01-13 16:08:52 [http-nio-8080-exec-7] DEBUG c.s.d.m.C.selectLnbSubList - ==> Parameters: CT_LNB_SERVICE(String)
2025-01-13 16:08:52 [http-nio-8080-exec-4] DEBUG c.s.d.m.C.selectLnbSubList - ==>  Preparing: SELECT CT_LNB_SUB_IDX AS ctLnbSubIdx, CT_LNB_ID AS ctLnbId, CT_LNB_SUB_ID AS ctLnbSubId, CT_LNB_SUB_NAME AS ctLnbSubName, CT_LNB_SUB_URL AS ctLnbSubUrl FROM CT_LNB_SUB WHERE CT_LNB_ID = ? ORDER BY CT_LNB_SUB_IDX
2025-01-13 16:08:52 [http-nio-8080-exec-4] DEBUG c.s.d.m.C.selectLnbSubList - ==> Parameters: CT_LNB_COMPANY(String)
2025-01-13 16:08:52 [http-nio-8080-exec-2] DEBUG c.s.d.m.C.selectLnbSubList - <==      Total: 2
2025-01-13 16:08:52 [http-nio-8080-exec-4] DEBUG c.s.d.m.C.selectLnbSubList - <==      Total: 1
2025-01-13 16:08:52 [http-nio-8080-exec-7] DEBUG c.s.d.m.C.selectLnbSubList - <==      Total: 4
2025-01-13 16:08:52 [http-nio-8080-exec-4] DEBUG org.mybatis.spring.SqlSessionUtils - Closing non transactional SqlSession [org.apache.ibatis.session.defaults.DefaultSqlSession@15e85f3e]
2025-01-13 16:08:52 [http-nio-8080-exec-7] DEBUG org.mybatis.spring.SqlSessionUtils - Closing non transactional SqlSession [org.apache.ibatis.session.defaults.DefaultSqlSession@149da94d]
2025-01-13 16:08:52 [http-nio-8080-exec-2] DEBUG org.mybatis.spring.SqlSessionUtils - Closing non transactional SqlSession [org.apache.ibatis.session.defaults.DefaultSqlSession@37d5198b]
2025-01-13 16:08:52 [http-nio-8080-exec-10] DEBUG org.mybatis.spring.SqlSessionUtils - Creating a new SqlSession
2025-01-13 16:08:52 [http-nio-8080-exec-3] DEBUG org.mybatis.spring.SqlSessionUtils - Creating a new SqlSession
2025-01-13 16:08:52 [http-nio-8080-exec-5] DEBUG org.mybatis.spring.SqlSessionUtils - Creating a new SqlSession
2025-01-13 16:08:52 [http-nio-8080-exec-3] DEBUG org.mybatis.spring.SqlSessionUtils - SqlSession [org.apache.ibatis.session.defaults.DefaultSqlSession@13fca431] was not registered for synchronization because synchronization is not active
2025-01-13 16:08:52 [http-nio-8080-exec-10] DEBUG org.mybatis.spring.SqlSessionUtils - SqlSession [org.apache.ibatis.session.defaults.DefaultSqlSession@8885441] was not registered for synchronization because synchronization is not active
2025-01-13 16:08:52 [http-nio-8080-exec-5] DEBUG org.mybatis.spring.SqlSessionUtils - SqlSession [org.apache.ibatis.session.defaults.DefaultSqlSession@12601634] was not registered for synchronization because synchronization is not active
2025-01-13 16:08:52 [http-nio-8080-exec-3] DEBUG o.m.s.t.SpringManagedTransaction - JDBC Connection [HikariProxyConnection@1178100945 wrapping com.mysql.cj.jdbc.ConnectionImpl@2f55317c] will not be managed by Spring
2025-01-13 16:08:52 [http-nio-8080-exec-5] DEBUG o.m.s.t.SpringManagedTransaction - JDBC Connection [HikariProxyConnection@1481340625 wrapping com.mysql.cj.jdbc.ConnectionImpl@202516a8] will not be managed by Spring
2025-01-13 16:08:52 [http-nio-8080-exec-10] DEBUG o.m.s.t.SpringManagedTransaction - JDBC Connection [HikariProxyConnection@2042048902 wrapping com.mysql.cj.jdbc.ConnectionImpl@1b176bb] will not be managed by Spring
2025-01-13 16:08:52 [http-nio-8080-exec-3] DEBUG c.s.d.m.C.selectLnbSubList - ==>  Preparing: SELECT CT_LNB_SUB_IDX AS ctLnbSubIdx, CT_LNB_ID AS ctLnbId, CT_LNB_SUB_ID AS ctLnbSubId, CT_LNB_SUB_NAME AS ctLnbSubName, CT_LNB_SUB_URL AS ctLnbSubUrl FROM CT_LNB_SUB WHERE CT_LNB_ID = ? ORDER BY CT_LNB_SUB_IDX
2025-01-13 16:08:52 [http-nio-8080-exec-10] DEBUG c.s.d.m.C.selectLnbSubList - ==>  Preparing: SELECT CT_LNB_SUB_IDX AS ctLnbSubIdx, CT_LNB_ID AS ctLnbId, CT_LNB_SUB_ID AS ctLnbSubId, CT_LNB_SUB_NAME AS ctLnbSubName, CT_LNB_SUB_URL AS ctLnbSubUrl FROM CT_LNB_SUB WHERE CT_LNB_ID = ? ORDER BY CT_LNB_SUB_IDX
2025-01-13 16:08:52 [http-nio-8080-exec-5] DEBUG c.s.d.m.C.selectLnbSubList - ==>  Preparing: SELECT CT_LNB_SUB_IDX AS ctLnbSubIdx, CT_LNB_ID AS ctLnbId, CT_LNB_SUB_ID AS ctLnbSubId, CT_LNB_SUB_NAME AS ctLnbSubName, CT_LNB_SUB_URL AS ctLnbSubUrl FROM CT_LNB_SUB WHERE CT_LNB_ID = ? ORDER BY CT_LNB_SUB_IDX
2025-01-13 16:08:52 [http-nio-8080-exec-3] DEBUG c.s.d.m.C.selectLnbSubList - ==> Parameters: CT_LNB_CONTACT(String)
2025-01-13 16:08:52 [http-nio-8080-exec-5] DEBUG c.s.d.m.C.selectLnbSubList - ==> Parameters: CT_LNB_SERVICE(String)
2025-01-13 16:08:52 [http-nio-8080-exec-10] DEBUG c.s.d.m.C.selectLnbSubList - ==> Parameters: CT_LNB_COMPANY(String)
2025-01-13 16:08:52 [http-nio-8080-exec-10] DEBUG c.s.d.m.C.selectLnbSubList - <==      Total: 1
2025-01-13 16:08:52 [http-nio-8080-exec-3] DEBUG c.s.d.m.C.selectLnbSubList - <==      Total: 2
2025-01-13 16:08:52 [http-nio-8080-exec-5] DEBUG c.s.d.m.C.selectLnbSubList - <==      Total: 4
2025-01-13 16:08:52 [http-nio-8080-exec-5] DEBUG org.mybatis.spring.SqlSessionUtils - Closing non transactional SqlSession [org.apache.ibatis.session.defaults.DefaultSqlSession@12601634]
2025-01-13 16:08:52 [http-nio-8080-exec-10] DEBUG org.mybatis.spring.SqlSessionUtils - Closing non transactional SqlSession [org.apache.ibatis.session.defaults.DefaultSqlSession@8885441]
2025-01-13 16:08:52 [http-nio-8080-exec-3] DEBUG org.mybatis.spring.SqlSessionUtils - Closing non transactional SqlSession [org.apache.ibatis.session.defaults.DefaultSqlSession@13fca431]
2025-01-13 16:09:51 [http-nio-8080-exec-1] WARN  o.t.s.p.AbstractStandardFragmentInsertionTagProcessor - [THYMELEAF][http-nio-8080-exec-1][common/layout/layout] Deprecated unwrapped fragment expression "common/fragments/header::header" found in template common/layout/layout, line 33, col 10. Please use the complete syntax of fragment expressions instead ("~{common/fragments/header::header}"). The old, unwrapped syntax for fragment expressions will be removed in future versions of Thymeleaf.
2025-01-13 16:09:51 [http-nio-8080-exec-1] WARN  o.t.s.p.AbstractStandardFragmentInsertionTagProcessor - [THYMELEAF][http-nio-8080-exec-1][common/layout/layout] Deprecated unwrapped fragment expression "common/fragments/footer::footer" found in template common/layout/layout, line 37, col 10. Please use the complete syntax of fragment expressions instead ("~{common/fragments/footer::footer}"). The old, unwrapped syntax for fragment expressions will be removed in future versions of Thymeleaf.
2025-01-13 16:09:51 [http-nio-8080-exec-5] DEBUG org.mybatis.spring.SqlSessionUtils - Creating a new SqlSession
2025-01-13 16:09:51 [http-nio-8080-exec-5] DEBUG org.mybatis.spring.SqlSessionUtils - SqlSession [org.apache.ibatis.session.defaults.DefaultSqlSession@56aa1385] was not registered for synchronization because synchronization is not active
2025-01-13 16:09:51 [http-nio-8080-exec-5] DEBUG o.m.s.t.SpringManagedTransaction - JDBC Connection [HikariProxyConnection@1439963775 wrapping com.mysql.cj.jdbc.ConnectionImpl@202516a8] will not be managed by Spring
2025-01-13 16:09:51 [http-nio-8080-exec-5] DEBUG c.s.d.m.CommonMapper.selectLnbList - ==>  Preparing: SELECT CT_LNB_IDX AS ctLnbIdx, CT_LNB_ID AS ctLnbId, CT_LNB_NAME AS ctLnbName, CT_LNB_SUB_YN AS ctLnbSubYn, CT_LNB_URL AS ctLnbUrl, CT_LNB_USE_YN AS ctLnbUseYn FROM CT_LNB WHERE CT_LNB_USE_YN = 'Y' ORDER BY CT_LNB_IDX
2025-01-13 16:09:51 [http-nio-8080-exec-5] DEBUG c.s.d.m.CommonMapper.selectLnbList - ==> Parameters: 
2025-01-13 16:09:51 [http-nio-8080-exec-5] DEBUG c.s.d.m.CommonMapper.selectLnbList - <==      Total: 4
2025-01-13 16:09:51 [http-nio-8080-exec-5] DEBUG org.mybatis.spring.SqlSessionUtils - Closing non transactional SqlSession [org.apache.ibatis.session.defaults.DefaultSqlSession@56aa1385]
2025-01-13 16:09:51 [http-nio-8080-exec-6] DEBUG org.mybatis.spring.SqlSessionUtils - Creating a new SqlSession
2025-01-13 16:09:51 [http-nio-8080-exec-6] DEBUG org.mybatis.spring.SqlSessionUtils - SqlSession [org.apache.ibatis.session.defaults.DefaultSqlSession@58d5fbe] was not registered for synchronization because synchronization is not active
2025-01-13 16:09:51 [http-nio-8080-exec-6] DEBUG o.m.s.t.SpringManagedTransaction - JDBC Connection [HikariProxyConnection@82462492 wrapping com.mysql.cj.jdbc.ConnectionImpl@1b176bb] will not be managed by Spring
2025-01-13 16:09:51 [http-nio-8080-exec-6] DEBUG c.s.d.m.CommonMapper.selectLnbList - ==>  Preparing: SELECT CT_LNB_IDX AS ctLnbIdx, CT_LNB_ID AS ctLnbId, CT_LNB_NAME AS ctLnbName, CT_LNB_SUB_YN AS ctLnbSubYn, CT_LNB_URL AS ctLnbUrl, CT_LNB_USE_YN AS ctLnbUseYn FROM CT_LNB WHERE CT_LNB_USE_YN = 'Y' ORDER BY CT_LNB_IDX
2025-01-13 16:09:51 [http-nio-8080-exec-6] DEBUG c.s.d.m.CommonMapper.selectLnbList - ==> Parameters: 
2025-01-13 16:09:51 [http-nio-8080-exec-6] DEBUG c.s.d.m.CommonMapper.selectLnbList - <==      Total: 4
2025-01-13 16:09:51 [http-nio-8080-exec-6] DEBUG org.mybatis.spring.SqlSessionUtils - Closing non transactional SqlSession [org.apache.ibatis.session.defaults.DefaultSqlSession@58d5fbe]
2025-01-13 16:09:51 [http-nio-8080-exec-4] DEBUG org.mybatis.spring.SqlSessionUtils - Creating a new SqlSession
2025-01-13 16:09:51 [http-nio-8080-exec-3] DEBUG org.mybatis.spring.SqlSessionUtils - Creating a new SqlSession
2025-01-13 16:09:51 [http-nio-8080-exec-1] DEBUG org.mybatis.spring.SqlSessionUtils - Creating a new SqlSession
2025-01-13 16:09:51 [http-nio-8080-exec-4] DEBUG org.mybatis.spring.SqlSessionUtils - SqlSession [org.apache.ibatis.session.defaults.DefaultSqlSession@5b4ab761] was not registered for synchronization because synchronization is not active
2025-01-13 16:09:51 [http-nio-8080-exec-3] DEBUG org.mybatis.spring.SqlSessionUtils - SqlSession [org.apache.ibatis.session.defaults.DefaultSqlSession@13c14696] was not registered for synchronization because synchronization is not active
2025-01-13 16:09:51 [http-nio-8080-exec-1] DEBUG org.mybatis.spring.SqlSessionUtils - SqlSession [org.apache.ibatis.session.defaults.DefaultSqlSession@26befc8c] was not registered for synchronization because synchronization is not active
2025-01-13 16:09:51 [http-nio-8080-exec-1] DEBUG o.m.s.t.SpringManagedTransaction - JDBC Connection [HikariProxyConnection@942669536 wrapping com.mysql.cj.jdbc.ConnectionImpl@202516a8] will not be managed by Spring
2025-01-13 16:09:51 [http-nio-8080-exec-4] DEBUG o.m.s.t.SpringManagedTransaction - JDBC Connection [HikariProxyConnection@1928468513 wrapping com.mysql.cj.jdbc.ConnectionImpl@1b176bb] will not be managed by Spring
2025-01-13 16:09:51 [http-nio-8080-exec-1] DEBUG c.s.d.m.C.selectLnbSubList - ==>  Preparing: SELECT CT_LNB_SUB_IDX AS ctLnbSubIdx, CT_LNB_ID AS ctLnbId, CT_LNB_SUB_ID AS ctLnbSubId, CT_LNB_SUB_NAME AS ctLnbSubName, CT_LNB_SUB_URL AS ctLnbSubUrl FROM CT_LNB_SUB WHERE CT_LNB_ID = ? ORDER BY CT_LNB_SUB_IDX
2025-01-13 16:09:51 [http-nio-8080-exec-4] DEBUG c.s.d.m.C.selectLnbSubList - ==>  Preparing: SELECT CT_LNB_SUB_IDX AS ctLnbSubIdx, CT_LNB_ID AS ctLnbId, CT_LNB_SUB_ID AS ctLnbSubId, CT_LNB_SUB_NAME AS ctLnbSubName, CT_LNB_SUB_URL AS ctLnbSubUrl FROM CT_LNB_SUB WHERE CT_LNB_ID = ? ORDER BY CT_LNB_SUB_IDX
2025-01-13 16:09:51 [http-nio-8080-exec-1] DEBUG c.s.d.m.C.selectLnbSubList - ==> Parameters: CT_LNB_COMPANY(String)
2025-01-13 16:09:51 [http-nio-8080-exec-4] DEBUG c.s.d.m.C.selectLnbSubList - ==> Parameters: CT_LNB_SERVICE(String)
2025-01-13 16:09:51 [http-nio-8080-exec-3] DEBUG o.m.s.t.SpringManagedTransaction - JDBC Connection [HikariProxyConnection@987002134 wrapping com.mysql.cj.jdbc.ConnectionImpl@2f55317c] will not be managed by Spring
2025-01-13 16:09:51 [http-nio-8080-exec-3] DEBUG c.s.d.m.C.selectLnbSubList - ==>  Preparing: SELECT CT_LNB_SUB_IDX AS ctLnbSubIdx, CT_LNB_ID AS ctLnbId, CT_LNB_SUB_ID AS ctLnbSubId, CT_LNB_SUB_NAME AS ctLnbSubName, CT_LNB_SUB_URL AS ctLnbSubUrl FROM CT_LNB_SUB WHERE CT_LNB_ID = ? ORDER BY CT_LNB_SUB_IDX
2025-01-13 16:09:51 [http-nio-8080-exec-3] DEBUG c.s.d.m.C.selectLnbSubList - ==> Parameters: CT_LNB_CONTACT(String)
2025-01-13 16:09:51 [http-nio-8080-exec-1] DEBUG c.s.d.m.C.selectLnbSubList - <==      Total: 1
2025-01-13 16:09:51 [http-nio-8080-exec-3] DEBUG c.s.d.m.C.selectLnbSubList - <==      Total: 2
2025-01-13 16:09:51 [http-nio-8080-exec-4] DEBUG c.s.d.m.C.selectLnbSubList - <==      Total: 4
2025-01-13 16:09:51 [http-nio-8080-exec-1] DEBUG org.mybatis.spring.SqlSessionUtils - Closing non transactional SqlSession [org.apache.ibatis.session.defaults.DefaultSqlSession@26befc8c]
2025-01-13 16:09:51 [http-nio-8080-exec-4] DEBUG org.mybatis.spring.SqlSessionUtils - Closing non transactional SqlSession [org.apache.ibatis.session.defaults.DefaultSqlSession@5b4ab761]
2025-01-13 16:09:51 [http-nio-8080-exec-3] DEBUG org.mybatis.spring.SqlSessionUtils - Closing non transactional SqlSession [org.apache.ibatis.session.defaults.DefaultSqlSession@13c14696]
2025-01-13 16:09:51 [http-nio-8080-exec-5] DEBUG org.mybatis.spring.SqlSessionUtils - Creating a new SqlSession
2025-01-13 16:09:51 [http-nio-8080-exec-7] DEBUG org.mybatis.spring.SqlSessionUtils - Creating a new SqlSession
2025-01-13 16:09:51 [http-nio-8080-exec-2] DEBUG org.mybatis.spring.SqlSessionUtils - Creating a new SqlSession
2025-01-13 16:09:51 [http-nio-8080-exec-7] DEBUG org.mybatis.spring.SqlSessionUtils - SqlSession [org.apache.ibatis.session.defaults.DefaultSqlSession@163ca97c] was not registered for synchronization because synchronization is not active
2025-01-13 16:09:51 [http-nio-8080-exec-5] DEBUG org.mybatis.spring.SqlSessionUtils - SqlSession [org.apache.ibatis.session.defaults.DefaultSqlSession@1294af25] was not registered for synchronization because synchronization is not active
2025-01-13 16:09:51 [http-nio-8080-exec-2] DEBUG org.mybatis.spring.SqlSessionUtils - SqlSession [org.apache.ibatis.session.defaults.DefaultSqlSession@bc2c37d] was not registered for synchronization because synchronization is not active
2025-01-13 16:09:51 [http-nio-8080-exec-7] DEBUG o.m.s.t.SpringManagedTransaction - JDBC Connection [HikariProxyConnection@1441375903 wrapping com.mysql.cj.jdbc.ConnectionImpl@1b176bb] will not be managed by Spring
2025-01-13 16:09:51 [http-nio-8080-exec-2] DEBUG o.m.s.t.SpringManagedTransaction - JDBC Connection [HikariProxyConnection@2089235545 wrapping com.mysql.cj.jdbc.ConnectionImpl@2f55317c] will not be managed by Spring
2025-01-13 16:09:51 [http-nio-8080-exec-5] DEBUG o.m.s.t.SpringManagedTransaction - JDBC Connection [HikariProxyConnection@346337481 wrapping com.mysql.cj.jdbc.ConnectionImpl@202516a8] will not be managed by Spring
2025-01-13 16:09:51 [http-nio-8080-exec-7] DEBUG c.s.d.m.C.selectLnbSubList - ==>  Preparing: SELECT CT_LNB_SUB_IDX AS ctLnbSubIdx, CT_LNB_ID AS ctLnbId, CT_LNB_SUB_ID AS ctLnbSubId, CT_LNB_SUB_NAME AS ctLnbSubName, CT_LNB_SUB_URL AS ctLnbSubUrl FROM CT_LNB_SUB WHERE CT_LNB_ID = ? ORDER BY CT_LNB_SUB_IDX
2025-01-13 16:09:51 [http-nio-8080-exec-2] DEBUG c.s.d.m.C.selectLnbSubList - ==>  Preparing: SELECT CT_LNB_SUB_IDX AS ctLnbSubIdx, CT_LNB_ID AS ctLnbId, CT_LNB_SUB_ID AS ctLnbSubId, CT_LNB_SUB_NAME AS ctLnbSubName, CT_LNB_SUB_URL AS ctLnbSubUrl FROM CT_LNB_SUB WHERE CT_LNB_ID = ? ORDER BY CT_LNB_SUB_IDX
2025-01-13 16:09:51 [http-nio-8080-exec-5] DEBUG c.s.d.m.C.selectLnbSubList - ==>  Preparing: SELECT CT_LNB_SUB_IDX AS ctLnbSubIdx, CT_LNB_ID AS ctLnbId, CT_LNB_SUB_ID AS ctLnbSubId, CT_LNB_SUB_NAME AS ctLnbSubName, CT_LNB_SUB_URL AS ctLnbSubUrl FROM CT_LNB_SUB WHERE CT_LNB_ID = ? ORDER BY CT_LNB_SUB_IDX
2025-01-13 16:09:51 [http-nio-8080-exec-7] DEBUG c.s.d.m.C.selectLnbSubList - ==> Parameters: CT_LNB_CONTACT(String)
2025-01-13 16:09:51 [http-nio-8080-exec-2] DEBUG c.s.d.m.C.selectLnbSubList - ==> Parameters: CT_LNB_COMPANY(String)
2025-01-13 16:09:51 [http-nio-8080-exec-5] DEBUG c.s.d.m.C.selectLnbSubList - ==> Parameters: CT_LNB_SERVICE(String)
2025-01-13 16:09:51 [http-nio-8080-exec-2] DEBUG c.s.d.m.C.selectLnbSubList - <==      Total: 1
2025-01-13 16:09:51 [http-nio-8080-exec-7] DEBUG c.s.d.m.C.selectLnbSubList - <==      Total: 2
2025-01-13 16:09:51 [http-nio-8080-exec-5] DEBUG c.s.d.m.C.selectLnbSubList - <==      Total: 4
2025-01-13 16:09:51 [http-nio-8080-exec-2] DEBUG org.mybatis.spring.SqlSessionUtils - Closing non transactional SqlSession [org.apache.ibatis.session.defaults.DefaultSqlSession@bc2c37d]
2025-01-13 16:09:51 [http-nio-8080-exec-5] DEBUG org.mybatis.spring.SqlSessionUtils - Closing non transactional SqlSession [org.apache.ibatis.session.defaults.DefaultSqlSession@1294af25]
2025-01-13 16:09:51 [http-nio-8080-exec-7] DEBUG org.mybatis.spring.SqlSessionUtils - Closing non transactional SqlSession [org.apache.ibatis.session.defaults.DefaultSqlSession@163ca97c]
2025-01-13 16:09:58 [http-nio-8080-exec-6] WARN  o.t.s.p.AbstractStandardFragmentInsertionTagProcessor - [THYMELEAF][http-nio-8080-exec-6][common/layout/layout] Deprecated unwrapped fragment expression "common/fragments/header::header" found in template common/layout/layout, line 33, col 10. Please use the complete syntax of fragment expressions instead ("~{common/fragments/header::header}"). The old, unwrapped syntax for fragment expressions will be removed in future versions of Thymeleaf.
2025-01-13 16:09:58 [http-nio-8080-exec-6] WARN  o.t.s.p.AbstractStandardFragmentInsertionTagProcessor - [THYMELEAF][http-nio-8080-exec-6][common/layout/layout] Deprecated unwrapped fragment expression "common/fragments/footer::footer" found in template common/layout/layout, line 37, col 10. Please use the complete syntax of fragment expressions instead ("~{common/fragments/footer::footer}"). The old, unwrapped syntax for fragment expressions will be removed in future versions of Thymeleaf.
2025-01-13 16:09:58 [http-nio-8080-exec-1] DEBUG org.mybatis.spring.SqlSessionUtils - Creating a new SqlSession
2025-01-13 16:09:58 [http-nio-8080-exec-1] DEBUG org.mybatis.spring.SqlSessionUtils - SqlSession [org.apache.ibatis.session.defaults.DefaultSqlSession@67c408b3] was not registered for synchronization because synchronization is not active
2025-01-13 16:09:58 [http-nio-8080-exec-1] DEBUG o.m.s.t.SpringManagedTransaction - JDBC Connection [HikariProxyConnection@551236181 wrapping com.mysql.cj.jdbc.ConnectionImpl@202516a8] will not be managed by Spring
2025-01-13 16:09:58 [http-nio-8080-exec-1] DEBUG c.s.d.m.CommonMapper.selectLnbList - ==>  Preparing: SELECT CT_LNB_IDX AS ctLnbIdx, CT_LNB_ID AS ctLnbId, CT_LNB_NAME AS ctLnbName, CT_LNB_SUB_YN AS ctLnbSubYn, CT_LNB_URL AS ctLnbUrl, CT_LNB_USE_YN AS ctLnbUseYn FROM CT_LNB WHERE CT_LNB_USE_YN = 'Y' ORDER BY CT_LNB_IDX
2025-01-13 16:09:58 [http-nio-8080-exec-1] DEBUG c.s.d.m.CommonMapper.selectLnbList - ==> Parameters: 
2025-01-13 16:09:58 [http-nio-8080-exec-1] DEBUG c.s.d.m.CommonMapper.selectLnbList - <==      Total: 4
2025-01-13 16:09:58 [http-nio-8080-exec-1] DEBUG org.mybatis.spring.SqlSessionUtils - Closing non transactional SqlSession [org.apache.ibatis.session.defaults.DefaultSqlSession@67c408b3]
2025-01-13 16:09:58 [http-nio-8080-exec-7] DEBUG org.mybatis.spring.SqlSessionUtils - Creating a new SqlSession
2025-01-13 16:09:58 [http-nio-8080-exec-7] DEBUG org.mybatis.spring.SqlSessionUtils - SqlSession [org.apache.ibatis.session.defaults.DefaultSqlSession@2fcfcd62] was not registered for synchronization because synchronization is not active
2025-01-13 16:09:58 [http-nio-8080-exec-7] DEBUG o.m.s.t.SpringManagedTransaction - JDBC Connection [HikariProxyConnection@931814234 wrapping com.mysql.cj.jdbc.ConnectionImpl@1b176bb] will not be managed by Spring
2025-01-13 16:09:58 [http-nio-8080-exec-7] DEBUG c.s.d.m.CommonMapper.selectLnbList - ==>  Preparing: SELECT CT_LNB_IDX AS ctLnbIdx, CT_LNB_ID AS ctLnbId, CT_LNB_NAME AS ctLnbName, CT_LNB_SUB_YN AS ctLnbSubYn, CT_LNB_URL AS ctLnbUrl, CT_LNB_USE_YN AS ctLnbUseYn FROM CT_LNB WHERE CT_LNB_USE_YN = 'Y' ORDER BY CT_LNB_IDX
2025-01-13 16:09:58 [http-nio-8080-exec-7] DEBUG c.s.d.m.CommonMapper.selectLnbList - ==> Parameters: 
2025-01-13 16:09:58 [http-nio-8080-exec-7] DEBUG c.s.d.m.CommonMapper.selectLnbList - <==      Total: 4
2025-01-13 16:09:58 [http-nio-8080-exec-7] DEBUG org.mybatis.spring.SqlSessionUtils - Closing non transactional SqlSession [org.apache.ibatis.session.defaults.DefaultSqlSession@2fcfcd62]
2025-01-13 16:09:58 [http-nio-8080-exec-10] DEBUG org.mybatis.spring.SqlSessionUtils - Creating a new SqlSession
2025-01-13 16:09:58 [http-nio-8080-exec-9] DEBUG org.mybatis.spring.SqlSessionUtils - Creating a new SqlSession
2025-01-13 16:09:58 [http-nio-8080-exec-3] DEBUG org.mybatis.spring.SqlSessionUtils - Creating a new SqlSession
2025-01-13 16:09:58 [http-nio-8080-exec-10] DEBUG org.mybatis.spring.SqlSessionUtils - SqlSession [org.apache.ibatis.session.defaults.DefaultSqlSession@4abe882e] was not registered for synchronization because synchronization is not active
2025-01-13 16:09:58 [http-nio-8080-exec-9] DEBUG org.mybatis.spring.SqlSessionUtils - SqlSession [org.apache.ibatis.session.defaults.DefaultSqlSession@728b7dde] was not registered for synchronization because synchronization is not active
2025-01-13 16:09:58 [http-nio-8080-exec-3] DEBUG org.mybatis.spring.SqlSessionUtils - SqlSession [org.apache.ibatis.session.defaults.DefaultSqlSession@13b7e736] was not registered for synchronization because synchronization is not active
2025-01-13 16:09:58 [http-nio-8080-exec-10] DEBUG o.m.s.t.SpringManagedTransaction - JDBC Connection [HikariProxyConnection@2139134481 wrapping com.mysql.cj.jdbc.ConnectionImpl@1b176bb] will not be managed by Spring
2025-01-13 16:09:58 [http-nio-8080-exec-9] DEBUG o.m.s.t.SpringManagedTransaction - JDBC Connection [HikariProxyConnection@1264970579 wrapping com.mysql.cj.jdbc.ConnectionImpl@202516a8] will not be managed by Spring
2025-01-13 16:09:58 [http-nio-8080-exec-10] DEBUG c.s.d.m.C.selectLnbSubList - ==>  Preparing: SELECT CT_LNB_SUB_IDX AS ctLnbSubIdx, CT_LNB_ID AS ctLnbId, CT_LNB_SUB_ID AS ctLnbSubId, CT_LNB_SUB_NAME AS ctLnbSubName, CT_LNB_SUB_URL AS ctLnbSubUrl FROM CT_LNB_SUB WHERE CT_LNB_ID = ? ORDER BY CT_LNB_SUB_IDX
2025-01-13 16:09:58 [http-nio-8080-exec-9] DEBUG c.s.d.m.C.selectLnbSubList - ==>  Preparing: SELECT CT_LNB_SUB_IDX AS ctLnbSubIdx, CT_LNB_ID AS ctLnbId, CT_LNB_SUB_ID AS ctLnbSubId, CT_LNB_SUB_NAME AS ctLnbSubName, CT_LNB_SUB_URL AS ctLnbSubUrl FROM CT_LNB_SUB WHERE CT_LNB_ID = ? ORDER BY CT_LNB_SUB_IDX
2025-01-13 16:09:58 [http-nio-8080-exec-10] DEBUG c.s.d.m.C.selectLnbSubList - ==> Parameters: CT_LNB_CONTACT(String)
2025-01-13 16:09:58 [http-nio-8080-exec-9] DEBUG c.s.d.m.C.selectLnbSubList - ==> Parameters: CT_LNB_COMPANY(String)
2025-01-13 16:09:58 [http-nio-8080-exec-3] DEBUG o.m.s.t.SpringManagedTransaction - JDBC Connection [HikariProxyConnection@1728632279 wrapping com.mysql.cj.jdbc.ConnectionImpl@2f55317c] will not be managed by Spring
2025-01-13 16:09:58 [http-nio-8080-exec-3] DEBUG c.s.d.m.C.selectLnbSubList - ==>  Preparing: SELECT CT_LNB_SUB_IDX AS ctLnbSubIdx, CT_LNB_ID AS ctLnbId, CT_LNB_SUB_ID AS ctLnbSubId, CT_LNB_SUB_NAME AS ctLnbSubName, CT_LNB_SUB_URL AS ctLnbSubUrl FROM CT_LNB_SUB WHERE CT_LNB_ID = ? ORDER BY CT_LNB_SUB_IDX
2025-01-13 16:09:58 [http-nio-8080-exec-3] DEBUG c.s.d.m.C.selectLnbSubList - ==> Parameters: CT_LNB_SERVICE(String)
2025-01-13 16:09:58 [http-nio-8080-exec-9] DEBUG c.s.d.m.C.selectLnbSubList - <==      Total: 1
2025-01-13 16:09:58 [http-nio-8080-exec-10] DEBUG c.s.d.m.C.selectLnbSubList - <==      Total: 2
2025-01-13 16:09:58 [http-nio-8080-exec-3] DEBUG c.s.d.m.C.selectLnbSubList - <==      Total: 4
2025-01-13 16:09:58 [http-nio-8080-exec-9] DEBUG org.mybatis.spring.SqlSessionUtils - Closing non transactional SqlSession [org.apache.ibatis.session.defaults.DefaultSqlSession@728b7dde]
2025-01-13 16:09:58 [http-nio-8080-exec-3] DEBUG org.mybatis.spring.SqlSessionUtils - Closing non transactional SqlSession [org.apache.ibatis.session.defaults.DefaultSqlSession@13b7e736]
2025-01-13 16:09:58 [http-nio-8080-exec-10] DEBUG org.mybatis.spring.SqlSessionUtils - Closing non transactional SqlSession [org.apache.ibatis.session.defaults.DefaultSqlSession@4abe882e]
2025-01-13 16:09:58 [http-nio-8080-exec-8] DEBUG org.mybatis.spring.SqlSessionUtils - Creating a new SqlSession
2025-01-13 16:09:58 [http-nio-8080-exec-6] DEBUG org.mybatis.spring.SqlSessionUtils - Creating a new SqlSession
2025-01-13 16:09:58 [http-nio-8080-exec-1] DEBUG org.mybatis.spring.SqlSessionUtils - Creating a new SqlSession
2025-01-13 16:09:58 [http-nio-8080-exec-8] DEBUG org.mybatis.spring.SqlSessionUtils - SqlSession [org.apache.ibatis.session.defaults.DefaultSqlSession@3effd16d] was not registered for synchronization because synchronization is not active
2025-01-13 16:09:58 [http-nio-8080-exec-6] DEBUG org.mybatis.spring.SqlSessionUtils - SqlSession [org.apache.ibatis.session.defaults.DefaultSqlSession@21cec0a6] was not registered for synchronization because synchronization is not active
2025-01-13 16:09:58 [http-nio-8080-exec-1] DEBUG org.mybatis.spring.SqlSessionUtils - SqlSession [org.apache.ibatis.session.defaults.DefaultSqlSession@5ee0765a] was not registered for synchronization because synchronization is not active
2025-01-13 16:09:58 [http-nio-8080-exec-8] DEBUG o.m.s.t.SpringManagedTransaction - JDBC Connection [HikariProxyConnection@808318683 wrapping com.mysql.cj.jdbc.ConnectionImpl@2f55317c] will not be managed by Spring
2025-01-13 16:09:58 [http-nio-8080-exec-1] DEBUG o.m.s.t.SpringManagedTransaction - JDBC Connection [HikariProxyConnection@430337189 wrapping com.mysql.cj.jdbc.ConnectionImpl@202516a8] will not be managed by Spring
2025-01-13 16:09:58 [http-nio-8080-exec-6] DEBUG o.m.s.t.SpringManagedTransaction - JDBC Connection [HikariProxyConnection@1090575945 wrapping com.mysql.cj.jdbc.ConnectionImpl@1b176bb] will not be managed by Spring
2025-01-13 16:09:58 [http-nio-8080-exec-8] DEBUG c.s.d.m.C.selectLnbSubList - ==>  Preparing: SELECT CT_LNB_SUB_IDX AS ctLnbSubIdx, CT_LNB_ID AS ctLnbId, CT_LNB_SUB_ID AS ctLnbSubId, CT_LNB_SUB_NAME AS ctLnbSubName, CT_LNB_SUB_URL AS ctLnbSubUrl FROM CT_LNB_SUB WHERE CT_LNB_ID = ? ORDER BY CT_LNB_SUB_IDX
2025-01-13 16:09:58 [http-nio-8080-exec-1] DEBUG c.s.d.m.C.selectLnbSubList - ==>  Preparing: SELECT CT_LNB_SUB_IDX AS ctLnbSubIdx, CT_LNB_ID AS ctLnbId, CT_LNB_SUB_ID AS ctLnbSubId, CT_LNB_SUB_NAME AS ctLnbSubName, CT_LNB_SUB_URL AS ctLnbSubUrl FROM CT_LNB_SUB WHERE CT_LNB_ID = ? ORDER BY CT_LNB_SUB_IDX
2025-01-13 16:09:58 [http-nio-8080-exec-6] DEBUG c.s.d.m.C.selectLnbSubList - ==>  Preparing: SELECT CT_LNB_SUB_IDX AS ctLnbSubIdx, CT_LNB_ID AS ctLnbId, CT_LNB_SUB_ID AS ctLnbSubId, CT_LNB_SUB_NAME AS ctLnbSubName, CT_LNB_SUB_URL AS ctLnbSubUrl FROM CT_LNB_SUB WHERE CT_LNB_ID = ? ORDER BY CT_LNB_SUB_IDX
2025-01-13 16:09:58 [http-nio-8080-exec-8] DEBUG c.s.d.m.C.selectLnbSubList - ==> Parameters: CT_LNB_COMPANY(String)
2025-01-13 16:09:58 [http-nio-8080-exec-1] DEBUG c.s.d.m.C.selectLnbSubList - ==> Parameters: CT_LNB_CONTACT(String)
2025-01-13 16:09:58 [http-nio-8080-exec-6] DEBUG c.s.d.m.C.selectLnbSubList - ==> Parameters: CT_LNB_SERVICE(String)
2025-01-13 16:09:58 [http-nio-8080-exec-1] DEBUG c.s.d.m.C.selectLnbSubList - <==      Total: 2
2025-01-13 16:09:58 [http-nio-8080-exec-8] DEBUG c.s.d.m.C.selectLnbSubList - <==      Total: 1
2025-01-13 16:09:58 [http-nio-8080-exec-6] DEBUG c.s.d.m.C.selectLnbSubList - <==      Total: 4
2025-01-13 16:09:58 [http-nio-8080-exec-6] DEBUG org.mybatis.spring.SqlSessionUtils - Closing non transactional SqlSession [org.apache.ibatis.session.defaults.DefaultSqlSession@21cec0a6]
2025-01-13 16:09:58 [http-nio-8080-exec-1] DEBUG org.mybatis.spring.SqlSessionUtils - Closing non transactional SqlSession [org.apache.ibatis.session.defaults.DefaultSqlSession@5ee0765a]
2025-01-13 16:09:58 [http-nio-8080-exec-8] DEBUG org.mybatis.spring.SqlSessionUtils - Closing non transactional SqlSession [org.apache.ibatis.session.defaults.DefaultSqlSession@3effd16d]
2025-01-13 16:10:09 [http-nio-8080-exec-3] WARN  o.t.s.p.AbstractStandardFragmentInsertionTagProcessor - [THYMELEAF][http-nio-8080-exec-3][common/layout/layout] Deprecated unwrapped fragment expression "common/fragments/header::header" found in template common/layout/layout, line 33, col 10. Please use the complete syntax of fragment expressions instead ("~{common/fragments/header::header}"). The old, unwrapped syntax for fragment expressions will be removed in future versions of Thymeleaf.
2025-01-13 16:10:09 [http-nio-8080-exec-3] WARN  o.t.s.p.AbstractStandardFragmentInsertionTagProcessor - [THYMELEAF][http-nio-8080-exec-3][common/layout/layout] Deprecated unwrapped fragment expression "common/fragments/footer::footer" found in template common/layout/layout, line 37, col 10. Please use the complete syntax of fragment expressions instead ("~{common/fragments/footer::footer}"). The old, unwrapped syntax for fragment expressions will be removed in future versions of Thymeleaf.
2025-01-13 16:10:09 [http-nio-8080-exec-2] DEBUG org.mybatis.spring.SqlSessionUtils - Creating a new SqlSession
2025-01-13 16:10:09 [http-nio-8080-exec-2] DEBUG org.mybatis.spring.SqlSessionUtils - SqlSession [org.apache.ibatis.session.defaults.DefaultSqlSession@2bdceef0] was not registered for synchronization because synchronization is not active
2025-01-13 16:10:09 [http-nio-8080-exec-2] DEBUG o.m.s.t.SpringManagedTransaction - JDBC Connection [HikariProxyConnection@112772807 wrapping com.mysql.cj.jdbc.ConnectionImpl@2f55317c] will not be managed by Spring
2025-01-13 16:10:09 [http-nio-8080-exec-2] DEBUG c.s.d.m.CommonMapper.selectLnbList - ==>  Preparing: SELECT CT_LNB_IDX AS ctLnbIdx, CT_LNB_ID AS ctLnbId, CT_LNB_NAME AS ctLnbName, CT_LNB_SUB_YN AS ctLnbSubYn, CT_LNB_URL AS ctLnbUrl, CT_LNB_USE_YN AS ctLnbUseYn FROM CT_LNB WHERE CT_LNB_USE_YN = 'Y' ORDER BY CT_LNB_IDX
2025-01-13 16:10:09 [http-nio-8080-exec-2] DEBUG c.s.d.m.CommonMapper.selectLnbList - ==> Parameters: 
2025-01-13 16:10:09 [http-nio-8080-exec-2] DEBUG c.s.d.m.CommonMapper.selectLnbList - <==      Total: 4
2025-01-13 16:10:09 [http-nio-8080-exec-2] DEBUG org.mybatis.spring.SqlSessionUtils - Closing non transactional SqlSession [org.apache.ibatis.session.defaults.DefaultSqlSession@2bdceef0]
2025-01-13 16:10:09 [http-nio-8080-exec-9] DEBUG org.mybatis.spring.SqlSessionUtils - Creating a new SqlSession
2025-01-13 16:10:09 [http-nio-8080-exec-9] DEBUG org.mybatis.spring.SqlSessionUtils - SqlSession [org.apache.ibatis.session.defaults.DefaultSqlSession@5960fb9d] was not registered for synchronization because synchronization is not active
2025-01-13 16:10:09 [http-nio-8080-exec-9] DEBUG o.m.s.t.SpringManagedTransaction - JDBC Connection [HikariProxyConnection@500792137 wrapping com.mysql.cj.jdbc.ConnectionImpl@202516a8] will not be managed by Spring
2025-01-13 16:10:09 [http-nio-8080-exec-9] DEBUG c.s.d.m.CommonMapper.selectLnbList - ==>  Preparing: SELECT CT_LNB_IDX AS ctLnbIdx, CT_LNB_ID AS ctLnbId, CT_LNB_NAME AS ctLnbName, CT_LNB_SUB_YN AS ctLnbSubYn, CT_LNB_URL AS ctLnbUrl, CT_LNB_USE_YN AS ctLnbUseYn FROM CT_LNB WHERE CT_LNB_USE_YN = 'Y' ORDER BY CT_LNB_IDX
2025-01-13 16:10:09 [http-nio-8080-exec-9] DEBUG c.s.d.m.CommonMapper.selectLnbList - ==> Parameters: 
2025-01-13 16:10:09 [http-nio-8080-exec-9] DEBUG c.s.d.m.CommonMapper.selectLnbList - <==      Total: 4
2025-01-13 16:10:09 [http-nio-8080-exec-9] DEBUG org.mybatis.spring.SqlSessionUtils - Closing non transactional SqlSession [org.apache.ibatis.session.defaults.DefaultSqlSession@5960fb9d]
2025-01-13 16:10:09 [http-nio-8080-exec-7] DEBUG org.mybatis.spring.SqlSessionUtils - Creating a new SqlSession
2025-01-13 16:10:09 [http-nio-8080-exec-7] DEBUG org.mybatis.spring.SqlSessionUtils - SqlSession [org.apache.ibatis.session.defaults.DefaultSqlSession@49798bb7] was not registered for synchronization because synchronization is not active
2025-01-13 16:10:09 [http-nio-8080-exec-3] DEBUG org.mybatis.spring.SqlSessionUtils - Creating a new SqlSession
2025-01-13 16:10:09 [http-nio-8080-exec-5] DEBUG org.mybatis.spring.SqlSessionUtils - Creating a new SqlSession
2025-01-13 16:10:09 [http-nio-8080-exec-3] DEBUG org.mybatis.spring.SqlSessionUtils - SqlSession [org.apache.ibatis.session.defaults.DefaultSqlSession@2c96dc25] was not registered for synchronization because synchronization is not active
2025-01-13 16:10:09 [http-nio-8080-exec-5] DEBUG org.mybatis.spring.SqlSessionUtils - SqlSession [org.apache.ibatis.session.defaults.DefaultSqlSession@7d519c05] was not registered for synchronization because synchronization is not active
2025-01-13 16:10:09 [http-nio-8080-exec-5] DEBUG o.m.s.t.SpringManagedTransaction - JDBC Connection [HikariProxyConnection@1594082366 wrapping com.mysql.cj.jdbc.ConnectionImpl@202516a8] will not be managed by Spring
2025-01-13 16:10:09 [http-nio-8080-exec-3] DEBUG o.m.s.t.SpringManagedTransaction - JDBC Connection [HikariProxyConnection@724197853 wrapping com.mysql.cj.jdbc.ConnectionImpl@2f55317c] will not be managed by Spring
2025-01-13 16:10:09 [http-nio-8080-exec-3] DEBUG c.s.d.m.C.selectLnbSubList - ==>  Preparing: SELECT CT_LNB_SUB_IDX AS ctLnbSubIdx, CT_LNB_ID AS ctLnbId, CT_LNB_SUB_ID AS ctLnbSubId, CT_LNB_SUB_NAME AS ctLnbSubName, CT_LNB_SUB_URL AS ctLnbSubUrl FROM CT_LNB_SUB WHERE CT_LNB_ID = ? ORDER BY CT_LNB_SUB_IDX
2025-01-13 16:10:09 [http-nio-8080-exec-5] DEBUG c.s.d.m.C.selectLnbSubList - ==>  Preparing: SELECT CT_LNB_SUB_IDX AS ctLnbSubIdx, CT_LNB_ID AS ctLnbId, CT_LNB_SUB_ID AS ctLnbSubId, CT_LNB_SUB_NAME AS ctLnbSubName, CT_LNB_SUB_URL AS ctLnbSubUrl FROM CT_LNB_SUB WHERE CT_LNB_ID = ? ORDER BY CT_LNB_SUB_IDX
2025-01-13 16:10:09 [http-nio-8080-exec-7] DEBUG o.m.s.t.SpringManagedTransaction - JDBC Connection [HikariProxyConnection@250120230 wrapping com.mysql.cj.jdbc.ConnectionImpl@1b176bb] will not be managed by Spring
2025-01-13 16:10:09 [http-nio-8080-exec-7] DEBUG c.s.d.m.C.selectLnbSubList - ==>  Preparing: SELECT CT_LNB_SUB_IDX AS ctLnbSubIdx, CT_LNB_ID AS ctLnbId, CT_LNB_SUB_ID AS ctLnbSubId, CT_LNB_SUB_NAME AS ctLnbSubName, CT_LNB_SUB_URL AS ctLnbSubUrl FROM CT_LNB_SUB WHERE CT_LNB_ID = ? ORDER BY CT_LNB_SUB_IDX
2025-01-13 16:10:09 [http-nio-8080-exec-3] DEBUG c.s.d.m.C.selectLnbSubList - ==> Parameters: CT_LNB_CONTACT(String)
2025-01-13 16:10:09 [http-nio-8080-exec-5] DEBUG c.s.d.m.C.selectLnbSubList - ==> Parameters: CT_LNB_SERVICE(String)
2025-01-13 16:10:09 [http-nio-8080-exec-7] DEBUG c.s.d.m.C.selectLnbSubList - ==> Parameters: CT_LNB_COMPANY(String)
2025-01-13 16:10:09 [http-nio-8080-exec-7] DEBUG c.s.d.m.C.selectLnbSubList - <==      Total: 1
2025-01-13 16:10:09 [http-nio-8080-exec-3] DEBUG c.s.d.m.C.selectLnbSubList - <==      Total: 2
2025-01-13 16:10:09 [http-nio-8080-exec-5] DEBUG c.s.d.m.C.selectLnbSubList - <==      Total: 4
2025-01-13 16:10:09 [http-nio-8080-exec-7] DEBUG org.mybatis.spring.SqlSessionUtils - Closing non transactional SqlSession [org.apache.ibatis.session.defaults.DefaultSqlSession@49798bb7]
2025-01-13 16:10:09 [http-nio-8080-exec-5] DEBUG org.mybatis.spring.SqlSessionUtils - Closing non transactional SqlSession [org.apache.ibatis.session.defaults.DefaultSqlSession@7d519c05]
2025-01-13 16:10:09 [http-nio-8080-exec-3] DEBUG org.mybatis.spring.SqlSessionUtils - Closing non transactional SqlSession [org.apache.ibatis.session.defaults.DefaultSqlSession@2c96dc25]
2025-01-13 16:10:09 [http-nio-8080-exec-6] DEBUG org.mybatis.spring.SqlSessionUtils - Creating a new SqlSession
2025-01-13 16:10:09 [http-nio-8080-exec-1] DEBUG org.mybatis.spring.SqlSessionUtils - Creating a new SqlSession
2025-01-13 16:10:09 [http-nio-8080-exec-2] DEBUG org.mybatis.spring.SqlSessionUtils - Creating a new SqlSession
2025-01-13 16:10:09 [http-nio-8080-exec-6] DEBUG org.mybatis.spring.SqlSessionUtils - SqlSession [org.apache.ibatis.session.defaults.DefaultSqlSession@2c10424b] was not registered for synchronization because synchronization is not active
2025-01-13 16:10:09 [http-nio-8080-exec-2] DEBUG org.mybatis.spring.SqlSessionUtils - SqlSession [org.apache.ibatis.session.defaults.DefaultSqlSession@79f7549f] was not registered for synchronization because synchronization is not active
2025-01-13 16:10:09 [http-nio-8080-exec-1] DEBUG org.mybatis.spring.SqlSessionUtils - SqlSession [org.apache.ibatis.session.defaults.DefaultSqlSession@22e6fb0c] was not registered for synchronization because synchronization is not active
2025-01-13 16:10:09 [http-nio-8080-exec-2] DEBUG o.m.s.t.SpringManagedTransaction - JDBC Connection [HikariProxyConnection@890281535 wrapping com.mysql.cj.jdbc.ConnectionImpl@2f55317c] will not be managed by Spring
2025-01-13 16:10:09 [http-nio-8080-exec-6] DEBUG o.m.s.t.SpringManagedTransaction - JDBC Connection [HikariProxyConnection@1649380276 wrapping com.mysql.cj.jdbc.ConnectionImpl@1b176bb] will not be managed by Spring
2025-01-13 16:10:09 [http-nio-8080-exec-1] DEBUG o.m.s.t.SpringManagedTransaction - JDBC Connection [HikariProxyConnection@2001196882 wrapping com.mysql.cj.jdbc.ConnectionImpl@202516a8] will not be managed by Spring
2025-01-13 16:10:09 [http-nio-8080-exec-2] DEBUG c.s.d.m.C.selectLnbSubList - ==>  Preparing: SELECT CT_LNB_SUB_IDX AS ctLnbSubIdx, CT_LNB_ID AS ctLnbId, CT_LNB_SUB_ID AS ctLnbSubId, CT_LNB_SUB_NAME AS ctLnbSubName, CT_LNB_SUB_URL AS ctLnbSubUrl FROM CT_LNB_SUB WHERE CT_LNB_ID = ? ORDER BY CT_LNB_SUB_IDX
2025-01-13 16:10:09 [http-nio-8080-exec-6] DEBUG c.s.d.m.C.selectLnbSubList - ==>  Preparing: SELECT CT_LNB_SUB_IDX AS ctLnbSubIdx, CT_LNB_ID AS ctLnbId, CT_LNB_SUB_ID AS ctLnbSubId, CT_LNB_SUB_NAME AS ctLnbSubName, CT_LNB_SUB_URL AS ctLnbSubUrl FROM CT_LNB_SUB WHERE CT_LNB_ID = ? ORDER BY CT_LNB_SUB_IDX
2025-01-13 16:10:09 [http-nio-8080-exec-1] DEBUG c.s.d.m.C.selectLnbSubList - ==>  Preparing: SELECT CT_LNB_SUB_IDX AS ctLnbSubIdx, CT_LNB_ID AS ctLnbId, CT_LNB_SUB_ID AS ctLnbSubId, CT_LNB_SUB_NAME AS ctLnbSubName, CT_LNB_SUB_URL AS ctLnbSubUrl FROM CT_LNB_SUB WHERE CT_LNB_ID = ? ORDER BY CT_LNB_SUB_IDX
2025-01-13 16:10:09 [http-nio-8080-exec-2] DEBUG c.s.d.m.C.selectLnbSubList - ==> Parameters: CT_LNB_CONTACT(String)
2025-01-13 16:10:09 [http-nio-8080-exec-6] DEBUG c.s.d.m.C.selectLnbSubList - ==> Parameters: CT_LNB_SERVICE(String)
2025-01-13 16:10:09 [http-nio-8080-exec-1] DEBUG c.s.d.m.C.selectLnbSubList - ==> Parameters: CT_LNB_COMPANY(String)
2025-01-13 16:10:09 [http-nio-8080-exec-2] DEBUG c.s.d.m.C.selectLnbSubList - <==      Total: 2
2025-01-13 16:10:09 [http-nio-8080-exec-1] DEBUG c.s.d.m.C.selectLnbSubList - <==      Total: 1
2025-01-13 16:10:09 [http-nio-8080-exec-6] DEBUG c.s.d.m.C.selectLnbSubList - <==      Total: 4
2025-01-13 16:10:09 [http-nio-8080-exec-2] DEBUG org.mybatis.spring.SqlSessionUtils - Closing non transactional SqlSession [org.apache.ibatis.session.defaults.DefaultSqlSession@79f7549f]
2025-01-13 16:10:09 [http-nio-8080-exec-1] DEBUG org.mybatis.spring.SqlSessionUtils - Closing non transactional SqlSession [org.apache.ibatis.session.defaults.DefaultSqlSession@22e6fb0c]
2025-01-13 16:10:09 [http-nio-8080-exec-6] DEBUG org.mybatis.spring.SqlSessionUtils - Closing non transactional SqlSession [org.apache.ibatis.session.defaults.DefaultSqlSession@2c10424b]
2025-01-13 16:10:19 [http-nio-8080-exec-10] WARN  o.t.s.p.AbstractStandardFragmentInsertionTagProcessor - [THYMELEAF][http-nio-8080-exec-10][common/layout/layout] Deprecated unwrapped fragment expression "common/fragments/header::header" found in template common/layout/layout, line 33, col 10. Please use the complete syntax of fragment expressions instead ("~{common/fragments/header::header}"). The old, unwrapped syntax for fragment expressions will be removed in future versions of Thymeleaf.
2025-01-13 16:10:19 [http-nio-8080-exec-10] WARN  o.t.s.p.AbstractStandardFragmentInsertionTagProcessor - [THYMELEAF][http-nio-8080-exec-10][common/layout/layout] Deprecated unwrapped fragment expression "common/fragments/footer::footer" found in template common/layout/layout, line 37, col 10. Please use the complete syntax of fragment expressions instead ("~{common/fragments/footer::footer}"). The old, unwrapped syntax for fragment expressions will be removed in future versions of Thymeleaf.
2025-01-13 16:10:19 [http-nio-8080-exec-7] DEBUG org.mybatis.spring.SqlSessionUtils - Creating a new SqlSession
2025-01-13 16:10:19 [http-nio-8080-exec-7] DEBUG org.mybatis.spring.SqlSessionUtils - SqlSession [org.apache.ibatis.session.defaults.DefaultSqlSession@40f5f7f2] was not registered for synchronization because synchronization is not active
2025-01-13 16:10:19 [http-nio-8080-exec-7] DEBUG o.m.s.t.SpringManagedTransaction - JDBC Connection [HikariProxyConnection@177667698 wrapping com.mysql.cj.jdbc.ConnectionImpl@1b176bb] will not be managed by Spring
2025-01-13 16:10:19 [http-nio-8080-exec-7] DEBUG c.s.d.m.CommonMapper.selectLnbList - ==>  Preparing: SELECT CT_LNB_IDX AS ctLnbIdx, CT_LNB_ID AS ctLnbId, CT_LNB_NAME AS ctLnbName, CT_LNB_SUB_YN AS ctLnbSubYn, CT_LNB_URL AS ctLnbUrl, CT_LNB_USE_YN AS ctLnbUseYn FROM CT_LNB WHERE CT_LNB_USE_YN = 'Y' ORDER BY CT_LNB_IDX
2025-01-13 16:10:19 [http-nio-8080-exec-7] DEBUG c.s.d.m.CommonMapper.selectLnbList - ==> Parameters: 
2025-01-13 16:10:19 [http-nio-8080-exec-7] DEBUG c.s.d.m.CommonMapper.selectLnbList - <==      Total: 4
2025-01-13 16:10:19 [http-nio-8080-exec-7] DEBUG org.mybatis.spring.SqlSessionUtils - Closing non transactional SqlSession [org.apache.ibatis.session.defaults.DefaultSqlSession@40f5f7f2]
2025-01-13 16:10:19 [http-nio-8080-exec-4] DEBUG org.mybatis.spring.SqlSessionUtils - Creating a new SqlSession
2025-01-13 16:10:19 [http-nio-8080-exec-4] DEBUG org.mybatis.spring.SqlSessionUtils - SqlSession [org.apache.ibatis.session.defaults.DefaultSqlSession@1a6c341b] was not registered for synchronization because synchronization is not active
2025-01-13 16:10:19 [http-nio-8080-exec-4] DEBUG o.m.s.t.SpringManagedTransaction - JDBC Connection [HikariProxyConnection@1672102396 wrapping com.mysql.cj.jdbc.ConnectionImpl@1b176bb] will not be managed by Spring
2025-01-13 16:10:19 [http-nio-8080-exec-4] DEBUG c.s.d.m.CommonMapper.selectLnbList - ==>  Preparing: SELECT CT_LNB_IDX AS ctLnbIdx, CT_LNB_ID AS ctLnbId, CT_LNB_NAME AS ctLnbName, CT_LNB_SUB_YN AS ctLnbSubYn, CT_LNB_URL AS ctLnbUrl, CT_LNB_USE_YN AS ctLnbUseYn FROM CT_LNB WHERE CT_LNB_USE_YN = 'Y' ORDER BY CT_LNB_IDX
2025-01-13 16:10:19 [http-nio-8080-exec-4] DEBUG c.s.d.m.CommonMapper.selectLnbList - ==> Parameters: 
2025-01-13 16:10:19 [http-nio-8080-exec-4] DEBUG c.s.d.m.CommonMapper.selectLnbList - <==      Total: 4
2025-01-13 16:10:19 [http-nio-8080-exec-4] DEBUG org.mybatis.spring.SqlSessionUtils - Closing non transactional SqlSession [org.apache.ibatis.session.defaults.DefaultSqlSession@1a6c341b]
2025-01-13 16:10:19 [http-nio-8080-exec-8] DEBUG org.mybatis.spring.SqlSessionUtils - Creating a new SqlSession
2025-01-13 16:10:19 [http-nio-8080-exec-2] DEBUG org.mybatis.spring.SqlSessionUtils - Creating a new SqlSession
2025-01-13 16:10:19 [http-nio-8080-exec-3] DEBUG org.mybatis.spring.SqlSessionUtils - Creating a new SqlSession
2025-01-13 16:10:19 [http-nio-8080-exec-8] DEBUG org.mybatis.spring.SqlSessionUtils - SqlSession [org.apache.ibatis.session.defaults.DefaultSqlSession@38348810] was not registered for synchronization because synchronization is not active
2025-01-13 16:10:19 [http-nio-8080-exec-2] DEBUG org.mybatis.spring.SqlSessionUtils - SqlSession [org.apache.ibatis.session.defaults.DefaultSqlSession@1b2b85d9] was not registered for synchronization because synchronization is not active
2025-01-13 16:10:19 [http-nio-8080-exec-3] DEBUG org.mybatis.spring.SqlSessionUtils - SqlSession [org.apache.ibatis.session.defaults.DefaultSqlSession@26395e0b] was not registered for synchronization because synchronization is not active
2025-01-13 16:10:19 [http-nio-8080-exec-2] DEBUG o.m.s.t.SpringManagedTransaction - JDBC Connection [HikariProxyConnection@422729168 wrapping com.mysql.cj.jdbc.ConnectionImpl@1b176bb] will not be managed by Spring
2025-01-13 16:10:19 [http-nio-8080-exec-2] DEBUG c.s.d.m.C.selectLnbSubList - ==>  Preparing: SELECT CT_LNB_SUB_IDX AS ctLnbSubIdx, CT_LNB_ID AS ctLnbId, CT_LNB_SUB_ID AS ctLnbSubId, CT_LNB_SUB_NAME AS ctLnbSubName, CT_LNB_SUB_URL AS ctLnbSubUrl FROM CT_LNB_SUB WHERE CT_LNB_ID = ? ORDER BY CT_LNB_SUB_IDX
2025-01-13 16:10:19 [http-nio-8080-exec-2] DEBUG c.s.d.m.C.selectLnbSubList - ==> Parameters: CT_LNB_SERVICE(String)
2025-01-13 16:10:19 [http-nio-8080-exec-3] DEBUG o.m.s.t.SpringManagedTransaction - JDBC Connection [HikariProxyConnection@252856039 wrapping com.mysql.cj.jdbc.ConnectionImpl@2f55317c] will not be managed by Spring
2025-01-13 16:10:19 [http-nio-8080-exec-3] DEBUG c.s.d.m.C.selectLnbSubList - ==>  Preparing: SELECT CT_LNB_SUB_IDX AS ctLnbSubIdx, CT_LNB_ID AS ctLnbId, CT_LNB_SUB_ID AS ctLnbSubId, CT_LNB_SUB_NAME AS ctLnbSubName, CT_LNB_SUB_URL AS ctLnbSubUrl FROM CT_LNB_SUB WHERE CT_LNB_ID = ? ORDER BY CT_LNB_SUB_IDX
2025-01-13 16:10:19 [http-nio-8080-exec-3] DEBUG c.s.d.m.C.selectLnbSubList - ==> Parameters: CT_LNB_COMPANY(String)
2025-01-13 16:10:19 [http-nio-8080-exec-8] DEBUG o.m.s.t.SpringManagedTransaction - JDBC Connection [HikariProxyConnection@1114443930 wrapping com.mysql.cj.jdbc.ConnectionImpl@202516a8] will not be managed by Spring
2025-01-13 16:10:19 [http-nio-8080-exec-8] DEBUG c.s.d.m.C.selectLnbSubList - ==>  Preparing: SELECT CT_LNB_SUB_IDX AS ctLnbSubIdx, CT_LNB_ID AS ctLnbId, CT_LNB_SUB_ID AS ctLnbSubId, CT_LNB_SUB_NAME AS ctLnbSubName, CT_LNB_SUB_URL AS ctLnbSubUrl FROM CT_LNB_SUB WHERE CT_LNB_ID = ? ORDER BY CT_LNB_SUB_IDX
2025-01-13 16:10:19 [http-nio-8080-exec-8] DEBUG c.s.d.m.C.selectLnbSubList - ==> Parameters: CT_LNB_CONTACT(String)
2025-01-13 16:10:19 [http-nio-8080-exec-3] DEBUG c.s.d.m.C.selectLnbSubList - <==      Total: 1
2025-01-13 16:10:19 [http-nio-8080-exec-2] DEBUG c.s.d.m.C.selectLnbSubList - <==      Total: 4
2025-01-13 16:10:19 [http-nio-8080-exec-8] DEBUG c.s.d.m.C.selectLnbSubList - <==      Total: 2
2025-01-13 16:10:19 [http-nio-8080-exec-2] DEBUG org.mybatis.spring.SqlSessionUtils - Closing non transactional SqlSession [org.apache.ibatis.session.defaults.DefaultSqlSession@1b2b85d9]
2025-01-13 16:10:19 [http-nio-8080-exec-3] DEBUG org.mybatis.spring.SqlSessionUtils - Closing non transactional SqlSession [org.apache.ibatis.session.defaults.DefaultSqlSession@26395e0b]
2025-01-13 16:10:19 [http-nio-8080-exec-8] DEBUG org.mybatis.spring.SqlSessionUtils - Closing non transactional SqlSession [org.apache.ibatis.session.defaults.DefaultSqlSession@38348810]
2025-01-13 16:10:19 [http-nio-8080-exec-7] DEBUG org.mybatis.spring.SqlSessionUtils - Creating a new SqlSession
2025-01-13 16:10:19 [http-nio-8080-exec-9] DEBUG org.mybatis.spring.SqlSessionUtils - Creating a new SqlSession
2025-01-13 16:10:19 [http-nio-8080-exec-10] DEBUG org.mybatis.spring.SqlSessionUtils - Creating a new SqlSession
2025-01-13 16:10:19 [http-nio-8080-exec-9] DEBUG org.mybatis.spring.SqlSessionUtils - SqlSession [org.apache.ibatis.session.defaults.DefaultSqlSession@5bbaf2ff] was not registered for synchronization because synchronization is not active
2025-01-13 16:10:19 [http-nio-8080-exec-10] DEBUG org.mybatis.spring.SqlSessionUtils - SqlSession [org.apache.ibatis.session.defaults.DefaultSqlSession@1b128e47] was not registered for synchronization because synchronization is not active
2025-01-13 16:10:19 [http-nio-8080-exec-7] DEBUG org.mybatis.spring.SqlSessionUtils - SqlSession [org.apache.ibatis.session.defaults.DefaultSqlSession@6de20b0c] was not registered for synchronization because synchronization is not active
2025-01-13 16:10:19 [http-nio-8080-exec-9] DEBUG o.m.s.t.SpringManagedTransaction - JDBC Connection [HikariProxyConnection@1496343260 wrapping com.mysql.cj.jdbc.ConnectionImpl@202516a8] will not be managed by Spring
2025-01-13 16:10:19 [http-nio-8080-exec-7] DEBUG o.m.s.t.SpringManagedTransaction - JDBC Connection [HikariProxyConnection@46607141 wrapping com.mysql.cj.jdbc.ConnectionImpl@1b176bb] will not be managed by Spring
2025-01-13 16:10:19 [http-nio-8080-exec-10] DEBUG o.m.s.t.SpringManagedTransaction - JDBC Connection [HikariProxyConnection@218887845 wrapping com.mysql.cj.jdbc.ConnectionImpl@2f55317c] will not be managed by Spring
2025-01-13 16:10:19 [http-nio-8080-exec-9] DEBUG c.s.d.m.C.selectLnbSubList - ==>  Preparing: SELECT CT_LNB_SUB_IDX AS ctLnbSubIdx, CT_LNB_ID AS ctLnbId, CT_LNB_SUB_ID AS ctLnbSubId, CT_LNB_SUB_NAME AS ctLnbSubName, CT_LNB_SUB_URL AS ctLnbSubUrl FROM CT_LNB_SUB WHERE CT_LNB_ID = ? ORDER BY CT_LNB_SUB_IDX
2025-01-13 16:10:19 [http-nio-8080-exec-7] DEBUG c.s.d.m.C.selectLnbSubList - ==>  Preparing: SELECT CT_LNB_SUB_IDX AS ctLnbSubIdx, CT_LNB_ID AS ctLnbId, CT_LNB_SUB_ID AS ctLnbSubId, CT_LNB_SUB_NAME AS ctLnbSubName, CT_LNB_SUB_URL AS ctLnbSubUrl FROM CT_LNB_SUB WHERE CT_LNB_ID = ? ORDER BY CT_LNB_SUB_IDX
2025-01-13 16:10:19 [http-nio-8080-exec-10] DEBUG c.s.d.m.C.selectLnbSubList - ==>  Preparing: SELECT CT_LNB_SUB_IDX AS ctLnbSubIdx, CT_LNB_ID AS ctLnbId, CT_LNB_SUB_ID AS ctLnbSubId, CT_LNB_SUB_NAME AS ctLnbSubName, CT_LNB_SUB_URL AS ctLnbSubUrl FROM CT_LNB_SUB WHERE CT_LNB_ID = ? ORDER BY CT_LNB_SUB_IDX
2025-01-13 16:10:19 [http-nio-8080-exec-9] DEBUG c.s.d.m.C.selectLnbSubList - ==> Parameters: CT_LNB_COMPANY(String)
2025-01-13 16:10:19 [http-nio-8080-exec-10] DEBUG c.s.d.m.C.selectLnbSubList - ==> Parameters: CT_LNB_SERVICE(String)
2025-01-13 16:10:19 [http-nio-8080-exec-7] DEBUG c.s.d.m.C.selectLnbSubList - ==> Parameters: CT_LNB_CONTACT(String)
2025-01-13 16:10:19 [http-nio-8080-exec-9] DEBUG c.s.d.m.C.selectLnbSubList - <==      Total: 1
2025-01-13 16:10:19 [http-nio-8080-exec-10] DEBUG c.s.d.m.C.selectLnbSubList - <==      Total: 4
2025-01-13 16:10:19 [http-nio-8080-exec-7] DEBUG c.s.d.m.C.selectLnbSubList - <==      Total: 2
2025-01-13 16:10:19 [http-nio-8080-exec-9] DEBUG org.mybatis.spring.SqlSessionUtils - Closing non transactional SqlSession [org.apache.ibatis.session.defaults.DefaultSqlSession@5bbaf2ff]
2025-01-13 16:10:19 [http-nio-8080-exec-7] DEBUG org.mybatis.spring.SqlSessionUtils - Closing non transactional SqlSession [org.apache.ibatis.session.defaults.DefaultSqlSession@6de20b0c]
2025-01-13 16:10:19 [http-nio-8080-exec-10] DEBUG org.mybatis.spring.SqlSessionUtils - Closing non transactional SqlSession [org.apache.ibatis.session.defaults.DefaultSqlSession@1b128e47]
2025-01-13 16:10:27 [http-nio-8080-exec-4] WARN  o.t.s.p.AbstractStandardFragmentInsertionTagProcessor - [THYMELEAF][http-nio-8080-exec-4][common/layout/layout] Deprecated unwrapped fragment expression "common/fragments/header::header" found in template common/layout/layout, line 33, col 10. Please use the complete syntax of fragment expressions instead ("~{common/fragments/header::header}"). The old, unwrapped syntax for fragment expressions will be removed in future versions of Thymeleaf.
2025-01-13 16:10:27 [http-nio-8080-exec-4] WARN  o.t.s.p.AbstractStandardFragmentInsertionTagProcessor - [THYMELEAF][http-nio-8080-exec-4][common/layout/layout] Deprecated unwrapped fragment expression "common/fragments/footer::footer" found in template common/layout/layout, line 37, col 10. Please use the complete syntax of fragment expressions instead ("~{common/fragments/footer::footer}"). The old, unwrapped syntax for fragment expressions will be removed in future versions of Thymeleaf.
2025-01-13 16:10:27 [http-nio-8080-exec-2] DEBUG org.mybatis.spring.SqlSessionUtils - Creating a new SqlSession
2025-01-13 16:10:27 [http-nio-8080-exec-2] DEBUG org.mybatis.spring.SqlSessionUtils - SqlSession [org.apache.ibatis.session.defaults.DefaultSqlSession@1a3492b8] was not registered for synchronization because synchronization is not active
2025-01-13 16:10:27 [http-nio-8080-exec-2] DEBUG o.m.s.t.SpringManagedTransaction - JDBC Connection [HikariProxyConnection@287561979 wrapping com.mysql.cj.jdbc.ConnectionImpl@1b176bb] will not be managed by Spring
2025-01-13 16:10:27 [http-nio-8080-exec-2] DEBUG c.s.d.m.CommonMapper.selectLnbList - ==>  Preparing: SELECT CT_LNB_IDX AS ctLnbIdx, CT_LNB_ID AS ctLnbId, CT_LNB_NAME AS ctLnbName, CT_LNB_SUB_YN AS ctLnbSubYn, CT_LNB_URL AS ctLnbUrl, CT_LNB_USE_YN AS ctLnbUseYn FROM CT_LNB WHERE CT_LNB_USE_YN = 'Y' ORDER BY CT_LNB_IDX
2025-01-13 16:10:27 [http-nio-8080-exec-2] DEBUG c.s.d.m.CommonMapper.selectLnbList - ==> Parameters: 
2025-01-13 16:10:27 [http-nio-8080-exec-2] DEBUG c.s.d.m.CommonMapper.selectLnbList - <==      Total: 4
2025-01-13 16:10:27 [http-nio-8080-exec-2] DEBUG org.mybatis.spring.SqlSessionUtils - Closing non transactional SqlSession [org.apache.ibatis.session.defaults.DefaultSqlSession@1a3492b8]
2025-01-13 16:10:27 [http-nio-8080-exec-9] DEBUG org.mybatis.spring.SqlSessionUtils - Creating a new SqlSession
2025-01-13 16:10:27 [http-nio-8080-exec-9] DEBUG org.mybatis.spring.SqlSessionUtils - SqlSession [org.apache.ibatis.session.defaults.DefaultSqlSession@1e9740dd] was not registered for synchronization because synchronization is not active
2025-01-13 16:10:27 [http-nio-8080-exec-9] DEBUG o.m.s.t.SpringManagedTransaction - JDBC Connection [HikariProxyConnection@1147926353 wrapping com.mysql.cj.jdbc.ConnectionImpl@202516a8] will not be managed by Spring
2025-01-13 16:10:27 [http-nio-8080-exec-9] DEBUG c.s.d.m.CommonMapper.selectLnbList - ==>  Preparing: SELECT CT_LNB_IDX AS ctLnbIdx, CT_LNB_ID AS ctLnbId, CT_LNB_NAME AS ctLnbName, CT_LNB_SUB_YN AS ctLnbSubYn, CT_LNB_URL AS ctLnbUrl, CT_LNB_USE_YN AS ctLnbUseYn FROM CT_LNB WHERE CT_LNB_USE_YN = 'Y' ORDER BY CT_LNB_IDX
2025-01-13 16:10:27 [http-nio-8080-exec-9] DEBUG c.s.d.m.CommonMapper.selectLnbList - ==> Parameters: 
2025-01-13 16:10:27 [http-nio-8080-exec-9] DEBUG c.s.d.m.CommonMapper.selectLnbList - <==      Total: 4
2025-01-13 16:10:27 [http-nio-8080-exec-9] DEBUG org.mybatis.spring.SqlSessionUtils - Closing non transactional SqlSession [org.apache.ibatis.session.defaults.DefaultSqlSession@1e9740dd]
2025-01-13 16:10:27 [http-nio-8080-exec-4] DEBUG org.mybatis.spring.SqlSessionUtils - Creating a new SqlSession
2025-01-13 16:10:27 [http-nio-8080-exec-8] DEBUG org.mybatis.spring.SqlSessionUtils - Creating a new SqlSession
2025-01-13 16:10:27 [http-nio-8080-exec-3] DEBUG org.mybatis.spring.SqlSessionUtils - Creating a new SqlSession
2025-01-13 16:10:27 [http-nio-8080-exec-4] DEBUG org.mybatis.spring.SqlSessionUtils - SqlSession [org.apache.ibatis.session.defaults.DefaultSqlSession@59ad0f5d] was not registered for synchronization because synchronization is not active
2025-01-13 16:10:27 [http-nio-8080-exec-3] DEBUG org.mybatis.spring.SqlSessionUtils - SqlSession [org.apache.ibatis.session.defaults.DefaultSqlSession@84ee3de] was not registered for synchronization because synchronization is not active
2025-01-13 16:10:27 [http-nio-8080-exec-8] DEBUG org.mybatis.spring.SqlSessionUtils - SqlSession [org.apache.ibatis.session.defaults.DefaultSqlSession@375835ad] was not registered for synchronization because synchronization is not active
2025-01-13 16:10:27 [http-nio-8080-exec-4] DEBUG o.m.s.t.SpringManagedTransaction - JDBC Connection [HikariProxyConnection@49244512 wrapping com.mysql.cj.jdbc.ConnectionImpl@1b176bb] will not be managed by Spring
2025-01-13 16:10:27 [http-nio-8080-exec-8] DEBUG o.m.s.t.SpringManagedTransaction - JDBC Connection [HikariProxyConnection@441116531 wrapping com.mysql.cj.jdbc.ConnectionImpl@202516a8] will not be managed by Spring
2025-01-13 16:10:27 [http-nio-8080-exec-4] DEBUG c.s.d.m.C.selectLnbSubList - ==>  Preparing: SELECT CT_LNB_SUB_IDX AS ctLnbSubIdx, CT_LNB_ID AS ctLnbId, CT_LNB_SUB_ID AS ctLnbSubId, CT_LNB_SUB_NAME AS ctLnbSubName, CT_LNB_SUB_URL AS ctLnbSubUrl FROM CT_LNB_SUB WHERE CT_LNB_ID = ? ORDER BY CT_LNB_SUB_IDX
2025-01-13 16:10:27 [http-nio-8080-exec-8] DEBUG c.s.d.m.C.selectLnbSubList - ==>  Preparing: SELECT CT_LNB_SUB_IDX AS ctLnbSubIdx, CT_LNB_ID AS ctLnbId, CT_LNB_SUB_ID AS ctLnbSubId, CT_LNB_SUB_NAME AS ctLnbSubName, CT_LNB_SUB_URL AS ctLnbSubUrl FROM CT_LNB_SUB WHERE CT_LNB_ID = ? ORDER BY CT_LNB_SUB_IDX
2025-01-13 16:10:27 [http-nio-8080-exec-4] DEBUG c.s.d.m.C.selectLnbSubList - ==> Parameters: CT_LNB_CONTACT(String)
2025-01-13 16:10:27 [http-nio-8080-exec-8] DEBUG c.s.d.m.C.selectLnbSubList - ==> Parameters: CT_LNB_COMPANY(String)
2025-01-13 16:10:27 [http-nio-8080-exec-3] DEBUG o.m.s.t.SpringManagedTransaction - JDBC Connection [HikariProxyConnection@428700344 wrapping com.mysql.cj.jdbc.ConnectionImpl@2f55317c] will not be managed by Spring
2025-01-13 16:10:27 [http-nio-8080-exec-3] DEBUG c.s.d.m.C.selectLnbSubList - ==>  Preparing: SELECT CT_LNB_SUB_IDX AS ctLnbSubIdx, CT_LNB_ID AS ctLnbId, CT_LNB_SUB_ID AS ctLnbSubId, CT_LNB_SUB_NAME AS ctLnbSubName, CT_LNB_SUB_URL AS ctLnbSubUrl FROM CT_LNB_SUB WHERE CT_LNB_ID = ? ORDER BY CT_LNB_SUB_IDX
2025-01-13 16:10:27 [http-nio-8080-exec-3] DEBUG c.s.d.m.C.selectLnbSubList - ==> Parameters: CT_LNB_SERVICE(String)
2025-01-13 16:10:27 [http-nio-8080-exec-8] DEBUG c.s.d.m.C.selectLnbSubList - <==      Total: 1
2025-01-13 16:10:27 [http-nio-8080-exec-3] DEBUG c.s.d.m.C.selectLnbSubList - <==      Total: 4
2025-01-13 16:10:27 [http-nio-8080-exec-4] DEBUG c.s.d.m.C.selectLnbSubList - <==      Total: 2
2025-01-13 16:10:27 [http-nio-8080-exec-3] DEBUG org.mybatis.spring.SqlSessionUtils - Closing non transactional SqlSession [org.apache.ibatis.session.defaults.DefaultSqlSession@84ee3de]
2025-01-13 16:10:27 [http-nio-8080-exec-8] DEBUG org.mybatis.spring.SqlSessionUtils - Closing non transactional SqlSession [org.apache.ibatis.session.defaults.DefaultSqlSession@375835ad]
2025-01-13 16:10:27 [http-nio-8080-exec-4] DEBUG org.mybatis.spring.SqlSessionUtils - Closing non transactional SqlSession [org.apache.ibatis.session.defaults.DefaultSqlSession@59ad0f5d]
2025-01-13 16:10:27 [http-nio-8080-exec-5] DEBUG org.mybatis.spring.SqlSessionUtils - Creating a new SqlSession
2025-01-13 16:10:27 [http-nio-8080-exec-2] DEBUG org.mybatis.spring.SqlSessionUtils - Creating a new SqlSession
2025-01-13 16:10:27 [http-nio-8080-exec-6] DEBUG org.mybatis.spring.SqlSessionUtils - Creating a new SqlSession
2025-01-13 16:10:27 [http-nio-8080-exec-5] DEBUG org.mybatis.spring.SqlSessionUtils - SqlSession [org.apache.ibatis.session.defaults.DefaultSqlSession@44a95201] was not registered for synchronization because synchronization is not active
2025-01-13 16:10:27 [http-nio-8080-exec-2] DEBUG org.mybatis.spring.SqlSessionUtils - SqlSession [org.apache.ibatis.session.defaults.DefaultSqlSession@5e217e4e] was not registered for synchronization because synchronization is not active
2025-01-13 16:10:27 [http-nio-8080-exec-6] DEBUG org.mybatis.spring.SqlSessionUtils - SqlSession [org.apache.ibatis.session.defaults.DefaultSqlSession@2e941e13] was not registered for synchronization because synchronization is not active
2025-01-13 16:10:27 [http-nio-8080-exec-6] DEBUG o.m.s.t.SpringManagedTransaction - JDBC Connection [HikariProxyConnection@1686630701 wrapping com.mysql.cj.jdbc.ConnectionImpl@1b176bb] will not be managed by Spring
2025-01-13 16:10:27 [http-nio-8080-exec-5] DEBUG o.m.s.t.SpringManagedTransaction - JDBC Connection [HikariProxyConnection@149717177 wrapping com.mysql.cj.jdbc.ConnectionImpl@202516a8] will not be managed by Spring
2025-01-13 16:10:27 [http-nio-8080-exec-2] DEBUG o.m.s.t.SpringManagedTransaction - JDBC Connection [HikariProxyConnection@1614710368 wrapping com.mysql.cj.jdbc.ConnectionImpl@2f55317c] will not be managed by Spring
2025-01-13 16:10:27 [http-nio-8080-exec-6] DEBUG c.s.d.m.C.selectLnbSubList - ==>  Preparing: SELECT CT_LNB_SUB_IDX AS ctLnbSubIdx, CT_LNB_ID AS ctLnbId, CT_LNB_SUB_ID AS ctLnbSubId, CT_LNB_SUB_NAME AS ctLnbSubName, CT_LNB_SUB_URL AS ctLnbSubUrl FROM CT_LNB_SUB WHERE CT_LNB_ID = ? ORDER BY CT_LNB_SUB_IDX
2025-01-13 16:10:27 [http-nio-8080-exec-5] DEBUG c.s.d.m.C.selectLnbSubList - ==>  Preparing: SELECT CT_LNB_SUB_IDX AS ctLnbSubIdx, CT_LNB_ID AS ctLnbId, CT_LNB_SUB_ID AS ctLnbSubId, CT_LNB_SUB_NAME AS ctLnbSubName, CT_LNB_SUB_URL AS ctLnbSubUrl FROM CT_LNB_SUB WHERE CT_LNB_ID = ? ORDER BY CT_LNB_SUB_IDX
2025-01-13 16:10:27 [http-nio-8080-exec-2] DEBUG c.s.d.m.C.selectLnbSubList - ==>  Preparing: SELECT CT_LNB_SUB_IDX AS ctLnbSubIdx, CT_LNB_ID AS ctLnbId, CT_LNB_SUB_ID AS ctLnbSubId, CT_LNB_SUB_NAME AS ctLnbSubName, CT_LNB_SUB_URL AS ctLnbSubUrl FROM CT_LNB_SUB WHERE CT_LNB_ID = ? ORDER BY CT_LNB_SUB_IDX
2025-01-13 16:10:27 [http-nio-8080-exec-6] DEBUG c.s.d.m.C.selectLnbSubList - ==> Parameters: CT_LNB_COMPANY(String)
2025-01-13 16:10:27 [http-nio-8080-exec-5] DEBUG c.s.d.m.C.selectLnbSubList - ==> Parameters: CT_LNB_CONTACT(String)
2025-01-13 16:10:27 [http-nio-8080-exec-2] DEBUG c.s.d.m.C.selectLnbSubList - ==> Parameters: CT_LNB_SERVICE(String)
2025-01-13 16:10:27 [http-nio-8080-exec-6] DEBUG c.s.d.m.C.selectLnbSubList - <==      Total: 1
2025-01-13 16:10:27 [http-nio-8080-exec-5] DEBUG c.s.d.m.C.selectLnbSubList - <==      Total: 2
2025-01-13 16:10:27 [http-nio-8080-exec-2] DEBUG c.s.d.m.C.selectLnbSubList - <==      Total: 4
2025-01-13 16:10:27 [http-nio-8080-exec-6] DEBUG org.mybatis.spring.SqlSessionUtils - Closing non transactional SqlSession [org.apache.ibatis.session.defaults.DefaultSqlSession@2e941e13]
2025-01-13 16:10:27 [http-nio-8080-exec-5] DEBUG org.mybatis.spring.SqlSessionUtils - Closing non transactional SqlSession [org.apache.ibatis.session.defaults.DefaultSqlSession@44a95201]
2025-01-13 16:10:27 [http-nio-8080-exec-2] DEBUG org.mybatis.spring.SqlSessionUtils - Closing non transactional SqlSession [org.apache.ibatis.session.defaults.DefaultSqlSession@5e217e4e]
2025-01-13 16:10:58 [http-nio-8080-exec-7] WARN  o.t.s.p.AbstractStandardFragmentInsertionTagProcessor - [THYMELEAF][http-nio-8080-exec-7][common/layout/layout] Deprecated unwrapped fragment expression "common/fragments/header::header" found in template common/layout/layout, line 33, col 10. Please use the complete syntax of fragment expressions instead ("~{common/fragments/header::header}"). The old, unwrapped syntax for fragment expressions will be removed in future versions of Thymeleaf.
2025-01-13 16:10:58 [http-nio-8080-exec-7] WARN  o.t.s.p.AbstractStandardFragmentInsertionTagProcessor - [THYMELEAF][http-nio-8080-exec-7][common/layout/layout] Deprecated unwrapped fragment expression "common/fragments/footer::footer" found in template common/layout/layout, line 37, col 10. Please use the complete syntax of fragment expressions instead ("~{common/fragments/footer::footer}"). The old, unwrapped syntax for fragment expressions will be removed in future versions of Thymeleaf.
2025-01-13 16:10:58 [http-nio-8080-exec-4] DEBUG org.mybatis.spring.SqlSessionUtils - Creating a new SqlSession
2025-01-13 16:10:58 [http-nio-8080-exec-4] DEBUG org.mybatis.spring.SqlSessionUtils - SqlSession [org.apache.ibatis.session.defaults.DefaultSqlSession@7b53bda3] was not registered for synchronization because synchronization is not active
2025-01-13 16:10:58 [http-nio-8080-exec-4] DEBUG o.m.s.t.SpringManagedTransaction - JDBC Connection [HikariProxyConnection@34500544 wrapping com.mysql.cj.jdbc.ConnectionImpl@1b176bb] will not be managed by Spring
2025-01-13 16:10:58 [http-nio-8080-exec-4] DEBUG c.s.d.m.CommonMapper.selectLnbList - ==>  Preparing: SELECT CT_LNB_IDX AS ctLnbIdx, CT_LNB_ID AS ctLnbId, CT_LNB_NAME AS ctLnbName, CT_LNB_SUB_YN AS ctLnbSubYn, CT_LNB_URL AS ctLnbUrl, CT_LNB_USE_YN AS ctLnbUseYn FROM CT_LNB WHERE CT_LNB_USE_YN = 'Y' ORDER BY CT_LNB_IDX
2025-01-13 16:10:58 [http-nio-8080-exec-4] DEBUG c.s.d.m.CommonMapper.selectLnbList - ==> Parameters: 
2025-01-13 16:10:58 [http-nio-8080-exec-4] DEBUG c.s.d.m.CommonMapper.selectLnbList - <==      Total: 4
2025-01-13 16:10:58 [http-nio-8080-exec-4] DEBUG org.mybatis.spring.SqlSessionUtils - Closing non transactional SqlSession [org.apache.ibatis.session.defaults.DefaultSqlSession@7b53bda3]
2025-01-13 16:10:58 [http-nio-8080-exec-2] DEBUG org.mybatis.spring.SqlSessionUtils - Creating a new SqlSession
2025-01-13 16:10:58 [http-nio-8080-exec-2] DEBUG org.mybatis.spring.SqlSessionUtils - SqlSession [org.apache.ibatis.session.defaults.DefaultSqlSession@d49038f] was not registered for synchronization because synchronization is not active
2025-01-13 16:10:58 [http-nio-8080-exec-2] DEBUG o.m.s.t.SpringManagedTransaction - JDBC Connection [HikariProxyConnection@424708544 wrapping com.mysql.cj.jdbc.ConnectionImpl@2f55317c] will not be managed by Spring
2025-01-13 16:10:58 [http-nio-8080-exec-2] DEBUG c.s.d.m.CommonMapper.selectLnbList - ==>  Preparing: SELECT CT_LNB_IDX AS ctLnbIdx, CT_LNB_ID AS ctLnbId, CT_LNB_NAME AS ctLnbName, CT_LNB_SUB_YN AS ctLnbSubYn, CT_LNB_URL AS ctLnbUrl, CT_LNB_USE_YN AS ctLnbUseYn FROM CT_LNB WHERE CT_LNB_USE_YN = 'Y' ORDER BY CT_LNB_IDX
2025-01-13 16:10:58 [http-nio-8080-exec-2] DEBUG c.s.d.m.CommonMapper.selectLnbList - ==> Parameters: 
2025-01-13 16:10:58 [http-nio-8080-exec-2] DEBUG c.s.d.m.CommonMapper.selectLnbList - <==      Total: 4
2025-01-13 16:10:58 [http-nio-8080-exec-2] DEBUG org.mybatis.spring.SqlSessionUtils - Closing non transactional SqlSession [org.apache.ibatis.session.defaults.DefaultSqlSession@d49038f]
2025-01-13 16:10:58 [http-nio-8080-exec-9] DEBUG org.mybatis.spring.SqlSessionUtils - Creating a new SqlSession
2025-01-13 16:10:58 [http-nio-8080-exec-3] DEBUG org.mybatis.spring.SqlSessionUtils - Creating a new SqlSession
2025-01-13 16:10:58 [http-nio-8080-exec-8] DEBUG org.mybatis.spring.SqlSessionUtils - Creating a new SqlSession
2025-01-13 16:10:58 [http-nio-8080-exec-9] DEBUG org.mybatis.spring.SqlSessionUtils - SqlSession [org.apache.ibatis.session.defaults.DefaultSqlSession@2301b7b5] was not registered for synchronization because synchronization is not active
2025-01-13 16:10:58 [http-nio-8080-exec-8] DEBUG org.mybatis.spring.SqlSessionUtils - SqlSession [org.apache.ibatis.session.defaults.DefaultSqlSession@16b1be21] was not registered for synchronization because synchronization is not active
2025-01-13 16:10:58 [http-nio-8080-exec-3] DEBUG org.mybatis.spring.SqlSessionUtils - SqlSession [org.apache.ibatis.session.defaults.DefaultSqlSession@56ae5409] was not registered for synchronization because synchronization is not active
2025-01-13 16:10:58 [http-nio-8080-exec-9] DEBUG o.m.s.t.SpringManagedTransaction - JDBC Connection [HikariProxyConnection@196233997 wrapping com.mysql.cj.jdbc.ConnectionImpl@1b176bb] will not be managed by Spring
2025-01-13 16:10:58 [http-nio-8080-exec-3] DEBUG o.m.s.t.SpringManagedTransaction - JDBC Connection [HikariProxyConnection@2115654807 wrapping com.mysql.cj.jdbc.ConnectionImpl@2f55317c] will not be managed by Spring
2025-01-13 16:10:58 [http-nio-8080-exec-9] DEBUG c.s.d.m.C.selectLnbSubList - ==>  Preparing: SELECT CT_LNB_SUB_IDX AS ctLnbSubIdx, CT_LNB_ID AS ctLnbId, CT_LNB_SUB_ID AS ctLnbSubId, CT_LNB_SUB_NAME AS ctLnbSubName, CT_LNB_SUB_URL AS ctLnbSubUrl FROM CT_LNB_SUB WHERE CT_LNB_ID = ? ORDER BY CT_LNB_SUB_IDX
2025-01-13 16:10:58 [http-nio-8080-exec-3] DEBUG c.s.d.m.C.selectLnbSubList - ==>  Preparing: SELECT CT_LNB_SUB_IDX AS ctLnbSubIdx, CT_LNB_ID AS ctLnbId, CT_LNB_SUB_ID AS ctLnbSubId, CT_LNB_SUB_NAME AS ctLnbSubName, CT_LNB_SUB_URL AS ctLnbSubUrl FROM CT_LNB_SUB WHERE CT_LNB_ID = ? ORDER BY CT_LNB_SUB_IDX
2025-01-13 16:10:58 [http-nio-8080-exec-3] DEBUG c.s.d.m.C.selectLnbSubList - ==> Parameters: CT_LNB_SERVICE(String)
2025-01-13 16:10:58 [http-nio-8080-exec-9] DEBUG c.s.d.m.C.selectLnbSubList - ==> Parameters: CT_LNB_CONTACT(String)
2025-01-13 16:10:58 [http-nio-8080-exec-8] DEBUG o.m.s.t.SpringManagedTransaction - JDBC Connection [HikariProxyConnection@671773785 wrapping com.mysql.cj.jdbc.ConnectionImpl@202516a8] will not be managed by Spring
2025-01-13 16:10:58 [http-nio-8080-exec-8] DEBUG c.s.d.m.C.selectLnbSubList - ==>  Preparing: SELECT CT_LNB_SUB_IDX AS ctLnbSubIdx, CT_LNB_ID AS ctLnbId, CT_LNB_SUB_ID AS ctLnbSubId, CT_LNB_SUB_NAME AS ctLnbSubName, CT_LNB_SUB_URL AS ctLnbSubUrl FROM CT_LNB_SUB WHERE CT_LNB_ID = ? ORDER BY CT_LNB_SUB_IDX
2025-01-13 16:10:58 [http-nio-8080-exec-8] DEBUG c.s.d.m.C.selectLnbSubList - ==> Parameters: CT_LNB_COMPANY(String)
2025-01-13 16:10:58 [http-nio-8080-exec-8] DEBUG c.s.d.m.C.selectLnbSubList - <==      Total: 1
2025-01-13 16:10:58 [http-nio-8080-exec-9] DEBUG c.s.d.m.C.selectLnbSubList - <==      Total: 2
2025-01-13 16:10:58 [http-nio-8080-exec-3] DEBUG c.s.d.m.C.selectLnbSubList - <==      Total: 4
2025-01-13 16:10:58 [http-nio-8080-exec-8] DEBUG org.mybatis.spring.SqlSessionUtils - Closing non transactional SqlSession [org.apache.ibatis.session.defaults.DefaultSqlSession@16b1be21]
2025-01-13 16:10:58 [http-nio-8080-exec-9] DEBUG org.mybatis.spring.SqlSessionUtils - Closing non transactional SqlSession [org.apache.ibatis.session.defaults.DefaultSqlSession@2301b7b5]
2025-01-13 16:10:58 [http-nio-8080-exec-3] DEBUG org.mybatis.spring.SqlSessionUtils - Closing non transactional SqlSession [org.apache.ibatis.session.defaults.DefaultSqlSession@56ae5409]
2025-01-13 16:10:58 [http-nio-8080-exec-7] DEBUG org.mybatis.spring.SqlSessionUtils - Creating a new SqlSession
2025-01-13 16:10:58 [http-nio-8080-exec-1] DEBUG org.mybatis.spring.SqlSessionUtils - Creating a new SqlSession
2025-01-13 16:10:58 [http-nio-8080-exec-4] DEBUG org.mybatis.spring.SqlSessionUtils - Creating a new SqlSession
2025-01-13 16:10:58 [http-nio-8080-exec-1] DEBUG org.mybatis.spring.SqlSessionUtils - SqlSession [org.apache.ibatis.session.defaults.DefaultSqlSession@d798efb] was not registered for synchronization because synchronization is not active
2025-01-13 16:10:58 [http-nio-8080-exec-4] DEBUG org.mybatis.spring.SqlSessionUtils - SqlSession [org.apache.ibatis.session.defaults.DefaultSqlSession@4455c53c] was not registered for synchronization because synchronization is not active
2025-01-13 16:10:58 [http-nio-8080-exec-7] DEBUG org.mybatis.spring.SqlSessionUtils - SqlSession [org.apache.ibatis.session.defaults.DefaultSqlSession@4f6cb935] was not registered for synchronization because synchronization is not active
2025-01-13 16:10:58 [http-nio-8080-exec-1] DEBUG o.m.s.t.SpringManagedTransaction - JDBC Connection [HikariProxyConnection@1022753842 wrapping com.mysql.cj.jdbc.ConnectionImpl@202516a8] will not be managed by Spring
2025-01-13 16:10:58 [http-nio-8080-exec-7] DEBUG o.m.s.t.SpringManagedTransaction - JDBC Connection [HikariProxyConnection@149163606 wrapping com.mysql.cj.jdbc.ConnectionImpl@2f55317c] will not be managed by Spring
2025-01-13 16:10:58 [http-nio-8080-exec-4] DEBUG o.m.s.t.SpringManagedTransaction - JDBC Connection [HikariProxyConnection@579716784 wrapping com.mysql.cj.jdbc.ConnectionImpl@1b176bb] will not be managed by Spring
2025-01-13 16:10:58 [http-nio-8080-exec-1] DEBUG c.s.d.m.C.selectLnbSubList - ==>  Preparing: SELECT CT_LNB_SUB_IDX AS ctLnbSubIdx, CT_LNB_ID AS ctLnbId, CT_LNB_SUB_ID AS ctLnbSubId, CT_LNB_SUB_NAME AS ctLnbSubName, CT_LNB_SUB_URL AS ctLnbSubUrl FROM CT_LNB_SUB WHERE CT_LNB_ID = ? ORDER BY CT_LNB_SUB_IDX
2025-01-13 16:10:58 [http-nio-8080-exec-7] DEBUG c.s.d.m.C.selectLnbSubList - ==>  Preparing: SELECT CT_LNB_SUB_IDX AS ctLnbSubIdx, CT_LNB_ID AS ctLnbId, CT_LNB_SUB_ID AS ctLnbSubId, CT_LNB_SUB_NAME AS ctLnbSubName, CT_LNB_SUB_URL AS ctLnbSubUrl FROM CT_LNB_SUB WHERE CT_LNB_ID = ? ORDER BY CT_LNB_SUB_IDX
2025-01-13 16:10:58 [http-nio-8080-exec-4] DEBUG c.s.d.m.C.selectLnbSubList - ==>  Preparing: SELECT CT_LNB_SUB_IDX AS ctLnbSubIdx, CT_LNB_ID AS ctLnbId, CT_LNB_SUB_ID AS ctLnbSubId, CT_LNB_SUB_NAME AS ctLnbSubName, CT_LNB_SUB_URL AS ctLnbSubUrl FROM CT_LNB_SUB WHERE CT_LNB_ID = ? ORDER BY CT_LNB_SUB_IDX
2025-01-13 16:10:58 [http-nio-8080-exec-1] DEBUG c.s.d.m.C.selectLnbSubList - ==> Parameters: CT_LNB_CONTACT(String)
2025-01-13 16:10:58 [http-nio-8080-exec-7] DEBUG c.s.d.m.C.selectLnbSubList - ==> Parameters: CT_LNB_SERVICE(String)
2025-01-13 16:10:58 [http-nio-8080-exec-4] DEBUG c.s.d.m.C.selectLnbSubList - ==> Parameters: CT_LNB_COMPANY(String)
2025-01-13 16:10:58 [http-nio-8080-exec-7] DEBUG c.s.d.m.C.selectLnbSubList - <==      Total: 4
2025-01-13 16:10:58 [http-nio-8080-exec-1] DEBUG c.s.d.m.C.selectLnbSubList - <==      Total: 2
2025-01-13 16:10:58 [http-nio-8080-exec-4] DEBUG c.s.d.m.C.selectLnbSubList - <==      Total: 1
2025-01-13 16:10:58 [http-nio-8080-exec-7] DEBUG org.mybatis.spring.SqlSessionUtils - Closing non transactional SqlSession [org.apache.ibatis.session.defaults.DefaultSqlSession@4f6cb935]
2025-01-13 16:10:58 [http-nio-8080-exec-1] DEBUG org.mybatis.spring.SqlSessionUtils - Closing non transactional SqlSession [org.apache.ibatis.session.defaults.DefaultSqlSession@d798efb]
2025-01-13 16:10:58 [http-nio-8080-exec-4] DEBUG org.mybatis.spring.SqlSessionUtils - Closing non transactional SqlSession [org.apache.ibatis.session.defaults.DefaultSqlSession@4455c53c]
2025-01-13 16:11:30 [http-nio-8080-exec-2] WARN  o.t.s.p.AbstractStandardFragmentInsertionTagProcessor - [THYMELEAF][http-nio-8080-exec-2][common/layout/layout] Deprecated unwrapped fragment expression "common/fragments/header::header" found in template common/layout/layout, line 33, col 10. Please use the complete syntax of fragment expressions instead ("~{common/fragments/header::header}"). The old, unwrapped syntax for fragment expressions will be removed in future versions of Thymeleaf.
2025-01-13 16:11:30 [http-nio-8080-exec-2] WARN  o.t.s.p.AbstractStandardFragmentInsertionTagProcessor - [THYMELEAF][http-nio-8080-exec-2][common/layout/layout] Deprecated unwrapped fragment expression "common/fragments/footer::footer" found in template common/layout/layout, line 37, col 10. Please use the complete syntax of fragment expressions instead ("~{common/fragments/footer::footer}"). The old, unwrapped syntax for fragment expressions will be removed in future versions of Thymeleaf.
2025-01-13 16:11:30 [http-nio-8080-exec-8] DEBUG org.mybatis.spring.SqlSessionUtils - Creating a new SqlSession
2025-01-13 16:11:30 [http-nio-8080-exec-8] DEBUG org.mybatis.spring.SqlSessionUtils - SqlSession [org.apache.ibatis.session.defaults.DefaultSqlSession@58d34de7] was not registered for synchronization because synchronization is not active
2025-01-13 16:11:30 [http-nio-8080-exec-8] DEBUG o.m.s.t.SpringManagedTransaction - JDBC Connection [HikariProxyConnection@595612184 wrapping com.mysql.cj.jdbc.ConnectionImpl@202516a8] will not be managed by Spring
2025-01-13 16:11:30 [http-nio-8080-exec-8] DEBUG c.s.d.m.CommonMapper.selectLnbList - ==>  Preparing: SELECT CT_LNB_IDX AS ctLnbIdx, CT_LNB_ID AS ctLnbId, CT_LNB_NAME AS ctLnbName, CT_LNB_SUB_YN AS ctLnbSubYn, CT_LNB_URL AS ctLnbUrl, CT_LNB_USE_YN AS ctLnbUseYn FROM CT_LNB WHERE CT_LNB_USE_YN = 'Y' ORDER BY CT_LNB_IDX
2025-01-13 16:11:30 [http-nio-8080-exec-8] DEBUG c.s.d.m.CommonMapper.selectLnbList - ==> Parameters: 
2025-01-13 16:11:30 [http-nio-8080-exec-8] DEBUG c.s.d.m.CommonMapper.selectLnbList - <==      Total: 4
2025-01-13 16:11:30 [http-nio-8080-exec-8] DEBUG org.mybatis.spring.SqlSessionUtils - Closing non transactional SqlSession [org.apache.ibatis.session.defaults.DefaultSqlSession@58d34de7]
2025-01-13 16:11:30 [http-nio-8080-exec-1] DEBUG org.mybatis.spring.SqlSessionUtils - Creating a new SqlSession
2025-01-13 16:11:30 [http-nio-8080-exec-1] DEBUG org.mybatis.spring.SqlSessionUtils - SqlSession [org.apache.ibatis.session.defaults.DefaultSqlSession@3fc9cd77] was not registered for synchronization because synchronization is not active
2025-01-13 16:11:30 [http-nio-8080-exec-1] DEBUG o.m.s.t.SpringManagedTransaction - JDBC Connection [HikariProxyConnection@743350992 wrapping com.mysql.cj.jdbc.ConnectionImpl@202516a8] will not be managed by Spring
2025-01-13 16:11:30 [http-nio-8080-exec-1] DEBUG c.s.d.m.CommonMapper.selectLnbList - ==>  Preparing: SELECT CT_LNB_IDX AS ctLnbIdx, CT_LNB_ID AS ctLnbId, CT_LNB_NAME AS ctLnbName, CT_LNB_SUB_YN AS ctLnbSubYn, CT_LNB_URL AS ctLnbUrl, CT_LNB_USE_YN AS ctLnbUseYn FROM CT_LNB WHERE CT_LNB_USE_YN = 'Y' ORDER BY CT_LNB_IDX
2025-01-13 16:11:30 [http-nio-8080-exec-1] DEBUG c.s.d.m.CommonMapper.selectLnbList - ==> Parameters: 
2025-01-13 16:11:30 [http-nio-8080-exec-1] DEBUG c.s.d.m.CommonMapper.selectLnbList - <==      Total: 4
2025-01-13 16:11:30 [http-nio-8080-exec-1] DEBUG org.mybatis.spring.SqlSessionUtils - Closing non transactional SqlSession [org.apache.ibatis.session.defaults.DefaultSqlSession@3fc9cd77]
2025-01-13 16:11:30 [http-nio-8080-exec-9] DEBUG org.mybatis.spring.SqlSessionUtils - Creating a new SqlSession
2025-01-13 16:11:30 [http-nio-8080-exec-9] DEBUG org.mybatis.spring.SqlSessionUtils - SqlSession [org.apache.ibatis.session.defaults.DefaultSqlSession@31bc21ed] was not registered for synchronization because synchronization is not active
2025-01-13 16:11:30 [http-nio-8080-exec-2] DEBUG org.mybatis.spring.SqlSessionUtils - Creating a new SqlSession
2025-01-13 16:11:30 [http-nio-8080-exec-3] DEBUG org.mybatis.spring.SqlSessionUtils - Creating a new SqlSession
2025-01-13 16:11:30 [http-nio-8080-exec-2] DEBUG org.mybatis.spring.SqlSessionUtils - SqlSession [org.apache.ibatis.session.defaults.DefaultSqlSession@29b2fb63] was not registered for synchronization because synchronization is not active
2025-01-13 16:11:30 [http-nio-8080-exec-3] DEBUG org.mybatis.spring.SqlSessionUtils - SqlSession [org.apache.ibatis.session.defaults.DefaultSqlSession@734db2cb] was not registered for synchronization because synchronization is not active
2025-01-13 16:11:30 [http-nio-8080-exec-3] DEBUG o.m.s.t.SpringManagedTransaction - JDBC Connection [HikariProxyConnection@1027208532 wrapping com.mysql.cj.jdbc.ConnectionImpl@202516a8] will not be managed by Spring
2025-01-13 16:11:30 [http-nio-8080-exec-3] DEBUG c.s.d.m.C.selectLnbSubList - ==>  Preparing: SELECT CT_LNB_SUB_IDX AS ctLnbSubIdx, CT_LNB_ID AS ctLnbId, CT_LNB_SUB_ID AS ctLnbSubId, CT_LNB_SUB_NAME AS ctLnbSubName, CT_LNB_SUB_URL AS ctLnbSubUrl FROM CT_LNB_SUB WHERE CT_LNB_ID = ? ORDER BY CT_LNB_SUB_IDX
2025-01-13 16:11:30 [http-nio-8080-exec-9] DEBUG o.m.s.t.SpringManagedTransaction - JDBC Connection [HikariProxyConnection@1087431158 wrapping com.mysql.cj.jdbc.ConnectionImpl@1b176bb] will not be managed by Spring
2025-01-13 16:11:30 [http-nio-8080-exec-2] DEBUG o.m.s.t.SpringManagedTransaction - JDBC Connection [HikariProxyConnection@528121482 wrapping com.mysql.cj.jdbc.ConnectionImpl@2f55317c] will not be managed by Spring
2025-01-13 16:11:30 [http-nio-8080-exec-2] DEBUG c.s.d.m.C.selectLnbSubList - ==>  Preparing: SELECT CT_LNB_SUB_IDX AS ctLnbSubIdx, CT_LNB_ID AS ctLnbId, CT_LNB_SUB_ID AS ctLnbSubId, CT_LNB_SUB_NAME AS ctLnbSubName, CT_LNB_SUB_URL AS ctLnbSubUrl FROM CT_LNB_SUB WHERE CT_LNB_ID = ? ORDER BY CT_LNB_SUB_IDX
2025-01-13 16:11:30 [http-nio-8080-exec-9] DEBUG c.s.d.m.C.selectLnbSubList - ==>  Preparing: SELECT CT_LNB_SUB_IDX AS ctLnbSubIdx, CT_LNB_ID AS ctLnbId, CT_LNB_SUB_ID AS ctLnbSubId, CT_LNB_SUB_NAME AS ctLnbSubName, CT_LNB_SUB_URL AS ctLnbSubUrl FROM CT_LNB_SUB WHERE CT_LNB_ID = ? ORDER BY CT_LNB_SUB_IDX
2025-01-13 16:11:30 [http-nio-8080-exec-3] DEBUG c.s.d.m.C.selectLnbSubList - ==> Parameters: CT_LNB_SERVICE(String)
2025-01-13 16:11:30 [http-nio-8080-exec-2] DEBUG c.s.d.m.C.selectLnbSubList - ==> Parameters: CT_LNB_CONTACT(String)
2025-01-13 16:11:30 [http-nio-8080-exec-9] DEBUG c.s.d.m.C.selectLnbSubList - ==> Parameters: CT_LNB_COMPANY(String)
2025-01-13 16:11:30 [http-nio-8080-exec-9] DEBUG c.s.d.m.C.selectLnbSubList - <==      Total: 1
2025-01-13 16:11:30 [http-nio-8080-exec-2] DEBUG c.s.d.m.C.selectLnbSubList - <==      Total: 2
2025-01-13 16:11:30 [http-nio-8080-exec-3] DEBUG c.s.d.m.C.selectLnbSubList - <==      Total: 4
2025-01-13 16:11:30 [http-nio-8080-exec-9] DEBUG org.mybatis.spring.SqlSessionUtils - Closing non transactional SqlSession [org.apache.ibatis.session.defaults.DefaultSqlSession@31bc21ed]
2025-01-13 16:11:30 [http-nio-8080-exec-3] DEBUG org.mybatis.spring.SqlSessionUtils - Closing non transactional SqlSession [org.apache.ibatis.session.defaults.DefaultSqlSession@734db2cb]
2025-01-13 16:11:30 [http-nio-8080-exec-2] DEBUG org.mybatis.spring.SqlSessionUtils - Closing non transactional SqlSession [org.apache.ibatis.session.defaults.DefaultSqlSession@29b2fb63]
2025-01-13 16:11:30 [http-nio-8080-exec-6] DEBUG org.mybatis.spring.SqlSessionUtils - Creating a new SqlSession
2025-01-13 16:11:30 [http-nio-8080-exec-10] DEBUG org.mybatis.spring.SqlSessionUtils - Creating a new SqlSession
2025-01-13 16:11:30 [http-nio-8080-exec-8] DEBUG org.mybatis.spring.SqlSessionUtils - Creating a new SqlSession
2025-01-13 16:11:30 [http-nio-8080-exec-6] DEBUG org.mybatis.spring.SqlSessionUtils - SqlSession [org.apache.ibatis.session.defaults.DefaultSqlSession@25e485f3] was not registered for synchronization because synchronization is not active
2025-01-13 16:11:30 [http-nio-8080-exec-8] DEBUG org.mybatis.spring.SqlSessionUtils - SqlSession [org.apache.ibatis.session.defaults.DefaultSqlSession@194ee3fb] was not registered for synchronization because synchronization is not active
2025-01-13 16:11:30 [http-nio-8080-exec-10] DEBUG org.mybatis.spring.SqlSessionUtils - SqlSession [org.apache.ibatis.session.defaults.DefaultSqlSession@54c51e5b] was not registered for synchronization because synchronization is not active
2025-01-13 16:11:30 [http-nio-8080-exec-6] DEBUG o.m.s.t.SpringManagedTransaction - JDBC Connection [HikariProxyConnection@1987872355 wrapping com.mysql.cj.jdbc.ConnectionImpl@1b176bb] will not be managed by Spring
2025-01-13 16:11:30 [http-nio-8080-exec-8] DEBUG o.m.s.t.SpringManagedTransaction - JDBC Connection [HikariProxyConnection@1529882944 wrapping com.mysql.cj.jdbc.ConnectionImpl@202516a8] will not be managed by Spring
2025-01-13 16:11:30 [http-nio-8080-exec-10] DEBUG o.m.s.t.SpringManagedTransaction - JDBC Connection [HikariProxyConnection@1348308122 wrapping com.mysql.cj.jdbc.ConnectionImpl@2f55317c] will not be managed by Spring
2025-01-13 16:11:30 [http-nio-8080-exec-8] DEBUG c.s.d.m.C.selectLnbSubList - ==>  Preparing: SELECT CT_LNB_SUB_IDX AS ctLnbSubIdx, CT_LNB_ID AS ctLnbId, CT_LNB_SUB_ID AS ctLnbSubId, CT_LNB_SUB_NAME AS ctLnbSubName, CT_LNB_SUB_URL AS ctLnbSubUrl FROM CT_LNB_SUB WHERE CT_LNB_ID = ? ORDER BY CT_LNB_SUB_IDX
2025-01-13 16:11:30 [http-nio-8080-exec-6] DEBUG c.s.d.m.C.selectLnbSubList - ==>  Preparing: SELECT CT_LNB_SUB_IDX AS ctLnbSubIdx, CT_LNB_ID AS ctLnbId, CT_LNB_SUB_ID AS ctLnbSubId, CT_LNB_SUB_NAME AS ctLnbSubName, CT_LNB_SUB_URL AS ctLnbSubUrl FROM CT_LNB_SUB WHERE CT_LNB_ID = ? ORDER BY CT_LNB_SUB_IDX
2025-01-13 16:11:30 [http-nio-8080-exec-10] DEBUG c.s.d.m.C.selectLnbSubList - ==>  Preparing: SELECT CT_LNB_SUB_IDX AS ctLnbSubIdx, CT_LNB_ID AS ctLnbId, CT_LNB_SUB_ID AS ctLnbSubId, CT_LNB_SUB_NAME AS ctLnbSubName, CT_LNB_SUB_URL AS ctLnbSubUrl FROM CT_LNB_SUB WHERE CT_LNB_ID = ? ORDER BY CT_LNB_SUB_IDX
2025-01-13 16:11:30 [http-nio-8080-exec-8] DEBUG c.s.d.m.C.selectLnbSubList - ==> Parameters: CT_LNB_COMPANY(String)
2025-01-13 16:11:30 [http-nio-8080-exec-6] DEBUG c.s.d.m.C.selectLnbSubList - ==> Parameters: CT_LNB_SERVICE(String)
2025-01-13 16:11:30 [http-nio-8080-exec-10] DEBUG c.s.d.m.C.selectLnbSubList - ==> Parameters: CT_LNB_CONTACT(String)
2025-01-13 16:11:30 [http-nio-8080-exec-8] DEBUG c.s.d.m.C.selectLnbSubList - <==      Total: 1
2025-01-13 16:11:30 [http-nio-8080-exec-10] DEBUG c.s.d.m.C.selectLnbSubList - <==      Total: 2
2025-01-13 16:11:30 [http-nio-8080-exec-6] DEBUG c.s.d.m.C.selectLnbSubList - <==      Total: 4
2025-01-13 16:11:30 [http-nio-8080-exec-8] DEBUG org.mybatis.spring.SqlSessionUtils - Closing non transactional SqlSession [org.apache.ibatis.session.defaults.DefaultSqlSession@194ee3fb]
2025-01-13 16:11:30 [http-nio-8080-exec-10] DEBUG org.mybatis.spring.SqlSessionUtils - Closing non transactional SqlSession [org.apache.ibatis.session.defaults.DefaultSqlSession@54c51e5b]
2025-01-13 16:11:30 [http-nio-8080-exec-6] DEBUG org.mybatis.spring.SqlSessionUtils - Closing non transactional SqlSession [org.apache.ibatis.session.defaults.DefaultSqlSession@25e485f3]
2025-01-13 16:11:41 [http-nio-8080-exec-1] WARN  o.t.s.p.AbstractStandardFragmentInsertionTagProcessor - [THYMELEAF][http-nio-8080-exec-1][common/layout/layout] Deprecated unwrapped fragment expression "common/fragments/header::header" found in template common/layout/layout, line 33, col 10. Please use the complete syntax of fragment expressions instead ("~{common/fragments/header::header}"). The old, unwrapped syntax for fragment expressions will be removed in future versions of Thymeleaf.
2025-01-13 16:11:41 [http-nio-8080-exec-1] WARN  o.t.s.p.AbstractStandardFragmentInsertionTagProcessor - [THYMELEAF][http-nio-8080-exec-1][common/layout/layout] Deprecated unwrapped fragment expression "common/fragments/footer::footer" found in template common/layout/layout, line 37, col 10. Please use the complete syntax of fragment expressions instead ("~{common/fragments/footer::footer}"). The old, unwrapped syntax for fragment expressions will be removed in future versions of Thymeleaf.
2025-01-13 16:11:41 [http-nio-8080-exec-2] DEBUG org.mybatis.spring.SqlSessionUtils - Creating a new SqlSession
2025-01-13 16:11:41 [http-nio-8080-exec-2] DEBUG org.mybatis.spring.SqlSessionUtils - SqlSession [org.apache.ibatis.session.defaults.DefaultSqlSession@66cf66d2] was not registered for synchronization because synchronization is not active
2025-01-13 16:11:41 [http-nio-8080-exec-2] DEBUG o.m.s.t.SpringManagedTransaction - JDBC Connection [HikariProxyConnection@713935535 wrapping com.mysql.cj.jdbc.ConnectionImpl@2f55317c] will not be managed by Spring
2025-01-13 16:11:41 [http-nio-8080-exec-2] DEBUG c.s.d.m.CommonMapper.selectLnbList - ==>  Preparing: SELECT CT_LNB_IDX AS ctLnbIdx, CT_LNB_ID AS ctLnbId, CT_LNB_NAME AS ctLnbName, CT_LNB_SUB_YN AS ctLnbSubYn, CT_LNB_URL AS ctLnbUrl, CT_LNB_USE_YN AS ctLnbUseYn FROM CT_LNB WHERE CT_LNB_USE_YN = 'Y' ORDER BY CT_LNB_IDX
2025-01-13 16:11:41 [http-nio-8080-exec-2] DEBUG c.s.d.m.CommonMapper.selectLnbList - ==> Parameters: 
2025-01-13 16:11:41 [http-nio-8080-exec-2] DEBUG c.s.d.m.CommonMapper.selectLnbList - <==      Total: 4
2025-01-13 16:11:41 [http-nio-8080-exec-2] DEBUG org.mybatis.spring.SqlSessionUtils - Closing non transactional SqlSession [org.apache.ibatis.session.defaults.DefaultSqlSession@66cf66d2]
2025-01-13 16:11:41 [http-nio-8080-exec-6] DEBUG org.mybatis.spring.SqlSessionUtils - Creating a new SqlSession
2025-01-13 16:11:41 [http-nio-8080-exec-6] DEBUG org.mybatis.spring.SqlSessionUtils - SqlSession [org.apache.ibatis.session.defaults.DefaultSqlSession@7b96d5d4] was not registered for synchronization because synchronization is not active
2025-01-13 16:11:41 [http-nio-8080-exec-6] DEBUG o.m.s.t.SpringManagedTransaction - JDBC Connection [HikariProxyConnection@1766525787 wrapping com.mysql.cj.jdbc.ConnectionImpl@1b176bb] will not be managed by Spring
2025-01-13 16:11:41 [http-nio-8080-exec-6] DEBUG c.s.d.m.CommonMapper.selectLnbList - ==>  Preparing: SELECT CT_LNB_IDX AS ctLnbIdx, CT_LNB_ID AS ctLnbId, CT_LNB_NAME AS ctLnbName, CT_LNB_SUB_YN AS ctLnbSubYn, CT_LNB_URL AS ctLnbUrl, CT_LNB_USE_YN AS ctLnbUseYn FROM CT_LNB WHERE CT_LNB_USE_YN = 'Y' ORDER BY CT_LNB_IDX
2025-01-13 16:11:41 [http-nio-8080-exec-6] DEBUG c.s.d.m.CommonMapper.selectLnbList - ==> Parameters: 
2025-01-13 16:11:41 [http-nio-8080-exec-6] DEBUG c.s.d.m.CommonMapper.selectLnbList - <==      Total: 4
2025-01-13 16:11:41 [http-nio-8080-exec-6] DEBUG org.mybatis.spring.SqlSessionUtils - Closing non transactional SqlSession [org.apache.ibatis.session.defaults.DefaultSqlSession@7b96d5d4]
2025-01-13 16:11:41 [http-nio-8080-exec-3] DEBUG org.mybatis.spring.SqlSessionUtils - Creating a new SqlSession
2025-01-13 16:11:41 [http-nio-8080-exec-9] DEBUG org.mybatis.spring.SqlSessionUtils - Creating a new SqlSession
2025-01-13 16:11:41 [http-nio-8080-exec-3] DEBUG org.mybatis.spring.SqlSessionUtils - SqlSession [org.apache.ibatis.session.defaults.DefaultSqlSession@25280f80] was not registered for synchronization because synchronization is not active
2025-01-13 16:11:41 [http-nio-8080-exec-9] DEBUG org.mybatis.spring.SqlSessionUtils - SqlSession [org.apache.ibatis.session.defaults.DefaultSqlSession@6c19202b] was not registered for synchronization because synchronization is not active
2025-01-13 16:11:41 [http-nio-8080-exec-9] DEBUG o.m.s.t.SpringManagedTransaction - JDBC Connection [HikariProxyConnection@1715326006 wrapping com.mysql.cj.jdbc.ConnectionImpl@1b176bb] will not be managed by Spring
2025-01-13 16:11:41 [http-nio-8080-exec-9] DEBUG c.s.d.m.C.selectLnbSubList - ==>  Preparing: SELECT CT_LNB_SUB_IDX AS ctLnbSubIdx, CT_LNB_ID AS ctLnbId, CT_LNB_SUB_ID AS ctLnbSubId, CT_LNB_SUB_NAME AS ctLnbSubName, CT_LNB_SUB_URL AS ctLnbSubUrl FROM CT_LNB_SUB WHERE CT_LNB_ID = ? ORDER BY CT_LNB_SUB_IDX
2025-01-13 16:11:41 [http-nio-8080-exec-9] DEBUG c.s.d.m.C.selectLnbSubList - ==> Parameters: CT_LNB_SERVICE(String)
2025-01-13 16:11:41 [http-nio-8080-exec-3] DEBUG o.m.s.t.SpringManagedTransaction - JDBC Connection [HikariProxyConnection@44522488 wrapping com.mysql.cj.jdbc.ConnectionImpl@202516a8] will not be managed by Spring
2025-01-13 16:11:41 [http-nio-8080-exec-3] DEBUG c.s.d.m.C.selectLnbSubList - ==>  Preparing: SELECT CT_LNB_SUB_IDX AS ctLnbSubIdx, CT_LNB_ID AS ctLnbId, CT_LNB_SUB_ID AS ctLnbSubId, CT_LNB_SUB_NAME AS ctLnbSubName, CT_LNB_SUB_URL AS ctLnbSubUrl FROM CT_LNB_SUB WHERE CT_LNB_ID = ? ORDER BY CT_LNB_SUB_IDX
2025-01-13 16:11:41 [http-nio-8080-exec-3] DEBUG c.s.d.m.C.selectLnbSubList - ==> Parameters: CT_LNB_COMPANY(String)
2025-01-13 16:11:41 [http-nio-8080-exec-1] DEBUG org.mybatis.spring.SqlSessionUtils - Creating a new SqlSession
2025-01-13 16:11:41 [http-nio-8080-exec-1] DEBUG org.mybatis.spring.SqlSessionUtils - SqlSession [org.apache.ibatis.session.defaults.DefaultSqlSession@28e3fbb1] was not registered for synchronization because synchronization is not active
2025-01-13 16:11:41 [http-nio-8080-exec-1] DEBUG o.m.s.t.SpringManagedTransaction - JDBC Connection [HikariProxyConnection@1734229186 wrapping com.mysql.cj.jdbc.ConnectionImpl@2f55317c] will not be managed by Spring
2025-01-13 16:11:41 [http-nio-8080-exec-1] DEBUG c.s.d.m.C.selectLnbSubList - ==>  Preparing: SELECT CT_LNB_SUB_IDX AS ctLnbSubIdx, CT_LNB_ID AS ctLnbId, CT_LNB_SUB_ID AS ctLnbSubId, CT_LNB_SUB_NAME AS ctLnbSubName, CT_LNB_SUB_URL AS ctLnbSubUrl FROM CT_LNB_SUB WHERE CT_LNB_ID = ? ORDER BY CT_LNB_SUB_IDX
2025-01-13 16:11:41 [http-nio-8080-exec-1] DEBUG c.s.d.m.C.selectLnbSubList - ==> Parameters: CT_LNB_CONTACT(String)
2025-01-13 16:11:41 [http-nio-8080-exec-3] DEBUG c.s.d.m.C.selectLnbSubList - <==      Total: 1
2025-01-13 16:11:41 [http-nio-8080-exec-9] DEBUG c.s.d.m.C.selectLnbSubList - <==      Total: 4
2025-01-13 16:11:41 [http-nio-8080-exec-9] DEBUG org.mybatis.spring.SqlSessionUtils - Closing non transactional SqlSession [org.apache.ibatis.session.defaults.DefaultSqlSession@6c19202b]
2025-01-13 16:11:41 [http-nio-8080-exec-3] DEBUG org.mybatis.spring.SqlSessionUtils - Closing non transactional SqlSession [org.apache.ibatis.session.defaults.DefaultSqlSession@25280f80]
2025-01-13 16:11:41 [http-nio-8080-exec-1] DEBUG c.s.d.m.C.selectLnbSubList - <==      Total: 2
2025-01-13 16:11:41 [http-nio-8080-exec-1] DEBUG org.mybatis.spring.SqlSessionUtils - Closing non transactional SqlSession [org.apache.ibatis.session.defaults.DefaultSqlSession@28e3fbb1]
2025-01-13 16:11:41 [http-nio-8080-exec-4] DEBUG org.mybatis.spring.SqlSessionUtils - Creating a new SqlSession
2025-01-13 16:11:41 [http-nio-8080-exec-5] DEBUG org.mybatis.spring.SqlSessionUtils - Creating a new SqlSession
2025-01-13 16:11:41 [http-nio-8080-exec-2] DEBUG org.mybatis.spring.SqlSessionUtils - Creating a new SqlSession
2025-01-13 16:11:41 [http-nio-8080-exec-4] DEBUG org.mybatis.spring.SqlSessionUtils - SqlSession [org.apache.ibatis.session.defaults.DefaultSqlSession@79339213] was not registered for synchronization because synchronization is not active
2025-01-13 16:11:41 [http-nio-8080-exec-5] DEBUG org.mybatis.spring.SqlSessionUtils - SqlSession [org.apache.ibatis.session.defaults.DefaultSqlSession@ab315d6] was not registered for synchronization because synchronization is not active
2025-01-13 16:11:41 [http-nio-8080-exec-2] DEBUG org.mybatis.spring.SqlSessionUtils - SqlSession [org.apache.ibatis.session.defaults.DefaultSqlSession@5007fe2c] was not registered for synchronization because synchronization is not active
2025-01-13 16:11:41 [http-nio-8080-exec-2] DEBUG o.m.s.t.SpringManagedTransaction - JDBC Connection [HikariProxyConnection@1306782472 wrapping com.mysql.cj.jdbc.ConnectionImpl@2f55317c] will not be managed by Spring
2025-01-13 16:11:41 [http-nio-8080-exec-5] DEBUG o.m.s.t.SpringManagedTransaction - JDBC Connection [HikariProxyConnection@1371787230 wrapping com.mysql.cj.jdbc.ConnectionImpl@202516a8] will not be managed by Spring
2025-01-13 16:11:41 [http-nio-8080-exec-4] DEBUG o.m.s.t.SpringManagedTransaction - JDBC Connection [HikariProxyConnection@454738481 wrapping com.mysql.cj.jdbc.ConnectionImpl@1b176bb] will not be managed by Spring
2025-01-13 16:11:41 [http-nio-8080-exec-2] DEBUG c.s.d.m.C.selectLnbSubList - ==>  Preparing: SELECT CT_LNB_SUB_IDX AS ctLnbSubIdx, CT_LNB_ID AS ctLnbId, CT_LNB_SUB_ID AS ctLnbSubId, CT_LNB_SUB_NAME AS ctLnbSubName, CT_LNB_SUB_URL AS ctLnbSubUrl FROM CT_LNB_SUB WHERE CT_LNB_ID = ? ORDER BY CT_LNB_SUB_IDX
2025-01-13 16:11:41 [http-nio-8080-exec-5] DEBUG c.s.d.m.C.selectLnbSubList - ==>  Preparing: SELECT CT_LNB_SUB_IDX AS ctLnbSubIdx, CT_LNB_ID AS ctLnbId, CT_LNB_SUB_ID AS ctLnbSubId, CT_LNB_SUB_NAME AS ctLnbSubName, CT_LNB_SUB_URL AS ctLnbSubUrl FROM CT_LNB_SUB WHERE CT_LNB_ID = ? ORDER BY CT_LNB_SUB_IDX
2025-01-13 16:11:41 [http-nio-8080-exec-4] DEBUG c.s.d.m.C.selectLnbSubList - ==>  Preparing: SELECT CT_LNB_SUB_IDX AS ctLnbSubIdx, CT_LNB_ID AS ctLnbId, CT_LNB_SUB_ID AS ctLnbSubId, CT_LNB_SUB_NAME AS ctLnbSubName, CT_LNB_SUB_URL AS ctLnbSubUrl FROM CT_LNB_SUB WHERE CT_LNB_ID = ? ORDER BY CT_LNB_SUB_IDX
2025-01-13 16:11:41 [http-nio-8080-exec-4] DEBUG c.s.d.m.C.selectLnbSubList - ==> Parameters: CT_LNB_COMPANY(String)
2025-01-13 16:11:41 [http-nio-8080-exec-5] DEBUG c.s.d.m.C.selectLnbSubList - ==> Parameters: CT_LNB_SERVICE(String)
2025-01-13 16:11:41 [http-nio-8080-exec-2] DEBUG c.s.d.m.C.selectLnbSubList - ==> Parameters: CT_LNB_CONTACT(String)
2025-01-13 16:11:41 [http-nio-8080-exec-4] DEBUG c.s.d.m.C.selectLnbSubList - <==      Total: 1
2025-01-13 16:11:41 [http-nio-8080-exec-2] DEBUG c.s.d.m.C.selectLnbSubList - <==      Total: 2
2025-01-13 16:11:41 [http-nio-8080-exec-5] DEBUG c.s.d.m.C.selectLnbSubList - <==      Total: 4
2025-01-13 16:11:41 [http-nio-8080-exec-4] DEBUG org.mybatis.spring.SqlSessionUtils - Closing non transactional SqlSession [org.apache.ibatis.session.defaults.DefaultSqlSession@79339213]
2025-01-13 16:11:41 [http-nio-8080-exec-2] DEBUG org.mybatis.spring.SqlSessionUtils - Closing non transactional SqlSession [org.apache.ibatis.session.defaults.DefaultSqlSession@5007fe2c]
2025-01-13 16:11:41 [http-nio-8080-exec-5] DEBUG org.mybatis.spring.SqlSessionUtils - Closing non transactional SqlSession [org.apache.ibatis.session.defaults.DefaultSqlSession@ab315d6]
2025-01-13 16:11:53 [http-nio-8080-exec-8] WARN  o.t.s.p.AbstractStandardFragmentInsertionTagProcessor - [THYMELEAF][http-nio-8080-exec-8][common/layout/layout] Deprecated unwrapped fragment expression "common/fragments/header::header" found in template common/layout/layout, line 33, col 10. Please use the complete syntax of fragment expressions instead ("~{common/fragments/header::header}"). The old, unwrapped syntax for fragment expressions will be removed in future versions of Thymeleaf.
2025-01-13 16:11:53 [http-nio-8080-exec-8] WARN  o.t.s.p.AbstractStandardFragmentInsertionTagProcessor - [THYMELEAF][http-nio-8080-exec-8][common/layout/layout] Deprecated unwrapped fragment expression "common/fragments/footer::footer" found in template common/layout/layout, line 37, col 10. Please use the complete syntax of fragment expressions instead ("~{common/fragments/footer::footer}"). The old, unwrapped syntax for fragment expressions will be removed in future versions of Thymeleaf.
2025-01-13 16:11:53 [http-nio-8080-exec-3] DEBUG org.mybatis.spring.SqlSessionUtils - Creating a new SqlSession
2025-01-13 16:11:53 [http-nio-8080-exec-3] DEBUG org.mybatis.spring.SqlSessionUtils - SqlSession [org.apache.ibatis.session.defaults.DefaultSqlSession@5024aea2] was not registered for synchronization because synchronization is not active
2025-01-13 16:11:53 [http-nio-8080-exec-3] DEBUG o.m.s.t.SpringManagedTransaction - JDBC Connection [HikariProxyConnection@1751406533 wrapping com.mysql.cj.jdbc.ConnectionImpl@202516a8] will not be managed by Spring
2025-01-13 16:11:53 [http-nio-8080-exec-3] DEBUG c.s.d.m.CommonMapper.selectLnbList - ==>  Preparing: SELECT CT_LNB_IDX AS ctLnbIdx, CT_LNB_ID AS ctLnbId, CT_LNB_NAME AS ctLnbName, CT_LNB_SUB_YN AS ctLnbSubYn, CT_LNB_URL AS ctLnbUrl, CT_LNB_USE_YN AS ctLnbUseYn FROM CT_LNB WHERE CT_LNB_USE_YN = 'Y' ORDER BY CT_LNB_IDX
2025-01-13 16:11:53 [http-nio-8080-exec-3] DEBUG c.s.d.m.CommonMapper.selectLnbList - ==> Parameters: 
2025-01-13 16:11:53 [http-nio-8080-exec-3] DEBUG c.s.d.m.CommonMapper.selectLnbList - <==      Total: 4
2025-01-13 16:11:53 [http-nio-8080-exec-3] DEBUG org.mybatis.spring.SqlSessionUtils - Closing non transactional SqlSession [org.apache.ibatis.session.defaults.DefaultSqlSession@5024aea2]
2025-01-13 16:11:53 [http-nio-8080-exec-5] DEBUG org.mybatis.spring.SqlSessionUtils - Creating a new SqlSession
2025-01-13 16:11:53 [http-nio-8080-exec-5] DEBUG org.mybatis.spring.SqlSessionUtils - SqlSession [org.apache.ibatis.session.defaults.DefaultSqlSession@1211c92d] was not registered for synchronization because synchronization is not active
2025-01-13 16:11:53 [http-nio-8080-exec-5] DEBUG o.m.s.t.SpringManagedTransaction - JDBC Connection [HikariProxyConnection@1566792078 wrapping com.mysql.cj.jdbc.ConnectionImpl@202516a8] will not be managed by Spring
2025-01-13 16:11:53 [http-nio-8080-exec-5] DEBUG c.s.d.m.CommonMapper.selectLnbList - ==>  Preparing: SELECT CT_LNB_IDX AS ctLnbIdx, CT_LNB_ID AS ctLnbId, CT_LNB_NAME AS ctLnbName, CT_LNB_SUB_YN AS ctLnbSubYn, CT_LNB_URL AS ctLnbUrl, CT_LNB_USE_YN AS ctLnbUseYn FROM CT_LNB WHERE CT_LNB_USE_YN = 'Y' ORDER BY CT_LNB_IDX
2025-01-13 16:11:53 [http-nio-8080-exec-5] DEBUG c.s.d.m.CommonMapper.selectLnbList - ==> Parameters: 
2025-01-13 16:11:53 [http-nio-8080-exec-5] DEBUG c.s.d.m.CommonMapper.selectLnbList - <==      Total: 4
2025-01-13 16:11:53 [http-nio-8080-exec-5] DEBUG org.mybatis.spring.SqlSessionUtils - Closing non transactional SqlSession [org.apache.ibatis.session.defaults.DefaultSqlSession@1211c92d]
2025-01-13 16:11:53 [http-nio-8080-exec-1] DEBUG org.mybatis.spring.SqlSessionUtils - Creating a new SqlSession
2025-01-13 16:11:53 [http-nio-8080-exec-8] DEBUG org.mybatis.spring.SqlSessionUtils - Creating a new SqlSession
2025-01-13 16:11:53 [http-nio-8080-exec-4] DEBUG org.mybatis.spring.SqlSessionUtils - Creating a new SqlSession
2025-01-13 16:11:53 [http-nio-8080-exec-1] DEBUG org.mybatis.spring.SqlSessionUtils - SqlSession [org.apache.ibatis.session.defaults.DefaultSqlSession@269f462e] was not registered for synchronization because synchronization is not active
2025-01-13 16:11:53 [http-nio-8080-exec-4] DEBUG org.mybatis.spring.SqlSessionUtils - SqlSession [org.apache.ibatis.session.defaults.DefaultSqlSession@5189c36b] was not registered for synchronization because synchronization is not active
2025-01-13 16:11:53 [http-nio-8080-exec-8] DEBUG org.mybatis.spring.SqlSessionUtils - SqlSession [org.apache.ibatis.session.defaults.DefaultSqlSession@70894cb6] was not registered for synchronization because synchronization is not active
2025-01-13 16:11:53 [http-nio-8080-exec-8] DEBUG o.m.s.t.SpringManagedTransaction - JDBC Connection [HikariProxyConnection@1951449476 wrapping com.mysql.cj.jdbc.ConnectionImpl@202516a8] will not be managed by Spring
2025-01-13 16:11:53 [http-nio-8080-exec-8] DEBUG c.s.d.m.C.selectLnbSubList - ==>  Preparing: SELECT CT_LNB_SUB_IDX AS ctLnbSubIdx, CT_LNB_ID AS ctLnbId, CT_LNB_SUB_ID AS ctLnbSubId, CT_LNB_SUB_NAME AS ctLnbSubName, CT_LNB_SUB_URL AS ctLnbSubUrl FROM CT_LNB_SUB WHERE CT_LNB_ID = ? ORDER BY CT_LNB_SUB_IDX
2025-01-13 16:11:53 [http-nio-8080-exec-8] DEBUG c.s.d.m.C.selectLnbSubList - ==> Parameters: CT_LNB_COMPANY(String)
2025-01-13 16:11:53 [http-nio-8080-exec-4] DEBUG o.m.s.t.SpringManagedTransaction - JDBC Connection [HikariProxyConnection@483366945 wrapping com.mysql.cj.jdbc.ConnectionImpl@1b176bb] will not be managed by Spring
2025-01-13 16:11:53 [http-nio-8080-exec-1] DEBUG o.m.s.t.SpringManagedTransaction - JDBC Connection [HikariProxyConnection@2032686897 wrapping com.mysql.cj.jdbc.ConnectionImpl@2f55317c] will not be managed by Spring
2025-01-13 16:11:53 [http-nio-8080-exec-4] DEBUG c.s.d.m.C.selectLnbSubList - ==>  Preparing: SELECT CT_LNB_SUB_IDX AS ctLnbSubIdx, CT_LNB_ID AS ctLnbId, CT_LNB_SUB_ID AS ctLnbSubId, CT_LNB_SUB_NAME AS ctLnbSubName, CT_LNB_SUB_URL AS ctLnbSubUrl FROM CT_LNB_SUB WHERE CT_LNB_ID = ? ORDER BY CT_LNB_SUB_IDX
2025-01-13 16:11:53 [http-nio-8080-exec-1] DEBUG c.s.d.m.C.selectLnbSubList - ==>  Preparing: SELECT CT_LNB_SUB_IDX AS ctLnbSubIdx, CT_LNB_ID AS ctLnbId, CT_LNB_SUB_ID AS ctLnbSubId, CT_LNB_SUB_NAME AS ctLnbSubName, CT_LNB_SUB_URL AS ctLnbSubUrl FROM CT_LNB_SUB WHERE CT_LNB_ID = ? ORDER BY CT_LNB_SUB_IDX
2025-01-13 16:11:53 [http-nio-8080-exec-1] DEBUG c.s.d.m.C.selectLnbSubList - ==> Parameters: CT_LNB_SERVICE(String)
2025-01-13 16:11:53 [http-nio-8080-exec-4] DEBUG c.s.d.m.C.selectLnbSubList - ==> Parameters: CT_LNB_CONTACT(String)
2025-01-13 16:11:53 [http-nio-8080-exec-8] DEBUG c.s.d.m.C.selectLnbSubList - <==      Total: 1
2025-01-13 16:11:53 [http-nio-8080-exec-4] DEBUG c.s.d.m.C.selectLnbSubList - <==      Total: 2
2025-01-13 16:11:53 [http-nio-8080-exec-1] DEBUG c.s.d.m.C.selectLnbSubList - <==      Total: 4
2025-01-13 16:11:53 [http-nio-8080-exec-8] DEBUG org.mybatis.spring.SqlSessionUtils - Closing non transactional SqlSession [org.apache.ibatis.session.defaults.DefaultSqlSession@70894cb6]
2025-01-13 16:11:53 [http-nio-8080-exec-4] DEBUG org.mybatis.spring.SqlSessionUtils - Closing non transactional SqlSession [org.apache.ibatis.session.defaults.DefaultSqlSession@5189c36b]
2025-01-13 16:11:53 [http-nio-8080-exec-1] DEBUG org.mybatis.spring.SqlSessionUtils - Closing non transactional SqlSession [org.apache.ibatis.session.defaults.DefaultSqlSession@269f462e]
2025-01-13 16:11:53 [http-nio-8080-exec-3] DEBUG org.mybatis.spring.SqlSessionUtils - Creating a new SqlSession
2025-01-13 16:11:53 [http-nio-8080-exec-6] DEBUG org.mybatis.spring.SqlSessionUtils - Creating a new SqlSession
2025-01-13 16:11:53 [http-nio-8080-exec-7] DEBUG org.mybatis.spring.SqlSessionUtils - Creating a new SqlSession
2025-01-13 16:11:53 [http-nio-8080-exec-3] DEBUG org.mybatis.spring.SqlSessionUtils - SqlSession [org.apache.ibatis.session.defaults.DefaultSqlSession@2fcf7456] was not registered for synchronization because synchronization is not active
2025-01-13 16:11:53 [http-nio-8080-exec-6] DEBUG org.mybatis.spring.SqlSessionUtils - SqlSession [org.apache.ibatis.session.defaults.DefaultSqlSession@2a883b8c] was not registered for synchronization because synchronization is not active
2025-01-13 16:11:53 [http-nio-8080-exec-7] DEBUG org.mybatis.spring.SqlSessionUtils - SqlSession [org.apache.ibatis.session.defaults.DefaultSqlSession@41c97bb4] was not registered for synchronization because synchronization is not active
2025-01-13 16:11:53 [http-nio-8080-exec-3] DEBUG o.m.s.t.SpringManagedTransaction - JDBC Connection [HikariProxyConnection@1516998323 wrapping com.mysql.cj.jdbc.ConnectionImpl@202516a8] will not be managed by Spring
2025-01-13 16:11:53 [http-nio-8080-exec-6] DEBUG o.m.s.t.SpringManagedTransaction - JDBC Connection [HikariProxyConnection@579321387 wrapping com.mysql.cj.jdbc.ConnectionImpl@1b176bb] will not be managed by Spring
2025-01-13 16:11:53 [http-nio-8080-exec-7] DEBUG o.m.s.t.SpringManagedTransaction - JDBC Connection [HikariProxyConnection@403121574 wrapping com.mysql.cj.jdbc.ConnectionImpl@2f55317c] will not be managed by Spring
2025-01-13 16:11:53 [http-nio-8080-exec-6] DEBUG c.s.d.m.C.selectLnbSubList - ==>  Preparing: SELECT CT_LNB_SUB_IDX AS ctLnbSubIdx, CT_LNB_ID AS ctLnbId, CT_LNB_SUB_ID AS ctLnbSubId, CT_LNB_SUB_NAME AS ctLnbSubName, CT_LNB_SUB_URL AS ctLnbSubUrl FROM CT_LNB_SUB WHERE CT_LNB_ID = ? ORDER BY CT_LNB_SUB_IDX
2025-01-13 16:11:53 [http-nio-8080-exec-3] DEBUG c.s.d.m.C.selectLnbSubList - ==>  Preparing: SELECT CT_LNB_SUB_IDX AS ctLnbSubIdx, CT_LNB_ID AS ctLnbId, CT_LNB_SUB_ID AS ctLnbSubId, CT_LNB_SUB_NAME AS ctLnbSubName, CT_LNB_SUB_URL AS ctLnbSubUrl FROM CT_LNB_SUB WHERE CT_LNB_ID = ? ORDER BY CT_LNB_SUB_IDX
2025-01-13 16:11:53 [http-nio-8080-exec-7] DEBUG c.s.d.m.C.selectLnbSubList - ==>  Preparing: SELECT CT_LNB_SUB_IDX AS ctLnbSubIdx, CT_LNB_ID AS ctLnbId, CT_LNB_SUB_ID AS ctLnbSubId, CT_LNB_SUB_NAME AS ctLnbSubName, CT_LNB_SUB_URL AS ctLnbSubUrl FROM CT_LNB_SUB WHERE CT_LNB_ID = ? ORDER BY CT_LNB_SUB_IDX
2025-01-13 16:11:53 [http-nio-8080-exec-6] DEBUG c.s.d.m.C.selectLnbSubList - ==> Parameters: CT_LNB_SERVICE(String)
2025-01-13 16:11:53 [http-nio-8080-exec-3] DEBUG c.s.d.m.C.selectLnbSubList - ==> Parameters: CT_LNB_CONTACT(String)
2025-01-13 16:11:53 [http-nio-8080-exec-7] DEBUG c.s.d.m.C.selectLnbSubList - ==> Parameters: CT_LNB_COMPANY(String)
2025-01-13 16:11:53 [http-nio-8080-exec-3] DEBUG c.s.d.m.C.selectLnbSubList - <==      Total: 2
2025-01-13 16:11:53 [http-nio-8080-exec-6] DEBUG c.s.d.m.C.selectLnbSubList - <==      Total: 4
2025-01-13 16:11:53 [http-nio-8080-exec-7] DEBUG c.s.d.m.C.selectLnbSubList - <==      Total: 1
2025-01-13 16:11:53 [http-nio-8080-exec-6] DEBUG org.mybatis.spring.SqlSessionUtils - Closing non transactional SqlSession [org.apache.ibatis.session.defaults.DefaultSqlSession@2a883b8c]
2025-01-13 16:11:53 [http-nio-8080-exec-3] DEBUG org.mybatis.spring.SqlSessionUtils - Closing non transactional SqlSession [org.apache.ibatis.session.defaults.DefaultSqlSession@2fcf7456]
2025-01-13 16:11:53 [http-nio-8080-exec-7] DEBUG org.mybatis.spring.SqlSessionUtils - Closing non transactional SqlSession [org.apache.ibatis.session.defaults.DefaultSqlSession@41c97bb4]
2025-01-13 16:12:12 [http-nio-8080-exec-9] WARN  o.t.s.p.AbstractStandardFragmentInsertionTagProcessor - [THYMELEAF][http-nio-8080-exec-9][common/layout/layout] Deprecated unwrapped fragment expression "common/fragments/header::header" found in template common/layout/layout, line 33, col 10. Please use the complete syntax of fragment expressions instead ("~{common/fragments/header::header}"). The old, unwrapped syntax for fragment expressions will be removed in future versions of Thymeleaf.
2025-01-13 16:12:12 [http-nio-8080-exec-9] WARN  o.t.s.p.AbstractStandardFragmentInsertionTagProcessor - [THYMELEAF][http-nio-8080-exec-9][common/layout/layout] Deprecated unwrapped fragment expression "common/fragments/footer::footer" found in template common/layout/layout, line 37, col 10. Please use the complete syntax of fragment expressions instead ("~{common/fragments/footer::footer}"). The old, unwrapped syntax for fragment expressions will be removed in future versions of Thymeleaf.
2025-01-13 16:12:12 [http-nio-8080-exec-7] DEBUG org.mybatis.spring.SqlSessionUtils - Creating a new SqlSession
2025-01-13 16:12:12 [http-nio-8080-exec-7] DEBUG org.mybatis.spring.SqlSessionUtils - SqlSession [org.apache.ibatis.session.defaults.DefaultSqlSession@579822d6] was not registered for synchronization because synchronization is not active
2025-01-13 16:12:12 [http-nio-8080-exec-7] DEBUG o.m.s.t.SpringManagedTransaction - JDBC Connection [HikariProxyConnection@1980962710 wrapping com.mysql.cj.jdbc.ConnectionImpl@2f55317c] will not be managed by Spring
2025-01-13 16:12:12 [http-nio-8080-exec-7] DEBUG c.s.d.m.CommonMapper.selectLnbList - ==>  Preparing: SELECT CT_LNB_IDX AS ctLnbIdx, CT_LNB_ID AS ctLnbId, CT_LNB_NAME AS ctLnbName, CT_LNB_SUB_YN AS ctLnbSubYn, CT_LNB_URL AS ctLnbUrl, CT_LNB_USE_YN AS ctLnbUseYn FROM CT_LNB WHERE CT_LNB_USE_YN = 'Y' ORDER BY CT_LNB_IDX
2025-01-13 16:12:12 [http-nio-8080-exec-7] DEBUG c.s.d.m.CommonMapper.selectLnbList - ==> Parameters: 
2025-01-13 16:12:12 [http-nio-8080-exec-7] DEBUG c.s.d.m.CommonMapper.selectLnbList - <==      Total: 4
2025-01-13 16:12:12 [http-nio-8080-exec-7] DEBUG org.mybatis.spring.SqlSessionUtils - Closing non transactional SqlSession [org.apache.ibatis.session.defaults.DefaultSqlSession@579822d6]
2025-01-13 16:12:12 [http-nio-8080-exec-1] DEBUG org.mybatis.spring.SqlSessionUtils - Creating a new SqlSession
2025-01-13 16:12:12 [http-nio-8080-exec-1] DEBUG org.mybatis.spring.SqlSessionUtils - SqlSession [org.apache.ibatis.session.defaults.DefaultSqlSession@58c7c219] was not registered for synchronization because synchronization is not active
2025-01-13 16:12:12 [http-nio-8080-exec-1] DEBUG o.m.s.t.SpringManagedTransaction - JDBC Connection [HikariProxyConnection@1676511215 wrapping com.mysql.cj.jdbc.ConnectionImpl@2f55317c] will not be managed by Spring
2025-01-13 16:12:12 [http-nio-8080-exec-1] DEBUG c.s.d.m.CommonMapper.selectLnbList - ==>  Preparing: SELECT CT_LNB_IDX AS ctLnbIdx, CT_LNB_ID AS ctLnbId, CT_LNB_NAME AS ctLnbName, CT_LNB_SUB_YN AS ctLnbSubYn, CT_LNB_URL AS ctLnbUrl, CT_LNB_USE_YN AS ctLnbUseYn FROM CT_LNB WHERE CT_LNB_USE_YN = 'Y' ORDER BY CT_LNB_IDX
2025-01-13 16:12:12 [http-nio-8080-exec-1] DEBUG c.s.d.m.CommonMapper.selectLnbList - ==> Parameters: 
2025-01-13 16:12:12 [http-nio-8080-exec-1] DEBUG c.s.d.m.CommonMapper.selectLnbList - <==      Total: 4
2025-01-13 16:12:12 [http-nio-8080-exec-1] DEBUG org.mybatis.spring.SqlSessionUtils - Closing non transactional SqlSession [org.apache.ibatis.session.defaults.DefaultSqlSession@58c7c219]
2025-01-13 16:12:12 [http-nio-8080-exec-3] DEBUG org.mybatis.spring.SqlSessionUtils - Creating a new SqlSession
2025-01-13 16:12:12 [http-nio-8080-exec-8] DEBUG org.mybatis.spring.SqlSessionUtils - Creating a new SqlSession
2025-01-13 16:12:12 [http-nio-8080-exec-6] DEBUG org.mybatis.spring.SqlSessionUtils - Creating a new SqlSession
2025-01-13 16:12:12 [http-nio-8080-exec-3] DEBUG org.mybatis.spring.SqlSessionUtils - SqlSession [org.apache.ibatis.session.defaults.DefaultSqlSession@10d3ea2a] was not registered for synchronization because synchronization is not active
2025-01-13 16:12:12 [http-nio-8080-exec-8] DEBUG org.mybatis.spring.SqlSessionUtils - SqlSession [org.apache.ibatis.session.defaults.DefaultSqlSession@607ee076] was not registered for synchronization because synchronization is not active
2025-01-13 16:12:12 [http-nio-8080-exec-6] DEBUG org.mybatis.spring.SqlSessionUtils - SqlSession [org.apache.ibatis.session.defaults.DefaultSqlSession@31f862da] was not registered for synchronization because synchronization is not active
2025-01-13 16:12:12 [http-nio-8080-exec-8] DEBUG o.m.s.t.SpringManagedTransaction - JDBC Connection [HikariProxyConnection@2080759655 wrapping com.mysql.cj.jdbc.ConnectionImpl@2f55317c] will not be managed by Spring
2025-01-13 16:12:12 [http-nio-8080-exec-8] DEBUG c.s.d.m.C.selectLnbSubList - ==>  Preparing: SELECT CT_LNB_SUB_IDX AS ctLnbSubIdx, CT_LNB_ID AS ctLnbId, CT_LNB_SUB_ID AS ctLnbSubId, CT_LNB_SUB_NAME AS ctLnbSubName, CT_LNB_SUB_URL AS ctLnbSubUrl FROM CT_LNB_SUB WHERE CT_LNB_ID = ? ORDER BY CT_LNB_SUB_IDX
2025-01-13 16:12:12 [http-nio-8080-exec-3] DEBUG o.m.s.t.SpringManagedTransaction - JDBC Connection [HikariProxyConnection@1508086132 wrapping com.mysql.cj.jdbc.ConnectionImpl@202516a8] will not be managed by Spring
2025-01-13 16:12:12 [http-nio-8080-exec-6] DEBUG o.m.s.t.SpringManagedTransaction - JDBC Connection [HikariProxyConnection@1668513586 wrapping com.mysql.cj.jdbc.ConnectionImpl@1b176bb] will not be managed by Spring
2025-01-13 16:12:12 [http-nio-8080-exec-3] DEBUG c.s.d.m.C.selectLnbSubList - ==>  Preparing: SELECT CT_LNB_SUB_IDX AS ctLnbSubIdx, CT_LNB_ID AS ctLnbId, CT_LNB_SUB_ID AS ctLnbSubId, CT_LNB_SUB_NAME AS ctLnbSubName, CT_LNB_SUB_URL AS ctLnbSubUrl FROM CT_LNB_SUB WHERE CT_LNB_ID = ? ORDER BY CT_LNB_SUB_IDX
2025-01-13 16:12:12 [http-nio-8080-exec-6] DEBUG c.s.d.m.C.selectLnbSubList - ==>  Preparing: SELECT CT_LNB_SUB_IDX AS ctLnbSubIdx, CT_LNB_ID AS ctLnbId, CT_LNB_SUB_ID AS ctLnbSubId, CT_LNB_SUB_NAME AS ctLnbSubName, CT_LNB_SUB_URL AS ctLnbSubUrl FROM CT_LNB_SUB WHERE CT_LNB_ID = ? ORDER BY CT_LNB_SUB_IDX
2025-01-13 16:12:12 [http-nio-8080-exec-8] DEBUG c.s.d.m.C.selectLnbSubList - ==> Parameters: CT_LNB_CONTACT(String)
2025-01-13 16:12:12 [http-nio-8080-exec-6] DEBUG c.s.d.m.C.selectLnbSubList - ==> Parameters: CT_LNB_COMPANY(String)
2025-01-13 16:12:12 [http-nio-8080-exec-3] DEBUG c.s.d.m.C.selectLnbSubList - ==> Parameters: CT_LNB_SERVICE(String)
2025-01-13 16:12:12 [http-nio-8080-exec-6] DEBUG c.s.d.m.C.selectLnbSubList - <==      Total: 1
2025-01-13 16:12:12 [http-nio-8080-exec-8] DEBUG c.s.d.m.C.selectLnbSubList - <==      Total: 2
2025-01-13 16:12:12 [http-nio-8080-exec-3] DEBUG c.s.d.m.C.selectLnbSubList - <==      Total: 4
2025-01-13 16:12:12 [http-nio-8080-exec-3] DEBUG org.mybatis.spring.SqlSessionUtils - Closing non transactional SqlSession [org.apache.ibatis.session.defaults.DefaultSqlSession@10d3ea2a]
2025-01-13 16:12:12 [http-nio-8080-exec-8] DEBUG org.mybatis.spring.SqlSessionUtils - Closing non transactional SqlSession [org.apache.ibatis.session.defaults.DefaultSqlSession@607ee076]
2025-01-13 16:12:12 [http-nio-8080-exec-6] DEBUG org.mybatis.spring.SqlSessionUtils - Closing non transactional SqlSession [org.apache.ibatis.session.defaults.DefaultSqlSession@31f862da]
2025-01-13 16:12:12 [http-nio-8080-exec-7] DEBUG org.mybatis.spring.SqlSessionUtils - Creating a new SqlSession
2025-01-13 16:12:12 [http-nio-8080-exec-9] DEBUG org.mybatis.spring.SqlSessionUtils - Creating a new SqlSession
2025-01-13 16:12:12 [http-nio-8080-exec-4] DEBUG org.mybatis.spring.SqlSessionUtils - Creating a new SqlSession
2025-01-13 16:12:12 [http-nio-8080-exec-7] DEBUG org.mybatis.spring.SqlSessionUtils - SqlSession [org.apache.ibatis.session.defaults.DefaultSqlSession@2229a4f3] was not registered for synchronization because synchronization is not active
2025-01-13 16:12:12 [http-nio-8080-exec-4] DEBUG org.mybatis.spring.SqlSessionUtils - SqlSession [org.apache.ibatis.session.defaults.DefaultSqlSession@3606b23d] was not registered for synchronization because synchronization is not active
2025-01-13 16:12:12 [http-nio-8080-exec-9] DEBUG org.mybatis.spring.SqlSessionUtils - SqlSession [org.apache.ibatis.session.defaults.DefaultSqlSession@733394c8] was not registered for synchronization because synchronization is not active
2025-01-13 16:12:12 [http-nio-8080-exec-7] DEBUG o.m.s.t.SpringManagedTransaction - JDBC Connection [HikariProxyConnection@875674866 wrapping com.mysql.cj.jdbc.ConnectionImpl@2f55317c] will not be managed by Spring
2025-01-13 16:12:12 [http-nio-8080-exec-9] DEBUG o.m.s.t.SpringManagedTransaction - JDBC Connection [HikariProxyConnection@1929689333 wrapping com.mysql.cj.jdbc.ConnectionImpl@1b176bb] will not be managed by Spring
2025-01-13 16:12:12 [http-nio-8080-exec-4] DEBUG o.m.s.t.SpringManagedTransaction - JDBC Connection [HikariProxyConnection@558062661 wrapping com.mysql.cj.jdbc.ConnectionImpl@202516a8] will not be managed by Spring
2025-01-13 16:12:12 [http-nio-8080-exec-9] DEBUG c.s.d.m.C.selectLnbSubList - ==>  Preparing: SELECT CT_LNB_SUB_IDX AS ctLnbSubIdx, CT_LNB_ID AS ctLnbId, CT_LNB_SUB_ID AS ctLnbSubId, CT_LNB_SUB_NAME AS ctLnbSubName, CT_LNB_SUB_URL AS ctLnbSubUrl FROM CT_LNB_SUB WHERE CT_LNB_ID = ? ORDER BY CT_LNB_SUB_IDX
2025-01-13 16:12:12 [http-nio-8080-exec-7] DEBUG c.s.d.m.C.selectLnbSubList - ==>  Preparing: SELECT CT_LNB_SUB_IDX AS ctLnbSubIdx, CT_LNB_ID AS ctLnbId, CT_LNB_SUB_ID AS ctLnbSubId, CT_LNB_SUB_NAME AS ctLnbSubName, CT_LNB_SUB_URL AS ctLnbSubUrl FROM CT_LNB_SUB WHERE CT_LNB_ID = ? ORDER BY CT_LNB_SUB_IDX
2025-01-13 16:12:12 [http-nio-8080-exec-4] DEBUG c.s.d.m.C.selectLnbSubList - ==>  Preparing: SELECT CT_LNB_SUB_IDX AS ctLnbSubIdx, CT_LNB_ID AS ctLnbId, CT_LNB_SUB_ID AS ctLnbSubId, CT_LNB_SUB_NAME AS ctLnbSubName, CT_LNB_SUB_URL AS ctLnbSubUrl FROM CT_LNB_SUB WHERE CT_LNB_ID = ? ORDER BY CT_LNB_SUB_IDX
2025-01-13 16:12:12 [http-nio-8080-exec-9] DEBUG c.s.d.m.C.selectLnbSubList - ==> Parameters: CT_LNB_SERVICE(String)
2025-01-13 16:12:12 [http-nio-8080-exec-7] DEBUG c.s.d.m.C.selectLnbSubList - ==> Parameters: CT_LNB_CONTACT(String)
2025-01-13 16:12:12 [http-nio-8080-exec-4] DEBUG c.s.d.m.C.selectLnbSubList - ==> Parameters: CT_LNB_COMPANY(String)
2025-01-13 16:12:12 [http-nio-8080-exec-7] DEBUG c.s.d.m.C.selectLnbSubList - <==      Total: 2
2025-01-13 16:12:12 [http-nio-8080-exec-4] DEBUG c.s.d.m.C.selectLnbSubList - <==      Total: 1
2025-01-13 16:12:12 [http-nio-8080-exec-9] DEBUG c.s.d.m.C.selectLnbSubList - <==      Total: 4
2025-01-13 16:12:12 [http-nio-8080-exec-4] DEBUG org.mybatis.spring.SqlSessionUtils - Closing non transactional SqlSession [org.apache.ibatis.session.defaults.DefaultSqlSession@3606b23d]
2025-01-13 16:12:12 [http-nio-8080-exec-7] DEBUG org.mybatis.spring.SqlSessionUtils - Closing non transactional SqlSession [org.apache.ibatis.session.defaults.DefaultSqlSession@2229a4f3]
2025-01-13 16:12:12 [http-nio-8080-exec-9] DEBUG org.mybatis.spring.SqlSessionUtils - Closing non transactional SqlSession [org.apache.ibatis.session.defaults.DefaultSqlSession@733394c8]
2025-01-13 16:13:07 [http-nio-8080-exec-1] WARN  o.t.s.p.AbstractStandardFragmentInsertionTagProcessor - [THYMELEAF][http-nio-8080-exec-1][common/layout/layout] Deprecated unwrapped fragment expression "common/fragments/header::header" found in template common/layout/layout, line 33, col 10. Please use the complete syntax of fragment expressions instead ("~{common/fragments/header::header}"). The old, unwrapped syntax for fragment expressions will be removed in future versions of Thymeleaf.
2025-01-13 16:13:07 [http-nio-8080-exec-1] WARN  o.t.s.p.AbstractStandardFragmentInsertionTagProcessor - [THYMELEAF][http-nio-8080-exec-1][common/layout/layout] Deprecated unwrapped fragment expression "common/fragments/footer::footer" found in template common/layout/layout, line 37, col 10. Please use the complete syntax of fragment expressions instead ("~{common/fragments/footer::footer}"). The old, unwrapped syntax for fragment expressions will be removed in future versions of Thymeleaf.
2025-01-13 16:13:07 [http-nio-8080-exec-6] DEBUG org.mybatis.spring.SqlSessionUtils - Creating a new SqlSession
2025-01-13 16:13:07 [http-nio-8080-exec-6] DEBUG org.mybatis.spring.SqlSessionUtils - SqlSession [org.apache.ibatis.session.defaults.DefaultSqlSession@27828e0] was not registered for synchronization because synchronization is not active
2025-01-13 16:13:07 [http-nio-8080-exec-6] DEBUG o.m.s.t.SpringManagedTransaction - JDBC Connection [HikariProxyConnection@2047495538 wrapping com.mysql.cj.jdbc.ConnectionImpl@1b176bb] will not be managed by Spring
2025-01-13 16:13:07 [http-nio-8080-exec-6] DEBUG c.s.d.m.CommonMapper.selectLnbList - ==>  Preparing: SELECT CT_LNB_IDX AS ctLnbIdx, CT_LNB_ID AS ctLnbId, CT_LNB_NAME AS ctLnbName, CT_LNB_SUB_YN AS ctLnbSubYn, CT_LNB_URL AS ctLnbUrl, CT_LNB_USE_YN AS ctLnbUseYn FROM CT_LNB WHERE CT_LNB_USE_YN = 'Y' ORDER BY CT_LNB_IDX
2025-01-13 16:13:07 [http-nio-8080-exec-6] DEBUG c.s.d.m.CommonMapper.selectLnbList - ==> Parameters: 
2025-01-13 16:13:07 [http-nio-8080-exec-6] DEBUG c.s.d.m.CommonMapper.selectLnbList - <==      Total: 4
2025-01-13 16:13:07 [http-nio-8080-exec-6] DEBUG org.mybatis.spring.SqlSessionUtils - Closing non transactional SqlSession [org.apache.ibatis.session.defaults.DefaultSqlSession@27828e0]
2025-01-13 16:13:07 [http-nio-8080-exec-9] DEBUG org.mybatis.spring.SqlSessionUtils - Creating a new SqlSession
2025-01-13 16:13:07 [http-nio-8080-exec-9] DEBUG org.mybatis.spring.SqlSessionUtils - SqlSession [org.apache.ibatis.session.defaults.DefaultSqlSession@103c0ed0] was not registered for synchronization because synchronization is not active
2025-01-13 16:13:07 [http-nio-8080-exec-9] DEBUG o.m.s.t.SpringManagedTransaction - JDBC Connection [HikariProxyConnection@1185537842 wrapping com.mysql.cj.jdbc.ConnectionImpl@1b176bb] will not be managed by Spring
2025-01-13 16:13:07 [http-nio-8080-exec-9] DEBUG c.s.d.m.CommonMapper.selectLnbList - ==>  Preparing: SELECT CT_LNB_IDX AS ctLnbIdx, CT_LNB_ID AS ctLnbId, CT_LNB_NAME AS ctLnbName, CT_LNB_SUB_YN AS ctLnbSubYn, CT_LNB_URL AS ctLnbUrl, CT_LNB_USE_YN AS ctLnbUseYn FROM CT_LNB WHERE CT_LNB_USE_YN = 'Y' ORDER BY CT_LNB_IDX
2025-01-13 16:13:07 [http-nio-8080-exec-9] DEBUG c.s.d.m.CommonMapper.selectLnbList - ==> Parameters: 
2025-01-13 16:13:07 [http-nio-8080-exec-9] DEBUG c.s.d.m.CommonMapper.selectLnbList - <==      Total: 4
2025-01-13 16:13:07 [http-nio-8080-exec-9] DEBUG org.mybatis.spring.SqlSessionUtils - Closing non transactional SqlSession [org.apache.ibatis.session.defaults.DefaultSqlSession@103c0ed0]
2025-01-13 16:13:07 [http-nio-8080-exec-3] DEBUG org.mybatis.spring.SqlSessionUtils - Creating a new SqlSession
2025-01-13 16:13:07 [http-nio-8080-exec-1] DEBUG org.mybatis.spring.SqlSessionUtils - Creating a new SqlSession
2025-01-13 16:13:07 [http-nio-8080-exec-8] DEBUG org.mybatis.spring.SqlSessionUtils - Creating a new SqlSession
2025-01-13 16:13:07 [http-nio-8080-exec-3] DEBUG org.mybatis.spring.SqlSessionUtils - SqlSession [org.apache.ibatis.session.defaults.DefaultSqlSession@aed8dd8] was not registered for synchronization because synchronization is not active
2025-01-13 16:13:07 [http-nio-8080-exec-1] DEBUG org.mybatis.spring.SqlSessionUtils - SqlSession [org.apache.ibatis.session.defaults.DefaultSqlSession@4b675b9f] was not registered for synchronization because synchronization is not active
2025-01-13 16:13:07 [http-nio-8080-exec-8] DEBUG org.mybatis.spring.SqlSessionUtils - SqlSession [org.apache.ibatis.session.defaults.DefaultSqlSession@3335d36a] was not registered for synchronization because synchronization is not active
2025-01-13 16:13:07 [http-nio-8080-exec-1] DEBUG o.m.s.t.SpringManagedTransaction - JDBC Connection [HikariProxyConnection@2124040016 wrapping com.mysql.cj.jdbc.ConnectionImpl@1b176bb] will not be managed by Spring
2025-01-13 16:13:07 [http-nio-8080-exec-1] DEBUG c.s.d.m.C.selectLnbSubList - ==>  Preparing: SELECT CT_LNB_SUB_IDX AS ctLnbSubIdx, CT_LNB_ID AS ctLnbId, CT_LNB_SUB_ID AS ctLnbSubId, CT_LNB_SUB_NAME AS ctLnbSubName, CT_LNB_SUB_URL AS ctLnbSubUrl FROM CT_LNB_SUB WHERE CT_LNB_ID = ? ORDER BY CT_LNB_SUB_IDX
2025-01-13 16:13:07 [http-nio-8080-exec-1] DEBUG c.s.d.m.C.selectLnbSubList - ==> Parameters: CT_LNB_CONTACT(String)
2025-01-13 16:13:07 [http-nio-8080-exec-8] DEBUG o.m.s.t.SpringManagedTransaction - JDBC Connection [HikariProxyConnection@468798942 wrapping com.mysql.cj.jdbc.ConnectionImpl@2f55317c] will not be managed by Spring
2025-01-13 16:13:07 [http-nio-8080-exec-8] DEBUG c.s.d.m.C.selectLnbSubList - ==>  Preparing: SELECT CT_LNB_SUB_IDX AS ctLnbSubIdx, CT_LNB_ID AS ctLnbId, CT_LNB_SUB_ID AS ctLnbSubId, CT_LNB_SUB_NAME AS ctLnbSubName, CT_LNB_SUB_URL AS ctLnbSubUrl FROM CT_LNB_SUB WHERE CT_LNB_ID = ? ORDER BY CT_LNB_SUB_IDX
2025-01-13 16:13:07 [http-nio-8080-exec-3] DEBUG o.m.s.t.SpringManagedTransaction - JDBC Connection [HikariProxyConnection@1760330299 wrapping com.mysql.cj.jdbc.ConnectionImpl@202516a8] will not be managed by Spring
2025-01-13 16:13:07 [http-nio-8080-exec-3] DEBUG c.s.d.m.C.selectLnbSubList - ==>  Preparing: SELECT CT_LNB_SUB_IDX AS ctLnbSubIdx, CT_LNB_ID AS ctLnbId, CT_LNB_SUB_ID AS ctLnbSubId, CT_LNB_SUB_NAME AS ctLnbSubName, CT_LNB_SUB_URL AS ctLnbSubUrl FROM CT_LNB_SUB WHERE CT_LNB_ID = ? ORDER BY CT_LNB_SUB_IDX
2025-01-13 16:13:07 [http-nio-8080-exec-8] DEBUG c.s.d.m.C.selectLnbSubList - ==> Parameters: CT_LNB_COMPANY(String)
2025-01-13 16:13:07 [http-nio-8080-exec-3] DEBUG c.s.d.m.C.selectLnbSubList - ==> Parameters: CT_LNB_SERVICE(String)
2025-01-13 16:13:07 [http-nio-8080-exec-1] DEBUG c.s.d.m.C.selectLnbSubList - <==      Total: 2
2025-01-13 16:13:07 [http-nio-8080-exec-8] DEBUG c.s.d.m.C.selectLnbSubList - <==      Total: 1
2025-01-13 16:13:07 [http-nio-8080-exec-3] DEBUG c.s.d.m.C.selectLnbSubList - <==      Total: 4
2025-01-13 16:13:07 [http-nio-8080-exec-1] DEBUG org.mybatis.spring.SqlSessionUtils - Closing non transactional SqlSession [org.apache.ibatis.session.defaults.DefaultSqlSession@4b675b9f]
2025-01-13 16:13:07 [http-nio-8080-exec-8] DEBUG org.mybatis.spring.SqlSessionUtils - Closing non transactional SqlSession [org.apache.ibatis.session.defaults.DefaultSqlSession@3335d36a]
2025-01-13 16:13:07 [http-nio-8080-exec-3] DEBUG org.mybatis.spring.SqlSessionUtils - Closing non transactional SqlSession [org.apache.ibatis.session.defaults.DefaultSqlSession@aed8dd8]
2025-01-13 16:13:07 [http-nio-8080-exec-2] DEBUG org.mybatis.spring.SqlSessionUtils - Creating a new SqlSession
2025-01-13 16:13:07 [http-nio-8080-exec-6] DEBUG org.mybatis.spring.SqlSessionUtils - Creating a new SqlSession
2025-01-13 16:13:07 [http-nio-8080-exec-5] DEBUG org.mybatis.spring.SqlSessionUtils - Creating a new SqlSession
2025-01-13 16:13:07 [http-nio-8080-exec-2] DEBUG org.mybatis.spring.SqlSessionUtils - SqlSession [org.apache.ibatis.session.defaults.DefaultSqlSession@7160ab31] was not registered for synchronization because synchronization is not active
2025-01-13 16:13:07 [http-nio-8080-exec-5] DEBUG org.mybatis.spring.SqlSessionUtils - SqlSession [org.apache.ibatis.session.defaults.DefaultSqlSession@6e886be4] was not registered for synchronization because synchronization is not active
2025-01-13 16:13:07 [http-nio-8080-exec-6] DEBUG org.mybatis.spring.SqlSessionUtils - SqlSession [org.apache.ibatis.session.defaults.DefaultSqlSession@2883442a] was not registered for synchronization because synchronization is not active
2025-01-13 16:13:07 [http-nio-8080-exec-2] DEBUG o.m.s.t.SpringManagedTransaction - JDBC Connection [HikariProxyConnection@1069813123 wrapping com.mysql.cj.jdbc.ConnectionImpl@2f55317c] will not be managed by Spring
2025-01-13 16:13:07 [http-nio-8080-exec-6] DEBUG o.m.s.t.SpringManagedTransaction - JDBC Connection [HikariProxyConnection@1803503346 wrapping com.mysql.cj.jdbc.ConnectionImpl@1b176bb] will not be managed by Spring
2025-01-13 16:13:07 [http-nio-8080-exec-5] DEBUG o.m.s.t.SpringManagedTransaction - JDBC Connection [HikariProxyConnection@878955266 wrapping com.mysql.cj.jdbc.ConnectionImpl@202516a8] will not be managed by Spring
2025-01-13 16:13:07 [http-nio-8080-exec-2] DEBUG c.s.d.m.C.selectLnbSubList - ==>  Preparing: SELECT CT_LNB_SUB_IDX AS ctLnbSubIdx, CT_LNB_ID AS ctLnbId, CT_LNB_SUB_ID AS ctLnbSubId, CT_LNB_SUB_NAME AS ctLnbSubName, CT_LNB_SUB_URL AS ctLnbSubUrl FROM CT_LNB_SUB WHERE CT_LNB_ID = ? ORDER BY CT_LNB_SUB_IDX
2025-01-13 16:13:07 [http-nio-8080-exec-5] DEBUG c.s.d.m.C.selectLnbSubList - ==>  Preparing: SELECT CT_LNB_SUB_IDX AS ctLnbSubIdx, CT_LNB_ID AS ctLnbId, CT_LNB_SUB_ID AS ctLnbSubId, CT_LNB_SUB_NAME AS ctLnbSubName, CT_LNB_SUB_URL AS ctLnbSubUrl FROM CT_LNB_SUB WHERE CT_LNB_ID = ? ORDER BY CT_LNB_SUB_IDX
2025-01-13 16:13:07 [http-nio-8080-exec-6] DEBUG c.s.d.m.C.selectLnbSubList - ==>  Preparing: SELECT CT_LNB_SUB_IDX AS ctLnbSubIdx, CT_LNB_ID AS ctLnbId, CT_LNB_SUB_ID AS ctLnbSubId, CT_LNB_SUB_NAME AS ctLnbSubName, CT_LNB_SUB_URL AS ctLnbSubUrl FROM CT_LNB_SUB WHERE CT_LNB_ID = ? ORDER BY CT_LNB_SUB_IDX
2025-01-13 16:13:07 [http-nio-8080-exec-2] DEBUG c.s.d.m.C.selectLnbSubList - ==> Parameters: CT_LNB_COMPANY(String)
2025-01-13 16:13:07 [http-nio-8080-exec-6] DEBUG c.s.d.m.C.selectLnbSubList - ==> Parameters: CT_LNB_CONTACT(String)
2025-01-13 16:13:07 [http-nio-8080-exec-5] DEBUG c.s.d.m.C.selectLnbSubList - ==> Parameters: CT_LNB_SERVICE(String)
2025-01-13 16:13:07 [http-nio-8080-exec-2] DEBUG c.s.d.m.C.selectLnbSubList - <==      Total: 1
2025-01-13 16:13:07 [http-nio-8080-exec-6] DEBUG c.s.d.m.C.selectLnbSubList - <==      Total: 2
2025-01-13 16:13:07 [http-nio-8080-exec-5] DEBUG c.s.d.m.C.selectLnbSubList - <==      Total: 4
2025-01-13 16:13:07 [http-nio-8080-exec-2] DEBUG org.mybatis.spring.SqlSessionUtils - Closing non transactional SqlSession [org.apache.ibatis.session.defaults.DefaultSqlSession@7160ab31]
2025-01-13 16:13:07 [http-nio-8080-exec-6] DEBUG org.mybatis.spring.SqlSessionUtils - Closing non transactional SqlSession [org.apache.ibatis.session.defaults.DefaultSqlSession@2883442a]
2025-01-13 16:13:07 [http-nio-8080-exec-5] DEBUG org.mybatis.spring.SqlSessionUtils - Closing non transactional SqlSession [org.apache.ibatis.session.defaults.DefaultSqlSession@6e886be4]
2025-01-13 16:13:29 [http-nio-8080-exec-3] WARN  o.t.s.p.AbstractStandardFragmentInsertionTagProcessor - [THYMELEAF][http-nio-8080-exec-3][common/layout/layout] Deprecated unwrapped fragment expression "common/fragments/header::header" found in template common/layout/layout, line 33, col 10. Please use the complete syntax of fragment expressions instead ("~{common/fragments/header::header}"). The old, unwrapped syntax for fragment expressions will be removed in future versions of Thymeleaf.
2025-01-13 16:13:29 [http-nio-8080-exec-3] WARN  o.t.s.p.AbstractStandardFragmentInsertionTagProcessor - [THYMELEAF][http-nio-8080-exec-3][common/layout/layout] Deprecated unwrapped fragment expression "common/fragments/footer::footer" found in template common/layout/layout, line 37, col 10. Please use the complete syntax of fragment expressions instead ("~{common/fragments/footer::footer}"). The old, unwrapped syntax for fragment expressions will be removed in future versions of Thymeleaf.
2025-01-13 16:13:29 [http-nio-8080-exec-10] DEBUG org.mybatis.spring.SqlSessionUtils - Creating a new SqlSession
2025-01-13 16:13:29 [http-nio-8080-exec-10] DEBUG org.mybatis.spring.SqlSessionUtils - SqlSession [org.apache.ibatis.session.defaults.DefaultSqlSession@5a2e768b] was not registered for synchronization because synchronization is not active
2025-01-13 16:13:29 [http-nio-8080-exec-10] DEBUG o.m.s.t.SpringManagedTransaction - JDBC Connection [HikariProxyConnection@1608289000 wrapping com.mysql.cj.jdbc.ConnectionImpl@2f55317c] will not be managed by Spring
2025-01-13 16:13:29 [http-nio-8080-exec-10] DEBUG c.s.d.m.CommonMapper.selectLnbList - ==>  Preparing: SELECT CT_LNB_IDX AS ctLnbIdx, CT_LNB_ID AS ctLnbId, CT_LNB_NAME AS ctLnbName, CT_LNB_SUB_YN AS ctLnbSubYn, CT_LNB_URL AS ctLnbUrl, CT_LNB_USE_YN AS ctLnbUseYn FROM CT_LNB WHERE CT_LNB_USE_YN = 'Y' ORDER BY CT_LNB_IDX
2025-01-13 16:13:29 [http-nio-8080-exec-10] DEBUG c.s.d.m.CommonMapper.selectLnbList - ==> Parameters: 
2025-01-13 16:13:29 [http-nio-8080-exec-10] DEBUG c.s.d.m.CommonMapper.selectLnbList - <==      Total: 4
2025-01-13 16:13:29 [http-nio-8080-exec-10] DEBUG org.mybatis.spring.SqlSessionUtils - Closing non transactional SqlSession [org.apache.ibatis.session.defaults.DefaultSqlSession@5a2e768b]
2025-01-13 16:13:29 [http-nio-8080-exec-8] DEBUG org.mybatis.spring.SqlSessionUtils - Creating a new SqlSession
2025-01-13 16:13:29 [http-nio-8080-exec-8] DEBUG org.mybatis.spring.SqlSessionUtils - SqlSession [org.apache.ibatis.session.defaults.DefaultSqlSession@517f4adf] was not registered for synchronization because synchronization is not active
2025-01-13 16:13:29 [http-nio-8080-exec-8] DEBUG o.m.s.t.SpringManagedTransaction - JDBC Connection [HikariProxyConnection@815222933 wrapping com.mysql.cj.jdbc.ConnectionImpl@2f55317c] will not be managed by Spring
2025-01-13 16:13:29 [http-nio-8080-exec-8] DEBUG c.s.d.m.CommonMapper.selectLnbList - ==>  Preparing: SELECT CT_LNB_IDX AS ctLnbIdx, CT_LNB_ID AS ctLnbId, CT_LNB_NAME AS ctLnbName, CT_LNB_SUB_YN AS ctLnbSubYn, CT_LNB_URL AS ctLnbUrl, CT_LNB_USE_YN AS ctLnbUseYn FROM CT_LNB WHERE CT_LNB_USE_YN = 'Y' ORDER BY CT_LNB_IDX
2025-01-13 16:13:29 [http-nio-8080-exec-8] DEBUG c.s.d.m.CommonMapper.selectLnbList - ==> Parameters: 
2025-01-13 16:13:29 [http-nio-8080-exec-8] DEBUG c.s.d.m.CommonMapper.selectLnbList - <==      Total: 4
2025-01-13 16:13:29 [http-nio-8080-exec-8] DEBUG org.mybatis.spring.SqlSessionUtils - Closing non transactional SqlSession [org.apache.ibatis.session.defaults.DefaultSqlSession@517f4adf]
2025-01-13 16:13:29 [http-nio-8080-exec-3] DEBUG org.mybatis.spring.SqlSessionUtils - Creating a new SqlSession
2025-01-13 16:13:29 [http-nio-8080-exec-4] DEBUG org.mybatis.spring.SqlSessionUtils - Creating a new SqlSession
2025-01-13 16:13:29 [http-nio-8080-exec-9] DEBUG org.mybatis.spring.SqlSessionUtils - Creating a new SqlSession
2025-01-13 16:13:29 [http-nio-8080-exec-3] DEBUG org.mybatis.spring.SqlSessionUtils - SqlSession [org.apache.ibatis.session.defaults.DefaultSqlSession@3e3e968d] was not registered for synchronization because synchronization is not active
2025-01-13 16:13:29 [http-nio-8080-exec-9] DEBUG org.mybatis.spring.SqlSessionUtils - SqlSession [org.apache.ibatis.session.defaults.DefaultSqlSession@689bc4e6] was not registered for synchronization because synchronization is not active
2025-01-13 16:13:29 [http-nio-8080-exec-4] DEBUG org.mybatis.spring.SqlSessionUtils - SqlSession [org.apache.ibatis.session.defaults.DefaultSqlSession@1c21398a] was not registered for synchronization because synchronization is not active
2025-01-13 16:13:29 [http-nio-8080-exec-4] DEBUG o.m.s.t.SpringManagedTransaction - JDBC Connection [HikariProxyConnection@2137910974 wrapping com.mysql.cj.jdbc.ConnectionImpl@2f55317c] will not be managed by Spring
2025-01-13 16:13:29 [http-nio-8080-exec-4] DEBUG c.s.d.m.C.selectLnbSubList - ==>  Preparing: SELECT CT_LNB_SUB_IDX AS ctLnbSubIdx, CT_LNB_ID AS ctLnbId, CT_LNB_SUB_ID AS ctLnbSubId, CT_LNB_SUB_NAME AS ctLnbSubName, CT_LNB_SUB_URL AS ctLnbSubUrl FROM CT_LNB_SUB WHERE CT_LNB_ID = ? ORDER BY CT_LNB_SUB_IDX
2025-01-13 16:13:29 [http-nio-8080-exec-4] DEBUG c.s.d.m.C.selectLnbSubList - ==> Parameters: CT_LNB_SERVICE(String)
2025-01-13 16:13:29 [http-nio-8080-exec-3] DEBUG o.m.s.t.SpringManagedTransaction - JDBC Connection [HikariProxyConnection@1197448448 wrapping com.mysql.cj.jdbc.ConnectionImpl@202516a8] will not be managed by Spring
2025-01-13 16:13:29 [http-nio-8080-exec-9] DEBUG o.m.s.t.SpringManagedTransaction - JDBC Connection [HikariProxyConnection@1557029430 wrapping com.mysql.cj.jdbc.ConnectionImpl@1b176bb] will not be managed by Spring
2025-01-13 16:13:29 [http-nio-8080-exec-9] DEBUG c.s.d.m.C.selectLnbSubList - ==>  Preparing: SELECT CT_LNB_SUB_IDX AS ctLnbSubIdx, CT_LNB_ID AS ctLnbId, CT_LNB_SUB_ID AS ctLnbSubId, CT_LNB_SUB_NAME AS ctLnbSubName, CT_LNB_SUB_URL AS ctLnbSubUrl FROM CT_LNB_SUB WHERE CT_LNB_ID = ? ORDER BY CT_LNB_SUB_IDX
2025-01-13 16:13:29 [http-nio-8080-exec-3] DEBUG c.s.d.m.C.selectLnbSubList - ==>  Preparing: SELECT CT_LNB_SUB_IDX AS ctLnbSubIdx, CT_LNB_ID AS ctLnbId, CT_LNB_SUB_ID AS ctLnbSubId, CT_LNB_SUB_NAME AS ctLnbSubName, CT_LNB_SUB_URL AS ctLnbSubUrl FROM CT_LNB_SUB WHERE CT_LNB_ID = ? ORDER BY CT_LNB_SUB_IDX
2025-01-13 16:13:29 [http-nio-8080-exec-9] DEBUG c.s.d.m.C.selectLnbSubList - ==> Parameters: CT_LNB_COMPANY(String)
2025-01-13 16:13:29 [http-nio-8080-exec-3] DEBUG c.s.d.m.C.selectLnbSubList - ==> Parameters: CT_LNB_CONTACT(String)
2025-01-13 16:13:29 [http-nio-8080-exec-9] DEBUG c.s.d.m.C.selectLnbSubList - <==      Total: 1
2025-01-13 16:13:29 [http-nio-8080-exec-3] DEBUG c.s.d.m.C.selectLnbSubList - <==      Total: 2
2025-01-13 16:13:29 [http-nio-8080-exec-4] DEBUG c.s.d.m.C.selectLnbSubList - <==      Total: 4
2025-01-13 16:13:29 [http-nio-8080-exec-4] DEBUG org.mybatis.spring.SqlSessionUtils - Closing non transactional SqlSession [org.apache.ibatis.session.defaults.DefaultSqlSession@1c21398a]
2025-01-13 16:13:29 [http-nio-8080-exec-3] DEBUG org.mybatis.spring.SqlSessionUtils - Closing non transactional SqlSession [org.apache.ibatis.session.defaults.DefaultSqlSession@3e3e968d]
2025-01-13 16:13:29 [http-nio-8080-exec-9] DEBUG org.mybatis.spring.SqlSessionUtils - Closing non transactional SqlSession [org.apache.ibatis.session.defaults.DefaultSqlSession@689bc4e6]
2025-01-13 16:13:29 [http-nio-8080-exec-10] DEBUG org.mybatis.spring.SqlSessionUtils - Creating a new SqlSession
2025-01-13 16:13:29 [http-nio-8080-exec-5] DEBUG org.mybatis.spring.SqlSessionUtils - Creating a new SqlSession
2025-01-13 16:13:29 [http-nio-8080-exec-2] DEBUG org.mybatis.spring.SqlSessionUtils - Creating a new SqlSession
2025-01-13 16:13:29 [http-nio-8080-exec-10] DEBUG org.mybatis.spring.SqlSessionUtils - SqlSession [org.apache.ibatis.session.defaults.DefaultSqlSession@1526d2c0] was not registered for synchronization because synchronization is not active
2025-01-13 16:13:29 [http-nio-8080-exec-2] DEBUG org.mybatis.spring.SqlSessionUtils - SqlSession [org.apache.ibatis.session.defaults.DefaultSqlSession@69aef236] was not registered for synchronization because synchronization is not active
2025-01-13 16:13:29 [http-nio-8080-exec-5] DEBUG org.mybatis.spring.SqlSessionUtils - SqlSession [org.apache.ibatis.session.defaults.DefaultSqlSession@5f67ec2] was not registered for synchronization because synchronization is not active
2025-01-13 16:13:29 [http-nio-8080-exec-10] DEBUG o.m.s.t.SpringManagedTransaction - JDBC Connection [HikariProxyConnection@1016427713 wrapping com.mysql.cj.jdbc.ConnectionImpl@2f55317c] will not be managed by Spring
2025-01-13 16:13:29 [http-nio-8080-exec-2] DEBUG o.m.s.t.SpringManagedTransaction - JDBC Connection [HikariProxyConnection@47607127 wrapping com.mysql.cj.jdbc.ConnectionImpl@1b176bb] will not be managed by Spring
2025-01-13 16:13:29 [http-nio-8080-exec-5] DEBUG o.m.s.t.SpringManagedTransaction - JDBC Connection [HikariProxyConnection@387484069 wrapping com.mysql.cj.jdbc.ConnectionImpl@202516a8] will not be managed by Spring
2025-01-13 16:13:29 [http-nio-8080-exec-2] DEBUG c.s.d.m.C.selectLnbSubList - ==>  Preparing: SELECT CT_LNB_SUB_IDX AS ctLnbSubIdx, CT_LNB_ID AS ctLnbId, CT_LNB_SUB_ID AS ctLnbSubId, CT_LNB_SUB_NAME AS ctLnbSubName, CT_LNB_SUB_URL AS ctLnbSubUrl FROM CT_LNB_SUB WHERE CT_LNB_ID = ? ORDER BY CT_LNB_SUB_IDX
2025-01-13 16:13:29 [http-nio-8080-exec-10] DEBUG c.s.d.m.C.selectLnbSubList - ==>  Preparing: SELECT CT_LNB_SUB_IDX AS ctLnbSubIdx, CT_LNB_ID AS ctLnbId, CT_LNB_SUB_ID AS ctLnbSubId, CT_LNB_SUB_NAME AS ctLnbSubName, CT_LNB_SUB_URL AS ctLnbSubUrl FROM CT_LNB_SUB WHERE CT_LNB_ID = ? ORDER BY CT_LNB_SUB_IDX
2025-01-13 16:13:29 [http-nio-8080-exec-5] DEBUG c.s.d.m.C.selectLnbSubList - ==>  Preparing: SELECT CT_LNB_SUB_IDX AS ctLnbSubIdx, CT_LNB_ID AS ctLnbId, CT_LNB_SUB_ID AS ctLnbSubId, CT_LNB_SUB_NAME AS ctLnbSubName, CT_LNB_SUB_URL AS ctLnbSubUrl FROM CT_LNB_SUB WHERE CT_LNB_ID = ? ORDER BY CT_LNB_SUB_IDX
2025-01-13 16:13:29 [http-nio-8080-exec-10] DEBUG c.s.d.m.C.selectLnbSubList - ==> Parameters: CT_LNB_COMPANY(String)
2025-01-13 16:13:29 [http-nio-8080-exec-2] DEBUG c.s.d.m.C.selectLnbSubList - ==> Parameters: CT_LNB_CONTACT(String)
2025-01-13 16:13:29 [http-nio-8080-exec-5] DEBUG c.s.d.m.C.selectLnbSubList - ==> Parameters: CT_LNB_SERVICE(String)
2025-01-13 16:13:29 [http-nio-8080-exec-10] DEBUG c.s.d.m.C.selectLnbSubList - <==      Total: 1
2025-01-13 16:13:29 [http-nio-8080-exec-2] DEBUG c.s.d.m.C.selectLnbSubList - <==      Total: 2
2025-01-13 16:13:29 [http-nio-8080-exec-5] DEBUG c.s.d.m.C.selectLnbSubList - <==      Total: 4
2025-01-13 16:13:29 [http-nio-8080-exec-2] DEBUG org.mybatis.spring.SqlSessionUtils - Closing non transactional SqlSession [org.apache.ibatis.session.defaults.DefaultSqlSession@69aef236]
2025-01-13 16:13:29 [http-nio-8080-exec-10] DEBUG org.mybatis.spring.SqlSessionUtils - Closing non transactional SqlSession [org.apache.ibatis.session.defaults.DefaultSqlSession@1526d2c0]
2025-01-13 16:13:29 [http-nio-8080-exec-5] DEBUG org.mybatis.spring.SqlSessionUtils - Closing non transactional SqlSession [org.apache.ibatis.session.defaults.DefaultSqlSession@5f67ec2]
2025-01-13 16:13:38 [http-nio-8080-exec-8] WARN  o.t.s.p.AbstractStandardFragmentInsertionTagProcessor - [THYMELEAF][http-nio-8080-exec-8][common/layout/layout] Deprecated unwrapped fragment expression "common/fragments/header::header" found in template common/layout/layout, line 33, col 10. Please use the complete syntax of fragment expressions instead ("~{common/fragments/header::header}"). The old, unwrapped syntax for fragment expressions will be removed in future versions of Thymeleaf.
2025-01-13 16:13:38 [http-nio-8080-exec-8] WARN  o.t.s.p.AbstractStandardFragmentInsertionTagProcessor - [THYMELEAF][http-nio-8080-exec-8][common/layout/layout] Deprecated unwrapped fragment expression "common/fragments/footer::footer" found in template common/layout/layout, line 37, col 10. Please use the complete syntax of fragment expressions instead ("~{common/fragments/footer::footer}"). The old, unwrapped syntax for fragment expressions will be removed in future versions of Thymeleaf.
2025-01-13 16:13:38 [http-nio-8080-exec-4] DEBUG org.mybatis.spring.SqlSessionUtils - Creating a new SqlSession
2025-01-13 16:13:38 [http-nio-8080-exec-4] DEBUG org.mybatis.spring.SqlSessionUtils - SqlSession [org.apache.ibatis.session.defaults.DefaultSqlSession@180cf67b] was not registered for synchronization because synchronization is not active
2025-01-13 16:13:38 [http-nio-8080-exec-4] DEBUG o.m.s.t.SpringManagedTransaction - JDBC Connection [HikariProxyConnection@134542298 wrapping com.mysql.cj.jdbc.ConnectionImpl@2f55317c] will not be managed by Spring
2025-01-13 16:13:38 [http-nio-8080-exec-4] DEBUG c.s.d.m.CommonMapper.selectLnbList - ==>  Preparing: SELECT CT_LNB_IDX AS ctLnbIdx, CT_LNB_ID AS ctLnbId, CT_LNB_NAME AS ctLnbName, CT_LNB_SUB_YN AS ctLnbSubYn, CT_LNB_URL AS ctLnbUrl, CT_LNB_USE_YN AS ctLnbUseYn FROM CT_LNB WHERE CT_LNB_USE_YN = 'Y' ORDER BY CT_LNB_IDX
2025-01-13 16:13:38 [http-nio-8080-exec-4] DEBUG c.s.d.m.CommonMapper.selectLnbList - ==> Parameters: 
2025-01-13 16:13:38 [http-nio-8080-exec-4] DEBUG c.s.d.m.CommonMapper.selectLnbList - <==      Total: 4
2025-01-13 16:13:38 [http-nio-8080-exec-4] DEBUG org.mybatis.spring.SqlSessionUtils - Closing non transactional SqlSession [org.apache.ibatis.session.defaults.DefaultSqlSession@180cf67b]
2025-01-13 16:13:38 [http-nio-8080-exec-2] DEBUG org.mybatis.spring.SqlSessionUtils - Creating a new SqlSession
2025-01-13 16:13:38 [http-nio-8080-exec-2] DEBUG org.mybatis.spring.SqlSessionUtils - SqlSession [org.apache.ibatis.session.defaults.DefaultSqlSession@74c27e] was not registered for synchronization because synchronization is not active
2025-01-13 16:13:38 [http-nio-8080-exec-2] DEBUG o.m.s.t.SpringManagedTransaction - JDBC Connection [HikariProxyConnection@830061554 wrapping com.mysql.cj.jdbc.ConnectionImpl@1b176bb] will not be managed by Spring
2025-01-13 16:13:38 [http-nio-8080-exec-2] DEBUG c.s.d.m.CommonMapper.selectLnbList - ==>  Preparing: SELECT CT_LNB_IDX AS ctLnbIdx, CT_LNB_ID AS ctLnbId, CT_LNB_NAME AS ctLnbName, CT_LNB_SUB_YN AS ctLnbSubYn, CT_LNB_URL AS ctLnbUrl, CT_LNB_USE_YN AS ctLnbUseYn FROM CT_LNB WHERE CT_LNB_USE_YN = 'Y' ORDER BY CT_LNB_IDX
2025-01-13 16:13:38 [http-nio-8080-exec-2] DEBUG c.s.d.m.CommonMapper.selectLnbList - ==> Parameters: 
2025-01-13 16:13:38 [http-nio-8080-exec-2] DEBUG c.s.d.m.CommonMapper.selectLnbList - <==      Total: 4
2025-01-13 16:13:38 [http-nio-8080-exec-2] DEBUG org.mybatis.spring.SqlSessionUtils - Closing non transactional SqlSession [org.apache.ibatis.session.defaults.DefaultSqlSession@74c27e]
2025-01-13 16:13:38 [http-nio-8080-exec-9] DEBUG org.mybatis.spring.SqlSessionUtils - Creating a new SqlSession
2025-01-13 16:13:38 [http-nio-8080-exec-3] DEBUG org.mybatis.spring.SqlSessionUtils - Creating a new SqlSession
2025-01-13 16:13:38 [http-nio-8080-exec-3] DEBUG org.mybatis.spring.SqlSessionUtils - SqlSession [org.apache.ibatis.session.defaults.DefaultSqlSession@6c23f935] was not registered for synchronization because synchronization is not active
2025-01-13 16:13:38 [http-nio-8080-exec-9] DEBUG org.mybatis.spring.SqlSessionUtils - SqlSession [org.apache.ibatis.session.defaults.DefaultSqlSession@d17ee19] was not registered for synchronization because synchronization is not active
2025-01-13 16:13:38 [http-nio-8080-exec-9] DEBUG o.m.s.t.SpringManagedTransaction - JDBC Connection [HikariProxyConnection@782381085 wrapping com.mysql.cj.jdbc.ConnectionImpl@1b176bb] will not be managed by Spring
2025-01-13 16:13:38 [http-nio-8080-exec-8] DEBUG org.mybatis.spring.SqlSessionUtils - Creating a new SqlSession
2025-01-13 16:13:38 [http-nio-8080-exec-8] DEBUG org.mybatis.spring.SqlSessionUtils - SqlSession [org.apache.ibatis.session.defaults.DefaultSqlSession@63449af6] was not registered for synchronization because synchronization is not active
2025-01-13 16:13:38 [http-nio-8080-exec-9] DEBUG c.s.d.m.C.selectLnbSubList - ==>  Preparing: SELECT CT_LNB_SUB_IDX AS ctLnbSubIdx, CT_LNB_ID AS ctLnbId, CT_LNB_SUB_ID AS ctLnbSubId, CT_LNB_SUB_NAME AS ctLnbSubName, CT_LNB_SUB_URL AS ctLnbSubUrl FROM CT_LNB_SUB WHERE CT_LNB_ID = ? ORDER BY CT_LNB_SUB_IDX
2025-01-13 16:13:38 [http-nio-8080-exec-8] DEBUG o.m.s.t.SpringManagedTransaction - JDBC Connection [HikariProxyConnection@697675125 wrapping com.mysql.cj.jdbc.ConnectionImpl@2f55317c] will not be managed by Spring
2025-01-13 16:13:38 [http-nio-8080-exec-8] DEBUG c.s.d.m.C.selectLnbSubList - ==>  Preparing: SELECT CT_LNB_SUB_IDX AS ctLnbSubIdx, CT_LNB_ID AS ctLnbId, CT_LNB_SUB_ID AS ctLnbSubId, CT_LNB_SUB_NAME AS ctLnbSubName, CT_LNB_SUB_URL AS ctLnbSubUrl FROM CT_LNB_SUB WHERE CT_LNB_ID = ? ORDER BY CT_LNB_SUB_IDX
2025-01-13 16:13:38 [http-nio-8080-exec-8] DEBUG c.s.d.m.C.selectLnbSubList - ==> Parameters: CT_LNB_CONTACT(String)
2025-01-13 16:13:38 [http-nio-8080-exec-9] DEBUG c.s.d.m.C.selectLnbSubList - ==> Parameters: CT_LNB_COMPANY(String)
2025-01-13 16:13:38 [http-nio-8080-exec-3] DEBUG o.m.s.t.SpringManagedTransaction - JDBC Connection [HikariProxyConnection@207015142 wrapping com.mysql.cj.jdbc.ConnectionImpl@202516a8] will not be managed by Spring
2025-01-13 16:13:38 [http-nio-8080-exec-3] DEBUG c.s.d.m.C.selectLnbSubList - ==>  Preparing: SELECT CT_LNB_SUB_IDX AS ctLnbSubIdx, CT_LNB_ID AS ctLnbId, CT_LNB_SUB_ID AS ctLnbSubId, CT_LNB_SUB_NAME AS ctLnbSubName, CT_LNB_SUB_URL AS ctLnbSubUrl FROM CT_LNB_SUB WHERE CT_LNB_ID = ? ORDER BY CT_LNB_SUB_IDX
2025-01-13 16:13:38 [http-nio-8080-exec-3] DEBUG c.s.d.m.C.selectLnbSubList - ==> Parameters: CT_LNB_SERVICE(String)
2025-01-13 16:13:38 [http-nio-8080-exec-9] DEBUG c.s.d.m.C.selectLnbSubList - <==      Total: 1
2025-01-13 16:13:38 [http-nio-8080-exec-8] DEBUG c.s.d.m.C.selectLnbSubList - <==      Total: 2
2025-01-13 16:13:38 [http-nio-8080-exec-3] DEBUG c.s.d.m.C.selectLnbSubList - <==      Total: 4
2025-01-13 16:13:38 [http-nio-8080-exec-8] DEBUG org.mybatis.spring.SqlSessionUtils - Closing non transactional SqlSession [org.apache.ibatis.session.defaults.DefaultSqlSession@63449af6]
2025-01-13 16:13:38 [http-nio-8080-exec-9] DEBUG org.mybatis.spring.SqlSessionUtils - Closing non transactional SqlSession [org.apache.ibatis.session.defaults.DefaultSqlSession@d17ee19]
2025-01-13 16:13:38 [http-nio-8080-exec-3] DEBUG org.mybatis.spring.SqlSessionUtils - Closing non transactional SqlSession [org.apache.ibatis.session.defaults.DefaultSqlSession@6c23f935]
2025-01-13 16:13:38 [http-nio-8080-exec-1] DEBUG org.mybatis.spring.SqlSessionUtils - Creating a new SqlSession
2025-01-13 16:13:38 [http-nio-8080-exec-4] DEBUG org.mybatis.spring.SqlSessionUtils - Creating a new SqlSession
2025-01-13 16:13:38 [http-nio-8080-exec-7] DEBUG org.mybatis.spring.SqlSessionUtils - Creating a new SqlSession
2025-01-13 16:13:38 [http-nio-8080-exec-7] DEBUG org.mybatis.spring.SqlSessionUtils - SqlSession [org.apache.ibatis.session.defaults.DefaultSqlSession@60f1b1b7] was not registered for synchronization because synchronization is not active
2025-01-13 16:13:38 [http-nio-8080-exec-4] DEBUG org.mybatis.spring.SqlSessionUtils - SqlSession [org.apache.ibatis.session.defaults.DefaultSqlSession@17a49ba4] was not registered for synchronization because synchronization is not active
2025-01-13 16:13:38 [http-nio-8080-exec-1] DEBUG org.mybatis.spring.SqlSessionUtils - SqlSession [org.apache.ibatis.session.defaults.DefaultSqlSession@2c3abeae] was not registered for synchronization because synchronization is not active
2025-01-13 16:13:38 [http-nio-8080-exec-7] DEBUG o.m.s.t.SpringManagedTransaction - JDBC Connection [HikariProxyConnection@315430446 wrapping com.mysql.cj.jdbc.ConnectionImpl@202516a8] will not be managed by Spring
2025-01-13 16:13:38 [http-nio-8080-exec-1] DEBUG o.m.s.t.SpringManagedTransaction - JDBC Connection [HikariProxyConnection@431522094 wrapping com.mysql.cj.jdbc.ConnectionImpl@1b176bb] will not be managed by Spring
2025-01-13 16:13:38 [http-nio-8080-exec-4] DEBUG o.m.s.t.SpringManagedTransaction - JDBC Connection [HikariProxyConnection@1751390213 wrapping com.mysql.cj.jdbc.ConnectionImpl@2f55317c] will not be managed by Spring
2025-01-13 16:13:38 [http-nio-8080-exec-1] DEBUG c.s.d.m.C.selectLnbSubList - ==>  Preparing: SELECT CT_LNB_SUB_IDX AS ctLnbSubIdx, CT_LNB_ID AS ctLnbId, CT_LNB_SUB_ID AS ctLnbSubId, CT_LNB_SUB_NAME AS ctLnbSubName, CT_LNB_SUB_URL AS ctLnbSubUrl FROM CT_LNB_SUB WHERE CT_LNB_ID = ? ORDER BY CT_LNB_SUB_IDX
2025-01-13 16:13:38 [http-nio-8080-exec-7] DEBUG c.s.d.m.C.selectLnbSubList - ==>  Preparing: SELECT CT_LNB_SUB_IDX AS ctLnbSubIdx, CT_LNB_ID AS ctLnbId, CT_LNB_SUB_ID AS ctLnbSubId, CT_LNB_SUB_NAME AS ctLnbSubName, CT_LNB_SUB_URL AS ctLnbSubUrl FROM CT_LNB_SUB WHERE CT_LNB_ID = ? ORDER BY CT_LNB_SUB_IDX
2025-01-13 16:13:38 [http-nio-8080-exec-4] DEBUG c.s.d.m.C.selectLnbSubList - ==>  Preparing: SELECT CT_LNB_SUB_IDX AS ctLnbSubIdx, CT_LNB_ID AS ctLnbId, CT_LNB_SUB_ID AS ctLnbSubId, CT_LNB_SUB_NAME AS ctLnbSubName, CT_LNB_SUB_URL AS ctLnbSubUrl FROM CT_LNB_SUB WHERE CT_LNB_ID = ? ORDER BY CT_LNB_SUB_IDX
2025-01-13 16:13:38 [http-nio-8080-exec-4] DEBUG c.s.d.m.C.selectLnbSubList - ==> Parameters: CT_LNB_COMPANY(String)
2025-01-13 16:13:38 [http-nio-8080-exec-1] DEBUG c.s.d.m.C.selectLnbSubList - ==> Parameters: CT_LNB_CONTACT(String)
2025-01-13 16:13:38 [http-nio-8080-exec-7] DEBUG c.s.d.m.C.selectLnbSubList - ==> Parameters: CT_LNB_SERVICE(String)
2025-01-13 16:13:38 [http-nio-8080-exec-4] DEBUG c.s.d.m.C.selectLnbSubList - <==      Total: 1
2025-01-13 16:13:38 [http-nio-8080-exec-1] DEBUG c.s.d.m.C.selectLnbSubList - <==      Total: 2
2025-01-13 16:13:38 [http-nio-8080-exec-7] DEBUG c.s.d.m.C.selectLnbSubList - <==      Total: 4
2025-01-13 16:13:38 [http-nio-8080-exec-7] DEBUG org.mybatis.spring.SqlSessionUtils - Closing non transactional SqlSession [org.apache.ibatis.session.defaults.DefaultSqlSession@60f1b1b7]
2025-01-13 16:13:38 [http-nio-8080-exec-1] DEBUG org.mybatis.spring.SqlSessionUtils - Closing non transactional SqlSession [org.apache.ibatis.session.defaults.DefaultSqlSession@2c3abeae]
2025-01-13 16:13:38 [http-nio-8080-exec-4] DEBUG org.mybatis.spring.SqlSessionUtils - Closing non transactional SqlSession [org.apache.ibatis.session.defaults.DefaultSqlSession@17a49ba4]
2025-01-13 16:13:48 [http-nio-8080-exec-2] WARN  o.t.s.p.AbstractStandardFragmentInsertionTagProcessor - [THYMELEAF][http-nio-8080-exec-2][common/layout/layout] Deprecated unwrapped fragment expression "common/fragments/header::header" found in template common/layout/layout, line 33, col 10. Please use the complete syntax of fragment expressions instead ("~{common/fragments/header::header}"). The old, unwrapped syntax for fragment expressions will be removed in future versions of Thymeleaf.
2025-01-13 16:13:48 [http-nio-8080-exec-2] WARN  o.t.s.p.AbstractStandardFragmentInsertionTagProcessor - [THYMELEAF][http-nio-8080-exec-2][common/layout/layout] Deprecated unwrapped fragment expression "common/fragments/footer::footer" found in template common/layout/layout, line 37, col 10. Please use the complete syntax of fragment expressions instead ("~{common/fragments/footer::footer}"). The old, unwrapped syntax for fragment expressions will be removed in future versions of Thymeleaf.
2025-01-13 16:13:48 [http-nio-8080-exec-9] DEBUG org.mybatis.spring.SqlSessionUtils - Creating a new SqlSession
2025-01-13 16:13:48 [http-nio-8080-exec-9] DEBUG org.mybatis.spring.SqlSessionUtils - SqlSession [org.apache.ibatis.session.defaults.DefaultSqlSession@784d9be3] was not registered for synchronization because synchronization is not active
2025-01-13 16:13:48 [http-nio-8080-exec-9] DEBUG o.m.s.t.SpringManagedTransaction - JDBC Connection [HikariProxyConnection@1204846127 wrapping com.mysql.cj.jdbc.ConnectionImpl@1b176bb] will not be managed by Spring
2025-01-13 16:13:48 [http-nio-8080-exec-9] DEBUG c.s.d.m.CommonMapper.selectLnbList - ==>  Preparing: SELECT CT_LNB_IDX AS ctLnbIdx, CT_LNB_ID AS ctLnbId, CT_LNB_NAME AS ctLnbName, CT_LNB_SUB_YN AS ctLnbSubYn, CT_LNB_URL AS ctLnbUrl, CT_LNB_USE_YN AS ctLnbUseYn FROM CT_LNB WHERE CT_LNB_USE_YN = 'Y' ORDER BY CT_LNB_IDX
2025-01-13 16:13:48 [http-nio-8080-exec-9] DEBUG c.s.d.m.CommonMapper.selectLnbList - ==> Parameters: 
2025-01-13 16:13:48 [http-nio-8080-exec-9] DEBUG c.s.d.m.CommonMapper.selectLnbList - <==      Total: 4
2025-01-13 16:13:48 [http-nio-8080-exec-9] DEBUG org.mybatis.spring.SqlSessionUtils - Closing non transactional SqlSession [org.apache.ibatis.session.defaults.DefaultSqlSession@784d9be3]
2025-01-13 16:13:48 [http-nio-8080-exec-7] DEBUG org.mybatis.spring.SqlSessionUtils - Creating a new SqlSession
2025-01-13 16:13:48 [http-nio-8080-exec-7] DEBUG org.mybatis.spring.SqlSessionUtils - SqlSession [org.apache.ibatis.session.defaults.DefaultSqlSession@5a72edcf] was not registered for synchronization because synchronization is not active
2025-01-13 16:13:48 [http-nio-8080-exec-7] DEBUG o.m.s.t.SpringManagedTransaction - JDBC Connection [HikariProxyConnection@544533705 wrapping com.mysql.cj.jdbc.ConnectionImpl@202516a8] will not be managed by Spring
2025-01-13 16:13:48 [http-nio-8080-exec-7] DEBUG c.s.d.m.CommonMapper.selectLnbList - ==>  Preparing: SELECT CT_LNB_IDX AS ctLnbIdx, CT_LNB_ID AS ctLnbId, CT_LNB_NAME AS ctLnbName, CT_LNB_SUB_YN AS ctLnbSubYn, CT_LNB_URL AS ctLnbUrl, CT_LNB_USE_YN AS ctLnbUseYn FROM CT_LNB WHERE CT_LNB_USE_YN = 'Y' ORDER BY CT_LNB_IDX
2025-01-13 16:13:48 [http-nio-8080-exec-7] DEBUG c.s.d.m.CommonMapper.selectLnbList - ==> Parameters: 
2025-01-13 16:13:48 [http-nio-8080-exec-7] DEBUG c.s.d.m.CommonMapper.selectLnbList - <==      Total: 4
2025-01-13 16:13:48 [http-nio-8080-exec-7] DEBUG org.mybatis.spring.SqlSessionUtils - Closing non transactional SqlSession [org.apache.ibatis.session.defaults.DefaultSqlSession@5a72edcf]
2025-01-13 16:13:48 [http-nio-8080-exec-8] DEBUG org.mybatis.spring.SqlSessionUtils - Creating a new SqlSession
2025-01-13 16:13:48 [http-nio-8080-exec-3] DEBUG org.mybatis.spring.SqlSessionUtils - Creating a new SqlSession
2025-01-13 16:13:48 [http-nio-8080-exec-10] DEBUG org.mybatis.spring.SqlSessionUtils - Creating a new SqlSession
2025-01-13 16:13:48 [http-nio-8080-exec-8] DEBUG org.mybatis.spring.SqlSessionUtils - SqlSession [org.apache.ibatis.session.defaults.DefaultSqlSession@4fcb8ac6] was not registered for synchronization because synchronization is not active
2025-01-13 16:13:48 [http-nio-8080-exec-10] DEBUG org.mybatis.spring.SqlSessionUtils - SqlSession [org.apache.ibatis.session.defaults.DefaultSqlSession@273ae68d] was not registered for synchronization because synchronization is not active
2025-01-13 16:13:48 [http-nio-8080-exec-3] DEBUG org.mybatis.spring.SqlSessionUtils - SqlSession [org.apache.ibatis.session.defaults.DefaultSqlSession@cf3d1ad] was not registered for synchronization because synchronization is not active
2025-01-13 16:13:48 [http-nio-8080-exec-10] DEBUG o.m.s.t.SpringManagedTransaction - JDBC Connection [HikariProxyConnection@1258973501 wrapping com.mysql.cj.jdbc.ConnectionImpl@1b176bb] will not be managed by Spring
2025-01-13 16:13:48 [http-nio-8080-exec-3] DEBUG o.m.s.t.SpringManagedTransaction - JDBC Connection [HikariProxyConnection@198920146 wrapping com.mysql.cj.jdbc.ConnectionImpl@202516a8] will not be managed by Spring
2025-01-13 16:13:48 [http-nio-8080-exec-10] DEBUG c.s.d.m.C.selectLnbSubList - ==>  Preparing: SELECT CT_LNB_SUB_IDX AS ctLnbSubIdx, CT_LNB_ID AS ctLnbId, CT_LNB_SUB_ID AS ctLnbSubId, CT_LNB_SUB_NAME AS ctLnbSubName, CT_LNB_SUB_URL AS ctLnbSubUrl FROM CT_LNB_SUB WHERE CT_LNB_ID = ? ORDER BY CT_LNB_SUB_IDX
2025-01-13 16:13:48 [http-nio-8080-exec-3] DEBUG c.s.d.m.C.selectLnbSubList - ==>  Preparing: SELECT CT_LNB_SUB_IDX AS ctLnbSubIdx, CT_LNB_ID AS ctLnbId, CT_LNB_SUB_ID AS ctLnbSubId, CT_LNB_SUB_NAME AS ctLnbSubName, CT_LNB_SUB_URL AS ctLnbSubUrl FROM CT_LNB_SUB WHERE CT_LNB_ID = ? ORDER BY CT_LNB_SUB_IDX
2025-01-13 16:13:48 [http-nio-8080-exec-8] DEBUG o.m.s.t.SpringManagedTransaction - JDBC Connection [HikariProxyConnection@1982306712 wrapping com.mysql.cj.jdbc.ConnectionImpl@2f55317c] will not be managed by Spring
2025-01-13 16:13:48 [http-nio-8080-exec-10] DEBUG c.s.d.m.C.selectLnbSubList - ==> Parameters: CT_LNB_CONTACT(String)
2025-01-13 16:13:48 [http-nio-8080-exec-3] DEBUG c.s.d.m.C.selectLnbSubList - ==> Parameters: CT_LNB_COMPANY(String)
2025-01-13 16:13:48 [http-nio-8080-exec-8] DEBUG c.s.d.m.C.selectLnbSubList - ==>  Preparing: SELECT CT_LNB_SUB_IDX AS ctLnbSubIdx, CT_LNB_ID AS ctLnbId, CT_LNB_SUB_ID AS ctLnbSubId, CT_LNB_SUB_NAME AS ctLnbSubName, CT_LNB_SUB_URL AS ctLnbSubUrl FROM CT_LNB_SUB WHERE CT_LNB_ID = ? ORDER BY CT_LNB_SUB_IDX
2025-01-13 16:13:48 [http-nio-8080-exec-8] DEBUG c.s.d.m.C.selectLnbSubList - ==> Parameters: CT_LNB_SERVICE(String)
2025-01-13 16:13:48 [http-nio-8080-exec-10] DEBUG c.s.d.m.C.selectLnbSubList - <==      Total: 2
2025-01-13 16:13:48 [http-nio-8080-exec-3] DEBUG c.s.d.m.C.selectLnbSubList - <==      Total: 1
2025-01-13 16:13:48 [http-nio-8080-exec-8] DEBUG c.s.d.m.C.selectLnbSubList - <==      Total: 4
2025-01-13 16:13:48 [http-nio-8080-exec-3] DEBUG org.mybatis.spring.SqlSessionUtils - Closing non transactional SqlSession [org.apache.ibatis.session.defaults.DefaultSqlSession@cf3d1ad]
2025-01-13 16:13:48 [http-nio-8080-exec-10] DEBUG org.mybatis.spring.SqlSessionUtils - Closing non transactional SqlSession [org.apache.ibatis.session.defaults.DefaultSqlSession@273ae68d]
2025-01-13 16:13:48 [http-nio-8080-exec-8] DEBUG org.mybatis.spring.SqlSessionUtils - Closing non transactional SqlSession [org.apache.ibatis.session.defaults.DefaultSqlSession@4fcb8ac6]
2025-01-13 16:13:48 [http-nio-8080-exec-2] DEBUG org.mybatis.spring.SqlSessionUtils - Creating a new SqlSession
2025-01-13 16:13:48 [http-nio-8080-exec-6] DEBUG org.mybatis.spring.SqlSessionUtils - Creating a new SqlSession
2025-01-13 16:13:48 [http-nio-8080-exec-9] DEBUG org.mybatis.spring.SqlSessionUtils - Creating a new SqlSession
2025-01-13 16:13:48 [http-nio-8080-exec-2] DEBUG org.mybatis.spring.SqlSessionUtils - SqlSession [org.apache.ibatis.session.defaults.DefaultSqlSession@3ab86f9c] was not registered for synchronization because synchronization is not active
2025-01-13 16:13:48 [http-nio-8080-exec-6] DEBUG org.mybatis.spring.SqlSessionUtils - SqlSession [org.apache.ibatis.session.defaults.DefaultSqlSession@9e3b871] was not registered for synchronization because synchronization is not active
2025-01-13 16:13:48 [http-nio-8080-exec-9] DEBUG org.mybatis.spring.SqlSessionUtils - SqlSession [org.apache.ibatis.session.defaults.DefaultSqlSession@63ce468f] was not registered for synchronization because synchronization is not active
2025-01-13 16:13:48 [http-nio-8080-exec-6] DEBUG o.m.s.t.SpringManagedTransaction - JDBC Connection [HikariProxyConnection@1991363583 wrapping com.mysql.cj.jdbc.ConnectionImpl@2f55317c] will not be managed by Spring
2025-01-13 16:13:48 [http-nio-8080-exec-9] DEBUG o.m.s.t.SpringManagedTransaction - JDBC Connection [HikariProxyConnection@2009619350 wrapping com.mysql.cj.jdbc.ConnectionImpl@1b176bb] will not be managed by Spring
2025-01-13 16:13:48 [http-nio-8080-exec-6] DEBUG c.s.d.m.C.selectLnbSubList - ==>  Preparing: SELECT CT_LNB_SUB_IDX AS ctLnbSubIdx, CT_LNB_ID AS ctLnbId, CT_LNB_SUB_ID AS ctLnbSubId, CT_LNB_SUB_NAME AS ctLnbSubName, CT_LNB_SUB_URL AS ctLnbSubUrl FROM CT_LNB_SUB WHERE CT_LNB_ID = ? ORDER BY CT_LNB_SUB_IDX
2025-01-13 16:13:48 [http-nio-8080-exec-9] DEBUG c.s.d.m.C.selectLnbSubList - ==>  Preparing: SELECT CT_LNB_SUB_IDX AS ctLnbSubIdx, CT_LNB_ID AS ctLnbId, CT_LNB_SUB_ID AS ctLnbSubId, CT_LNB_SUB_NAME AS ctLnbSubName, CT_LNB_SUB_URL AS ctLnbSubUrl FROM CT_LNB_SUB WHERE CT_LNB_ID = ? ORDER BY CT_LNB_SUB_IDX
2025-01-13 16:13:48 [http-nio-8080-exec-2] DEBUG o.m.s.t.SpringManagedTransaction - JDBC Connection [HikariProxyConnection@253574064 wrapping com.mysql.cj.jdbc.ConnectionImpl@202516a8] will not be managed by Spring
2025-01-13 16:13:48 [http-nio-8080-exec-2] DEBUG c.s.d.m.C.selectLnbSubList - ==>  Preparing: SELECT CT_LNB_SUB_IDX AS ctLnbSubIdx, CT_LNB_ID AS ctLnbId, CT_LNB_SUB_ID AS ctLnbSubId, CT_LNB_SUB_NAME AS ctLnbSubName, CT_LNB_SUB_URL AS ctLnbSubUrl FROM CT_LNB_SUB WHERE CT_LNB_ID = ? ORDER BY CT_LNB_SUB_IDX
2025-01-13 16:13:48 [http-nio-8080-exec-9] DEBUG c.s.d.m.C.selectLnbSubList - ==> Parameters: CT_LNB_CONTACT(String)
2025-01-13 16:13:48 [http-nio-8080-exec-6] DEBUG c.s.d.m.C.selectLnbSubList - ==> Parameters: CT_LNB_SERVICE(String)
2025-01-13 16:13:48 [http-nio-8080-exec-2] DEBUG c.s.d.m.C.selectLnbSubList - ==> Parameters: CT_LNB_COMPANY(String)
2025-01-13 16:13:48 [http-nio-8080-exec-2] DEBUG c.s.d.m.C.selectLnbSubList - <==      Total: 1
2025-01-13 16:13:48 [http-nio-8080-exec-9] DEBUG c.s.d.m.C.selectLnbSubList - <==      Total: 2
2025-01-13 16:13:48 [http-nio-8080-exec-6] DEBUG c.s.d.m.C.selectLnbSubList - <==      Total: 4
2025-01-13 16:13:48 [http-nio-8080-exec-9] DEBUG org.mybatis.spring.SqlSessionUtils - Closing non transactional SqlSession [org.apache.ibatis.session.defaults.DefaultSqlSession@63ce468f]
2025-01-13 16:13:48 [http-nio-8080-exec-6] DEBUG org.mybatis.spring.SqlSessionUtils - Closing non transactional SqlSession [org.apache.ibatis.session.defaults.DefaultSqlSession@9e3b871]
2025-01-13 16:13:48 [http-nio-8080-exec-2] DEBUG org.mybatis.spring.SqlSessionUtils - Closing non transactional SqlSession [org.apache.ibatis.session.defaults.DefaultSqlSession@3ab86f9c]
2025-01-13 16:13:59 [http-nio-8080-exec-1] WARN  o.t.s.p.AbstractStandardFragmentInsertionTagProcessor - [THYMELEAF][http-nio-8080-exec-1][common/layout/layout] Deprecated unwrapped fragment expression "common/fragments/header::header" found in template common/layout/layout, line 33, col 10. Please use the complete syntax of fragment expressions instead ("~{common/fragments/header::header}"). The old, unwrapped syntax for fragment expressions will be removed in future versions of Thymeleaf.
2025-01-13 16:13:59 [http-nio-8080-exec-1] WARN  o.t.s.p.AbstractStandardFragmentInsertionTagProcessor - [THYMELEAF][http-nio-8080-exec-1][common/layout/layout] Deprecated unwrapped fragment expression "common/fragments/footer::footer" found in template common/layout/layout, line 37, col 10. Please use the complete syntax of fragment expressions instead ("~{common/fragments/footer::footer}"). The old, unwrapped syntax for fragment expressions will be removed in future versions of Thymeleaf.
2025-01-13 16:13:59 [http-nio-8080-exec-3] DEBUG org.mybatis.spring.SqlSessionUtils - Creating a new SqlSession
2025-01-13 16:13:59 [http-nio-8080-exec-3] DEBUG org.mybatis.spring.SqlSessionUtils - SqlSession [org.apache.ibatis.session.defaults.DefaultSqlSession@270efbdd] was not registered for synchronization because synchronization is not active
2025-01-13 16:13:59 [http-nio-8080-exec-3] DEBUG o.m.s.t.SpringManagedTransaction - JDBC Connection [HikariProxyConnection@1983569209 wrapping com.mysql.cj.jdbc.ConnectionImpl@202516a8] will not be managed by Spring
2025-01-13 16:13:59 [http-nio-8080-exec-3] DEBUG c.s.d.m.CommonMapper.selectLnbList - ==>  Preparing: SELECT CT_LNB_IDX AS ctLnbIdx, CT_LNB_ID AS ctLnbId, CT_LNB_NAME AS ctLnbName, CT_LNB_SUB_YN AS ctLnbSubYn, CT_LNB_URL AS ctLnbUrl, CT_LNB_USE_YN AS ctLnbUseYn FROM CT_LNB WHERE CT_LNB_USE_YN = 'Y' ORDER BY CT_LNB_IDX
2025-01-13 16:13:59 [http-nio-8080-exec-3] DEBUG c.s.d.m.CommonMapper.selectLnbList - ==> Parameters: 
2025-01-13 16:13:59 [http-nio-8080-exec-3] DEBUG c.s.d.m.CommonMapper.selectLnbList - <==      Total: 4
2025-01-13 16:13:59 [http-nio-8080-exec-3] DEBUG org.mybatis.spring.SqlSessionUtils - Closing non transactional SqlSession [org.apache.ibatis.session.defaults.DefaultSqlSession@270efbdd]
2025-01-13 16:13:59 [http-nio-8080-exec-6] DEBUG org.mybatis.spring.SqlSessionUtils - Creating a new SqlSession
2025-01-13 16:13:59 [http-nio-8080-exec-6] DEBUG org.mybatis.spring.SqlSessionUtils - SqlSession [org.apache.ibatis.session.defaults.DefaultSqlSession@6d4c217b] was not registered for synchronization because synchronization is not active
2025-01-13 16:13:59 [http-nio-8080-exec-6] DEBUG o.m.s.t.SpringManagedTransaction - JDBC Connection [HikariProxyConnection@358277406 wrapping com.mysql.cj.jdbc.ConnectionImpl@2f55317c] will not be managed by Spring
2025-01-13 16:13:59 [http-nio-8080-exec-6] DEBUG c.s.d.m.CommonMapper.selectLnbList - ==>  Preparing: SELECT CT_LNB_IDX AS ctLnbIdx, CT_LNB_ID AS ctLnbId, CT_LNB_NAME AS ctLnbName, CT_LNB_SUB_YN AS ctLnbSubYn, CT_LNB_URL AS ctLnbUrl, CT_LNB_USE_YN AS ctLnbUseYn FROM CT_LNB WHERE CT_LNB_USE_YN = 'Y' ORDER BY CT_LNB_IDX
2025-01-13 16:13:59 [http-nio-8080-exec-6] DEBUG c.s.d.m.CommonMapper.selectLnbList - ==> Parameters: 
2025-01-13 16:13:59 [http-nio-8080-exec-6] DEBUG c.s.d.m.CommonMapper.selectLnbList - <==      Total: 4
2025-01-13 16:13:59 [http-nio-8080-exec-6] DEBUG org.mybatis.spring.SqlSessionUtils - Closing non transactional SqlSession [org.apache.ibatis.session.defaults.DefaultSqlSession@6d4c217b]
2025-01-13 16:13:59 [http-nio-8080-exec-5] DEBUG org.mybatis.spring.SqlSessionUtils - Creating a new SqlSession
2025-01-13 16:13:59 [http-nio-8080-exec-10] DEBUG org.mybatis.spring.SqlSessionUtils - Creating a new SqlSession
2025-01-13 16:13:59 [http-nio-8080-exec-8] DEBUG org.mybatis.spring.SqlSessionUtils - Creating a new SqlSession
2025-01-13 16:13:59 [http-nio-8080-exec-5] DEBUG org.mybatis.spring.SqlSessionUtils - SqlSession [org.apache.ibatis.session.defaults.DefaultSqlSession@2495f55f] was not registered for synchronization because synchronization is not active
2025-01-13 16:13:59 [http-nio-8080-exec-10] DEBUG org.mybatis.spring.SqlSessionUtils - SqlSession [org.apache.ibatis.session.defaults.DefaultSqlSession@49e60243] was not registered for synchronization because synchronization is not active
2025-01-13 16:13:59 [http-nio-8080-exec-8] DEBUG org.mybatis.spring.SqlSessionUtils - SqlSession [org.apache.ibatis.session.defaults.DefaultSqlSession@4d7cb474] was not registered for synchronization because synchronization is not active
2025-01-13 16:13:59 [http-nio-8080-exec-5] DEBUG o.m.s.t.SpringManagedTransaction - JDBC Connection [HikariProxyConnection@1125357139 wrapping com.mysql.cj.jdbc.ConnectionImpl@202516a8] will not be managed by Spring
2025-01-13 16:13:59 [http-nio-8080-exec-8] DEBUG o.m.s.t.SpringManagedTransaction - JDBC Connection [HikariProxyConnection@1020903185 wrapping com.mysql.cj.jdbc.ConnectionImpl@2f55317c] will not be managed by Spring
2025-01-13 16:13:59 [http-nio-8080-exec-5] DEBUG c.s.d.m.C.selectLnbSubList - ==>  Preparing: SELECT CT_LNB_SUB_IDX AS ctLnbSubIdx, CT_LNB_ID AS ctLnbId, CT_LNB_SUB_ID AS ctLnbSubId, CT_LNB_SUB_NAME AS ctLnbSubName, CT_LNB_SUB_URL AS ctLnbSubUrl FROM CT_LNB_SUB WHERE CT_LNB_ID = ? ORDER BY CT_LNB_SUB_IDX
2025-01-13 16:13:59 [http-nio-8080-exec-8] DEBUG c.s.d.m.C.selectLnbSubList - ==>  Preparing: SELECT CT_LNB_SUB_IDX AS ctLnbSubIdx, CT_LNB_ID AS ctLnbId, CT_LNB_SUB_ID AS ctLnbSubId, CT_LNB_SUB_NAME AS ctLnbSubName, CT_LNB_SUB_URL AS ctLnbSubUrl FROM CT_LNB_SUB WHERE CT_LNB_ID = ? ORDER BY CT_LNB_SUB_IDX
2025-01-13 16:13:59 [http-nio-8080-exec-5] DEBUG c.s.d.m.C.selectLnbSubList - ==> Parameters: CT_LNB_CONTACT(String)
2025-01-13 16:13:59 [http-nio-8080-exec-8] DEBUG c.s.d.m.C.selectLnbSubList - ==> Parameters: CT_LNB_SERVICE(String)
2025-01-13 16:13:59 [http-nio-8080-exec-10] DEBUG o.m.s.t.SpringManagedTransaction - JDBC Connection [HikariProxyConnection@985445469 wrapping com.mysql.cj.jdbc.ConnectionImpl@1b176bb] will not be managed by Spring
2025-01-13 16:13:59 [http-nio-8080-exec-10] DEBUG c.s.d.m.C.selectLnbSubList - ==>  Preparing: SELECT CT_LNB_SUB_IDX AS ctLnbSubIdx, CT_LNB_ID AS ctLnbId, CT_LNB_SUB_ID AS ctLnbSubId, CT_LNB_SUB_NAME AS ctLnbSubName, CT_LNB_SUB_URL AS ctLnbSubUrl FROM CT_LNB_SUB WHERE CT_LNB_ID = ? ORDER BY CT_LNB_SUB_IDX
2025-01-13 16:13:59 [http-nio-8080-exec-10] DEBUG c.s.d.m.C.selectLnbSubList - ==> Parameters: CT_LNB_COMPANY(String)
2025-01-13 16:13:59 [http-nio-8080-exec-10] DEBUG c.s.d.m.C.selectLnbSubList - <==      Total: 1
2025-01-13 16:13:59 [http-nio-8080-exec-5] DEBUG c.s.d.m.C.selectLnbSubList - <==      Total: 2
2025-01-13 16:13:59 [http-nio-8080-exec-8] DEBUG c.s.d.m.C.selectLnbSubList - <==      Total: 4
2025-01-13 16:13:59 [http-nio-8080-exec-8] DEBUG org.mybatis.spring.SqlSessionUtils - Closing non transactional SqlSession [org.apache.ibatis.session.defaults.DefaultSqlSession@4d7cb474]
2025-01-13 16:13:59 [http-nio-8080-exec-10] DEBUG org.mybatis.spring.SqlSessionUtils - Closing non transactional SqlSession [org.apache.ibatis.session.defaults.DefaultSqlSession@49e60243]
2025-01-13 16:13:59 [http-nio-8080-exec-5] DEBUG org.mybatis.spring.SqlSessionUtils - Closing non transactional SqlSession [org.apache.ibatis.session.defaults.DefaultSqlSession@2495f55f]
2025-01-13 16:14:00 [http-nio-8080-exec-7] DEBUG org.mybatis.spring.SqlSessionUtils - Creating a new SqlSession
2025-01-13 16:14:00 [http-nio-8080-exec-7] DEBUG org.mybatis.spring.SqlSessionUtils - SqlSession [org.apache.ibatis.session.defaults.DefaultSqlSession@6ab5a7c9] was not registered for synchronization because synchronization is not active
2025-01-13 16:14:00 [http-nio-8080-exec-7] DEBUG o.m.s.t.SpringManagedTransaction - JDBC Connection [HikariProxyConnection@177384472 wrapping com.mysql.cj.jdbc.ConnectionImpl@202516a8] will not be managed by Spring
2025-01-13 16:14:00 [http-nio-8080-exec-7] DEBUG c.s.d.m.C.selectLnbSubList - ==>  Preparing: SELECT CT_LNB_SUB_IDX AS ctLnbSubIdx, CT_LNB_ID AS ctLnbId, CT_LNB_SUB_ID AS ctLnbSubId, CT_LNB_SUB_NAME AS ctLnbSubName, CT_LNB_SUB_URL AS ctLnbSubUrl FROM CT_LNB_SUB WHERE CT_LNB_ID = ? ORDER BY CT_LNB_SUB_IDX
2025-01-13 16:14:00 [http-nio-8080-exec-7] DEBUG c.s.d.m.C.selectLnbSubList - ==> Parameters: CT_LNB_COMPANY(String)
2025-01-13 16:14:00 [http-nio-8080-exec-7] DEBUG c.s.d.m.C.selectLnbSubList - <==      Total: 1
2025-01-13 16:14:00 [http-nio-8080-exec-7] DEBUG org.mybatis.spring.SqlSessionUtils - Closing non transactional SqlSession [org.apache.ibatis.session.defaults.DefaultSqlSession@6ab5a7c9]
2025-01-13 16:14:00 [http-nio-8080-exec-3] DEBUG org.mybatis.spring.SqlSessionUtils - Creating a new SqlSession
2025-01-13 16:14:00 [http-nio-8080-exec-1] DEBUG org.mybatis.spring.SqlSessionUtils - Creating a new SqlSession
2025-01-13 16:14:00 [http-nio-8080-exec-3] DEBUG org.mybatis.spring.SqlSessionUtils - SqlSession [org.apache.ibatis.session.defaults.DefaultSqlSession@6bb08c9e] was not registered for synchronization because synchronization is not active
2025-01-13 16:14:00 [http-nio-8080-exec-1] DEBUG org.mybatis.spring.SqlSessionUtils - SqlSession [org.apache.ibatis.session.defaults.DefaultSqlSession@153e5820] was not registered for synchronization because synchronization is not active
2025-01-13 16:14:00 [http-nio-8080-exec-3] DEBUG o.m.s.t.SpringManagedTransaction - JDBC Connection [HikariProxyConnection@1001407014 wrapping com.mysql.cj.jdbc.ConnectionImpl@202516a8] will not be managed by Spring
2025-01-13 16:14:00 [http-nio-8080-exec-1] DEBUG o.m.s.t.SpringManagedTransaction - JDBC Connection [HikariProxyConnection@128061761 wrapping com.mysql.cj.jdbc.ConnectionImpl@1b176bb] will not be managed by Spring
2025-01-13 16:14:00 [http-nio-8080-exec-3] DEBUG c.s.d.m.C.selectLnbSubList - ==>  Preparing: SELECT CT_LNB_SUB_IDX AS ctLnbSubIdx, CT_LNB_ID AS ctLnbId, CT_LNB_SUB_ID AS ctLnbSubId, CT_LNB_SUB_NAME AS ctLnbSubName, CT_LNB_SUB_URL AS ctLnbSubUrl FROM CT_LNB_SUB WHERE CT_LNB_ID = ? ORDER BY CT_LNB_SUB_IDX
2025-01-13 16:14:00 [http-nio-8080-exec-1] DEBUG c.s.d.m.C.selectLnbSubList - ==>  Preparing: SELECT CT_LNB_SUB_IDX AS ctLnbSubIdx, CT_LNB_ID AS ctLnbId, CT_LNB_SUB_ID AS ctLnbSubId, CT_LNB_SUB_NAME AS ctLnbSubName, CT_LNB_SUB_URL AS ctLnbSubUrl FROM CT_LNB_SUB WHERE CT_LNB_ID = ? ORDER BY CT_LNB_SUB_IDX
2025-01-13 16:14:00 [http-nio-8080-exec-1] DEBUG c.s.d.m.C.selectLnbSubList - ==> Parameters: CT_LNB_SERVICE(String)
2025-01-13 16:14:00 [http-nio-8080-exec-3] DEBUG c.s.d.m.C.selectLnbSubList - ==> Parameters: CT_LNB_CONTACT(String)
2025-01-13 16:14:00 [http-nio-8080-exec-1] DEBUG c.s.d.m.C.selectLnbSubList - <==      Total: 4
2025-01-13 16:14:00 [http-nio-8080-exec-3] DEBUG c.s.d.m.C.selectLnbSubList - <==      Total: 2
2025-01-13 16:14:00 [http-nio-8080-exec-1] DEBUG org.mybatis.spring.SqlSessionUtils - Closing non transactional SqlSession [org.apache.ibatis.session.defaults.DefaultSqlSession@153e5820]
2025-01-13 16:14:00 [http-nio-8080-exec-3] DEBUG org.mybatis.spring.SqlSessionUtils - Closing non transactional SqlSession [org.apache.ibatis.session.defaults.DefaultSqlSession@6bb08c9e]
2025-01-13 16:14:08 [http-nio-8080-exec-2] WARN  o.t.s.p.AbstractStandardFragmentInsertionTagProcessor - [THYMELEAF][http-nio-8080-exec-2][common/layout/layout] Deprecated unwrapped fragment expression "common/fragments/header::header" found in template common/layout/layout, line 33, col 10. Please use the complete syntax of fragment expressions instead ("~{common/fragments/header::header}"). The old, unwrapped syntax for fragment expressions will be removed in future versions of Thymeleaf.
2025-01-13 16:14:08 [http-nio-8080-exec-2] WARN  o.t.s.p.AbstractStandardFragmentInsertionTagProcessor - [THYMELEAF][http-nio-8080-exec-2][common/layout/layout] Deprecated unwrapped fragment expression "common/fragments/footer::footer" found in template common/layout/layout, line 37, col 10. Please use the complete syntax of fragment expressions instead ("~{common/fragments/footer::footer}"). The old, unwrapped syntax for fragment expressions will be removed in future versions of Thymeleaf.
2025-01-13 16:14:08 [http-nio-8080-exec-5] DEBUG org.mybatis.spring.SqlSessionUtils - Creating a new SqlSession
2025-01-13 16:14:08 [http-nio-8080-exec-5] DEBUG org.mybatis.spring.SqlSessionUtils - SqlSession [org.apache.ibatis.session.defaults.DefaultSqlSession@542a2505] was not registered for synchronization because synchronization is not active
2025-01-13 16:14:08 [http-nio-8080-exec-5] DEBUG o.m.s.t.SpringManagedTransaction - JDBC Connection [HikariProxyConnection@190091485 wrapping com.mysql.cj.jdbc.ConnectionImpl@202516a8] will not be managed by Spring
2025-01-13 16:14:08 [http-nio-8080-exec-5] DEBUG c.s.d.m.CommonMapper.selectLnbList - ==>  Preparing: SELECT CT_LNB_IDX AS ctLnbIdx, CT_LNB_ID AS ctLnbId, CT_LNB_NAME AS ctLnbName, CT_LNB_SUB_YN AS ctLnbSubYn, CT_LNB_URL AS ctLnbUrl, CT_LNB_USE_YN AS ctLnbUseYn FROM CT_LNB WHERE CT_LNB_USE_YN = 'Y' ORDER BY CT_LNB_IDX
2025-01-13 16:14:08 [http-nio-8080-exec-5] DEBUG c.s.d.m.CommonMapper.selectLnbList - ==> Parameters: 
2025-01-13 16:14:08 [http-nio-8080-exec-5] DEBUG c.s.d.m.CommonMapper.selectLnbList - <==      Total: 4
2025-01-13 16:14:08 [http-nio-8080-exec-5] DEBUG org.mybatis.spring.SqlSessionUtils - Closing non transactional SqlSession [org.apache.ibatis.session.defaults.DefaultSqlSession@542a2505]
2025-01-13 16:14:08 [http-nio-8080-exec-1] DEBUG org.mybatis.spring.SqlSessionUtils - Creating a new SqlSession
2025-01-13 16:14:08 [http-nio-8080-exec-1] DEBUG org.mybatis.spring.SqlSessionUtils - SqlSession [org.apache.ibatis.session.defaults.DefaultSqlSession@5af1a614] was not registered for synchronization because synchronization is not active
2025-01-13 16:14:08 [http-nio-8080-exec-1] DEBUG o.m.s.t.SpringManagedTransaction - JDBC Connection [HikariProxyConnection@1305386002 wrapping com.mysql.cj.jdbc.ConnectionImpl@1b176bb] will not be managed by Spring
2025-01-13 16:14:08 [http-nio-8080-exec-1] DEBUG c.s.d.m.CommonMapper.selectLnbList - ==>  Preparing: SELECT CT_LNB_IDX AS ctLnbIdx, CT_LNB_ID AS ctLnbId, CT_LNB_NAME AS ctLnbName, CT_LNB_SUB_YN AS ctLnbSubYn, CT_LNB_URL AS ctLnbUrl, CT_LNB_USE_YN AS ctLnbUseYn FROM CT_LNB WHERE CT_LNB_USE_YN = 'Y' ORDER BY CT_LNB_IDX
2025-01-13 16:14:08 [http-nio-8080-exec-1] DEBUG c.s.d.m.CommonMapper.selectLnbList - ==> Parameters: 
2025-01-13 16:14:08 [http-nio-8080-exec-1] DEBUG c.s.d.m.CommonMapper.selectLnbList - <==      Total: 4
2025-01-13 16:14:08 [http-nio-8080-exec-1] DEBUG org.mybatis.spring.SqlSessionUtils - Closing non transactional SqlSession [org.apache.ibatis.session.defaults.DefaultSqlSession@5af1a614]
2025-01-13 16:14:08 [http-nio-8080-exec-10] DEBUG org.mybatis.spring.SqlSessionUtils - Creating a new SqlSession
2025-01-13 16:14:08 [http-nio-8080-exec-8] DEBUG org.mybatis.spring.SqlSessionUtils - Creating a new SqlSession
2025-01-13 16:14:08 [http-nio-8080-exec-10] DEBUG org.mybatis.spring.SqlSessionUtils - SqlSession [org.apache.ibatis.session.defaults.DefaultSqlSession@182b1322] was not registered for synchronization because synchronization is not active
2025-01-13 16:14:08 [http-nio-8080-exec-2] DEBUG org.mybatis.spring.SqlSessionUtils - Creating a new SqlSession
2025-01-13 16:14:08 [http-nio-8080-exec-8] DEBUG org.mybatis.spring.SqlSessionUtils - SqlSession [org.apache.ibatis.session.defaults.DefaultSqlSession@7bd4202] was not registered for synchronization because synchronization is not active
2025-01-13 16:14:08 [http-nio-8080-exec-2] DEBUG org.mybatis.spring.SqlSessionUtils - SqlSession [org.apache.ibatis.session.defaults.DefaultSqlSession@3b4d2dd0] was not registered for synchronization because synchronization is not active
2025-01-13 16:14:08 [http-nio-8080-exec-10] DEBUG o.m.s.t.SpringManagedTransaction - JDBC Connection [HikariProxyConnection@118358945 wrapping com.mysql.cj.jdbc.ConnectionImpl@1b176bb] will not be managed by Spring
2025-01-13 16:14:08 [http-nio-8080-exec-2] DEBUG o.m.s.t.SpringManagedTransaction - JDBC Connection [HikariProxyConnection@564284882 wrapping com.mysql.cj.jdbc.ConnectionImpl@202516a8] will not be managed by Spring
2025-01-13 16:14:08 [http-nio-8080-exec-10] DEBUG c.s.d.m.C.selectLnbSubList - ==>  Preparing: SELECT CT_LNB_SUB_IDX AS ctLnbSubIdx, CT_LNB_ID AS ctLnbId, CT_LNB_SUB_ID AS ctLnbSubId, CT_LNB_SUB_NAME AS ctLnbSubName, CT_LNB_SUB_URL AS ctLnbSubUrl FROM CT_LNB_SUB WHERE CT_LNB_ID = ? ORDER BY CT_LNB_SUB_IDX
2025-01-13 16:14:08 [http-nio-8080-exec-2] DEBUG c.s.d.m.C.selectLnbSubList - ==>  Preparing: SELECT CT_LNB_SUB_IDX AS ctLnbSubIdx, CT_LNB_ID AS ctLnbId, CT_LNB_SUB_ID AS ctLnbSubId, CT_LNB_SUB_NAME AS ctLnbSubName, CT_LNB_SUB_URL AS ctLnbSubUrl FROM CT_LNB_SUB WHERE CT_LNB_ID = ? ORDER BY CT_LNB_SUB_IDX
2025-01-13 16:14:08 [http-nio-8080-exec-10] DEBUG c.s.d.m.C.selectLnbSubList - ==> Parameters: CT_LNB_COMPANY(String)
2025-01-13 16:14:08 [http-nio-8080-exec-2] DEBUG c.s.d.m.C.selectLnbSubList - ==> Parameters: CT_LNB_CONTACT(String)
2025-01-13 16:14:08 [http-nio-8080-exec-8] DEBUG o.m.s.t.SpringManagedTransaction - JDBC Connection [HikariProxyConnection@1659432889 wrapping com.mysql.cj.jdbc.ConnectionImpl@2f55317c] will not be managed by Spring
2025-01-13 16:14:08 [http-nio-8080-exec-8] DEBUG c.s.d.m.C.selectLnbSubList - ==>  Preparing: SELECT CT_LNB_SUB_IDX AS ctLnbSubIdx, CT_LNB_ID AS ctLnbId, CT_LNB_SUB_ID AS ctLnbSubId, CT_LNB_SUB_NAME AS ctLnbSubName, CT_LNB_SUB_URL AS ctLnbSubUrl FROM CT_LNB_SUB WHERE CT_LNB_ID = ? ORDER BY CT_LNB_SUB_IDX
2025-01-13 16:14:08 [http-nio-8080-exec-8] DEBUG c.s.d.m.C.selectLnbSubList - ==> Parameters: CT_LNB_SERVICE(String)
2025-01-13 16:14:08 [http-nio-8080-exec-10] DEBUG c.s.d.m.C.selectLnbSubList - <==      Total: 1
2025-01-13 16:14:08 [http-nio-8080-exec-2] DEBUG c.s.d.m.C.selectLnbSubList - <==      Total: 2
2025-01-13 16:14:08 [http-nio-8080-exec-8] DEBUG c.s.d.m.C.selectLnbSubList - <==      Total: 4
2025-01-13 16:14:08 [http-nio-8080-exec-10] DEBUG org.mybatis.spring.SqlSessionUtils - Closing non transactional SqlSession [org.apache.ibatis.session.defaults.DefaultSqlSession@182b1322]
2025-01-13 16:14:08 [http-nio-8080-exec-2] DEBUG org.mybatis.spring.SqlSessionUtils - Closing non transactional SqlSession [org.apache.ibatis.session.defaults.DefaultSqlSession@3b4d2dd0]
2025-01-13 16:14:08 [http-nio-8080-exec-8] DEBUG org.mybatis.spring.SqlSessionUtils - Closing non transactional SqlSession [org.apache.ibatis.session.defaults.DefaultSqlSession@7bd4202]
2025-01-13 16:14:08 [http-nio-8080-exec-6] DEBUG org.mybatis.spring.SqlSessionUtils - Creating a new SqlSession
2025-01-13 16:14:08 [http-nio-8080-exec-4] DEBUG org.mybatis.spring.SqlSessionUtils - Creating a new SqlSession
2025-01-13 16:14:08 [http-nio-8080-exec-5] DEBUG org.mybatis.spring.SqlSessionUtils - Creating a new SqlSession
2025-01-13 16:14:08 [http-nio-8080-exec-6] DEBUG org.mybatis.spring.SqlSessionUtils - SqlSession [org.apache.ibatis.session.defaults.DefaultSqlSession@6c29809b] was not registered for synchronization because synchronization is not active
2025-01-13 16:14:08 [http-nio-8080-exec-4] DEBUG org.mybatis.spring.SqlSessionUtils - SqlSession [org.apache.ibatis.session.defaults.DefaultSqlSession@3575b99c] was not registered for synchronization because synchronization is not active
2025-01-13 16:14:08 [http-nio-8080-exec-5] DEBUG org.mybatis.spring.SqlSessionUtils - SqlSession [org.apache.ibatis.session.defaults.DefaultSqlSession@e153b7e] was not registered for synchronization because synchronization is not active
2025-01-13 16:14:08 [http-nio-8080-exec-5] DEBUG o.m.s.t.SpringManagedTransaction - JDBC Connection [HikariProxyConnection@194131380 wrapping com.mysql.cj.jdbc.ConnectionImpl@202516a8] will not be managed by Spring
2025-01-13 16:14:08 [http-nio-8080-exec-4] DEBUG o.m.s.t.SpringManagedTransaction - JDBC Connection [HikariProxyConnection@960182983 wrapping com.mysql.cj.jdbc.ConnectionImpl@2f55317c] will not be managed by Spring
2025-01-13 16:14:08 [http-nio-8080-exec-6] DEBUG o.m.s.t.SpringManagedTransaction - JDBC Connection [HikariProxyConnection@1634501643 wrapping com.mysql.cj.jdbc.ConnectionImpl@1b176bb] will not be managed by Spring
2025-01-13 16:14:08 [http-nio-8080-exec-5] DEBUG c.s.d.m.C.selectLnbSubList - ==>  Preparing: SELECT CT_LNB_SUB_IDX AS ctLnbSubIdx, CT_LNB_ID AS ctLnbId, CT_LNB_SUB_ID AS ctLnbSubId, CT_LNB_SUB_NAME AS ctLnbSubName, CT_LNB_SUB_URL AS ctLnbSubUrl FROM CT_LNB_SUB WHERE CT_LNB_ID = ? ORDER BY CT_LNB_SUB_IDX
2025-01-13 16:14:08 [http-nio-8080-exec-4] DEBUG c.s.d.m.C.selectLnbSubList - ==>  Preparing: SELECT CT_LNB_SUB_IDX AS ctLnbSubIdx, CT_LNB_ID AS ctLnbId, CT_LNB_SUB_ID AS ctLnbSubId, CT_LNB_SUB_NAME AS ctLnbSubName, CT_LNB_SUB_URL AS ctLnbSubUrl FROM CT_LNB_SUB WHERE CT_LNB_ID = ? ORDER BY CT_LNB_SUB_IDX
2025-01-13 16:14:08 [http-nio-8080-exec-6] DEBUG c.s.d.m.C.selectLnbSubList - ==>  Preparing: SELECT CT_LNB_SUB_IDX AS ctLnbSubIdx, CT_LNB_ID AS ctLnbId, CT_LNB_SUB_ID AS ctLnbSubId, CT_LNB_SUB_NAME AS ctLnbSubName, CT_LNB_SUB_URL AS ctLnbSubUrl FROM CT_LNB_SUB WHERE CT_LNB_ID = ? ORDER BY CT_LNB_SUB_IDX
2025-01-13 16:14:08 [http-nio-8080-exec-6] DEBUG c.s.d.m.C.selectLnbSubList - ==> Parameters: CT_LNB_CONTACT(String)
2025-01-13 16:14:08 [http-nio-8080-exec-4] DEBUG c.s.d.m.C.selectLnbSubList - ==> Parameters: CT_LNB_COMPANY(String)
2025-01-13 16:14:08 [http-nio-8080-exec-5] DEBUG c.s.d.m.C.selectLnbSubList - ==> Parameters: CT_LNB_SERVICE(String)
2025-01-13 16:14:08 [http-nio-8080-exec-4] DEBUG c.s.d.m.C.selectLnbSubList - <==      Total: 1
2025-01-13 16:14:08 [http-nio-8080-exec-5] DEBUG c.s.d.m.C.selectLnbSubList - <==      Total: 4
2025-01-13 16:14:08 [http-nio-8080-exec-6] DEBUG c.s.d.m.C.selectLnbSubList - <==      Total: 2
2025-01-13 16:14:08 [http-nio-8080-exec-6] DEBUG org.mybatis.spring.SqlSessionUtils - Closing non transactional SqlSession [org.apache.ibatis.session.defaults.DefaultSqlSession@6c29809b]
2025-01-13 16:14:08 [http-nio-8080-exec-5] DEBUG org.mybatis.spring.SqlSessionUtils - Closing non transactional SqlSession [org.apache.ibatis.session.defaults.DefaultSqlSession@e153b7e]
2025-01-13 16:14:08 [http-nio-8080-exec-4] DEBUG org.mybatis.spring.SqlSessionUtils - Closing non transactional SqlSession [org.apache.ibatis.session.defaults.DefaultSqlSession@3575b99c]
2025-01-13 16:14:15 [http-nio-8080-exec-7] WARN  o.t.s.p.AbstractStandardFragmentInsertionTagProcessor - [THYMELEAF][http-nio-8080-exec-7][common/layout/layout] Deprecated unwrapped fragment expression "common/fragments/header::header" found in template common/layout/layout, line 33, col 10. Please use the complete syntax of fragment expressions instead ("~{common/fragments/header::header}"). The old, unwrapped syntax for fragment expressions will be removed in future versions of Thymeleaf.
2025-01-13 16:14:15 [http-nio-8080-exec-7] WARN  o.t.s.p.AbstractStandardFragmentInsertionTagProcessor - [THYMELEAF][http-nio-8080-exec-7][common/layout/layout] Deprecated unwrapped fragment expression "common/fragments/footer::footer" found in template common/layout/layout, line 37, col 10. Please use the complete syntax of fragment expressions instead ("~{common/fragments/footer::footer}"). The old, unwrapped syntax for fragment expressions will be removed in future versions of Thymeleaf.
2025-01-13 16:14:15 [http-nio-8080-exec-8] DEBUG org.mybatis.spring.SqlSessionUtils - Creating a new SqlSession
2025-01-13 16:14:15 [http-nio-8080-exec-8] DEBUG org.mybatis.spring.SqlSessionUtils - SqlSession [org.apache.ibatis.session.defaults.DefaultSqlSession@19cc254b] was not registered for synchronization because synchronization is not active
2025-01-13 16:14:15 [http-nio-8080-exec-8] DEBUG o.m.s.t.SpringManagedTransaction - JDBC Connection [HikariProxyConnection@1023182060 wrapping com.mysql.cj.jdbc.ConnectionImpl@2f55317c] will not be managed by Spring
2025-01-13 16:14:15 [http-nio-8080-exec-8] DEBUG c.s.d.m.CommonMapper.selectLnbList - ==>  Preparing: SELECT CT_LNB_IDX AS ctLnbIdx, CT_LNB_ID AS ctLnbId, CT_LNB_NAME AS ctLnbName, CT_LNB_SUB_YN AS ctLnbSubYn, CT_LNB_URL AS ctLnbUrl, CT_LNB_USE_YN AS ctLnbUseYn FROM CT_LNB WHERE CT_LNB_USE_YN = 'Y' ORDER BY CT_LNB_IDX
2025-01-13 16:14:15 [http-nio-8080-exec-8] DEBUG c.s.d.m.CommonMapper.selectLnbList - ==> Parameters: 
2025-01-13 16:14:15 [http-nio-8080-exec-8] DEBUG c.s.d.m.CommonMapper.selectLnbList - <==      Total: 4
2025-01-13 16:14:15 [http-nio-8080-exec-8] DEBUG org.mybatis.spring.SqlSessionUtils - Closing non transactional SqlSession [org.apache.ibatis.session.defaults.DefaultSqlSession@19cc254b]
2025-01-13 16:14:15 [http-nio-8080-exec-6] DEBUG org.mybatis.spring.SqlSessionUtils - Creating a new SqlSession
2025-01-13 16:14:15 [http-nio-8080-exec-6] DEBUG org.mybatis.spring.SqlSessionUtils - SqlSession [org.apache.ibatis.session.defaults.DefaultSqlSession@10ad36fe] was not registered for synchronization because synchronization is not active
2025-01-13 16:14:15 [http-nio-8080-exec-6] DEBUG o.m.s.t.SpringManagedTransaction - JDBC Connection [HikariProxyConnection@367309884 wrapping com.mysql.cj.jdbc.ConnectionImpl@1b176bb] will not be managed by Spring
2025-01-13 16:14:15 [http-nio-8080-exec-6] DEBUG c.s.d.m.CommonMapper.selectLnbList - ==>  Preparing: SELECT CT_LNB_IDX AS ctLnbIdx, CT_LNB_ID AS ctLnbId, CT_LNB_NAME AS ctLnbName, CT_LNB_SUB_YN AS ctLnbSubYn, CT_LNB_URL AS ctLnbUrl, CT_LNB_USE_YN AS ctLnbUseYn FROM CT_LNB WHERE CT_LNB_USE_YN = 'Y' ORDER BY CT_LNB_IDX
2025-01-13 16:14:15 [http-nio-8080-exec-6] DEBUG c.s.d.m.CommonMapper.selectLnbList - ==> Parameters: 
2025-01-13 16:14:15 [http-nio-8080-exec-6] DEBUG c.s.d.m.CommonMapper.selectLnbList - <==      Total: 4
2025-01-13 16:14:15 [http-nio-8080-exec-6] DEBUG org.mybatis.spring.SqlSessionUtils - Closing non transactional SqlSession [org.apache.ibatis.session.defaults.DefaultSqlSession@10ad36fe]
2025-01-13 16:14:15 [http-nio-8080-exec-5] DEBUG org.mybatis.spring.SqlSessionUtils - Creating a new SqlSession
2025-01-13 16:14:15 [http-nio-8080-exec-10] DEBUG org.mybatis.spring.SqlSessionUtils - Creating a new SqlSession
2025-01-13 16:14:15 [http-nio-8080-exec-2] DEBUG org.mybatis.spring.SqlSessionUtils - Creating a new SqlSession
2025-01-13 16:14:15 [http-nio-8080-exec-5] DEBUG org.mybatis.spring.SqlSessionUtils - SqlSession [org.apache.ibatis.session.defaults.DefaultSqlSession@378eaa51] was not registered for synchronization because synchronization is not active
2025-01-13 16:14:15 [http-nio-8080-exec-10] DEBUG org.mybatis.spring.SqlSessionUtils - SqlSession [org.apache.ibatis.session.defaults.DefaultSqlSession@264fa29c] was not registered for synchronization because synchronization is not active
2025-01-13 16:14:15 [http-nio-8080-exec-2] DEBUG org.mybatis.spring.SqlSessionUtils - SqlSession [org.apache.ibatis.session.defaults.DefaultSqlSession@78e72748] was not registered for synchronization because synchronization is not active
2025-01-13 16:14:15 [http-nio-8080-exec-10] DEBUG o.m.s.t.SpringManagedTransaction - JDBC Connection [HikariProxyConnection@1653882800 wrapping com.mysql.cj.jdbc.ConnectionImpl@1b176bb] will not be managed by Spring
2025-01-13 16:14:15 [http-nio-8080-exec-5] DEBUG o.m.s.t.SpringManagedTransaction - JDBC Connection [HikariProxyConnection@1867167317 wrapping com.mysql.cj.jdbc.ConnectionImpl@2f55317c] will not be managed by Spring
2025-01-13 16:14:15 [http-nio-8080-exec-10] DEBUG c.s.d.m.C.selectLnbSubList - ==>  Preparing: SELECT CT_LNB_SUB_IDX AS ctLnbSubIdx, CT_LNB_ID AS ctLnbId, CT_LNB_SUB_ID AS ctLnbSubId, CT_LNB_SUB_NAME AS ctLnbSubName, CT_LNB_SUB_URL AS ctLnbSubUrl FROM CT_LNB_SUB WHERE CT_LNB_ID = ? ORDER BY CT_LNB_SUB_IDX
2025-01-13 16:14:15 [http-nio-8080-exec-5] DEBUG c.s.d.m.C.selectLnbSubList - ==>  Preparing: SELECT CT_LNB_SUB_IDX AS ctLnbSubIdx, CT_LNB_ID AS ctLnbId, CT_LNB_SUB_ID AS ctLnbSubId, CT_LNB_SUB_NAME AS ctLnbSubName, CT_LNB_SUB_URL AS ctLnbSubUrl FROM CT_LNB_SUB WHERE CT_LNB_ID = ? ORDER BY CT_LNB_SUB_IDX
2025-01-13 16:14:15 [http-nio-8080-exec-10] DEBUG c.s.d.m.C.selectLnbSubList - ==> Parameters: CT_LNB_SERVICE(String)
2025-01-13 16:14:15 [http-nio-8080-exec-5] DEBUG c.s.d.m.C.selectLnbSubList - ==> Parameters: CT_LNB_CONTACT(String)
2025-01-13 16:14:15 [http-nio-8080-exec-2] DEBUG o.m.s.t.SpringManagedTransaction - JDBC Connection [HikariProxyConnection@784623231 wrapping com.mysql.cj.jdbc.ConnectionImpl@202516a8] will not be managed by Spring
2025-01-13 16:14:15 [http-nio-8080-exec-2] DEBUG c.s.d.m.C.selectLnbSubList - ==>  Preparing: SELECT CT_LNB_SUB_IDX AS ctLnbSubIdx, CT_LNB_ID AS ctLnbId, CT_LNB_SUB_ID AS ctLnbSubId, CT_LNB_SUB_NAME AS ctLnbSubName, CT_LNB_SUB_URL AS ctLnbSubUrl FROM CT_LNB_SUB WHERE CT_LNB_ID = ? ORDER BY CT_LNB_SUB_IDX
2025-01-13 16:14:15 [http-nio-8080-exec-2] DEBUG c.s.d.m.C.selectLnbSubList - ==> Parameters: CT_LNB_COMPANY(String)
2025-01-13 16:14:15 [http-nio-8080-exec-2] DEBUG c.s.d.m.C.selectLnbSubList - <==      Total: 1
2025-01-13 16:14:15 [http-nio-8080-exec-5] DEBUG c.s.d.m.C.selectLnbSubList - <==      Total: 2
2025-01-13 16:14:15 [http-nio-8080-exec-10] DEBUG c.s.d.m.C.selectLnbSubList - <==      Total: 4
2025-01-13 16:14:15 [http-nio-8080-exec-10] DEBUG org.mybatis.spring.SqlSessionUtils - Closing non transactional SqlSession [org.apache.ibatis.session.defaults.DefaultSqlSession@264fa29c]
2025-01-13 16:14:15 [http-nio-8080-exec-5] DEBUG org.mybatis.spring.SqlSessionUtils - Closing non transactional SqlSession [org.apache.ibatis.session.defaults.DefaultSqlSession@378eaa51]
2025-01-13 16:14:15 [http-nio-8080-exec-2] DEBUG org.mybatis.spring.SqlSessionUtils - Closing non transactional SqlSession [org.apache.ibatis.session.defaults.DefaultSqlSession@78e72748]
2025-01-13 16:14:15 [http-nio-8080-exec-8] DEBUG org.mybatis.spring.SqlSessionUtils - Creating a new SqlSession
2025-01-13 16:14:15 [http-nio-8080-exec-9] DEBUG org.mybatis.spring.SqlSessionUtils - Creating a new SqlSession
2025-01-13 16:14:15 [http-nio-8080-exec-1] DEBUG org.mybatis.spring.SqlSessionUtils - Creating a new SqlSession
2025-01-13 16:14:15 [http-nio-8080-exec-8] DEBUG org.mybatis.spring.SqlSessionUtils - SqlSession [org.apache.ibatis.session.defaults.DefaultSqlSession@15d8dba4] was not registered for synchronization because synchronization is not active
2025-01-13 16:14:15 [http-nio-8080-exec-1] DEBUG org.mybatis.spring.SqlSessionUtils - SqlSession [org.apache.ibatis.session.defaults.DefaultSqlSession@7d49727d] was not registered for synchronization because synchronization is not active
2025-01-13 16:14:15 [http-nio-8080-exec-9] DEBUG org.mybatis.spring.SqlSessionUtils - SqlSession [org.apache.ibatis.session.defaults.DefaultSqlSession@4d331fd8] was not registered for synchronization because synchronization is not active
2025-01-13 16:14:15 [http-nio-8080-exec-1] DEBUG o.m.s.t.SpringManagedTransaction - JDBC Connection [HikariProxyConnection@165633924 wrapping com.mysql.cj.jdbc.ConnectionImpl@1b176bb] will not be managed by Spring
2025-01-13 16:14:15 [http-nio-8080-exec-8] DEBUG o.m.s.t.SpringManagedTransaction - JDBC Connection [HikariProxyConnection@1841709609 wrapping com.mysql.cj.jdbc.ConnectionImpl@2f55317c] will not be managed by Spring
2025-01-13 16:14:15 [http-nio-8080-exec-9] DEBUG o.m.s.t.SpringManagedTransaction - JDBC Connection [HikariProxyConnection@997562333 wrapping com.mysql.cj.jdbc.ConnectionImpl@202516a8] will not be managed by Spring
2025-01-13 16:14:15 [http-nio-8080-exec-1] DEBUG c.s.d.m.C.selectLnbSubList - ==>  Preparing: SELECT CT_LNB_SUB_IDX AS ctLnbSubIdx, CT_LNB_ID AS ctLnbId, CT_LNB_SUB_ID AS ctLnbSubId, CT_LNB_SUB_NAME AS ctLnbSubName, CT_LNB_SUB_URL AS ctLnbSubUrl FROM CT_LNB_SUB WHERE CT_LNB_ID = ? ORDER BY CT_LNB_SUB_IDX
2025-01-13 16:14:15 [http-nio-8080-exec-8] DEBUG c.s.d.m.C.selectLnbSubList - ==>  Preparing: SELECT CT_LNB_SUB_IDX AS ctLnbSubIdx, CT_LNB_ID AS ctLnbId, CT_LNB_SUB_ID AS ctLnbSubId, CT_LNB_SUB_NAME AS ctLnbSubName, CT_LNB_SUB_URL AS ctLnbSubUrl FROM CT_LNB_SUB WHERE CT_LNB_ID = ? ORDER BY CT_LNB_SUB_IDX
2025-01-13 16:14:15 [http-nio-8080-exec-9] DEBUG c.s.d.m.C.selectLnbSubList - ==>  Preparing: SELECT CT_LNB_SUB_IDX AS ctLnbSubIdx, CT_LNB_ID AS ctLnbId, CT_LNB_SUB_ID AS ctLnbSubId, CT_LNB_SUB_NAME AS ctLnbSubName, CT_LNB_SUB_URL AS ctLnbSubUrl FROM CT_LNB_SUB WHERE CT_LNB_ID = ? ORDER BY CT_LNB_SUB_IDX
2025-01-13 16:14:15 [http-nio-8080-exec-1] DEBUG c.s.d.m.C.selectLnbSubList - ==> Parameters: CT_LNB_CONTACT(String)
2025-01-13 16:14:15 [http-nio-8080-exec-8] DEBUG c.s.d.m.C.selectLnbSubList - ==> Parameters: CT_LNB_SERVICE(String)
2025-01-13 16:14:15 [http-nio-8080-exec-9] DEBUG c.s.d.m.C.selectLnbSubList - ==> Parameters: CT_LNB_COMPANY(String)
2025-01-13 16:14:15 [http-nio-8080-exec-9] DEBUG c.s.d.m.C.selectLnbSubList - <==      Total: 1
2025-01-13 16:14:15 [http-nio-8080-exec-1] DEBUG c.s.d.m.C.selectLnbSubList - <==      Total: 2
2025-01-13 16:14:15 [http-nio-8080-exec-8] DEBUG c.s.d.m.C.selectLnbSubList - <==      Total: 4
2025-01-13 16:14:15 [http-nio-8080-exec-9] DEBUG org.mybatis.spring.SqlSessionUtils - Closing non transactional SqlSession [org.apache.ibatis.session.defaults.DefaultSqlSession@4d331fd8]
2025-01-13 16:14:15 [http-nio-8080-exec-8] DEBUG org.mybatis.spring.SqlSessionUtils - Closing non transactional SqlSession [org.apache.ibatis.session.defaults.DefaultSqlSession@15d8dba4]
2025-01-13 16:14:15 [http-nio-8080-exec-1] DEBUG org.mybatis.spring.SqlSessionUtils - Closing non transactional SqlSession [org.apache.ibatis.session.defaults.DefaultSqlSession@7d49727d]
2025-01-13 16:14:54 [http-nio-8080-exec-8] WARN  o.t.s.p.AbstractStandardFragmentInsertionTagProcessor - [THYMELEAF][http-nio-8080-exec-8][common/layout/layout] Deprecated unwrapped fragment expression "common/fragments/header::header" found in template common/layout/layout, line 33, col 10. Please use the complete syntax of fragment expressions instead ("~{common/fragments/header::header}"). The old, unwrapped syntax for fragment expressions will be removed in future versions of Thymeleaf.
2025-01-13 16:14:54 [http-nio-8080-exec-8] WARN  o.t.s.p.AbstractStandardFragmentInsertionTagProcessor - [THYMELEAF][http-nio-8080-exec-8][common/layout/layout] Deprecated unwrapped fragment expression "common/fragments/footer::footer" found in template common/layout/layout, line 37, col 10. Please use the complete syntax of fragment expressions instead ("~{common/fragments/footer::footer}"). The old, unwrapped syntax for fragment expressions will be removed in future versions of Thymeleaf.
2025-01-13 16:14:54 [http-nio-8080-exec-7] DEBUG org.mybatis.spring.SqlSessionUtils - Creating a new SqlSession
2025-01-13 16:14:54 [http-nio-8080-exec-7] DEBUG org.mybatis.spring.SqlSessionUtils - SqlSession [org.apache.ibatis.session.defaults.DefaultSqlSession@f43163a] was not registered for synchronization because synchronization is not active
2025-01-13 16:14:54 [http-nio-8080-exec-7] DEBUG o.m.s.t.SpringManagedTransaction - JDBC Connection [HikariProxyConnection@1072870940 wrapping com.mysql.cj.jdbc.ConnectionImpl@202516a8] will not be managed by Spring
2025-01-13 16:14:54 [http-nio-8080-exec-7] DEBUG c.s.d.m.CommonMapper.selectLnbList - ==>  Preparing: SELECT CT_LNB_IDX AS ctLnbIdx, CT_LNB_ID AS ctLnbId, CT_LNB_NAME AS ctLnbName, CT_LNB_SUB_YN AS ctLnbSubYn, CT_LNB_URL AS ctLnbUrl, CT_LNB_USE_YN AS ctLnbUseYn FROM CT_LNB WHERE CT_LNB_USE_YN = 'Y' ORDER BY CT_LNB_IDX
2025-01-13 16:14:54 [http-nio-8080-exec-7] DEBUG c.s.d.m.CommonMapper.selectLnbList - ==> Parameters: 
2025-01-13 16:14:54 [http-nio-8080-exec-7] DEBUG c.s.d.m.CommonMapper.selectLnbList - <==      Total: 4
2025-01-13 16:14:54 [http-nio-8080-exec-7] DEBUG org.mybatis.spring.SqlSessionUtils - Closing non transactional SqlSession [org.apache.ibatis.session.defaults.DefaultSqlSession@f43163a]
2025-01-13 16:14:54 [http-nio-8080-exec-4] DEBUG org.mybatis.spring.SqlSessionUtils - Creating a new SqlSession
2025-01-13 16:14:54 [http-nio-8080-exec-4] DEBUG org.mybatis.spring.SqlSessionUtils - SqlSession [org.apache.ibatis.session.defaults.DefaultSqlSession@2c044260] was not registered for synchronization because synchronization is not active
2025-01-13 16:14:54 [http-nio-8080-exec-4] DEBUG o.m.s.t.SpringManagedTransaction - JDBC Connection [HikariProxyConnection@1813345015 wrapping com.mysql.cj.jdbc.ConnectionImpl@2f55317c] will not be managed by Spring
2025-01-13 16:14:54 [http-nio-8080-exec-4] DEBUG c.s.d.m.CommonMapper.selectLnbList - ==>  Preparing: SELECT CT_LNB_IDX AS ctLnbIdx, CT_LNB_ID AS ctLnbId, CT_LNB_NAME AS ctLnbName, CT_LNB_SUB_YN AS ctLnbSubYn, CT_LNB_URL AS ctLnbUrl, CT_LNB_USE_YN AS ctLnbUseYn FROM CT_LNB WHERE CT_LNB_USE_YN = 'Y' ORDER BY CT_LNB_IDX
2025-01-13 16:14:54 [http-nio-8080-exec-4] DEBUG c.s.d.m.CommonMapper.selectLnbList - ==> Parameters: 
2025-01-13 16:14:54 [http-nio-8080-exec-4] DEBUG c.s.d.m.CommonMapper.selectLnbList - <==      Total: 4
2025-01-13 16:14:54 [http-nio-8080-exec-4] DEBUG org.mybatis.spring.SqlSessionUtils - Closing non transactional SqlSession [org.apache.ibatis.session.defaults.DefaultSqlSession@2c044260]
2025-01-13 16:14:55 [http-nio-8080-exec-9] DEBUG org.mybatis.spring.SqlSessionUtils - Creating a new SqlSession
2025-01-13 16:14:55 [http-nio-8080-exec-8] DEBUG org.mybatis.spring.SqlSessionUtils - Creating a new SqlSession
2025-01-13 16:14:55 [http-nio-8080-exec-10] DEBUG org.mybatis.spring.SqlSessionUtils - Creating a new SqlSession
2025-01-13 16:14:55 [http-nio-8080-exec-9] DEBUG org.mybatis.spring.SqlSessionUtils - SqlSession [org.apache.ibatis.session.defaults.DefaultSqlSession@1c6309f7] was not registered for synchronization because synchronization is not active
2025-01-13 16:14:55 [http-nio-8080-exec-8] DEBUG org.mybatis.spring.SqlSessionUtils - SqlSession [org.apache.ibatis.session.defaults.DefaultSqlSession@32b7335b] was not registered for synchronization because synchronization is not active
2025-01-13 16:14:55 [http-nio-8080-exec-10] DEBUG org.mybatis.spring.SqlSessionUtils - SqlSession [org.apache.ibatis.session.defaults.DefaultSqlSession@751a94a2] was not registered for synchronization because synchronization is not active
2025-01-13 16:14:55 [http-nio-8080-exec-9] DEBUG o.m.s.t.SpringManagedTransaction - JDBC Connection [HikariProxyConnection@1711411905 wrapping com.mysql.cj.jdbc.ConnectionImpl@202516a8] will not be managed by Spring
2025-01-13 16:14:55 [http-nio-8080-exec-8] DEBUG o.m.s.t.SpringManagedTransaction - JDBC Connection [HikariProxyConnection@2078278823 wrapping com.mysql.cj.jdbc.ConnectionImpl@2f55317c] will not be managed by Spring
2025-01-13 16:14:55 [http-nio-8080-exec-9] DEBUG c.s.d.m.C.selectLnbSubList - ==>  Preparing: SELECT CT_LNB_SUB_IDX AS ctLnbSubIdx, CT_LNB_ID AS ctLnbId, CT_LNB_SUB_ID AS ctLnbSubId, CT_LNB_SUB_NAME AS ctLnbSubName, CT_LNB_SUB_URL AS ctLnbSubUrl FROM CT_LNB_SUB WHERE CT_LNB_ID = ? ORDER BY CT_LNB_SUB_IDX
2025-01-13 16:14:55 [http-nio-8080-exec-8] DEBUG c.s.d.m.C.selectLnbSubList - ==>  Preparing: SELECT CT_LNB_SUB_IDX AS ctLnbSubIdx, CT_LNB_ID AS ctLnbId, CT_LNB_SUB_ID AS ctLnbSubId, CT_LNB_SUB_NAME AS ctLnbSubName, CT_LNB_SUB_URL AS ctLnbSubUrl FROM CT_LNB_SUB WHERE CT_LNB_ID = ? ORDER BY CT_LNB_SUB_IDX
2025-01-13 16:14:55 [http-nio-8080-exec-8] DEBUG c.s.d.m.C.selectLnbSubList - ==> Parameters: CT_LNB_COMPANY(String)
2025-01-13 16:14:55 [http-nio-8080-exec-9] DEBUG c.s.d.m.C.selectLnbSubList - ==> Parameters: CT_LNB_CONTACT(String)
2025-01-13 16:14:55 [http-nio-8080-exec-10] DEBUG o.m.s.t.SpringManagedTransaction - JDBC Connection [HikariProxyConnection@456402710 wrapping com.mysql.cj.jdbc.ConnectionImpl@1b176bb] will not be managed by Spring
2025-01-13 16:14:55 [http-nio-8080-exec-10] DEBUG c.s.d.m.C.selectLnbSubList - ==>  Preparing: SELECT CT_LNB_SUB_IDX AS ctLnbSubIdx, CT_LNB_ID AS ctLnbId, CT_LNB_SUB_ID AS ctLnbSubId, CT_LNB_SUB_NAME AS ctLnbSubName, CT_LNB_SUB_URL AS ctLnbSubUrl FROM CT_LNB_SUB WHERE CT_LNB_ID = ? ORDER BY CT_LNB_SUB_IDX
2025-01-13 16:14:55 [http-nio-8080-exec-10] DEBUG c.s.d.m.C.selectLnbSubList - ==> Parameters: CT_LNB_SERVICE(String)
2025-01-13 16:14:55 [http-nio-8080-exec-10] DEBUG c.s.d.m.C.selectLnbSubList - <==      Total: 4
2025-01-13 16:14:55 [http-nio-8080-exec-9] DEBUG c.s.d.m.C.selectLnbSubList - <==      Total: 2
2025-01-13 16:14:55 [http-nio-8080-exec-8] DEBUG c.s.d.m.C.selectLnbSubList - <==      Total: 1
2025-01-13 16:14:55 [http-nio-8080-exec-8] DEBUG org.mybatis.spring.SqlSessionUtils - Closing non transactional SqlSession [org.apache.ibatis.session.defaults.DefaultSqlSession@32b7335b]
2025-01-13 16:14:55 [http-nio-8080-exec-10] DEBUG org.mybatis.spring.SqlSessionUtils - Closing non transactional SqlSession [org.apache.ibatis.session.defaults.DefaultSqlSession@751a94a2]
2025-01-13 16:14:55 [http-nio-8080-exec-9] DEBUG org.mybatis.spring.SqlSessionUtils - Closing non transactional SqlSession [org.apache.ibatis.session.defaults.DefaultSqlSession@1c6309f7]
2025-01-13 16:14:55 [http-nio-8080-exec-7] DEBUG org.mybatis.spring.SqlSessionUtils - Creating a new SqlSession
2025-01-13 16:14:55 [http-nio-8080-exec-6] DEBUG org.mybatis.spring.SqlSessionUtils - Creating a new SqlSession
2025-01-13 16:14:55 [http-nio-8080-exec-1] DEBUG org.mybatis.spring.SqlSessionUtils - Creating a new SqlSession
2025-01-13 16:14:55 [http-nio-8080-exec-7] DEBUG org.mybatis.spring.SqlSessionUtils - SqlSession [org.apache.ibatis.session.defaults.DefaultSqlSession@2dd591d2] was not registered for synchronization because synchronization is not active
2025-01-13 16:14:55 [http-nio-8080-exec-1] DEBUG org.mybatis.spring.SqlSessionUtils - SqlSession [org.apache.ibatis.session.defaults.DefaultSqlSession@10d708e4] was not registered for synchronization because synchronization is not active
2025-01-13 16:14:55 [http-nio-8080-exec-6] DEBUG org.mybatis.spring.SqlSessionUtils - SqlSession [org.apache.ibatis.session.defaults.DefaultSqlSession@832ce05] was not registered for synchronization because synchronization is not active
2025-01-13 16:14:55 [http-nio-8080-exec-1] DEBUG o.m.s.t.SpringManagedTransaction - JDBC Connection [HikariProxyConnection@1670329575 wrapping com.mysql.cj.jdbc.ConnectionImpl@1b176bb] will not be managed by Spring
2025-01-13 16:14:55 [http-nio-8080-exec-7] DEBUG o.m.s.t.SpringManagedTransaction - JDBC Connection [HikariProxyConnection@976269460 wrapping com.mysql.cj.jdbc.ConnectionImpl@202516a8] will not be managed by Spring
2025-01-13 16:14:55 [http-nio-8080-exec-6] DEBUG o.m.s.t.SpringManagedTransaction - JDBC Connection [HikariProxyConnection@781907363 wrapping com.mysql.cj.jdbc.ConnectionImpl@2f55317c] will not be managed by Spring
2025-01-13 16:14:55 [http-nio-8080-exec-1] DEBUG c.s.d.m.C.selectLnbSubList - ==>  Preparing: SELECT CT_LNB_SUB_IDX AS ctLnbSubIdx, CT_LNB_ID AS ctLnbId, CT_LNB_SUB_ID AS ctLnbSubId, CT_LNB_SUB_NAME AS ctLnbSubName, CT_LNB_SUB_URL AS ctLnbSubUrl FROM CT_LNB_SUB WHERE CT_LNB_ID = ? ORDER BY CT_LNB_SUB_IDX
2025-01-13 16:14:55 [http-nio-8080-exec-6] DEBUG c.s.d.m.C.selectLnbSubList - ==>  Preparing: SELECT CT_LNB_SUB_IDX AS ctLnbSubIdx, CT_LNB_ID AS ctLnbId, CT_LNB_SUB_ID AS ctLnbSubId, CT_LNB_SUB_NAME AS ctLnbSubName, CT_LNB_SUB_URL AS ctLnbSubUrl FROM CT_LNB_SUB WHERE CT_LNB_ID = ? ORDER BY CT_LNB_SUB_IDX
2025-01-13 16:14:55 [http-nio-8080-exec-7] DEBUG c.s.d.m.C.selectLnbSubList - ==>  Preparing: SELECT CT_LNB_SUB_IDX AS ctLnbSubIdx, CT_LNB_ID AS ctLnbId, CT_LNB_SUB_ID AS ctLnbSubId, CT_LNB_SUB_NAME AS ctLnbSubName, CT_LNB_SUB_URL AS ctLnbSubUrl FROM CT_LNB_SUB WHERE CT_LNB_ID = ? ORDER BY CT_LNB_SUB_IDX
2025-01-13 16:14:55 [http-nio-8080-exec-7] DEBUG c.s.d.m.C.selectLnbSubList - ==> Parameters: CT_LNB_COMPANY(String)
2025-01-13 16:14:55 [http-nio-8080-exec-6] DEBUG c.s.d.m.C.selectLnbSubList - ==> Parameters: CT_LNB_CONTACT(String)
2025-01-13 16:14:55 [http-nio-8080-exec-1] DEBUG c.s.d.m.C.selectLnbSubList - ==> Parameters: CT_LNB_SERVICE(String)
2025-01-13 16:14:55 [http-nio-8080-exec-7] DEBUG c.s.d.m.C.selectLnbSubList - <==      Total: 1
2025-01-13 16:14:55 [http-nio-8080-exec-1] DEBUG c.s.d.m.C.selectLnbSubList - <==      Total: 4
2025-01-13 16:14:55 [http-nio-8080-exec-6] DEBUG c.s.d.m.C.selectLnbSubList - <==      Total: 2
2025-01-13 16:14:55 [http-nio-8080-exec-6] DEBUG org.mybatis.spring.SqlSessionUtils - Closing non transactional SqlSession [org.apache.ibatis.session.defaults.DefaultSqlSession@832ce05]
2025-01-13 16:14:55 [http-nio-8080-exec-1] DEBUG org.mybatis.spring.SqlSessionUtils - Closing non transactional SqlSession [org.apache.ibatis.session.defaults.DefaultSqlSession@10d708e4]
2025-01-13 16:14:55 [http-nio-8080-exec-7] DEBUG org.mybatis.spring.SqlSessionUtils - Closing non transactional SqlSession [org.apache.ibatis.session.defaults.DefaultSqlSession@2dd591d2]
2025-01-13 16:14:59 [http-nio-8080-exec-4] WARN  o.t.s.p.AbstractStandardFragmentInsertionTagProcessor - [THYMELEAF][http-nio-8080-exec-4][common/layout/layout] Deprecated unwrapped fragment expression "common/fragments/header::header" found in template common/layout/layout, line 33, col 10. Please use the complete syntax of fragment expressions instead ("~{common/fragments/header::header}"). The old, unwrapped syntax for fragment expressions will be removed in future versions of Thymeleaf.
2025-01-13 16:14:59 [http-nio-8080-exec-4] WARN  o.t.s.p.AbstractStandardFragmentInsertionTagProcessor - [THYMELEAF][http-nio-8080-exec-4][common/layout/layout] Deprecated unwrapped fragment expression "common/fragments/footer::footer" found in template common/layout/layout, line 37, col 10. Please use the complete syntax of fragment expressions instead ("~{common/fragments/footer::footer}"). The old, unwrapped syntax for fragment expressions will be removed in future versions of Thymeleaf.
2025-01-13 16:14:59 [http-nio-8080-exec-2] DEBUG org.mybatis.spring.SqlSessionUtils - Creating a new SqlSession
2025-01-13 16:14:59 [http-nio-8080-exec-2] DEBUG org.mybatis.spring.SqlSessionUtils - SqlSession [org.apache.ibatis.session.defaults.DefaultSqlSession@36646f02] was not registered for synchronization because synchronization is not active
2025-01-13 16:14:59 [http-nio-8080-exec-8] DEBUG org.mybatis.spring.SqlSessionUtils - Creating a new SqlSession
2025-01-13 16:14:59 [http-nio-8080-exec-8] DEBUG org.mybatis.spring.SqlSessionUtils - SqlSession [org.apache.ibatis.session.defaults.DefaultSqlSession@6adcbd33] was not registered for synchronization because synchronization is not active
2025-01-13 16:14:59 [http-nio-8080-exec-2] DEBUG o.m.s.t.SpringManagedTransaction - JDBC Connection [HikariProxyConnection@856483189 wrapping com.mysql.cj.jdbc.ConnectionImpl@202516a8] will not be managed by Spring
2025-01-13 16:14:59 [http-nio-8080-exec-8] DEBUG o.m.s.t.SpringManagedTransaction - JDBC Connection [HikariProxyConnection@300042739 wrapping com.mysql.cj.jdbc.ConnectionImpl@2f55317c] will not be managed by Spring
2025-01-13 16:14:59 [http-nio-8080-exec-2] DEBUG c.s.d.m.CommonMapper.selectLnbList - ==>  Preparing: SELECT CT_LNB_IDX AS ctLnbIdx, CT_LNB_ID AS ctLnbId, CT_LNB_NAME AS ctLnbName, CT_LNB_SUB_YN AS ctLnbSubYn, CT_LNB_URL AS ctLnbUrl, CT_LNB_USE_YN AS ctLnbUseYn FROM CT_LNB WHERE CT_LNB_USE_YN = 'Y' ORDER BY CT_LNB_IDX
2025-01-13 16:14:59 [http-nio-8080-exec-8] DEBUG c.s.d.m.CommonMapper.selectLnbList - ==>  Preparing: SELECT CT_LNB_IDX AS ctLnbIdx, CT_LNB_ID AS ctLnbId, CT_LNB_NAME AS ctLnbName, CT_LNB_SUB_YN AS ctLnbSubYn, CT_LNB_URL AS ctLnbUrl, CT_LNB_USE_YN AS ctLnbUseYn FROM CT_LNB WHERE CT_LNB_USE_YN = 'Y' ORDER BY CT_LNB_IDX
2025-01-13 16:14:59 [http-nio-8080-exec-8] DEBUG c.s.d.m.CommonMapper.selectLnbList - ==> Parameters: 
2025-01-13 16:14:59 [http-nio-8080-exec-2] DEBUG c.s.d.m.CommonMapper.selectLnbList - ==> Parameters: 
2025-01-13 16:14:59 [http-nio-8080-exec-2] DEBUG c.s.d.m.CommonMapper.selectLnbList - <==      Total: 4
2025-01-13 16:14:59 [http-nio-8080-exec-8] DEBUG c.s.d.m.CommonMapper.selectLnbList - <==      Total: 4
2025-01-13 16:14:59 [http-nio-8080-exec-2] DEBUG org.mybatis.spring.SqlSessionUtils - Closing non transactional SqlSession [org.apache.ibatis.session.defaults.DefaultSqlSession@36646f02]
2025-01-13 16:14:59 [http-nio-8080-exec-8] DEBUG org.mybatis.spring.SqlSessionUtils - Closing non transactional SqlSession [org.apache.ibatis.session.defaults.DefaultSqlSession@6adcbd33]
2025-01-13 16:14:59 [http-nio-8080-exec-3] DEBUG org.mybatis.spring.SqlSessionUtils - Creating a new SqlSession
2025-01-13 16:14:59 [http-nio-8080-exec-4] DEBUG org.mybatis.spring.SqlSessionUtils - Creating a new SqlSession
2025-01-13 16:14:59 [http-nio-8080-exec-5] DEBUG org.mybatis.spring.SqlSessionUtils - Creating a new SqlSession
2025-01-13 16:14:59 [http-nio-8080-exec-3] DEBUG org.mybatis.spring.SqlSessionUtils - SqlSession [org.apache.ibatis.session.defaults.DefaultSqlSession@228fec8c] was not registered for synchronization because synchronization is not active
2025-01-13 16:14:59 [http-nio-8080-exec-4] DEBUG org.mybatis.spring.SqlSessionUtils - SqlSession [org.apache.ibatis.session.defaults.DefaultSqlSession@6f026e64] was not registered for synchronization because synchronization is not active
2025-01-13 16:14:59 [http-nio-8080-exec-5] DEBUG org.mybatis.spring.SqlSessionUtils - SqlSession [org.apache.ibatis.session.defaults.DefaultSqlSession@211e472e] was not registered for synchronization because synchronization is not active
2025-01-13 16:14:59 [http-nio-8080-exec-3] DEBUG o.m.s.t.SpringManagedTransaction - JDBC Connection [HikariProxyConnection@228094535 wrapping com.mysql.cj.jdbc.ConnectionImpl@202516a8] will not be managed by Spring
2025-01-13 16:14:59 [http-nio-8080-exec-4] DEBUG o.m.s.t.SpringManagedTransaction - JDBC Connection [HikariProxyConnection@185524029 wrapping com.mysql.cj.jdbc.ConnectionImpl@2f55317c] will not be managed by Spring
2025-01-13 16:14:59 [http-nio-8080-exec-3] DEBUG c.s.d.m.C.selectLnbSubList - ==>  Preparing: SELECT CT_LNB_SUB_IDX AS ctLnbSubIdx, CT_LNB_ID AS ctLnbId, CT_LNB_SUB_ID AS ctLnbSubId, CT_LNB_SUB_NAME AS ctLnbSubName, CT_LNB_SUB_URL AS ctLnbSubUrl FROM CT_LNB_SUB WHERE CT_LNB_ID = ? ORDER BY CT_LNB_SUB_IDX
2025-01-13 16:14:59 [http-nio-8080-exec-4] DEBUG c.s.d.m.C.selectLnbSubList - ==>  Preparing: SELECT CT_LNB_SUB_IDX AS ctLnbSubIdx, CT_LNB_ID AS ctLnbId, CT_LNB_SUB_ID AS ctLnbSubId, CT_LNB_SUB_NAME AS ctLnbSubName, CT_LNB_SUB_URL AS ctLnbSubUrl FROM CT_LNB_SUB WHERE CT_LNB_ID = ? ORDER BY CT_LNB_SUB_IDX
2025-01-13 16:14:59 [http-nio-8080-exec-3] DEBUG c.s.d.m.C.selectLnbSubList - ==> Parameters: CT_LNB_CONTACT(String)
2025-01-13 16:14:59 [http-nio-8080-exec-4] DEBUG c.s.d.m.C.selectLnbSubList - ==> Parameters: CT_LNB_COMPANY(String)
2025-01-13 16:14:59 [http-nio-8080-exec-5] DEBUG o.m.s.t.SpringManagedTransaction - JDBC Connection [HikariProxyConnection@632623182 wrapping com.mysql.cj.jdbc.ConnectionImpl@1b176bb] will not be managed by Spring
2025-01-13 16:14:59 [http-nio-8080-exec-5] DEBUG c.s.d.m.C.selectLnbSubList - ==>  Preparing: SELECT CT_LNB_SUB_IDX AS ctLnbSubIdx, CT_LNB_ID AS ctLnbId, CT_LNB_SUB_ID AS ctLnbSubId, CT_LNB_SUB_NAME AS ctLnbSubName, CT_LNB_SUB_URL AS ctLnbSubUrl FROM CT_LNB_SUB WHERE CT_LNB_ID = ? ORDER BY CT_LNB_SUB_IDX
2025-01-13 16:14:59 [http-nio-8080-exec-5] DEBUG c.s.d.m.C.selectLnbSubList - ==> Parameters: CT_LNB_SERVICE(String)
2025-01-13 16:14:59 [http-nio-8080-exec-10] DEBUG org.mybatis.spring.SqlSessionUtils - Creating a new SqlSession
2025-01-13 16:14:59 [http-nio-8080-exec-10] DEBUG org.mybatis.spring.SqlSessionUtils - SqlSession [org.apache.ibatis.session.defaults.DefaultSqlSession@157f68b2] was not registered for synchronization because synchronization is not active
2025-01-13 16:14:59 [http-nio-8080-exec-10] DEBUG o.m.s.t.SpringManagedTransaction - JDBC Connection [HikariProxyConnection@2123629945 wrapping com.mysql.cj.jdbc.ConnectionImpl@4e92d0f1] will not be managed by Spring
2025-01-13 16:14:59 [http-nio-8080-exec-10] DEBUG c.s.d.m.C.selectLnbSubList - ==>  Preparing: SELECT CT_LNB_SUB_IDX AS ctLnbSubIdx, CT_LNB_ID AS ctLnbId, CT_LNB_SUB_ID AS ctLnbSubId, CT_LNB_SUB_NAME AS ctLnbSubName, CT_LNB_SUB_URL AS ctLnbSubUrl FROM CT_LNB_SUB WHERE CT_LNB_ID = ? ORDER BY CT_LNB_SUB_IDX
2025-01-13 16:14:59 [http-nio-8080-exec-4] DEBUG c.s.d.m.C.selectLnbSubList - <==      Total: 1
2025-01-13 16:14:59 [http-nio-8080-exec-3] DEBUG c.s.d.m.C.selectLnbSubList - <==      Total: 2
2025-01-13 16:14:59 [http-nio-8080-exec-10] DEBUG c.s.d.m.C.selectLnbSubList - ==> Parameters: CT_LNB_COMPANY(String)
2025-01-13 16:14:59 [http-nio-8080-exec-5] DEBUG c.s.d.m.C.selectLnbSubList - <==      Total: 4
2025-01-13 16:14:59 [http-nio-8080-exec-9] DEBUG org.mybatis.spring.SqlSessionUtils - Creating a new SqlSession
2025-01-13 16:14:59 [http-nio-8080-exec-4] DEBUG org.mybatis.spring.SqlSessionUtils - Closing non transactional SqlSession [org.apache.ibatis.session.defaults.DefaultSqlSession@6f026e64]
2025-01-13 16:14:59 [http-nio-8080-exec-3] DEBUG org.mybatis.spring.SqlSessionUtils - Closing non transactional SqlSession [org.apache.ibatis.session.defaults.DefaultSqlSession@228fec8c]
2025-01-13 16:14:59 [http-nio-8080-exec-9] DEBUG org.mybatis.spring.SqlSessionUtils - SqlSession [org.apache.ibatis.session.defaults.DefaultSqlSession@667a37d9] was not registered for synchronization because synchronization is not active
2025-01-13 16:14:59 [http-nio-8080-exec-5] DEBUG org.mybatis.spring.SqlSessionUtils - Closing non transactional SqlSession [org.apache.ibatis.session.defaults.DefaultSqlSession@211e472e]
2025-01-13 16:14:59 [http-nio-8080-exec-9] DEBUG o.m.s.t.SpringManagedTransaction - JDBC Connection [HikariProxyConnection@2078248648 wrapping com.mysql.cj.jdbc.ConnectionImpl@202516a8] will not be managed by Spring
2025-01-13 16:14:59 [http-nio-8080-exec-9] DEBUG c.s.d.m.C.selectLnbSubList - ==>  Preparing: SELECT CT_LNB_SUB_IDX AS ctLnbSubIdx, CT_LNB_ID AS ctLnbId, CT_LNB_SUB_ID AS ctLnbSubId, CT_LNB_SUB_NAME AS ctLnbSubName, CT_LNB_SUB_URL AS ctLnbSubUrl FROM CT_LNB_SUB WHERE CT_LNB_ID = ? ORDER BY CT_LNB_SUB_IDX
2025-01-13 16:14:59 [http-nio-8080-exec-9] DEBUG c.s.d.m.C.selectLnbSubList - ==> Parameters: CT_LNB_SERVICE(String)
2025-01-13 16:14:59 [http-nio-8080-exec-10] DEBUG c.s.d.m.C.selectLnbSubList - <==      Total: 1
2025-01-13 16:14:59 [http-nio-8080-exec-10] DEBUG org.mybatis.spring.SqlSessionUtils - Closing non transactional SqlSession [org.apache.ibatis.session.defaults.DefaultSqlSession@157f68b2]
2025-01-13 16:14:59 [http-nio-8080-exec-9] DEBUG c.s.d.m.C.selectLnbSubList - <==      Total: 4
2025-01-13 16:14:59 [http-nio-8080-exec-9] DEBUG org.mybatis.spring.SqlSessionUtils - Closing non transactional SqlSession [org.apache.ibatis.session.defaults.DefaultSqlSession@667a37d9]
2025-01-13 16:14:59 [http-nio-8080-exec-2] DEBUG org.mybatis.spring.SqlSessionUtils - Creating a new SqlSession
2025-01-13 16:14:59 [http-nio-8080-exec-2] DEBUG org.mybatis.spring.SqlSessionUtils - SqlSession [org.apache.ibatis.session.defaults.DefaultSqlSession@14a5304a] was not registered for synchronization because synchronization is not active
2025-01-13 16:14:59 [http-nio-8080-exec-2] DEBUG o.m.s.t.SpringManagedTransaction - JDBC Connection [HikariProxyConnection@28070307 wrapping com.mysql.cj.jdbc.ConnectionImpl@202516a8] will not be managed by Spring
2025-01-13 16:14:59 [http-nio-8080-exec-2] DEBUG c.s.d.m.C.selectLnbSubList - ==>  Preparing: SELECT CT_LNB_SUB_IDX AS ctLnbSubIdx, CT_LNB_ID AS ctLnbId, CT_LNB_SUB_ID AS ctLnbSubId, CT_LNB_SUB_NAME AS ctLnbSubName, CT_LNB_SUB_URL AS ctLnbSubUrl FROM CT_LNB_SUB WHERE CT_LNB_ID = ? ORDER BY CT_LNB_SUB_IDX
2025-01-13 16:14:59 [http-nio-8080-exec-2] DEBUG c.s.d.m.C.selectLnbSubList - ==> Parameters: CT_LNB_CONTACT(String)
2025-01-13 16:14:59 [http-nio-8080-exec-2] DEBUG c.s.d.m.C.selectLnbSubList - <==      Total: 2
2025-01-13 16:14:59 [http-nio-8080-exec-2] DEBUG org.mybatis.spring.SqlSessionUtils - Closing non transactional SqlSession [org.apache.ibatis.session.defaults.DefaultSqlSession@14a5304a]
2025-01-13 16:15:40 [http-nio-8080-exec-7] WARN  o.t.s.p.AbstractStandardFragmentInsertionTagProcessor - [THYMELEAF][http-nio-8080-exec-7][common/layout/layout] Deprecated unwrapped fragment expression "common/fragments/header::header" found in template common/layout/layout, line 33, col 10. Please use the complete syntax of fragment expressions instead ("~{common/fragments/header::header}"). The old, unwrapped syntax for fragment expressions will be removed in future versions of Thymeleaf.
2025-01-13 16:15:40 [http-nio-8080-exec-7] WARN  o.t.s.p.AbstractStandardFragmentInsertionTagProcessor - [THYMELEAF][http-nio-8080-exec-7][common/layout/layout] Deprecated unwrapped fragment expression "common/fragments/footer::footer" found in template common/layout/layout, line 37, col 10. Please use the complete syntax of fragment expressions instead ("~{common/fragments/footer::footer}"). The old, unwrapped syntax for fragment expressions will be removed in future versions of Thymeleaf.
2025-01-13 16:15:40 [http-nio-8080-exec-4] DEBUG org.mybatis.spring.SqlSessionUtils - Creating a new SqlSession
2025-01-13 16:15:40 [http-nio-8080-exec-4] DEBUG org.mybatis.spring.SqlSessionUtils - SqlSession [org.apache.ibatis.session.defaults.DefaultSqlSession@58d738bf] was not registered for synchronization because synchronization is not active
2025-01-13 16:15:40 [http-nio-8080-exec-4] DEBUG o.m.s.t.SpringManagedTransaction - JDBC Connection [HikariProxyConnection@626914223 wrapping com.mysql.cj.jdbc.ConnectionImpl@2f55317c] will not be managed by Spring
2025-01-13 16:15:40 [http-nio-8080-exec-4] DEBUG c.s.d.m.CommonMapper.selectLnbList - ==>  Preparing: SELECT CT_LNB_IDX AS ctLnbIdx, CT_LNB_ID AS ctLnbId, CT_LNB_NAME AS ctLnbName, CT_LNB_SUB_YN AS ctLnbSubYn, CT_LNB_URL AS ctLnbUrl, CT_LNB_USE_YN AS ctLnbUseYn FROM CT_LNB WHERE CT_LNB_USE_YN = 'Y' ORDER BY CT_LNB_IDX
2025-01-13 16:15:40 [http-nio-8080-exec-4] DEBUG c.s.d.m.CommonMapper.selectLnbList - ==> Parameters: 
2025-01-13 16:15:40 [http-nio-8080-exec-4] DEBUG c.s.d.m.CommonMapper.selectLnbList - <==      Total: 4
2025-01-13 16:15:40 [http-nio-8080-exec-4] DEBUG org.mybatis.spring.SqlSessionUtils - Closing non transactional SqlSession [org.apache.ibatis.session.defaults.DefaultSqlSession@58d738bf]
2025-01-13 16:15:40 [http-nio-8080-exec-8] DEBUG org.mybatis.spring.SqlSessionUtils - Creating a new SqlSession
2025-01-13 16:15:40 [http-nio-8080-exec-8] DEBUG org.mybatis.spring.SqlSessionUtils - SqlSession [org.apache.ibatis.session.defaults.DefaultSqlSession@48c9c2ec] was not registered for synchronization because synchronization is not active
2025-01-13 16:15:40 [http-nio-8080-exec-8] DEBUG o.m.s.t.SpringManagedTransaction - JDBC Connection [HikariProxyConnection@1779453698 wrapping com.mysql.cj.jdbc.ConnectionImpl@2f55317c] will not be managed by Spring
2025-01-13 16:15:40 [http-nio-8080-exec-8] DEBUG c.s.d.m.CommonMapper.selectLnbList - ==>  Preparing: SELECT CT_LNB_IDX AS ctLnbIdx, CT_LNB_ID AS ctLnbId, CT_LNB_NAME AS ctLnbName, CT_LNB_SUB_YN AS ctLnbSubYn, CT_LNB_URL AS ctLnbUrl, CT_LNB_USE_YN AS ctLnbUseYn FROM CT_LNB WHERE CT_LNB_USE_YN = 'Y' ORDER BY CT_LNB_IDX
2025-01-13 16:15:40 [http-nio-8080-exec-8] DEBUG c.s.d.m.CommonMapper.selectLnbList - ==> Parameters: 
2025-01-13 16:15:40 [http-nio-8080-exec-8] DEBUG c.s.d.m.CommonMapper.selectLnbList - <==      Total: 4
2025-01-13 16:15:40 [http-nio-8080-exec-8] DEBUG org.mybatis.spring.SqlSessionUtils - Closing non transactional SqlSession [org.apache.ibatis.session.defaults.DefaultSqlSession@48c9c2ec]
2025-01-13 16:15:40 [http-nio-8080-exec-7] DEBUG org.mybatis.spring.SqlSessionUtils - Creating a new SqlSession
2025-01-13 16:15:40 [http-nio-8080-exec-7] DEBUG org.mybatis.spring.SqlSessionUtils - SqlSession [org.apache.ibatis.session.defaults.DefaultSqlSession@4afb72e7] was not registered for synchronization because synchronization is not active
2025-01-13 16:15:40 [http-nio-8080-exec-7] DEBUG o.m.s.t.SpringManagedTransaction - JDBC Connection [HikariProxyConnection@247268611 wrapping com.mysql.cj.jdbc.ConnectionImpl@202516a8] will not be managed by Spring
2025-01-13 16:15:40 [http-nio-8080-exec-7] DEBUG c.s.d.m.C.selectLnbSubList - ==>  Preparing: SELECT CT_LNB_SUB_IDX AS ctLnbSubIdx, CT_LNB_ID AS ctLnbId, CT_LNB_SUB_ID AS ctLnbSubId, CT_LNB_SUB_NAME AS ctLnbSubName, CT_LNB_SUB_URL AS ctLnbSubUrl FROM CT_LNB_SUB WHERE CT_LNB_ID = ? ORDER BY CT_LNB_SUB_IDX
2025-01-13 16:15:40 [http-nio-8080-exec-7] DEBUG c.s.d.m.C.selectLnbSubList - ==> Parameters: CT_LNB_COMPANY(String)
2025-01-13 16:15:40 [http-nio-8080-exec-7] DEBUG c.s.d.m.C.selectLnbSubList - <==      Total: 1
2025-01-13 16:15:40 [http-nio-8080-exec-7] DEBUG org.mybatis.spring.SqlSessionUtils - Closing non transactional SqlSession [org.apache.ibatis.session.defaults.DefaultSqlSession@4afb72e7]
2025-01-13 16:15:40 [http-nio-8080-exec-6] DEBUG org.mybatis.spring.SqlSessionUtils - Creating a new SqlSession
2025-01-13 16:15:40 [http-nio-8080-exec-1] DEBUG org.mybatis.spring.SqlSessionUtils - Creating a new SqlSession
2025-01-13 16:15:40 [http-nio-8080-exec-6] DEBUG org.mybatis.spring.SqlSessionUtils - SqlSession [org.apache.ibatis.session.defaults.DefaultSqlSession@7bce427e] was not registered for synchronization because synchronization is not active
2025-01-13 16:15:40 [http-nio-8080-exec-1] DEBUG org.mybatis.spring.SqlSessionUtils - SqlSession [org.apache.ibatis.session.defaults.DefaultSqlSession@4c1050db] was not registered for synchronization because synchronization is not active
2025-01-13 16:15:40 [http-nio-8080-exec-6] DEBUG o.m.s.t.SpringManagedTransaction - JDBC Connection [HikariProxyConnection@1173491307 wrapping com.mysql.cj.jdbc.ConnectionImpl@2f55317c] will not be managed by Spring
2025-01-13 16:15:40 [http-nio-8080-exec-6] DEBUG c.s.d.m.C.selectLnbSubList - ==>  Preparing: SELECT CT_LNB_SUB_IDX AS ctLnbSubIdx, CT_LNB_ID AS ctLnbId, CT_LNB_SUB_ID AS ctLnbSubId, CT_LNB_SUB_NAME AS ctLnbSubName, CT_LNB_SUB_URL AS ctLnbSubUrl FROM CT_LNB_SUB WHERE CT_LNB_ID = ? ORDER BY CT_LNB_SUB_IDX
2025-01-13 16:15:40 [http-nio-8080-exec-6] DEBUG c.s.d.m.C.selectLnbSubList - ==> Parameters: CT_LNB_SERVICE(String)
2025-01-13 16:15:40 [http-nio-8080-exec-1] DEBUG o.m.s.t.SpringManagedTransaction - JDBC Connection [HikariProxyConnection@249236700 wrapping com.mysql.cj.jdbc.ConnectionImpl@1b176bb] will not be managed by Spring
2025-01-13 16:15:40 [http-nio-8080-exec-1] DEBUG c.s.d.m.C.selectLnbSubList - ==>  Preparing: SELECT CT_LNB_SUB_IDX AS ctLnbSubIdx, CT_LNB_ID AS ctLnbId, CT_LNB_SUB_ID AS ctLnbSubId, CT_LNB_SUB_NAME AS ctLnbSubName, CT_LNB_SUB_URL AS ctLnbSubUrl FROM CT_LNB_SUB WHERE CT_LNB_ID = ? ORDER BY CT_LNB_SUB_IDX
2025-01-13 16:15:40 [http-nio-8080-exec-5] DEBUG org.mybatis.spring.SqlSessionUtils - Creating a new SqlSession
2025-01-13 16:15:40 [http-nio-8080-exec-5] DEBUG org.mybatis.spring.SqlSessionUtils - SqlSession [org.apache.ibatis.session.defaults.DefaultSqlSession@84f803a] was not registered for synchronization because synchronization is not active
2025-01-13 16:15:40 [http-nio-8080-exec-5] DEBUG o.m.s.t.SpringManagedTransaction - JDBC Connection [HikariProxyConnection@387637795 wrapping com.mysql.cj.jdbc.ConnectionImpl@202516a8] will not be managed by Spring
2025-01-13 16:15:40 [http-nio-8080-exec-5] DEBUG c.s.d.m.C.selectLnbSubList - ==>  Preparing: SELECT CT_LNB_SUB_IDX AS ctLnbSubIdx, CT_LNB_ID AS ctLnbId, CT_LNB_SUB_ID AS ctLnbSubId, CT_LNB_SUB_NAME AS ctLnbSubName, CT_LNB_SUB_URL AS ctLnbSubUrl FROM CT_LNB_SUB WHERE CT_LNB_ID = ? ORDER BY CT_LNB_SUB_IDX
2025-01-13 16:15:40 [http-nio-8080-exec-1] DEBUG c.s.d.m.C.selectLnbSubList - ==> Parameters: CT_LNB_CONTACT(String)
2025-01-13 16:15:40 [http-nio-8080-exec-5] DEBUG c.s.d.m.C.selectLnbSubList - ==> Parameters: CT_LNB_COMPANY(String)
2025-01-13 16:15:40 [http-nio-8080-exec-5] DEBUG c.s.d.m.C.selectLnbSubList - <==      Total: 1
2025-01-13 16:15:40 [http-nio-8080-exec-6] DEBUG c.s.d.m.C.selectLnbSubList - <==      Total: 4
2025-01-13 16:15:40 [http-nio-8080-exec-1] DEBUG c.s.d.m.C.selectLnbSubList - <==      Total: 2
2025-01-13 16:15:40 [http-nio-8080-exec-6] DEBUG org.mybatis.spring.SqlSessionUtils - Closing non transactional SqlSession [org.apache.ibatis.session.defaults.DefaultSqlSession@7bce427e]
2025-01-13 16:15:40 [http-nio-8080-exec-1] DEBUG org.mybatis.spring.SqlSessionUtils - Closing non transactional SqlSession [org.apache.ibatis.session.defaults.DefaultSqlSession@4c1050db]
2025-01-13 16:15:40 [http-nio-8080-exec-5] DEBUG org.mybatis.spring.SqlSessionUtils - Closing non transactional SqlSession [org.apache.ibatis.session.defaults.DefaultSqlSession@84f803a]
2025-01-13 16:15:40 [http-nio-8080-exec-4] DEBUG org.mybatis.spring.SqlSessionUtils - Creating a new SqlSession
2025-01-13 16:15:40 [http-nio-8080-exec-10] DEBUG org.mybatis.spring.SqlSessionUtils - Creating a new SqlSession
2025-01-13 16:15:40 [http-nio-8080-exec-4] DEBUG org.mybatis.spring.SqlSessionUtils - SqlSession [org.apache.ibatis.session.defaults.DefaultSqlSession@2f1daed9] was not registered for synchronization because synchronization is not active
2025-01-13 16:15:40 [http-nio-8080-exec-10] DEBUG org.mybatis.spring.SqlSessionUtils - SqlSession [org.apache.ibatis.session.defaults.DefaultSqlSession@46756395] was not registered for synchronization because synchronization is not active
2025-01-13 16:15:40 [http-nio-8080-exec-4] DEBUG o.m.s.t.SpringManagedTransaction - JDBC Connection [HikariProxyConnection@1324251461 wrapping com.mysql.cj.jdbc.ConnectionImpl@2f55317c] will not be managed by Spring
2025-01-13 16:15:40 [http-nio-8080-exec-4] DEBUG c.s.d.m.C.selectLnbSubList - ==>  Preparing: SELECT CT_LNB_SUB_IDX AS ctLnbSubIdx, CT_LNB_ID AS ctLnbId, CT_LNB_SUB_ID AS ctLnbSubId, CT_LNB_SUB_NAME AS ctLnbSubName, CT_LNB_SUB_URL AS ctLnbSubUrl FROM CT_LNB_SUB WHERE CT_LNB_ID = ? ORDER BY CT_LNB_SUB_IDX
2025-01-13 16:15:40 [http-nio-8080-exec-4] DEBUG c.s.d.m.C.selectLnbSubList - ==> Parameters: CT_LNB_SERVICE(String)
2025-01-13 16:15:40 [http-nio-8080-exec-10] DEBUG o.m.s.t.SpringManagedTransaction - JDBC Connection [HikariProxyConnection@71075948 wrapping com.mysql.cj.jdbc.ConnectionImpl@4e92d0f1] will not be managed by Spring
2025-01-13 16:15:40 [http-nio-8080-exec-10] DEBUG c.s.d.m.C.selectLnbSubList - ==>  Preparing: SELECT CT_LNB_SUB_IDX AS ctLnbSubIdx, CT_LNB_ID AS ctLnbId, CT_LNB_SUB_ID AS ctLnbSubId, CT_LNB_SUB_NAME AS ctLnbSubName, CT_LNB_SUB_URL AS ctLnbSubUrl FROM CT_LNB_SUB WHERE CT_LNB_ID = ? ORDER BY CT_LNB_SUB_IDX
2025-01-13 16:15:40 [http-nio-8080-exec-10] DEBUG c.s.d.m.C.selectLnbSubList - ==> Parameters: CT_LNB_CONTACT(String)
2025-01-13 16:15:40 [http-nio-8080-exec-4] DEBUG c.s.d.m.C.selectLnbSubList - <==      Total: 4
2025-01-13 16:15:40 [http-nio-8080-exec-10] DEBUG c.s.d.m.C.selectLnbSubList - <==      Total: 2
2025-01-13 16:15:40 [http-nio-8080-exec-4] DEBUG org.mybatis.spring.SqlSessionUtils - Closing non transactional SqlSession [org.apache.ibatis.session.defaults.DefaultSqlSession@2f1daed9]
2025-01-13 16:15:40 [http-nio-8080-exec-10] DEBUG org.mybatis.spring.SqlSessionUtils - Closing non transactional SqlSession [org.apache.ibatis.session.defaults.DefaultSqlSession@46756395]
2025-01-13 16:15:59 [http-nio-8080-exec-8] WARN  o.t.s.p.AbstractStandardFragmentInsertionTagProcessor - [THYMELEAF][http-nio-8080-exec-8][common/layout/layout] Deprecated unwrapped fragment expression "common/fragments/header::header" found in template common/layout/layout, line 33, col 10. Please use the complete syntax of fragment expressions instead ("~{common/fragments/header::header}"). The old, unwrapped syntax for fragment expressions will be removed in future versions of Thymeleaf.
2025-01-13 16:15:59 [http-nio-8080-exec-8] WARN  o.t.s.p.AbstractStandardFragmentInsertionTagProcessor - [THYMELEAF][http-nio-8080-exec-8][common/layout/layout] Deprecated unwrapped fragment expression "common/fragments/footer::footer" found in template common/layout/layout, line 37, col 10. Please use the complete syntax of fragment expressions instead ("~{common/fragments/footer::footer}"). The old, unwrapped syntax for fragment expressions will be removed in future versions of Thymeleaf.
2025-01-13 16:15:59 [http-nio-8080-exec-6] DEBUG org.mybatis.spring.SqlSessionUtils - Creating a new SqlSession
2025-01-13 16:15:59 [http-nio-8080-exec-6] DEBUG org.mybatis.spring.SqlSessionUtils - SqlSession [org.apache.ibatis.session.defaults.DefaultSqlSession@1ebbaad8] was not registered for synchronization because synchronization is not active
2025-01-13 16:15:59 [http-nio-8080-exec-6] DEBUG o.m.s.t.SpringManagedTransaction - JDBC Connection [HikariProxyConnection@1273982514 wrapping com.mysql.cj.jdbc.ConnectionImpl@2f55317c] will not be managed by Spring
2025-01-13 16:15:59 [http-nio-8080-exec-6] DEBUG c.s.d.m.CommonMapper.selectLnbList - ==>  Preparing: SELECT CT_LNB_IDX AS ctLnbIdx, CT_LNB_ID AS ctLnbId, CT_LNB_NAME AS ctLnbName, CT_LNB_SUB_YN AS ctLnbSubYn, CT_LNB_URL AS ctLnbUrl, CT_LNB_USE_YN AS ctLnbUseYn FROM CT_LNB WHERE CT_LNB_USE_YN = 'Y' ORDER BY CT_LNB_IDX
2025-01-13 16:15:59 [http-nio-8080-exec-6] DEBUG c.s.d.m.CommonMapper.selectLnbList - ==> Parameters: 
2025-01-13 16:15:59 [http-nio-8080-exec-6] DEBUG c.s.d.m.CommonMapper.selectLnbList - <==      Total: 4
2025-01-13 16:15:59 [http-nio-8080-exec-6] DEBUG org.mybatis.spring.SqlSessionUtils - Closing non transactional SqlSession [org.apache.ibatis.session.defaults.DefaultSqlSession@1ebbaad8]
2025-01-13 16:15:59 [http-nio-8080-exec-10] DEBUG org.mybatis.spring.SqlSessionUtils - Creating a new SqlSession
2025-01-13 16:15:59 [http-nio-8080-exec-10] DEBUG org.mybatis.spring.SqlSessionUtils - SqlSession [org.apache.ibatis.session.defaults.DefaultSqlSession@3c590779] was not registered for synchronization because synchronization is not active
2025-01-13 16:15:59 [http-nio-8080-exec-10] DEBUG o.m.s.t.SpringManagedTransaction - JDBC Connection [HikariProxyConnection@1548130166 wrapping com.mysql.cj.jdbc.ConnectionImpl@4e92d0f1] will not be managed by Spring
2025-01-13 16:15:59 [http-nio-8080-exec-10] DEBUG c.s.d.m.CommonMapper.selectLnbList - ==>  Preparing: SELECT CT_LNB_IDX AS ctLnbIdx, CT_LNB_ID AS ctLnbId, CT_LNB_NAME AS ctLnbName, CT_LNB_SUB_YN AS ctLnbSubYn, CT_LNB_URL AS ctLnbUrl, CT_LNB_USE_YN AS ctLnbUseYn FROM CT_LNB WHERE CT_LNB_USE_YN = 'Y' ORDER BY CT_LNB_IDX
2025-01-13 16:15:59 [http-nio-8080-exec-10] DEBUG c.s.d.m.CommonMapper.selectLnbList - ==> Parameters: 
2025-01-13 16:15:59 [http-nio-8080-exec-10] DEBUG c.s.d.m.CommonMapper.selectLnbList - <==      Total: 4
2025-01-13 16:15:59 [http-nio-8080-exec-10] DEBUG org.mybatis.spring.SqlSessionUtils - Closing non transactional SqlSession [org.apache.ibatis.session.defaults.DefaultSqlSession@3c590779]
2025-01-13 16:15:59 [http-nio-8080-exec-8] DEBUG org.mybatis.spring.SqlSessionUtils - Creating a new SqlSession
2025-01-13 16:15:59 [http-nio-8080-exec-3] DEBUG org.mybatis.spring.SqlSessionUtils - Creating a new SqlSession
2025-01-13 16:15:59 [http-nio-8080-exec-9] DEBUG org.mybatis.spring.SqlSessionUtils - Creating a new SqlSession
2025-01-13 16:15:59 [http-nio-8080-exec-8] DEBUG org.mybatis.spring.SqlSessionUtils - SqlSession [org.apache.ibatis.session.defaults.DefaultSqlSession@1cc1ca4d] was not registered for synchronization because synchronization is not active
2025-01-13 16:15:59 [http-nio-8080-exec-9] DEBUG org.mybatis.spring.SqlSessionUtils - SqlSession [org.apache.ibatis.session.defaults.DefaultSqlSession@710cdac7] was not registered for synchronization because synchronization is not active
2025-01-13 16:15:59 [http-nio-8080-exec-3] DEBUG org.mybatis.spring.SqlSessionUtils - SqlSession [org.apache.ibatis.session.defaults.DefaultSqlSession@3e5021f4] was not registered for synchronization because synchronization is not active
2025-01-13 16:15:59 [http-nio-8080-exec-8] DEBUG o.m.s.t.SpringManagedTransaction - JDBC Connection [HikariProxyConnection@186106959 wrapping com.mysql.cj.jdbc.ConnectionImpl@2f55317c] will not be managed by Spring
2025-01-13 16:15:59 [http-nio-8080-exec-8] DEBUG c.s.d.m.C.selectLnbSubList - ==>  Preparing: SELECT CT_LNB_SUB_IDX AS ctLnbSubIdx, CT_LNB_ID AS ctLnbId, CT_LNB_SUB_ID AS ctLnbSubId, CT_LNB_SUB_NAME AS ctLnbSubName, CT_LNB_SUB_URL AS ctLnbSubUrl FROM CT_LNB_SUB WHERE CT_LNB_ID = ? ORDER BY CT_LNB_SUB_IDX
2025-01-13 16:15:59 [http-nio-8080-exec-8] DEBUG c.s.d.m.C.selectLnbSubList - ==> Parameters: CT_LNB_COMPANY(String)
2025-01-13 16:15:59 [http-nio-8080-exec-3] DEBUG o.m.s.t.SpringManagedTransaction - JDBC Connection [HikariProxyConnection@88028984 wrapping com.mysql.cj.jdbc.ConnectionImpl@1b176bb] will not be managed by Spring
2025-01-13 16:15:59 [http-nio-8080-exec-3] DEBUG c.s.d.m.C.selectLnbSubList - ==>  Preparing: SELECT CT_LNB_SUB_IDX AS ctLnbSubIdx, CT_LNB_ID AS ctLnbId, CT_LNB_SUB_ID AS ctLnbSubId, CT_LNB_SUB_NAME AS ctLnbSubName, CT_LNB_SUB_URL AS ctLnbSubUrl FROM CT_LNB_SUB WHERE CT_LNB_ID = ? ORDER BY CT_LNB_SUB_IDX
2025-01-13 16:15:59 [http-nio-8080-exec-9] DEBUG o.m.s.t.SpringManagedTransaction - JDBC Connection [HikariProxyConnection@773983271 wrapping com.mysql.cj.jdbc.ConnectionImpl@202516a8] will not be managed by Spring
2025-01-13 16:15:59 [http-nio-8080-exec-9] DEBUG c.s.d.m.C.selectLnbSubList - ==>  Preparing: SELECT CT_LNB_SUB_IDX AS ctLnbSubIdx, CT_LNB_ID AS ctLnbId, CT_LNB_SUB_ID AS ctLnbSubId, CT_LNB_SUB_NAME AS ctLnbSubName, CT_LNB_SUB_URL AS ctLnbSubUrl FROM CT_LNB_SUB WHERE CT_LNB_ID = ? ORDER BY CT_LNB_SUB_IDX
2025-01-13 16:15:59 [http-nio-8080-exec-3] DEBUG c.s.d.m.C.selectLnbSubList - ==> Parameters: CT_LNB_SERVICE(String)
2025-01-13 16:15:59 [http-nio-8080-exec-9] DEBUG c.s.d.m.C.selectLnbSubList - ==> Parameters: CT_LNB_CONTACT(String)
2025-01-13 16:15:59 [http-nio-8080-exec-9] DEBUG c.s.d.m.C.selectLnbSubList - <==      Total: 2
2025-01-13 16:15:59 [http-nio-8080-exec-3] DEBUG c.s.d.m.C.selectLnbSubList - <==      Total: 4
2025-01-13 16:15:59 [http-nio-8080-exec-8] DEBUG c.s.d.m.C.selectLnbSubList - <==      Total: 1
2025-01-13 16:15:59 [http-nio-8080-exec-3] DEBUG org.mybatis.spring.SqlSessionUtils - Closing non transactional SqlSession [org.apache.ibatis.session.defaults.DefaultSqlSession@3e5021f4]
2025-01-13 16:15:59 [http-nio-8080-exec-9] DEBUG org.mybatis.spring.SqlSessionUtils - Closing non transactional SqlSession [org.apache.ibatis.session.defaults.DefaultSqlSession@710cdac7]
2025-01-13 16:15:59 [http-nio-8080-exec-8] DEBUG org.mybatis.spring.SqlSessionUtils - Closing non transactional SqlSession [org.apache.ibatis.session.defaults.DefaultSqlSession@1cc1ca4d]
2025-01-13 16:15:59 [http-nio-8080-exec-7] DEBUG org.mybatis.spring.SqlSessionUtils - Creating a new SqlSession
2025-01-13 16:15:59 [http-nio-8080-exec-7] DEBUG org.mybatis.spring.SqlSessionUtils - SqlSession [org.apache.ibatis.session.defaults.DefaultSqlSession@559164c0] was not registered for synchronization because synchronization is not active
2025-01-13 16:15:59 [http-nio-8080-exec-7] DEBUG o.m.s.t.SpringManagedTransaction - JDBC Connection [HikariProxyConnection@68007851 wrapping com.mysql.cj.jdbc.ConnectionImpl@202516a8] will not be managed by Spring
2025-01-13 16:15:59 [http-nio-8080-exec-7] DEBUG c.s.d.m.C.selectLnbSubList - ==>  Preparing: SELECT CT_LNB_SUB_IDX AS ctLnbSubIdx, CT_LNB_ID AS ctLnbId, CT_LNB_SUB_ID AS ctLnbSubId, CT_LNB_SUB_NAME AS ctLnbSubName, CT_LNB_SUB_URL AS ctLnbSubUrl FROM CT_LNB_SUB WHERE CT_LNB_ID = ? ORDER BY CT_LNB_SUB_IDX
2025-01-13 16:15:59 [http-nio-8080-exec-7] DEBUG c.s.d.m.C.selectLnbSubList - ==> Parameters: CT_LNB_COMPANY(String)
2025-01-13 16:15:59 [http-nio-8080-exec-7] DEBUG c.s.d.m.C.selectLnbSubList - <==      Total: 1
2025-01-13 16:15:59 [http-nio-8080-exec-7] DEBUG org.mybatis.spring.SqlSessionUtils - Closing non transactional SqlSession [org.apache.ibatis.session.defaults.DefaultSqlSession@559164c0]
2025-01-13 16:15:59 [http-nio-8080-exec-6] DEBUG org.mybatis.spring.SqlSessionUtils - Creating a new SqlSession
2025-01-13 16:15:59 [http-nio-8080-exec-1] DEBUG org.mybatis.spring.SqlSessionUtils - Creating a new SqlSession
2025-01-13 16:15:59 [http-nio-8080-exec-6] DEBUG org.mybatis.spring.SqlSessionUtils - SqlSession [org.apache.ibatis.session.defaults.DefaultSqlSession@4cdd837] was not registered for synchronization because synchronization is not active
2025-01-13 16:15:59 [http-nio-8080-exec-1] DEBUG org.mybatis.spring.SqlSessionUtils - SqlSession [org.apache.ibatis.session.defaults.DefaultSqlSession@6d94fcf7] was not registered for synchronization because synchronization is not active
2025-01-13 16:15:59 [http-nio-8080-exec-6] DEBUG o.m.s.t.SpringManagedTransaction - JDBC Connection [HikariProxyConnection@1197694748 wrapping com.mysql.cj.jdbc.ConnectionImpl@2f55317c] will not be managed by Spring
2025-01-13 16:15:59 [http-nio-8080-exec-1] DEBUG o.m.s.t.SpringManagedTransaction - JDBC Connection [HikariProxyConnection@258030326 wrapping com.mysql.cj.jdbc.ConnectionImpl@1b176bb] will not be managed by Spring
2025-01-13 16:15:59 [http-nio-8080-exec-6] DEBUG c.s.d.m.C.selectLnbSubList - ==>  Preparing: SELECT CT_LNB_SUB_IDX AS ctLnbSubIdx, CT_LNB_ID AS ctLnbId, CT_LNB_SUB_ID AS ctLnbSubId, CT_LNB_SUB_NAME AS ctLnbSubName, CT_LNB_SUB_URL AS ctLnbSubUrl FROM CT_LNB_SUB WHERE CT_LNB_ID = ? ORDER BY CT_LNB_SUB_IDX
2025-01-13 16:15:59 [http-nio-8080-exec-1] DEBUG c.s.d.m.C.selectLnbSubList - ==>  Preparing: SELECT CT_LNB_SUB_IDX AS ctLnbSubIdx, CT_LNB_ID AS ctLnbId, CT_LNB_SUB_ID AS ctLnbSubId, CT_LNB_SUB_NAME AS ctLnbSubName, CT_LNB_SUB_URL AS ctLnbSubUrl FROM CT_LNB_SUB WHERE CT_LNB_ID = ? ORDER BY CT_LNB_SUB_IDX
2025-01-13 16:15:59 [http-nio-8080-exec-6] DEBUG c.s.d.m.C.selectLnbSubList - ==> Parameters: CT_LNB_CONTACT(String)
2025-01-13 16:15:59 [http-nio-8080-exec-1] DEBUG c.s.d.m.C.selectLnbSubList - ==> Parameters: CT_LNB_SERVICE(String)
2025-01-13 16:15:59 [http-nio-8080-exec-6] DEBUG c.s.d.m.C.selectLnbSubList - <==      Total: 2
2025-01-13 16:15:59 [http-nio-8080-exec-1] DEBUG c.s.d.m.C.selectLnbSubList - <==      Total: 4
2025-01-13 16:15:59 [http-nio-8080-exec-6] DEBUG org.mybatis.spring.SqlSessionUtils - Closing non transactional SqlSession [org.apache.ibatis.session.defaults.DefaultSqlSession@4cdd837]
2025-01-13 16:15:59 [http-nio-8080-exec-1] DEBUG org.mybatis.spring.SqlSessionUtils - Closing non transactional SqlSession [org.apache.ibatis.session.defaults.DefaultSqlSession@6d94fcf7]
2025-01-13 16:16:38 [http-nio-8080-exec-8] WARN  o.t.s.p.AbstractStandardFragmentInsertionTagProcessor - [THYMELEAF][http-nio-8080-exec-8][common/layout/layout] Deprecated unwrapped fragment expression "common/fragments/header::header" found in template common/layout/layout, line 33, col 10. Please use the complete syntax of fragment expressions instead ("~{common/fragments/header::header}"). The old, unwrapped syntax for fragment expressions will be removed in future versions of Thymeleaf.
2025-01-13 16:16:38 [http-nio-8080-exec-8] WARN  o.t.s.p.AbstractStandardFragmentInsertionTagProcessor - [THYMELEAF][http-nio-8080-exec-8][common/layout/layout] Deprecated unwrapped fragment expression "common/fragments/footer::footer" found in template common/layout/layout, line 37, col 10. Please use the complete syntax of fragment expressions instead ("~{common/fragments/footer::footer}"). The old, unwrapped syntax for fragment expressions will be removed in future versions of Thymeleaf.
2025-01-13 16:16:38 [http-nio-8080-exec-5] DEBUG org.mybatis.spring.SqlSessionUtils - Creating a new SqlSession
2025-01-13 16:16:38 [http-nio-8080-exec-5] DEBUG org.mybatis.spring.SqlSessionUtils - SqlSession [org.apache.ibatis.session.defaults.DefaultSqlSession@79ed7e6a] was not registered for synchronization because synchronization is not active
2025-01-13 16:16:38 [http-nio-8080-exec-5] DEBUG o.m.s.t.SpringManagedTransaction - JDBC Connection [HikariProxyConnection@2056528869 wrapping com.mysql.cj.jdbc.ConnectionImpl@202516a8] will not be managed by Spring
2025-01-13 16:16:38 [http-nio-8080-exec-5] DEBUG c.s.d.m.CommonMapper.selectLnbList - ==>  Preparing: SELECT CT_LNB_IDX AS ctLnbIdx, CT_LNB_ID AS ctLnbId, CT_LNB_NAME AS ctLnbName, CT_LNB_SUB_YN AS ctLnbSubYn, CT_LNB_URL AS ctLnbUrl, CT_LNB_USE_YN AS ctLnbUseYn FROM CT_LNB WHERE CT_LNB_USE_YN = 'Y' ORDER BY CT_LNB_IDX
2025-01-13 16:16:38 [http-nio-8080-exec-5] DEBUG c.s.d.m.CommonMapper.selectLnbList - ==> Parameters: 
2025-01-13 16:16:38 [http-nio-8080-exec-5] DEBUG c.s.d.m.CommonMapper.selectLnbList - <==      Total: 4
2025-01-13 16:16:38 [http-nio-8080-exec-5] DEBUG org.mybatis.spring.SqlSessionUtils - Closing non transactional SqlSession [org.apache.ibatis.session.defaults.DefaultSqlSession@79ed7e6a]
2025-01-13 16:16:38 [http-nio-8080-exec-6] DEBUG org.mybatis.spring.SqlSessionUtils - Creating a new SqlSession
2025-01-13 16:16:38 [http-nio-8080-exec-6] DEBUG org.mybatis.spring.SqlSessionUtils - SqlSession [org.apache.ibatis.session.defaults.DefaultSqlSession@d87a960] was not registered for synchronization because synchronization is not active
2025-01-13 16:16:38 [http-nio-8080-exec-6] DEBUG o.m.s.t.SpringManagedTransaction - JDBC Connection [HikariProxyConnection@334302011 wrapping com.mysql.cj.jdbc.ConnectionImpl@2f55317c] will not be managed by Spring
2025-01-13 16:16:38 [http-nio-8080-exec-6] DEBUG c.s.d.m.CommonMapper.selectLnbList - ==>  Preparing: SELECT CT_LNB_IDX AS ctLnbIdx, CT_LNB_ID AS ctLnbId, CT_LNB_NAME AS ctLnbName, CT_LNB_SUB_YN AS ctLnbSubYn, CT_LNB_URL AS ctLnbUrl, CT_LNB_USE_YN AS ctLnbUseYn FROM CT_LNB WHERE CT_LNB_USE_YN = 'Y' ORDER BY CT_LNB_IDX
2025-01-13 16:16:38 [http-nio-8080-exec-6] DEBUG c.s.d.m.CommonMapper.selectLnbList - ==> Parameters: 
2025-01-13 16:16:38 [http-nio-8080-exec-6] DEBUG c.s.d.m.CommonMapper.selectLnbList - <==      Total: 4
2025-01-13 16:16:38 [http-nio-8080-exec-6] DEBUG org.mybatis.spring.SqlSessionUtils - Closing non transactional SqlSession [org.apache.ibatis.session.defaults.DefaultSqlSession@d87a960]
2025-01-13 16:16:38 [http-nio-8080-exec-8] DEBUG org.mybatis.spring.SqlSessionUtils - Creating a new SqlSession
2025-01-13 16:16:38 [http-nio-8080-exec-1] DEBUG org.mybatis.spring.SqlSessionUtils - Creating a new SqlSession
2025-01-13 16:16:38 [http-nio-8080-exec-3] DEBUG org.mybatis.spring.SqlSessionUtils - Creating a new SqlSession
2025-01-13 16:16:38 [http-nio-8080-exec-8] DEBUG org.mybatis.spring.SqlSessionUtils - SqlSession [org.apache.ibatis.session.defaults.DefaultSqlSession@6d3f6e7e] was not registered for synchronization because synchronization is not active
2025-01-13 16:16:38 [http-nio-8080-exec-1] DEBUG org.mybatis.spring.SqlSessionUtils - SqlSession [org.apache.ibatis.session.defaults.DefaultSqlSession@6aa643a2] was not registered for synchronization because synchronization is not active
2025-01-13 16:16:38 [http-nio-8080-exec-3] DEBUG org.mybatis.spring.SqlSessionUtils - SqlSession [org.apache.ibatis.session.defaults.DefaultSqlSession@7fdd2c77] was not registered for synchronization because synchronization is not active
2025-01-13 16:16:38 [http-nio-8080-exec-8] DEBUG o.m.s.t.SpringManagedTransaction - JDBC Connection [HikariProxyConnection@1742403041 wrapping com.mysql.cj.jdbc.ConnectionImpl@2f55317c] will not be managed by Spring
2025-01-13 16:16:38 [http-nio-8080-exec-8] DEBUG c.s.d.m.C.selectLnbSubList - ==>  Preparing: SELECT CT_LNB_SUB_IDX AS ctLnbSubIdx, CT_LNB_ID AS ctLnbId, CT_LNB_SUB_ID AS ctLnbSubId, CT_LNB_SUB_NAME AS ctLnbSubName, CT_LNB_SUB_URL AS ctLnbSubUrl FROM CT_LNB_SUB WHERE CT_LNB_ID = ? ORDER BY CT_LNB_SUB_IDX
2025-01-13 16:16:38 [http-nio-8080-exec-3] DEBUG o.m.s.t.SpringManagedTransaction - JDBC Connection [HikariProxyConnection@1996207855 wrapping com.mysql.cj.jdbc.ConnectionImpl@202516a8] will not be managed by Spring
2025-01-13 16:16:38 [http-nio-8080-exec-3] DEBUG c.s.d.m.C.selectLnbSubList - ==>  Preparing: SELECT CT_LNB_SUB_IDX AS ctLnbSubIdx, CT_LNB_ID AS ctLnbId, CT_LNB_SUB_ID AS ctLnbSubId, CT_LNB_SUB_NAME AS ctLnbSubName, CT_LNB_SUB_URL AS ctLnbSubUrl FROM CT_LNB_SUB WHERE CT_LNB_ID = ? ORDER BY CT_LNB_SUB_IDX
2025-01-13 16:16:38 [http-nio-8080-exec-8] DEBUG c.s.d.m.C.selectLnbSubList - ==> Parameters: CT_LNB_COMPANY(String)
2025-01-13 16:16:38 [http-nio-8080-exec-3] DEBUG c.s.d.m.C.selectLnbSubList - ==> Parameters: CT_LNB_SERVICE(String)
2025-01-13 16:16:38 [http-nio-8080-exec-1] DEBUG o.m.s.t.SpringManagedTransaction - JDBC Connection [HikariProxyConnection@1764818940 wrapping com.mysql.cj.jdbc.ConnectionImpl@1b176bb] will not be managed by Spring
2025-01-13 16:16:38 [http-nio-8080-exec-1] DEBUG c.s.d.m.C.selectLnbSubList - ==>  Preparing: SELECT CT_LNB_SUB_IDX AS ctLnbSubIdx, CT_LNB_ID AS ctLnbId, CT_LNB_SUB_ID AS ctLnbSubId, CT_LNB_SUB_NAME AS ctLnbSubName, CT_LNB_SUB_URL AS ctLnbSubUrl FROM CT_LNB_SUB WHERE CT_LNB_ID = ? ORDER BY CT_LNB_SUB_IDX
2025-01-13 16:16:38 [http-nio-8080-exec-1] DEBUG c.s.d.m.C.selectLnbSubList - ==> Parameters: CT_LNB_CONTACT(String)
2025-01-13 16:16:38 [http-nio-8080-exec-8] DEBUG c.s.d.m.C.selectLnbSubList - <==      Total: 1
2025-01-13 16:16:38 [http-nio-8080-exec-3] DEBUG c.s.d.m.C.selectLnbSubList - <==      Total: 4
2025-01-13 16:16:38 [http-nio-8080-exec-1] DEBUG c.s.d.m.C.selectLnbSubList - <==      Total: 2
2025-01-13 16:16:38 [http-nio-8080-exec-3] DEBUG org.mybatis.spring.SqlSessionUtils - Closing non transactional SqlSession [org.apache.ibatis.session.defaults.DefaultSqlSession@7fdd2c77]
2025-01-13 16:16:38 [http-nio-8080-exec-8] DEBUG org.mybatis.spring.SqlSessionUtils - Closing non transactional SqlSession [org.apache.ibatis.session.defaults.DefaultSqlSession@6d3f6e7e]
2025-01-13 16:16:38 [http-nio-8080-exec-1] DEBUG org.mybatis.spring.SqlSessionUtils - Closing non transactional SqlSession [org.apache.ibatis.session.defaults.DefaultSqlSession@6aa643a2]
2025-01-13 16:16:38 [http-nio-8080-exec-5] DEBUG org.mybatis.spring.SqlSessionUtils - Creating a new SqlSession
2025-01-13 16:16:38 [http-nio-8080-exec-7] DEBUG org.mybatis.spring.SqlSessionUtils - Creating a new SqlSession
2025-01-13 16:16:38 [http-nio-8080-exec-5] DEBUG org.mybatis.spring.SqlSessionUtils - SqlSession [org.apache.ibatis.session.defaults.DefaultSqlSession@1146ad4b] was not registered for synchronization because synchronization is not active
2025-01-13 16:16:38 [http-nio-8080-exec-7] DEBUG org.mybatis.spring.SqlSessionUtils - SqlSession [org.apache.ibatis.session.defaults.DefaultSqlSession@718bb6b3] was not registered for synchronization because synchronization is not active
2025-01-13 16:16:38 [http-nio-8080-exec-10] DEBUG org.mybatis.spring.SqlSessionUtils - Creating a new SqlSession
2025-01-13 16:16:38 [http-nio-8080-exec-10] DEBUG org.mybatis.spring.SqlSessionUtils - SqlSession [org.apache.ibatis.session.defaults.DefaultSqlSession@2d0feb03] was not registered for synchronization because synchronization is not active
2025-01-13 16:16:38 [http-nio-8080-exec-5] DEBUG o.m.s.t.SpringManagedTransaction - JDBC Connection [HikariProxyConnection@55222055 wrapping com.mysql.cj.jdbc.ConnectionImpl@202516a8] will not be managed by Spring
2025-01-13 16:16:38 [http-nio-8080-exec-7] DEBUG o.m.s.t.SpringManagedTransaction - JDBC Connection [HikariProxyConnection@1907669801 wrapping com.mysql.cj.jdbc.ConnectionImpl@2f55317c] will not be managed by Spring
2025-01-13 16:16:38 [http-nio-8080-exec-5] DEBUG c.s.d.m.C.selectLnbSubList - ==>  Preparing: SELECT CT_LNB_SUB_IDX AS ctLnbSubIdx, CT_LNB_ID AS ctLnbId, CT_LNB_SUB_ID AS ctLnbSubId, CT_LNB_SUB_NAME AS ctLnbSubName, CT_LNB_SUB_URL AS ctLnbSubUrl FROM CT_LNB_SUB WHERE CT_LNB_ID = ? ORDER BY CT_LNB_SUB_IDX
2025-01-13 16:16:38 [http-nio-8080-exec-7] DEBUG c.s.d.m.C.selectLnbSubList - ==>  Preparing: SELECT CT_LNB_SUB_IDX AS ctLnbSubIdx, CT_LNB_ID AS ctLnbId, CT_LNB_SUB_ID AS ctLnbSubId, CT_LNB_SUB_NAME AS ctLnbSubName, CT_LNB_SUB_URL AS ctLnbSubUrl FROM CT_LNB_SUB WHERE CT_LNB_ID = ? ORDER BY CT_LNB_SUB_IDX
2025-01-13 16:16:38 [http-nio-8080-exec-5] DEBUG c.s.d.m.C.selectLnbSubList - ==> Parameters: CT_LNB_CONTACT(String)
2025-01-13 16:16:38 [http-nio-8080-exec-7] DEBUG c.s.d.m.C.selectLnbSubList - ==> Parameters: CT_LNB_SERVICE(String)
2025-01-13 16:16:38 [http-nio-8080-exec-10] DEBUG o.m.s.t.SpringManagedTransaction - JDBC Connection [HikariProxyConnection@1522040301 wrapping com.mysql.cj.jdbc.ConnectionImpl@4e92d0f1] will not be managed by Spring
2025-01-13 16:16:38 [http-nio-8080-exec-10] DEBUG c.s.d.m.C.selectLnbSubList - ==>  Preparing: SELECT CT_LNB_SUB_IDX AS ctLnbSubIdx, CT_LNB_ID AS ctLnbId, CT_LNB_SUB_ID AS ctLnbSubId, CT_LNB_SUB_NAME AS ctLnbSubName, CT_LNB_SUB_URL AS ctLnbSubUrl FROM CT_LNB_SUB WHERE CT_LNB_ID = ? ORDER BY CT_LNB_SUB_IDX
2025-01-13 16:16:38 [http-nio-8080-exec-10] DEBUG c.s.d.m.C.selectLnbSubList - ==> Parameters: CT_LNB_COMPANY(String)
2025-01-13 16:16:38 [http-nio-8080-exec-10] DEBUG c.s.d.m.C.selectLnbSubList - <==      Total: 1
2025-01-13 16:16:38 [http-nio-8080-exec-5] DEBUG c.s.d.m.C.selectLnbSubList - <==      Total: 2
2025-01-13 16:16:38 [http-nio-8080-exec-7] DEBUG c.s.d.m.C.selectLnbSubList - <==      Total: 4
2025-01-13 16:16:38 [http-nio-8080-exec-5] DEBUG org.mybatis.spring.SqlSessionUtils - Closing non transactional SqlSession [org.apache.ibatis.session.defaults.DefaultSqlSession@1146ad4b]
2025-01-13 16:16:38 [http-nio-8080-exec-10] DEBUG org.mybatis.spring.SqlSessionUtils - Closing non transactional SqlSession [org.apache.ibatis.session.defaults.DefaultSqlSession@2d0feb03]
2025-01-13 16:16:38 [http-nio-8080-exec-7] DEBUG org.mybatis.spring.SqlSessionUtils - Closing non transactional SqlSession [org.apache.ibatis.session.defaults.DefaultSqlSession@718bb6b3]
2025-01-13 16:17:22 [http-nio-8080-exec-7] WARN  o.t.s.p.AbstractStandardFragmentInsertionTagProcessor - [THYMELEAF][http-nio-8080-exec-7][common/layout/layout] Deprecated unwrapped fragment expression "common/fragments/header::header" found in template common/layout/layout, line 33, col 10. Please use the complete syntax of fragment expressions instead ("~{common/fragments/header::header}"). The old, unwrapped syntax for fragment expressions will be removed in future versions of Thymeleaf.
2025-01-13 16:17:22 [http-nio-8080-exec-7] WARN  o.t.s.p.AbstractStandardFragmentInsertionTagProcessor - [THYMELEAF][http-nio-8080-exec-7][common/layout/layout] Deprecated unwrapped fragment expression "common/fragments/footer::footer" found in template common/layout/layout, line 37, col 10. Please use the complete syntax of fragment expressions instead ("~{common/fragments/footer::footer}"). The old, unwrapped syntax for fragment expressions will be removed in future versions of Thymeleaf.
2025-01-13 16:17:22 [http-nio-8080-exec-8] DEBUG org.mybatis.spring.SqlSessionUtils - Creating a new SqlSession
2025-01-13 16:17:22 [http-nio-8080-exec-8] DEBUG org.mybatis.spring.SqlSessionUtils - SqlSession [org.apache.ibatis.session.defaults.DefaultSqlSession@50a84306] was not registered for synchronization because synchronization is not active
2025-01-13 16:17:22 [http-nio-8080-exec-8] DEBUG o.m.s.t.SpringManagedTransaction - JDBC Connection [HikariProxyConnection@695616988 wrapping com.mysql.cj.jdbc.ConnectionImpl@2f55317c] will not be managed by Spring
2025-01-13 16:17:22 [http-nio-8080-exec-8] DEBUG c.s.d.m.CommonMapper.selectLnbList - ==>  Preparing: SELECT CT_LNB_IDX AS ctLnbIdx, CT_LNB_ID AS ctLnbId, CT_LNB_NAME AS ctLnbName, CT_LNB_SUB_YN AS ctLnbSubYn, CT_LNB_URL AS ctLnbUrl, CT_LNB_USE_YN AS ctLnbUseYn FROM CT_LNB WHERE CT_LNB_USE_YN = 'Y' ORDER BY CT_LNB_IDX
2025-01-13 16:17:22 [http-nio-8080-exec-8] DEBUG c.s.d.m.CommonMapper.selectLnbList - ==> Parameters: 
2025-01-13 16:17:22 [http-nio-8080-exec-8] DEBUG c.s.d.m.CommonMapper.selectLnbList - <==      Total: 4
2025-01-13 16:17:22 [http-nio-8080-exec-8] DEBUG org.mybatis.spring.SqlSessionUtils - Closing non transactional SqlSession [org.apache.ibatis.session.defaults.DefaultSqlSession@50a84306]
2025-01-13 16:17:22 [http-nio-8080-exec-10] DEBUG org.mybatis.spring.SqlSessionUtils - Creating a new SqlSession
2025-01-13 16:17:22 [http-nio-8080-exec-10] DEBUG org.mybatis.spring.SqlSessionUtils - SqlSession [org.apache.ibatis.session.defaults.DefaultSqlSession@3fd06af5] was not registered for synchronization because synchronization is not active
2025-01-13 16:17:22 [http-nio-8080-exec-10] DEBUG o.m.s.t.SpringManagedTransaction - JDBC Connection [HikariProxyConnection@268468860 wrapping com.mysql.cj.jdbc.ConnectionImpl@4e92d0f1] will not be managed by Spring
2025-01-13 16:17:22 [http-nio-8080-exec-10] DEBUG c.s.d.m.CommonMapper.selectLnbList - ==>  Preparing: SELECT CT_LNB_IDX AS ctLnbIdx, CT_LNB_ID AS ctLnbId, CT_LNB_NAME AS ctLnbName, CT_LNB_SUB_YN AS ctLnbSubYn, CT_LNB_URL AS ctLnbUrl, CT_LNB_USE_YN AS ctLnbUseYn FROM CT_LNB WHERE CT_LNB_USE_YN = 'Y' ORDER BY CT_LNB_IDX
2025-01-13 16:17:22 [http-nio-8080-exec-10] DEBUG c.s.d.m.CommonMapper.selectLnbList - ==> Parameters: 
2025-01-13 16:17:22 [http-nio-8080-exec-10] DEBUG c.s.d.m.CommonMapper.selectLnbList - <==      Total: 4
2025-01-13 16:17:22 [http-nio-8080-exec-10] DEBUG org.mybatis.spring.SqlSessionUtils - Closing non transactional SqlSession [org.apache.ibatis.session.defaults.DefaultSqlSession@3fd06af5]
2025-01-13 16:17:22 [http-nio-8080-exec-4] DEBUG org.mybatis.spring.SqlSessionUtils - Creating a new SqlSession
2025-01-13 16:17:22 [http-nio-8080-exec-6] DEBUG org.mybatis.spring.SqlSessionUtils - Creating a new SqlSession
2025-01-13 16:17:22 [http-nio-8080-exec-5] DEBUG org.mybatis.spring.SqlSessionUtils - Creating a new SqlSession
2025-01-13 16:17:22 [http-nio-8080-exec-4] DEBUG org.mybatis.spring.SqlSessionUtils - SqlSession [org.apache.ibatis.session.defaults.DefaultSqlSession@58d53aff] was not registered for synchronization because synchronization is not active
2025-01-13 16:17:22 [http-nio-8080-exec-6] DEBUG org.mybatis.spring.SqlSessionUtils - SqlSession [org.apache.ibatis.session.defaults.DefaultSqlSession@5c68ba3c] was not registered for synchronization because synchronization is not active
2025-01-13 16:17:22 [http-nio-8080-exec-5] DEBUG org.mybatis.spring.SqlSessionUtils - SqlSession [org.apache.ibatis.session.defaults.DefaultSqlSession@50608aeb] was not registered for synchronization because synchronization is not active
2025-01-13 16:17:22 [http-nio-8080-exec-4] DEBUG o.m.s.t.SpringManagedTransaction - JDBC Connection [HikariProxyConnection@1559514593 wrapping com.mysql.cj.jdbc.ConnectionImpl@2f55317c] will not be managed by Spring
2025-01-13 16:17:22 [http-nio-8080-exec-4] DEBUG c.s.d.m.C.selectLnbSubList - ==>  Preparing: SELECT CT_LNB_SUB_IDX AS ctLnbSubIdx, CT_LNB_ID AS ctLnbId, CT_LNB_SUB_ID AS ctLnbSubId, CT_LNB_SUB_NAME AS ctLnbSubName, CT_LNB_SUB_URL AS ctLnbSubUrl FROM CT_LNB_SUB WHERE CT_LNB_ID = ? ORDER BY CT_LNB_SUB_IDX
2025-01-13 16:17:22 [http-nio-8080-exec-4] DEBUG c.s.d.m.C.selectLnbSubList - ==> Parameters: CT_LNB_SERVICE(String)
2025-01-13 16:17:22 [http-nio-8080-exec-5] DEBUG o.m.s.t.SpringManagedTransaction - JDBC Connection [HikariProxyConnection@1485826136 wrapping com.mysql.cj.jdbc.ConnectionImpl@202516a8] will not be managed by Spring
2025-01-13 16:17:22 [http-nio-8080-exec-6] DEBUG o.m.s.t.SpringManagedTransaction - JDBC Connection [HikariProxyConnection@1087198876 wrapping com.mysql.cj.jdbc.ConnectionImpl@1b176bb] will not be managed by Spring
2025-01-13 16:17:22 [http-nio-8080-exec-5] DEBUG c.s.d.m.C.selectLnbSubList - ==>  Preparing: SELECT CT_LNB_SUB_IDX AS ctLnbSubIdx, CT_LNB_ID AS ctLnbId, CT_LNB_SUB_ID AS ctLnbSubId, CT_LNB_SUB_NAME AS ctLnbSubName, CT_LNB_SUB_URL AS ctLnbSubUrl FROM CT_LNB_SUB WHERE CT_LNB_ID = ? ORDER BY CT_LNB_SUB_IDX
2025-01-13 16:17:22 [http-nio-8080-exec-6] DEBUG c.s.d.m.C.selectLnbSubList - ==>  Preparing: SELECT CT_LNB_SUB_IDX AS ctLnbSubIdx, CT_LNB_ID AS ctLnbId, CT_LNB_SUB_ID AS ctLnbSubId, CT_LNB_SUB_NAME AS ctLnbSubName, CT_LNB_SUB_URL AS ctLnbSubUrl FROM CT_LNB_SUB WHERE CT_LNB_ID = ? ORDER BY CT_LNB_SUB_IDX
2025-01-13 16:17:22 [http-nio-8080-exec-5] DEBUG c.s.d.m.C.selectLnbSubList - ==> Parameters: CT_LNB_COMPANY(String)
2025-01-13 16:17:22 [http-nio-8080-exec-6] DEBUG c.s.d.m.C.selectLnbSubList - ==> Parameters: CT_LNB_CONTACT(String)
2025-01-13 16:17:22 [http-nio-8080-exec-5] DEBUG c.s.d.m.C.selectLnbSubList - <==      Total: 1
2025-01-13 16:17:22 [http-nio-8080-exec-4] DEBUG c.s.d.m.C.selectLnbSubList - <==      Total: 4
2025-01-13 16:17:22 [http-nio-8080-exec-6] DEBUG c.s.d.m.C.selectLnbSubList - <==      Total: 2
2025-01-13 16:17:22 [http-nio-8080-exec-4] DEBUG org.mybatis.spring.SqlSessionUtils - Closing non transactional SqlSession [org.apache.ibatis.session.defaults.DefaultSqlSession@58d53aff]
2025-01-13 16:17:22 [http-nio-8080-exec-6] DEBUG org.mybatis.spring.SqlSessionUtils - Closing non transactional SqlSession [org.apache.ibatis.session.defaults.DefaultSqlSession@5c68ba3c]
2025-01-13 16:17:22 [http-nio-8080-exec-5] DEBUG org.mybatis.spring.SqlSessionUtils - Closing non transactional SqlSession [org.apache.ibatis.session.defaults.DefaultSqlSession@50608aeb]
2025-01-13 16:17:22 [http-nio-8080-exec-2] DEBUG org.mybatis.spring.SqlSessionUtils - Creating a new SqlSession
2025-01-13 16:17:22 [http-nio-8080-exec-3] DEBUG org.mybatis.spring.SqlSessionUtils - Creating a new SqlSession
2025-01-13 16:17:22 [http-nio-8080-exec-9] DEBUG org.mybatis.spring.SqlSessionUtils - Creating a new SqlSession
2025-01-13 16:17:22 [http-nio-8080-exec-2] DEBUG org.mybatis.spring.SqlSessionUtils - SqlSession [org.apache.ibatis.session.defaults.DefaultSqlSession@24e25912] was not registered for synchronization because synchronization is not active
2025-01-13 16:17:22 [http-nio-8080-exec-9] DEBUG org.mybatis.spring.SqlSessionUtils - SqlSession [org.apache.ibatis.session.defaults.DefaultSqlSession@7cbe9309] was not registered for synchronization because synchronization is not active
2025-01-13 16:17:22 [http-nio-8080-exec-3] DEBUG org.mybatis.spring.SqlSessionUtils - SqlSession [org.apache.ibatis.session.defaults.DefaultSqlSession@2f9907e8] was not registered for synchronization because synchronization is not active
2025-01-13 16:17:22 [http-nio-8080-exec-3] DEBUG o.m.s.t.SpringManagedTransaction - JDBC Connection [HikariProxyConnection@1036830404 wrapping com.mysql.cj.jdbc.ConnectionImpl@2f55317c] will not be managed by Spring
2025-01-13 16:17:22 [http-nio-8080-exec-9] DEBUG o.m.s.t.SpringManagedTransaction - JDBC Connection [HikariProxyConnection@754389048 wrapping com.mysql.cj.jdbc.ConnectionImpl@1b176bb] will not be managed by Spring
2025-01-13 16:17:22 [http-nio-8080-exec-2] DEBUG o.m.s.t.SpringManagedTransaction - JDBC Connection [HikariProxyConnection@769410017 wrapping com.mysql.cj.jdbc.ConnectionImpl@202516a8] will not be managed by Spring
2025-01-13 16:17:22 [http-nio-8080-exec-3] DEBUG c.s.d.m.C.selectLnbSubList - ==>  Preparing: SELECT CT_LNB_SUB_IDX AS ctLnbSubIdx, CT_LNB_ID AS ctLnbId, CT_LNB_SUB_ID AS ctLnbSubId, CT_LNB_SUB_NAME AS ctLnbSubName, CT_LNB_SUB_URL AS ctLnbSubUrl FROM CT_LNB_SUB WHERE CT_LNB_ID = ? ORDER BY CT_LNB_SUB_IDX
2025-01-13 16:17:22 [http-nio-8080-exec-9] DEBUG c.s.d.m.C.selectLnbSubList - ==>  Preparing: SELECT CT_LNB_SUB_IDX AS ctLnbSubIdx, CT_LNB_ID AS ctLnbId, CT_LNB_SUB_ID AS ctLnbSubId, CT_LNB_SUB_NAME AS ctLnbSubName, CT_LNB_SUB_URL AS ctLnbSubUrl FROM CT_LNB_SUB WHERE CT_LNB_ID = ? ORDER BY CT_LNB_SUB_IDX
2025-01-13 16:17:22 [http-nio-8080-exec-2] DEBUG c.s.d.m.C.selectLnbSubList - ==>  Preparing: SELECT CT_LNB_SUB_IDX AS ctLnbSubIdx, CT_LNB_ID AS ctLnbId, CT_LNB_SUB_ID AS ctLnbSubId, CT_LNB_SUB_NAME AS ctLnbSubName, CT_LNB_SUB_URL AS ctLnbSubUrl FROM CT_LNB_SUB WHERE CT_LNB_ID = ? ORDER BY CT_LNB_SUB_IDX
2025-01-13 16:17:22 [http-nio-8080-exec-2] DEBUG c.s.d.m.C.selectLnbSubList - ==> Parameters: CT_LNB_COMPANY(String)
2025-01-13 16:17:22 [http-nio-8080-exec-9] DEBUG c.s.d.m.C.selectLnbSubList - ==> Parameters: CT_LNB_SERVICE(String)
2025-01-13 16:17:22 [http-nio-8080-exec-3] DEBUG c.s.d.m.C.selectLnbSubList - ==> Parameters: CT_LNB_CONTACT(String)
2025-01-13 16:17:22 [http-nio-8080-exec-2] DEBUG c.s.d.m.C.selectLnbSubList - <==      Total: 1
2025-01-13 16:17:22 [http-nio-8080-exec-3] DEBUG c.s.d.m.C.selectLnbSubList - <==      Total: 2
2025-01-13 16:17:22 [http-nio-8080-exec-2] DEBUG org.mybatis.spring.SqlSessionUtils - Closing non transactional SqlSession [org.apache.ibatis.session.defaults.DefaultSqlSession@24e25912]
2025-01-13 16:17:22 [http-nio-8080-exec-9] DEBUG c.s.d.m.C.selectLnbSubList - <==      Total: 4
2025-01-13 16:17:22 [http-nio-8080-exec-3] DEBUG org.mybatis.spring.SqlSessionUtils - Closing non transactional SqlSession [org.apache.ibatis.session.defaults.DefaultSqlSession@2f9907e8]
2025-01-13 16:17:22 [http-nio-8080-exec-9] DEBUG org.mybatis.spring.SqlSessionUtils - Closing non transactional SqlSession [org.apache.ibatis.session.defaults.DefaultSqlSession@7cbe9309]
2025-01-13 16:17:28 [http-nio-8080-exec-7] WARN  o.t.s.p.AbstractStandardFragmentInsertionTagProcessor - [THYMELEAF][http-nio-8080-exec-7][common/layout/layout] Deprecated unwrapped fragment expression "common/fragments/header::header" found in template common/layout/layout, line 33, col 10. Please use the complete syntax of fragment expressions instead ("~{common/fragments/header::header}"). The old, unwrapped syntax for fragment expressions will be removed in future versions of Thymeleaf.
2025-01-13 16:17:28 [http-nio-8080-exec-7] WARN  o.t.s.p.AbstractStandardFragmentInsertionTagProcessor - [THYMELEAF][http-nio-8080-exec-7][common/layout/layout] Deprecated unwrapped fragment expression "common/fragments/footer::footer" found in template common/layout/layout, line 37, col 10. Please use the complete syntax of fragment expressions instead ("~{common/fragments/footer::footer}"). The old, unwrapped syntax for fragment expressions will be removed in future versions of Thymeleaf.
2025-01-13 16:17:29 [http-nio-8080-exec-8] DEBUG org.mybatis.spring.SqlSessionUtils - Creating a new SqlSession
2025-01-13 16:17:29 [http-nio-8080-exec-8] DEBUG org.mybatis.spring.SqlSessionUtils - SqlSession [org.apache.ibatis.session.defaults.DefaultSqlSession@7bafd516] was not registered for synchronization because synchronization is not active
2025-01-13 16:17:29 [http-nio-8080-exec-8] DEBUG o.m.s.t.SpringManagedTransaction - JDBC Connection [HikariProxyConnection@1626093338 wrapping com.mysql.cj.jdbc.ConnectionImpl@2f55317c] will not be managed by Spring
2025-01-13 16:17:29 [http-nio-8080-exec-8] DEBUG c.s.d.m.CommonMapper.selectLnbList - ==>  Preparing: SELECT CT_LNB_IDX AS ctLnbIdx, CT_LNB_ID AS ctLnbId, CT_LNB_NAME AS ctLnbName, CT_LNB_SUB_YN AS ctLnbSubYn, CT_LNB_URL AS ctLnbUrl, CT_LNB_USE_YN AS ctLnbUseYn FROM CT_LNB WHERE CT_LNB_USE_YN = 'Y' ORDER BY CT_LNB_IDX
2025-01-13 16:17:29 [http-nio-8080-exec-8] DEBUG c.s.d.m.CommonMapper.selectLnbList - ==> Parameters: 
2025-01-13 16:17:29 [http-nio-8080-exec-8] DEBUG c.s.d.m.CommonMapper.selectLnbList - <==      Total: 4
2025-01-13 16:17:29 [http-nio-8080-exec-8] DEBUG org.mybatis.spring.SqlSessionUtils - Closing non transactional SqlSession [org.apache.ibatis.session.defaults.DefaultSqlSession@7bafd516]
2025-01-13 16:17:29 [http-nio-8080-exec-10] DEBUG org.mybatis.spring.SqlSessionUtils - Creating a new SqlSession
2025-01-13 16:17:29 [http-nio-8080-exec-10] DEBUG org.mybatis.spring.SqlSessionUtils - SqlSession [org.apache.ibatis.session.defaults.DefaultSqlSession@5392bbff] was not registered for synchronization because synchronization is not active
2025-01-13 16:17:29 [http-nio-8080-exec-10] DEBUG o.m.s.t.SpringManagedTransaction - JDBC Connection [HikariProxyConnection@1192611987 wrapping com.mysql.cj.jdbc.ConnectionImpl@4e92d0f1] will not be managed by Spring
2025-01-13 16:17:29 [http-nio-8080-exec-10] DEBUG c.s.d.m.CommonMapper.selectLnbList - ==>  Preparing: SELECT CT_LNB_IDX AS ctLnbIdx, CT_LNB_ID AS ctLnbId, CT_LNB_NAME AS ctLnbName, CT_LNB_SUB_YN AS ctLnbSubYn, CT_LNB_URL AS ctLnbUrl, CT_LNB_USE_YN AS ctLnbUseYn FROM CT_LNB WHERE CT_LNB_USE_YN = 'Y' ORDER BY CT_LNB_IDX
2025-01-13 16:17:29 [http-nio-8080-exec-10] DEBUG c.s.d.m.CommonMapper.selectLnbList - ==> Parameters: 
2025-01-13 16:17:29 [http-nio-8080-exec-10] DEBUG c.s.d.m.CommonMapper.selectLnbList - <==      Total: 4
2025-01-13 16:17:29 [http-nio-8080-exec-10] DEBUG org.mybatis.spring.SqlSessionUtils - Closing non transactional SqlSession [org.apache.ibatis.session.defaults.DefaultSqlSession@5392bbff]
2025-01-13 16:17:29 [http-nio-8080-exec-4] DEBUG org.mybatis.spring.SqlSessionUtils - Creating a new SqlSession
2025-01-13 16:17:29 [http-nio-8080-exec-6] DEBUG org.mybatis.spring.SqlSessionUtils - Creating a new SqlSession
2025-01-13 16:17:29 [http-nio-8080-exec-4] DEBUG org.mybatis.spring.SqlSessionUtils - SqlSession [org.apache.ibatis.session.defaults.DefaultSqlSession@7132afe8] was not registered for synchronization because synchronization is not active
2025-01-13 16:17:29 [http-nio-8080-exec-6] DEBUG org.mybatis.spring.SqlSessionUtils - SqlSession [org.apache.ibatis.session.defaults.DefaultSqlSession@59e776f1] was not registered for synchronization because synchronization is not active
2025-01-13 16:17:29 [http-nio-8080-exec-4] DEBUG o.m.s.t.SpringManagedTransaction - JDBC Connection [HikariProxyConnection@265781098 wrapping com.mysql.cj.jdbc.ConnectionImpl@2f55317c] will not be managed by Spring
2025-01-13 16:17:29 [http-nio-8080-exec-5] DEBUG org.mybatis.spring.SqlSessionUtils - Creating a new SqlSession
2025-01-13 16:17:29 [http-nio-8080-exec-4] DEBUG c.s.d.m.C.selectLnbSubList - ==>  Preparing: SELECT CT_LNB_SUB_IDX AS ctLnbSubIdx, CT_LNB_ID AS ctLnbId, CT_LNB_SUB_ID AS ctLnbSubId, CT_LNB_SUB_NAME AS ctLnbSubName, CT_LNB_SUB_URL AS ctLnbSubUrl FROM CT_LNB_SUB WHERE CT_LNB_ID = ? ORDER BY CT_LNB_SUB_IDX
2025-01-13 16:17:29 [http-nio-8080-exec-5] DEBUG org.mybatis.spring.SqlSessionUtils - SqlSession [org.apache.ibatis.session.defaults.DefaultSqlSession@6e68c160] was not registered for synchronization because synchronization is not active
2025-01-13 16:17:29 [http-nio-8080-exec-4] DEBUG c.s.d.m.C.selectLnbSubList - ==> Parameters: CT_LNB_SERVICE(String)
2025-01-13 16:17:29 [http-nio-8080-exec-5] DEBUG o.m.s.t.SpringManagedTransaction - JDBC Connection [HikariProxyConnection@1233271261 wrapping com.mysql.cj.jdbc.ConnectionImpl@202516a8] will not be managed by Spring
2025-01-13 16:17:29 [http-nio-8080-exec-6] DEBUG o.m.s.t.SpringManagedTransaction - JDBC Connection [HikariProxyConnection@1941222119 wrapping com.mysql.cj.jdbc.ConnectionImpl@1b176bb] will not be managed by Spring
2025-01-13 16:17:29 [http-nio-8080-exec-5] DEBUG c.s.d.m.C.selectLnbSubList - ==>  Preparing: SELECT CT_LNB_SUB_IDX AS ctLnbSubIdx, CT_LNB_ID AS ctLnbId, CT_LNB_SUB_ID AS ctLnbSubId, CT_LNB_SUB_NAME AS ctLnbSubName, CT_LNB_SUB_URL AS ctLnbSubUrl FROM CT_LNB_SUB WHERE CT_LNB_ID = ? ORDER BY CT_LNB_SUB_IDX
2025-01-13 16:17:29 [http-nio-8080-exec-6] DEBUG c.s.d.m.C.selectLnbSubList - ==>  Preparing: SELECT CT_LNB_SUB_IDX AS ctLnbSubIdx, CT_LNB_ID AS ctLnbId, CT_LNB_SUB_ID AS ctLnbSubId, CT_LNB_SUB_NAME AS ctLnbSubName, CT_LNB_SUB_URL AS ctLnbSubUrl FROM CT_LNB_SUB WHERE CT_LNB_ID = ? ORDER BY CT_LNB_SUB_IDX
2025-01-13 16:17:29 [http-nio-8080-exec-5] DEBUG c.s.d.m.C.selectLnbSubList - ==> Parameters: CT_LNB_CONTACT(String)
2025-01-13 16:17:29 [http-nio-8080-exec-6] DEBUG c.s.d.m.C.selectLnbSubList - ==> Parameters: CT_LNB_COMPANY(String)
2025-01-13 16:17:29 [http-nio-8080-exec-5] DEBUG c.s.d.m.C.selectLnbSubList - <==      Total: 2
2025-01-13 16:17:29 [http-nio-8080-exec-4] DEBUG c.s.d.m.C.selectLnbSubList - <==      Total: 4
2025-01-13 16:17:29 [http-nio-8080-exec-6] DEBUG c.s.d.m.C.selectLnbSubList - <==      Total: 1
2025-01-13 16:17:29 [http-nio-8080-exec-5] DEBUG org.mybatis.spring.SqlSessionUtils - Closing non transactional SqlSession [org.apache.ibatis.session.defaults.DefaultSqlSession@6e68c160]
2025-01-13 16:17:29 [http-nio-8080-exec-4] DEBUG org.mybatis.spring.SqlSessionUtils - Closing non transactional SqlSession [org.apache.ibatis.session.defaults.DefaultSqlSession@7132afe8]
2025-01-13 16:17:29 [http-nio-8080-exec-6] DEBUG org.mybatis.spring.SqlSessionUtils - Closing non transactional SqlSession [org.apache.ibatis.session.defaults.DefaultSqlSession@59e776f1]
2025-01-13 16:17:29 [http-nio-8080-exec-9] DEBUG org.mybatis.spring.SqlSessionUtils - Creating a new SqlSession
2025-01-13 16:17:29 [http-nio-8080-exec-3] DEBUG org.mybatis.spring.SqlSessionUtils - Creating a new SqlSession
2025-01-13 16:17:29 [http-nio-8080-exec-7] DEBUG org.mybatis.spring.SqlSessionUtils - Creating a new SqlSession
2025-01-13 16:17:29 [http-nio-8080-exec-3] DEBUG org.mybatis.spring.SqlSessionUtils - SqlSession [org.apache.ibatis.session.defaults.DefaultSqlSession@4d23702f] was not registered for synchronization because synchronization is not active
2025-01-13 16:17:29 [http-nio-8080-exec-7] DEBUG org.mybatis.spring.SqlSessionUtils - SqlSession [org.apache.ibatis.session.defaults.DefaultSqlSession@7bc40f19] was not registered for synchronization because synchronization is not active
2025-01-13 16:17:29 [http-nio-8080-exec-9] DEBUG org.mybatis.spring.SqlSessionUtils - SqlSession [org.apache.ibatis.session.defaults.DefaultSqlSession@29e22c44] was not registered for synchronization because synchronization is not active
2025-01-13 16:17:29 [http-nio-8080-exec-7] DEBUG o.m.s.t.SpringManagedTransaction - JDBC Connection [HikariProxyConnection@254401652 wrapping com.mysql.cj.jdbc.ConnectionImpl@2f55317c] will not be managed by Spring
2025-01-13 16:17:29 [http-nio-8080-exec-9] DEBUG o.m.s.t.SpringManagedTransaction - JDBC Connection [HikariProxyConnection@1023446928 wrapping com.mysql.cj.jdbc.ConnectionImpl@1b176bb] will not be managed by Spring
2025-01-13 16:17:29 [http-nio-8080-exec-3] DEBUG o.m.s.t.SpringManagedTransaction - JDBC Connection [HikariProxyConnection@377644457 wrapping com.mysql.cj.jdbc.ConnectionImpl@202516a8] will not be managed by Spring
2025-01-13 16:17:29 [http-nio-8080-exec-9] DEBUG c.s.d.m.C.selectLnbSubList - ==>  Preparing: SELECT CT_LNB_SUB_IDX AS ctLnbSubIdx, CT_LNB_ID AS ctLnbId, CT_LNB_SUB_ID AS ctLnbSubId, CT_LNB_SUB_NAME AS ctLnbSubName, CT_LNB_SUB_URL AS ctLnbSubUrl FROM CT_LNB_SUB WHERE CT_LNB_ID = ? ORDER BY CT_LNB_SUB_IDX
2025-01-13 16:17:29 [http-nio-8080-exec-7] DEBUG c.s.d.m.C.selectLnbSubList - ==>  Preparing: SELECT CT_LNB_SUB_IDX AS ctLnbSubIdx, CT_LNB_ID AS ctLnbId, CT_LNB_SUB_ID AS ctLnbSubId, CT_LNB_SUB_NAME AS ctLnbSubName, CT_LNB_SUB_URL AS ctLnbSubUrl FROM CT_LNB_SUB WHERE CT_LNB_ID = ? ORDER BY CT_LNB_SUB_IDX
2025-01-13 16:17:29 [http-nio-8080-exec-3] DEBUG c.s.d.m.C.selectLnbSubList - ==>  Preparing: SELECT CT_LNB_SUB_IDX AS ctLnbSubIdx, CT_LNB_ID AS ctLnbId, CT_LNB_SUB_ID AS ctLnbSubId, CT_LNB_SUB_NAME AS ctLnbSubName, CT_LNB_SUB_URL AS ctLnbSubUrl FROM CT_LNB_SUB WHERE CT_LNB_ID = ? ORDER BY CT_LNB_SUB_IDX
2025-01-13 16:17:29 [http-nio-8080-exec-3] DEBUG c.s.d.m.C.selectLnbSubList - ==> Parameters: CT_LNB_SERVICE(String)
2025-01-13 16:17:29 [http-nio-8080-exec-7] DEBUG c.s.d.m.C.selectLnbSubList - ==> Parameters: CT_LNB_CONTACT(String)
2025-01-13 16:17:29 [http-nio-8080-exec-9] DEBUG c.s.d.m.C.selectLnbSubList - ==> Parameters: CT_LNB_COMPANY(String)
2025-01-13 16:17:29 [http-nio-8080-exec-7] DEBUG c.s.d.m.C.selectLnbSubList - <==      Total: 2
2025-01-13 16:17:29 [http-nio-8080-exec-3] DEBUG c.s.d.m.C.selectLnbSubList - <==      Total: 4
2025-01-13 16:17:29 [http-nio-8080-exec-9] DEBUG c.s.d.m.C.selectLnbSubList - <==      Total: 1
2025-01-13 16:17:29 [http-nio-8080-exec-7] DEBUG org.mybatis.spring.SqlSessionUtils - Closing non transactional SqlSession [org.apache.ibatis.session.defaults.DefaultSqlSession@7bc40f19]
2025-01-13 16:17:29 [http-nio-8080-exec-3] DEBUG org.mybatis.spring.SqlSessionUtils - Closing non transactional SqlSession [org.apache.ibatis.session.defaults.DefaultSqlSession@4d23702f]
2025-01-13 16:17:29 [http-nio-8080-exec-9] DEBUG org.mybatis.spring.SqlSessionUtils - Closing non transactional SqlSession [org.apache.ibatis.session.defaults.DefaultSqlSession@29e22c44]
2025-01-13 16:17:35 [http-nio-8080-exec-2] WARN  o.t.s.p.AbstractStandardFragmentInsertionTagProcessor - [THYMELEAF][http-nio-8080-exec-2][common/layout/layout] Deprecated unwrapped fragment expression "common/fragments/header::header" found in template common/layout/layout, line 33, col 10. Please use the complete syntax of fragment expressions instead ("~{common/fragments/header::header}"). The old, unwrapped syntax for fragment expressions will be removed in future versions of Thymeleaf.
2025-01-13 16:17:35 [http-nio-8080-exec-2] WARN  o.t.s.p.AbstractStandardFragmentInsertionTagProcessor - [THYMELEAF][http-nio-8080-exec-2][common/layout/layout] Deprecated unwrapped fragment expression "common/fragments/footer::footer" found in template common/layout/layout, line 37, col 10. Please use the complete syntax of fragment expressions instead ("~{common/fragments/footer::footer}"). The old, unwrapped syntax for fragment expressions will be removed in future versions of Thymeleaf.
2025-01-13 16:17:35 [http-nio-8080-exec-8] DEBUG org.mybatis.spring.SqlSessionUtils - Creating a new SqlSession
2025-01-13 16:17:35 [http-nio-8080-exec-8] DEBUG org.mybatis.spring.SqlSessionUtils - SqlSession [org.apache.ibatis.session.defaults.DefaultSqlSession@36d290fa] was not registered for synchronization because synchronization is not active
2025-01-13 16:17:35 [http-nio-8080-exec-8] DEBUG o.m.s.t.SpringManagedTransaction - JDBC Connection [HikariProxyConnection@923215325 wrapping com.mysql.cj.jdbc.ConnectionImpl@2f55317c] will not be managed by Spring
2025-01-13 16:17:35 [http-nio-8080-exec-8] DEBUG c.s.d.m.CommonMapper.selectLnbList - ==>  Preparing: SELECT CT_LNB_IDX AS ctLnbIdx, CT_LNB_ID AS ctLnbId, CT_LNB_NAME AS ctLnbName, CT_LNB_SUB_YN AS ctLnbSubYn, CT_LNB_URL AS ctLnbUrl, CT_LNB_USE_YN AS ctLnbUseYn FROM CT_LNB WHERE CT_LNB_USE_YN = 'Y' ORDER BY CT_LNB_IDX
2025-01-13 16:17:35 [http-nio-8080-exec-8] DEBUG c.s.d.m.CommonMapper.selectLnbList - ==> Parameters: 
2025-01-13 16:17:35 [http-nio-8080-exec-8] DEBUG c.s.d.m.CommonMapper.selectLnbList - <==      Total: 4
2025-01-13 16:17:35 [http-nio-8080-exec-8] DEBUG org.mybatis.spring.SqlSessionUtils - Closing non transactional SqlSession [org.apache.ibatis.session.defaults.DefaultSqlSession@36d290fa]
2025-01-13 16:17:35 [http-nio-8080-exec-10] DEBUG org.mybatis.spring.SqlSessionUtils - Creating a new SqlSession
2025-01-13 16:17:35 [http-nio-8080-exec-10] DEBUG org.mybatis.spring.SqlSessionUtils - SqlSession [org.apache.ibatis.session.defaults.DefaultSqlSession@2f07c67e] was not registered for synchronization because synchronization is not active
2025-01-13 16:17:35 [http-nio-8080-exec-10] DEBUG o.m.s.t.SpringManagedTransaction - JDBC Connection [HikariProxyConnection@1182730821 wrapping com.mysql.cj.jdbc.ConnectionImpl@4e92d0f1] will not be managed by Spring
2025-01-13 16:17:35 [http-nio-8080-exec-10] DEBUG c.s.d.m.CommonMapper.selectLnbList - ==>  Preparing: SELECT CT_LNB_IDX AS ctLnbIdx, CT_LNB_ID AS ctLnbId, CT_LNB_NAME AS ctLnbName, CT_LNB_SUB_YN AS ctLnbSubYn, CT_LNB_URL AS ctLnbUrl, CT_LNB_USE_YN AS ctLnbUseYn FROM CT_LNB WHERE CT_LNB_USE_YN = 'Y' ORDER BY CT_LNB_IDX
2025-01-13 16:17:35 [http-nio-8080-exec-10] DEBUG c.s.d.m.CommonMapper.selectLnbList - ==> Parameters: 
2025-01-13 16:17:35 [http-nio-8080-exec-10] DEBUG c.s.d.m.CommonMapper.selectLnbList - <==      Total: 4
2025-01-13 16:17:35 [http-nio-8080-exec-10] DEBUG org.mybatis.spring.SqlSessionUtils - Closing non transactional SqlSession [org.apache.ibatis.session.defaults.DefaultSqlSession@2f07c67e]
2025-01-13 16:17:36 [http-nio-8080-exec-5] DEBUG org.mybatis.spring.SqlSessionUtils - Creating a new SqlSession
2025-01-13 16:17:36 [http-nio-8080-exec-6] DEBUG org.mybatis.spring.SqlSessionUtils - Creating a new SqlSession
2025-01-13 16:17:36 [http-nio-8080-exec-5] DEBUG org.mybatis.spring.SqlSessionUtils - SqlSession [org.apache.ibatis.session.defaults.DefaultSqlSession@5f8b77c1] was not registered for synchronization because synchronization is not active
2025-01-13 16:17:36 [http-nio-8080-exec-6] DEBUG org.mybatis.spring.SqlSessionUtils - SqlSession [org.apache.ibatis.session.defaults.DefaultSqlSession@7e8df10f] was not registered for synchronization because synchronization is not active
2025-01-13 16:17:36 [http-nio-8080-exec-4] DEBUG org.mybatis.spring.SqlSessionUtils - Creating a new SqlSession
2025-01-13 16:17:36 [http-nio-8080-exec-4] DEBUG org.mybatis.spring.SqlSessionUtils - SqlSession [org.apache.ibatis.session.defaults.DefaultSqlSession@1367a15a] was not registered for synchronization because synchronization is not active
2025-01-13 16:17:36 [http-nio-8080-exec-6] DEBUG o.m.s.t.SpringManagedTransaction - JDBC Connection [HikariProxyConnection@678971315 wrapping com.mysql.cj.jdbc.ConnectionImpl@1b176bb] will not be managed by Spring
2025-01-13 16:17:36 [http-nio-8080-exec-4] DEBUG o.m.s.t.SpringManagedTransaction - JDBC Connection [HikariProxyConnection@671064179 wrapping com.mysql.cj.jdbc.ConnectionImpl@2f55317c] will not be managed by Spring
2025-01-13 16:17:36 [http-nio-8080-exec-5] DEBUG o.m.s.t.SpringManagedTransaction - JDBC Connection [HikariProxyConnection@119529788 wrapping com.mysql.cj.jdbc.ConnectionImpl@202516a8] will not be managed by Spring
2025-01-13 16:17:36 [http-nio-8080-exec-6] DEBUG c.s.d.m.C.selectLnbSubList - ==>  Preparing: SELECT CT_LNB_SUB_IDX AS ctLnbSubIdx, CT_LNB_ID AS ctLnbId, CT_LNB_SUB_ID AS ctLnbSubId, CT_LNB_SUB_NAME AS ctLnbSubName, CT_LNB_SUB_URL AS ctLnbSubUrl FROM CT_LNB_SUB WHERE CT_LNB_ID = ? ORDER BY CT_LNB_SUB_IDX
2025-01-13 16:17:36 [http-nio-8080-exec-5] DEBUG c.s.d.m.C.selectLnbSubList - ==>  Preparing: SELECT CT_LNB_SUB_IDX AS ctLnbSubIdx, CT_LNB_ID AS ctLnbId, CT_LNB_SUB_ID AS ctLnbSubId, CT_LNB_SUB_NAME AS ctLnbSubName, CT_LNB_SUB_URL AS ctLnbSubUrl FROM CT_LNB_SUB WHERE CT_LNB_ID = ? ORDER BY CT_LNB_SUB_IDX
2025-01-13 16:17:36 [http-nio-8080-exec-4] DEBUG c.s.d.m.C.selectLnbSubList - ==>  Preparing: SELECT CT_LNB_SUB_IDX AS ctLnbSubIdx, CT_LNB_ID AS ctLnbId, CT_LNB_SUB_ID AS ctLnbSubId, CT_LNB_SUB_NAME AS ctLnbSubName, CT_LNB_SUB_URL AS ctLnbSubUrl FROM CT_LNB_SUB WHERE CT_LNB_ID = ? ORDER BY CT_LNB_SUB_IDX
2025-01-13 16:17:36 [http-nio-8080-exec-6] DEBUG c.s.d.m.C.selectLnbSubList - ==> Parameters: CT_LNB_SERVICE(String)
2025-01-13 16:17:36 [http-nio-8080-exec-5] DEBUG c.s.d.m.C.selectLnbSubList - ==> Parameters: CT_LNB_COMPANY(String)
2025-01-13 16:17:36 [http-nio-8080-exec-4] DEBUG c.s.d.m.C.selectLnbSubList - ==> Parameters: CT_LNB_CONTACT(String)
2025-01-13 16:17:36 [http-nio-8080-exec-5] DEBUG c.s.d.m.C.selectLnbSubList - <==      Total: 1
2025-01-13 16:17:36 [http-nio-8080-exec-6] DEBUG c.s.d.m.C.selectLnbSubList - <==      Total: 4
2025-01-13 16:17:36 [http-nio-8080-exec-4] DEBUG c.s.d.m.C.selectLnbSubList - <==      Total: 2
2025-01-13 16:17:36 [http-nio-8080-exec-5] DEBUG org.mybatis.spring.SqlSessionUtils - Closing non transactional SqlSession [org.apache.ibatis.session.defaults.DefaultSqlSession@5f8b77c1]
2025-01-13 16:17:36 [http-nio-8080-exec-6] DEBUG org.mybatis.spring.SqlSessionUtils - Closing non transactional SqlSession [org.apache.ibatis.session.defaults.DefaultSqlSession@7e8df10f]
2025-01-13 16:17:36 [http-nio-8080-exec-4] DEBUG org.mybatis.spring.SqlSessionUtils - Closing non transactional SqlSession [org.apache.ibatis.session.defaults.DefaultSqlSession@1367a15a]
2025-01-13 16:17:36 [http-nio-8080-exec-9] DEBUG org.mybatis.spring.SqlSessionUtils - Creating a new SqlSession
2025-01-13 16:17:36 [http-nio-8080-exec-7] DEBUG org.mybatis.spring.SqlSessionUtils - Creating a new SqlSession
2025-01-13 16:17:36 [http-nio-8080-exec-3] DEBUG org.mybatis.spring.SqlSessionUtils - Creating a new SqlSession
2025-01-13 16:17:36 [http-nio-8080-exec-9] DEBUG org.mybatis.spring.SqlSessionUtils - SqlSession [org.apache.ibatis.session.defaults.DefaultSqlSession@6922ccdd] was not registered for synchronization because synchronization is not active
2025-01-13 16:17:36 [http-nio-8080-exec-3] DEBUG org.mybatis.spring.SqlSessionUtils - SqlSession [org.apache.ibatis.session.defaults.DefaultSqlSession@404a88b8] was not registered for synchronization because synchronization is not active
2025-01-13 16:17:36 [http-nio-8080-exec-7] DEBUG org.mybatis.spring.SqlSessionUtils - SqlSession [org.apache.ibatis.session.defaults.DefaultSqlSession@2bb1d53c] was not registered for synchronization because synchronization is not active
2025-01-13 16:17:36 [http-nio-8080-exec-3] DEBUG o.m.s.t.SpringManagedTransaction - JDBC Connection [HikariProxyConnection@1172312629 wrapping com.mysql.cj.jdbc.ConnectionImpl@202516a8] will not be managed by Spring
2025-01-13 16:17:36 [http-nio-8080-exec-7] DEBUG o.m.s.t.SpringManagedTransaction - JDBC Connection [HikariProxyConnection@1790604866 wrapping com.mysql.cj.jdbc.ConnectionImpl@2f55317c] will not be managed by Spring
2025-01-13 16:17:36 [http-nio-8080-exec-9] DEBUG o.m.s.t.SpringManagedTransaction - JDBC Connection [HikariProxyConnection@1357361766 wrapping com.mysql.cj.jdbc.ConnectionImpl@1b176bb] will not be managed by Spring
2025-01-13 16:17:36 [http-nio-8080-exec-3] DEBUG c.s.d.m.C.selectLnbSubList - ==>  Preparing: SELECT CT_LNB_SUB_IDX AS ctLnbSubIdx, CT_LNB_ID AS ctLnbId, CT_LNB_SUB_ID AS ctLnbSubId, CT_LNB_SUB_NAME AS ctLnbSubName, CT_LNB_SUB_URL AS ctLnbSubUrl FROM CT_LNB_SUB WHERE CT_LNB_ID = ? ORDER BY CT_LNB_SUB_IDX
2025-01-13 16:17:36 [http-nio-8080-exec-7] DEBUG c.s.d.m.C.selectLnbSubList - ==>  Preparing: SELECT CT_LNB_SUB_IDX AS ctLnbSubIdx, CT_LNB_ID AS ctLnbId, CT_LNB_SUB_ID AS ctLnbSubId, CT_LNB_SUB_NAME AS ctLnbSubName, CT_LNB_SUB_URL AS ctLnbSubUrl FROM CT_LNB_SUB WHERE CT_LNB_ID = ? ORDER BY CT_LNB_SUB_IDX
2025-01-13 16:17:36 [http-nio-8080-exec-9] DEBUG c.s.d.m.C.selectLnbSubList - ==>  Preparing: SELECT CT_LNB_SUB_IDX AS ctLnbSubIdx, CT_LNB_ID AS ctLnbId, CT_LNB_SUB_ID AS ctLnbSubId, CT_LNB_SUB_NAME AS ctLnbSubName, CT_LNB_SUB_URL AS ctLnbSubUrl FROM CT_LNB_SUB WHERE CT_LNB_ID = ? ORDER BY CT_LNB_SUB_IDX
2025-01-13 16:17:36 [http-nio-8080-exec-3] DEBUG c.s.d.m.C.selectLnbSubList - ==> Parameters: CT_LNB_SERVICE(String)
2025-01-13 16:17:36 [http-nio-8080-exec-9] DEBUG c.s.d.m.C.selectLnbSubList - ==> Parameters: CT_LNB_CONTACT(String)
2025-01-13 16:17:36 [http-nio-8080-exec-7] DEBUG c.s.d.m.C.selectLnbSubList - ==> Parameters: CT_LNB_COMPANY(String)
2025-01-13 16:17:36 [http-nio-8080-exec-7] DEBUG c.s.d.m.C.selectLnbSubList - <==      Total: 1
2025-01-13 16:17:36 [http-nio-8080-exec-3] DEBUG c.s.d.m.C.selectLnbSubList - <==      Total: 4
2025-01-13 16:17:36 [http-nio-8080-exec-9] DEBUG c.s.d.m.C.selectLnbSubList - <==      Total: 2
2025-01-13 16:17:36 [http-nio-8080-exec-7] DEBUG org.mybatis.spring.SqlSessionUtils - Closing non transactional SqlSession [org.apache.ibatis.session.defaults.DefaultSqlSession@2bb1d53c]
2025-01-13 16:17:36 [http-nio-8080-exec-3] DEBUG org.mybatis.spring.SqlSessionUtils - Closing non transactional SqlSession [org.apache.ibatis.session.defaults.DefaultSqlSession@404a88b8]
2025-01-13 16:17:36 [http-nio-8080-exec-9] DEBUG org.mybatis.spring.SqlSessionUtils - Closing non transactional SqlSession [org.apache.ibatis.session.defaults.DefaultSqlSession@6922ccdd]
2025-01-13 16:17:41 [http-nio-8080-exec-2] WARN  o.t.s.p.AbstractStandardFragmentInsertionTagProcessor - [THYMELEAF][http-nio-8080-exec-2][common/layout/layout] Deprecated unwrapped fragment expression "common/fragments/header::header" found in template common/layout/layout, line 33, col 10. Please use the complete syntax of fragment expressions instead ("~{common/fragments/header::header}"). The old, unwrapped syntax for fragment expressions will be removed in future versions of Thymeleaf.
2025-01-13 16:17:41 [http-nio-8080-exec-2] WARN  o.t.s.p.AbstractStandardFragmentInsertionTagProcessor - [THYMELEAF][http-nio-8080-exec-2][common/layout/layout] Deprecated unwrapped fragment expression "common/fragments/footer::footer" found in template common/layout/layout, line 37, col 10. Please use the complete syntax of fragment expressions instead ("~{common/fragments/footer::footer}"). The old, unwrapped syntax for fragment expressions will be removed in future versions of Thymeleaf.
2025-01-13 16:17:41 [http-nio-8080-exec-1] DEBUG org.mybatis.spring.SqlSessionUtils - Creating a new SqlSession
2025-01-13 16:17:41 [http-nio-8080-exec-1] DEBUG org.mybatis.spring.SqlSessionUtils - SqlSession [org.apache.ibatis.session.defaults.DefaultSqlSession@1ef276b2] was not registered for synchronization because synchronization is not active
2025-01-13 16:17:41 [http-nio-8080-exec-1] DEBUG o.m.s.t.SpringManagedTransaction - JDBC Connection [HikariProxyConnection@1697329126 wrapping com.mysql.cj.jdbc.ConnectionImpl@1b176bb] will not be managed by Spring
2025-01-13 16:17:41 [http-nio-8080-exec-1] DEBUG c.s.d.m.CommonMapper.selectLnbList - ==>  Preparing: SELECT CT_LNB_IDX AS ctLnbIdx, CT_LNB_ID AS ctLnbId, CT_LNB_NAME AS ctLnbName, CT_LNB_SUB_YN AS ctLnbSubYn, CT_LNB_URL AS ctLnbUrl, CT_LNB_USE_YN AS ctLnbUseYn FROM CT_LNB WHERE CT_LNB_USE_YN = 'Y' ORDER BY CT_LNB_IDX
2025-01-13 16:17:41 [http-nio-8080-exec-1] DEBUG c.s.d.m.CommonMapper.selectLnbList - ==> Parameters: 
2025-01-13 16:17:41 [http-nio-8080-exec-1] DEBUG c.s.d.m.CommonMapper.selectLnbList - <==      Total: 4
2025-01-13 16:17:41 [http-nio-8080-exec-1] DEBUG org.mybatis.spring.SqlSessionUtils - Closing non transactional SqlSession [org.apache.ibatis.session.defaults.DefaultSqlSession@1ef276b2]
2025-01-13 16:17:41 [http-nio-8080-exec-8] DEBUG org.mybatis.spring.SqlSessionUtils - Creating a new SqlSession
2025-01-13 16:17:41 [http-nio-8080-exec-8] DEBUG org.mybatis.spring.SqlSessionUtils - SqlSession [org.apache.ibatis.session.defaults.DefaultSqlSession@2645a404] was not registered for synchronization because synchronization is not active
2025-01-13 16:17:41 [http-nio-8080-exec-8] DEBUG o.m.s.t.SpringManagedTransaction - JDBC Connection [HikariProxyConnection@685917404 wrapping com.mysql.cj.jdbc.ConnectionImpl@2f55317c] will not be managed by Spring
2025-01-13 16:17:41 [http-nio-8080-exec-8] DEBUG c.s.d.m.CommonMapper.selectLnbList - ==>  Preparing: SELECT CT_LNB_IDX AS ctLnbIdx, CT_LNB_ID AS ctLnbId, CT_LNB_NAME AS ctLnbName, CT_LNB_SUB_YN AS ctLnbSubYn, CT_LNB_URL AS ctLnbUrl, CT_LNB_USE_YN AS ctLnbUseYn FROM CT_LNB WHERE CT_LNB_USE_YN = 'Y' ORDER BY CT_LNB_IDX
2025-01-13 16:17:41 [http-nio-8080-exec-8] DEBUG c.s.d.m.CommonMapper.selectLnbList - ==> Parameters: 
2025-01-13 16:17:41 [http-nio-8080-exec-8] DEBUG c.s.d.m.CommonMapper.selectLnbList - <==      Total: 4
2025-01-13 16:17:41 [http-nio-8080-exec-8] DEBUG org.mybatis.spring.SqlSessionUtils - Closing non transactional SqlSession [org.apache.ibatis.session.defaults.DefaultSqlSession@2645a404]
2025-01-13 16:17:41 [http-nio-8080-exec-10] DEBUG org.mybatis.spring.SqlSessionUtils - Creating a new SqlSession
2025-01-13 16:17:41 [http-nio-8080-exec-5] DEBUG org.mybatis.spring.SqlSessionUtils - Creating a new SqlSession
2025-01-13 16:17:41 [http-nio-8080-exec-10] DEBUG org.mybatis.spring.SqlSessionUtils - SqlSession [org.apache.ibatis.session.defaults.DefaultSqlSession@76fb8b38] was not registered for synchronization because synchronization is not active
2025-01-13 16:17:41 [http-nio-8080-exec-5] DEBUG org.mybatis.spring.SqlSessionUtils - SqlSession [org.apache.ibatis.session.defaults.DefaultSqlSession@672d48ab] was not registered for synchronization because synchronization is not active
2025-01-13 16:17:41 [http-nio-8080-exec-4] DEBUG org.mybatis.spring.SqlSessionUtils - Creating a new SqlSession
2025-01-13 16:17:41 [http-nio-8080-exec-4] DEBUG org.mybatis.spring.SqlSessionUtils - SqlSession [org.apache.ibatis.session.defaults.DefaultSqlSession@27183d19] was not registered for synchronization because synchronization is not active
2025-01-13 16:17:41 [http-nio-8080-exec-4] DEBUG o.m.s.t.SpringManagedTransaction - JDBC Connection [HikariProxyConnection@2109668785 wrapping com.mysql.cj.jdbc.ConnectionImpl@2f55317c] will not be managed by Spring
2025-01-13 16:17:41 [http-nio-8080-exec-10] DEBUG o.m.s.t.SpringManagedTransaction - JDBC Connection [HikariProxyConnection@1214810752 wrapping com.mysql.cj.jdbc.ConnectionImpl@4e92d0f1] will not be managed by Spring
2025-01-13 16:17:41 [http-nio-8080-exec-5] DEBUG o.m.s.t.SpringManagedTransaction - JDBC Connection [HikariProxyConnection@524505971 wrapping com.mysql.cj.jdbc.ConnectionImpl@202516a8] will not be managed by Spring
2025-01-13 16:17:41 [http-nio-8080-exec-4] DEBUG c.s.d.m.C.selectLnbSubList - ==>  Preparing: SELECT CT_LNB_SUB_IDX AS ctLnbSubIdx, CT_LNB_ID AS ctLnbId, CT_LNB_SUB_ID AS ctLnbSubId, CT_LNB_SUB_NAME AS ctLnbSubName, CT_LNB_SUB_URL AS ctLnbSubUrl FROM CT_LNB_SUB WHERE CT_LNB_ID = ? ORDER BY CT_LNB_SUB_IDX
2025-01-13 16:17:41 [http-nio-8080-exec-10] DEBUG c.s.d.m.C.selectLnbSubList - ==>  Preparing: SELECT CT_LNB_SUB_IDX AS ctLnbSubIdx, CT_LNB_ID AS ctLnbId, CT_LNB_SUB_ID AS ctLnbSubId, CT_LNB_SUB_NAME AS ctLnbSubName, CT_LNB_SUB_URL AS ctLnbSubUrl FROM CT_LNB_SUB WHERE CT_LNB_ID = ? ORDER BY CT_LNB_SUB_IDX
2025-01-13 16:17:41 [http-nio-8080-exec-5] DEBUG c.s.d.m.C.selectLnbSubList - ==>  Preparing: SELECT CT_LNB_SUB_IDX AS ctLnbSubIdx, CT_LNB_ID AS ctLnbId, CT_LNB_SUB_ID AS ctLnbSubId, CT_LNB_SUB_NAME AS ctLnbSubName, CT_LNB_SUB_URL AS ctLnbSubUrl FROM CT_LNB_SUB WHERE CT_LNB_ID = ? ORDER BY CT_LNB_SUB_IDX
2025-01-13 16:17:41 [http-nio-8080-exec-4] DEBUG c.s.d.m.C.selectLnbSubList - ==> Parameters: CT_LNB_CONTACT(String)
2025-01-13 16:17:41 [http-nio-8080-exec-10] DEBUG c.s.d.m.C.selectLnbSubList - ==> Parameters: CT_LNB_COMPANY(String)
2025-01-13 16:17:41 [http-nio-8080-exec-5] DEBUG c.s.d.m.C.selectLnbSubList - ==> Parameters: CT_LNB_SERVICE(String)
2025-01-13 16:17:41 [http-nio-8080-exec-10] DEBUG c.s.d.m.C.selectLnbSubList - <==      Total: 1
2025-01-13 16:17:41 [http-nio-8080-exec-4] DEBUG c.s.d.m.C.selectLnbSubList - <==      Total: 2
2025-01-13 16:17:41 [http-nio-8080-exec-5] DEBUG c.s.d.m.C.selectLnbSubList - <==      Total: 4
2025-01-13 16:17:41 [http-nio-8080-exec-5] DEBUG org.mybatis.spring.SqlSessionUtils - Closing non transactional SqlSession [org.apache.ibatis.session.defaults.DefaultSqlSession@672d48ab]
2025-01-13 16:17:41 [http-nio-8080-exec-10] DEBUG org.mybatis.spring.SqlSessionUtils - Closing non transactional SqlSession [org.apache.ibatis.session.defaults.DefaultSqlSession@76fb8b38]
2025-01-13 16:17:41 [http-nio-8080-exec-4] DEBUG org.mybatis.spring.SqlSessionUtils - Closing non transactional SqlSession [org.apache.ibatis.session.defaults.DefaultSqlSession@27183d19]
2025-01-13 16:17:41 [http-nio-8080-exec-6] DEBUG org.mybatis.spring.SqlSessionUtils - Creating a new SqlSession
2025-01-13 16:17:41 [http-nio-8080-exec-6] DEBUG org.mybatis.spring.SqlSessionUtils - SqlSession [org.apache.ibatis.session.defaults.DefaultSqlSession@7b6ee870] was not registered for synchronization because synchronization is not active
2025-01-13 16:17:41 [http-nio-8080-exec-6] DEBUG o.m.s.t.SpringManagedTransaction - JDBC Connection [HikariProxyConnection@297893233 wrapping com.mysql.cj.jdbc.ConnectionImpl@1b176bb] will not be managed by Spring
2025-01-13 16:17:41 [http-nio-8080-exec-6] DEBUG c.s.d.m.C.selectLnbSubList - ==>  Preparing: SELECT CT_LNB_SUB_IDX AS ctLnbSubIdx, CT_LNB_ID AS ctLnbId, CT_LNB_SUB_ID AS ctLnbSubId, CT_LNB_SUB_NAME AS ctLnbSubName, CT_LNB_SUB_URL AS ctLnbSubUrl FROM CT_LNB_SUB WHERE CT_LNB_ID = ? ORDER BY CT_LNB_SUB_IDX
2025-01-13 16:17:41 [http-nio-8080-exec-6] DEBUG c.s.d.m.C.selectLnbSubList - ==> Parameters: CT_LNB_COMPANY(String)
2025-01-13 16:17:41 [http-nio-8080-exec-3] DEBUG org.mybatis.spring.SqlSessionUtils - Creating a new SqlSession
2025-01-13 16:17:41 [http-nio-8080-exec-3] DEBUG org.mybatis.spring.SqlSessionUtils - SqlSession [org.apache.ibatis.session.defaults.DefaultSqlSession@3ec3b387] was not registered for synchronization because synchronization is not active
2025-01-13 16:17:41 [http-nio-8080-exec-7] DEBUG org.mybatis.spring.SqlSessionUtils - Creating a new SqlSession
2025-01-13 16:17:41 [http-nio-8080-exec-3] DEBUG o.m.s.t.SpringManagedTransaction - JDBC Connection [HikariProxyConnection@2071424976 wrapping com.mysql.cj.jdbc.ConnectionImpl@202516a8] will not be managed by Spring
2025-01-13 16:17:41 [http-nio-8080-exec-7] DEBUG org.mybatis.spring.SqlSessionUtils - SqlSession [org.apache.ibatis.session.defaults.DefaultSqlSession@1569c972] was not registered for synchronization because synchronization is not active
2025-01-13 16:17:41 [http-nio-8080-exec-3] DEBUG c.s.d.m.C.selectLnbSubList - ==>  Preparing: SELECT CT_LNB_SUB_IDX AS ctLnbSubIdx, CT_LNB_ID AS ctLnbId, CT_LNB_SUB_ID AS ctLnbSubId, CT_LNB_SUB_NAME AS ctLnbSubName, CT_LNB_SUB_URL AS ctLnbSubUrl FROM CT_LNB_SUB WHERE CT_LNB_ID = ? ORDER BY CT_LNB_SUB_IDX
2025-01-13 16:17:41 [http-nio-8080-exec-7] DEBUG o.m.s.t.SpringManagedTransaction - JDBC Connection [HikariProxyConnection@752395771 wrapping com.mysql.cj.jdbc.ConnectionImpl@2f55317c] will not be managed by Spring
2025-01-13 16:17:41 [http-nio-8080-exec-7] DEBUG c.s.d.m.C.selectLnbSubList - ==>  Preparing: SELECT CT_LNB_SUB_IDX AS ctLnbSubIdx, CT_LNB_ID AS ctLnbId, CT_LNB_SUB_ID AS ctLnbSubId, CT_LNB_SUB_NAME AS ctLnbSubName, CT_LNB_SUB_URL AS ctLnbSubUrl FROM CT_LNB_SUB WHERE CT_LNB_ID = ? ORDER BY CT_LNB_SUB_IDX
2025-01-13 16:17:41 [http-nio-8080-exec-7] DEBUG c.s.d.m.C.selectLnbSubList - ==> Parameters: CT_LNB_CONTACT(String)
2025-01-13 16:17:41 [http-nio-8080-exec-3] DEBUG c.s.d.m.C.selectLnbSubList - ==> Parameters: CT_LNB_SERVICE(String)
2025-01-13 16:17:41 [http-nio-8080-exec-6] DEBUG c.s.d.m.C.selectLnbSubList - <==      Total: 1
2025-01-13 16:17:41 [http-nio-8080-exec-6] DEBUG org.mybatis.spring.SqlSessionUtils - Closing non transactional SqlSession [org.apache.ibatis.session.defaults.DefaultSqlSession@7b6ee870]
2025-01-13 16:17:41 [http-nio-8080-exec-7] DEBUG c.s.d.m.C.selectLnbSubList - <==      Total: 2
2025-01-13 16:17:41 [http-nio-8080-exec-3] DEBUG c.s.d.m.C.selectLnbSubList - <==      Total: 4
2025-01-13 16:17:41 [http-nio-8080-exec-7] DEBUG org.mybatis.spring.SqlSessionUtils - Closing non transactional SqlSession [org.apache.ibatis.session.defaults.DefaultSqlSession@1569c972]
2025-01-13 16:17:41 [http-nio-8080-exec-3] DEBUG org.mybatis.spring.SqlSessionUtils - Closing non transactional SqlSession [org.apache.ibatis.session.defaults.DefaultSqlSession@3ec3b387]
2025-01-13 16:17:45 [http-nio-8080-exec-2] WARN  o.t.s.p.AbstractStandardFragmentInsertionTagProcessor - [THYMELEAF][http-nio-8080-exec-2][common/layout/layout] Deprecated unwrapped fragment expression "common/fragments/header::header" found in template common/layout/layout, line 33, col 10. Please use the complete syntax of fragment expressions instead ("~{common/fragments/header::header}"). The old, unwrapped syntax for fragment expressions will be removed in future versions of Thymeleaf.
2025-01-13 16:17:45 [http-nio-8080-exec-2] WARN  o.t.s.p.AbstractStandardFragmentInsertionTagProcessor - [THYMELEAF][http-nio-8080-exec-2][common/layout/layout] Deprecated unwrapped fragment expression "common/fragments/footer::footer" found in template common/layout/layout, line 37, col 10. Please use the complete syntax of fragment expressions instead ("~{common/fragments/footer::footer}"). The old, unwrapped syntax for fragment expressions will be removed in future versions of Thymeleaf.
2025-01-13 16:17:45 [http-nio-8080-exec-5] DEBUG org.mybatis.spring.SqlSessionUtils - Creating a new SqlSession
2025-01-13 16:17:45 [http-nio-8080-exec-5] DEBUG org.mybatis.spring.SqlSessionUtils - SqlSession [org.apache.ibatis.session.defaults.DefaultSqlSession@f7c926d] was not registered for synchronization because synchronization is not active
2025-01-13 16:17:45 [http-nio-8080-exec-5] DEBUG o.m.s.t.SpringManagedTransaction - JDBC Connection [HikariProxyConnection@178360378 wrapping com.mysql.cj.jdbc.ConnectionImpl@202516a8] will not be managed by Spring
2025-01-13 16:17:45 [http-nio-8080-exec-5] DEBUG c.s.d.m.CommonMapper.selectLnbList - ==>  Preparing: SELECT CT_LNB_IDX AS ctLnbIdx, CT_LNB_ID AS ctLnbId, CT_LNB_NAME AS ctLnbName, CT_LNB_SUB_YN AS ctLnbSubYn, CT_LNB_URL AS ctLnbUrl, CT_LNB_USE_YN AS ctLnbUseYn FROM CT_LNB WHERE CT_LNB_USE_YN = 'Y' ORDER BY CT_LNB_IDX
2025-01-13 16:17:45 [http-nio-8080-exec-5] DEBUG c.s.d.m.CommonMapper.selectLnbList - ==> Parameters: 
2025-01-13 16:17:45 [http-nio-8080-exec-5] DEBUG c.s.d.m.CommonMapper.selectLnbList - <==      Total: 4
2025-01-13 16:17:45 [http-nio-8080-exec-5] DEBUG org.mybatis.spring.SqlSessionUtils - Closing non transactional SqlSession [org.apache.ibatis.session.defaults.DefaultSqlSession@f7c926d]
2025-01-13 16:17:45 [http-nio-8080-exec-4] DEBUG org.mybatis.spring.SqlSessionUtils - Creating a new SqlSession
2025-01-13 16:17:45 [http-nio-8080-exec-4] DEBUG org.mybatis.spring.SqlSessionUtils - SqlSession [org.apache.ibatis.session.defaults.DefaultSqlSession@3cd10c82] was not registered for synchronization because synchronization is not active
2025-01-13 16:17:45 [http-nio-8080-exec-4] DEBUG o.m.s.t.SpringManagedTransaction - JDBC Connection [HikariProxyConnection@906505692 wrapping com.mysql.cj.jdbc.ConnectionImpl@2f55317c] will not be managed by Spring
2025-01-13 16:17:45 [http-nio-8080-exec-4] DEBUG c.s.d.m.CommonMapper.selectLnbList - ==>  Preparing: SELECT CT_LNB_IDX AS ctLnbIdx, CT_LNB_ID AS ctLnbId, CT_LNB_NAME AS ctLnbName, CT_LNB_SUB_YN AS ctLnbSubYn, CT_LNB_URL AS ctLnbUrl, CT_LNB_USE_YN AS ctLnbUseYn FROM CT_LNB WHERE CT_LNB_USE_YN = 'Y' ORDER BY CT_LNB_IDX
2025-01-13 16:17:45 [http-nio-8080-exec-4] DEBUG c.s.d.m.CommonMapper.selectLnbList - ==> Parameters: 
2025-01-13 16:17:45 [http-nio-8080-exec-4] DEBUG c.s.d.m.CommonMapper.selectLnbList - <==      Total: 4
2025-01-13 16:17:45 [http-nio-8080-exec-4] DEBUG org.mybatis.spring.SqlSessionUtils - Closing non transactional SqlSession [org.apache.ibatis.session.defaults.DefaultSqlSession@3cd10c82]
2025-01-13 16:17:45 [http-nio-8080-exec-2] DEBUG org.mybatis.spring.SqlSessionUtils - Creating a new SqlSession
2025-01-13 16:17:45 [http-nio-8080-exec-2] DEBUG org.mybatis.spring.SqlSessionUtils - SqlSession [org.apache.ibatis.session.defaults.DefaultSqlSession@6a5216e7] was not registered for synchronization because synchronization is not active
2025-01-13 16:17:45 [http-nio-8080-exec-2] DEBUG o.m.s.t.SpringManagedTransaction - JDBC Connection [HikariProxyConnection@279096989 wrapping com.mysql.cj.jdbc.ConnectionImpl@202516a8] will not be managed by Spring
2025-01-13 16:17:45 [http-nio-8080-exec-2] DEBUG c.s.d.m.C.selectLnbSubList - ==>  Preparing: SELECT CT_LNB_SUB_IDX AS ctLnbSubIdx, CT_LNB_ID AS ctLnbId, CT_LNB_SUB_ID AS ctLnbSubId, CT_LNB_SUB_NAME AS ctLnbSubName, CT_LNB_SUB_URL AS ctLnbSubUrl FROM CT_LNB_SUB WHERE CT_LNB_ID = ? ORDER BY CT_LNB_SUB_IDX
2025-01-13 16:17:45 [http-nio-8080-exec-2] DEBUG c.s.d.m.C.selectLnbSubList - ==> Parameters: CT_LNB_COMPANY(String)
2025-01-13 16:17:45 [http-nio-8080-exec-9] DEBUG org.mybatis.spring.SqlSessionUtils - Creating a new SqlSession
2025-01-13 16:17:45 [http-nio-8080-exec-9] DEBUG org.mybatis.spring.SqlSessionUtils - SqlSession [org.apache.ibatis.session.defaults.DefaultSqlSession@40c55498] was not registered for synchronization because synchronization is not active
2025-01-13 16:17:45 [http-nio-8080-exec-1] DEBUG org.mybatis.spring.SqlSessionUtils - Creating a new SqlSession
2025-01-13 16:17:45 [http-nio-8080-exec-1] DEBUG org.mybatis.spring.SqlSessionUtils - SqlSession [org.apache.ibatis.session.defaults.DefaultSqlSession@1e837b29] was not registered for synchronization because synchronization is not active
2025-01-13 16:17:45 [http-nio-8080-exec-1] DEBUG o.m.s.t.SpringManagedTransaction - JDBC Connection [HikariProxyConnection@1131351757 wrapping com.mysql.cj.jdbc.ConnectionImpl@2f55317c] will not be managed by Spring
2025-01-13 16:17:45 [http-nio-8080-exec-1] DEBUG c.s.d.m.C.selectLnbSubList - ==>  Preparing: SELECT CT_LNB_SUB_IDX AS ctLnbSubIdx, CT_LNB_ID AS ctLnbId, CT_LNB_SUB_ID AS ctLnbSubId, CT_LNB_SUB_NAME AS ctLnbSubName, CT_LNB_SUB_URL AS ctLnbSubUrl FROM CT_LNB_SUB WHERE CT_LNB_ID = ? ORDER BY CT_LNB_SUB_IDX
2025-01-13 16:17:45 [http-nio-8080-exec-9] DEBUG o.m.s.t.SpringManagedTransaction - JDBC Connection [HikariProxyConnection@1430393922 wrapping com.mysql.cj.jdbc.ConnectionImpl@1b176bb] will not be managed by Spring
2025-01-13 16:17:45 [http-nio-8080-exec-9] DEBUG c.s.d.m.C.selectLnbSubList - ==>  Preparing: SELECT CT_LNB_SUB_IDX AS ctLnbSubIdx, CT_LNB_ID AS ctLnbId, CT_LNB_SUB_ID AS ctLnbSubId, CT_LNB_SUB_NAME AS ctLnbSubName, CT_LNB_SUB_URL AS ctLnbSubUrl FROM CT_LNB_SUB WHERE CT_LNB_ID = ? ORDER BY CT_LNB_SUB_IDX
2025-01-13 16:17:45 [http-nio-8080-exec-1] DEBUG c.s.d.m.C.selectLnbSubList - ==> Parameters: CT_LNB_CONTACT(String)
2025-01-13 16:17:45 [http-nio-8080-exec-9] DEBUG c.s.d.m.C.selectLnbSubList - ==> Parameters: CT_LNB_SERVICE(String)
2025-01-13 16:17:45 [http-nio-8080-exec-2] DEBUG c.s.d.m.C.selectLnbSubList - <==      Total: 1
2025-01-13 16:17:45 [http-nio-8080-exec-2] DEBUG org.mybatis.spring.SqlSessionUtils - Closing non transactional SqlSession [org.apache.ibatis.session.defaults.DefaultSqlSession@6a5216e7]
2025-01-13 16:17:45 [http-nio-8080-exec-1] DEBUG c.s.d.m.C.selectLnbSubList - <==      Total: 2
2025-01-13 16:17:45 [http-nio-8080-exec-9] DEBUG c.s.d.m.C.selectLnbSubList - <==      Total: 4
2025-01-13 16:17:45 [http-nio-8080-exec-1] DEBUG org.mybatis.spring.SqlSessionUtils - Closing non transactional SqlSession [org.apache.ibatis.session.defaults.DefaultSqlSession@1e837b29]
2025-01-13 16:17:45 [http-nio-8080-exec-9] DEBUG org.mybatis.spring.SqlSessionUtils - Closing non transactional SqlSession [org.apache.ibatis.session.defaults.DefaultSqlSession@40c55498]
2025-01-13 16:17:45 [http-nio-8080-exec-8] DEBUG org.mybatis.spring.SqlSessionUtils - Creating a new SqlSession
2025-01-13 16:17:45 [http-nio-8080-exec-10] DEBUG org.mybatis.spring.SqlSessionUtils - Creating a new SqlSession
2025-01-13 16:17:45 [http-nio-8080-exec-5] DEBUG org.mybatis.spring.SqlSessionUtils - Creating a new SqlSession
2025-01-13 16:17:45 [http-nio-8080-exec-10] DEBUG org.mybatis.spring.SqlSessionUtils - SqlSession [org.apache.ibatis.session.defaults.DefaultSqlSession@209891c] was not registered for synchronization because synchronization is not active
2025-01-13 16:17:45 [http-nio-8080-exec-8] DEBUG org.mybatis.spring.SqlSessionUtils - SqlSession [org.apache.ibatis.session.defaults.DefaultSqlSession@3171fdf8] was not registered for synchronization because synchronization is not active
2025-01-13 16:17:45 [http-nio-8080-exec-5] DEBUG org.mybatis.spring.SqlSessionUtils - SqlSession [org.apache.ibatis.session.defaults.DefaultSqlSession@6f2787ad] was not registered for synchronization because synchronization is not active
2025-01-13 16:17:45 [http-nio-8080-exec-8] DEBUG o.m.s.t.SpringManagedTransaction - JDBC Connection [HikariProxyConnection@2044608918 wrapping com.mysql.cj.jdbc.ConnectionImpl@2f55317c] will not be managed by Spring
2025-01-13 16:17:45 [http-nio-8080-exec-5] DEBUG o.m.s.t.SpringManagedTransaction - JDBC Connection [HikariProxyConnection@77832158 wrapping com.mysql.cj.jdbc.ConnectionImpl@202516a8] will not be managed by Spring
2025-01-13 16:17:45 [http-nio-8080-exec-8] DEBUG c.s.d.m.C.selectLnbSubList - ==>  Preparing: SELECT CT_LNB_SUB_IDX AS ctLnbSubIdx, CT_LNB_ID AS ctLnbId, CT_LNB_SUB_ID AS ctLnbSubId, CT_LNB_SUB_NAME AS ctLnbSubName, CT_LNB_SUB_URL AS ctLnbSubUrl FROM CT_LNB_SUB WHERE CT_LNB_ID = ? ORDER BY CT_LNB_SUB_IDX
2025-01-13 16:17:45 [http-nio-8080-exec-5] DEBUG c.s.d.m.C.selectLnbSubList - ==>  Preparing: SELECT CT_LNB_SUB_IDX AS ctLnbSubIdx, CT_LNB_ID AS ctLnbId, CT_LNB_SUB_ID AS ctLnbSubId, CT_LNB_SUB_NAME AS ctLnbSubName, CT_LNB_SUB_URL AS ctLnbSubUrl FROM CT_LNB_SUB WHERE CT_LNB_ID = ? ORDER BY CT_LNB_SUB_IDX
2025-01-13 16:17:45 [http-nio-8080-exec-5] DEBUG c.s.d.m.C.selectLnbSubList - ==> Parameters: CT_LNB_CONTACT(String)
2025-01-13 16:17:45 [http-nio-8080-exec-8] DEBUG c.s.d.m.C.selectLnbSubList - ==> Parameters: CT_LNB_COMPANY(String)
2025-01-13 16:17:45 [http-nio-8080-exec-10] DEBUG o.m.s.t.SpringManagedTransaction - JDBC Connection [HikariProxyConnection@910013439 wrapping com.mysql.cj.jdbc.ConnectionImpl@4e92d0f1] will not be managed by Spring
2025-01-13 16:17:45 [http-nio-8080-exec-10] DEBUG c.s.d.m.C.selectLnbSubList - ==>  Preparing: SELECT CT_LNB_SUB_IDX AS ctLnbSubIdx, CT_LNB_ID AS ctLnbId, CT_LNB_SUB_ID AS ctLnbSubId, CT_LNB_SUB_NAME AS ctLnbSubName, CT_LNB_SUB_URL AS ctLnbSubUrl FROM CT_LNB_SUB WHERE CT_LNB_ID = ? ORDER BY CT_LNB_SUB_IDX
2025-01-13 16:17:45 [http-nio-8080-exec-10] DEBUG c.s.d.m.C.selectLnbSubList - ==> Parameters: CT_LNB_SERVICE(String)
2025-01-13 16:17:45 [http-nio-8080-exec-8] DEBUG c.s.d.m.C.selectLnbSubList - <==      Total: 1
2025-01-13 16:17:45 [http-nio-8080-exec-10] DEBUG c.s.d.m.C.selectLnbSubList - <==      Total: 4
2025-01-13 16:17:45 [http-nio-8080-exec-5] DEBUG c.s.d.m.C.selectLnbSubList - <==      Total: 2
2025-01-13 16:17:45 [http-nio-8080-exec-8] DEBUG org.mybatis.spring.SqlSessionUtils - Closing non transactional SqlSession [org.apache.ibatis.session.defaults.DefaultSqlSession@3171fdf8]
2025-01-13 16:17:45 [http-nio-8080-exec-5] DEBUG org.mybatis.spring.SqlSessionUtils - Closing non transactional SqlSession [org.apache.ibatis.session.defaults.DefaultSqlSession@6f2787ad]
2025-01-13 16:17:45 [http-nio-8080-exec-10] DEBUG org.mybatis.spring.SqlSessionUtils - Closing non transactional SqlSession [org.apache.ibatis.session.defaults.DefaultSqlSession@209891c]
2025-01-13 16:17:52 [http-nio-8080-exec-4] WARN  o.t.s.p.AbstractStandardFragmentInsertionTagProcessor - [THYMELEAF][http-nio-8080-exec-4][common/layout/layout] Deprecated unwrapped fragment expression "common/fragments/header::header" found in template common/layout/layout, line 33, col 10. Please use the complete syntax of fragment expressions instead ("~{common/fragments/header::header}"). The old, unwrapped syntax for fragment expressions will be removed in future versions of Thymeleaf.
2025-01-13 16:17:52 [http-nio-8080-exec-4] WARN  o.t.s.p.AbstractStandardFragmentInsertionTagProcessor - [THYMELEAF][http-nio-8080-exec-4][common/layout/layout] Deprecated unwrapped fragment expression "common/fragments/footer::footer" found in template common/layout/layout, line 37, col 10. Please use the complete syntax of fragment expressions instead ("~{common/fragments/footer::footer}"). The old, unwrapped syntax for fragment expressions will be removed in future versions of Thymeleaf.
2025-01-13 16:17:53 [http-nio-8080-exec-3] DEBUG org.mybatis.spring.SqlSessionUtils - Creating a new SqlSession
2025-01-13 16:17:53 [http-nio-8080-exec-3] DEBUG org.mybatis.spring.SqlSessionUtils - SqlSession [org.apache.ibatis.session.defaults.DefaultSqlSession@4bc9282] was not registered for synchronization because synchronization is not active
2025-01-13 16:17:53 [http-nio-8080-exec-3] DEBUG o.m.s.t.SpringManagedTransaction - JDBC Connection [HikariProxyConnection@781553353 wrapping com.mysql.cj.jdbc.ConnectionImpl@202516a8] will not be managed by Spring
2025-01-13 16:17:53 [http-nio-8080-exec-3] DEBUG c.s.d.m.CommonMapper.selectLnbList - ==>  Preparing: SELECT CT_LNB_IDX AS ctLnbIdx, CT_LNB_ID AS ctLnbId, CT_LNB_NAME AS ctLnbName, CT_LNB_SUB_YN AS ctLnbSubYn, CT_LNB_URL AS ctLnbUrl, CT_LNB_USE_YN AS ctLnbUseYn FROM CT_LNB WHERE CT_LNB_USE_YN = 'Y' ORDER BY CT_LNB_IDX
2025-01-13 16:17:53 [http-nio-8080-exec-3] DEBUG c.s.d.m.CommonMapper.selectLnbList - ==> Parameters: 
2025-01-13 16:17:53 [http-nio-8080-exec-3] DEBUG c.s.d.m.CommonMapper.selectLnbList - <==      Total: 4
2025-01-13 16:17:53 [http-nio-8080-exec-3] DEBUG org.mybatis.spring.SqlSessionUtils - Closing non transactional SqlSession [org.apache.ibatis.session.defaults.DefaultSqlSession@4bc9282]
2025-01-13 16:17:53 [http-nio-8080-exec-6] DEBUG org.mybatis.spring.SqlSessionUtils - Creating a new SqlSession
2025-01-13 16:17:53 [http-nio-8080-exec-6] DEBUG org.mybatis.spring.SqlSessionUtils - SqlSession [org.apache.ibatis.session.defaults.DefaultSqlSession@7dc048d6] was not registered for synchronization because synchronization is not active
2025-01-13 16:17:53 [http-nio-8080-exec-6] DEBUG o.m.s.t.SpringManagedTransaction - JDBC Connection [HikariProxyConnection@1103168804 wrapping com.mysql.cj.jdbc.ConnectionImpl@1b176bb] will not be managed by Spring
2025-01-13 16:17:53 [http-nio-8080-exec-6] DEBUG c.s.d.m.CommonMapper.selectLnbList - ==>  Preparing: SELECT CT_LNB_IDX AS ctLnbIdx, CT_LNB_ID AS ctLnbId, CT_LNB_NAME AS ctLnbName, CT_LNB_SUB_YN AS ctLnbSubYn, CT_LNB_URL AS ctLnbUrl, CT_LNB_USE_YN AS ctLnbUseYn FROM CT_LNB WHERE CT_LNB_USE_YN = 'Y' ORDER BY CT_LNB_IDX
2025-01-13 16:17:53 [http-nio-8080-exec-6] DEBUG c.s.d.m.CommonMapper.selectLnbList - ==> Parameters: 
2025-01-13 16:17:53 [http-nio-8080-exec-6] DEBUG c.s.d.m.CommonMapper.selectLnbList - <==      Total: 4
2025-01-13 16:17:53 [http-nio-8080-exec-6] DEBUG org.mybatis.spring.SqlSessionUtils - Closing non transactional SqlSession [org.apache.ibatis.session.defaults.DefaultSqlSession@7dc048d6]
2025-01-13 16:17:53 [http-nio-8080-exec-7] DEBUG org.mybatis.spring.SqlSessionUtils - Creating a new SqlSession
2025-01-13 16:17:53 [http-nio-8080-exec-7] DEBUG org.mybatis.spring.SqlSessionUtils - SqlSession [org.apache.ibatis.session.defaults.DefaultSqlSession@bb91d80] was not registered for synchronization because synchronization is not active
2025-01-13 16:17:53 [http-nio-8080-exec-9] DEBUG org.mybatis.spring.SqlSessionUtils - Creating a new SqlSession
2025-01-13 16:17:53 [http-nio-8080-exec-9] DEBUG org.mybatis.spring.SqlSessionUtils - SqlSession [org.apache.ibatis.session.defaults.DefaultSqlSession@1d9b3c85] was not registered for synchronization because synchronization is not active
2025-01-13 16:17:53 [http-nio-8080-exec-9] DEBUG o.m.s.t.SpringManagedTransaction - JDBC Connection [HikariProxyConnection@1488898928 wrapping com.mysql.cj.jdbc.ConnectionImpl@1b176bb] will not be managed by Spring
2025-01-13 16:17:53 [http-nio-8080-exec-9] DEBUG c.s.d.m.C.selectLnbSubList - ==>  Preparing: SELECT CT_LNB_SUB_IDX AS ctLnbSubIdx, CT_LNB_ID AS ctLnbId, CT_LNB_SUB_ID AS ctLnbSubId, CT_LNB_SUB_NAME AS ctLnbSubName, CT_LNB_SUB_URL AS ctLnbSubUrl FROM CT_LNB_SUB WHERE CT_LNB_ID = ? ORDER BY CT_LNB_SUB_IDX
2025-01-13 16:17:53 [http-nio-8080-exec-2] DEBUG org.mybatis.spring.SqlSessionUtils - Creating a new SqlSession
2025-01-13 16:17:53 [http-nio-8080-exec-2] DEBUG org.mybatis.spring.SqlSessionUtils - SqlSession [org.apache.ibatis.session.defaults.DefaultSqlSession@1e80017d] was not registered for synchronization because synchronization is not active
2025-01-13 16:17:53 [http-nio-8080-exec-2] DEBUG o.m.s.t.SpringManagedTransaction - JDBC Connection [HikariProxyConnection@458461814 wrapping com.mysql.cj.jdbc.ConnectionImpl@202516a8] will not be managed by Spring
2025-01-13 16:17:53 [http-nio-8080-exec-2] DEBUG c.s.d.m.C.selectLnbSubList - ==>  Preparing: SELECT CT_LNB_SUB_IDX AS ctLnbSubIdx, CT_LNB_ID AS ctLnbId, CT_LNB_SUB_ID AS ctLnbSubId, CT_LNB_SUB_NAME AS ctLnbSubName, CT_LNB_SUB_URL AS ctLnbSubUrl FROM CT_LNB_SUB WHERE CT_LNB_ID = ? ORDER BY CT_LNB_SUB_IDX
2025-01-13 16:17:53 [http-nio-8080-exec-7] DEBUG o.m.s.t.SpringManagedTransaction - JDBC Connection [HikariProxyConnection@1757876457 wrapping com.mysql.cj.jdbc.ConnectionImpl@2f55317c] will not be managed by Spring
2025-01-13 16:17:53 [http-nio-8080-exec-7] DEBUG c.s.d.m.C.selectLnbSubList - ==>  Preparing: SELECT CT_LNB_SUB_IDX AS ctLnbSubIdx, CT_LNB_ID AS ctLnbId, CT_LNB_SUB_ID AS ctLnbSubId, CT_LNB_SUB_NAME AS ctLnbSubName, CT_LNB_SUB_URL AS ctLnbSubUrl FROM CT_LNB_SUB WHERE CT_LNB_ID = ? ORDER BY CT_LNB_SUB_IDX
2025-01-13 16:17:53 [http-nio-8080-exec-9] DEBUG c.s.d.m.C.selectLnbSubList - ==> Parameters: CT_LNB_SERVICE(String)
2025-01-13 16:17:53 [http-nio-8080-exec-7] DEBUG c.s.d.m.C.selectLnbSubList - ==> Parameters: CT_LNB_COMPANY(String)
2025-01-13 16:17:53 [http-nio-8080-exec-2] DEBUG c.s.d.m.C.selectLnbSubList - ==> Parameters: CT_LNB_CONTACT(String)
2025-01-13 16:17:53 [http-nio-8080-exec-2] DEBUG c.s.d.m.C.selectLnbSubList - <==      Total: 2
2025-01-13 16:17:53 [http-nio-8080-exec-7] DEBUG c.s.d.m.C.selectLnbSubList - <==      Total: 1
2025-01-13 16:17:53 [http-nio-8080-exec-9] DEBUG c.s.d.m.C.selectLnbSubList - <==      Total: 4
2025-01-13 16:17:53 [http-nio-8080-exec-2] DEBUG org.mybatis.spring.SqlSessionUtils - Closing non transactional SqlSession [org.apache.ibatis.session.defaults.DefaultSqlSession@1e80017d]
2025-01-13 16:17:53 [http-nio-8080-exec-9] DEBUG org.mybatis.spring.SqlSessionUtils - Closing non transactional SqlSession [org.apache.ibatis.session.defaults.DefaultSqlSession@1d9b3c85]
2025-01-13 16:17:53 [http-nio-8080-exec-7] DEBUG org.mybatis.spring.SqlSessionUtils - Closing non transactional SqlSession [org.apache.ibatis.session.defaults.DefaultSqlSession@bb91d80]
2025-01-13 16:17:53 [http-nio-8080-exec-1] DEBUG org.mybatis.spring.SqlSessionUtils - Creating a new SqlSession
2025-01-13 16:17:53 [http-nio-8080-exec-1] DEBUG org.mybatis.spring.SqlSessionUtils - SqlSession [org.apache.ibatis.session.defaults.DefaultSqlSession@1e87bb48] was not registered for synchronization because synchronization is not active
2025-01-13 16:17:53 [http-nio-8080-exec-1] DEBUG o.m.s.t.SpringManagedTransaction - JDBC Connection [HikariProxyConnection@631621427 wrapping com.mysql.cj.jdbc.ConnectionImpl@2f55317c] will not be managed by Spring
2025-01-13 16:17:53 [http-nio-8080-exec-1] DEBUG c.s.d.m.C.selectLnbSubList - ==>  Preparing: SELECT CT_LNB_SUB_IDX AS ctLnbSubIdx, CT_LNB_ID AS ctLnbId, CT_LNB_SUB_ID AS ctLnbSubId, CT_LNB_SUB_NAME AS ctLnbSubName, CT_LNB_SUB_URL AS ctLnbSubUrl FROM CT_LNB_SUB WHERE CT_LNB_ID = ? ORDER BY CT_LNB_SUB_IDX
2025-01-13 16:17:53 [http-nio-8080-exec-10] DEBUG org.mybatis.spring.SqlSessionUtils - Creating a new SqlSession
2025-01-13 16:17:53 [http-nio-8080-exec-8] DEBUG org.mybatis.spring.SqlSessionUtils - Creating a new SqlSession
2025-01-13 16:17:53 [http-nio-8080-exec-10] DEBUG org.mybatis.spring.SqlSessionUtils - SqlSession [org.apache.ibatis.session.defaults.DefaultSqlSession@15b8279c] was not registered for synchronization because synchronization is not active
2025-01-13 16:17:53 [http-nio-8080-exec-8] DEBUG org.mybatis.spring.SqlSessionUtils - SqlSession [org.apache.ibatis.session.defaults.DefaultSqlSession@3b609086] was not registered for synchronization because synchronization is not active
2025-01-13 16:17:53 [http-nio-8080-exec-8] DEBUG o.m.s.t.SpringManagedTransaction - JDBC Connection [HikariProxyConnection@817476749 wrapping com.mysql.cj.jdbc.ConnectionImpl@1b176bb] will not be managed by Spring
2025-01-13 16:17:53 [http-nio-8080-exec-1] DEBUG c.s.d.m.C.selectLnbSubList - ==> Parameters: CT_LNB_COMPANY(String)
2025-01-13 16:17:53 [http-nio-8080-exec-8] DEBUG c.s.d.m.C.selectLnbSubList - ==>  Preparing: SELECT CT_LNB_SUB_IDX AS ctLnbSubIdx, CT_LNB_ID AS ctLnbId, CT_LNB_SUB_ID AS ctLnbSubId, CT_LNB_SUB_NAME AS ctLnbSubName, CT_LNB_SUB_URL AS ctLnbSubUrl FROM CT_LNB_SUB WHERE CT_LNB_ID = ? ORDER BY CT_LNB_SUB_IDX
2025-01-13 16:17:53 [http-nio-8080-exec-8] DEBUG c.s.d.m.C.selectLnbSubList - ==> Parameters: CT_LNB_SERVICE(String)
2025-01-13 16:17:53 [http-nio-8080-exec-10] DEBUG o.m.s.t.SpringManagedTransaction - JDBC Connection [HikariProxyConnection@1312935071 wrapping com.mysql.cj.jdbc.ConnectionImpl@4e92d0f1] will not be managed by Spring
2025-01-13 16:17:53 [http-nio-8080-exec-10] DEBUG c.s.d.m.C.selectLnbSubList - ==>  Preparing: SELECT CT_LNB_SUB_IDX AS ctLnbSubIdx, CT_LNB_ID AS ctLnbId, CT_LNB_SUB_ID AS ctLnbSubId, CT_LNB_SUB_NAME AS ctLnbSubName, CT_LNB_SUB_URL AS ctLnbSubUrl FROM CT_LNB_SUB WHERE CT_LNB_ID = ? ORDER BY CT_LNB_SUB_IDX
2025-01-13 16:17:53 [http-nio-8080-exec-10] DEBUG c.s.d.m.C.selectLnbSubList - ==> Parameters: CT_LNB_CONTACT(String)
2025-01-13 16:17:53 [http-nio-8080-exec-1] DEBUG c.s.d.m.C.selectLnbSubList - <==      Total: 1
2025-01-13 16:17:53 [http-nio-8080-exec-10] DEBUG c.s.d.m.C.selectLnbSubList - <==      Total: 2
2025-01-13 16:17:53 [http-nio-8080-exec-8] DEBUG c.s.d.m.C.selectLnbSubList - <==      Total: 4
2025-01-13 16:17:53 [http-nio-8080-exec-10] DEBUG org.mybatis.spring.SqlSessionUtils - Closing non transactional SqlSession [org.apache.ibatis.session.defaults.DefaultSqlSession@15b8279c]
2025-01-13 16:17:53 [http-nio-8080-exec-1] DEBUG org.mybatis.spring.SqlSessionUtils - Closing non transactional SqlSession [org.apache.ibatis.session.defaults.DefaultSqlSession@1e87bb48]
2025-01-13 16:17:53 [http-nio-8080-exec-8] DEBUG org.mybatis.spring.SqlSessionUtils - Closing non transactional SqlSession [org.apache.ibatis.session.defaults.DefaultSqlSession@3b609086]
2025-01-13 16:18:00 [http-nio-8080-exec-4] WARN  o.t.s.p.AbstractStandardFragmentInsertionTagProcessor - [THYMELEAF][http-nio-8080-exec-4][common/layout/layout] Deprecated unwrapped fragment expression "common/fragments/header::header" found in template common/layout/layout, line 33, col 10. Please use the complete syntax of fragment expressions instead ("~{common/fragments/header::header}"). The old, unwrapped syntax for fragment expressions will be removed in future versions of Thymeleaf.
2025-01-13 16:18:00 [http-nio-8080-exec-4] WARN  o.t.s.p.AbstractStandardFragmentInsertionTagProcessor - [THYMELEAF][http-nio-8080-exec-4][common/layout/layout] Deprecated unwrapped fragment expression "common/fragments/footer::footer" found in template common/layout/layout, line 37, col 10. Please use the complete syntax of fragment expressions instead ("~{common/fragments/footer::footer}"). The old, unwrapped syntax for fragment expressions will be removed in future versions of Thymeleaf.
2025-01-13 16:18:00 [http-nio-8080-exec-9] DEBUG org.mybatis.spring.SqlSessionUtils - Creating a new SqlSession
2025-01-13 16:18:00 [http-nio-8080-exec-9] DEBUG org.mybatis.spring.SqlSessionUtils - SqlSession [org.apache.ibatis.session.defaults.DefaultSqlSession@6c1e4e33] was not registered for synchronization because synchronization is not active
2025-01-13 16:18:00 [http-nio-8080-exec-9] DEBUG o.m.s.t.SpringManagedTransaction - JDBC Connection [HikariProxyConnection@1112927627 wrapping com.mysql.cj.jdbc.ConnectionImpl@1b176bb] will not be managed by Spring
2025-01-13 16:18:00 [http-nio-8080-exec-9] DEBUG c.s.d.m.CommonMapper.selectLnbList - ==>  Preparing: SELECT CT_LNB_IDX AS ctLnbIdx, CT_LNB_ID AS ctLnbId, CT_LNB_NAME AS ctLnbName, CT_LNB_SUB_YN AS ctLnbSubYn, CT_LNB_URL AS ctLnbUrl, CT_LNB_USE_YN AS ctLnbUseYn FROM CT_LNB WHERE CT_LNB_USE_YN = 'Y' ORDER BY CT_LNB_IDX
2025-01-13 16:18:00 [http-nio-8080-exec-9] DEBUG c.s.d.m.CommonMapper.selectLnbList - ==> Parameters: 
2025-01-13 16:18:00 [http-nio-8080-exec-9] DEBUG c.s.d.m.CommonMapper.selectLnbList - <==      Total: 4
2025-01-13 16:18:00 [http-nio-8080-exec-9] DEBUG org.mybatis.spring.SqlSessionUtils - Closing non transactional SqlSession [org.apache.ibatis.session.defaults.DefaultSqlSession@6c1e4e33]
2025-01-13 16:18:00 [http-nio-8080-exec-7] DEBUG org.mybatis.spring.SqlSessionUtils - Creating a new SqlSession
2025-01-13 16:18:00 [http-nio-8080-exec-7] DEBUG org.mybatis.spring.SqlSessionUtils - SqlSession [org.apache.ibatis.session.defaults.DefaultSqlSession@361115d7] was not registered for synchronization because synchronization is not active
2025-01-13 16:18:00 [http-nio-8080-exec-7] DEBUG o.m.s.t.SpringManagedTransaction - JDBC Connection [HikariProxyConnection@1719733156 wrapping com.mysql.cj.jdbc.ConnectionImpl@2f55317c] will not be managed by Spring
2025-01-13 16:18:00 [http-nio-8080-exec-7] DEBUG c.s.d.m.CommonMapper.selectLnbList - ==>  Preparing: SELECT CT_LNB_IDX AS ctLnbIdx, CT_LNB_ID AS ctLnbId, CT_LNB_NAME AS ctLnbName, CT_LNB_SUB_YN AS ctLnbSubYn, CT_LNB_URL AS ctLnbUrl, CT_LNB_USE_YN AS ctLnbUseYn FROM CT_LNB WHERE CT_LNB_USE_YN = 'Y' ORDER BY CT_LNB_IDX
2025-01-13 16:18:00 [http-nio-8080-exec-7] DEBUG c.s.d.m.CommonMapper.selectLnbList - ==> Parameters: 
2025-01-13 16:18:00 [http-nio-8080-exec-7] DEBUG c.s.d.m.CommonMapper.selectLnbList - <==      Total: 4
2025-01-13 16:18:00 [http-nio-8080-exec-7] DEBUG org.mybatis.spring.SqlSessionUtils - Closing non transactional SqlSession [org.apache.ibatis.session.defaults.DefaultSqlSession@361115d7]
2025-01-13 16:18:00 [http-nio-8080-exec-3] DEBUG org.mybatis.spring.SqlSessionUtils - Creating a new SqlSession
2025-01-13 16:18:00 [http-nio-8080-exec-5] DEBUG org.mybatis.spring.SqlSessionUtils - Creating a new SqlSession
2025-01-13 16:18:00 [http-nio-8080-exec-3] DEBUG org.mybatis.spring.SqlSessionUtils - SqlSession [org.apache.ibatis.session.defaults.DefaultSqlSession@432ecff4] was not registered for synchronization because synchronization is not active
2025-01-13 16:18:00 [http-nio-8080-exec-5] DEBUG org.mybatis.spring.SqlSessionUtils - SqlSession [org.apache.ibatis.session.defaults.DefaultSqlSession@7e04111d] was not registered for synchronization because synchronization is not active
2025-01-13 16:18:00 [http-nio-8080-exec-4] DEBUG org.mybatis.spring.SqlSessionUtils - Creating a new SqlSession
2025-01-13 16:18:00 [http-nio-8080-exec-5] DEBUG o.m.s.t.SpringManagedTransaction - JDBC Connection [HikariProxyConnection@740441898 wrapping com.mysql.cj.jdbc.ConnectionImpl@2f55317c] will not be managed by Spring
2025-01-13 16:18:00 [http-nio-8080-exec-4] DEBUG org.mybatis.spring.SqlSessionUtils - SqlSession [org.apache.ibatis.session.defaults.DefaultSqlSession@19d5f551] was not registered for synchronization because synchronization is not active
2025-01-13 16:18:00 [http-nio-8080-exec-5] DEBUG c.s.d.m.C.selectLnbSubList - ==>  Preparing: SELECT CT_LNB_SUB_IDX AS ctLnbSubIdx, CT_LNB_ID AS ctLnbId, CT_LNB_SUB_ID AS ctLnbSubId, CT_LNB_SUB_NAME AS ctLnbSubName, CT_LNB_SUB_URL AS ctLnbSubUrl FROM CT_LNB_SUB WHERE CT_LNB_ID = ? ORDER BY CT_LNB_SUB_IDX
2025-01-13 16:18:00 [http-nio-8080-exec-4] DEBUG o.m.s.t.SpringManagedTransaction - JDBC Connection [HikariProxyConnection@530721132 wrapping com.mysql.cj.jdbc.ConnectionImpl@1b176bb] will not be managed by Spring
2025-01-13 16:18:00 [http-nio-8080-exec-4] DEBUG c.s.d.m.C.selectLnbSubList - ==>  Preparing: SELECT CT_LNB_SUB_IDX AS ctLnbSubIdx, CT_LNB_ID AS ctLnbId, CT_LNB_SUB_ID AS ctLnbSubId, CT_LNB_SUB_NAME AS ctLnbSubName, CT_LNB_SUB_URL AS ctLnbSubUrl FROM CT_LNB_SUB WHERE CT_LNB_ID = ? ORDER BY CT_LNB_SUB_IDX
2025-01-13 16:18:00 [http-nio-8080-exec-4] DEBUG c.s.d.m.C.selectLnbSubList - ==> Parameters: CT_LNB_COMPANY(String)
2025-01-13 16:18:00 [http-nio-8080-exec-5] DEBUG c.s.d.m.C.selectLnbSubList - ==> Parameters: CT_LNB_CONTACT(String)
2025-01-13 16:18:00 [http-nio-8080-exec-3] DEBUG o.m.s.t.SpringManagedTransaction - JDBC Connection [HikariProxyConnection@442250688 wrapping com.mysql.cj.jdbc.ConnectionImpl@202516a8] will not be managed by Spring
2025-01-13 16:18:00 [http-nio-8080-exec-3] DEBUG c.s.d.m.C.selectLnbSubList - ==>  Preparing: SELECT CT_LNB_SUB_IDX AS ctLnbSubIdx, CT_LNB_ID AS ctLnbId, CT_LNB_SUB_ID AS ctLnbSubId, CT_LNB_SUB_NAME AS ctLnbSubName, CT_LNB_SUB_URL AS ctLnbSubUrl FROM CT_LNB_SUB WHERE CT_LNB_ID = ? ORDER BY CT_LNB_SUB_IDX
2025-01-13 16:18:00 [http-nio-8080-exec-3] DEBUG c.s.d.m.C.selectLnbSubList - ==> Parameters: CT_LNB_SERVICE(String)
2025-01-13 16:18:00 [http-nio-8080-exec-4] DEBUG c.s.d.m.C.selectLnbSubList - <==      Total: 1
2025-01-13 16:18:00 [http-nio-8080-exec-5] DEBUG c.s.d.m.C.selectLnbSubList - <==      Total: 2
2025-01-13 16:18:00 [http-nio-8080-exec-3] DEBUG c.s.d.m.C.selectLnbSubList - <==      Total: 4
2025-01-13 16:18:00 [http-nio-8080-exec-4] DEBUG org.mybatis.spring.SqlSessionUtils - Closing non transactional SqlSession [org.apache.ibatis.session.defaults.DefaultSqlSession@19d5f551]
2025-01-13 16:18:00 [http-nio-8080-exec-5] DEBUG org.mybatis.spring.SqlSessionUtils - Closing non transactional SqlSession [org.apache.ibatis.session.defaults.DefaultSqlSession@7e04111d]
2025-01-13 16:18:00 [http-nio-8080-exec-3] DEBUG org.mybatis.spring.SqlSessionUtils - Closing non transactional SqlSession [org.apache.ibatis.session.defaults.DefaultSqlSession@432ecff4]
2025-01-13 16:18:00 [http-nio-8080-exec-2] DEBUG org.mybatis.spring.SqlSessionUtils - Creating a new SqlSession
2025-01-13 16:18:00 [http-nio-8080-exec-6] DEBUG org.mybatis.spring.SqlSessionUtils - Creating a new SqlSession
2025-01-13 16:18:00 [http-nio-8080-exec-2] DEBUG org.mybatis.spring.SqlSessionUtils - SqlSession [org.apache.ibatis.session.defaults.DefaultSqlSession@3ae2ea1c] was not registered for synchronization because synchronization is not active
2025-01-13 16:18:00 [http-nio-8080-exec-9] DEBUG org.mybatis.spring.SqlSessionUtils - Creating a new SqlSession
2025-01-13 16:18:00 [http-nio-8080-exec-6] DEBUG org.mybatis.spring.SqlSessionUtils - SqlSession [org.apache.ibatis.session.defaults.DefaultSqlSession@6bdb2dbb] was not registered for synchronization because synchronization is not active
2025-01-13 16:18:00 [http-nio-8080-exec-9] DEBUG org.mybatis.spring.SqlSessionUtils - SqlSession [org.apache.ibatis.session.defaults.DefaultSqlSession@62d52e13] was not registered for synchronization because synchronization is not active
2025-01-13 16:18:00 [http-nio-8080-exec-2] DEBUG o.m.s.t.SpringManagedTransaction - JDBC Connection [HikariProxyConnection@579706017 wrapping com.mysql.cj.jdbc.ConnectionImpl@202516a8] will not be managed by Spring
2025-01-13 16:18:00 [http-nio-8080-exec-6] DEBUG o.m.s.t.SpringManagedTransaction - JDBC Connection [HikariProxyConnection@512724822 wrapping com.mysql.cj.jdbc.ConnectionImpl@1b176bb] will not be managed by Spring
2025-01-13 16:18:00 [http-nio-8080-exec-9] DEBUG o.m.s.t.SpringManagedTransaction - JDBC Connection [HikariProxyConnection@2082773932 wrapping com.mysql.cj.jdbc.ConnectionImpl@2f55317c] will not be managed by Spring
2025-01-13 16:18:00 [http-nio-8080-exec-2] DEBUG c.s.d.m.C.selectLnbSubList - ==>  Preparing: SELECT CT_LNB_SUB_IDX AS ctLnbSubIdx, CT_LNB_ID AS ctLnbId, CT_LNB_SUB_ID AS ctLnbSubId, CT_LNB_SUB_NAME AS ctLnbSubName, CT_LNB_SUB_URL AS ctLnbSubUrl FROM CT_LNB_SUB WHERE CT_LNB_ID = ? ORDER BY CT_LNB_SUB_IDX
2025-01-13 16:18:00 [http-nio-8080-exec-6] DEBUG c.s.d.m.C.selectLnbSubList - ==>  Preparing: SELECT CT_LNB_SUB_IDX AS ctLnbSubIdx, CT_LNB_ID AS ctLnbId, CT_LNB_SUB_ID AS ctLnbSubId, CT_LNB_SUB_NAME AS ctLnbSubName, CT_LNB_SUB_URL AS ctLnbSubUrl FROM CT_LNB_SUB WHERE CT_LNB_ID = ? ORDER BY CT_LNB_SUB_IDX
2025-01-13 16:18:00 [http-nio-8080-exec-9] DEBUG c.s.d.m.C.selectLnbSubList - ==>  Preparing: SELECT CT_LNB_SUB_IDX AS ctLnbSubIdx, CT_LNB_ID AS ctLnbId, CT_LNB_SUB_ID AS ctLnbSubId, CT_LNB_SUB_NAME AS ctLnbSubName, CT_LNB_SUB_URL AS ctLnbSubUrl FROM CT_LNB_SUB WHERE CT_LNB_ID = ? ORDER BY CT_LNB_SUB_IDX
2025-01-13 16:18:00 [http-nio-8080-exec-2] DEBUG c.s.d.m.C.selectLnbSubList - ==> Parameters: CT_LNB_CONTACT(String)
2025-01-13 16:18:00 [http-nio-8080-exec-6] DEBUG c.s.d.m.C.selectLnbSubList - ==> Parameters: CT_LNB_COMPANY(String)
2025-01-13 16:18:00 [http-nio-8080-exec-9] DEBUG c.s.d.m.C.selectLnbSubList - ==> Parameters: CT_LNB_SERVICE(String)
2025-01-13 16:18:00 [http-nio-8080-exec-6] DEBUG c.s.d.m.C.selectLnbSubList - <==      Total: 1
2025-01-13 16:18:00 [http-nio-8080-exec-2] DEBUG c.s.d.m.C.selectLnbSubList - <==      Total: 2
2025-01-13 16:18:00 [http-nio-8080-exec-9] DEBUG c.s.d.m.C.selectLnbSubList - <==      Total: 4
2025-01-13 16:18:00 [http-nio-8080-exec-6] DEBUG org.mybatis.spring.SqlSessionUtils - Closing non transactional SqlSession [org.apache.ibatis.session.defaults.DefaultSqlSession@6bdb2dbb]
2025-01-13 16:18:00 [http-nio-8080-exec-2] DEBUG org.mybatis.spring.SqlSessionUtils - Closing non transactional SqlSession [org.apache.ibatis.session.defaults.DefaultSqlSession@3ae2ea1c]
2025-01-13 16:18:00 [http-nio-8080-exec-9] DEBUG org.mybatis.spring.SqlSessionUtils - Closing non transactional SqlSession [org.apache.ibatis.session.defaults.DefaultSqlSession@62d52e13]
2025-01-13 16:18:07 [http-nio-8080-exec-7] WARN  o.t.s.p.AbstractStandardFragmentInsertionTagProcessor - [THYMELEAF][http-nio-8080-exec-7][common/layout/layout] Deprecated unwrapped fragment expression "common/fragments/header::header" found in template common/layout/layout, line 33, col 10. Please use the complete syntax of fragment expressions instead ("~{common/fragments/header::header}"). The old, unwrapped syntax for fragment expressions will be removed in future versions of Thymeleaf.
2025-01-13 16:18:07 [http-nio-8080-exec-7] WARN  o.t.s.p.AbstractStandardFragmentInsertionTagProcessor - [THYMELEAF][http-nio-8080-exec-7][common/layout/layout] Deprecated unwrapped fragment expression "common/fragments/footer::footer" found in template common/layout/layout, line 37, col 10. Please use the complete syntax of fragment expressions instead ("~{common/fragments/footer::footer}"). The old, unwrapped syntax for fragment expressions will be removed in future versions of Thymeleaf.
2025-01-13 16:18:07 [http-nio-8080-exec-10] DEBUG org.mybatis.spring.SqlSessionUtils - Creating a new SqlSession
2025-01-13 16:18:07 [http-nio-8080-exec-10] DEBUG org.mybatis.spring.SqlSessionUtils - SqlSession [org.apache.ibatis.session.defaults.DefaultSqlSession@2361ee9a] was not registered for synchronization because synchronization is not active
2025-01-13 16:18:07 [http-nio-8080-exec-10] DEBUG o.m.s.t.SpringManagedTransaction - JDBC Connection [HikariProxyConnection@979999351 wrapping com.mysql.cj.jdbc.ConnectionImpl@4e92d0f1] will not be managed by Spring
2025-01-13 16:18:07 [http-nio-8080-exec-10] DEBUG c.s.d.m.CommonMapper.selectLnbList - ==>  Preparing: SELECT CT_LNB_IDX AS ctLnbIdx, CT_LNB_ID AS ctLnbId, CT_LNB_NAME AS ctLnbName, CT_LNB_SUB_YN AS ctLnbSubYn, CT_LNB_URL AS ctLnbUrl, CT_LNB_USE_YN AS ctLnbUseYn FROM CT_LNB WHERE CT_LNB_USE_YN = 'Y' ORDER BY CT_LNB_IDX
2025-01-13 16:18:07 [http-nio-8080-exec-10] DEBUG c.s.d.m.CommonMapper.selectLnbList - ==> Parameters: 
2025-01-13 16:18:07 [http-nio-8080-exec-10] DEBUG c.s.d.m.CommonMapper.selectLnbList - <==      Total: 4
2025-01-13 16:18:07 [http-nio-8080-exec-10] DEBUG org.mybatis.spring.SqlSessionUtils - Closing non transactional SqlSession [org.apache.ibatis.session.defaults.DefaultSqlSession@2361ee9a]
2025-01-13 16:18:07 [http-nio-8080-exec-8] DEBUG org.mybatis.spring.SqlSessionUtils - Creating a new SqlSession
2025-01-13 16:18:07 [http-nio-8080-exec-8] DEBUG org.mybatis.spring.SqlSessionUtils - SqlSession [org.apache.ibatis.session.defaults.DefaultSqlSession@662d2bfa] was not registered for synchronization because synchronization is not active
2025-01-13 16:18:07 [http-nio-8080-exec-8] DEBUG o.m.s.t.SpringManagedTransaction - JDBC Connection [HikariProxyConnection@656062588 wrapping com.mysql.cj.jdbc.ConnectionImpl@1b176bb] will not be managed by Spring
2025-01-13 16:18:07 [http-nio-8080-exec-8] DEBUG c.s.d.m.CommonMapper.selectLnbList - ==>  Preparing: SELECT CT_LNB_IDX AS ctLnbIdx, CT_LNB_ID AS ctLnbId, CT_LNB_NAME AS ctLnbName, CT_LNB_SUB_YN AS ctLnbSubYn, CT_LNB_URL AS ctLnbUrl, CT_LNB_USE_YN AS ctLnbUseYn FROM CT_LNB WHERE CT_LNB_USE_YN = 'Y' ORDER BY CT_LNB_IDX
2025-01-13 16:18:07 [http-nio-8080-exec-8] DEBUG c.s.d.m.CommonMapper.selectLnbList - ==> Parameters: 
2025-01-13 16:18:07 [http-nio-8080-exec-8] DEBUG c.s.d.m.CommonMapper.selectLnbList - <==      Total: 4
2025-01-13 16:18:07 [http-nio-8080-exec-8] DEBUG org.mybatis.spring.SqlSessionUtils - Closing non transactional SqlSession [org.apache.ibatis.session.defaults.DefaultSqlSession@662d2bfa]
2025-01-13 16:18:07 [http-nio-8080-exec-4] DEBUG org.mybatis.spring.SqlSessionUtils - Creating a new SqlSession
2025-01-13 16:18:07 [http-nio-8080-exec-1] DEBUG org.mybatis.spring.SqlSessionUtils - Creating a new SqlSession
2025-01-13 16:18:07 [http-nio-8080-exec-4] DEBUG org.mybatis.spring.SqlSessionUtils - SqlSession [org.apache.ibatis.session.defaults.DefaultSqlSession@5ad02ff2] was not registered for synchronization because synchronization is not active
2025-01-13 16:18:07 [http-nio-8080-exec-5] DEBUG org.mybatis.spring.SqlSessionUtils - Creating a new SqlSession
2025-01-13 16:18:07 [http-nio-8080-exec-1] DEBUG org.mybatis.spring.SqlSessionUtils - SqlSession [org.apache.ibatis.session.defaults.DefaultSqlSession@14d7dfa2] was not registered for synchronization because synchronization is not active
2025-01-13 16:18:07 [http-nio-8080-exec-5] DEBUG org.mybatis.spring.SqlSessionUtils - SqlSession [org.apache.ibatis.session.defaults.DefaultSqlSession@43dae8c7] was not registered for synchronization because synchronization is not active
2025-01-13 16:18:07 [http-nio-8080-exec-4] DEBUG o.m.s.t.SpringManagedTransaction - JDBC Connection [HikariProxyConnection@1412924557 wrapping com.mysql.cj.jdbc.ConnectionImpl@1b176bb] will not be managed by Spring
2025-01-13 16:18:07 [http-nio-8080-exec-4] DEBUG c.s.d.m.C.selectLnbSubList - ==>  Preparing: SELECT CT_LNB_SUB_IDX AS ctLnbSubIdx, CT_LNB_ID AS ctLnbId, CT_LNB_SUB_ID AS ctLnbSubId, CT_LNB_SUB_NAME AS ctLnbSubName, CT_LNB_SUB_URL AS ctLnbSubUrl FROM CT_LNB_SUB WHERE CT_LNB_ID = ? ORDER BY CT_LNB_SUB_IDX
2025-01-13 16:18:07 [http-nio-8080-exec-4] DEBUG c.s.d.m.C.selectLnbSubList - ==> Parameters: CT_LNB_SERVICE(String)
2025-01-13 16:18:07 [http-nio-8080-exec-1] DEBUG o.m.s.t.SpringManagedTransaction - JDBC Connection [HikariProxyConnection@1837929873 wrapping com.mysql.cj.jdbc.ConnectionImpl@2f55317c] will not be managed by Spring
2025-01-13 16:18:07 [http-nio-8080-exec-5] DEBUG o.m.s.t.SpringManagedTransaction - JDBC Connection [HikariProxyConnection@2117883129 wrapping com.mysql.cj.jdbc.ConnectionImpl@202516a8] will not be managed by Spring
2025-01-13 16:18:07 [http-nio-8080-exec-1] DEBUG c.s.d.m.C.selectLnbSubList - ==>  Preparing: SELECT CT_LNB_SUB_IDX AS ctLnbSubIdx, CT_LNB_ID AS ctLnbId, CT_LNB_SUB_ID AS ctLnbSubId, CT_LNB_SUB_NAME AS ctLnbSubName, CT_LNB_SUB_URL AS ctLnbSubUrl FROM CT_LNB_SUB WHERE CT_LNB_ID = ? ORDER BY CT_LNB_SUB_IDX
2025-01-13 16:18:07 [http-nio-8080-exec-5] DEBUG c.s.d.m.C.selectLnbSubList - ==>  Preparing: SELECT CT_LNB_SUB_IDX AS ctLnbSubIdx, CT_LNB_ID AS ctLnbId, CT_LNB_SUB_ID AS ctLnbSubId, CT_LNB_SUB_NAME AS ctLnbSubName, CT_LNB_SUB_URL AS ctLnbSubUrl FROM CT_LNB_SUB WHERE CT_LNB_ID = ? ORDER BY CT_LNB_SUB_IDX
2025-01-13 16:18:07 [http-nio-8080-exec-5] DEBUG c.s.d.m.C.selectLnbSubList - ==> Parameters: CT_LNB_CONTACT(String)
2025-01-13 16:18:07 [http-nio-8080-exec-1] DEBUG c.s.d.m.C.selectLnbSubList - ==> Parameters: CT_LNB_COMPANY(String)
2025-01-13 16:18:07 [http-nio-8080-exec-1] DEBUG c.s.d.m.C.selectLnbSubList - <==      Total: 1
2025-01-13 16:18:07 [http-nio-8080-exec-5] DEBUG c.s.d.m.C.selectLnbSubList - <==      Total: 2
2025-01-13 16:18:07 [http-nio-8080-exec-4] DEBUG c.s.d.m.C.selectLnbSubList - <==      Total: 4
2025-01-13 16:18:07 [http-nio-8080-exec-4] DEBUG org.mybatis.spring.SqlSessionUtils - Closing non transactional SqlSession [org.apache.ibatis.session.defaults.DefaultSqlSession@5ad02ff2]
2025-01-13 16:18:07 [http-nio-8080-exec-1] DEBUG org.mybatis.spring.SqlSessionUtils - Closing non transactional SqlSession [org.apache.ibatis.session.defaults.DefaultSqlSession@14d7dfa2]
2025-01-13 16:18:07 [http-nio-8080-exec-5] DEBUG org.mybatis.spring.SqlSessionUtils - Closing non transactional SqlSession [org.apache.ibatis.session.defaults.DefaultSqlSession@43dae8c7]
2025-01-13 16:18:07 [http-nio-8080-exec-3] DEBUG org.mybatis.spring.SqlSessionUtils - Creating a new SqlSession
2025-01-13 16:18:07 [http-nio-8080-exec-9] DEBUG org.mybatis.spring.SqlSessionUtils - Creating a new SqlSession
2025-01-13 16:18:07 [http-nio-8080-exec-3] DEBUG org.mybatis.spring.SqlSessionUtils - SqlSession [org.apache.ibatis.session.defaults.DefaultSqlSession@a2408d2] was not registered for synchronization because synchronization is not active
2025-01-13 16:18:07 [http-nio-8080-exec-9] DEBUG org.mybatis.spring.SqlSessionUtils - SqlSession [org.apache.ibatis.session.defaults.DefaultSqlSession@19bfabd6] was not registered for synchronization because synchronization is not active
2025-01-13 16:18:07 [http-nio-8080-exec-9] DEBUG o.m.s.t.SpringManagedTransaction - JDBC Connection [HikariProxyConnection@1100921526 wrapping com.mysql.cj.jdbc.ConnectionImpl@2f55317c] will not be managed by Spring
2025-01-13 16:18:07 [http-nio-8080-exec-3] DEBUG o.m.s.t.SpringManagedTransaction - JDBC Connection [HikariProxyConnection@1907220067 wrapping com.mysql.cj.jdbc.ConnectionImpl@202516a8] will not be managed by Spring
2025-01-13 16:18:07 [http-nio-8080-exec-3] DEBUG c.s.d.m.C.selectLnbSubList - ==>  Preparing: SELECT CT_LNB_SUB_IDX AS ctLnbSubIdx, CT_LNB_ID AS ctLnbId, CT_LNB_SUB_ID AS ctLnbSubId, CT_LNB_SUB_NAME AS ctLnbSubName, CT_LNB_SUB_URL AS ctLnbSubUrl FROM CT_LNB_SUB WHERE CT_LNB_ID = ? ORDER BY CT_LNB_SUB_IDX
2025-01-13 16:18:07 [http-nio-8080-exec-9] DEBUG c.s.d.m.C.selectLnbSubList - ==>  Preparing: SELECT CT_LNB_SUB_IDX AS ctLnbSubIdx, CT_LNB_ID AS ctLnbId, CT_LNB_SUB_ID AS ctLnbSubId, CT_LNB_SUB_NAME AS ctLnbSubName, CT_LNB_SUB_URL AS ctLnbSubUrl FROM CT_LNB_SUB WHERE CT_LNB_ID = ? ORDER BY CT_LNB_SUB_IDX
2025-01-13 16:18:07 [http-nio-8080-exec-6] DEBUG org.mybatis.spring.SqlSessionUtils - Creating a new SqlSession
2025-01-13 16:18:07 [http-nio-8080-exec-6] DEBUG org.mybatis.spring.SqlSessionUtils - SqlSession [org.apache.ibatis.session.defaults.DefaultSqlSession@186a0167] was not registered for synchronization because synchronization is not active
2025-01-13 16:18:07 [http-nio-8080-exec-6] DEBUG o.m.s.t.SpringManagedTransaction - JDBC Connection [HikariProxyConnection@2055067651 wrapping com.mysql.cj.jdbc.ConnectionImpl@1b176bb] will not be managed by Spring
2025-01-13 16:18:07 [http-nio-8080-exec-6] DEBUG c.s.d.m.C.selectLnbSubList - ==>  Preparing: SELECT CT_LNB_SUB_IDX AS ctLnbSubIdx, CT_LNB_ID AS ctLnbId, CT_LNB_SUB_ID AS ctLnbSubId, CT_LNB_SUB_NAME AS ctLnbSubName, CT_LNB_SUB_URL AS ctLnbSubUrl FROM CT_LNB_SUB WHERE CT_LNB_ID = ? ORDER BY CT_LNB_SUB_IDX
2025-01-13 16:18:07 [http-nio-8080-exec-9] DEBUG c.s.d.m.C.selectLnbSubList - ==> Parameters: CT_LNB_SERVICE(String)
2025-01-13 16:18:07 [http-nio-8080-exec-3] DEBUG c.s.d.m.C.selectLnbSubList - ==> Parameters: CT_LNB_COMPANY(String)
2025-01-13 16:18:07 [http-nio-8080-exec-6] DEBUG c.s.d.m.C.selectLnbSubList - ==> Parameters: CT_LNB_CONTACT(String)
2025-01-13 16:18:07 [http-nio-8080-exec-3] DEBUG c.s.d.m.C.selectLnbSubList - <==      Total: 1
2025-01-13 16:18:07 [http-nio-8080-exec-9] DEBUG c.s.d.m.C.selectLnbSubList - <==      Total: 4
2025-01-13 16:18:07 [http-nio-8080-exec-6] DEBUG c.s.d.m.C.selectLnbSubList - <==      Total: 2
2025-01-13 16:18:07 [http-nio-8080-exec-9] DEBUG org.mybatis.spring.SqlSessionUtils - Closing non transactional SqlSession [org.apache.ibatis.session.defaults.DefaultSqlSession@19bfabd6]
2025-01-13 16:18:07 [http-nio-8080-exec-3] DEBUG org.mybatis.spring.SqlSessionUtils - Closing non transactional SqlSession [org.apache.ibatis.session.defaults.DefaultSqlSession@a2408d2]
2025-01-13 16:18:07 [http-nio-8080-exec-6] DEBUG org.mybatis.spring.SqlSessionUtils - Closing non transactional SqlSession [org.apache.ibatis.session.defaults.DefaultSqlSession@186a0167]
2025-01-13 16:18:18 [http-nio-8080-exec-7] WARN  o.t.s.p.AbstractStandardFragmentInsertionTagProcessor - [THYMELEAF][http-nio-8080-exec-7][common/layout/layout] Deprecated unwrapped fragment expression "common/fragments/header::header" found in template common/layout/layout, line 33, col 10. Please use the complete syntax of fragment expressions instead ("~{common/fragments/header::header}"). The old, unwrapped syntax for fragment expressions will be removed in future versions of Thymeleaf.
2025-01-13 16:18:18 [http-nio-8080-exec-7] WARN  o.t.s.p.AbstractStandardFragmentInsertionTagProcessor - [THYMELEAF][http-nio-8080-exec-7][common/layout/layout] Deprecated unwrapped fragment expression "common/fragments/footer::footer" found in template common/layout/layout, line 37, col 10. Please use the complete syntax of fragment expressions instead ("~{common/fragments/footer::footer}"). The old, unwrapped syntax for fragment expressions will be removed in future versions of Thymeleaf.
2025-01-13 16:18:18 [http-nio-8080-exec-10] DEBUG org.mybatis.spring.SqlSessionUtils - Creating a new SqlSession
2025-01-13 16:18:18 [http-nio-8080-exec-10] DEBUG org.mybatis.spring.SqlSessionUtils - SqlSession [org.apache.ibatis.session.defaults.DefaultSqlSession@7e4a5216] was not registered for synchronization because synchronization is not active
2025-01-13 16:18:18 [http-nio-8080-exec-10] DEBUG o.m.s.t.SpringManagedTransaction - JDBC Connection [HikariProxyConnection@134665610 wrapping com.mysql.cj.jdbc.ConnectionImpl@4e92d0f1] will not be managed by Spring
2025-01-13 16:18:18 [http-nio-8080-exec-10] DEBUG c.s.d.m.CommonMapper.selectLnbList - ==>  Preparing: SELECT CT_LNB_IDX AS ctLnbIdx, CT_LNB_ID AS ctLnbId, CT_LNB_NAME AS ctLnbName, CT_LNB_SUB_YN AS ctLnbSubYn, CT_LNB_URL AS ctLnbUrl, CT_LNB_USE_YN AS ctLnbUseYn FROM CT_LNB WHERE CT_LNB_USE_YN = 'Y' ORDER BY CT_LNB_IDX
2025-01-13 16:18:18 [http-nio-8080-exec-10] DEBUG c.s.d.m.CommonMapper.selectLnbList - ==> Parameters: 
2025-01-13 16:18:18 [http-nio-8080-exec-10] DEBUG c.s.d.m.CommonMapper.selectLnbList - <==      Total: 4
2025-01-13 16:18:18 [http-nio-8080-exec-10] DEBUG org.mybatis.spring.SqlSessionUtils - Closing non transactional SqlSession [org.apache.ibatis.session.defaults.DefaultSqlSession@7e4a5216]
2025-01-13 16:18:18 [http-nio-8080-exec-8] DEBUG org.mybatis.spring.SqlSessionUtils - Creating a new SqlSession
2025-01-13 16:18:18 [http-nio-8080-exec-8] DEBUG org.mybatis.spring.SqlSessionUtils - SqlSession [org.apache.ibatis.session.defaults.DefaultSqlSession@53717a7a] was not registered for synchronization because synchronization is not active
2025-01-13 16:18:18 [http-nio-8080-exec-8] DEBUG o.m.s.t.SpringManagedTransaction - JDBC Connection [HikariProxyConnection@567996720 wrapping com.mysql.cj.jdbc.ConnectionImpl@1b176bb] will not be managed by Spring
2025-01-13 16:18:18 [http-nio-8080-exec-8] DEBUG c.s.d.m.CommonMapper.selectLnbList - ==>  Preparing: SELECT CT_LNB_IDX AS ctLnbIdx, CT_LNB_ID AS ctLnbId, CT_LNB_NAME AS ctLnbName, CT_LNB_SUB_YN AS ctLnbSubYn, CT_LNB_URL AS ctLnbUrl, CT_LNB_USE_YN AS ctLnbUseYn FROM CT_LNB WHERE CT_LNB_USE_YN = 'Y' ORDER BY CT_LNB_IDX
2025-01-13 16:18:18 [http-nio-8080-exec-8] DEBUG c.s.d.m.CommonMapper.selectLnbList - ==> Parameters: 
2025-01-13 16:18:18 [http-nio-8080-exec-8] DEBUG c.s.d.m.CommonMapper.selectLnbList - <==      Total: 4
2025-01-13 16:18:18 [http-nio-8080-exec-8] DEBUG org.mybatis.spring.SqlSessionUtils - Closing non transactional SqlSession [org.apache.ibatis.session.defaults.DefaultSqlSession@53717a7a]
2025-01-13 16:18:18 [http-nio-8080-exec-5] DEBUG org.mybatis.spring.SqlSessionUtils - Creating a new SqlSession
2025-01-13 16:18:18 [http-nio-8080-exec-4] DEBUG org.mybatis.spring.SqlSessionUtils - Creating a new SqlSession
2025-01-13 16:18:18 [http-nio-8080-exec-5] DEBUG org.mybatis.spring.SqlSessionUtils - SqlSession [org.apache.ibatis.session.defaults.DefaultSqlSession@4ffb4691] was not registered for synchronization because synchronization is not active
2025-01-13 16:18:18 [http-nio-8080-exec-4] DEBUG org.mybatis.spring.SqlSessionUtils - SqlSession [org.apache.ibatis.session.defaults.DefaultSqlSession@6a379887] was not registered for synchronization because synchronization is not active
2025-01-13 16:18:18 [http-nio-8080-exec-4] DEBUG o.m.s.t.SpringManagedTransaction - JDBC Connection [HikariProxyConnection@46955168 wrapping com.mysql.cj.jdbc.ConnectionImpl@1b176bb] will not be managed by Spring
2025-01-13 16:18:18 [http-nio-8080-exec-4] DEBUG c.s.d.m.C.selectLnbSubList - ==>  Preparing: SELECT CT_LNB_SUB_IDX AS ctLnbSubIdx, CT_LNB_ID AS ctLnbId, CT_LNB_SUB_ID AS ctLnbSubId, CT_LNB_SUB_NAME AS ctLnbSubName, CT_LNB_SUB_URL AS ctLnbSubUrl FROM CT_LNB_SUB WHERE CT_LNB_ID = ? ORDER BY CT_LNB_SUB_IDX
2025-01-13 16:18:18 [http-nio-8080-exec-1] DEBUG org.mybatis.spring.SqlSessionUtils - Creating a new SqlSession
2025-01-13 16:18:18 [http-nio-8080-exec-1] DEBUG org.mybatis.spring.SqlSessionUtils - SqlSession [org.apache.ibatis.session.defaults.DefaultSqlSession@72ecdb23] was not registered for synchronization because synchronization is not active
2025-01-13 16:18:18 [http-nio-8080-exec-4] DEBUG c.s.d.m.C.selectLnbSubList - ==> Parameters: CT_LNB_SERVICE(String)
2025-01-13 16:18:18 [http-nio-8080-exec-5] DEBUG o.m.s.t.SpringManagedTransaction - JDBC Connection [HikariProxyConnection@1409046539 wrapping com.mysql.cj.jdbc.ConnectionImpl@202516a8] will not be managed by Spring
2025-01-13 16:18:18 [http-nio-8080-exec-5] DEBUG c.s.d.m.C.selectLnbSubList - ==>  Preparing: SELECT CT_LNB_SUB_IDX AS ctLnbSubIdx, CT_LNB_ID AS ctLnbId, CT_LNB_SUB_ID AS ctLnbSubId, CT_LNB_SUB_NAME AS ctLnbSubName, CT_LNB_SUB_URL AS ctLnbSubUrl FROM CT_LNB_SUB WHERE CT_LNB_ID = ? ORDER BY CT_LNB_SUB_IDX
2025-01-13 16:18:18 [http-nio-8080-exec-1] DEBUG o.m.s.t.SpringManagedTransaction - JDBC Connection [HikariProxyConnection@2076571890 wrapping com.mysql.cj.jdbc.ConnectionImpl@2f55317c] will not be managed by Spring
2025-01-13 16:18:18 [http-nio-8080-exec-1] DEBUG c.s.d.m.C.selectLnbSubList - ==>  Preparing: SELECT CT_LNB_SUB_IDX AS ctLnbSubIdx, CT_LNB_ID AS ctLnbId, CT_LNB_SUB_ID AS ctLnbSubId, CT_LNB_SUB_NAME AS ctLnbSubName, CT_LNB_SUB_URL AS ctLnbSubUrl FROM CT_LNB_SUB WHERE CT_LNB_ID = ? ORDER BY CT_LNB_SUB_IDX
2025-01-13 16:18:18 [http-nio-8080-exec-5] DEBUG c.s.d.m.C.selectLnbSubList - ==> Parameters: CT_LNB_COMPANY(String)
2025-01-13 16:18:18 [http-nio-8080-exec-1] DEBUG c.s.d.m.C.selectLnbSubList - ==> Parameters: CT_LNB_CONTACT(String)
2025-01-13 16:18:18 [http-nio-8080-exec-5] DEBUG c.s.d.m.C.selectLnbSubList - <==      Total: 1
2025-01-13 16:18:18 [http-nio-8080-exec-1] DEBUG c.s.d.m.C.selectLnbSubList - <==      Total: 2
2025-01-13 16:18:18 [http-nio-8080-exec-4] DEBUG c.s.d.m.C.selectLnbSubList - <==      Total: 4
2025-01-13 16:18:18 [http-nio-8080-exec-1] DEBUG org.mybatis.spring.SqlSessionUtils - Closing non transactional SqlSession [org.apache.ibatis.session.defaults.DefaultSqlSession@72ecdb23]
2025-01-13 16:18:18 [http-nio-8080-exec-5] DEBUG org.mybatis.spring.SqlSessionUtils - Closing non transactional SqlSession [org.apache.ibatis.session.defaults.DefaultSqlSession@4ffb4691]
2025-01-13 16:18:18 [http-nio-8080-exec-4] DEBUG org.mybatis.spring.SqlSessionUtils - Closing non transactional SqlSession [org.apache.ibatis.session.defaults.DefaultSqlSession@6a379887]
2025-01-13 16:18:18 [http-nio-8080-exec-7] DEBUG org.mybatis.spring.SqlSessionUtils - Creating a new SqlSession
2025-01-13 16:18:18 [http-nio-8080-exec-3] DEBUG org.mybatis.spring.SqlSessionUtils - Creating a new SqlSession
2025-01-13 16:18:18 [http-nio-8080-exec-7] DEBUG org.mybatis.spring.SqlSessionUtils - SqlSession [org.apache.ibatis.session.defaults.DefaultSqlSession@653507e6] was not registered for synchronization because synchronization is not active
2025-01-13 16:18:18 [http-nio-8080-exec-9] DEBUG org.mybatis.spring.SqlSessionUtils - Creating a new SqlSession
2025-01-13 16:18:18 [http-nio-8080-exec-3] DEBUG org.mybatis.spring.SqlSessionUtils - SqlSession [org.apache.ibatis.session.defaults.DefaultSqlSession@5c5d09dd] was not registered for synchronization because synchronization is not active
2025-01-13 16:18:18 [http-nio-8080-exec-9] DEBUG org.mybatis.spring.SqlSessionUtils - SqlSession [org.apache.ibatis.session.defaults.DefaultSqlSession@6ba561c6] was not registered for synchronization because synchronization is not active
2025-01-13 16:18:18 [http-nio-8080-exec-7] DEBUG o.m.s.t.SpringManagedTransaction - JDBC Connection [HikariProxyConnection@1385725127 wrapping com.mysql.cj.jdbc.ConnectionImpl@2f55317c] will not be managed by Spring
2025-01-13 16:18:18 [http-nio-8080-exec-3] DEBUG o.m.s.t.SpringManagedTransaction - JDBC Connection [HikariProxyConnection@1134336755 wrapping com.mysql.cj.jdbc.ConnectionImpl@202516a8] will not be managed by Spring
2025-01-13 16:18:18 [http-nio-8080-exec-9] DEBUG o.m.s.t.SpringManagedTransaction - JDBC Connection [HikariProxyConnection@1599749390 wrapping com.mysql.cj.jdbc.ConnectionImpl@1b176bb] will not be managed by Spring
2025-01-13 16:18:18 [http-nio-8080-exec-7] DEBUG c.s.d.m.C.selectLnbSubList - ==>  Preparing: SELECT CT_LNB_SUB_IDX AS ctLnbSubIdx, CT_LNB_ID AS ctLnbId, CT_LNB_SUB_ID AS ctLnbSubId, CT_LNB_SUB_NAME AS ctLnbSubName, CT_LNB_SUB_URL AS ctLnbSubUrl FROM CT_LNB_SUB WHERE CT_LNB_ID = ? ORDER BY CT_LNB_SUB_IDX
2025-01-13 16:18:18 [http-nio-8080-exec-9] DEBUG c.s.d.m.C.selectLnbSubList - ==>  Preparing: SELECT CT_LNB_SUB_IDX AS ctLnbSubIdx, CT_LNB_ID AS ctLnbId, CT_LNB_SUB_ID AS ctLnbSubId, CT_LNB_SUB_NAME AS ctLnbSubName, CT_LNB_SUB_URL AS ctLnbSubUrl FROM CT_LNB_SUB WHERE CT_LNB_ID = ? ORDER BY CT_LNB_SUB_IDX
2025-01-13 16:18:18 [http-nio-8080-exec-3] DEBUG c.s.d.m.C.selectLnbSubList - ==>  Preparing: SELECT CT_LNB_SUB_IDX AS ctLnbSubIdx, CT_LNB_ID AS ctLnbId, CT_LNB_SUB_ID AS ctLnbSubId, CT_LNB_SUB_NAME AS ctLnbSubName, CT_LNB_SUB_URL AS ctLnbSubUrl FROM CT_LNB_SUB WHERE CT_LNB_ID = ? ORDER BY CT_LNB_SUB_IDX
2025-01-13 16:18:18 [http-nio-8080-exec-7] DEBUG c.s.d.m.C.selectLnbSubList - ==> Parameters: CT_LNB_CONTACT(String)
2025-01-13 16:18:18 [http-nio-8080-exec-9] DEBUG c.s.d.m.C.selectLnbSubList - ==> Parameters: CT_LNB_COMPANY(String)
2025-01-13 16:18:18 [http-nio-8080-exec-3] DEBUG c.s.d.m.C.selectLnbSubList - ==> Parameters: CT_LNB_SERVICE(String)
2025-01-13 16:18:18 [http-nio-8080-exec-9] DEBUG c.s.d.m.C.selectLnbSubList - <==      Total: 1
2025-01-13 16:18:18 [http-nio-8080-exec-7] DEBUG c.s.d.m.C.selectLnbSubList - <==      Total: 2
2025-01-13 16:18:18 [http-nio-8080-exec-3] DEBUG c.s.d.m.C.selectLnbSubList - <==      Total: 4
2025-01-13 16:18:18 [http-nio-8080-exec-9] DEBUG org.mybatis.spring.SqlSessionUtils - Closing non transactional SqlSession [org.apache.ibatis.session.defaults.DefaultSqlSession@6ba561c6]
2025-01-13 16:18:18 [http-nio-8080-exec-7] DEBUG org.mybatis.spring.SqlSessionUtils - Closing non transactional SqlSession [org.apache.ibatis.session.defaults.DefaultSqlSession@653507e6]
2025-01-13 16:18:18 [http-nio-8080-exec-3] DEBUG org.mybatis.spring.SqlSessionUtils - Closing non transactional SqlSession [org.apache.ibatis.session.defaults.DefaultSqlSession@5c5d09dd]
2025-01-13 16:18:19 [http-nio-8080-exec-2] WARN  o.t.s.p.AbstractStandardFragmentInsertionTagProcessor - [THYMELEAF][http-nio-8080-exec-2][common/layout/layout] Deprecated unwrapped fragment expression "common/fragments/header::header" found in template common/layout/layout, line 33, col 10. Please use the complete syntax of fragment expressions instead ("~{common/fragments/header::header}"). The old, unwrapped syntax for fragment expressions will be removed in future versions of Thymeleaf.
2025-01-13 16:18:19 [http-nio-8080-exec-2] WARN  o.t.s.p.AbstractStandardFragmentInsertionTagProcessor - [THYMELEAF][http-nio-8080-exec-2][common/layout/layout] Deprecated unwrapped fragment expression "common/fragments/footer::footer" found in template common/layout/layout, line 37, col 10. Please use the complete syntax of fragment expressions instead ("~{common/fragments/footer::footer}"). The old, unwrapped syntax for fragment expressions will be removed in future versions of Thymeleaf.
2025-01-13 16:18:19 [http-nio-8080-exec-1] DEBUG org.mybatis.spring.SqlSessionUtils - Creating a new SqlSession
2025-01-13 16:18:19 [http-nio-8080-exec-1] DEBUG org.mybatis.spring.SqlSessionUtils - SqlSession [org.apache.ibatis.session.defaults.DefaultSqlSession@176dd25e] was not registered for synchronization because synchronization is not active
2025-01-13 16:18:19 [http-nio-8080-exec-1] DEBUG o.m.s.t.SpringManagedTransaction - JDBC Connection [HikariProxyConnection@1136376361 wrapping com.mysql.cj.jdbc.ConnectionImpl@2f55317c] will not be managed by Spring
2025-01-13 16:18:19 [http-nio-8080-exec-1] DEBUG c.s.d.m.CommonMapper.selectLnbList - ==>  Preparing: SELECT CT_LNB_IDX AS ctLnbIdx, CT_LNB_ID AS ctLnbId, CT_LNB_NAME AS ctLnbName, CT_LNB_SUB_YN AS ctLnbSubYn, CT_LNB_URL AS ctLnbUrl, CT_LNB_USE_YN AS ctLnbUseYn FROM CT_LNB WHERE CT_LNB_USE_YN = 'Y' ORDER BY CT_LNB_IDX
2025-01-13 16:18:19 [http-nio-8080-exec-1] DEBUG c.s.d.m.CommonMapper.selectLnbList - ==> Parameters: 
2025-01-13 16:18:19 [http-nio-8080-exec-1] DEBUG c.s.d.m.CommonMapper.selectLnbList - <==      Total: 4
2025-01-13 16:18:19 [http-nio-8080-exec-1] DEBUG org.mybatis.spring.SqlSessionUtils - Closing non transactional SqlSession [org.apache.ibatis.session.defaults.DefaultSqlSession@176dd25e]
2025-01-13 16:18:19 [http-nio-8080-exec-9] DEBUG org.mybatis.spring.SqlSessionUtils - Creating a new SqlSession
2025-01-13 16:18:19 [http-nio-8080-exec-9] DEBUG org.mybatis.spring.SqlSessionUtils - SqlSession [org.apache.ibatis.session.defaults.DefaultSqlSession@3d0a5459] was not registered for synchronization because synchronization is not active
2025-01-13 16:18:19 [http-nio-8080-exec-9] DEBUG o.m.s.t.SpringManagedTransaction - JDBC Connection [HikariProxyConnection@859225275 wrapping com.mysql.cj.jdbc.ConnectionImpl@1b176bb] will not be managed by Spring
2025-01-13 16:18:19 [http-nio-8080-exec-9] DEBUG c.s.d.m.CommonMapper.selectLnbList - ==>  Preparing: SELECT CT_LNB_IDX AS ctLnbIdx, CT_LNB_ID AS ctLnbId, CT_LNB_NAME AS ctLnbName, CT_LNB_SUB_YN AS ctLnbSubYn, CT_LNB_URL AS ctLnbUrl, CT_LNB_USE_YN AS ctLnbUseYn FROM CT_LNB WHERE CT_LNB_USE_YN = 'Y' ORDER BY CT_LNB_IDX
2025-01-13 16:18:19 [http-nio-8080-exec-9] DEBUG c.s.d.m.CommonMapper.selectLnbList - ==> Parameters: 
2025-01-13 16:18:19 [http-nio-8080-exec-9] DEBUG c.s.d.m.CommonMapper.selectLnbList - <==      Total: 4
2025-01-13 16:18:19 [http-nio-8080-exec-9] DEBUG org.mybatis.spring.SqlSessionUtils - Closing non transactional SqlSession [org.apache.ibatis.session.defaults.DefaultSqlSession@3d0a5459]
2025-01-13 16:18:19 [http-nio-8080-exec-8] DEBUG org.mybatis.spring.SqlSessionUtils - Creating a new SqlSession
2025-01-13 16:18:19 [http-nio-8080-exec-5] DEBUG org.mybatis.spring.SqlSessionUtils - Creating a new SqlSession
2025-01-13 16:18:19 [http-nio-8080-exec-8] DEBUG org.mybatis.spring.SqlSessionUtils - SqlSession [org.apache.ibatis.session.defaults.DefaultSqlSession@62fcec01] was not registered for synchronization because synchronization is not active
2025-01-13 16:18:19 [http-nio-8080-exec-10] DEBUG org.mybatis.spring.SqlSessionUtils - Creating a new SqlSession
2025-01-13 16:18:19 [http-nio-8080-exec-5] DEBUG org.mybatis.spring.SqlSessionUtils - SqlSession [org.apache.ibatis.session.defaults.DefaultSqlSession@5ee04cf] was not registered for synchronization because synchronization is not active
2025-01-13 16:18:19 [http-nio-8080-exec-10] DEBUG org.mybatis.spring.SqlSessionUtils - SqlSession [org.apache.ibatis.session.defaults.DefaultSqlSession@3981b4ca] was not registered for synchronization because synchronization is not active
2025-01-13 16:18:19 [http-nio-8080-exec-8] DEBUG o.m.s.t.SpringManagedTransaction - JDBC Connection [HikariProxyConnection@205831793 wrapping com.mysql.cj.jdbc.ConnectionImpl@1b176bb] will not be managed by Spring
2025-01-13 16:18:19 [http-nio-8080-exec-8] DEBUG c.s.d.m.C.selectLnbSubList - ==>  Preparing: SELECT CT_LNB_SUB_IDX AS ctLnbSubIdx, CT_LNB_ID AS ctLnbId, CT_LNB_SUB_ID AS ctLnbSubId, CT_LNB_SUB_NAME AS ctLnbSubName, CT_LNB_SUB_URL AS ctLnbSubUrl FROM CT_LNB_SUB WHERE CT_LNB_ID = ? ORDER BY CT_LNB_SUB_IDX
2025-01-13 16:18:19 [http-nio-8080-exec-8] DEBUG c.s.d.m.C.selectLnbSubList - ==> Parameters: CT_LNB_COMPANY(String)
2025-01-13 16:18:19 [http-nio-8080-exec-10] DEBUG o.m.s.t.SpringManagedTransaction - JDBC Connection [HikariProxyConnection@1765530743 wrapping com.mysql.cj.jdbc.ConnectionImpl@4e92d0f1] will not be managed by Spring
2025-01-13 16:18:19 [http-nio-8080-exec-5] DEBUG o.m.s.t.SpringManagedTransaction - JDBC Connection [HikariProxyConnection@1466438249 wrapping com.mysql.cj.jdbc.ConnectionImpl@202516a8] will not be managed by Spring
2025-01-13 16:18:19 [http-nio-8080-exec-10] DEBUG c.s.d.m.C.selectLnbSubList - ==>  Preparing: SELECT CT_LNB_SUB_IDX AS ctLnbSubIdx, CT_LNB_ID AS ctLnbId, CT_LNB_SUB_ID AS ctLnbSubId, CT_LNB_SUB_NAME AS ctLnbSubName, CT_LNB_SUB_URL AS ctLnbSubUrl FROM CT_LNB_SUB WHERE CT_LNB_ID = ? ORDER BY CT_LNB_SUB_IDX
2025-01-13 16:18:19 [http-nio-8080-exec-5] DEBUG c.s.d.m.C.selectLnbSubList - ==>  Preparing: SELECT CT_LNB_SUB_IDX AS ctLnbSubIdx, CT_LNB_ID AS ctLnbId, CT_LNB_SUB_ID AS ctLnbSubId, CT_LNB_SUB_NAME AS ctLnbSubName, CT_LNB_SUB_URL AS ctLnbSubUrl FROM CT_LNB_SUB WHERE CT_LNB_ID = ? ORDER BY CT_LNB_SUB_IDX
2025-01-13 16:18:19 [http-nio-8080-exec-10] DEBUG c.s.d.m.C.selectLnbSubList - ==> Parameters: CT_LNB_CONTACT(String)
2025-01-13 16:18:19 [http-nio-8080-exec-5] DEBUG c.s.d.m.C.selectLnbSubList - ==> Parameters: CT_LNB_SERVICE(String)
2025-01-13 16:18:19 [http-nio-8080-exec-8] DEBUG c.s.d.m.C.selectLnbSubList - <==      Total: 1
2025-01-13 16:18:19 [http-nio-8080-exec-10] DEBUG c.s.d.m.C.selectLnbSubList - <==      Total: 2
2025-01-13 16:18:19 [http-nio-8080-exec-5] DEBUG c.s.d.m.C.selectLnbSubList - <==      Total: 4
2025-01-13 16:18:19 [http-nio-8080-exec-8] DEBUG org.mybatis.spring.SqlSessionUtils - Closing non transactional SqlSession [org.apache.ibatis.session.defaults.DefaultSqlSession@62fcec01]
2025-01-13 16:18:19 [http-nio-8080-exec-10] DEBUG org.mybatis.spring.SqlSessionUtils - Closing non transactional SqlSession [org.apache.ibatis.session.defaults.DefaultSqlSession@3981b4ca]
2025-01-13 16:18:19 [http-nio-8080-exec-5] DEBUG org.mybatis.spring.SqlSessionUtils - Closing non transactional SqlSession [org.apache.ibatis.session.defaults.DefaultSqlSession@5ee04cf]
2025-01-13 16:18:19 [http-nio-8080-exec-6] DEBUG org.mybatis.spring.SqlSessionUtils - Creating a new SqlSession
2025-01-13 16:18:19 [http-nio-8080-exec-2] DEBUG org.mybatis.spring.SqlSessionUtils - Creating a new SqlSession
2025-01-13 16:18:19 [http-nio-8080-exec-1] DEBUG org.mybatis.spring.SqlSessionUtils - Creating a new SqlSession
2025-01-13 16:18:19 [http-nio-8080-exec-6] DEBUG org.mybatis.spring.SqlSessionUtils - SqlSession [org.apache.ibatis.session.defaults.DefaultSqlSession@5c0e99f3] was not registered for synchronization because synchronization is not active
2025-01-13 16:18:19 [http-nio-8080-exec-2] DEBUG org.mybatis.spring.SqlSessionUtils - SqlSession [org.apache.ibatis.session.defaults.DefaultSqlSession@3b552ac9] was not registered for synchronization because synchronization is not active
2025-01-13 16:18:19 [http-nio-8080-exec-1] DEBUG org.mybatis.spring.SqlSessionUtils - SqlSession [org.apache.ibatis.session.defaults.DefaultSqlSession@1638827] was not registered for synchronization because synchronization is not active
2025-01-13 16:18:19 [http-nio-8080-exec-6] DEBUG o.m.s.t.SpringManagedTransaction - JDBC Connection [HikariProxyConnection@646779635 wrapping com.mysql.cj.jdbc.ConnectionImpl@1b176bb] will not be managed by Spring
2025-01-13 16:18:19 [http-nio-8080-exec-2] DEBUG o.m.s.t.SpringManagedTransaction - JDBC Connection [HikariProxyConnection@797584081 wrapping com.mysql.cj.jdbc.ConnectionImpl@202516a8] will not be managed by Spring
2025-01-13 16:18:19 [http-nio-8080-exec-1] DEBUG o.m.s.t.SpringManagedTransaction - JDBC Connection [HikariProxyConnection@2028291447 wrapping com.mysql.cj.jdbc.ConnectionImpl@2f55317c] will not be managed by Spring
2025-01-13 16:18:19 [http-nio-8080-exec-6] DEBUG c.s.d.m.C.selectLnbSubList - ==>  Preparing: SELECT CT_LNB_SUB_IDX AS ctLnbSubIdx, CT_LNB_ID AS ctLnbId, CT_LNB_SUB_ID AS ctLnbSubId, CT_LNB_SUB_NAME AS ctLnbSubName, CT_LNB_SUB_URL AS ctLnbSubUrl FROM CT_LNB_SUB WHERE CT_LNB_ID = ? ORDER BY CT_LNB_SUB_IDX
2025-01-13 16:18:19 [http-nio-8080-exec-2] DEBUG c.s.d.m.C.selectLnbSubList - ==>  Preparing: SELECT CT_LNB_SUB_IDX AS ctLnbSubIdx, CT_LNB_ID AS ctLnbId, CT_LNB_SUB_ID AS ctLnbSubId, CT_LNB_SUB_NAME AS ctLnbSubName, CT_LNB_SUB_URL AS ctLnbSubUrl FROM CT_LNB_SUB WHERE CT_LNB_ID = ? ORDER BY CT_LNB_SUB_IDX
2025-01-13 16:18:19 [http-nio-8080-exec-1] DEBUG c.s.d.m.C.selectLnbSubList - ==>  Preparing: SELECT CT_LNB_SUB_IDX AS ctLnbSubIdx, CT_LNB_ID AS ctLnbId, CT_LNB_SUB_ID AS ctLnbSubId, CT_LNB_SUB_NAME AS ctLnbSubName, CT_LNB_SUB_URL AS ctLnbSubUrl FROM CT_LNB_SUB WHERE CT_LNB_ID = ? ORDER BY CT_LNB_SUB_IDX
2025-01-13 16:18:19 [http-nio-8080-exec-1] DEBUG c.s.d.m.C.selectLnbSubList - ==> Parameters: CT_LNB_CONTACT(String)
2025-01-13 16:18:19 [http-nio-8080-exec-6] DEBUG c.s.d.m.C.selectLnbSubList - ==> Parameters: CT_LNB_SERVICE(String)
2025-01-13 16:18:19 [http-nio-8080-exec-2] DEBUG c.s.d.m.C.selectLnbSubList - ==> Parameters: CT_LNB_COMPANY(String)
2025-01-13 16:18:19 [http-nio-8080-exec-2] DEBUG c.s.d.m.C.selectLnbSubList - <==      Total: 1
2025-01-13 16:18:19 [http-nio-8080-exec-6] DEBUG c.s.d.m.C.selectLnbSubList - <==      Total: 4
2025-01-13 16:18:19 [http-nio-8080-exec-1] DEBUG c.s.d.m.C.selectLnbSubList - <==      Total: 2
2025-01-13 16:18:19 [http-nio-8080-exec-6] DEBUG org.mybatis.spring.SqlSessionUtils - Closing non transactional SqlSession [org.apache.ibatis.session.defaults.DefaultSqlSession@5c0e99f3]
2025-01-13 16:18:19 [http-nio-8080-exec-2] DEBUG org.mybatis.spring.SqlSessionUtils - Closing non transactional SqlSession [org.apache.ibatis.session.defaults.DefaultSqlSession@3b552ac9]
2025-01-13 16:18:19 [http-nio-8080-exec-1] DEBUG org.mybatis.spring.SqlSessionUtils - Closing non transactional SqlSession [org.apache.ibatis.session.defaults.DefaultSqlSession@1638827]
2025-01-13 16:18:23 [http-nio-8080-exec-9] WARN  o.t.s.p.AbstractStandardFragmentInsertionTagProcessor - [THYMELEAF][http-nio-8080-exec-9][common/layout/layout] Deprecated unwrapped fragment expression "common/fragments/header::header" found in template common/layout/layout, line 33, col 10. Please use the complete syntax of fragment expressions instead ("~{common/fragments/header::header}"). The old, unwrapped syntax for fragment expressions will be removed in future versions of Thymeleaf.
2025-01-13 16:18:23 [http-nio-8080-exec-9] WARN  o.t.s.p.AbstractStandardFragmentInsertionTagProcessor - [THYMELEAF][http-nio-8080-exec-9][common/layout/layout] Deprecated unwrapped fragment expression "common/fragments/footer::footer" found in template common/layout/layout, line 37, col 10. Please use the complete syntax of fragment expressions instead ("~{common/fragments/footer::footer}"). The old, unwrapped syntax for fragment expressions will be removed in future versions of Thymeleaf.
2025-01-13 16:18:23 [http-nio-8080-exec-4] DEBUG org.mybatis.spring.SqlSessionUtils - Creating a new SqlSession
2025-01-13 16:18:23 [http-nio-8080-exec-4] DEBUG org.mybatis.spring.SqlSessionUtils - SqlSession [org.apache.ibatis.session.defaults.DefaultSqlSession@39874b8e] was not registered for synchronization because synchronization is not active
2025-01-13 16:18:23 [http-nio-8080-exec-4] DEBUG o.m.s.t.SpringManagedTransaction - JDBC Connection [HikariProxyConnection@111555772 wrapping com.mysql.cj.jdbc.ConnectionImpl@1b176bb] will not be managed by Spring
2025-01-13 16:18:23 [http-nio-8080-exec-4] DEBUG c.s.d.m.CommonMapper.selectLnbList - ==>  Preparing: SELECT CT_LNB_IDX AS ctLnbIdx, CT_LNB_ID AS ctLnbId, CT_LNB_NAME AS ctLnbName, CT_LNB_SUB_YN AS ctLnbSubYn, CT_LNB_URL AS ctLnbUrl, CT_LNB_USE_YN AS ctLnbUseYn FROM CT_LNB WHERE CT_LNB_USE_YN = 'Y' ORDER BY CT_LNB_IDX
2025-01-13 16:18:23 [http-nio-8080-exec-4] DEBUG c.s.d.m.CommonMapper.selectLnbList - ==> Parameters: 
2025-01-13 16:18:23 [http-nio-8080-exec-4] DEBUG c.s.d.m.CommonMapper.selectLnbList - <==      Total: 4
2025-01-13 16:18:23 [http-nio-8080-exec-4] DEBUG org.mybatis.spring.SqlSessionUtils - Closing non transactional SqlSession [org.apache.ibatis.session.defaults.DefaultSqlSession@39874b8e]
2025-01-13 16:18:23 [http-nio-8080-exec-7] DEBUG org.mybatis.spring.SqlSessionUtils - Creating a new SqlSession
2025-01-13 16:18:23 [http-nio-8080-exec-7] DEBUG org.mybatis.spring.SqlSessionUtils - SqlSession [org.apache.ibatis.session.defaults.DefaultSqlSession@14a5d1] was not registered for synchronization because synchronization is not active
2025-01-13 16:18:23 [http-nio-8080-exec-7] DEBUG o.m.s.t.SpringManagedTransaction - JDBC Connection [HikariProxyConnection@2025864746 wrapping com.mysql.cj.jdbc.ConnectionImpl@2f55317c] will not be managed by Spring
2025-01-13 16:18:23 [http-nio-8080-exec-7] DEBUG c.s.d.m.CommonMapper.selectLnbList - ==>  Preparing: SELECT CT_LNB_IDX AS ctLnbIdx, CT_LNB_ID AS ctLnbId, CT_LNB_NAME AS ctLnbName, CT_LNB_SUB_YN AS ctLnbSubYn, CT_LNB_URL AS ctLnbUrl, CT_LNB_USE_YN AS ctLnbUseYn FROM CT_LNB WHERE CT_LNB_USE_YN = 'Y' ORDER BY CT_LNB_IDX
2025-01-13 16:18:23 [http-nio-8080-exec-7] DEBUG c.s.d.m.CommonMapper.selectLnbList - ==> Parameters: 
2025-01-13 16:18:23 [http-nio-8080-exec-7] DEBUG c.s.d.m.CommonMapper.selectLnbList - <==      Total: 4
2025-01-13 16:18:23 [http-nio-8080-exec-7] DEBUG org.mybatis.spring.SqlSessionUtils - Closing non transactional SqlSession [org.apache.ibatis.session.defaults.DefaultSqlSession@14a5d1]
2025-01-13 16:18:23 [http-nio-8080-exec-5] DEBUG org.mybatis.spring.SqlSessionUtils - Creating a new SqlSession
2025-01-13 16:18:23 [http-nio-8080-exec-5] DEBUG org.mybatis.spring.SqlSessionUtils - SqlSession [org.apache.ibatis.session.defaults.DefaultSqlSession@67611dad] was not registered for synchronization because synchronization is not active
2025-01-13 16:18:23 [http-nio-8080-exec-10] DEBUG org.mybatis.spring.SqlSessionUtils - Creating a new SqlSession
2025-01-13 16:18:23 [http-nio-8080-exec-8] DEBUG org.mybatis.spring.SqlSessionUtils - Creating a new SqlSession
2025-01-13 16:18:23 [http-nio-8080-exec-10] DEBUG org.mybatis.spring.SqlSessionUtils - SqlSession [org.apache.ibatis.session.defaults.DefaultSqlSession@402fe067] was not registered for synchronization because synchronization is not active
2025-01-13 16:18:23 [http-nio-8080-exec-8] DEBUG org.mybatis.spring.SqlSessionUtils - SqlSession [org.apache.ibatis.session.defaults.DefaultSqlSession@1258da5] was not registered for synchronization because synchronization is not active
2025-01-13 16:18:23 [http-nio-8080-exec-8] DEBUG o.m.s.t.SpringManagedTransaction - JDBC Connection [HikariProxyConnection@674962630 wrapping com.mysql.cj.jdbc.ConnectionImpl@1b176bb] will not be managed by Spring
2025-01-13 16:18:23 [http-nio-8080-exec-5] DEBUG o.m.s.t.SpringManagedTransaction - JDBC Connection [HikariProxyConnection@1888333938 wrapping com.mysql.cj.jdbc.ConnectionImpl@202516a8] will not be managed by Spring
2025-01-13 16:18:23 [http-nio-8080-exec-8] DEBUG c.s.d.m.C.selectLnbSubList - ==>  Preparing: SELECT CT_LNB_SUB_IDX AS ctLnbSubIdx, CT_LNB_ID AS ctLnbId, CT_LNB_SUB_ID AS ctLnbSubId, CT_LNB_SUB_NAME AS ctLnbSubName, CT_LNB_SUB_URL AS ctLnbSubUrl FROM CT_LNB_SUB WHERE CT_LNB_ID = ? ORDER BY CT_LNB_SUB_IDX
2025-01-13 16:18:23 [http-nio-8080-exec-5] DEBUG c.s.d.m.C.selectLnbSubList - ==>  Preparing: SELECT CT_LNB_SUB_IDX AS ctLnbSubIdx, CT_LNB_ID AS ctLnbId, CT_LNB_SUB_ID AS ctLnbSubId, CT_LNB_SUB_NAME AS ctLnbSubName, CT_LNB_SUB_URL AS ctLnbSubUrl FROM CT_LNB_SUB WHERE CT_LNB_ID = ? ORDER BY CT_LNB_SUB_IDX
2025-01-13 16:18:23 [http-nio-8080-exec-10] DEBUG o.m.s.t.SpringManagedTransaction - JDBC Connection [HikariProxyConnection@2009089137 wrapping com.mysql.cj.jdbc.ConnectionImpl@4e92d0f1] will not be managed by Spring
2025-01-13 16:18:23 [http-nio-8080-exec-10] DEBUG c.s.d.m.C.selectLnbSubList - ==>  Preparing: SELECT CT_LNB_SUB_IDX AS ctLnbSubIdx, CT_LNB_ID AS ctLnbId, CT_LNB_SUB_ID AS ctLnbSubId, CT_LNB_SUB_NAME AS ctLnbSubName, CT_LNB_SUB_URL AS ctLnbSubUrl FROM CT_LNB_SUB WHERE CT_LNB_ID = ? ORDER BY CT_LNB_SUB_IDX
2025-01-13 16:18:23 [http-nio-8080-exec-5] DEBUG c.s.d.m.C.selectLnbSubList - ==> Parameters: CT_LNB_COMPANY(String)
2025-01-13 16:18:23 [http-nio-8080-exec-8] DEBUG c.s.d.m.C.selectLnbSubList - ==> Parameters: CT_LNB_CONTACT(String)
2025-01-13 16:18:23 [http-nio-8080-exec-10] DEBUG c.s.d.m.C.selectLnbSubList - ==> Parameters: CT_LNB_SERVICE(String)
2025-01-13 16:18:23 [http-nio-8080-exec-5] DEBUG c.s.d.m.C.selectLnbSubList - <==      Total: 1
2025-01-13 16:18:23 [http-nio-8080-exec-10] DEBUG c.s.d.m.C.selectLnbSubList - <==      Total: 4
2025-01-13 16:18:23 [http-nio-8080-exec-8] DEBUG c.s.d.m.C.selectLnbSubList - <==      Total: 2
2025-01-13 16:18:23 [http-nio-8080-exec-5] DEBUG org.mybatis.spring.SqlSessionUtils - Closing non transactional SqlSession [org.apache.ibatis.session.defaults.DefaultSqlSession@67611dad]
2025-01-13 16:18:23 [http-nio-8080-exec-10] DEBUG org.mybatis.spring.SqlSessionUtils - Closing non transactional SqlSession [org.apache.ibatis.session.defaults.DefaultSqlSession@402fe067]
2025-01-13 16:18:23 [http-nio-8080-exec-8] DEBUG org.mybatis.spring.SqlSessionUtils - Closing non transactional SqlSession [org.apache.ibatis.session.defaults.DefaultSqlSession@1258da5]
2025-01-13 16:18:23 [http-nio-8080-exec-6] DEBUG org.mybatis.spring.SqlSessionUtils - Creating a new SqlSession
2025-01-13 16:18:23 [http-nio-8080-exec-2] DEBUG org.mybatis.spring.SqlSessionUtils - Creating a new SqlSession
2025-01-13 16:18:23 [http-nio-8080-exec-1] DEBUG org.mybatis.spring.SqlSessionUtils - Creating a new SqlSession
2025-01-13 16:18:23 [http-nio-8080-exec-6] DEBUG org.mybatis.spring.SqlSessionUtils - SqlSession [org.apache.ibatis.session.defaults.DefaultSqlSession@517befea] was not registered for synchronization because synchronization is not active
2025-01-13 16:18:23 [http-nio-8080-exec-2] DEBUG org.mybatis.spring.SqlSessionUtils - SqlSession [org.apache.ibatis.session.defaults.DefaultSqlSession@4b4ed9ef] was not registered for synchronization because synchronization is not active
2025-01-13 16:18:23 [http-nio-8080-exec-1] DEBUG org.mybatis.spring.SqlSessionUtils - SqlSession [org.apache.ibatis.session.defaults.DefaultSqlSession@47edc244] was not registered for synchronization because synchronization is not active
2025-01-13 16:18:23 [http-nio-8080-exec-6] DEBUG o.m.s.t.SpringManagedTransaction - JDBC Connection [HikariProxyConnection@523199932 wrapping com.mysql.cj.jdbc.ConnectionImpl@1b176bb] will not be managed by Spring
2025-01-13 16:18:23 [http-nio-8080-exec-1] DEBUG o.m.s.t.SpringManagedTransaction - JDBC Connection [HikariProxyConnection@368179507 wrapping com.mysql.cj.jdbc.ConnectionImpl@2f55317c] will not be managed by Spring
2025-01-13 16:18:23 [http-nio-8080-exec-2] DEBUG o.m.s.t.SpringManagedTransaction - JDBC Connection [HikariProxyConnection@896319221 wrapping com.mysql.cj.jdbc.ConnectionImpl@202516a8] will not be managed by Spring
2025-01-13 16:18:23 [http-nio-8080-exec-6] DEBUG c.s.d.m.C.selectLnbSubList - ==>  Preparing: SELECT CT_LNB_SUB_IDX AS ctLnbSubIdx, CT_LNB_ID AS ctLnbId, CT_LNB_SUB_ID AS ctLnbSubId, CT_LNB_SUB_NAME AS ctLnbSubName, CT_LNB_SUB_URL AS ctLnbSubUrl FROM CT_LNB_SUB WHERE CT_LNB_ID = ? ORDER BY CT_LNB_SUB_IDX
2025-01-13 16:18:23 [http-nio-8080-exec-2] DEBUG c.s.d.m.C.selectLnbSubList - ==>  Preparing: SELECT CT_LNB_SUB_IDX AS ctLnbSubIdx, CT_LNB_ID AS ctLnbId, CT_LNB_SUB_ID AS ctLnbSubId, CT_LNB_SUB_NAME AS ctLnbSubName, CT_LNB_SUB_URL AS ctLnbSubUrl FROM CT_LNB_SUB WHERE CT_LNB_ID = ? ORDER BY CT_LNB_SUB_IDX
2025-01-13 16:18:23 [http-nio-8080-exec-1] DEBUG c.s.d.m.C.selectLnbSubList - ==>  Preparing: SELECT CT_LNB_SUB_IDX AS ctLnbSubIdx, CT_LNB_ID AS ctLnbId, CT_LNB_SUB_ID AS ctLnbSubId, CT_LNB_SUB_NAME AS ctLnbSubName, CT_LNB_SUB_URL AS ctLnbSubUrl FROM CT_LNB_SUB WHERE CT_LNB_ID = ? ORDER BY CT_LNB_SUB_IDX
2025-01-13 16:18:23 [http-nio-8080-exec-2] DEBUG c.s.d.m.C.selectLnbSubList - ==> Parameters: CT_LNB_COMPANY(String)
2025-01-13 16:18:23 [http-nio-8080-exec-1] DEBUG c.s.d.m.C.selectLnbSubList - ==> Parameters: CT_LNB_CONTACT(String)
2025-01-13 16:18:23 [http-nio-8080-exec-6] DEBUG c.s.d.m.C.selectLnbSubList - ==> Parameters: CT_LNB_SERVICE(String)
2025-01-13 16:18:23 [http-nio-8080-exec-2] DEBUG c.s.d.m.C.selectLnbSubList - <==      Total: 1
2025-01-13 16:18:23 [http-nio-8080-exec-1] DEBUG c.s.d.m.C.selectLnbSubList - <==      Total: 2
2025-01-13 16:18:23 [http-nio-8080-exec-6] DEBUG c.s.d.m.C.selectLnbSubList - <==      Total: 4
2025-01-13 16:18:23 [http-nio-8080-exec-2] DEBUG org.mybatis.spring.SqlSessionUtils - Closing non transactional SqlSession [org.apache.ibatis.session.defaults.DefaultSqlSession@4b4ed9ef]
2025-01-13 16:18:23 [http-nio-8080-exec-6] DEBUG org.mybatis.spring.SqlSessionUtils - Closing non transactional SqlSession [org.apache.ibatis.session.defaults.DefaultSqlSession@517befea]
2025-01-13 16:18:23 [http-nio-8080-exec-1] DEBUG org.mybatis.spring.SqlSessionUtils - Closing non transactional SqlSession [org.apache.ibatis.session.defaults.DefaultSqlSession@47edc244]
2025-01-13 16:18:28 [http-nio-8080-exec-9] WARN  o.t.s.p.AbstractStandardFragmentInsertionTagProcessor - [THYMELEAF][http-nio-8080-exec-9][common/layout/layout] Deprecated unwrapped fragment expression "common/fragments/header::header" found in template common/layout/layout, line 33, col 10. Please use the complete syntax of fragment expressions instead ("~{common/fragments/header::header}"). The old, unwrapped syntax for fragment expressions will be removed in future versions of Thymeleaf.
2025-01-13 16:18:28 [http-nio-8080-exec-9] WARN  o.t.s.p.AbstractStandardFragmentInsertionTagProcessor - [THYMELEAF][http-nio-8080-exec-9][common/layout/layout] Deprecated unwrapped fragment expression "common/fragments/footer::footer" found in template common/layout/layout, line 37, col 10. Please use the complete syntax of fragment expressions instead ("~{common/fragments/footer::footer}"). The old, unwrapped syntax for fragment expressions will be removed in future versions of Thymeleaf.
2025-01-13 16:18:28 [http-nio-8080-exec-4] DEBUG org.mybatis.spring.SqlSessionUtils - Creating a new SqlSession
2025-01-13 16:18:28 [http-nio-8080-exec-4] DEBUG org.mybatis.spring.SqlSessionUtils - SqlSession [org.apache.ibatis.session.defaults.DefaultSqlSession@273d0263] was not registered for synchronization because synchronization is not active
2025-01-13 16:18:28 [http-nio-8080-exec-4] DEBUG o.m.s.t.SpringManagedTransaction - JDBC Connection [HikariProxyConnection@277463532 wrapping com.mysql.cj.jdbc.ConnectionImpl@1b176bb] will not be managed by Spring
2025-01-13 16:18:28 [http-nio-8080-exec-4] DEBUG c.s.d.m.CommonMapper.selectLnbList - ==>  Preparing: SELECT CT_LNB_IDX AS ctLnbIdx, CT_LNB_ID AS ctLnbId, CT_LNB_NAME AS ctLnbName, CT_LNB_SUB_YN AS ctLnbSubYn, CT_LNB_URL AS ctLnbUrl, CT_LNB_USE_YN AS ctLnbUseYn FROM CT_LNB WHERE CT_LNB_USE_YN = 'Y' ORDER BY CT_LNB_IDX
2025-01-13 16:18:28 [http-nio-8080-exec-4] DEBUG c.s.d.m.CommonMapper.selectLnbList - ==> Parameters: 
2025-01-13 16:18:28 [http-nio-8080-exec-4] DEBUG c.s.d.m.CommonMapper.selectLnbList - <==      Total: 4
2025-01-13 16:18:28 [http-nio-8080-exec-4] DEBUG org.mybatis.spring.SqlSessionUtils - Closing non transactional SqlSession [org.apache.ibatis.session.defaults.DefaultSqlSession@273d0263]
2025-01-13 16:18:28 [http-nio-8080-exec-7] DEBUG org.mybatis.spring.SqlSessionUtils - Creating a new SqlSession
2025-01-13 16:18:28 [http-nio-8080-exec-7] DEBUG org.mybatis.spring.SqlSessionUtils - SqlSession [org.apache.ibatis.session.defaults.DefaultSqlSession@358f70c7] was not registered for synchronization because synchronization is not active
2025-01-13 16:18:28 [http-nio-8080-exec-7] DEBUG o.m.s.t.SpringManagedTransaction - JDBC Connection [HikariProxyConnection@1279736114 wrapping com.mysql.cj.jdbc.ConnectionImpl@2f55317c] will not be managed by Spring
2025-01-13 16:18:28 [http-nio-8080-exec-7] DEBUG c.s.d.m.CommonMapper.selectLnbList - ==>  Preparing: SELECT CT_LNB_IDX AS ctLnbIdx, CT_LNB_ID AS ctLnbId, CT_LNB_NAME AS ctLnbName, CT_LNB_SUB_YN AS ctLnbSubYn, CT_LNB_URL AS ctLnbUrl, CT_LNB_USE_YN AS ctLnbUseYn FROM CT_LNB WHERE CT_LNB_USE_YN = 'Y' ORDER BY CT_LNB_IDX
2025-01-13 16:18:28 [http-nio-8080-exec-7] DEBUG c.s.d.m.CommonMapper.selectLnbList - ==> Parameters: 
2025-01-13 16:18:28 [http-nio-8080-exec-7] DEBUG c.s.d.m.CommonMapper.selectLnbList - <==      Total: 4
2025-01-13 16:18:28 [http-nio-8080-exec-7] DEBUG org.mybatis.spring.SqlSessionUtils - Closing non transactional SqlSession [org.apache.ibatis.session.defaults.DefaultSqlSession@358f70c7]
2025-01-13 16:18:28 [http-nio-8080-exec-5] DEBUG org.mybatis.spring.SqlSessionUtils - Creating a new SqlSession
2025-01-13 16:18:28 [http-nio-8080-exec-10] DEBUG org.mybatis.spring.SqlSessionUtils - Creating a new SqlSession
2025-01-13 16:18:28 [http-nio-8080-exec-5] DEBUG org.mybatis.spring.SqlSessionUtils - SqlSession [org.apache.ibatis.session.defaults.DefaultSqlSession@55de9b27] was not registered for synchronization because synchronization is not active
2025-01-13 16:18:28 [http-nio-8080-exec-10] DEBUG org.mybatis.spring.SqlSessionUtils - SqlSession [org.apache.ibatis.session.defaults.DefaultSqlSession@5887f4fd] was not registered for synchronization because synchronization is not active
2025-01-13 16:18:28 [http-nio-8080-exec-10] DEBUG o.m.s.t.SpringManagedTransaction - JDBC Connection [HikariProxyConnection@764526672 wrapping com.mysql.cj.jdbc.ConnectionImpl@4e92d0f1] will not be managed by Spring
2025-01-13 16:18:28 [http-nio-8080-exec-5] DEBUG o.m.s.t.SpringManagedTransaction - JDBC Connection [HikariProxyConnection@1221439438 wrapping com.mysql.cj.jdbc.ConnectionImpl@202516a8] will not be managed by Spring
2025-01-13 16:18:28 [http-nio-8080-exec-5] DEBUG c.s.d.m.C.selectLnbSubList - ==>  Preparing: SELECT CT_LNB_SUB_IDX AS ctLnbSubIdx, CT_LNB_ID AS ctLnbId, CT_LNB_SUB_ID AS ctLnbSubId, CT_LNB_SUB_NAME AS ctLnbSubName, CT_LNB_SUB_URL AS ctLnbSubUrl FROM CT_LNB_SUB WHERE CT_LNB_ID = ? ORDER BY CT_LNB_SUB_IDX
2025-01-13 16:18:28 [http-nio-8080-exec-10] DEBUG c.s.d.m.C.selectLnbSubList - ==>  Preparing: SELECT CT_LNB_SUB_IDX AS ctLnbSubIdx, CT_LNB_ID AS ctLnbId, CT_LNB_SUB_ID AS ctLnbSubId, CT_LNB_SUB_NAME AS ctLnbSubName, CT_LNB_SUB_URL AS ctLnbSubUrl FROM CT_LNB_SUB WHERE CT_LNB_ID = ? ORDER BY CT_LNB_SUB_IDX
2025-01-13 16:18:28 [http-nio-8080-exec-8] DEBUG org.mybatis.spring.SqlSessionUtils - Creating a new SqlSession
2025-01-13 16:18:28 [http-nio-8080-exec-8] DEBUG org.mybatis.spring.SqlSessionUtils - SqlSession [org.apache.ibatis.session.defaults.DefaultSqlSession@72c8192b] was not registered for synchronization because synchronization is not active
2025-01-13 16:18:28 [http-nio-8080-exec-5] DEBUG c.s.d.m.C.selectLnbSubList - ==> Parameters: CT_LNB_COMPANY(String)
2025-01-13 16:18:28 [http-nio-8080-exec-10] DEBUG c.s.d.m.C.selectLnbSubList - ==> Parameters: CT_LNB_SERVICE(String)
2025-01-13 16:18:28 [http-nio-8080-exec-8] DEBUG o.m.s.t.SpringManagedTransaction - JDBC Connection [HikariProxyConnection@48621208 wrapping com.mysql.cj.jdbc.ConnectionImpl@1b176bb] will not be managed by Spring
2025-01-13 16:18:28 [http-nio-8080-exec-8] DEBUG c.s.d.m.C.selectLnbSubList - ==>  Preparing: SELECT CT_LNB_SUB_IDX AS ctLnbSubIdx, CT_LNB_ID AS ctLnbId, CT_LNB_SUB_ID AS ctLnbSubId, CT_LNB_SUB_NAME AS ctLnbSubName, CT_LNB_SUB_URL AS ctLnbSubUrl FROM CT_LNB_SUB WHERE CT_LNB_ID = ? ORDER BY CT_LNB_SUB_IDX
2025-01-13 16:18:28 [http-nio-8080-exec-8] DEBUG c.s.d.m.C.selectLnbSubList - ==> Parameters: CT_LNB_CONTACT(String)
2025-01-13 16:18:28 [http-nio-8080-exec-5] DEBUG c.s.d.m.C.selectLnbSubList - <==      Total: 1
2025-01-13 16:18:28 [http-nio-8080-exec-10] DEBUG c.s.d.m.C.selectLnbSubList - <==      Total: 4
2025-01-13 16:18:28 [http-nio-8080-exec-8] DEBUG c.s.d.m.C.selectLnbSubList - <==      Total: 2
2025-01-13 16:18:28 [http-nio-8080-exec-5] DEBUG org.mybatis.spring.SqlSessionUtils - Closing non transactional SqlSession [org.apache.ibatis.session.defaults.DefaultSqlSession@55de9b27]
2025-01-13 16:18:28 [http-nio-8080-exec-8] DEBUG org.mybatis.spring.SqlSessionUtils - Closing non transactional SqlSession [org.apache.ibatis.session.defaults.DefaultSqlSession@72c8192b]
2025-01-13 16:18:28 [http-nio-8080-exec-10] DEBUG org.mybatis.spring.SqlSessionUtils - Closing non transactional SqlSession [org.apache.ibatis.session.defaults.DefaultSqlSession@5887f4fd]
2025-01-13 16:18:28 [http-nio-8080-exec-2] DEBUG org.mybatis.spring.SqlSessionUtils - Creating a new SqlSession
2025-01-13 16:18:28 [http-nio-8080-exec-9] DEBUG org.mybatis.spring.SqlSessionUtils - Creating a new SqlSession
2025-01-13 16:18:28 [http-nio-8080-exec-1] DEBUG org.mybatis.spring.SqlSessionUtils - Creating a new SqlSession
2025-01-13 16:18:28 [http-nio-8080-exec-9] DEBUG org.mybatis.spring.SqlSessionUtils - SqlSession [org.apache.ibatis.session.defaults.DefaultSqlSession@77a48313] was not registered for synchronization because synchronization is not active
2025-01-13 16:18:28 [http-nio-8080-exec-2] DEBUG org.mybatis.spring.SqlSessionUtils - SqlSession [org.apache.ibatis.session.defaults.DefaultSqlSession@617a37a2] was not registered for synchronization because synchronization is not active
2025-01-13 16:18:28 [http-nio-8080-exec-1] DEBUG org.mybatis.spring.SqlSessionUtils - SqlSession [org.apache.ibatis.session.defaults.DefaultSqlSession@1c8db4cb] was not registered for synchronization because synchronization is not active
2025-01-13 16:18:28 [http-nio-8080-exec-9] DEBUG o.m.s.t.SpringManagedTransaction - JDBC Connection [HikariProxyConnection@1022179408 wrapping com.mysql.cj.jdbc.ConnectionImpl@1b176bb] will not be managed by Spring
2025-01-13 16:18:28 [http-nio-8080-exec-1] DEBUG o.m.s.t.SpringManagedTransaction - JDBC Connection [HikariProxyConnection@112197128 wrapping com.mysql.cj.jdbc.ConnectionImpl@2f55317c] will not be managed by Spring
2025-01-13 16:18:28 [http-nio-8080-exec-2] DEBUG o.m.s.t.SpringManagedTransaction - JDBC Connection [HikariProxyConnection@833730158 wrapping com.mysql.cj.jdbc.ConnectionImpl@202516a8] will not be managed by Spring
2025-01-13 16:18:28 [http-nio-8080-exec-9] DEBUG c.s.d.m.C.selectLnbSubList - ==>  Preparing: SELECT CT_LNB_SUB_IDX AS ctLnbSubIdx, CT_LNB_ID AS ctLnbId, CT_LNB_SUB_ID AS ctLnbSubId, CT_LNB_SUB_NAME AS ctLnbSubName, CT_LNB_SUB_URL AS ctLnbSubUrl FROM CT_LNB_SUB WHERE CT_LNB_ID = ? ORDER BY CT_LNB_SUB_IDX
2025-01-13 16:18:28 [http-nio-8080-exec-1] DEBUG c.s.d.m.C.selectLnbSubList - ==>  Preparing: SELECT CT_LNB_SUB_IDX AS ctLnbSubIdx, CT_LNB_ID AS ctLnbId, CT_LNB_SUB_ID AS ctLnbSubId, CT_LNB_SUB_NAME AS ctLnbSubName, CT_LNB_SUB_URL AS ctLnbSubUrl FROM CT_LNB_SUB WHERE CT_LNB_ID = ? ORDER BY CT_LNB_SUB_IDX
2025-01-13 16:18:28 [http-nio-8080-exec-2] DEBUG c.s.d.m.C.selectLnbSubList - ==>  Preparing: SELECT CT_LNB_SUB_IDX AS ctLnbSubIdx, CT_LNB_ID AS ctLnbId, CT_LNB_SUB_ID AS ctLnbSubId, CT_LNB_SUB_NAME AS ctLnbSubName, CT_LNB_SUB_URL AS ctLnbSubUrl FROM CT_LNB_SUB WHERE CT_LNB_ID = ? ORDER BY CT_LNB_SUB_IDX
2025-01-13 16:18:28 [http-nio-8080-exec-9] DEBUG c.s.d.m.C.selectLnbSubList - ==> Parameters: CT_LNB_CONTACT(String)
2025-01-13 16:18:28 [http-nio-8080-exec-1] DEBUG c.s.d.m.C.selectLnbSubList - ==> Parameters: CT_LNB_COMPANY(String)
2025-01-13 16:18:28 [http-nio-8080-exec-2] DEBUG c.s.d.m.C.selectLnbSubList - ==> Parameters: CT_LNB_SERVICE(String)
2025-01-13 16:18:28 [http-nio-8080-exec-1] DEBUG c.s.d.m.C.selectLnbSubList - <==      Total: 1
2025-01-13 16:18:28 [http-nio-8080-exec-9] DEBUG c.s.d.m.C.selectLnbSubList - <==      Total: 2
2025-01-13 16:18:28 [http-nio-8080-exec-2] DEBUG c.s.d.m.C.selectLnbSubList - <==      Total: 4
2025-01-13 16:18:28 [http-nio-8080-exec-1] DEBUG org.mybatis.spring.SqlSessionUtils - Closing non transactional SqlSession [org.apache.ibatis.session.defaults.DefaultSqlSession@1c8db4cb]
2025-01-13 16:18:28 [http-nio-8080-exec-2] DEBUG org.mybatis.spring.SqlSessionUtils - Closing non transactional SqlSession [org.apache.ibatis.session.defaults.DefaultSqlSession@617a37a2]
2025-01-13 16:18:28 [http-nio-8080-exec-9] DEBUG org.mybatis.spring.SqlSessionUtils - Closing non transactional SqlSession [org.apache.ibatis.session.defaults.DefaultSqlSession@77a48313]
2025-01-13 16:20:38 [http-nio-8080-exec-8] WARN  o.t.s.p.AbstractStandardFragmentInsertionTagProcessor - [THYMELEAF][http-nio-8080-exec-8][common/layout/layout] Deprecated unwrapped fragment expression "common/fragments/header::header" found in template common/layout/layout, line 33, col 10. Please use the complete syntax of fragment expressions instead ("~{common/fragments/header::header}"). The old, unwrapped syntax for fragment expressions will be removed in future versions of Thymeleaf.
2025-01-13 16:20:38 [http-nio-8080-exec-8] WARN  o.t.s.p.AbstractStandardFragmentInsertionTagProcessor - [THYMELEAF][http-nio-8080-exec-8][common/layout/layout] Deprecated unwrapped fragment expression "common/fragments/footer::footer" found in template common/layout/layout, line 37, col 10. Please use the complete syntax of fragment expressions instead ("~{common/fragments/footer::footer}"). The old, unwrapped syntax for fragment expressions will be removed in future versions of Thymeleaf.
2025-01-13 16:20:38 [http-nio-8080-exec-3] DEBUG org.mybatis.spring.SqlSessionUtils - Creating a new SqlSession
2025-01-13 16:20:38 [http-nio-8080-exec-3] DEBUG org.mybatis.spring.SqlSessionUtils - SqlSession [org.apache.ibatis.session.defaults.DefaultSqlSession@7073a82d] was not registered for synchronization because synchronization is not active
2025-01-13 16:20:38 [http-nio-8080-exec-3] DEBUG o.m.s.t.SpringManagedTransaction - JDBC Connection [HikariProxyConnection@1437463014 wrapping com.mysql.cj.jdbc.ConnectionImpl@202516a8] will not be managed by Spring
2025-01-13 16:20:38 [http-nio-8080-exec-3] DEBUG c.s.d.m.CommonMapper.selectLnbList - ==>  Preparing: SELECT CT_LNB_IDX AS ctLnbIdx, CT_LNB_ID AS ctLnbId, CT_LNB_NAME AS ctLnbName, CT_LNB_SUB_YN AS ctLnbSubYn, CT_LNB_URL AS ctLnbUrl, CT_LNB_USE_YN AS ctLnbUseYn FROM CT_LNB WHERE CT_LNB_USE_YN = 'Y' ORDER BY CT_LNB_IDX
2025-01-13 16:20:38 [http-nio-8080-exec-3] DEBUG c.s.d.m.CommonMapper.selectLnbList - ==> Parameters: 
2025-01-13 16:20:38 [http-nio-8080-exec-3] DEBUG c.s.d.m.CommonMapper.selectLnbList - <==      Total: 4
2025-01-13 16:20:38 [http-nio-8080-exec-3] DEBUG org.mybatis.spring.SqlSessionUtils - Closing non transactional SqlSession [org.apache.ibatis.session.defaults.DefaultSqlSession@7073a82d]
2025-01-13 16:20:38 [http-nio-8080-exec-1] DEBUG org.mybatis.spring.SqlSessionUtils - Creating a new SqlSession
2025-01-13 16:20:38 [http-nio-8080-exec-1] DEBUG org.mybatis.spring.SqlSessionUtils - SqlSession [org.apache.ibatis.session.defaults.DefaultSqlSession@bdaad00] was not registered for synchronization because synchronization is not active
2025-01-13 16:20:38 [http-nio-8080-exec-1] DEBUG o.m.s.t.SpringManagedTransaction - JDBC Connection [HikariProxyConnection@1920749005 wrapping com.mysql.cj.jdbc.ConnectionImpl@2f55317c] will not be managed by Spring
2025-01-13 16:20:38 [http-nio-8080-exec-1] DEBUG c.s.d.m.CommonMapper.selectLnbList - ==>  Preparing: SELECT CT_LNB_IDX AS ctLnbIdx, CT_LNB_ID AS ctLnbId, CT_LNB_NAME AS ctLnbName, CT_LNB_SUB_YN AS ctLnbSubYn, CT_LNB_URL AS ctLnbUrl, CT_LNB_USE_YN AS ctLnbUseYn FROM CT_LNB WHERE CT_LNB_USE_YN = 'Y' ORDER BY CT_LNB_IDX
2025-01-13 16:20:38 [http-nio-8080-exec-1] DEBUG c.s.d.m.CommonMapper.selectLnbList - ==> Parameters: 
2025-01-13 16:20:38 [http-nio-8080-exec-1] DEBUG c.s.d.m.CommonMapper.selectLnbList - <==      Total: 4
2025-01-13 16:20:38 [http-nio-8080-exec-1] DEBUG org.mybatis.spring.SqlSessionUtils - Closing non transactional SqlSession [org.apache.ibatis.session.defaults.DefaultSqlSession@bdaad00]
2025-01-13 16:20:38 [http-nio-8080-exec-4] DEBUG org.mybatis.spring.SqlSessionUtils - Creating a new SqlSession
2025-01-13 16:20:38 [http-nio-8080-exec-8] DEBUG org.mybatis.spring.SqlSessionUtils - Creating a new SqlSession
2025-01-13 16:20:38 [http-nio-8080-exec-4] DEBUG org.mybatis.spring.SqlSessionUtils - SqlSession [org.apache.ibatis.session.defaults.DefaultSqlSession@5945b1f8] was not registered for synchronization because synchronization is not active
2025-01-13 16:20:38 [http-nio-8080-exec-8] DEBUG org.mybatis.spring.SqlSessionUtils - SqlSession [org.apache.ibatis.session.defaults.DefaultSqlSession@17ca53e9] was not registered for synchronization because synchronization is not active
2025-01-13 16:20:38 [http-nio-8080-exec-4] DEBUG o.m.s.t.SpringManagedTransaction - JDBC Connection [HikariProxyConnection@269489120 wrapping com.mysql.cj.jdbc.ConnectionImpl@2f55317c] will not be managed by Spring
2025-01-13 16:20:38 [http-nio-8080-exec-10] DEBUG org.mybatis.spring.SqlSessionUtils - Creating a new SqlSession
2025-01-13 16:20:38 [http-nio-8080-exec-10] DEBUG org.mybatis.spring.SqlSessionUtils - SqlSession [org.apache.ibatis.session.defaults.DefaultSqlSession@3ef9ef15] was not registered for synchronization because synchronization is not active
2025-01-13 16:20:38 [http-nio-8080-exec-4] DEBUG c.s.d.m.C.selectLnbSubList - ==>  Preparing: SELECT CT_LNB_SUB_IDX AS ctLnbSubIdx, CT_LNB_ID AS ctLnbId, CT_LNB_SUB_ID AS ctLnbSubId, CT_LNB_SUB_NAME AS ctLnbSubName, CT_LNB_SUB_URL AS ctLnbSubUrl FROM CT_LNB_SUB WHERE CT_LNB_ID = ? ORDER BY CT_LNB_SUB_IDX
2025-01-13 16:20:38 [http-nio-8080-exec-4] DEBUG c.s.d.m.C.selectLnbSubList - ==> Parameters: CT_LNB_SERVICE(String)
2025-01-13 16:20:38 [http-nio-8080-exec-10] DEBUG o.m.s.t.SpringManagedTransaction - JDBC Connection [HikariProxyConnection@887815261 wrapping com.mysql.cj.jdbc.ConnectionImpl@4e92d0f1] will not be managed by Spring
2025-01-13 16:20:38 [http-nio-8080-exec-8] DEBUG o.m.s.t.SpringManagedTransaction - JDBC Connection [HikariProxyConnection@2114853269 wrapping com.mysql.cj.jdbc.ConnectionImpl@1b176bb] will not be managed by Spring
2025-01-13 16:20:38 [http-nio-8080-exec-10] DEBUG c.s.d.m.C.selectLnbSubList - ==>  Preparing: SELECT CT_LNB_SUB_IDX AS ctLnbSubIdx, CT_LNB_ID AS ctLnbId, CT_LNB_SUB_ID AS ctLnbSubId, CT_LNB_SUB_NAME AS ctLnbSubName, CT_LNB_SUB_URL AS ctLnbSubUrl FROM CT_LNB_SUB WHERE CT_LNB_ID = ? ORDER BY CT_LNB_SUB_IDX
2025-01-13 16:20:38 [http-nio-8080-exec-8] DEBUG c.s.d.m.C.selectLnbSubList - ==>  Preparing: SELECT CT_LNB_SUB_IDX AS ctLnbSubIdx, CT_LNB_ID AS ctLnbId, CT_LNB_SUB_ID AS ctLnbSubId, CT_LNB_SUB_NAME AS ctLnbSubName, CT_LNB_SUB_URL AS ctLnbSubUrl FROM CT_LNB_SUB WHERE CT_LNB_ID = ? ORDER BY CT_LNB_SUB_IDX
2025-01-13 16:20:38 [http-nio-8080-exec-10] DEBUG c.s.d.m.C.selectLnbSubList - ==> Parameters: CT_LNB_CONTACT(String)
2025-01-13 16:20:38 [http-nio-8080-exec-8] DEBUG c.s.d.m.C.selectLnbSubList - ==> Parameters: CT_LNB_COMPANY(String)
2025-01-13 16:20:38 [http-nio-8080-exec-8] DEBUG c.s.d.m.C.selectLnbSubList - <==      Total: 1
2025-01-13 16:20:38 [http-nio-8080-exec-10] DEBUG c.s.d.m.C.selectLnbSubList - <==      Total: 2
2025-01-13 16:20:38 [http-nio-8080-exec-4] DEBUG c.s.d.m.C.selectLnbSubList - <==      Total: 4
2025-01-13 16:20:38 [http-nio-8080-exec-8] DEBUG org.mybatis.spring.SqlSessionUtils - Closing non transactional SqlSession [org.apache.ibatis.session.defaults.DefaultSqlSession@17ca53e9]
2025-01-13 16:20:38 [http-nio-8080-exec-10] DEBUG org.mybatis.spring.SqlSessionUtils - Closing non transactional SqlSession [org.apache.ibatis.session.defaults.DefaultSqlSession@3ef9ef15]
2025-01-13 16:20:38 [http-nio-8080-exec-4] DEBUG org.mybatis.spring.SqlSessionUtils - Closing non transactional SqlSession [org.apache.ibatis.session.defaults.DefaultSqlSession@5945b1f8]
2025-01-13 16:20:38 [http-nio-8080-exec-2] DEBUG org.mybatis.spring.SqlSessionUtils - Creating a new SqlSession
2025-01-13 16:20:38 [http-nio-8080-exec-5] DEBUG org.mybatis.spring.SqlSessionUtils - Creating a new SqlSession
2025-01-13 16:20:38 [http-nio-8080-exec-3] DEBUG org.mybatis.spring.SqlSessionUtils - Creating a new SqlSession
2025-01-13 16:20:38 [http-nio-8080-exec-2] DEBUG org.mybatis.spring.SqlSessionUtils - SqlSession [org.apache.ibatis.session.defaults.DefaultSqlSession@1d3df86c] was not registered for synchronization because synchronization is not active
2025-01-13 16:20:38 [http-nio-8080-exec-3] DEBUG org.mybatis.spring.SqlSessionUtils - SqlSession [org.apache.ibatis.session.defaults.DefaultSqlSession@397a3c2a] was not registered for synchronization because synchronization is not active
2025-01-13 16:20:38 [http-nio-8080-exec-5] DEBUG org.mybatis.spring.SqlSessionUtils - SqlSession [org.apache.ibatis.session.defaults.DefaultSqlSession@5e1290fb] was not registered for synchronization because synchronization is not active
2025-01-13 16:20:38 [http-nio-8080-exec-3] DEBUG o.m.s.t.SpringManagedTransaction - JDBC Connection [HikariProxyConnection@1411762664 wrapping com.mysql.cj.jdbc.ConnectionImpl@202516a8] will not be managed by Spring
2025-01-13 16:20:38 [http-nio-8080-exec-5] DEBUG o.m.s.t.SpringManagedTransaction - JDBC Connection [HikariProxyConnection@1866675185 wrapping com.mysql.cj.jdbc.ConnectionImpl@1b176bb] will not be managed by Spring
2025-01-13 16:20:38 [http-nio-8080-exec-2] DEBUG o.m.s.t.SpringManagedTransaction - JDBC Connection [HikariProxyConnection@251068343 wrapping com.mysql.cj.jdbc.ConnectionImpl@2f55317c] will not be managed by Spring
2025-01-13 16:20:38 [http-nio-8080-exec-3] DEBUG c.s.d.m.C.selectLnbSubList - ==>  Preparing: SELECT CT_LNB_SUB_IDX AS ctLnbSubIdx, CT_LNB_ID AS ctLnbId, CT_LNB_SUB_ID AS ctLnbSubId, CT_LNB_SUB_NAME AS ctLnbSubName, CT_LNB_SUB_URL AS ctLnbSubUrl FROM CT_LNB_SUB WHERE CT_LNB_ID = ? ORDER BY CT_LNB_SUB_IDX
2025-01-13 16:20:38 [http-nio-8080-exec-5] DEBUG c.s.d.m.C.selectLnbSubList - ==>  Preparing: SELECT CT_LNB_SUB_IDX AS ctLnbSubIdx, CT_LNB_ID AS ctLnbId, CT_LNB_SUB_ID AS ctLnbSubId, CT_LNB_SUB_NAME AS ctLnbSubName, CT_LNB_SUB_URL AS ctLnbSubUrl FROM CT_LNB_SUB WHERE CT_LNB_ID = ? ORDER BY CT_LNB_SUB_IDX
2025-01-13 16:20:38 [http-nio-8080-exec-2] DEBUG c.s.d.m.C.selectLnbSubList - ==>  Preparing: SELECT CT_LNB_SUB_IDX AS ctLnbSubIdx, CT_LNB_ID AS ctLnbId, CT_LNB_SUB_ID AS ctLnbSubId, CT_LNB_SUB_NAME AS ctLnbSubName, CT_LNB_SUB_URL AS ctLnbSubUrl FROM CT_LNB_SUB WHERE CT_LNB_ID = ? ORDER BY CT_LNB_SUB_IDX
2025-01-13 16:20:38 [http-nio-8080-exec-3] DEBUG c.s.d.m.C.selectLnbSubList - ==> Parameters: CT_LNB_CONTACT(String)
2025-01-13 16:20:38 [http-nio-8080-exec-5] DEBUG c.s.d.m.C.selectLnbSubList - ==> Parameters: CT_LNB_SERVICE(String)
2025-01-13 16:20:38 [http-nio-8080-exec-2] DEBUG c.s.d.m.C.selectLnbSubList - ==> Parameters: CT_LNB_COMPANY(String)
2025-01-13 16:20:38 [http-nio-8080-exec-2] DEBUG c.s.d.m.C.selectLnbSubList - <==      Total: 1
2025-01-13 16:20:38 [http-nio-8080-exec-5] DEBUG c.s.d.m.C.selectLnbSubList - <==      Total: 4
2025-01-13 16:20:38 [http-nio-8080-exec-3] DEBUG c.s.d.m.C.selectLnbSubList - <==      Total: 2
2025-01-13 16:20:38 [http-nio-8080-exec-2] DEBUG org.mybatis.spring.SqlSessionUtils - Closing non transactional SqlSession [org.apache.ibatis.session.defaults.DefaultSqlSession@1d3df86c]
2025-01-13 16:20:38 [http-nio-8080-exec-3] DEBUG org.mybatis.spring.SqlSessionUtils - Closing non transactional SqlSession [org.apache.ibatis.session.defaults.DefaultSqlSession@397a3c2a]
2025-01-13 16:20:38 [http-nio-8080-exec-5] DEBUG org.mybatis.spring.SqlSessionUtils - Closing non transactional SqlSession [org.apache.ibatis.session.defaults.DefaultSqlSession@5e1290fb]
2025-01-13 16:20:44 [http-nio-8080-exec-1] WARN  o.t.s.p.AbstractStandardFragmentInsertionTagProcessor - [THYMELEAF][http-nio-8080-exec-1][common/layout/layout] Deprecated unwrapped fragment expression "common/fragments/header::header" found in template common/layout/layout, line 33, col 10. Please use the complete syntax of fragment expressions instead ("~{common/fragments/header::header}"). The old, unwrapped syntax for fragment expressions will be removed in future versions of Thymeleaf.
2025-01-13 16:20:44 [http-nio-8080-exec-1] WARN  o.t.s.p.AbstractStandardFragmentInsertionTagProcessor - [THYMELEAF][http-nio-8080-exec-1][common/layout/layout] Deprecated unwrapped fragment expression "common/fragments/footer::footer" found in template common/layout/layout, line 37, col 10. Please use the complete syntax of fragment expressions instead ("~{common/fragments/footer::footer}"). The old, unwrapped syntax for fragment expressions will be removed in future versions of Thymeleaf.
2025-01-13 16:20:44 [http-nio-8080-exec-7] DEBUG org.mybatis.spring.SqlSessionUtils - Creating a new SqlSession
2025-01-13 16:20:44 [http-nio-8080-exec-7] DEBUG org.mybatis.spring.SqlSessionUtils - SqlSession [org.apache.ibatis.session.defaults.DefaultSqlSession@6858bbea] was not registered for synchronization because synchronization is not active
2025-01-13 16:20:44 [http-nio-8080-exec-7] DEBUG o.m.s.t.SpringManagedTransaction - JDBC Connection [HikariProxyConnection@1599454770 wrapping com.mysql.cj.jdbc.ConnectionImpl@2f55317c] will not be managed by Spring
2025-01-13 16:20:44 [http-nio-8080-exec-7] DEBUG c.s.d.m.CommonMapper.selectLnbList - ==>  Preparing: SELECT CT_LNB_IDX AS ctLnbIdx, CT_LNB_ID AS ctLnbId, CT_LNB_NAME AS ctLnbName, CT_LNB_SUB_YN AS ctLnbSubYn, CT_LNB_URL AS ctLnbUrl, CT_LNB_USE_YN AS ctLnbUseYn FROM CT_LNB WHERE CT_LNB_USE_YN = 'Y' ORDER BY CT_LNB_IDX
2025-01-13 16:20:44 [http-nio-8080-exec-7] DEBUG c.s.d.m.CommonMapper.selectLnbList - ==> Parameters: 
2025-01-13 16:20:44 [http-nio-8080-exec-7] DEBUG c.s.d.m.CommonMapper.selectLnbList - <==      Total: 4
2025-01-13 16:20:44 [http-nio-8080-exec-7] DEBUG org.mybatis.spring.SqlSessionUtils - Closing non transactional SqlSession [org.apache.ibatis.session.defaults.DefaultSqlSession@6858bbea]
2025-01-13 16:20:44 [http-nio-8080-exec-9] DEBUG org.mybatis.spring.SqlSessionUtils - Creating a new SqlSession
2025-01-13 16:20:44 [http-nio-8080-exec-9] DEBUG org.mybatis.spring.SqlSessionUtils - SqlSession [org.apache.ibatis.session.defaults.DefaultSqlSession@4c55ca5b] was not registered for synchronization because synchronization is not active
2025-01-13 16:20:44 [http-nio-8080-exec-9] DEBUG o.m.s.t.SpringManagedTransaction - JDBC Connection [HikariProxyConnection@57066024 wrapping com.mysql.cj.jdbc.ConnectionImpl@1b176bb] will not be managed by Spring
2025-01-13 16:20:44 [http-nio-8080-exec-9] DEBUG c.s.d.m.CommonMapper.selectLnbList - ==>  Preparing: SELECT CT_LNB_IDX AS ctLnbIdx, CT_LNB_ID AS ctLnbId, CT_LNB_NAME AS ctLnbName, CT_LNB_SUB_YN AS ctLnbSubYn, CT_LNB_URL AS ctLnbUrl, CT_LNB_USE_YN AS ctLnbUseYn FROM CT_LNB WHERE CT_LNB_USE_YN = 'Y' ORDER BY CT_LNB_IDX
2025-01-13 16:20:44 [http-nio-8080-exec-9] DEBUG c.s.d.m.CommonMapper.selectLnbList - ==> Parameters: 
2025-01-13 16:20:44 [http-nio-8080-exec-9] DEBUG c.s.d.m.CommonMapper.selectLnbList - <==      Total: 4
2025-01-13 16:20:44 [http-nio-8080-exec-9] DEBUG org.mybatis.spring.SqlSessionUtils - Closing non transactional SqlSession [org.apache.ibatis.session.defaults.DefaultSqlSession@4c55ca5b]
2025-01-13 16:20:44 [http-nio-8080-exec-6] DEBUG org.mybatis.spring.SqlSessionUtils - Creating a new SqlSession
2025-01-13 16:20:44 [http-nio-8080-exec-10] DEBUG org.mybatis.spring.SqlSessionUtils - Creating a new SqlSession
2025-01-13 16:20:44 [http-nio-8080-exec-6] DEBUG org.mybatis.spring.SqlSessionUtils - SqlSession [org.apache.ibatis.session.defaults.DefaultSqlSession@5c7c9fe3] was not registered for synchronization because synchronization is not active
2025-01-13 16:20:44 [http-nio-8080-exec-10] DEBUG org.mybatis.spring.SqlSessionUtils - SqlSession [org.apache.ibatis.session.defaults.DefaultSqlSession@607406ab] was not registered for synchronization because synchronization is not active
2025-01-13 16:20:44 [http-nio-8080-exec-6] DEBUG o.m.s.t.SpringManagedTransaction - JDBC Connection [HikariProxyConnection@1705818748 wrapping com.mysql.cj.jdbc.ConnectionImpl@1b176bb] will not be managed by Spring
2025-01-13 16:20:44 [http-nio-8080-exec-6] DEBUG c.s.d.m.C.selectLnbSubList - ==>  Preparing: SELECT CT_LNB_SUB_IDX AS ctLnbSubIdx, CT_LNB_ID AS ctLnbId, CT_LNB_SUB_ID AS ctLnbSubId, CT_LNB_SUB_NAME AS ctLnbSubName, CT_LNB_SUB_URL AS ctLnbSubUrl FROM CT_LNB_SUB WHERE CT_LNB_ID = ? ORDER BY CT_LNB_SUB_IDX
2025-01-13 16:20:44 [http-nio-8080-exec-8] DEBUG org.mybatis.spring.SqlSessionUtils - Creating a new SqlSession
2025-01-13 16:20:44 [http-nio-8080-exec-8] DEBUG org.mybatis.spring.SqlSessionUtils - SqlSession [org.apache.ibatis.session.defaults.DefaultSqlSession@3c312c8c] was not registered for synchronization because synchronization is not active
2025-01-13 16:20:44 [http-nio-8080-exec-8] DEBUG o.m.s.t.SpringManagedTransaction - JDBC Connection [HikariProxyConnection@855459886 wrapping com.mysql.cj.jdbc.ConnectionImpl@2f55317c] will not be managed by Spring
2025-01-13 16:20:44 [http-nio-8080-exec-8] DEBUG c.s.d.m.C.selectLnbSubList - ==>  Preparing: SELECT CT_LNB_SUB_IDX AS ctLnbSubIdx, CT_LNB_ID AS ctLnbId, CT_LNB_SUB_ID AS ctLnbSubId, CT_LNB_SUB_NAME AS ctLnbSubName, CT_LNB_SUB_URL AS ctLnbSubUrl FROM CT_LNB_SUB WHERE CT_LNB_ID = ? ORDER BY CT_LNB_SUB_IDX
2025-01-13 16:20:44 [http-nio-8080-exec-8] DEBUG c.s.d.m.C.selectLnbSubList - ==> Parameters: CT_LNB_CONTACT(String)
2025-01-13 16:20:44 [http-nio-8080-exec-6] DEBUG c.s.d.m.C.selectLnbSubList - ==> Parameters: CT_LNB_COMPANY(String)
2025-01-13 16:20:44 [http-nio-8080-exec-10] DEBUG o.m.s.t.SpringManagedTransaction - JDBC Connection [HikariProxyConnection@52369132 wrapping com.mysql.cj.jdbc.ConnectionImpl@4e92d0f1] will not be managed by Spring
2025-01-13 16:20:44 [http-nio-8080-exec-10] DEBUG c.s.d.m.C.selectLnbSubList - ==>  Preparing: SELECT CT_LNB_SUB_IDX AS ctLnbSubIdx, CT_LNB_ID AS ctLnbId, CT_LNB_SUB_ID AS ctLnbSubId, CT_LNB_SUB_NAME AS ctLnbSubName, CT_LNB_SUB_URL AS ctLnbSubUrl FROM CT_LNB_SUB WHERE CT_LNB_ID = ? ORDER BY CT_LNB_SUB_IDX
2025-01-13 16:20:44 [http-nio-8080-exec-10] DEBUG c.s.d.m.C.selectLnbSubList - ==> Parameters: CT_LNB_SERVICE(String)
2025-01-13 16:20:44 [http-nio-8080-exec-6] DEBUG c.s.d.m.C.selectLnbSubList - <==      Total: 1
2025-01-13 16:20:44 [http-nio-8080-exec-8] DEBUG c.s.d.m.C.selectLnbSubList - <==      Total: 2
2025-01-13 16:20:44 [http-nio-8080-exec-10] DEBUG c.s.d.m.C.selectLnbSubList - <==      Total: 4
2025-01-13 16:20:44 [http-nio-8080-exec-6] DEBUG org.mybatis.spring.SqlSessionUtils - Closing non transactional SqlSession [org.apache.ibatis.session.defaults.DefaultSqlSession@5c7c9fe3]
2025-01-13 16:20:44 [http-nio-8080-exec-8] DEBUG org.mybatis.spring.SqlSessionUtils - Closing non transactional SqlSession [org.apache.ibatis.session.defaults.DefaultSqlSession@3c312c8c]
2025-01-13 16:20:44 [http-nio-8080-exec-10] DEBUG org.mybatis.spring.SqlSessionUtils - Closing non transactional SqlSession [org.apache.ibatis.session.defaults.DefaultSqlSession@607406ab]
2025-01-13 16:20:44 [http-nio-8080-exec-2] DEBUG org.mybatis.spring.SqlSessionUtils - Creating a new SqlSession
2025-01-13 16:20:44 [http-nio-8080-exec-2] DEBUG org.mybatis.spring.SqlSessionUtils - SqlSession [org.apache.ibatis.session.defaults.DefaultSqlSession@7397d713] was not registered for synchronization because synchronization is not active
2025-01-13 16:20:44 [http-nio-8080-exec-2] DEBUG o.m.s.t.SpringManagedTransaction - JDBC Connection [HikariProxyConnection@1243973009 wrapping com.mysql.cj.jdbc.ConnectionImpl@2f55317c] will not be managed by Spring
2025-01-13 16:20:44 [http-nio-8080-exec-5] DEBUG org.mybatis.spring.SqlSessionUtils - Creating a new SqlSession
2025-01-13 16:20:44 [http-nio-8080-exec-2] DEBUG c.s.d.m.C.selectLnbSubList - ==>  Preparing: SELECT CT_LNB_SUB_IDX AS ctLnbSubIdx, CT_LNB_ID AS ctLnbId, CT_LNB_SUB_ID AS ctLnbSubId, CT_LNB_SUB_NAME AS ctLnbSubName, CT_LNB_SUB_URL AS ctLnbSubUrl FROM CT_LNB_SUB WHERE CT_LNB_ID = ? ORDER BY CT_LNB_SUB_IDX
2025-01-13 16:20:44 [http-nio-8080-exec-1] DEBUG org.mybatis.spring.SqlSessionUtils - Creating a new SqlSession
2025-01-13 16:20:44 [http-nio-8080-exec-5] DEBUG org.mybatis.spring.SqlSessionUtils - SqlSession [org.apache.ibatis.session.defaults.DefaultSqlSession@33eef7ed] was not registered for synchronization because synchronization is not active
2025-01-13 16:20:44 [http-nio-8080-exec-1] DEBUG org.mybatis.spring.SqlSessionUtils - SqlSession [org.apache.ibatis.session.defaults.DefaultSqlSession@5288ca25] was not registered for synchronization because synchronization is not active
2025-01-13 16:20:44 [http-nio-8080-exec-5] DEBUG o.m.s.t.SpringManagedTransaction - JDBC Connection [HikariProxyConnection@1170507482 wrapping com.mysql.cj.jdbc.ConnectionImpl@1b176bb] will not be managed by Spring
2025-01-13 16:20:44 [http-nio-8080-exec-5] DEBUG c.s.d.m.C.selectLnbSubList - ==>  Preparing: SELECT CT_LNB_SUB_IDX AS ctLnbSubIdx, CT_LNB_ID AS ctLnbId, CT_LNB_SUB_ID AS ctLnbSubId, CT_LNB_SUB_NAME AS ctLnbSubName, CT_LNB_SUB_URL AS ctLnbSubUrl FROM CT_LNB_SUB WHERE CT_LNB_ID = ? ORDER BY CT_LNB_SUB_IDX
2025-01-13 16:20:44 [http-nio-8080-exec-2] DEBUG c.s.d.m.C.selectLnbSubList - ==> Parameters: CT_LNB_COMPANY(String)
2025-01-13 16:20:44 [http-nio-8080-exec-5] DEBUG c.s.d.m.C.selectLnbSubList - ==> Parameters: CT_LNB_SERVICE(String)
2025-01-13 16:20:44 [http-nio-8080-exec-1] DEBUG o.m.s.t.SpringManagedTransaction - JDBC Connection [HikariProxyConnection@1110750696 wrapping com.mysql.cj.jdbc.ConnectionImpl@202516a8] will not be managed by Spring
2025-01-13 16:20:44 [http-nio-8080-exec-1] DEBUG c.s.d.m.C.selectLnbSubList - ==>  Preparing: SELECT CT_LNB_SUB_IDX AS ctLnbSubIdx, CT_LNB_ID AS ctLnbId, CT_LNB_SUB_ID AS ctLnbSubId, CT_LNB_SUB_NAME AS ctLnbSubName, CT_LNB_SUB_URL AS ctLnbSubUrl FROM CT_LNB_SUB WHERE CT_LNB_ID = ? ORDER BY CT_LNB_SUB_IDX
2025-01-13 16:20:44 [http-nio-8080-exec-1] DEBUG c.s.d.m.C.selectLnbSubList - ==> Parameters: CT_LNB_CONTACT(String)
2025-01-13 16:20:44 [http-nio-8080-exec-2] DEBUG c.s.d.m.C.selectLnbSubList - <==      Total: 1
2025-01-13 16:20:44 [http-nio-8080-exec-5] DEBUG c.s.d.m.C.selectLnbSubList - <==      Total: 4
2025-01-13 16:20:44 [http-nio-8080-exec-1] DEBUG c.s.d.m.C.selectLnbSubList - <==      Total: 2
2025-01-13 16:20:44 [http-nio-8080-exec-2] DEBUG org.mybatis.spring.SqlSessionUtils - Closing non transactional SqlSession [org.apache.ibatis.session.defaults.DefaultSqlSession@7397d713]
2025-01-13 16:20:44 [http-nio-8080-exec-5] DEBUG org.mybatis.spring.SqlSessionUtils - Closing non transactional SqlSession [org.apache.ibatis.session.defaults.DefaultSqlSession@33eef7ed]
2025-01-13 16:20:44 [http-nio-8080-exec-1] DEBUG org.mybatis.spring.SqlSessionUtils - Closing non transactional SqlSession [org.apache.ibatis.session.defaults.DefaultSqlSession@5288ca25]
2025-01-13 16:20:55 [http-nio-8080-exec-3] WARN  o.t.s.p.AbstractStandardFragmentInsertionTagProcessor - [THYMELEAF][http-nio-8080-exec-3][common/layout/layout] Deprecated unwrapped fragment expression "common/fragments/header::header" found in template common/layout/layout, line 33, col 10. Please use the complete syntax of fragment expressions instead ("~{common/fragments/header::header}"). The old, unwrapped syntax for fragment expressions will be removed in future versions of Thymeleaf.
2025-01-13 16:20:55 [http-nio-8080-exec-3] WARN  o.t.s.p.AbstractStandardFragmentInsertionTagProcessor - [THYMELEAF][http-nio-8080-exec-3][common/layout/layout] Deprecated unwrapped fragment expression "common/fragments/footer::footer" found in template common/layout/layout, line 37, col 10. Please use the complete syntax of fragment expressions instead ("~{common/fragments/footer::footer}"). The old, unwrapped syntax for fragment expressions will be removed in future versions of Thymeleaf.
2025-01-13 16:20:55 [http-nio-8080-exec-4] DEBUG org.mybatis.spring.SqlSessionUtils - Creating a new SqlSession
2025-01-13 16:20:55 [http-nio-8080-exec-4] DEBUG org.mybatis.spring.SqlSessionUtils - SqlSession [org.apache.ibatis.session.defaults.DefaultSqlSession@3089a3e5] was not registered for synchronization because synchronization is not active
2025-01-13 16:20:55 [http-nio-8080-exec-4] DEBUG o.m.s.t.SpringManagedTransaction - JDBC Connection [HikariProxyConnection@1669301682 wrapping com.mysql.cj.jdbc.ConnectionImpl@2f55317c] will not be managed by Spring
2025-01-13 16:20:55 [http-nio-8080-exec-4] DEBUG c.s.d.m.CommonMapper.selectLnbList - ==>  Preparing: SELECT CT_LNB_IDX AS ctLnbIdx, CT_LNB_ID AS ctLnbId, CT_LNB_NAME AS ctLnbName, CT_LNB_SUB_YN AS ctLnbSubYn, CT_LNB_URL AS ctLnbUrl, CT_LNB_USE_YN AS ctLnbUseYn FROM CT_LNB WHERE CT_LNB_USE_YN = 'Y' ORDER BY CT_LNB_IDX
2025-01-13 16:20:55 [http-nio-8080-exec-4] DEBUG c.s.d.m.CommonMapper.selectLnbList - ==> Parameters: 
2025-01-13 16:20:55 [http-nio-8080-exec-4] DEBUG c.s.d.m.CommonMapper.selectLnbList - <==      Total: 4
2025-01-13 16:20:55 [http-nio-8080-exec-4] DEBUG org.mybatis.spring.SqlSessionUtils - Closing non transactional SqlSession [org.apache.ibatis.session.defaults.DefaultSqlSession@3089a3e5]
2025-01-13 16:20:55 [http-nio-8080-exec-9] DEBUG org.mybatis.spring.SqlSessionUtils - Creating a new SqlSession
2025-01-13 16:20:55 [http-nio-8080-exec-9] DEBUG org.mybatis.spring.SqlSessionUtils - SqlSession [org.apache.ibatis.session.defaults.DefaultSqlSession@60f91809] was not registered for synchronization because synchronization is not active
2025-01-13 16:20:55 [http-nio-8080-exec-9] DEBUG o.m.s.t.SpringManagedTransaction - JDBC Connection [HikariProxyConnection@1438376380 wrapping com.mysql.cj.jdbc.ConnectionImpl@1b176bb] will not be managed by Spring
2025-01-13 16:20:55 [http-nio-8080-exec-9] DEBUG c.s.d.m.CommonMapper.selectLnbList - ==>  Preparing: SELECT CT_LNB_IDX AS ctLnbIdx, CT_LNB_ID AS ctLnbId, CT_LNB_NAME AS ctLnbName, CT_LNB_SUB_YN AS ctLnbSubYn, CT_LNB_URL AS ctLnbUrl, CT_LNB_USE_YN AS ctLnbUseYn FROM CT_LNB WHERE CT_LNB_USE_YN = 'Y' ORDER BY CT_LNB_IDX
2025-01-13 16:20:55 [http-nio-8080-exec-9] DEBUG c.s.d.m.CommonMapper.selectLnbList - ==> Parameters: 
2025-01-13 16:20:55 [http-nio-8080-exec-9] DEBUG c.s.d.m.CommonMapper.selectLnbList - <==      Total: 4
2025-01-13 16:20:55 [http-nio-8080-exec-9] DEBUG org.mybatis.spring.SqlSessionUtils - Closing non transactional SqlSession [org.apache.ibatis.session.defaults.DefaultSqlSession@60f91809]
2025-01-13 16:20:55 [http-nio-8080-exec-8] DEBUG org.mybatis.spring.SqlSessionUtils - Creating a new SqlSession
2025-01-13 16:20:55 [http-nio-8080-exec-6] DEBUG org.mybatis.spring.SqlSessionUtils - Creating a new SqlSession
2025-01-13 16:20:55 [http-nio-8080-exec-10] DEBUG org.mybatis.spring.SqlSessionUtils - Creating a new SqlSession
2025-01-13 16:20:55 [http-nio-8080-exec-6] DEBUG org.mybatis.spring.SqlSessionUtils - SqlSession [org.apache.ibatis.session.defaults.DefaultSqlSession@3cfc8d82] was not registered for synchronization because synchronization is not active
2025-01-13 16:20:55 [http-nio-8080-exec-8] DEBUG org.mybatis.spring.SqlSessionUtils - SqlSession [org.apache.ibatis.session.defaults.DefaultSqlSession@289e5421] was not registered for synchronization because synchronization is not active
2025-01-13 16:20:55 [http-nio-8080-exec-10] DEBUG org.mybatis.spring.SqlSessionUtils - SqlSession [org.apache.ibatis.session.defaults.DefaultSqlSession@cb79d5f] was not registered for synchronization because synchronization is not active
2025-01-13 16:20:55 [http-nio-8080-exec-6] DEBUG o.m.s.t.SpringManagedTransaction - JDBC Connection [HikariProxyConnection@1006878523 wrapping com.mysql.cj.jdbc.ConnectionImpl@1b176bb] will not be managed by Spring
2025-01-13 16:20:55 [http-nio-8080-exec-8] DEBUG o.m.s.t.SpringManagedTransaction - JDBC Connection [HikariProxyConnection@1887098148 wrapping com.mysql.cj.jdbc.ConnectionImpl@2f55317c] will not be managed by Spring
2025-01-13 16:20:55 [http-nio-8080-exec-6] DEBUG c.s.d.m.C.selectLnbSubList - ==>  Preparing: SELECT CT_LNB_SUB_IDX AS ctLnbSubIdx, CT_LNB_ID AS ctLnbId, CT_LNB_SUB_ID AS ctLnbSubId, CT_LNB_SUB_NAME AS ctLnbSubName, CT_LNB_SUB_URL AS ctLnbSubUrl FROM CT_LNB_SUB WHERE CT_LNB_ID = ? ORDER BY CT_LNB_SUB_IDX
2025-01-13 16:20:55 [http-nio-8080-exec-8] DEBUG c.s.d.m.C.selectLnbSubList - ==>  Preparing: SELECT CT_LNB_SUB_IDX AS ctLnbSubIdx, CT_LNB_ID AS ctLnbId, CT_LNB_SUB_ID AS ctLnbSubId, CT_LNB_SUB_NAME AS ctLnbSubName, CT_LNB_SUB_URL AS ctLnbSubUrl FROM CT_LNB_SUB WHERE CT_LNB_ID = ? ORDER BY CT_LNB_SUB_IDX
2025-01-13 16:20:55 [http-nio-8080-exec-6] DEBUG c.s.d.m.C.selectLnbSubList - ==> Parameters: CT_LNB_CONTACT(String)
2025-01-13 16:20:55 [http-nio-8080-exec-8] DEBUG c.s.d.m.C.selectLnbSubList - ==> Parameters: CT_LNB_SERVICE(String)
2025-01-13 16:20:55 [http-nio-8080-exec-10] DEBUG o.m.s.t.SpringManagedTransaction - JDBC Connection [HikariProxyConnection@2011451987 wrapping com.mysql.cj.jdbc.ConnectionImpl@4e92d0f1] will not be managed by Spring
2025-01-13 16:20:55 [http-nio-8080-exec-10] DEBUG c.s.d.m.C.selectLnbSubList - ==>  Preparing: SELECT CT_LNB_SUB_IDX AS ctLnbSubIdx, CT_LNB_ID AS ctLnbId, CT_LNB_SUB_ID AS ctLnbSubId, CT_LNB_SUB_NAME AS ctLnbSubName, CT_LNB_SUB_URL AS ctLnbSubUrl FROM CT_LNB_SUB WHERE CT_LNB_ID = ? ORDER BY CT_LNB_SUB_IDX
2025-01-13 16:20:55 [http-nio-8080-exec-10] DEBUG c.s.d.m.C.selectLnbSubList - ==> Parameters: CT_LNB_COMPANY(String)
2025-01-13 16:20:55 [http-nio-8080-exec-10] DEBUG c.s.d.m.C.selectLnbSubList - <==      Total: 1
2025-01-13 16:20:55 [http-nio-8080-exec-6] DEBUG c.s.d.m.C.selectLnbSubList - <==      Total: 2
2025-01-13 16:20:55 [http-nio-8080-exec-8] DEBUG c.s.d.m.C.selectLnbSubList - <==      Total: 4
2025-01-13 16:20:55 [http-nio-8080-exec-10] DEBUG org.mybatis.spring.SqlSessionUtils - Closing non transactional SqlSession [org.apache.ibatis.session.defaults.DefaultSqlSession@cb79d5f]
2025-01-13 16:20:55 [http-nio-8080-exec-8] DEBUG org.mybatis.spring.SqlSessionUtils - Closing non transactional SqlSession [org.apache.ibatis.session.defaults.DefaultSqlSession@289e5421]
2025-01-13 16:20:55 [http-nio-8080-exec-6] DEBUG org.mybatis.spring.SqlSessionUtils - Closing non transactional SqlSession [org.apache.ibatis.session.defaults.DefaultSqlSession@3cfc8d82]
2025-01-13 16:20:55 [http-nio-8080-exec-5] DEBUG org.mybatis.spring.SqlSessionUtils - Creating a new SqlSession
2025-01-13 16:20:55 [http-nio-8080-exec-2] DEBUG org.mybatis.spring.SqlSessionUtils - Creating a new SqlSession
2025-01-13 16:20:55 [http-nio-8080-exec-1] DEBUG org.mybatis.spring.SqlSessionUtils - Creating a new SqlSession
2025-01-13 16:20:55 [http-nio-8080-exec-2] DEBUG org.mybatis.spring.SqlSessionUtils - SqlSession [org.apache.ibatis.session.defaults.DefaultSqlSession@5dbb0a0b] was not registered for synchronization because synchronization is not active
2025-01-13 16:20:55 [http-nio-8080-exec-5] DEBUG org.mybatis.spring.SqlSessionUtils - SqlSession [org.apache.ibatis.session.defaults.DefaultSqlSession@7d2a31e] was not registered for synchronization because synchronization is not active
2025-01-13 16:20:55 [http-nio-8080-exec-1] DEBUG org.mybatis.spring.SqlSessionUtils - SqlSession [org.apache.ibatis.session.defaults.DefaultSqlSession@1a7ab36] was not registered for synchronization because synchronization is not active
2025-01-13 16:20:55 [http-nio-8080-exec-2] DEBUG o.m.s.t.SpringManagedTransaction - JDBC Connection [HikariProxyConnection@1003750688 wrapping com.mysql.cj.jdbc.ConnectionImpl@2f55317c] will not be managed by Spring
2025-01-13 16:20:55 [http-nio-8080-exec-5] DEBUG o.m.s.t.SpringManagedTransaction - JDBC Connection [HikariProxyConnection@1715541864 wrapping com.mysql.cj.jdbc.ConnectionImpl@1b176bb] will not be managed by Spring
2025-01-13 16:20:55 [http-nio-8080-exec-2] DEBUG c.s.d.m.C.selectLnbSubList - ==>  Preparing: SELECT CT_LNB_SUB_IDX AS ctLnbSubIdx, CT_LNB_ID AS ctLnbId, CT_LNB_SUB_ID AS ctLnbSubId, CT_LNB_SUB_NAME AS ctLnbSubName, CT_LNB_SUB_URL AS ctLnbSubUrl FROM CT_LNB_SUB WHERE CT_LNB_ID = ? ORDER BY CT_LNB_SUB_IDX
2025-01-13 16:20:55 [http-nio-8080-exec-5] DEBUG c.s.d.m.C.selectLnbSubList - ==>  Preparing: SELECT CT_LNB_SUB_IDX AS ctLnbSubIdx, CT_LNB_ID AS ctLnbId, CT_LNB_SUB_ID AS ctLnbSubId, CT_LNB_SUB_NAME AS ctLnbSubName, CT_LNB_SUB_URL AS ctLnbSubUrl FROM CT_LNB_SUB WHERE CT_LNB_ID = ? ORDER BY CT_LNB_SUB_IDX
2025-01-13 16:20:55 [http-nio-8080-exec-2] DEBUG c.s.d.m.C.selectLnbSubList - ==> Parameters: CT_LNB_SERVICE(String)
2025-01-13 16:20:55 [http-nio-8080-exec-5] DEBUG c.s.d.m.C.selectLnbSubList - ==> Parameters: CT_LNB_CONTACT(String)
2025-01-13 16:20:55 [http-nio-8080-exec-1] DEBUG o.m.s.t.SpringManagedTransaction - JDBC Connection [HikariProxyConnection@1725682975 wrapping com.mysql.cj.jdbc.ConnectionImpl@202516a8] will not be managed by Spring
2025-01-13 16:20:55 [http-nio-8080-exec-1] DEBUG c.s.d.m.C.selectLnbSubList - ==>  Preparing: SELECT CT_LNB_SUB_IDX AS ctLnbSubIdx, CT_LNB_ID AS ctLnbId, CT_LNB_SUB_ID AS ctLnbSubId, CT_LNB_SUB_NAME AS ctLnbSubName, CT_LNB_SUB_URL AS ctLnbSubUrl FROM CT_LNB_SUB WHERE CT_LNB_ID = ? ORDER BY CT_LNB_SUB_IDX
2025-01-13 16:20:55 [http-nio-8080-exec-1] DEBUG c.s.d.m.C.selectLnbSubList - ==> Parameters: CT_LNB_COMPANY(String)
2025-01-13 16:20:55 [http-nio-8080-exec-1] DEBUG c.s.d.m.C.selectLnbSubList - <==      Total: 1
2025-01-13 16:20:55 [http-nio-8080-exec-5] DEBUG c.s.d.m.C.selectLnbSubList - <==      Total: 2
2025-01-13 16:20:55 [http-nio-8080-exec-2] DEBUG c.s.d.m.C.selectLnbSubList - <==      Total: 4
2025-01-13 16:20:55 [http-nio-8080-exec-1] DEBUG org.mybatis.spring.SqlSessionUtils - Closing non transactional SqlSession [org.apache.ibatis.session.defaults.DefaultSqlSession@1a7ab36]
2025-01-13 16:20:55 [http-nio-8080-exec-5] DEBUG org.mybatis.spring.SqlSessionUtils - Closing non transactional SqlSession [org.apache.ibatis.session.defaults.DefaultSqlSession@7d2a31e]
2025-01-13 16:20:55 [http-nio-8080-exec-2] DEBUG org.mybatis.spring.SqlSessionUtils - Closing non transactional SqlSession [org.apache.ibatis.session.defaults.DefaultSqlSession@5dbb0a0b]
2025-01-13 16:20:56 [http-nio-8080-exec-3] WARN  o.t.s.p.AbstractStandardFragmentInsertionTagProcessor - [THYMELEAF][http-nio-8080-exec-3][common/layout/layout] Deprecated unwrapped fragment expression "common/fragments/header::header" found in template common/layout/layout, line 33, col 10. Please use the complete syntax of fragment expressions instead ("~{common/fragments/header::header}"). The old, unwrapped syntax for fragment expressions will be removed in future versions of Thymeleaf.
2025-01-13 16:20:56 [http-nio-8080-exec-3] WARN  o.t.s.p.AbstractStandardFragmentInsertionTagProcessor - [THYMELEAF][http-nio-8080-exec-3][common/layout/layout] Deprecated unwrapped fragment expression "common/fragments/footer::footer" found in template common/layout/layout, line 37, col 10. Please use the complete syntax of fragment expressions instead ("~{common/fragments/footer::footer}"). The old, unwrapped syntax for fragment expressions will be removed in future versions of Thymeleaf.
2025-01-13 16:20:56 [http-nio-8080-exec-10] DEBUG org.mybatis.spring.SqlSessionUtils - Creating a new SqlSession
2025-01-13 16:20:56 [http-nio-8080-exec-10] DEBUG org.mybatis.spring.SqlSessionUtils - SqlSession [org.apache.ibatis.session.defaults.DefaultSqlSession@588af829] was not registered for synchronization because synchronization is not active
2025-01-13 16:20:56 [http-nio-8080-exec-10] DEBUG o.m.s.t.SpringManagedTransaction - JDBC Connection [HikariProxyConnection@229199777 wrapping com.mysql.cj.jdbc.ConnectionImpl@4e92d0f1] will not be managed by Spring
2025-01-13 16:20:56 [http-nio-8080-exec-10] DEBUG c.s.d.m.CommonMapper.selectLnbList - ==>  Preparing: SELECT CT_LNB_IDX AS ctLnbIdx, CT_LNB_ID AS ctLnbId, CT_LNB_NAME AS ctLnbName, CT_LNB_SUB_YN AS ctLnbSubYn, CT_LNB_URL AS ctLnbUrl, CT_LNB_USE_YN AS ctLnbUseYn FROM CT_LNB WHERE CT_LNB_USE_YN = 'Y' ORDER BY CT_LNB_IDX
2025-01-13 16:20:56 [http-nio-8080-exec-10] DEBUG c.s.d.m.CommonMapper.selectLnbList - ==> Parameters: 
2025-01-13 16:20:56 [http-nio-8080-exec-10] DEBUG c.s.d.m.CommonMapper.selectLnbList - <==      Total: 4
2025-01-13 16:20:56 [http-nio-8080-exec-10] DEBUG org.mybatis.spring.SqlSessionUtils - Closing non transactional SqlSession [org.apache.ibatis.session.defaults.DefaultSqlSession@588af829]
2025-01-13 16:20:56 [http-nio-8080-exec-6] DEBUG org.mybatis.spring.SqlSessionUtils - Creating a new SqlSession
2025-01-13 16:20:56 [http-nio-8080-exec-6] DEBUG org.mybatis.spring.SqlSessionUtils - SqlSession [org.apache.ibatis.session.defaults.DefaultSqlSession@7696a22d] was not registered for synchronization because synchronization is not active
2025-01-13 16:20:56 [http-nio-8080-exec-6] DEBUG o.m.s.t.SpringManagedTransaction - JDBC Connection [HikariProxyConnection@1464672675 wrapping com.mysql.cj.jdbc.ConnectionImpl@1b176bb] will not be managed by Spring
2025-01-13 16:20:56 [http-nio-8080-exec-6] DEBUG c.s.d.m.CommonMapper.selectLnbList - ==>  Preparing: SELECT CT_LNB_IDX AS ctLnbIdx, CT_LNB_ID AS ctLnbId, CT_LNB_NAME AS ctLnbName, CT_LNB_SUB_YN AS ctLnbSubYn, CT_LNB_URL AS ctLnbUrl, CT_LNB_USE_YN AS ctLnbUseYn FROM CT_LNB WHERE CT_LNB_USE_YN = 'Y' ORDER BY CT_LNB_IDX
2025-01-13 16:20:56 [http-nio-8080-exec-6] DEBUG c.s.d.m.CommonMapper.selectLnbList - ==> Parameters: 
2025-01-13 16:20:56 [http-nio-8080-exec-6] DEBUG c.s.d.m.CommonMapper.selectLnbList - <==      Total: 4
2025-01-13 16:20:56 [http-nio-8080-exec-6] DEBUG org.mybatis.spring.SqlSessionUtils - Closing non transactional SqlSession [org.apache.ibatis.session.defaults.DefaultSqlSession@7696a22d]
2025-01-13 16:20:56 [http-nio-8080-exec-3] DEBUG org.mybatis.spring.SqlSessionUtils - Creating a new SqlSession
2025-01-13 16:20:56 [http-nio-8080-exec-7] DEBUG org.mybatis.spring.SqlSessionUtils - Creating a new SqlSession
2025-01-13 16:20:56 [http-nio-8080-exec-7] DEBUG org.mybatis.spring.SqlSessionUtils - SqlSession [org.apache.ibatis.session.defaults.DefaultSqlSession@431fc9b6] was not registered for synchronization because synchronization is not active
2025-01-13 16:20:56 [http-nio-8080-exec-3] DEBUG org.mybatis.spring.SqlSessionUtils - SqlSession [org.apache.ibatis.session.defaults.DefaultSqlSession@714d496c] was not registered for synchronization because synchronization is not active
2025-01-13 16:20:56 [http-nio-8080-exec-9] DEBUG org.mybatis.spring.SqlSessionUtils - Creating a new SqlSession
2025-01-13 16:20:56 [http-nio-8080-exec-9] DEBUG org.mybatis.spring.SqlSessionUtils - SqlSession [org.apache.ibatis.session.defaults.DefaultSqlSession@7b34670c] was not registered for synchronization because synchronization is not active
2025-01-13 16:20:56 [http-nio-8080-exec-9] DEBUG o.m.s.t.SpringManagedTransaction - JDBC Connection [HikariProxyConnection@1051592133 wrapping com.mysql.cj.jdbc.ConnectionImpl@1b176bb] will not be managed by Spring
2025-01-13 16:20:56 [http-nio-8080-exec-9] DEBUG c.s.d.m.C.selectLnbSubList - ==>  Preparing: SELECT CT_LNB_SUB_IDX AS ctLnbSubIdx, CT_LNB_ID AS ctLnbId, CT_LNB_SUB_ID AS ctLnbSubId, CT_LNB_SUB_NAME AS ctLnbSubName, CT_LNB_SUB_URL AS ctLnbSubUrl FROM CT_LNB_SUB WHERE CT_LNB_ID = ? ORDER BY CT_LNB_SUB_IDX
2025-01-13 16:20:56 [http-nio-8080-exec-3] DEBUG o.m.s.t.SpringManagedTransaction - JDBC Connection [HikariProxyConnection@90490729 wrapping com.mysql.cj.jdbc.ConnectionImpl@202516a8] will not be managed by Spring
2025-01-13 16:20:56 [http-nio-8080-exec-7] DEBUG o.m.s.t.SpringManagedTransaction - JDBC Connection [HikariProxyConnection@215346598 wrapping com.mysql.cj.jdbc.ConnectionImpl@2f55317c] will not be managed by Spring
2025-01-13 16:20:56 [http-nio-8080-exec-3] DEBUG c.s.d.m.C.selectLnbSubList - ==>  Preparing: SELECT CT_LNB_SUB_IDX AS ctLnbSubIdx, CT_LNB_ID AS ctLnbId, CT_LNB_SUB_ID AS ctLnbSubId, CT_LNB_SUB_NAME AS ctLnbSubName, CT_LNB_SUB_URL AS ctLnbSubUrl FROM CT_LNB_SUB WHERE CT_LNB_ID = ? ORDER BY CT_LNB_SUB_IDX
2025-01-13 16:20:56 [http-nio-8080-exec-7] DEBUG c.s.d.m.C.selectLnbSubList - ==>  Preparing: SELECT CT_LNB_SUB_IDX AS ctLnbSubIdx, CT_LNB_ID AS ctLnbId, CT_LNB_SUB_ID AS ctLnbSubId, CT_LNB_SUB_NAME AS ctLnbSubName, CT_LNB_SUB_URL AS ctLnbSubUrl FROM CT_LNB_SUB WHERE CT_LNB_ID = ? ORDER BY CT_LNB_SUB_IDX
2025-01-13 16:20:56 [http-nio-8080-exec-9] DEBUG c.s.d.m.C.selectLnbSubList - ==> Parameters: CT_LNB_CONTACT(String)
2025-01-13 16:20:56 [http-nio-8080-exec-3] DEBUG c.s.d.m.C.selectLnbSubList - ==> Parameters: CT_LNB_COMPANY(String)
2025-01-13 16:20:56 [http-nio-8080-exec-7] DEBUG c.s.d.m.C.selectLnbSubList - ==> Parameters: CT_LNB_SERVICE(String)
2025-01-13 16:20:56 [http-nio-8080-exec-3] DEBUG c.s.d.m.C.selectLnbSubList - <==      Total: 1
2025-01-13 16:20:56 [http-nio-8080-exec-9] DEBUG c.s.d.m.C.selectLnbSubList - <==      Total: 2
2025-01-13 16:20:56 [http-nio-8080-exec-7] DEBUG c.s.d.m.C.selectLnbSubList - <==      Total: 4
2025-01-13 16:20:56 [http-nio-8080-exec-3] DEBUG org.mybatis.spring.SqlSessionUtils - Closing non transactional SqlSession [org.apache.ibatis.session.defaults.DefaultSqlSession@714d496c]
2025-01-13 16:20:56 [http-nio-8080-exec-9] DEBUG org.mybatis.spring.SqlSessionUtils - Closing non transactional SqlSession [org.apache.ibatis.session.defaults.DefaultSqlSession@7b34670c]
2025-01-13 16:20:56 [http-nio-8080-exec-7] DEBUG org.mybatis.spring.SqlSessionUtils - Closing non transactional SqlSession [org.apache.ibatis.session.defaults.DefaultSqlSession@431fc9b6]
2025-01-13 16:20:56 [http-nio-8080-exec-4] DEBUG org.mybatis.spring.SqlSessionUtils - Creating a new SqlSession
2025-01-13 16:20:56 [http-nio-8080-exec-10] DEBUG org.mybatis.spring.SqlSessionUtils - Creating a new SqlSession
2025-01-13 16:20:56 [http-nio-8080-exec-4] DEBUG org.mybatis.spring.SqlSessionUtils - SqlSession [org.apache.ibatis.session.defaults.DefaultSqlSession@6db632f3] was not registered for synchronization because synchronization is not active
2025-01-13 16:20:56 [http-nio-8080-exec-8] DEBUG org.mybatis.spring.SqlSessionUtils - Creating a new SqlSession
2025-01-13 16:20:56 [http-nio-8080-exec-10] DEBUG org.mybatis.spring.SqlSessionUtils - SqlSession [org.apache.ibatis.session.defaults.DefaultSqlSession@49ccb2e1] was not registered for synchronization because synchronization is not active
2025-01-13 16:20:56 [http-nio-8080-exec-8] DEBUG org.mybatis.spring.SqlSessionUtils - SqlSession [org.apache.ibatis.session.defaults.DefaultSqlSession@3532730f] was not registered for synchronization because synchronization is not active
2025-01-13 16:20:56 [http-nio-8080-exec-4] DEBUG o.m.s.t.SpringManagedTransaction - JDBC Connection [HikariProxyConnection@2008800882 wrapping com.mysql.cj.jdbc.ConnectionImpl@2f55317c] will not be managed by Spring
2025-01-13 16:20:56 [http-nio-8080-exec-10] DEBUG o.m.s.t.SpringManagedTransaction - JDBC Connection [HikariProxyConnection@1183334465 wrapping com.mysql.cj.jdbc.ConnectionImpl@4e92d0f1] will not be managed by Spring
2025-01-13 16:20:56 [http-nio-8080-exec-8] DEBUG o.m.s.t.SpringManagedTransaction - JDBC Connection [HikariProxyConnection@453237085 wrapping com.mysql.cj.jdbc.ConnectionImpl@1b176bb] will not be managed by Spring
2025-01-13 16:20:56 [http-nio-8080-exec-4] DEBUG c.s.d.m.C.selectLnbSubList - ==>  Preparing: SELECT CT_LNB_SUB_IDX AS ctLnbSubIdx, CT_LNB_ID AS ctLnbId, CT_LNB_SUB_ID AS ctLnbSubId, CT_LNB_SUB_NAME AS ctLnbSubName, CT_LNB_SUB_URL AS ctLnbSubUrl FROM CT_LNB_SUB WHERE CT_LNB_ID = ? ORDER BY CT_LNB_SUB_IDX
2025-01-13 16:20:56 [http-nio-8080-exec-10] DEBUG c.s.d.m.C.selectLnbSubList - ==>  Preparing: SELECT CT_LNB_SUB_IDX AS ctLnbSubIdx, CT_LNB_ID AS ctLnbId, CT_LNB_SUB_ID AS ctLnbSubId, CT_LNB_SUB_NAME AS ctLnbSubName, CT_LNB_SUB_URL AS ctLnbSubUrl FROM CT_LNB_SUB WHERE CT_LNB_ID = ? ORDER BY CT_LNB_SUB_IDX
2025-01-13 16:20:56 [http-nio-8080-exec-8] DEBUG c.s.d.m.C.selectLnbSubList - ==>  Preparing: SELECT CT_LNB_SUB_IDX AS ctLnbSubIdx, CT_LNB_ID AS ctLnbId, CT_LNB_SUB_ID AS ctLnbSubId, CT_LNB_SUB_NAME AS ctLnbSubName, CT_LNB_SUB_URL AS ctLnbSubUrl FROM CT_LNB_SUB WHERE CT_LNB_ID = ? ORDER BY CT_LNB_SUB_IDX
2025-01-13 16:20:56 [http-nio-8080-exec-4] DEBUG c.s.d.m.C.selectLnbSubList - ==> Parameters: CT_LNB_CONTACT(String)
2025-01-13 16:20:56 [http-nio-8080-exec-10] DEBUG c.s.d.m.C.selectLnbSubList - ==> Parameters: CT_LNB_SERVICE(String)
2025-01-13 16:20:56 [http-nio-8080-exec-8] DEBUG c.s.d.m.C.selectLnbSubList - ==> Parameters: CT_LNB_COMPANY(String)
2025-01-13 16:20:56 [http-nio-8080-exec-8] DEBUG c.s.d.m.C.selectLnbSubList - <==      Total: 1
2025-01-13 16:20:56 [http-nio-8080-exec-10] DEBUG c.s.d.m.C.selectLnbSubList - <==      Total: 4
2025-01-13 16:20:56 [http-nio-8080-exec-4] DEBUG c.s.d.m.C.selectLnbSubList - <==      Total: 2
2025-01-13 16:20:56 [http-nio-8080-exec-8] DEBUG org.mybatis.spring.SqlSessionUtils - Closing non transactional SqlSession [org.apache.ibatis.session.defaults.DefaultSqlSession@3532730f]
2025-01-13 16:20:56 [http-nio-8080-exec-4] DEBUG org.mybatis.spring.SqlSessionUtils - Closing non transactional SqlSession [org.apache.ibatis.session.defaults.DefaultSqlSession@6db632f3]
2025-01-13 16:20:56 [http-nio-8080-exec-10] DEBUG org.mybatis.spring.SqlSessionUtils - Closing non transactional SqlSession [org.apache.ibatis.session.defaults.DefaultSqlSession@49ccb2e1]
2025-01-13 16:20:57 [http-nio-8080-exec-6] WARN  o.t.s.p.AbstractStandardFragmentInsertionTagProcessor - [THYMELEAF][http-nio-8080-exec-6][common/layout/layout] Deprecated unwrapped fragment expression "common/fragments/header::header" found in template common/layout/layout, line 33, col 10. Please use the complete syntax of fragment expressions instead ("~{common/fragments/header::header}"). The old, unwrapped syntax for fragment expressions will be removed in future versions of Thymeleaf.
2025-01-13 16:20:57 [http-nio-8080-exec-6] WARN  o.t.s.p.AbstractStandardFragmentInsertionTagProcessor - [THYMELEAF][http-nio-8080-exec-6][common/layout/layout] Deprecated unwrapped fragment expression "common/fragments/footer::footer" found in template common/layout/layout, line 37, col 10. Please use the complete syntax of fragment expressions instead ("~{common/fragments/footer::footer}"). The old, unwrapped syntax for fragment expressions will be removed in future versions of Thymeleaf.
2025-01-13 16:20:57 [http-nio-8080-exec-1] DEBUG org.mybatis.spring.SqlSessionUtils - Creating a new SqlSession
2025-01-13 16:20:57 [http-nio-8080-exec-1] DEBUG org.mybatis.spring.SqlSessionUtils - SqlSession [org.apache.ibatis.session.defaults.DefaultSqlSession@3208b9cc] was not registered for synchronization because synchronization is not active
2025-01-13 16:20:57 [http-nio-8080-exec-1] DEBUG o.m.s.t.SpringManagedTransaction - JDBC Connection [HikariProxyConnection@438938969 wrapping com.mysql.cj.jdbc.ConnectionImpl@202516a8] will not be managed by Spring
2025-01-13 16:20:57 [http-nio-8080-exec-1] DEBUG c.s.d.m.CommonMapper.selectLnbList - ==>  Preparing: SELECT CT_LNB_IDX AS ctLnbIdx, CT_LNB_ID AS ctLnbId, CT_LNB_NAME AS ctLnbName, CT_LNB_SUB_YN AS ctLnbSubYn, CT_LNB_URL AS ctLnbUrl, CT_LNB_USE_YN AS ctLnbUseYn FROM CT_LNB WHERE CT_LNB_USE_YN = 'Y' ORDER BY CT_LNB_IDX
2025-01-13 16:20:57 [http-nio-8080-exec-1] DEBUG c.s.d.m.CommonMapper.selectLnbList - ==> Parameters: 
2025-01-13 16:20:57 [http-nio-8080-exec-1] DEBUG c.s.d.m.CommonMapper.selectLnbList - <==      Total: 4
2025-01-13 16:20:57 [http-nio-8080-exec-1] DEBUG org.mybatis.spring.SqlSessionUtils - Closing non transactional SqlSession [org.apache.ibatis.session.defaults.DefaultSqlSession@3208b9cc]
2025-01-13 16:20:57 [http-nio-8080-exec-5] DEBUG org.mybatis.spring.SqlSessionUtils - Creating a new SqlSession
2025-01-13 16:20:57 [http-nio-8080-exec-5] DEBUG org.mybatis.spring.SqlSessionUtils - SqlSession [org.apache.ibatis.session.defaults.DefaultSqlSession@58a315e] was not registered for synchronization because synchronization is not active
2025-01-13 16:20:57 [http-nio-8080-exec-5] DEBUG o.m.s.t.SpringManagedTransaction - JDBC Connection [HikariProxyConnection@2016558316 wrapping com.mysql.cj.jdbc.ConnectionImpl@1b176bb] will not be managed by Spring
2025-01-13 16:20:57 [http-nio-8080-exec-5] DEBUG c.s.d.m.CommonMapper.selectLnbList - ==>  Preparing: SELECT CT_LNB_IDX AS ctLnbIdx, CT_LNB_ID AS ctLnbId, CT_LNB_NAME AS ctLnbName, CT_LNB_SUB_YN AS ctLnbSubYn, CT_LNB_URL AS ctLnbUrl, CT_LNB_USE_YN AS ctLnbUseYn FROM CT_LNB WHERE CT_LNB_USE_YN = 'Y' ORDER BY CT_LNB_IDX
2025-01-13 16:20:57 [http-nio-8080-exec-5] DEBUG c.s.d.m.CommonMapper.selectLnbList - ==> Parameters: 
2025-01-13 16:20:57 [http-nio-8080-exec-5] DEBUG c.s.d.m.CommonMapper.selectLnbList - <==      Total: 4
2025-01-13 16:20:57 [http-nio-8080-exec-5] DEBUG org.mybatis.spring.SqlSessionUtils - Closing non transactional SqlSession [org.apache.ibatis.session.defaults.DefaultSqlSession@58a315e]
2025-01-13 16:20:57 [http-nio-8080-exec-9] DEBUG org.mybatis.spring.SqlSessionUtils - Creating a new SqlSession
2025-01-13 16:20:57 [http-nio-8080-exec-2] DEBUG org.mybatis.spring.SqlSessionUtils - Creating a new SqlSession
2025-01-13 16:20:57 [http-nio-8080-exec-9] DEBUG org.mybatis.spring.SqlSessionUtils - SqlSession [org.apache.ibatis.session.defaults.DefaultSqlSession@45db3faa] was not registered for synchronization because synchronization is not active
2025-01-13 16:20:57 [http-nio-8080-exec-2] DEBUG org.mybatis.spring.SqlSessionUtils - SqlSession [org.apache.ibatis.session.defaults.DefaultSqlSession@599ba24b] was not registered for synchronization because synchronization is not active
2025-01-13 16:20:57 [http-nio-8080-exec-3] DEBUG org.mybatis.spring.SqlSessionUtils - Creating a new SqlSession
2025-01-13 16:20:57 [http-nio-8080-exec-3] DEBUG org.mybatis.spring.SqlSessionUtils - SqlSession [org.apache.ibatis.session.defaults.DefaultSqlSession@275a588] was not registered for synchronization because synchronization is not active
2025-01-13 16:20:57 [http-nio-8080-exec-9] DEBUG o.m.s.t.SpringManagedTransaction - JDBC Connection [HikariProxyConnection@194349817 wrapping com.mysql.cj.jdbc.ConnectionImpl@1b176bb] will not be managed by Spring
2025-01-13 16:20:57 [http-nio-8080-exec-3] DEBUG o.m.s.t.SpringManagedTransaction - JDBC Connection [HikariProxyConnection@554263840 wrapping com.mysql.cj.jdbc.ConnectionImpl@202516a8] will not be managed by Spring
2025-01-13 16:20:57 [http-nio-8080-exec-9] DEBUG c.s.d.m.C.selectLnbSubList - ==>  Preparing: SELECT CT_LNB_SUB_IDX AS ctLnbSubIdx, CT_LNB_ID AS ctLnbId, CT_LNB_SUB_ID AS ctLnbSubId, CT_LNB_SUB_NAME AS ctLnbSubName, CT_LNB_SUB_URL AS ctLnbSubUrl FROM CT_LNB_SUB WHERE CT_LNB_ID = ? ORDER BY CT_LNB_SUB_IDX
2025-01-13 16:20:57 [http-nio-8080-exec-3] DEBUG c.s.d.m.C.selectLnbSubList - ==>  Preparing: SELECT CT_LNB_SUB_IDX AS ctLnbSubIdx, CT_LNB_ID AS ctLnbId, CT_LNB_SUB_ID AS ctLnbSubId, CT_LNB_SUB_NAME AS ctLnbSubName, CT_LNB_SUB_URL AS ctLnbSubUrl FROM CT_LNB_SUB WHERE CT_LNB_ID = ? ORDER BY CT_LNB_SUB_IDX
2025-01-13 16:20:57 [http-nio-8080-exec-9] DEBUG c.s.d.m.C.selectLnbSubList - ==> Parameters: CT_LNB_SERVICE(String)
2025-01-13 16:20:57 [http-nio-8080-exec-3] DEBUG c.s.d.m.C.selectLnbSubList - ==> Parameters: CT_LNB_CONTACT(String)
2025-01-13 16:20:57 [http-nio-8080-exec-2] DEBUG o.m.s.t.SpringManagedTransaction - JDBC Connection [HikariProxyConnection@1847223598 wrapping com.mysql.cj.jdbc.ConnectionImpl@2f55317c] will not be managed by Spring
2025-01-13 16:20:57 [http-nio-8080-exec-2] DEBUG c.s.d.m.C.selectLnbSubList - ==>  Preparing: SELECT CT_LNB_SUB_IDX AS ctLnbSubIdx, CT_LNB_ID AS ctLnbId, CT_LNB_SUB_ID AS ctLnbSubId, CT_LNB_SUB_NAME AS ctLnbSubName, CT_LNB_SUB_URL AS ctLnbSubUrl FROM CT_LNB_SUB WHERE CT_LNB_ID = ? ORDER BY CT_LNB_SUB_IDX
2025-01-13 16:20:57 [http-nio-8080-exec-2] DEBUG c.s.d.m.C.selectLnbSubList - ==> Parameters: CT_LNB_COMPANY(String)
2025-01-13 16:20:57 [http-nio-8080-exec-3] DEBUG c.s.d.m.C.selectLnbSubList - <==      Total: 2
2025-01-13 16:20:57 [http-nio-8080-exec-9] DEBUG c.s.d.m.C.selectLnbSubList - <==      Total: 4
2025-01-13 16:20:57 [http-nio-8080-exec-9] DEBUG org.mybatis.spring.SqlSessionUtils - Closing non transactional SqlSession [org.apache.ibatis.session.defaults.DefaultSqlSession@45db3faa]
2025-01-13 16:20:57 [http-nio-8080-exec-3] DEBUG org.mybatis.spring.SqlSessionUtils - Closing non transactional SqlSession [org.apache.ibatis.session.defaults.DefaultSqlSession@275a588]
2025-01-13 16:20:57 [http-nio-8080-exec-2] DEBUG c.s.d.m.C.selectLnbSubList - <==      Total: 1
2025-01-13 16:20:57 [http-nio-8080-exec-2] DEBUG org.mybatis.spring.SqlSessionUtils - Closing non transactional SqlSession [org.apache.ibatis.session.defaults.DefaultSqlSession@599ba24b]
2025-01-13 16:20:57 [http-nio-8080-exec-7] DEBUG org.mybatis.spring.SqlSessionUtils - Creating a new SqlSession
2025-01-13 16:20:57 [http-nio-8080-exec-7] DEBUG org.mybatis.spring.SqlSessionUtils - SqlSession [org.apache.ibatis.session.defaults.DefaultSqlSession@72209933] was not registered for synchronization because synchronization is not active
2025-01-13 16:20:57 [http-nio-8080-exec-7] DEBUG o.m.s.t.SpringManagedTransaction - JDBC Connection [HikariProxyConnection@1362878988 wrapping com.mysql.cj.jdbc.ConnectionImpl@2f55317c] will not be managed by Spring
2025-01-13 16:20:57 [http-nio-8080-exec-7] DEBUG c.s.d.m.C.selectLnbSubList - ==>  Preparing: SELECT CT_LNB_SUB_IDX AS ctLnbSubIdx, CT_LNB_ID AS ctLnbId, CT_LNB_SUB_ID AS ctLnbSubId, CT_LNB_SUB_NAME AS ctLnbSubName, CT_LNB_SUB_URL AS ctLnbSubUrl FROM CT_LNB_SUB WHERE CT_LNB_ID = ? ORDER BY CT_LNB_SUB_IDX
2025-01-13 16:20:57 [http-nio-8080-exec-8] DEBUG org.mybatis.spring.SqlSessionUtils - Creating a new SqlSession
2025-01-13 16:20:57 [http-nio-8080-exec-7] DEBUG c.s.d.m.C.selectLnbSubList - ==> Parameters: CT_LNB_COMPANY(String)
2025-01-13 16:20:57 [http-nio-8080-exec-8] DEBUG org.mybatis.spring.SqlSessionUtils - SqlSession [org.apache.ibatis.session.defaults.DefaultSqlSession@4c49eb68] was not registered for synchronization because synchronization is not active
2025-01-13 16:20:57 [http-nio-8080-exec-10] DEBUG org.mybatis.spring.SqlSessionUtils - Creating a new SqlSession
2025-01-13 16:20:57 [http-nio-8080-exec-8] DEBUG o.m.s.t.SpringManagedTransaction - JDBC Connection [HikariProxyConnection@1225067149 wrapping com.mysql.cj.jdbc.ConnectionImpl@1b176bb] will not be managed by Spring
2025-01-13 16:20:57 [http-nio-8080-exec-10] DEBUG org.mybatis.spring.SqlSessionUtils - SqlSession [org.apache.ibatis.session.defaults.DefaultSqlSession@1e9727a8] was not registered for synchronization because synchronization is not active
2025-01-13 16:20:57 [http-nio-8080-exec-8] DEBUG c.s.d.m.C.selectLnbSubList - ==>  Preparing: SELECT CT_LNB_SUB_IDX AS ctLnbSubIdx, CT_LNB_ID AS ctLnbId, CT_LNB_SUB_ID AS ctLnbSubId, CT_LNB_SUB_NAME AS ctLnbSubName, CT_LNB_SUB_URL AS ctLnbSubUrl FROM CT_LNB_SUB WHERE CT_LNB_ID = ? ORDER BY CT_LNB_SUB_IDX
2025-01-13 16:20:57 [http-nio-8080-exec-8] DEBUG c.s.d.m.C.selectLnbSubList - ==> Parameters: CT_LNB_SERVICE(String)
2025-01-13 16:20:57 [http-nio-8080-exec-10] DEBUG o.m.s.t.SpringManagedTransaction - JDBC Connection [HikariProxyConnection@437909107 wrapping com.mysql.cj.jdbc.ConnectionImpl@4e92d0f1] will not be managed by Spring
2025-01-13 16:20:57 [http-nio-8080-exec-10] DEBUG c.s.d.m.C.selectLnbSubList - ==>  Preparing: SELECT CT_LNB_SUB_IDX AS ctLnbSubIdx, CT_LNB_ID AS ctLnbId, CT_LNB_SUB_ID AS ctLnbSubId, CT_LNB_SUB_NAME AS ctLnbSubName, CT_LNB_SUB_URL AS ctLnbSubUrl FROM CT_LNB_SUB WHERE CT_LNB_ID = ? ORDER BY CT_LNB_SUB_IDX
2025-01-13 16:20:57 [http-nio-8080-exec-10] DEBUG c.s.d.m.C.selectLnbSubList - ==> Parameters: CT_LNB_CONTACT(String)
2025-01-13 16:20:57 [http-nio-8080-exec-7] DEBUG c.s.d.m.C.selectLnbSubList - <==      Total: 1
2025-01-13 16:20:57 [http-nio-8080-exec-8] DEBUG c.s.d.m.C.selectLnbSubList - <==      Total: 4
2025-01-13 16:20:57 [http-nio-8080-exec-10] DEBUG c.s.d.m.C.selectLnbSubList - <==      Total: 2
2025-01-13 16:20:57 [http-nio-8080-exec-7] DEBUG org.mybatis.spring.SqlSessionUtils - Closing non transactional SqlSession [org.apache.ibatis.session.defaults.DefaultSqlSession@72209933]
2025-01-13 16:20:57 [http-nio-8080-exec-8] DEBUG org.mybatis.spring.SqlSessionUtils - Closing non transactional SqlSession [org.apache.ibatis.session.defaults.DefaultSqlSession@4c49eb68]
2025-01-13 16:20:57 [http-nio-8080-exec-10] DEBUG org.mybatis.spring.SqlSessionUtils - Closing non transactional SqlSession [org.apache.ibatis.session.defaults.DefaultSqlSession@1e9727a8]
2025-01-13 16:21:02 [http-nio-8080-exec-6] WARN  o.t.s.p.AbstractStandardFragmentInsertionTagProcessor - [THYMELEAF][http-nio-8080-exec-6][common/layout/layout] Deprecated unwrapped fragment expression "common/fragments/header::header" found in template common/layout/layout, line 33, col 10. Please use the complete syntax of fragment expressions instead ("~{common/fragments/header::header}"). The old, unwrapped syntax for fragment expressions will be removed in future versions of Thymeleaf.
2025-01-13 16:21:02 [http-nio-8080-exec-6] WARN  o.t.s.p.AbstractStandardFragmentInsertionTagProcessor - [THYMELEAF][http-nio-8080-exec-6][common/layout/layout] Deprecated unwrapped fragment expression "common/fragments/footer::footer" found in template common/layout/layout, line 37, col 10. Please use the complete syntax of fragment expressions instead ("~{common/fragments/footer::footer}"). The old, unwrapped syntax for fragment expressions will be removed in future versions of Thymeleaf.
2025-01-13 16:21:02 [http-nio-8080-exec-2] DEBUG org.mybatis.spring.SqlSessionUtils - Creating a new SqlSession
2025-01-13 16:21:02 [http-nio-8080-exec-2] DEBUG org.mybatis.spring.SqlSessionUtils - SqlSession [org.apache.ibatis.session.defaults.DefaultSqlSession@46b6568e] was not registered for synchronization because synchronization is not active
2025-01-13 16:21:02 [http-nio-8080-exec-2] DEBUG o.m.s.t.SpringManagedTransaction - JDBC Connection [HikariProxyConnection@2067294307 wrapping com.mysql.cj.jdbc.ConnectionImpl@2f55317c] will not be managed by Spring
2025-01-13 16:21:02 [http-nio-8080-exec-2] DEBUG c.s.d.m.CommonMapper.selectLnbList - ==>  Preparing: SELECT CT_LNB_IDX AS ctLnbIdx, CT_LNB_ID AS ctLnbId, CT_LNB_NAME AS ctLnbName, CT_LNB_SUB_YN AS ctLnbSubYn, CT_LNB_URL AS ctLnbUrl, CT_LNB_USE_YN AS ctLnbUseYn FROM CT_LNB WHERE CT_LNB_USE_YN = 'Y' ORDER BY CT_LNB_IDX
2025-01-13 16:21:02 [http-nio-8080-exec-2] DEBUG c.s.d.m.CommonMapper.selectLnbList - ==> Parameters: 
2025-01-13 16:21:02 [http-nio-8080-exec-2] DEBUG c.s.d.m.CommonMapper.selectLnbList - <==      Total: 4
2025-01-13 16:21:02 [http-nio-8080-exec-2] DEBUG org.mybatis.spring.SqlSessionUtils - Closing non transactional SqlSession [org.apache.ibatis.session.defaults.DefaultSqlSession@46b6568e]
2025-01-13 16:21:02 [http-nio-8080-exec-9] DEBUG org.mybatis.spring.SqlSessionUtils - Creating a new SqlSession
2025-01-13 16:21:02 [http-nio-8080-exec-9] DEBUG org.mybatis.spring.SqlSessionUtils - SqlSession [org.apache.ibatis.session.defaults.DefaultSqlSession@7db22ec5] was not registered for synchronization because synchronization is not active
2025-01-13 16:21:02 [http-nio-8080-exec-9] DEBUG o.m.s.t.SpringManagedTransaction - JDBC Connection [HikariProxyConnection@1524081096 wrapping com.mysql.cj.jdbc.ConnectionImpl@1b176bb] will not be managed by Spring
2025-01-13 16:21:02 [http-nio-8080-exec-9] DEBUG c.s.d.m.CommonMapper.selectLnbList - ==>  Preparing: SELECT CT_LNB_IDX AS ctLnbIdx, CT_LNB_ID AS ctLnbId, CT_LNB_NAME AS ctLnbName, CT_LNB_SUB_YN AS ctLnbSubYn, CT_LNB_URL AS ctLnbUrl, CT_LNB_USE_YN AS ctLnbUseYn FROM CT_LNB WHERE CT_LNB_USE_YN = 'Y' ORDER BY CT_LNB_IDX
2025-01-13 16:21:02 [http-nio-8080-exec-9] DEBUG c.s.d.m.CommonMapper.selectLnbList - ==> Parameters: 
2025-01-13 16:21:02 [http-nio-8080-exec-9] DEBUG c.s.d.m.CommonMapper.selectLnbList - <==      Total: 4
2025-01-13 16:21:02 [http-nio-8080-exec-9] DEBUG org.mybatis.spring.SqlSessionUtils - Closing non transactional SqlSession [org.apache.ibatis.session.defaults.DefaultSqlSession@7db22ec5]
2025-01-13 16:21:02 [http-nio-8080-exec-1] DEBUG org.mybatis.spring.SqlSessionUtils - Creating a new SqlSession
2025-01-13 16:21:02 [http-nio-8080-exec-4] DEBUG org.mybatis.spring.SqlSessionUtils - Creating a new SqlSession
2025-01-13 16:21:02 [http-nio-8080-exec-1] DEBUG org.mybatis.spring.SqlSessionUtils - SqlSession [org.apache.ibatis.session.defaults.DefaultSqlSession@587f90ab] was not registered for synchronization because synchronization is not active
2025-01-13 16:21:02 [http-nio-8080-exec-6] DEBUG org.mybatis.spring.SqlSessionUtils - Creating a new SqlSession
2025-01-13 16:21:02 [http-nio-8080-exec-4] DEBUG org.mybatis.spring.SqlSessionUtils - SqlSession [org.apache.ibatis.session.defaults.DefaultSqlSession@52e741b] was not registered for synchronization because synchronization is not active
2025-01-13 16:21:02 [http-nio-8080-exec-6] DEBUG org.mybatis.spring.SqlSessionUtils - SqlSession [org.apache.ibatis.session.defaults.DefaultSqlSession@7845e2d1] was not registered for synchronization because synchronization is not active
2025-01-13 16:21:02 [http-nio-8080-exec-6] DEBUG o.m.s.t.SpringManagedTransaction - JDBC Connection [HikariProxyConnection@542671206 wrapping com.mysql.cj.jdbc.ConnectionImpl@1b176bb] will not be managed by Spring
2025-01-13 16:21:02 [http-nio-8080-exec-4] DEBUG o.m.s.t.SpringManagedTransaction - JDBC Connection [HikariProxyConnection@1518636324 wrapping com.mysql.cj.jdbc.ConnectionImpl@2f55317c] will not be managed by Spring
2025-01-13 16:21:02 [http-nio-8080-exec-6] DEBUG c.s.d.m.C.selectLnbSubList - ==>  Preparing: SELECT CT_LNB_SUB_IDX AS ctLnbSubIdx, CT_LNB_ID AS ctLnbId, CT_LNB_SUB_ID AS ctLnbSubId, CT_LNB_SUB_NAME AS ctLnbSubName, CT_LNB_SUB_URL AS ctLnbSubUrl FROM CT_LNB_SUB WHERE CT_LNB_ID = ? ORDER BY CT_LNB_SUB_IDX
2025-01-13 16:21:02 [http-nio-8080-exec-4] DEBUG c.s.d.m.C.selectLnbSubList - ==>  Preparing: SELECT CT_LNB_SUB_IDX AS ctLnbSubIdx, CT_LNB_ID AS ctLnbId, CT_LNB_SUB_ID AS ctLnbSubId, CT_LNB_SUB_NAME AS ctLnbSubName, CT_LNB_SUB_URL AS ctLnbSubUrl FROM CT_LNB_SUB WHERE CT_LNB_ID = ? ORDER BY CT_LNB_SUB_IDX
2025-01-13 16:21:02 [http-nio-8080-exec-4] DEBUG c.s.d.m.C.selectLnbSubList - ==> Parameters: CT_LNB_SERVICE(String)
2025-01-13 16:21:02 [http-nio-8080-exec-6] DEBUG c.s.d.m.C.selectLnbSubList - ==> Parameters: CT_LNB_COMPANY(String)
2025-01-13 16:21:02 [http-nio-8080-exec-1] DEBUG o.m.s.t.SpringManagedTransaction - JDBC Connection [HikariProxyConnection@1002124083 wrapping com.mysql.cj.jdbc.ConnectionImpl@202516a8] will not be managed by Spring
2025-01-13 16:21:02 [http-nio-8080-exec-1] DEBUG c.s.d.m.C.selectLnbSubList - ==>  Preparing: SELECT CT_LNB_SUB_IDX AS ctLnbSubIdx, CT_LNB_ID AS ctLnbId, CT_LNB_SUB_ID AS ctLnbSubId, CT_LNB_SUB_NAME AS ctLnbSubName, CT_LNB_SUB_URL AS ctLnbSubUrl FROM CT_LNB_SUB WHERE CT_LNB_ID = ? ORDER BY CT_LNB_SUB_IDX
2025-01-13 16:21:02 [http-nio-8080-exec-1] DEBUG c.s.d.m.C.selectLnbSubList - ==> Parameters: CT_LNB_CONTACT(String)
2025-01-13 16:21:02 [http-nio-8080-exec-6] DEBUG c.s.d.m.C.selectLnbSubList - <==      Total: 1
2025-01-13 16:21:02 [http-nio-8080-exec-1] DEBUG c.s.d.m.C.selectLnbSubList - <==      Total: 2
2025-01-13 16:21:02 [http-nio-8080-exec-4] DEBUG c.s.d.m.C.selectLnbSubList - <==      Total: 4
2025-01-13 16:21:02 [http-nio-8080-exec-4] DEBUG org.mybatis.spring.SqlSessionUtils - Closing non transactional SqlSession [org.apache.ibatis.session.defaults.DefaultSqlSession@52e741b]
2025-01-13 16:21:02 [http-nio-8080-exec-6] DEBUG org.mybatis.spring.SqlSessionUtils - Closing non transactional SqlSession [org.apache.ibatis.session.defaults.DefaultSqlSession@7845e2d1]
2025-01-13 16:21:02 [http-nio-8080-exec-1] DEBUG org.mybatis.spring.SqlSessionUtils - Closing non transactional SqlSession [org.apache.ibatis.session.defaults.DefaultSqlSession@587f90ab]
2025-01-13 16:21:02 [http-nio-8080-exec-5] DEBUG org.mybatis.spring.SqlSessionUtils - Creating a new SqlSession
2025-01-13 16:21:02 [http-nio-8080-exec-3] DEBUG org.mybatis.spring.SqlSessionUtils - Creating a new SqlSession
2025-01-13 16:21:02 [http-nio-8080-exec-5] DEBUG org.mybatis.spring.SqlSessionUtils - SqlSession [org.apache.ibatis.session.defaults.DefaultSqlSession@e3b86b5] was not registered for synchronization because synchronization is not active
2025-01-13 16:21:02 [http-nio-8080-exec-3] DEBUG org.mybatis.spring.SqlSessionUtils - SqlSession [org.apache.ibatis.session.defaults.DefaultSqlSession@1be36eb4] was not registered for synchronization because synchronization is not active
2025-01-13 16:21:02 [http-nio-8080-exec-5] DEBUG o.m.s.t.SpringManagedTransaction - JDBC Connection [HikariProxyConnection@62711103 wrapping com.mysql.cj.jdbc.ConnectionImpl@1b176bb] will not be managed by Spring
2025-01-13 16:21:02 [http-nio-8080-exec-3] DEBUG o.m.s.t.SpringManagedTransaction - JDBC Connection [HikariProxyConnection@831257587 wrapping com.mysql.cj.jdbc.ConnectionImpl@202516a8] will not be managed by Spring
2025-01-13 16:21:02 [http-nio-8080-exec-5] DEBUG c.s.d.m.C.selectLnbSubList - ==>  Preparing: SELECT CT_LNB_SUB_IDX AS ctLnbSubIdx, CT_LNB_ID AS ctLnbId, CT_LNB_SUB_ID AS ctLnbSubId, CT_LNB_SUB_NAME AS ctLnbSubName, CT_LNB_SUB_URL AS ctLnbSubUrl FROM CT_LNB_SUB WHERE CT_LNB_ID = ? ORDER BY CT_LNB_SUB_IDX
2025-01-13 16:21:02 [http-nio-8080-exec-3] DEBUG c.s.d.m.C.selectLnbSubList - ==>  Preparing: SELECT CT_LNB_SUB_IDX AS ctLnbSubIdx, CT_LNB_ID AS ctLnbId, CT_LNB_SUB_ID AS ctLnbSubId, CT_LNB_SUB_NAME AS ctLnbSubName, CT_LNB_SUB_URL AS ctLnbSubUrl FROM CT_LNB_SUB WHERE CT_LNB_ID = ? ORDER BY CT_LNB_SUB_IDX
2025-01-13 16:21:02 [http-nio-8080-exec-3] DEBUG c.s.d.m.C.selectLnbSubList - ==> Parameters: CT_LNB_COMPANY(String)
2025-01-13 16:21:02 [http-nio-8080-exec-5] DEBUG c.s.d.m.C.selectLnbSubList - ==> Parameters: CT_LNB_SERVICE(String)
2025-01-13 16:21:02 [http-nio-8080-exec-3] DEBUG c.s.d.m.C.selectLnbSubList - <==      Total: 1
2025-01-13 16:21:02 [http-nio-8080-exec-5] DEBUG c.s.d.m.C.selectLnbSubList - <==      Total: 4
2025-01-13 16:21:02 [http-nio-8080-exec-3] DEBUG org.mybatis.spring.SqlSessionUtils - Closing non transactional SqlSession [org.apache.ibatis.session.defaults.DefaultSqlSession@1be36eb4]
2025-01-13 16:21:02 [http-nio-8080-exec-5] DEBUG org.mybatis.spring.SqlSessionUtils - Closing non transactional SqlSession [org.apache.ibatis.session.defaults.DefaultSqlSession@e3b86b5]
2025-01-13 16:21:02 [http-nio-8080-exec-2] DEBUG org.mybatis.spring.SqlSessionUtils - Creating a new SqlSession
2025-01-13 16:21:02 [http-nio-8080-exec-2] DEBUG org.mybatis.spring.SqlSessionUtils - SqlSession [org.apache.ibatis.session.defaults.DefaultSqlSession@4c671395] was not registered for synchronization because synchronization is not active
2025-01-13 16:21:02 [http-nio-8080-exec-2] DEBUG o.m.s.t.SpringManagedTransaction - JDBC Connection [HikariProxyConnection@940654257 wrapping com.mysql.cj.jdbc.ConnectionImpl@2f55317c] will not be managed by Spring
2025-01-13 16:21:02 [http-nio-8080-exec-2] DEBUG c.s.d.m.C.selectLnbSubList - ==>  Preparing: SELECT CT_LNB_SUB_IDX AS ctLnbSubIdx, CT_LNB_ID AS ctLnbId, CT_LNB_SUB_ID AS ctLnbSubId, CT_LNB_SUB_NAME AS ctLnbSubName, CT_LNB_SUB_URL AS ctLnbSubUrl FROM CT_LNB_SUB WHERE CT_LNB_ID = ? ORDER BY CT_LNB_SUB_IDX
2025-01-13 16:21:02 [http-nio-8080-exec-2] DEBUG c.s.d.m.C.selectLnbSubList - ==> Parameters: CT_LNB_CONTACT(String)
2025-01-13 16:21:02 [http-nio-8080-exec-2] DEBUG c.s.d.m.C.selectLnbSubList - <==      Total: 2
2025-01-13 16:21:02 [http-nio-8080-exec-2] DEBUG org.mybatis.spring.SqlSessionUtils - Closing non transactional SqlSession [org.apache.ibatis.session.defaults.DefaultSqlSession@4c671395]
2025-01-13 16:21:10 [http-nio-8080-exec-9] WARN  o.t.s.p.AbstractStandardFragmentInsertionTagProcessor - [THYMELEAF][http-nio-8080-exec-9][common/layout/layout] Deprecated unwrapped fragment expression "common/fragments/header::header" found in template common/layout/layout, line 33, col 10. Please use the complete syntax of fragment expressions instead ("~{common/fragments/header::header}"). The old, unwrapped syntax for fragment expressions will be removed in future versions of Thymeleaf.
2025-01-13 16:21:10 [http-nio-8080-exec-9] WARN  o.t.s.p.AbstractStandardFragmentInsertionTagProcessor - [THYMELEAF][http-nio-8080-exec-9][common/layout/layout] Deprecated unwrapped fragment expression "common/fragments/footer::footer" found in template common/layout/layout, line 37, col 10. Please use the complete syntax of fragment expressions instead ("~{common/fragments/footer::footer}"). The old, unwrapped syntax for fragment expressions will be removed in future versions of Thymeleaf.
2025-01-13 16:21:10 [http-nio-8080-exec-8] DEBUG org.mybatis.spring.SqlSessionUtils - Creating a new SqlSession
2025-01-13 16:21:10 [http-nio-8080-exec-8] DEBUG org.mybatis.spring.SqlSessionUtils - SqlSession [org.apache.ibatis.session.defaults.DefaultSqlSession@116c1da1] was not registered for synchronization because synchronization is not active
2025-01-13 16:21:10 [http-nio-8080-exec-8] DEBUG o.m.s.t.SpringManagedTransaction - JDBC Connection [HikariProxyConnection@1049712138 wrapping com.mysql.cj.jdbc.ConnectionImpl@1b176bb] will not be managed by Spring
2025-01-13 16:21:10 [http-nio-8080-exec-8] DEBUG c.s.d.m.CommonMapper.selectLnbList - ==>  Preparing: SELECT CT_LNB_IDX AS ctLnbIdx, CT_LNB_ID AS ctLnbId, CT_LNB_NAME AS ctLnbName, CT_LNB_SUB_YN AS ctLnbSubYn, CT_LNB_URL AS ctLnbUrl, CT_LNB_USE_YN AS ctLnbUseYn FROM CT_LNB WHERE CT_LNB_USE_YN = 'Y' ORDER BY CT_LNB_IDX
2025-01-13 16:21:10 [http-nio-8080-exec-8] DEBUG c.s.d.m.CommonMapper.selectLnbList - ==> Parameters: 
2025-01-13 16:21:10 [http-nio-8080-exec-8] DEBUG c.s.d.m.CommonMapper.selectLnbList - <==      Total: 4
2025-01-13 16:21:10 [http-nio-8080-exec-8] DEBUG org.mybatis.spring.SqlSessionUtils - Closing non transactional SqlSession [org.apache.ibatis.session.defaults.DefaultSqlSession@116c1da1]
2025-01-13 16:21:10 [http-nio-8080-exec-10] DEBUG org.mybatis.spring.SqlSessionUtils - Creating a new SqlSession
2025-01-13 16:21:10 [http-nio-8080-exec-10] DEBUG org.mybatis.spring.SqlSessionUtils - SqlSession [org.apache.ibatis.session.defaults.DefaultSqlSession@74a5c7d6] was not registered for synchronization because synchronization is not active
2025-01-13 16:21:10 [http-nio-8080-exec-10] DEBUG o.m.s.t.SpringManagedTransaction - JDBC Connection [HikariProxyConnection@962824467 wrapping com.mysql.cj.jdbc.ConnectionImpl@4e92d0f1] will not be managed by Spring
2025-01-13 16:21:10 [http-nio-8080-exec-10] DEBUG c.s.d.m.CommonMapper.selectLnbList - ==>  Preparing: SELECT CT_LNB_IDX AS ctLnbIdx, CT_LNB_ID AS ctLnbId, CT_LNB_NAME AS ctLnbName, CT_LNB_SUB_YN AS ctLnbSubYn, CT_LNB_URL AS ctLnbUrl, CT_LNB_USE_YN AS ctLnbUseYn FROM CT_LNB WHERE CT_LNB_USE_YN = 'Y' ORDER BY CT_LNB_IDX
2025-01-13 16:21:10 [http-nio-8080-exec-10] DEBUG c.s.d.m.CommonMapper.selectLnbList - ==> Parameters: 
2025-01-13 16:21:10 [http-nio-8080-exec-10] DEBUG c.s.d.m.CommonMapper.selectLnbList - <==      Total: 4
2025-01-13 16:21:10 [http-nio-8080-exec-10] DEBUG org.mybatis.spring.SqlSessionUtils - Closing non transactional SqlSession [org.apache.ibatis.session.defaults.DefaultSqlSession@74a5c7d6]
2025-01-13 16:21:10 [http-nio-8080-exec-1] DEBUG org.mybatis.spring.SqlSessionUtils - Creating a new SqlSession
2025-01-13 16:21:10 [http-nio-8080-exec-1] DEBUG org.mybatis.spring.SqlSessionUtils - SqlSession [org.apache.ibatis.session.defaults.DefaultSqlSession@602bdd09] was not registered for synchronization because synchronization is not active
2025-01-13 16:21:10 [http-nio-8080-exec-1] DEBUG o.m.s.t.SpringManagedTransaction - JDBC Connection [HikariProxyConnection@40589460 wrapping com.mysql.cj.jdbc.ConnectionImpl@202516a8] will not be managed by Spring
2025-01-13 16:21:10 [http-nio-8080-exec-1] DEBUG c.s.d.m.C.selectLnbSubList - ==>  Preparing: SELECT CT_LNB_SUB_IDX AS ctLnbSubIdx, CT_LNB_ID AS ctLnbId, CT_LNB_SUB_ID AS ctLnbSubId, CT_LNB_SUB_NAME AS ctLnbSubName, CT_LNB_SUB_URL AS ctLnbSubUrl FROM CT_LNB_SUB WHERE CT_LNB_ID = ? ORDER BY CT_LNB_SUB_IDX
2025-01-13 16:21:10 [http-nio-8080-exec-6] DEBUG org.mybatis.spring.SqlSessionUtils - Creating a new SqlSession
2025-01-13 16:21:10 [http-nio-8080-exec-6] DEBUG org.mybatis.spring.SqlSessionUtils - SqlSession [org.apache.ibatis.session.defaults.DefaultSqlSession@1b36ac32] was not registered for synchronization because synchronization is not active
2025-01-13 16:21:10 [http-nio-8080-exec-6] DEBUG o.m.s.t.SpringManagedTransaction - JDBC Connection [HikariProxyConnection@2130791811 wrapping com.mysql.cj.jdbc.ConnectionImpl@1b176bb] will not be managed by Spring
2025-01-13 16:21:10 [http-nio-8080-exec-1] DEBUG c.s.d.m.C.selectLnbSubList - ==> Parameters: CT_LNB_COMPANY(String)
2025-01-13 16:21:10 [http-nio-8080-exec-6] DEBUG c.s.d.m.C.selectLnbSubList - ==>  Preparing: SELECT CT_LNB_SUB_IDX AS ctLnbSubIdx, CT_LNB_ID AS ctLnbId, CT_LNB_SUB_ID AS ctLnbSubId, CT_LNB_SUB_NAME AS ctLnbSubName, CT_LNB_SUB_URL AS ctLnbSubUrl FROM CT_LNB_SUB WHERE CT_LNB_ID = ? ORDER BY CT_LNB_SUB_IDX
2025-01-13 16:21:10 [http-nio-8080-exec-6] DEBUG c.s.d.m.C.selectLnbSubList - ==> Parameters: CT_LNB_SERVICE(String)
2025-01-13 16:21:10 [http-nio-8080-exec-1] DEBUG c.s.d.m.C.selectLnbSubList - <==      Total: 1
2025-01-13 16:21:10 [http-nio-8080-exec-6] DEBUG c.s.d.m.C.selectLnbSubList - <==      Total: 4
2025-01-13 16:21:10 [http-nio-8080-exec-1] DEBUG org.mybatis.spring.SqlSessionUtils - Closing non transactional SqlSession [org.apache.ibatis.session.defaults.DefaultSqlSession@602bdd09]
2025-01-13 16:21:10 [http-nio-8080-exec-6] DEBUG org.mybatis.spring.SqlSessionUtils - Closing non transactional SqlSession [org.apache.ibatis.session.defaults.DefaultSqlSession@1b36ac32]
2025-01-13 16:21:10 [http-nio-8080-exec-4] DEBUG org.mybatis.spring.SqlSessionUtils - Creating a new SqlSession
2025-01-13 16:21:10 [http-nio-8080-exec-4] DEBUG org.mybatis.spring.SqlSessionUtils - SqlSession [org.apache.ibatis.session.defaults.DefaultSqlSession@d03fcff] was not registered for synchronization because synchronization is not active
2025-01-13 16:21:10 [http-nio-8080-exec-4] DEBUG o.m.s.t.SpringManagedTransaction - JDBC Connection [HikariProxyConnection@1938865622 wrapping com.mysql.cj.jdbc.ConnectionImpl@2f55317c] will not be managed by Spring
2025-01-13 16:21:10 [http-nio-8080-exec-4] DEBUG c.s.d.m.C.selectLnbSubList - ==>  Preparing: SELECT CT_LNB_SUB_IDX AS ctLnbSubIdx, CT_LNB_ID AS ctLnbId, CT_LNB_SUB_ID AS ctLnbSubId, CT_LNB_SUB_NAME AS ctLnbSubName, CT_LNB_SUB_URL AS ctLnbSubUrl FROM CT_LNB_SUB WHERE CT_LNB_ID = ? ORDER BY CT_LNB_SUB_IDX
2025-01-13 16:21:10 [http-nio-8080-exec-4] DEBUG c.s.d.m.C.selectLnbSubList - ==> Parameters: CT_LNB_CONTACT(String)
2025-01-13 16:21:10 [http-nio-8080-exec-4] DEBUG c.s.d.m.C.selectLnbSubList - <==      Total: 2
2025-01-13 16:21:10 [http-nio-8080-exec-4] DEBUG org.mybatis.spring.SqlSessionUtils - Closing non transactional SqlSession [org.apache.ibatis.session.defaults.DefaultSqlSession@d03fcff]
2025-01-13 16:21:10 [http-nio-8080-exec-5] DEBUG org.mybatis.spring.SqlSessionUtils - Creating a new SqlSession
2025-01-13 16:21:10 [http-nio-8080-exec-3] DEBUG org.mybatis.spring.SqlSessionUtils - Creating a new SqlSession
2025-01-13 16:21:10 [http-nio-8080-exec-5] DEBUG org.mybatis.spring.SqlSessionUtils - SqlSession [org.apache.ibatis.session.defaults.DefaultSqlSession@23f9ca31] was not registered for synchronization because synchronization is not active
2025-01-13 16:21:10 [http-nio-8080-exec-3] DEBUG org.mybatis.spring.SqlSessionUtils - SqlSession [org.apache.ibatis.session.defaults.DefaultSqlSession@2bccfe9e] was not registered for synchronization because synchronization is not active
2025-01-13 16:21:10 [http-nio-8080-exec-5] DEBUG o.m.s.t.SpringManagedTransaction - JDBC Connection [HikariProxyConnection@1200117356 wrapping com.mysql.cj.jdbc.ConnectionImpl@1b176bb] will not be managed by Spring
2025-01-13 16:21:10 [http-nio-8080-exec-3] DEBUG o.m.s.t.SpringManagedTransaction - JDBC Connection [HikariProxyConnection@1165417591 wrapping com.mysql.cj.jdbc.ConnectionImpl@202516a8] will not be managed by Spring
2025-01-13 16:21:10 [http-nio-8080-exec-5] DEBUG c.s.d.m.C.selectLnbSubList - ==>  Preparing: SELECT CT_LNB_SUB_IDX AS ctLnbSubIdx, CT_LNB_ID AS ctLnbId, CT_LNB_SUB_ID AS ctLnbSubId, CT_LNB_SUB_NAME AS ctLnbSubName, CT_LNB_SUB_URL AS ctLnbSubUrl FROM CT_LNB_SUB WHERE CT_LNB_ID = ? ORDER BY CT_LNB_SUB_IDX
2025-01-13 16:21:10 [http-nio-8080-exec-3] DEBUG c.s.d.m.C.selectLnbSubList - ==>  Preparing: SELECT CT_LNB_SUB_IDX AS ctLnbSubIdx, CT_LNB_ID AS ctLnbId, CT_LNB_SUB_ID AS ctLnbSubId, CT_LNB_SUB_NAME AS ctLnbSubName, CT_LNB_SUB_URL AS ctLnbSubUrl FROM CT_LNB_SUB WHERE CT_LNB_ID = ? ORDER BY CT_LNB_SUB_IDX
2025-01-13 16:21:10 [http-nio-8080-exec-5] DEBUG c.s.d.m.C.selectLnbSubList - ==> Parameters: CT_LNB_SERVICE(String)
2025-01-13 16:21:10 [http-nio-8080-exec-3] DEBUG c.s.d.m.C.selectLnbSubList - ==> Parameters: CT_LNB_COMPANY(String)
2025-01-13 16:21:10 [http-nio-8080-exec-3] DEBUG c.s.d.m.C.selectLnbSubList - <==      Total: 1
2025-01-13 16:21:10 [http-nio-8080-exec-5] DEBUG c.s.d.m.C.selectLnbSubList - <==      Total: 4
2025-01-13 16:21:10 [http-nio-8080-exec-3] DEBUG org.mybatis.spring.SqlSessionUtils - Closing non transactional SqlSession [org.apache.ibatis.session.defaults.DefaultSqlSession@2bccfe9e]
2025-01-13 16:21:10 [http-nio-8080-exec-5] DEBUG org.mybatis.spring.SqlSessionUtils - Closing non transactional SqlSession [org.apache.ibatis.session.defaults.DefaultSqlSession@23f9ca31]
2025-01-13 16:21:10 [http-nio-8080-exec-2] DEBUG org.mybatis.spring.SqlSessionUtils - Creating a new SqlSession
2025-01-13 16:21:10 [http-nio-8080-exec-2] DEBUG org.mybatis.spring.SqlSessionUtils - SqlSession [org.apache.ibatis.session.defaults.DefaultSqlSession@426063b0] was not registered for synchronization because synchronization is not active
2025-01-13 16:21:10 [http-nio-8080-exec-2] DEBUG o.m.s.t.SpringManagedTransaction - JDBC Connection [HikariProxyConnection@1932863995 wrapping com.mysql.cj.jdbc.ConnectionImpl@2f55317c] will not be managed by Spring
2025-01-13 16:21:10 [http-nio-8080-exec-2] DEBUG c.s.d.m.C.selectLnbSubList - ==>  Preparing: SELECT CT_LNB_SUB_IDX AS ctLnbSubIdx, CT_LNB_ID AS ctLnbId, CT_LNB_SUB_ID AS ctLnbSubId, CT_LNB_SUB_NAME AS ctLnbSubName, CT_LNB_SUB_URL AS ctLnbSubUrl FROM CT_LNB_SUB WHERE CT_LNB_ID = ? ORDER BY CT_LNB_SUB_IDX
2025-01-13 16:21:10 [http-nio-8080-exec-2] DEBUG c.s.d.m.C.selectLnbSubList - ==> Parameters: CT_LNB_CONTACT(String)
2025-01-13 16:21:10 [http-nio-8080-exec-2] DEBUG c.s.d.m.C.selectLnbSubList - <==      Total: 2
2025-01-13 16:21:10 [http-nio-8080-exec-2] DEBUG org.mybatis.spring.SqlSessionUtils - Closing non transactional SqlSession [org.apache.ibatis.session.defaults.DefaultSqlSession@426063b0]
2025-01-13 16:21:14 [http-nio-8080-exec-9] WARN  o.t.s.p.AbstractStandardFragmentInsertionTagProcessor - [THYMELEAF][http-nio-8080-exec-9][common/layout/layout] Deprecated unwrapped fragment expression "common/fragments/header::header" found in template common/layout/layout, line 33, col 10. Please use the complete syntax of fragment expressions instead ("~{common/fragments/header::header}"). The old, unwrapped syntax for fragment expressions will be removed in future versions of Thymeleaf.
2025-01-13 16:21:14 [http-nio-8080-exec-9] WARN  o.t.s.p.AbstractStandardFragmentInsertionTagProcessor - [THYMELEAF][http-nio-8080-exec-9][common/layout/layout] Deprecated unwrapped fragment expression "common/fragments/footer::footer" found in template common/layout/layout, line 37, col 10. Please use the complete syntax of fragment expressions instead ("~{common/fragments/footer::footer}"). The old, unwrapped syntax for fragment expressions will be removed in future versions of Thymeleaf.
2025-01-13 16:21:14 [http-nio-8080-exec-8] DEBUG org.mybatis.spring.SqlSessionUtils - Creating a new SqlSession
2025-01-13 16:21:14 [http-nio-8080-exec-8] DEBUG org.mybatis.spring.SqlSessionUtils - SqlSession [org.apache.ibatis.session.defaults.DefaultSqlSession@2fd101d8] was not registered for synchronization because synchronization is not active
2025-01-13 16:21:14 [http-nio-8080-exec-8] DEBUG o.m.s.t.SpringManagedTransaction - JDBC Connection [HikariProxyConnection@457454382 wrapping com.mysql.cj.jdbc.ConnectionImpl@1b176bb] will not be managed by Spring
2025-01-13 16:21:14 [http-nio-8080-exec-8] DEBUG c.s.d.m.CommonMapper.selectLnbList - ==>  Preparing: SELECT CT_LNB_IDX AS ctLnbIdx, CT_LNB_ID AS ctLnbId, CT_LNB_NAME AS ctLnbName, CT_LNB_SUB_YN AS ctLnbSubYn, CT_LNB_URL AS ctLnbUrl, CT_LNB_USE_YN AS ctLnbUseYn FROM CT_LNB WHERE CT_LNB_USE_YN = 'Y' ORDER BY CT_LNB_IDX
2025-01-13 16:21:14 [http-nio-8080-exec-8] DEBUG c.s.d.m.CommonMapper.selectLnbList - ==> Parameters: 
2025-01-13 16:21:14 [http-nio-8080-exec-8] DEBUG c.s.d.m.CommonMapper.selectLnbList - <==      Total: 4
2025-01-13 16:21:14 [http-nio-8080-exec-8] DEBUG org.mybatis.spring.SqlSessionUtils - Closing non transactional SqlSession [org.apache.ibatis.session.defaults.DefaultSqlSession@2fd101d8]
2025-01-13 16:21:14 [http-nio-8080-exec-5] DEBUG org.mybatis.spring.SqlSessionUtils - Creating a new SqlSession
2025-01-13 16:21:14 [http-nio-8080-exec-5] DEBUG org.mybatis.spring.SqlSessionUtils - SqlSession [org.apache.ibatis.session.defaults.DefaultSqlSession@259914c1] was not registered for synchronization because synchronization is not active
2025-01-13 16:21:14 [http-nio-8080-exec-5] DEBUG o.m.s.t.SpringManagedTransaction - JDBC Connection [HikariProxyConnection@1214048769 wrapping com.mysql.cj.jdbc.ConnectionImpl@1b176bb] will not be managed by Spring
2025-01-13 16:21:14 [http-nio-8080-exec-5] DEBUG c.s.d.m.CommonMapper.selectLnbList - ==>  Preparing: SELECT CT_LNB_IDX AS ctLnbIdx, CT_LNB_ID AS ctLnbId, CT_LNB_NAME AS ctLnbName, CT_LNB_SUB_YN AS ctLnbSubYn, CT_LNB_URL AS ctLnbUrl, CT_LNB_USE_YN AS ctLnbUseYn FROM CT_LNB WHERE CT_LNB_USE_YN = 'Y' ORDER BY CT_LNB_IDX
2025-01-13 16:21:14 [http-nio-8080-exec-5] DEBUG c.s.d.m.CommonMapper.selectLnbList - ==> Parameters: 
2025-01-13 16:21:14 [http-nio-8080-exec-5] DEBUG c.s.d.m.CommonMapper.selectLnbList - <==      Total: 4
2025-01-13 16:21:14 [http-nio-8080-exec-5] DEBUG org.mybatis.spring.SqlSessionUtils - Closing non transactional SqlSession [org.apache.ibatis.session.defaults.DefaultSqlSession@259914c1]
2025-01-13 16:21:14 [http-nio-8080-exec-1] DEBUG org.mybatis.spring.SqlSessionUtils - Creating a new SqlSession
2025-01-13 16:21:14 [http-nio-8080-exec-4] DEBUG org.mybatis.spring.SqlSessionUtils - Creating a new SqlSession
2025-01-13 16:21:14 [http-nio-8080-exec-1] DEBUG org.mybatis.spring.SqlSessionUtils - SqlSession [org.apache.ibatis.session.defaults.DefaultSqlSession@7f7d96df] was not registered for synchronization because synchronization is not active
2025-01-13 16:21:14 [http-nio-8080-exec-4] DEBUG org.mybatis.spring.SqlSessionUtils - SqlSession [org.apache.ibatis.session.defaults.DefaultSqlSession@2ba889a4] was not registered for synchronization because synchronization is not active
2025-01-13 16:21:14 [http-nio-8080-exec-4] DEBUG o.m.s.t.SpringManagedTransaction - JDBC Connection [HikariProxyConnection@1562439434 wrapping com.mysql.cj.jdbc.ConnectionImpl@2f55317c] will not be managed by Spring
2025-01-13 16:21:14 [http-nio-8080-exec-1] DEBUG o.m.s.t.SpringManagedTransaction - JDBC Connection [HikariProxyConnection@663412316 wrapping com.mysql.cj.jdbc.ConnectionImpl@202516a8] will not be managed by Spring
2025-01-13 16:21:14 [http-nio-8080-exec-4] DEBUG c.s.d.m.C.selectLnbSubList - ==>  Preparing: SELECT CT_LNB_SUB_IDX AS ctLnbSubIdx, CT_LNB_ID AS ctLnbId, CT_LNB_SUB_ID AS ctLnbSubId, CT_LNB_SUB_NAME AS ctLnbSubName, CT_LNB_SUB_URL AS ctLnbSubUrl FROM CT_LNB_SUB WHERE CT_LNB_ID = ? ORDER BY CT_LNB_SUB_IDX
2025-01-13 16:21:14 [http-nio-8080-exec-1] DEBUG c.s.d.m.C.selectLnbSubList - ==>  Preparing: SELECT CT_LNB_SUB_IDX AS ctLnbSubIdx, CT_LNB_ID AS ctLnbId, CT_LNB_SUB_ID AS ctLnbSubId, CT_LNB_SUB_NAME AS ctLnbSubName, CT_LNB_SUB_URL AS ctLnbSubUrl FROM CT_LNB_SUB WHERE CT_LNB_ID = ? ORDER BY CT_LNB_SUB_IDX
2025-01-13 16:21:14 [http-nio-8080-exec-1] DEBUG c.s.d.m.C.selectLnbSubList - ==> Parameters: CT_LNB_COMPANY(String)
2025-01-13 16:21:14 [http-nio-8080-exec-4] DEBUG c.s.d.m.C.selectLnbSubList - ==> Parameters: CT_LNB_SERVICE(String)
2025-01-13 16:21:14 [http-nio-8080-exec-1] DEBUG c.s.d.m.C.selectLnbSubList - <==      Total: 1
2025-01-13 16:21:14 [http-nio-8080-exec-4] DEBUG c.s.d.m.C.selectLnbSubList - <==      Total: 4
2025-01-13 16:21:14 [http-nio-8080-exec-1] DEBUG org.mybatis.spring.SqlSessionUtils - Closing non transactional SqlSession [org.apache.ibatis.session.defaults.DefaultSqlSession@7f7d96df]
2025-01-13 16:21:14 [http-nio-8080-exec-4] DEBUG org.mybatis.spring.SqlSessionUtils - Closing non transactional SqlSession [org.apache.ibatis.session.defaults.DefaultSqlSession@2ba889a4]
2025-01-13 16:21:14 [http-nio-8080-exec-6] DEBUG org.mybatis.spring.SqlSessionUtils - Creating a new SqlSession
2025-01-13 16:21:14 [http-nio-8080-exec-6] DEBUG org.mybatis.spring.SqlSessionUtils - SqlSession [org.apache.ibatis.session.defaults.DefaultSqlSession@6409462f] was not registered for synchronization because synchronization is not active
2025-01-13 16:21:14 [http-nio-8080-exec-6] DEBUG o.m.s.t.SpringManagedTransaction - JDBC Connection [HikariProxyConnection@286351992 wrapping com.mysql.cj.jdbc.ConnectionImpl@1b176bb] will not be managed by Spring
2025-01-13 16:21:14 [http-nio-8080-exec-6] DEBUG c.s.d.m.C.selectLnbSubList - ==>  Preparing: SELECT CT_LNB_SUB_IDX AS ctLnbSubIdx, CT_LNB_ID AS ctLnbId, CT_LNB_SUB_ID AS ctLnbSubId, CT_LNB_SUB_NAME AS ctLnbSubName, CT_LNB_SUB_URL AS ctLnbSubUrl FROM CT_LNB_SUB WHERE CT_LNB_ID = ? ORDER BY CT_LNB_SUB_IDX
2025-01-13 16:21:14 [http-nio-8080-exec-6] DEBUG c.s.d.m.C.selectLnbSubList - ==> Parameters: CT_LNB_CONTACT(String)
2025-01-13 16:21:14 [http-nio-8080-exec-6] DEBUG c.s.d.m.C.selectLnbSubList - <==      Total: 2
2025-01-13 16:21:14 [http-nio-8080-exec-6] DEBUG org.mybatis.spring.SqlSessionUtils - Closing non transactional SqlSession [org.apache.ibatis.session.defaults.DefaultSqlSession@6409462f]
2025-01-13 16:21:14 [http-nio-8080-exec-10] DEBUG org.mybatis.spring.SqlSessionUtils - Creating a new SqlSession
2025-01-13 16:21:14 [http-nio-8080-exec-9] DEBUG org.mybatis.spring.SqlSessionUtils - Creating a new SqlSession
2025-01-13 16:21:14 [http-nio-8080-exec-10] DEBUG org.mybatis.spring.SqlSessionUtils - SqlSession [org.apache.ibatis.session.defaults.DefaultSqlSession@6d0e23d3] was not registered for synchronization because synchronization is not active
2025-01-13 16:21:14 [http-nio-8080-exec-3] DEBUG org.mybatis.spring.SqlSessionUtils - Creating a new SqlSession
2025-01-13 16:21:14 [http-nio-8080-exec-9] DEBUG org.mybatis.spring.SqlSessionUtils - SqlSession [org.apache.ibatis.session.defaults.DefaultSqlSession@2bdbe72f] was not registered for synchronization because synchronization is not active
2025-01-13 16:21:14 [http-nio-8080-exec-3] DEBUG org.mybatis.spring.SqlSessionUtils - SqlSession [org.apache.ibatis.session.defaults.DefaultSqlSession@4d782b4b] was not registered for synchronization because synchronization is not active
2025-01-13 16:21:14 [http-nio-8080-exec-9] DEBUG o.m.s.t.SpringManagedTransaction - JDBC Connection [HikariProxyConnection@1130347616 wrapping com.mysql.cj.jdbc.ConnectionImpl@1b176bb] will not be managed by Spring
2025-01-13 16:21:14 [http-nio-8080-exec-3] DEBUG o.m.s.t.SpringManagedTransaction - JDBC Connection [HikariProxyConnection@1042207735 wrapping com.mysql.cj.jdbc.ConnectionImpl@202516a8] will not be managed by Spring
2025-01-13 16:21:14 [http-nio-8080-exec-3] DEBUG c.s.d.m.C.selectLnbSubList - ==>  Preparing: SELECT CT_LNB_SUB_IDX AS ctLnbSubIdx, CT_LNB_ID AS ctLnbId, CT_LNB_SUB_ID AS ctLnbSubId, CT_LNB_SUB_NAME AS ctLnbSubName, CT_LNB_SUB_URL AS ctLnbSubUrl FROM CT_LNB_SUB WHERE CT_LNB_ID = ? ORDER BY CT_LNB_SUB_IDX
2025-01-13 16:21:14 [http-nio-8080-exec-9] DEBUG c.s.d.m.C.selectLnbSubList - ==>  Preparing: SELECT CT_LNB_SUB_IDX AS ctLnbSubIdx, CT_LNB_ID AS ctLnbId, CT_LNB_SUB_ID AS ctLnbSubId, CT_LNB_SUB_NAME AS ctLnbSubName, CT_LNB_SUB_URL AS ctLnbSubUrl FROM CT_LNB_SUB WHERE CT_LNB_ID = ? ORDER BY CT_LNB_SUB_IDX
2025-01-13 16:21:14 [http-nio-8080-exec-3] DEBUG c.s.d.m.C.selectLnbSubList - ==> Parameters: CT_LNB_COMPANY(String)
2025-01-13 16:21:14 [http-nio-8080-exec-9] DEBUG c.s.d.m.C.selectLnbSubList - ==> Parameters: CT_LNB_CONTACT(String)
2025-01-13 16:21:14 [http-nio-8080-exec-10] DEBUG o.m.s.t.SpringManagedTransaction - JDBC Connection [HikariProxyConnection@629622837 wrapping com.mysql.cj.jdbc.ConnectionImpl@4e92d0f1] will not be managed by Spring
2025-01-13 16:21:14 [http-nio-8080-exec-10] DEBUG c.s.d.m.C.selectLnbSubList - ==>  Preparing: SELECT CT_LNB_SUB_IDX AS ctLnbSubIdx, CT_LNB_ID AS ctLnbId, CT_LNB_SUB_ID AS ctLnbSubId, CT_LNB_SUB_NAME AS ctLnbSubName, CT_LNB_SUB_URL AS ctLnbSubUrl FROM CT_LNB_SUB WHERE CT_LNB_ID = ? ORDER BY CT_LNB_SUB_IDX
2025-01-13 16:21:14 [http-nio-8080-exec-10] DEBUG c.s.d.m.C.selectLnbSubList - ==> Parameters: CT_LNB_SERVICE(String)
2025-01-13 16:21:14 [http-nio-8080-exec-3] DEBUG c.s.d.m.C.selectLnbSubList - <==      Total: 1
2025-01-13 16:21:14 [http-nio-8080-exec-9] DEBUG c.s.d.m.C.selectLnbSubList - <==      Total: 2
2025-01-13 16:21:14 [http-nio-8080-exec-10] DEBUG c.s.d.m.C.selectLnbSubList - <==      Total: 4
2025-01-13 16:21:14 [http-nio-8080-exec-3] DEBUG org.mybatis.spring.SqlSessionUtils - Closing non transactional SqlSession [org.apache.ibatis.session.defaults.DefaultSqlSession@4d782b4b]
2025-01-13 16:21:14 [http-nio-8080-exec-9] DEBUG org.mybatis.spring.SqlSessionUtils - Closing non transactional SqlSession [org.apache.ibatis.session.defaults.DefaultSqlSession@2bdbe72f]
2025-01-13 16:21:14 [http-nio-8080-exec-10] DEBUG org.mybatis.spring.SqlSessionUtils - Closing non transactional SqlSession [org.apache.ibatis.session.defaults.DefaultSqlSession@6d0e23d3]
2025-01-13 16:21:21 [http-nio-8080-exec-2] WARN  o.t.s.p.AbstractStandardFragmentInsertionTagProcessor - [THYMELEAF][http-nio-8080-exec-2][common/layout/layout] Deprecated unwrapped fragment expression "common/fragments/header::header" found in template common/layout/layout, line 33, col 10. Please use the complete syntax of fragment expressions instead ("~{common/fragments/header::header}"). The old, unwrapped syntax for fragment expressions will be removed in future versions of Thymeleaf.
2025-01-13 16:21:21 [http-nio-8080-exec-2] WARN  o.t.s.p.AbstractStandardFragmentInsertionTagProcessor - [THYMELEAF][http-nio-8080-exec-2][common/layout/layout] Deprecated unwrapped fragment expression "common/fragments/footer::footer" found in template common/layout/layout, line 37, col 10. Please use the complete syntax of fragment expressions instead ("~{common/fragments/footer::footer}"). The old, unwrapped syntax for fragment expressions will be removed in future versions of Thymeleaf.
2025-01-13 16:21:21 [http-nio-8080-exec-7] DEBUG org.mybatis.spring.SqlSessionUtils - Creating a new SqlSession
2025-01-13 16:21:21 [http-nio-8080-exec-7] DEBUG org.mybatis.spring.SqlSessionUtils - SqlSession [org.apache.ibatis.session.defaults.DefaultSqlSession@14df0eb2] was not registered for synchronization because synchronization is not active
2025-01-13 16:21:21 [http-nio-8080-exec-7] DEBUG o.m.s.t.SpringManagedTransaction - JDBC Connection [HikariProxyConnection@458890299 wrapping com.mysql.cj.jdbc.ConnectionImpl@2f55317c] will not be managed by Spring
2025-01-13 16:21:21 [http-nio-8080-exec-7] DEBUG c.s.d.m.CommonMapper.selectLnbList - ==>  Preparing: SELECT CT_LNB_IDX AS ctLnbIdx, CT_LNB_ID AS ctLnbId, CT_LNB_NAME AS ctLnbName, CT_LNB_SUB_YN AS ctLnbSubYn, CT_LNB_URL AS ctLnbUrl, CT_LNB_USE_YN AS ctLnbUseYn FROM CT_LNB WHERE CT_LNB_USE_YN = 'Y' ORDER BY CT_LNB_IDX
2025-01-13 16:21:21 [http-nio-8080-exec-7] DEBUG c.s.d.m.CommonMapper.selectLnbList - ==> Parameters: 
2025-01-13 16:21:21 [http-nio-8080-exec-7] DEBUG c.s.d.m.CommonMapper.selectLnbList - <==      Total: 4
2025-01-13 16:21:21 [http-nio-8080-exec-7] DEBUG org.mybatis.spring.SqlSessionUtils - Closing non transactional SqlSession [org.apache.ibatis.session.defaults.DefaultSqlSession@14df0eb2]
2025-01-13 16:21:21 [http-nio-8080-exec-8] DEBUG org.mybatis.spring.SqlSessionUtils - Creating a new SqlSession
2025-01-13 16:21:21 [http-nio-8080-exec-8] DEBUG org.mybatis.spring.SqlSessionUtils - SqlSession [org.apache.ibatis.session.defaults.DefaultSqlSession@7f854dd6] was not registered for synchronization because synchronization is not active
2025-01-13 16:21:21 [http-nio-8080-exec-8] DEBUG o.m.s.t.SpringManagedTransaction - JDBC Connection [HikariProxyConnection@1164102731 wrapping com.mysql.cj.jdbc.ConnectionImpl@1b176bb] will not be managed by Spring
2025-01-13 16:21:21 [http-nio-8080-exec-8] DEBUG c.s.d.m.CommonMapper.selectLnbList - ==>  Preparing: SELECT CT_LNB_IDX AS ctLnbIdx, CT_LNB_ID AS ctLnbId, CT_LNB_NAME AS ctLnbName, CT_LNB_SUB_YN AS ctLnbSubYn, CT_LNB_URL AS ctLnbUrl, CT_LNB_USE_YN AS ctLnbUseYn FROM CT_LNB WHERE CT_LNB_USE_YN = 'Y' ORDER BY CT_LNB_IDX
2025-01-13 16:21:21 [http-nio-8080-exec-8] DEBUG c.s.d.m.CommonMapper.selectLnbList - ==> Parameters: 
2025-01-13 16:21:21 [http-nio-8080-exec-8] DEBUG c.s.d.m.CommonMapper.selectLnbList - <==      Total: 4
2025-01-13 16:21:21 [http-nio-8080-exec-8] DEBUG org.mybatis.spring.SqlSessionUtils - Closing non transactional SqlSession [org.apache.ibatis.session.defaults.DefaultSqlSession@7f854dd6]
2025-01-13 16:21:21 [http-nio-8080-exec-1] DEBUG org.mybatis.spring.SqlSessionUtils - Creating a new SqlSession
2025-01-13 16:21:21 [http-nio-8080-exec-1] DEBUG org.mybatis.spring.SqlSessionUtils - SqlSession [org.apache.ibatis.session.defaults.DefaultSqlSession@57d3252b] was not registered for synchronization because synchronization is not active
2025-01-13 16:21:21 [http-nio-8080-exec-5] DEBUG org.mybatis.spring.SqlSessionUtils - Creating a new SqlSession
2025-01-13 16:21:21 [http-nio-8080-exec-5] DEBUG org.mybatis.spring.SqlSessionUtils - SqlSession [org.apache.ibatis.session.defaults.DefaultSqlSession@6bcce547] was not registered for synchronization because synchronization is not active
2025-01-13 16:21:21 [http-nio-8080-exec-5] DEBUG o.m.s.t.SpringManagedTransaction - JDBC Connection [HikariProxyConnection@1156519645 wrapping com.mysql.cj.jdbc.ConnectionImpl@1b176bb] will not be managed by Spring
2025-01-13 16:21:21 [http-nio-8080-exec-5] DEBUG c.s.d.m.C.selectLnbSubList - ==>  Preparing: SELECT CT_LNB_SUB_IDX AS ctLnbSubIdx, CT_LNB_ID AS ctLnbId, CT_LNB_SUB_ID AS ctLnbSubId, CT_LNB_SUB_NAME AS ctLnbSubName, CT_LNB_SUB_URL AS ctLnbSubUrl FROM CT_LNB_SUB WHERE CT_LNB_ID = ? ORDER BY CT_LNB_SUB_IDX
2025-01-13 16:21:21 [http-nio-8080-exec-5] DEBUG c.s.d.m.C.selectLnbSubList - ==> Parameters: CT_LNB_SERVICE(String)
2025-01-13 16:21:21 [http-nio-8080-exec-1] DEBUG o.m.s.t.SpringManagedTransaction - JDBC Connection [HikariProxyConnection@643463603 wrapping com.mysql.cj.jdbc.ConnectionImpl@202516a8] will not be managed by Spring
2025-01-13 16:21:21 [http-nio-8080-exec-1] DEBUG c.s.d.m.C.selectLnbSubList - ==>  Preparing: SELECT CT_LNB_SUB_IDX AS ctLnbSubIdx, CT_LNB_ID AS ctLnbId, CT_LNB_SUB_ID AS ctLnbSubId, CT_LNB_SUB_NAME AS ctLnbSubName, CT_LNB_SUB_URL AS ctLnbSubUrl FROM CT_LNB_SUB WHERE CT_LNB_ID = ? ORDER BY CT_LNB_SUB_IDX
2025-01-13 16:21:21 [http-nio-8080-exec-6] DEBUG org.mybatis.spring.SqlSessionUtils - Creating a new SqlSession
2025-01-13 16:21:21 [http-nio-8080-exec-1] DEBUG c.s.d.m.C.selectLnbSubList - ==> Parameters: CT_LNB_COMPANY(String)
2025-01-13 16:21:21 [http-nio-8080-exec-6] DEBUG org.mybatis.spring.SqlSessionUtils - SqlSession [org.apache.ibatis.session.defaults.DefaultSqlSession@32214088] was not registered for synchronization because synchronization is not active
2025-01-13 16:21:21 [http-nio-8080-exec-6] DEBUG o.m.s.t.SpringManagedTransaction - JDBC Connection [HikariProxyConnection@674883094 wrapping com.mysql.cj.jdbc.ConnectionImpl@2f55317c] will not be managed by Spring
2025-01-13 16:21:21 [http-nio-8080-exec-6] DEBUG c.s.d.m.C.selectLnbSubList - ==>  Preparing: SELECT CT_LNB_SUB_IDX AS ctLnbSubIdx, CT_LNB_ID AS ctLnbId, CT_LNB_SUB_ID AS ctLnbSubId, CT_LNB_SUB_NAME AS ctLnbSubName, CT_LNB_SUB_URL AS ctLnbSubUrl FROM CT_LNB_SUB WHERE CT_LNB_ID = ? ORDER BY CT_LNB_SUB_IDX
2025-01-13 16:21:21 [http-nio-8080-exec-6] DEBUG c.s.d.m.C.selectLnbSubList - ==> Parameters: CT_LNB_CONTACT(String)
2025-01-13 16:21:21 [http-nio-8080-exec-1] DEBUG c.s.d.m.C.selectLnbSubList - <==      Total: 1
2025-01-13 16:21:21 [http-nio-8080-exec-6] DEBUG c.s.d.m.C.selectLnbSubList - <==      Total: 2
2025-01-13 16:21:21 [http-nio-8080-exec-5] DEBUG c.s.d.m.C.selectLnbSubList - <==      Total: 4
2025-01-13 16:21:21 [http-nio-8080-exec-6] DEBUG org.mybatis.spring.SqlSessionUtils - Closing non transactional SqlSession [org.apache.ibatis.session.defaults.DefaultSqlSession@32214088]
2025-01-13 16:21:21 [http-nio-8080-exec-1] DEBUG org.mybatis.spring.SqlSessionUtils - Closing non transactional SqlSession [org.apache.ibatis.session.defaults.DefaultSqlSession@57d3252b]
2025-01-13 16:21:21 [http-nio-8080-exec-5] DEBUG org.mybatis.spring.SqlSessionUtils - Closing non transactional SqlSession [org.apache.ibatis.session.defaults.DefaultSqlSession@6bcce547]
2025-01-13 16:21:21 [http-nio-8080-exec-4] DEBUG org.mybatis.spring.SqlSessionUtils - Creating a new SqlSession
2025-01-13 16:21:21 [http-nio-8080-exec-4] DEBUG org.mybatis.spring.SqlSessionUtils - SqlSession [org.apache.ibatis.session.defaults.DefaultSqlSession@2f26d050] was not registered for synchronization because synchronization is not active
2025-01-13 16:21:21 [http-nio-8080-exec-4] DEBUG o.m.s.t.SpringManagedTransaction - JDBC Connection [HikariProxyConnection@1965302273 wrapping com.mysql.cj.jdbc.ConnectionImpl@2f55317c] will not be managed by Spring
2025-01-13 16:21:21 [http-nio-8080-exec-10] DEBUG org.mybatis.spring.SqlSessionUtils - Creating a new SqlSession
2025-01-13 16:21:21 [http-nio-8080-exec-9] DEBUG org.mybatis.spring.SqlSessionUtils - Creating a new SqlSession
2025-01-13 16:21:21 [http-nio-8080-exec-4] DEBUG c.s.d.m.C.selectLnbSubList - ==>  Preparing: SELECT CT_LNB_SUB_IDX AS ctLnbSubIdx, CT_LNB_ID AS ctLnbId, CT_LNB_SUB_ID AS ctLnbSubId, CT_LNB_SUB_NAME AS ctLnbSubName, CT_LNB_SUB_URL AS ctLnbSubUrl FROM CT_LNB_SUB WHERE CT_LNB_ID = ? ORDER BY CT_LNB_SUB_IDX
2025-01-13 16:21:21 [http-nio-8080-exec-9] DEBUG org.mybatis.spring.SqlSessionUtils - SqlSession [org.apache.ibatis.session.defaults.DefaultSqlSession@5365c957] was not registered for synchronization because synchronization is not active
2025-01-13 16:21:21 [http-nio-8080-exec-10] DEBUG org.mybatis.spring.SqlSessionUtils - SqlSession [org.apache.ibatis.session.defaults.DefaultSqlSession@6c68ee3b] was not registered for synchronization because synchronization is not active
2025-01-13 16:21:21 [http-nio-8080-exec-9] DEBUG o.m.s.t.SpringManagedTransaction - JDBC Connection [HikariProxyConnection@1843905511 wrapping com.mysql.cj.jdbc.ConnectionImpl@1b176bb] will not be managed by Spring
2025-01-13 16:21:21 [http-nio-8080-exec-9] DEBUG c.s.d.m.C.selectLnbSubList - ==>  Preparing: SELECT CT_LNB_SUB_IDX AS ctLnbSubIdx, CT_LNB_ID AS ctLnbId, CT_LNB_SUB_ID AS ctLnbSubId, CT_LNB_SUB_NAME AS ctLnbSubName, CT_LNB_SUB_URL AS ctLnbSubUrl FROM CT_LNB_SUB WHERE CT_LNB_ID = ? ORDER BY CT_LNB_SUB_IDX
2025-01-13 16:21:21 [http-nio-8080-exec-9] DEBUG c.s.d.m.C.selectLnbSubList - ==> Parameters: CT_LNB_CONTACT(String)
2025-01-13 16:21:21 [http-nio-8080-exec-4] DEBUG c.s.d.m.C.selectLnbSubList - ==> Parameters: CT_LNB_COMPANY(String)
2025-01-13 16:21:21 [http-nio-8080-exec-10] DEBUG o.m.s.t.SpringManagedTransaction - JDBC Connection [HikariProxyConnection@1941034339 wrapping com.mysql.cj.jdbc.ConnectionImpl@4e92d0f1] will not be managed by Spring
2025-01-13 16:21:21 [http-nio-8080-exec-10] DEBUG c.s.d.m.C.selectLnbSubList - ==>  Preparing: SELECT CT_LNB_SUB_IDX AS ctLnbSubIdx, CT_LNB_ID AS ctLnbId, CT_LNB_SUB_ID AS ctLnbSubId, CT_LNB_SUB_NAME AS ctLnbSubName, CT_LNB_SUB_URL AS ctLnbSubUrl FROM CT_LNB_SUB WHERE CT_LNB_ID = ? ORDER BY CT_LNB_SUB_IDX
2025-01-13 16:21:21 [http-nio-8080-exec-10] DEBUG c.s.d.m.C.selectLnbSubList - ==> Parameters: CT_LNB_SERVICE(String)
2025-01-13 16:21:21 [http-nio-8080-exec-4] DEBUG c.s.d.m.C.selectLnbSubList - <==      Total: 1
2025-01-13 16:21:21 [http-nio-8080-exec-9] DEBUG c.s.d.m.C.selectLnbSubList - <==      Total: 2
2025-01-13 16:21:21 [http-nio-8080-exec-10] DEBUG c.s.d.m.C.selectLnbSubList - <==      Total: 4
2025-01-13 16:21:21 [http-nio-8080-exec-9] DEBUG org.mybatis.spring.SqlSessionUtils - Closing non transactional SqlSession [org.apache.ibatis.session.defaults.DefaultSqlSession@5365c957]
2025-01-13 16:21:21 [http-nio-8080-exec-4] DEBUG org.mybatis.spring.SqlSessionUtils - Closing non transactional SqlSession [org.apache.ibatis.session.defaults.DefaultSqlSession@2f26d050]
2025-01-13 16:21:21 [http-nio-8080-exec-10] DEBUG org.mybatis.spring.SqlSessionUtils - Closing non transactional SqlSession [org.apache.ibatis.session.defaults.DefaultSqlSession@6c68ee3b]
2025-01-13 16:21:22 [http-nio-8080-exec-2] WARN  o.t.s.p.AbstractStandardFragmentInsertionTagProcessor - [THYMELEAF][http-nio-8080-exec-2][common/layout/layout] Deprecated unwrapped fragment expression "common/fragments/header::header" found in template common/layout/layout, line 33, col 10. Please use the complete syntax of fragment expressions instead ("~{common/fragments/header::header}"). The old, unwrapped syntax for fragment expressions will be removed in future versions of Thymeleaf.
2025-01-13 16:21:22 [http-nio-8080-exec-2] WARN  o.t.s.p.AbstractStandardFragmentInsertionTagProcessor - [THYMELEAF][http-nio-8080-exec-2][common/layout/layout] Deprecated unwrapped fragment expression "common/fragments/footer::footer" found in template common/layout/layout, line 37, col 10. Please use the complete syntax of fragment expressions instead ("~{common/fragments/footer::footer}"). The old, unwrapped syntax for fragment expressions will be removed in future versions of Thymeleaf.
2025-01-13 16:21:22 [http-nio-8080-exec-1] DEBUG org.mybatis.spring.SqlSessionUtils - Creating a new SqlSession
2025-01-13 16:21:22 [http-nio-8080-exec-1] DEBUG org.mybatis.spring.SqlSessionUtils - SqlSession [org.apache.ibatis.session.defaults.DefaultSqlSession@f976475] was not registered for synchronization because synchronization is not active
2025-01-13 16:21:22 [http-nio-8080-exec-1] DEBUG o.m.s.t.SpringManagedTransaction - JDBC Connection [HikariProxyConnection@2062877653 wrapping com.mysql.cj.jdbc.ConnectionImpl@202516a8] will not be managed by Spring
2025-01-13 16:21:22 [http-nio-8080-exec-1] DEBUG c.s.d.m.CommonMapper.selectLnbList - ==>  Preparing: SELECT CT_LNB_IDX AS ctLnbIdx, CT_LNB_ID AS ctLnbId, CT_LNB_NAME AS ctLnbName, CT_LNB_SUB_YN AS ctLnbSubYn, CT_LNB_URL AS ctLnbUrl, CT_LNB_USE_YN AS ctLnbUseYn FROM CT_LNB WHERE CT_LNB_USE_YN = 'Y' ORDER BY CT_LNB_IDX
2025-01-13 16:21:22 [http-nio-8080-exec-1] DEBUG c.s.d.m.CommonMapper.selectLnbList - ==> Parameters: 
2025-01-13 16:21:22 [http-nio-8080-exec-1] DEBUG c.s.d.m.CommonMapper.selectLnbList - <==      Total: 4
2025-01-13 16:21:22 [http-nio-8080-exec-1] DEBUG org.mybatis.spring.SqlSessionUtils - Closing non transactional SqlSession [org.apache.ibatis.session.defaults.DefaultSqlSession@f976475]
2025-01-13 16:21:22 [http-nio-8080-exec-5] DEBUG org.mybatis.spring.SqlSessionUtils - Creating a new SqlSession
2025-01-13 16:21:22 [http-nio-8080-exec-5] DEBUG org.mybatis.spring.SqlSessionUtils - SqlSession [org.apache.ibatis.session.defaults.DefaultSqlSession@62936728] was not registered for synchronization because synchronization is not active
2025-01-13 16:21:22 [http-nio-8080-exec-5] DEBUG o.m.s.t.SpringManagedTransaction - JDBC Connection [HikariProxyConnection@1584847961 wrapping com.mysql.cj.jdbc.ConnectionImpl@1b176bb] will not be managed by Spring
2025-01-13 16:21:22 [http-nio-8080-exec-5] DEBUG c.s.d.m.CommonMapper.selectLnbList - ==>  Preparing: SELECT CT_LNB_IDX AS ctLnbIdx, CT_LNB_ID AS ctLnbId, CT_LNB_NAME AS ctLnbName, CT_LNB_SUB_YN AS ctLnbSubYn, CT_LNB_URL AS ctLnbUrl, CT_LNB_USE_YN AS ctLnbUseYn FROM CT_LNB WHERE CT_LNB_USE_YN = 'Y' ORDER BY CT_LNB_IDX
2025-01-13 16:21:22 [http-nio-8080-exec-5] DEBUG c.s.d.m.CommonMapper.selectLnbList - ==> Parameters: 
2025-01-13 16:21:22 [http-nio-8080-exec-5] DEBUG c.s.d.m.CommonMapper.selectLnbList - <==      Total: 4
2025-01-13 16:21:22 [http-nio-8080-exec-5] DEBUG org.mybatis.spring.SqlSessionUtils - Closing non transactional SqlSession [org.apache.ibatis.session.defaults.DefaultSqlSession@62936728]
2025-01-13 16:21:22 [http-nio-8080-exec-2] DEBUG org.mybatis.spring.SqlSessionUtils - Creating a new SqlSession
2025-01-13 16:21:22 [http-nio-8080-exec-7] DEBUG org.mybatis.spring.SqlSessionUtils - Creating a new SqlSession
2025-01-13 16:21:22 [http-nio-8080-exec-3] DEBUG org.mybatis.spring.SqlSessionUtils - Creating a new SqlSession
2025-01-13 16:21:22 [http-nio-8080-exec-2] DEBUG org.mybatis.spring.SqlSessionUtils - SqlSession [org.apache.ibatis.session.defaults.DefaultSqlSession@76351b7d] was not registered for synchronization because synchronization is not active
2025-01-13 16:21:22 [http-nio-8080-exec-7] DEBUG org.mybatis.spring.SqlSessionUtils - SqlSession [org.apache.ibatis.session.defaults.DefaultSqlSession@2c4e8295] was not registered for synchronization because synchronization is not active
2025-01-13 16:21:22 [http-nio-8080-exec-3] DEBUG org.mybatis.spring.SqlSessionUtils - SqlSession [org.apache.ibatis.session.defaults.DefaultSqlSession@5bf38a63] was not registered for synchronization because synchronization is not active
2025-01-13 16:21:22 [http-nio-8080-exec-7] DEBUG o.m.s.t.SpringManagedTransaction - JDBC Connection [HikariProxyConnection@846784218 wrapping com.mysql.cj.jdbc.ConnectionImpl@1b176bb] will not be managed by Spring
2025-01-13 16:21:22 [http-nio-8080-exec-3] DEBUG o.m.s.t.SpringManagedTransaction - JDBC Connection [HikariProxyConnection@881646179 wrapping com.mysql.cj.jdbc.ConnectionImpl@202516a8] will not be managed by Spring
2025-01-13 16:21:22 [http-nio-8080-exec-7] DEBUG c.s.d.m.C.selectLnbSubList - ==>  Preparing: SELECT CT_LNB_SUB_IDX AS ctLnbSubIdx, CT_LNB_ID AS ctLnbId, CT_LNB_SUB_ID AS ctLnbSubId, CT_LNB_SUB_NAME AS ctLnbSubName, CT_LNB_SUB_URL AS ctLnbSubUrl FROM CT_LNB_SUB WHERE CT_LNB_ID = ? ORDER BY CT_LNB_SUB_IDX
2025-01-13 16:21:22 [http-nio-8080-exec-3] DEBUG c.s.d.m.C.selectLnbSubList - ==>  Preparing: SELECT CT_LNB_SUB_IDX AS ctLnbSubIdx, CT_LNB_ID AS ctLnbId, CT_LNB_SUB_ID AS ctLnbSubId, CT_LNB_SUB_NAME AS ctLnbSubName, CT_LNB_SUB_URL AS ctLnbSubUrl FROM CT_LNB_SUB WHERE CT_LNB_ID = ? ORDER BY CT_LNB_SUB_IDX
2025-01-13 16:21:22 [http-nio-8080-exec-7] DEBUG c.s.d.m.C.selectLnbSubList - ==> Parameters: CT_LNB_SERVICE(String)
2025-01-13 16:21:22 [http-nio-8080-exec-3] DEBUG c.s.d.m.C.selectLnbSubList - ==> Parameters: CT_LNB_CONTACT(String)
2025-01-13 16:21:22 [http-nio-8080-exec-2] DEBUG o.m.s.t.SpringManagedTransaction - JDBC Connection [HikariProxyConnection@1266786537 wrapping com.mysql.cj.jdbc.ConnectionImpl@2f55317c] will not be managed by Spring
2025-01-13 16:21:22 [http-nio-8080-exec-2] DEBUG c.s.d.m.C.selectLnbSubList - ==>  Preparing: SELECT CT_LNB_SUB_IDX AS ctLnbSubIdx, CT_LNB_ID AS ctLnbId, CT_LNB_SUB_ID AS ctLnbSubId, CT_LNB_SUB_NAME AS ctLnbSubName, CT_LNB_SUB_URL AS ctLnbSubUrl FROM CT_LNB_SUB WHERE CT_LNB_ID = ? ORDER BY CT_LNB_SUB_IDX
2025-01-13 16:21:22 [http-nio-8080-exec-2] DEBUG c.s.d.m.C.selectLnbSubList - ==> Parameters: CT_LNB_COMPANY(String)
2025-01-13 16:21:22 [http-nio-8080-exec-2] DEBUG c.s.d.m.C.selectLnbSubList - <==      Total: 1
2025-01-13 16:21:22 [http-nio-8080-exec-7] DEBUG c.s.d.m.C.selectLnbSubList - <==      Total: 4
2025-01-13 16:21:22 [http-nio-8080-exec-3] DEBUG c.s.d.m.C.selectLnbSubList - <==      Total: 2
2025-01-13 16:21:22 [http-nio-8080-exec-2] DEBUG org.mybatis.spring.SqlSessionUtils - Closing non transactional SqlSession [org.apache.ibatis.session.defaults.DefaultSqlSession@76351b7d]
2025-01-13 16:21:22 [http-nio-8080-exec-7] DEBUG org.mybatis.spring.SqlSessionUtils - Closing non transactional SqlSession [org.apache.ibatis.session.defaults.DefaultSqlSession@2c4e8295]
2025-01-13 16:21:22 [http-nio-8080-exec-3] DEBUG org.mybatis.spring.SqlSessionUtils - Closing non transactional SqlSession [org.apache.ibatis.session.defaults.DefaultSqlSession@5bf38a63]
2025-01-13 16:21:22 [http-nio-8080-exec-1] DEBUG org.mybatis.spring.SqlSessionUtils - Creating a new SqlSession
2025-01-13 16:21:22 [http-nio-8080-exec-6] DEBUG org.mybatis.spring.SqlSessionUtils - Creating a new SqlSession
2025-01-13 16:21:22 [http-nio-8080-exec-8] DEBUG org.mybatis.spring.SqlSessionUtils - Creating a new SqlSession
2025-01-13 16:21:22 [http-nio-8080-exec-1] DEBUG org.mybatis.spring.SqlSessionUtils - SqlSession [org.apache.ibatis.session.defaults.DefaultSqlSession@7ea160c6] was not registered for synchronization because synchronization is not active
2025-01-13 16:21:22 [http-nio-8080-exec-6] DEBUG org.mybatis.spring.SqlSessionUtils - SqlSession [org.apache.ibatis.session.defaults.DefaultSqlSession@7cf3199e] was not registered for synchronization because synchronization is not active
2025-01-13 16:21:22 [http-nio-8080-exec-8] DEBUG org.mybatis.spring.SqlSessionUtils - SqlSession [org.apache.ibatis.session.defaults.DefaultSqlSession@253642e4] was not registered for synchronization because synchronization is not active
2025-01-13 16:21:22 [http-nio-8080-exec-1] DEBUG o.m.s.t.SpringManagedTransaction - JDBC Connection [HikariProxyConnection@1243682731 wrapping com.mysql.cj.jdbc.ConnectionImpl@202516a8] will not be managed by Spring
2025-01-13 16:21:22 [http-nio-8080-exec-6] DEBUG o.m.s.t.SpringManagedTransaction - JDBC Connection [HikariProxyConnection@867393286 wrapping com.mysql.cj.jdbc.ConnectionImpl@2f55317c] will not be managed by Spring
2025-01-13 16:21:22 [http-nio-8080-exec-8] DEBUG o.m.s.t.SpringManagedTransaction - JDBC Connection [HikariProxyConnection@557338564 wrapping com.mysql.cj.jdbc.ConnectionImpl@1b176bb] will not be managed by Spring
2025-01-13 16:21:22 [http-nio-8080-exec-1] DEBUG c.s.d.m.C.selectLnbSubList - ==>  Preparing: SELECT CT_LNB_SUB_IDX AS ctLnbSubIdx, CT_LNB_ID AS ctLnbId, CT_LNB_SUB_ID AS ctLnbSubId, CT_LNB_SUB_NAME AS ctLnbSubName, CT_LNB_SUB_URL AS ctLnbSubUrl FROM CT_LNB_SUB WHERE CT_LNB_ID = ? ORDER BY CT_LNB_SUB_IDX
2025-01-13 16:21:22 [http-nio-8080-exec-8] DEBUG c.s.d.m.C.selectLnbSubList - ==>  Preparing: SELECT CT_LNB_SUB_IDX AS ctLnbSubIdx, CT_LNB_ID AS ctLnbId, CT_LNB_SUB_ID AS ctLnbSubId, CT_LNB_SUB_NAME AS ctLnbSubName, CT_LNB_SUB_URL AS ctLnbSubUrl FROM CT_LNB_SUB WHERE CT_LNB_ID = ? ORDER BY CT_LNB_SUB_IDX
2025-01-13 16:21:22 [http-nio-8080-exec-6] DEBUG c.s.d.m.C.selectLnbSubList - ==>  Preparing: SELECT CT_LNB_SUB_IDX AS ctLnbSubIdx, CT_LNB_ID AS ctLnbId, CT_LNB_SUB_ID AS ctLnbSubId, CT_LNB_SUB_NAME AS ctLnbSubName, CT_LNB_SUB_URL AS ctLnbSubUrl FROM CT_LNB_SUB WHERE CT_LNB_ID = ? ORDER BY CT_LNB_SUB_IDX
2025-01-13 16:21:22 [http-nio-8080-exec-1] DEBUG c.s.d.m.C.selectLnbSubList - ==> Parameters: CT_LNB_COMPANY(String)
2025-01-13 16:21:22 [http-nio-8080-exec-8] DEBUG c.s.d.m.C.selectLnbSubList - ==> Parameters: CT_LNB_CONTACT(String)
2025-01-13 16:21:22 [http-nio-8080-exec-6] DEBUG c.s.d.m.C.selectLnbSubList - ==> Parameters: CT_LNB_SERVICE(String)
2025-01-13 16:21:22 [http-nio-8080-exec-1] DEBUG c.s.d.m.C.selectLnbSubList - <==      Total: 1
2025-01-13 16:21:22 [http-nio-8080-exec-8] DEBUG c.s.d.m.C.selectLnbSubList - <==      Total: 2
2025-01-13 16:21:22 [http-nio-8080-exec-6] DEBUG c.s.d.m.C.selectLnbSubList - <==      Total: 4
2025-01-13 16:21:22 [http-nio-8080-exec-8] DEBUG org.mybatis.spring.SqlSessionUtils - Closing non transactional SqlSession [org.apache.ibatis.session.defaults.DefaultSqlSession@253642e4]
2025-01-13 16:21:22 [http-nio-8080-exec-6] DEBUG org.mybatis.spring.SqlSessionUtils - Closing non transactional SqlSession [org.apache.ibatis.session.defaults.DefaultSqlSession@7cf3199e]
2025-01-13 16:21:22 [http-nio-8080-exec-1] DEBUG org.mybatis.spring.SqlSessionUtils - Closing non transactional SqlSession [org.apache.ibatis.session.defaults.DefaultSqlSession@7ea160c6]
2025-01-13 16:21:28 [RMI TCP Connection(33)-127.0.0.1] INFO  o.s.b.a.SpringApplicationAdminMXBeanRegistrar$SpringApplicationAdmin - Application shutdown requested.
2025-01-13 16:21:28 [RMI TCP Connection(33)-127.0.0.1] INFO  o.s.b.w.e.tomcat.GracefulShutdown - Commencing graceful shutdown. Waiting for active requests to complete
2025-01-13 16:21:28 [tomcat-shutdown] INFO  o.a.coyote.http11.Http11NioProtocol - Pausing ProtocolHandler ["http-nio-8080"]
2025-01-13 16:21:28 [tomcat-shutdown] INFO  o.s.b.w.e.tomcat.GracefulShutdown - Graceful shutdown complete
2025-01-13 16:21:28 [RMI TCP Connection(33)-127.0.0.1] INFO  o.a.coyote.http11.Http11NioProtocol - Stopping ProtocolHandler ["http-nio-8080"]
2025-01-13 16:21:28 [RMI TCP Connection(33)-127.0.0.1] INFO  com.zaxxer.hikari.HikariDataSource - HikariPool-1 - Shutdown initiated...
2025-01-13 16:21:28 [RMI TCP Connection(33)-127.0.0.1] INFO  com.zaxxer.hikari.HikariDataSource - HikariPool-1 - Shutdown completed.
2025-01-13 17:04:20 [restartedMain] INFO  c.s.devspring.DevspringApplication - Starting DevspringApplication using Java 17.0.12 with PID 16024 (C:\Users\aatjx\git\devspring\devspring\bin\main started by aatjx in C:\Users\aatjx\git\devspring\devspring)
2025-01-13 17:04:20 [restartedMain] INFO  c.s.devspring.DevspringApplication - No active profile set, falling back to 1 default profile: "default"
2025-01-13 17:04:20 [restartedMain] INFO  o.s.b.d.e.DevToolsPropertyDefaultsPostProcessor - Devtools property defaults active! Set 'spring.devtools.add-properties' to 'false' to disable
2025-01-13 17:04:20 [restartedMain] INFO  o.s.b.d.e.DevToolsPropertyDefaultsPostProcessor - For additional web related logging consider setting the 'logging.level.web' property to 'DEBUG'
2025-01-13 17:04:21 [restartedMain] INFO  o.s.d.r.c.RepositoryConfigurationDelegate - Multiple Spring Data modules found, entering strict repository configuration mode
2025-01-13 17:04:21 [restartedMain] INFO  o.s.d.r.c.RepositoryConfigurationDelegate - Bootstrapping Spring Data Redis repositories in DEFAULT mode.
2025-01-13 17:04:21 [restartedMain] INFO  o.s.d.r.c.RepositoryConfigurationDelegate - Finished Spring Data repository scanning in 10 ms. Found 0 Redis repository interfaces.
2025-01-13 17:04:21 [restartedMain] DEBUG o.apache.ibatis.logging.LogFactory - Logging initialized using 'class org.apache.ibatis.logging.slf4j.Slf4jImpl' adapter.
2025-01-13 17:04:21 [restartedMain] DEBUG o.m.s.mapper.ClassPathMapperScanner - Identified candidate component class: file [C:\Users\aatjx\git\devspring\devspring\bin\main\com\spring\devspring\mapper\BoardMapper.class]
2025-01-13 17:04:21 [restartedMain] DEBUG o.m.s.mapper.ClassPathMapperScanner - Identified candidate component class: file [C:\Users\aatjx\git\devspring\devspring\bin\main\com\spring\devspring\mapper\CommonMapper.class]
2025-01-13 17:04:21 [restartedMain] DEBUG o.m.s.mapper.ClassPathMapperScanner - Creating MapperFactoryBean with name 'boardMapper' and 'com.spring.devspring.mapper.BoardMapper' mapperInterface
2025-01-13 17:04:21 [restartedMain] DEBUG o.m.s.mapper.ClassPathMapperScanner - Creating MapperFactoryBean with name 'commonMapper' and 'com.spring.devspring.mapper.CommonMapper' mapperInterface
2025-01-13 17:04:21 [restartedMain] INFO  o.s.b.w.e.tomcat.TomcatWebServer - Tomcat initialized with port 8080 (http)
2025-01-13 17:04:21 [restartedMain] INFO  o.a.coyote.http11.Http11NioProtocol - Initializing ProtocolHandler ["http-nio-8080"]
2025-01-13 17:04:21 [restartedMain] INFO  o.a.catalina.core.StandardService - Starting service [Tomcat]
2025-01-13 17:04:21 [restartedMain] INFO  o.a.catalina.core.StandardEngine - Starting Servlet engine: [Apache Tomcat/10.1.34]
2025-01-13 17:04:21 [restartedMain] INFO  o.a.c.c.C.[Tomcat].[localhost].[/] - Initializing Spring embedded WebApplicationContext
2025-01-13 17:04:21 [restartedMain] INFO  o.s.b.w.s.c.ServletWebServerApplicationContext - Root WebApplicationContext: initialization completed in 1290 ms
2025-01-13 17:04:21 [restartedMain] DEBUG o.m.spring.SqlSessionFactoryBean - Property 'configuration' or 'configLocation' not specified, using default MyBatis Configuration
2025-01-13 17:04:21 [restartedMain] DEBUG o.m.spring.SqlSessionFactoryBean - Parsed mapper file: 'file [C:\Users\aatjx\git\devspring\devspring\bin\main\static\mapper\BoardMapper.xml]'
2025-01-13 17:04:21 [restartedMain] DEBUG o.m.spring.SqlSessionFactoryBean - Parsed mapper file: 'file [C:\Users\aatjx\git\devspring\devspring\bin\main\static\mapper\CommonMapper.xml]'
2025-01-13 17:04:22 [restartedMain] INFO  o.s.b.d.a.OptionalLiveReloadServer - LiveReload server is running on port 35729
2025-01-13 17:04:22 [restartedMain] INFO  o.a.coyote.http11.Http11NioProtocol - Starting ProtocolHandler ["http-nio-8080"]
2025-01-13 17:04:22 [restartedMain] INFO  o.s.b.w.e.tomcat.TomcatWebServer - Tomcat started on port 8080 (http) with context path '/'
2025-01-13 17:04:22 [restartedMain] INFO  c.s.devspring.DevspringApplication - Started DevspringApplication in 2.799 seconds (process running for 3.378)
2025-01-13 17:04:24 [http-nio-8080-exec-1] INFO  o.a.c.c.C.[Tomcat].[localhost].[/] - Initializing Spring DispatcherServlet 'dispatcherServlet'
2025-01-13 17:04:24 [http-nio-8080-exec-1] INFO  o.s.web.servlet.DispatcherServlet - Initializing Servlet 'dispatcherServlet'
2025-01-13 17:04:24 [http-nio-8080-exec-1] INFO  o.s.web.servlet.DispatcherServlet - Completed initialization in 1 ms
2025-01-13 17:04:25 [http-nio-8080-exec-1] WARN  o.t.s.p.AbstractStandardFragmentInsertionTagProcessor - [THYMELEAF][http-nio-8080-exec-1][common/layout/layout] Deprecated unwrapped fragment expression "common/fragments/header::header" found in template common/layout/layout, line 33, col 10. Please use the complete syntax of fragment expressions instead ("~{common/fragments/header::header}"). The old, unwrapped syntax for fragment expressions will be removed in future versions of Thymeleaf.
2025-01-13 17:04:25 [http-nio-8080-exec-1] WARN  o.t.s.p.AbstractStandardFragmentInsertionTagProcessor - [THYMELEAF][http-nio-8080-exec-1][common/layout/layout] Deprecated unwrapped fragment expression "common/fragments/footer::footer" found in template common/layout/layout, line 37, col 10. Please use the complete syntax of fragment expressions instead ("~{common/fragments/footer::footer}"). The old, unwrapped syntax for fragment expressions will be removed in future versions of Thymeleaf.
2025-01-13 17:04:25 [http-nio-8080-exec-4] DEBUG org.mybatis.spring.SqlSessionUtils - Creating a new SqlSession
2025-01-13 17:04:25 [http-nio-8080-exec-4] DEBUG org.mybatis.spring.SqlSessionUtils - SqlSession [org.apache.ibatis.session.defaults.DefaultSqlSession@6d233a15] was not registered for synchronization because synchronization is not active
2025-01-13 17:04:25 [http-nio-8080-exec-4] INFO  com.zaxxer.hikari.HikariDataSource - HikariPool-1 - Starting...
2025-01-13 17:04:25 [http-nio-8080-exec-4] INFO  com.zaxxer.hikari.pool.HikariPool - HikariPool-1 - Added connection com.mysql.cj.jdbc.ConnectionImpl@2bb538b2
2025-01-13 17:04:25 [http-nio-8080-exec-4] INFO  com.zaxxer.hikari.HikariDataSource - HikariPool-1 - Start completed.
2025-01-13 17:04:25 [http-nio-8080-exec-4] DEBUG o.m.s.t.SpringManagedTransaction - JDBC Connection [HikariProxyConnection@2032095252 wrapping com.mysql.cj.jdbc.ConnectionImpl@2bb538b2] will not be managed by Spring
2025-01-13 17:04:25 [http-nio-8080-exec-4] DEBUG c.s.d.m.CommonMapper.selectLnbList - ==>  Preparing: SELECT CT_LNB_IDX AS ctLnbIdx, CT_LNB_ID AS ctLnbId, CT_LNB_NAME AS ctLnbName, CT_LNB_SUB_YN AS ctLnbSubYn, CT_LNB_URL AS ctLnbUrl, CT_LNB_USE_YN AS ctLnbUseYn FROM CT_LNB WHERE CT_LNB_USE_YN = 'Y' ORDER BY CT_LNB_IDX
2025-01-13 17:04:25 [http-nio-8080-exec-4] DEBUG c.s.d.m.CommonMapper.selectLnbList - ==> Parameters: 
2025-01-13 17:04:25 [http-nio-8080-exec-4] DEBUG c.s.d.m.CommonMapper.selectLnbList - <==      Total: 4
2025-01-13 17:04:25 [http-nio-8080-exec-4] DEBUG org.mybatis.spring.SqlSessionUtils - Closing non transactional SqlSession [org.apache.ibatis.session.defaults.DefaultSqlSession@6d233a15]
2025-01-13 17:04:25 [http-nio-8080-exec-7] DEBUG org.mybatis.spring.SqlSessionUtils - Creating a new SqlSession
2025-01-13 17:04:25 [http-nio-8080-exec-7] DEBUG org.mybatis.spring.SqlSessionUtils - SqlSession [org.apache.ibatis.session.defaults.DefaultSqlSession@15142606] was not registered for synchronization because synchronization is not active
2025-01-13 17:04:25 [http-nio-8080-exec-7] DEBUG o.m.s.t.SpringManagedTransaction - JDBC Connection [HikariProxyConnection@459241122 wrapping com.mysql.cj.jdbc.ConnectionImpl@2bb538b2] will not be managed by Spring
2025-01-13 17:04:25 [http-nio-8080-exec-7] DEBUG c.s.d.m.CommonMapper.selectLnbList - ==>  Preparing: SELECT CT_LNB_IDX AS ctLnbIdx, CT_LNB_ID AS ctLnbId, CT_LNB_NAME AS ctLnbName, CT_LNB_SUB_YN AS ctLnbSubYn, CT_LNB_URL AS ctLnbUrl, CT_LNB_USE_YN AS ctLnbUseYn FROM CT_LNB WHERE CT_LNB_USE_YN = 'Y' ORDER BY CT_LNB_IDX
2025-01-13 17:04:25 [http-nio-8080-exec-7] DEBUG c.s.d.m.CommonMapper.selectLnbList - ==> Parameters: 
2025-01-13 17:04:25 [http-nio-8080-exec-7] DEBUG c.s.d.m.CommonMapper.selectLnbList - <==      Total: 4
2025-01-13 17:04:25 [http-nio-8080-exec-7] DEBUG org.mybatis.spring.SqlSessionUtils - Closing non transactional SqlSession [org.apache.ibatis.session.defaults.DefaultSqlSession@15142606]
2025-01-13 17:04:25 [http-nio-8080-exec-5] DEBUG org.mybatis.spring.SqlSessionUtils - Creating a new SqlSession
2025-01-13 17:04:25 [http-nio-8080-exec-1] DEBUG org.mybatis.spring.SqlSessionUtils - Creating a new SqlSession
2025-01-13 17:04:25 [http-nio-8080-exec-3] DEBUG org.mybatis.spring.SqlSessionUtils - Creating a new SqlSession
2025-01-13 17:04:25 [http-nio-8080-exec-5] DEBUG org.mybatis.spring.SqlSessionUtils - SqlSession [org.apache.ibatis.session.defaults.DefaultSqlSession@9e529e8] was not registered for synchronization because synchronization is not active
2025-01-13 17:04:25 [http-nio-8080-exec-1] DEBUG org.mybatis.spring.SqlSessionUtils - SqlSession [org.apache.ibatis.session.defaults.DefaultSqlSession@52b08757] was not registered for synchronization because synchronization is not active
2025-01-13 17:04:25 [http-nio-8080-exec-3] DEBUG org.mybatis.spring.SqlSessionUtils - SqlSession [org.apache.ibatis.session.defaults.DefaultSqlSession@184693cb] was not registered for synchronization because synchronization is not active
2025-01-13 17:04:25 [http-nio-8080-exec-1] DEBUG o.m.s.t.SpringManagedTransaction - JDBC Connection [HikariProxyConnection@990613572 wrapping com.mysql.cj.jdbc.ConnectionImpl@2bb538b2] will not be managed by Spring
2025-01-13 17:04:25 [http-nio-8080-exec-1] DEBUG c.s.d.m.C.selectLnbSubList - ==>  Preparing: SELECT CT_LNB_SUB_IDX AS ctLnbSubIdx, CT_LNB_ID AS ctLnbId, CT_LNB_SUB_ID AS ctLnbSubId, CT_LNB_SUB_NAME AS ctLnbSubName, CT_LNB_SUB_URL AS ctLnbSubUrl FROM CT_LNB_SUB WHERE CT_LNB_ID = ? ORDER BY CT_LNB_SUB_IDX
2025-01-13 17:04:25 [http-nio-8080-exec-1] DEBUG c.s.d.m.C.selectLnbSubList - ==> Parameters: CT_LNB_CONTACT(String)
2025-01-13 17:04:25 [http-nio-8080-exec-1] DEBUG c.s.d.m.C.selectLnbSubList - <==      Total: 2
2025-01-13 17:04:25 [http-nio-8080-exec-1] DEBUG org.mybatis.spring.SqlSessionUtils - Closing non transactional SqlSession [org.apache.ibatis.session.defaults.DefaultSqlSession@52b08757]
2025-01-13 17:04:25 [http-nio-8080-exec-3] DEBUG o.m.s.t.SpringManagedTransaction - JDBC Connection [HikariProxyConnection@434510441 wrapping com.mysql.cj.jdbc.ConnectionImpl@2bb538b2] will not be managed by Spring
2025-01-13 17:04:25 [http-nio-8080-exec-3] DEBUG c.s.d.m.C.selectLnbSubList - ==>  Preparing: SELECT CT_LNB_SUB_IDX AS ctLnbSubIdx, CT_LNB_ID AS ctLnbId, CT_LNB_SUB_ID AS ctLnbSubId, CT_LNB_SUB_NAME AS ctLnbSubName, CT_LNB_SUB_URL AS ctLnbSubUrl FROM CT_LNB_SUB WHERE CT_LNB_ID = ? ORDER BY CT_LNB_SUB_IDX
2025-01-13 17:04:25 [http-nio-8080-exec-3] DEBUG c.s.d.m.C.selectLnbSubList - ==> Parameters: CT_LNB_COMPANY(String)
2025-01-13 17:04:25 [http-nio-8080-exec-3] DEBUG c.s.d.m.C.selectLnbSubList - <==      Total: 1
2025-01-13 17:04:25 [http-nio-8080-exec-3] DEBUG org.mybatis.spring.SqlSessionUtils - Closing non transactional SqlSession [org.apache.ibatis.session.defaults.DefaultSqlSession@184693cb]
2025-01-13 17:04:25 [http-nio-8080-exec-5] DEBUG o.m.s.t.SpringManagedTransaction - JDBC Connection [HikariProxyConnection@1350841762 wrapping com.mysql.cj.jdbc.ConnectionImpl@2bb538b2] will not be managed by Spring
2025-01-13 17:04:25 [http-nio-8080-exec-5] DEBUG c.s.d.m.C.selectLnbSubList - ==>  Preparing: SELECT CT_LNB_SUB_IDX AS ctLnbSubIdx, CT_LNB_ID AS ctLnbId, CT_LNB_SUB_ID AS ctLnbSubId, CT_LNB_SUB_NAME AS ctLnbSubName, CT_LNB_SUB_URL AS ctLnbSubUrl FROM CT_LNB_SUB WHERE CT_LNB_ID = ? ORDER BY CT_LNB_SUB_IDX
2025-01-13 17:04:25 [http-nio-8080-exec-5] DEBUG c.s.d.m.C.selectLnbSubList - ==> Parameters: CT_LNB_SERVICE(String)
2025-01-13 17:04:25 [http-nio-8080-exec-8] DEBUG org.mybatis.spring.SqlSessionUtils - Creating a new SqlSession
2025-01-13 17:04:25 [http-nio-8080-exec-8] DEBUG org.mybatis.spring.SqlSessionUtils - SqlSession [org.apache.ibatis.session.defaults.DefaultSqlSession@6fa7ea9f] was not registered for synchronization because synchronization is not active
2025-01-13 17:04:25 [http-nio-8080-exec-6] DEBUG org.mybatis.spring.SqlSessionUtils - Creating a new SqlSession
2025-01-13 17:04:25 [http-nio-8080-exec-6] DEBUG org.mybatis.spring.SqlSessionUtils - SqlSession [org.apache.ibatis.session.defaults.DefaultSqlSession@239ffe4d] was not registered for synchronization because synchronization is not active
2025-01-13 17:04:25 [http-nio-8080-exec-5] DEBUG c.s.d.m.C.selectLnbSubList - <==      Total: 4
2025-01-13 17:04:25 [http-nio-8080-exec-5] DEBUG org.mybatis.spring.SqlSessionUtils - Closing non transactional SqlSession [org.apache.ibatis.session.defaults.DefaultSqlSession@9e529e8]
2025-01-13 17:04:25 [http-nio-8080-exec-8] DEBUG o.m.s.t.SpringManagedTransaction - JDBC Connection [HikariProxyConnection@715483407 wrapping com.mysql.cj.jdbc.ConnectionImpl@2bb538b2] will not be managed by Spring
2025-01-13 17:04:25 [http-nio-8080-exec-8] DEBUG c.s.d.m.C.selectLnbSubList - ==>  Preparing: SELECT CT_LNB_SUB_IDX AS ctLnbSubIdx, CT_LNB_ID AS ctLnbId, CT_LNB_SUB_ID AS ctLnbSubId, CT_LNB_SUB_NAME AS ctLnbSubName, CT_LNB_SUB_URL AS ctLnbSubUrl FROM CT_LNB_SUB WHERE CT_LNB_ID = ? ORDER BY CT_LNB_SUB_IDX
2025-01-13 17:04:25 [http-nio-8080-exec-8] DEBUG c.s.d.m.C.selectLnbSubList - ==> Parameters: CT_LNB_CONTACT(String)
2025-01-13 17:04:25 [http-nio-8080-exec-8] DEBUG c.s.d.m.C.selectLnbSubList - <==      Total: 2
2025-01-13 17:04:25 [http-nio-8080-exec-8] DEBUG org.mybatis.spring.SqlSessionUtils - Closing non transactional SqlSession [org.apache.ibatis.session.defaults.DefaultSqlSession@6fa7ea9f]
2025-01-13 17:04:25 [http-nio-8080-exec-6] DEBUG o.m.s.t.SpringManagedTransaction - JDBC Connection [HikariProxyConnection@681080743 wrapping com.mysql.cj.jdbc.ConnectionImpl@2bb538b2] will not be managed by Spring
2025-01-13 17:04:25 [http-nio-8080-exec-6] DEBUG c.s.d.m.C.selectLnbSubList - ==>  Preparing: SELECT CT_LNB_SUB_IDX AS ctLnbSubIdx, CT_LNB_ID AS ctLnbId, CT_LNB_SUB_ID AS ctLnbSubId, CT_LNB_SUB_NAME AS ctLnbSubName, CT_LNB_SUB_URL AS ctLnbSubUrl FROM CT_LNB_SUB WHERE CT_LNB_ID = ? ORDER BY CT_LNB_SUB_IDX
2025-01-13 17:04:25 [http-nio-8080-exec-9] DEBUG org.mybatis.spring.SqlSessionUtils - Creating a new SqlSession
2025-01-13 17:04:25 [http-nio-8080-exec-9] DEBUG org.mybatis.spring.SqlSessionUtils - SqlSession [org.apache.ibatis.session.defaults.DefaultSqlSession@666849f0] was not registered for synchronization because synchronization is not active
2025-01-13 17:04:25 [http-nio-8080-exec-6] DEBUG c.s.d.m.C.selectLnbSubList - ==> Parameters: CT_LNB_COMPANY(String)
2025-01-13 17:04:25 [http-nio-8080-exec-6] DEBUG c.s.d.m.C.selectLnbSubList - <==      Total: 1
2025-01-13 17:04:25 [http-nio-8080-exec-6] DEBUG org.mybatis.spring.SqlSessionUtils - Closing non transactional SqlSession [org.apache.ibatis.session.defaults.DefaultSqlSession@239ffe4d]
2025-01-13 17:04:25 [http-nio-8080-exec-9] DEBUG o.m.s.t.SpringManagedTransaction - JDBC Connection [HikariProxyConnection@1518498644 wrapping com.mysql.cj.jdbc.ConnectionImpl@2bb538b2] will not be managed by Spring
2025-01-13 17:04:25 [http-nio-8080-exec-9] DEBUG c.s.d.m.C.selectLnbSubList - ==>  Preparing: SELECT CT_LNB_SUB_IDX AS ctLnbSubIdx, CT_LNB_ID AS ctLnbId, CT_LNB_SUB_ID AS ctLnbSubId, CT_LNB_SUB_NAME AS ctLnbSubName, CT_LNB_SUB_URL AS ctLnbSubUrl FROM CT_LNB_SUB WHERE CT_LNB_ID = ? ORDER BY CT_LNB_SUB_IDX
2025-01-13 17:04:25 [http-nio-8080-exec-9] DEBUG c.s.d.m.C.selectLnbSubList - ==> Parameters: CT_LNB_SERVICE(String)
2025-01-13 17:04:25 [http-nio-8080-exec-9] DEBUG c.s.d.m.C.selectLnbSubList - <==      Total: 4
2025-01-13 17:04:25 [http-nio-8080-exec-9] DEBUG org.mybatis.spring.SqlSessionUtils - Closing non transactional SqlSession [org.apache.ibatis.session.defaults.DefaultSqlSession@666849f0]
2025-01-13 17:06:38 [http-nio-8080-exec-2] WARN  o.t.s.p.AbstractStandardFragmentInsertionTagProcessor - [THYMELEAF][http-nio-8080-exec-2][common/layout/layout] Deprecated unwrapped fragment expression "common/fragments/header::header" found in template common/layout/layout, line 33, col 10. Please use the complete syntax of fragment expressions instead ("~{common/fragments/header::header}"). The old, unwrapped syntax for fragment expressions will be removed in future versions of Thymeleaf.
2025-01-13 17:06:38 [http-nio-8080-exec-2] WARN  o.t.s.p.AbstractStandardFragmentInsertionTagProcessor - [THYMELEAF][http-nio-8080-exec-2][common/layout/layout] Deprecated unwrapped fragment expression "common/fragments/footer::footer" found in template common/layout/layout, line 37, col 10. Please use the complete syntax of fragment expressions instead ("~{common/fragments/footer::footer}"). The old, unwrapped syntax for fragment expressions will be removed in future versions of Thymeleaf.
2025-01-13 17:06:38 [http-nio-8080-exec-7] DEBUG org.mybatis.spring.SqlSessionUtils - Creating a new SqlSession
2025-01-13 17:06:38 [http-nio-8080-exec-7] DEBUG org.mybatis.spring.SqlSessionUtils - SqlSession [org.apache.ibatis.session.defaults.DefaultSqlSession@2371bba0] was not registered for synchronization because synchronization is not active
2025-01-13 17:06:38 [http-nio-8080-exec-7] DEBUG o.m.s.t.SpringManagedTransaction - JDBC Connection [HikariProxyConnection@1132143370 wrapping com.mysql.cj.jdbc.ConnectionImpl@2bb538b2] will not be managed by Spring
2025-01-13 17:06:38 [http-nio-8080-exec-7] DEBUG c.s.d.m.CommonMapper.selectLnbList - ==>  Preparing: SELECT CT_LNB_IDX AS ctLnbIdx, CT_LNB_ID AS ctLnbId, CT_LNB_NAME AS ctLnbName, CT_LNB_SUB_YN AS ctLnbSubYn, CT_LNB_URL AS ctLnbUrl, CT_LNB_USE_YN AS ctLnbUseYn FROM CT_LNB WHERE CT_LNB_USE_YN = 'Y' ORDER BY CT_LNB_IDX
2025-01-13 17:06:38 [http-nio-8080-exec-7] DEBUG c.s.d.m.CommonMapper.selectLnbList - ==> Parameters: 
2025-01-13 17:06:38 [http-nio-8080-exec-7] DEBUG c.s.d.m.CommonMapper.selectLnbList - <==      Total: 4
2025-01-13 17:06:38 [http-nio-8080-exec-7] DEBUG org.mybatis.spring.SqlSessionUtils - Closing non transactional SqlSession [org.apache.ibatis.session.defaults.DefaultSqlSession@2371bba0]
2025-01-13 17:06:38 [http-nio-8080-exec-4] DEBUG org.mybatis.spring.SqlSessionUtils - Creating a new SqlSession
2025-01-13 17:06:38 [http-nio-8080-exec-4] DEBUG org.mybatis.spring.SqlSessionUtils - SqlSession [org.apache.ibatis.session.defaults.DefaultSqlSession@6e44e09e] was not registered for synchronization because synchronization is not active
2025-01-13 17:06:38 [http-nio-8080-exec-4] DEBUG o.m.s.t.SpringManagedTransaction - JDBC Connection [HikariProxyConnection@451982382 wrapping com.mysql.cj.jdbc.ConnectionImpl@2bb538b2] will not be managed by Spring
2025-01-13 17:06:38 [http-nio-8080-exec-4] DEBUG c.s.d.m.CommonMapper.selectLnbList - ==>  Preparing: SELECT CT_LNB_IDX AS ctLnbIdx, CT_LNB_ID AS ctLnbId, CT_LNB_NAME AS ctLnbName, CT_LNB_SUB_YN AS ctLnbSubYn, CT_LNB_URL AS ctLnbUrl, CT_LNB_USE_YN AS ctLnbUseYn FROM CT_LNB WHERE CT_LNB_USE_YN = 'Y' ORDER BY CT_LNB_IDX
2025-01-13 17:06:38 [http-nio-8080-exec-4] DEBUG c.s.d.m.CommonMapper.selectLnbList - ==> Parameters: 
2025-01-13 17:06:38 [http-nio-8080-exec-4] DEBUG c.s.d.m.CommonMapper.selectLnbList - <==      Total: 4
2025-01-13 17:06:38 [http-nio-8080-exec-4] DEBUG org.mybatis.spring.SqlSessionUtils - Closing non transactional SqlSession [org.apache.ibatis.session.defaults.DefaultSqlSession@6e44e09e]
2025-01-13 17:06:38 [http-nio-8080-exec-8] DEBUG org.mybatis.spring.SqlSessionUtils - Creating a new SqlSession
2025-01-13 17:06:38 [http-nio-8080-exec-10] DEBUG org.mybatis.spring.SqlSessionUtils - Creating a new SqlSession
2025-01-13 17:06:38 [http-nio-8080-exec-6] DEBUG org.mybatis.spring.SqlSessionUtils - Creating a new SqlSession
2025-01-13 17:06:38 [http-nio-8080-exec-8] DEBUG org.mybatis.spring.SqlSessionUtils - SqlSession [org.apache.ibatis.session.defaults.DefaultSqlSession@2865856c] was not registered for synchronization because synchronization is not active
2025-01-13 17:06:38 [http-nio-8080-exec-10] DEBUG org.mybatis.spring.SqlSessionUtils - SqlSession [org.apache.ibatis.session.defaults.DefaultSqlSession@3443d6e9] was not registered for synchronization because synchronization is not active
2025-01-13 17:06:38 [http-nio-8080-exec-6] DEBUG org.mybatis.spring.SqlSessionUtils - SqlSession [org.apache.ibatis.session.defaults.DefaultSqlSession@170999ed] was not registered for synchronization because synchronization is not active
2025-01-13 17:06:38 [http-nio-8080-exec-8] DEBUG o.m.s.t.SpringManagedTransaction - JDBC Connection [HikariProxyConnection@1348639921 wrapping com.mysql.cj.jdbc.ConnectionImpl@2bb538b2] will not be managed by Spring
2025-01-13 17:06:38 [http-nio-8080-exec-8] DEBUG c.s.d.m.C.selectLnbSubList - ==>  Preparing: SELECT CT_LNB_SUB_IDX AS ctLnbSubIdx, CT_LNB_ID AS ctLnbId, CT_LNB_SUB_ID AS ctLnbSubId, CT_LNB_SUB_NAME AS ctLnbSubName, CT_LNB_SUB_URL AS ctLnbSubUrl FROM CT_LNB_SUB WHERE CT_LNB_ID = ? ORDER BY CT_LNB_SUB_IDX
2025-01-13 17:06:38 [http-nio-8080-exec-8] DEBUG c.s.d.m.C.selectLnbSubList - ==> Parameters: CT_LNB_CONTACT(String)
2025-01-13 17:06:38 [http-nio-8080-exec-10] DEBUG o.m.s.t.SpringManagedTransaction - JDBC Connection [HikariProxyConnection@470681988 wrapping com.mysql.cj.jdbc.ConnectionImpl@359f15b8] will not be managed by Spring
2025-01-13 17:06:38 [http-nio-8080-exec-6] DEBUG o.m.s.t.SpringManagedTransaction - JDBC Connection [HikariProxyConnection@83918859 wrapping com.mysql.cj.jdbc.ConnectionImpl@157cbfb0] will not be managed by Spring
2025-01-13 17:06:38 [http-nio-8080-exec-10] DEBUG c.s.d.m.C.selectLnbSubList - ==>  Preparing: SELECT CT_LNB_SUB_IDX AS ctLnbSubIdx, CT_LNB_ID AS ctLnbId, CT_LNB_SUB_ID AS ctLnbSubId, CT_LNB_SUB_NAME AS ctLnbSubName, CT_LNB_SUB_URL AS ctLnbSubUrl FROM CT_LNB_SUB WHERE CT_LNB_ID = ? ORDER BY CT_LNB_SUB_IDX
2025-01-13 17:06:38 [http-nio-8080-exec-6] DEBUG c.s.d.m.C.selectLnbSubList - ==>  Preparing: SELECT CT_LNB_SUB_IDX AS ctLnbSubIdx, CT_LNB_ID AS ctLnbId, CT_LNB_SUB_ID AS ctLnbSubId, CT_LNB_SUB_NAME AS ctLnbSubName, CT_LNB_SUB_URL AS ctLnbSubUrl FROM CT_LNB_SUB WHERE CT_LNB_ID = ? ORDER BY CT_LNB_SUB_IDX
2025-01-13 17:06:38 [http-nio-8080-exec-10] DEBUG c.s.d.m.C.selectLnbSubList - ==> Parameters: CT_LNB_COMPANY(String)
2025-01-13 17:06:38 [http-nio-8080-exec-6] DEBUG c.s.d.m.C.selectLnbSubList - ==> Parameters: CT_LNB_SERVICE(String)
2025-01-13 17:06:38 [http-nio-8080-exec-10] DEBUG c.s.d.m.C.selectLnbSubList - <==      Total: 1
2025-01-13 17:06:38 [http-nio-8080-exec-8] DEBUG c.s.d.m.C.selectLnbSubList - <==      Total: 2
2025-01-13 17:06:38 [http-nio-8080-exec-6] DEBUG c.s.d.m.C.selectLnbSubList - <==      Total: 4
2025-01-13 17:06:38 [http-nio-8080-exec-8] DEBUG org.mybatis.spring.SqlSessionUtils - Closing non transactional SqlSession [org.apache.ibatis.session.defaults.DefaultSqlSession@2865856c]
2025-01-13 17:06:38 [http-nio-8080-exec-6] DEBUG org.mybatis.spring.SqlSessionUtils - Closing non transactional SqlSession [org.apache.ibatis.session.defaults.DefaultSqlSession@170999ed]
2025-01-13 17:06:38 [http-nio-8080-exec-10] DEBUG org.mybatis.spring.SqlSessionUtils - Closing non transactional SqlSession [org.apache.ibatis.session.defaults.DefaultSqlSession@3443d6e9]
2025-01-13 17:06:38 [http-nio-8080-exec-5] DEBUG org.mybatis.spring.SqlSessionUtils - Creating a new SqlSession
2025-01-13 17:06:38 [http-nio-8080-exec-1] DEBUG org.mybatis.spring.SqlSessionUtils - Creating a new SqlSession
2025-01-13 17:06:38 [http-nio-8080-exec-9] DEBUG org.mybatis.spring.SqlSessionUtils - Creating a new SqlSession
2025-01-13 17:06:38 [http-nio-8080-exec-5] DEBUG org.mybatis.spring.SqlSessionUtils - SqlSession [org.apache.ibatis.session.defaults.DefaultSqlSession@4a1edf82] was not registered for synchronization because synchronization is not active
2025-01-13 17:06:38 [http-nio-8080-exec-1] DEBUG org.mybatis.spring.SqlSessionUtils - SqlSession [org.apache.ibatis.session.defaults.DefaultSqlSession@25af008b] was not registered for synchronization because synchronization is not active
2025-01-13 17:06:38 [http-nio-8080-exec-9] DEBUG org.mybatis.spring.SqlSessionUtils - SqlSession [org.apache.ibatis.session.defaults.DefaultSqlSession@4f166df0] was not registered for synchronization because synchronization is not active
2025-01-13 17:06:38 [http-nio-8080-exec-1] DEBUG o.m.s.t.SpringManagedTransaction - JDBC Connection [HikariProxyConnection@1879414471 wrapping com.mysql.cj.jdbc.ConnectionImpl@2bb538b2] will not be managed by Spring
2025-01-13 17:06:38 [http-nio-8080-exec-1] DEBUG c.s.d.m.C.selectLnbSubList - ==>  Preparing: SELECT CT_LNB_SUB_IDX AS ctLnbSubIdx, CT_LNB_ID AS ctLnbId, CT_LNB_SUB_ID AS ctLnbSubId, CT_LNB_SUB_NAME AS ctLnbSubName, CT_LNB_SUB_URL AS ctLnbSubUrl FROM CT_LNB_SUB WHERE CT_LNB_ID = ? ORDER BY CT_LNB_SUB_IDX
2025-01-13 17:06:38 [http-nio-8080-exec-5] DEBUG o.m.s.t.SpringManagedTransaction - JDBC Connection [HikariProxyConnection@225018032 wrapping com.mysql.cj.jdbc.ConnectionImpl@157cbfb0] will not be managed by Spring
2025-01-13 17:06:38 [http-nio-8080-exec-9] DEBUG o.m.s.t.SpringManagedTransaction - JDBC Connection [HikariProxyConnection@34163801 wrapping com.mysql.cj.jdbc.ConnectionImpl@359f15b8] will not be managed by Spring
2025-01-13 17:06:38 [http-nio-8080-exec-1] DEBUG c.s.d.m.C.selectLnbSubList - ==> Parameters: CT_LNB_SERVICE(String)
2025-01-13 17:06:38 [http-nio-8080-exec-9] DEBUG c.s.d.m.C.selectLnbSubList - ==>  Preparing: SELECT CT_LNB_SUB_IDX AS ctLnbSubIdx, CT_LNB_ID AS ctLnbId, CT_LNB_SUB_ID AS ctLnbSubId, CT_LNB_SUB_NAME AS ctLnbSubName, CT_LNB_SUB_URL AS ctLnbSubUrl FROM CT_LNB_SUB WHERE CT_LNB_ID = ? ORDER BY CT_LNB_SUB_IDX
2025-01-13 17:06:38 [http-nio-8080-exec-5] DEBUG c.s.d.m.C.selectLnbSubList - ==>  Preparing: SELECT CT_LNB_SUB_IDX AS ctLnbSubIdx, CT_LNB_ID AS ctLnbId, CT_LNB_SUB_ID AS ctLnbSubId, CT_LNB_SUB_NAME AS ctLnbSubName, CT_LNB_SUB_URL AS ctLnbSubUrl FROM CT_LNB_SUB WHERE CT_LNB_ID = ? ORDER BY CT_LNB_SUB_IDX
2025-01-13 17:06:38 [http-nio-8080-exec-9] DEBUG c.s.d.m.C.selectLnbSubList - ==> Parameters: CT_LNB_CONTACT(String)
2025-01-13 17:06:38 [http-nio-8080-exec-5] DEBUG c.s.d.m.C.selectLnbSubList - ==> Parameters: CT_LNB_COMPANY(String)
2025-01-13 17:06:38 [http-nio-8080-exec-9] DEBUG c.s.d.m.C.selectLnbSubList - <==      Total: 2
2025-01-13 17:06:38 [http-nio-8080-exec-1] DEBUG c.s.d.m.C.selectLnbSubList - <==      Total: 4
2025-01-13 17:06:38 [http-nio-8080-exec-1] DEBUG org.mybatis.spring.SqlSessionUtils - Closing non transactional SqlSession [org.apache.ibatis.session.defaults.DefaultSqlSession@25af008b]
2025-01-13 17:06:38 [http-nio-8080-exec-9] DEBUG org.mybatis.spring.SqlSessionUtils - Closing non transactional SqlSession [org.apache.ibatis.session.defaults.DefaultSqlSession@4f166df0]
2025-01-13 17:06:38 [http-nio-8080-exec-5] DEBUG c.s.d.m.C.selectLnbSubList - <==      Total: 1
2025-01-13 17:06:38 [http-nio-8080-exec-5] DEBUG org.mybatis.spring.SqlSessionUtils - Closing non transactional SqlSession [org.apache.ibatis.session.defaults.DefaultSqlSession@4a1edf82]
2025-01-13 17:07:05 [http-nio-8080-exec-2] WARN  o.t.s.p.AbstractStandardFragmentInsertionTagProcessor - [THYMELEAF][http-nio-8080-exec-2][common/layout/layout] Deprecated unwrapped fragment expression "common/fragments/header::header" found in template common/layout/layout, line 33, col 10. Please use the complete syntax of fragment expressions instead ("~{common/fragments/header::header}"). The old, unwrapped syntax for fragment expressions will be removed in future versions of Thymeleaf.
2025-01-13 17:07:05 [http-nio-8080-exec-2] WARN  o.t.s.p.AbstractStandardFragmentInsertionTagProcessor - [THYMELEAF][http-nio-8080-exec-2][common/layout/layout] Deprecated unwrapped fragment expression "common/fragments/footer::footer" found in template common/layout/layout, line 37, col 10. Please use the complete syntax of fragment expressions instead ("~{common/fragments/footer::footer}"). The old, unwrapped syntax for fragment expressions will be removed in future versions of Thymeleaf.
2025-01-13 17:07:05 [http-nio-8080-exec-7] DEBUG org.mybatis.spring.SqlSessionUtils - Creating a new SqlSession
2025-01-13 17:07:05 [http-nio-8080-exec-7] DEBUG org.mybatis.spring.SqlSessionUtils - SqlSession [org.apache.ibatis.session.defaults.DefaultSqlSession@2ccd0856] was not registered for synchronization because synchronization is not active
2025-01-13 17:07:05 [http-nio-8080-exec-7] DEBUG o.m.s.t.SpringManagedTransaction - JDBC Connection [HikariProxyConnection@909385142 wrapping com.mysql.cj.jdbc.ConnectionImpl@2bb538b2] will not be managed by Spring
2025-01-13 17:07:05 [http-nio-8080-exec-7] DEBUG c.s.d.m.CommonMapper.selectLnbList - ==>  Preparing: SELECT CT_LNB_IDX AS ctLnbIdx, CT_LNB_ID AS ctLnbId, CT_LNB_NAME AS ctLnbName, CT_LNB_SUB_YN AS ctLnbSubYn, CT_LNB_URL AS ctLnbUrl, CT_LNB_USE_YN AS ctLnbUseYn FROM CT_LNB WHERE CT_LNB_USE_YN = 'Y' ORDER BY CT_LNB_IDX
2025-01-13 17:07:05 [http-nio-8080-exec-7] DEBUG c.s.d.m.CommonMapper.selectLnbList - ==> Parameters: 
2025-01-13 17:07:05 [http-nio-8080-exec-7] DEBUG c.s.d.m.CommonMapper.selectLnbList - <==      Total: 4
2025-01-13 17:07:05 [http-nio-8080-exec-7] DEBUG org.mybatis.spring.SqlSessionUtils - Closing non transactional SqlSession [org.apache.ibatis.session.defaults.DefaultSqlSession@2ccd0856]
2025-01-13 17:07:05 [http-nio-8080-exec-6] DEBUG org.mybatis.spring.SqlSessionUtils - Creating a new SqlSession
2025-01-13 17:07:05 [http-nio-8080-exec-6] DEBUG org.mybatis.spring.SqlSessionUtils - SqlSession [org.apache.ibatis.session.defaults.DefaultSqlSession@41ca33a2] was not registered for synchronization because synchronization is not active
2025-01-13 17:07:05 [http-nio-8080-exec-6] DEBUG o.m.s.t.SpringManagedTransaction - JDBC Connection [HikariProxyConnection@860143191 wrapping com.mysql.cj.jdbc.ConnectionImpl@157cbfb0] will not be managed by Spring
2025-01-13 17:07:05 [http-nio-8080-exec-6] DEBUG c.s.d.m.CommonMapper.selectLnbList - ==>  Preparing: SELECT CT_LNB_IDX AS ctLnbIdx, CT_LNB_ID AS ctLnbId, CT_LNB_NAME AS ctLnbName, CT_LNB_SUB_YN AS ctLnbSubYn, CT_LNB_URL AS ctLnbUrl, CT_LNB_USE_YN AS ctLnbUseYn FROM CT_LNB WHERE CT_LNB_USE_YN = 'Y' ORDER BY CT_LNB_IDX
2025-01-13 17:07:05 [http-nio-8080-exec-6] DEBUG c.s.d.m.CommonMapper.selectLnbList - ==> Parameters: 
2025-01-13 17:07:05 [http-nio-8080-exec-6] DEBUG c.s.d.m.CommonMapper.selectLnbList - <==      Total: 4
2025-01-13 17:07:05 [http-nio-8080-exec-10] DEBUG org.mybatis.spring.SqlSessionUtils - Creating a new SqlSession
2025-01-13 17:07:05 [http-nio-8080-exec-10] DEBUG org.mybatis.spring.SqlSessionUtils - SqlSession [org.apache.ibatis.session.defaults.DefaultSqlSession@66ab3179] was not registered for synchronization because synchronization is not active
2025-01-13 17:07:05 [http-nio-8080-exec-6] DEBUG org.mybatis.spring.SqlSessionUtils - Closing non transactional SqlSession [org.apache.ibatis.session.defaults.DefaultSqlSession@41ca33a2]
2025-01-13 17:07:05 [http-nio-8080-exec-8] DEBUG org.mybatis.spring.SqlSessionUtils - Creating a new SqlSession
2025-01-13 17:07:05 [http-nio-8080-exec-4] DEBUG org.mybatis.spring.SqlSessionUtils - Creating a new SqlSession
2025-01-13 17:07:05 [http-nio-8080-exec-8] DEBUG org.mybatis.spring.SqlSessionUtils - SqlSession [org.apache.ibatis.session.defaults.DefaultSqlSession@2c6e6758] was not registered for synchronization because synchronization is not active
2025-01-13 17:07:05 [http-nio-8080-exec-4] DEBUG org.mybatis.spring.SqlSessionUtils - SqlSession [org.apache.ibatis.session.defaults.DefaultSqlSession@38752829] was not registered for synchronization because synchronization is not active
2025-01-13 17:07:05 [http-nio-8080-exec-8] DEBUG o.m.s.t.SpringManagedTransaction - JDBC Connection [HikariProxyConnection@1096469612 wrapping com.mysql.cj.jdbc.ConnectionImpl@2bb538b2] will not be managed by Spring
2025-01-13 17:07:05 [http-nio-8080-exec-4] DEBUG o.m.s.t.SpringManagedTransaction - JDBC Connection [HikariProxyConnection@1377531452 wrapping com.mysql.cj.jdbc.ConnectionImpl@157cbfb0] will not be managed by Spring
2025-01-13 17:07:05 [http-nio-8080-exec-8] DEBUG c.s.d.m.C.selectLnbSubList - ==>  Preparing: SELECT CT_LNB_SUB_IDX AS ctLnbSubIdx, CT_LNB_ID AS ctLnbId, CT_LNB_SUB_ID AS ctLnbSubId, CT_LNB_SUB_NAME AS ctLnbSubName, CT_LNB_SUB_URL AS ctLnbSubUrl FROM CT_LNB_SUB WHERE CT_LNB_ID = ? ORDER BY CT_LNB_SUB_IDX
2025-01-13 17:07:05 [http-nio-8080-exec-4] DEBUG c.s.d.m.C.selectLnbSubList - ==>  Preparing: SELECT CT_LNB_SUB_IDX AS ctLnbSubIdx, CT_LNB_ID AS ctLnbId, CT_LNB_SUB_ID AS ctLnbSubId, CT_LNB_SUB_NAME AS ctLnbSubName, CT_LNB_SUB_URL AS ctLnbSubUrl FROM CT_LNB_SUB WHERE CT_LNB_ID = ? ORDER BY CT_LNB_SUB_IDX
2025-01-13 17:07:05 [http-nio-8080-exec-10] DEBUG o.m.s.t.SpringManagedTransaction - JDBC Connection [HikariProxyConnection@1297684249 wrapping com.mysql.cj.jdbc.ConnectionImpl@359f15b8] will not be managed by Spring
2025-01-13 17:07:05 [http-nio-8080-exec-10] DEBUG c.s.d.m.C.selectLnbSubList - ==>  Preparing: SELECT CT_LNB_SUB_IDX AS ctLnbSubIdx, CT_LNB_ID AS ctLnbId, CT_LNB_SUB_ID AS ctLnbSubId, CT_LNB_SUB_NAME AS ctLnbSubName, CT_LNB_SUB_URL AS ctLnbSubUrl FROM CT_LNB_SUB WHERE CT_LNB_ID = ? ORDER BY CT_LNB_SUB_IDX
2025-01-13 17:07:05 [http-nio-8080-exec-8] DEBUG c.s.d.m.C.selectLnbSubList - ==> Parameters: CT_LNB_CONTACT(String)
2025-01-13 17:07:05 [http-nio-8080-exec-4] DEBUG c.s.d.m.C.selectLnbSubList - ==> Parameters: CT_LNB_SERVICE(String)
2025-01-13 17:07:05 [http-nio-8080-exec-10] DEBUG c.s.d.m.C.selectLnbSubList - ==> Parameters: CT_LNB_COMPANY(String)
2025-01-13 17:07:05 [http-nio-8080-exec-8] DEBUG c.s.d.m.C.selectLnbSubList - <==      Total: 2
2025-01-13 17:07:05 [http-nio-8080-exec-10] DEBUG c.s.d.m.C.selectLnbSubList - <==      Total: 1
2025-01-13 17:07:05 [http-nio-8080-exec-4] DEBUG c.s.d.m.C.selectLnbSubList - <==      Total: 4
2025-01-13 17:07:05 [http-nio-8080-exec-8] DEBUG org.mybatis.spring.SqlSessionUtils - Closing non transactional SqlSession [org.apache.ibatis.session.defaults.DefaultSqlSession@2c6e6758]
2025-01-13 17:07:05 [http-nio-8080-exec-10] DEBUG org.mybatis.spring.SqlSessionUtils - Closing non transactional SqlSession [org.apache.ibatis.session.defaults.DefaultSqlSession@66ab3179]
2025-01-13 17:07:05 [http-nio-8080-exec-4] DEBUG org.mybatis.spring.SqlSessionUtils - Closing non transactional SqlSession [org.apache.ibatis.session.defaults.DefaultSqlSession@38752829]
2025-01-13 17:07:05 [http-nio-8080-exec-9] DEBUG org.mybatis.spring.SqlSessionUtils - Creating a new SqlSession
2025-01-13 17:07:05 [http-nio-8080-exec-3] DEBUG org.mybatis.spring.SqlSessionUtils - Creating a new SqlSession
2025-01-13 17:07:05 [http-nio-8080-exec-1] DEBUG org.mybatis.spring.SqlSessionUtils - Creating a new SqlSession
2025-01-13 17:07:05 [http-nio-8080-exec-3] DEBUG org.mybatis.spring.SqlSessionUtils - SqlSession [org.apache.ibatis.session.defaults.DefaultSqlSession@16ff00fb] was not registered for synchronization because synchronization is not active
2025-01-13 17:07:05 [http-nio-8080-exec-9] DEBUG org.mybatis.spring.SqlSessionUtils - SqlSession [org.apache.ibatis.session.defaults.DefaultSqlSession@6ef0d865] was not registered for synchronization because synchronization is not active
2025-01-13 17:07:05 [http-nio-8080-exec-1] DEBUG org.mybatis.spring.SqlSessionUtils - SqlSession [org.apache.ibatis.session.defaults.DefaultSqlSession@20879a4a] was not registered for synchronization because synchronization is not active
2025-01-13 17:07:05 [http-nio-8080-exec-1] DEBUG o.m.s.t.SpringManagedTransaction - JDBC Connection [HikariProxyConnection@2095612723 wrapping com.mysql.cj.jdbc.ConnectionImpl@157cbfb0] will not be managed by Spring
2025-01-13 17:07:05 [http-nio-8080-exec-9] DEBUG o.m.s.t.SpringManagedTransaction - JDBC Connection [HikariProxyConnection@651373158 wrapping com.mysql.cj.jdbc.ConnectionImpl@359f15b8] will not be managed by Spring
2025-01-13 17:07:05 [http-nio-8080-exec-3] DEBUG o.m.s.t.SpringManagedTransaction - JDBC Connection [HikariProxyConnection@1343787737 wrapping com.mysql.cj.jdbc.ConnectionImpl@2bb538b2] will not be managed by Spring
2025-01-13 17:07:05 [http-nio-8080-exec-1] DEBUG c.s.d.m.C.selectLnbSubList - ==>  Preparing: SELECT CT_LNB_SUB_IDX AS ctLnbSubIdx, CT_LNB_ID AS ctLnbId, CT_LNB_SUB_ID AS ctLnbSubId, CT_LNB_SUB_NAME AS ctLnbSubName, CT_LNB_SUB_URL AS ctLnbSubUrl FROM CT_LNB_SUB WHERE CT_LNB_ID = ? ORDER BY CT_LNB_SUB_IDX
2025-01-13 17:07:05 [http-nio-8080-exec-9] DEBUG c.s.d.m.C.selectLnbSubList - ==>  Preparing: SELECT CT_LNB_SUB_IDX AS ctLnbSubIdx, CT_LNB_ID AS ctLnbId, CT_LNB_SUB_ID AS ctLnbSubId, CT_LNB_SUB_NAME AS ctLnbSubName, CT_LNB_SUB_URL AS ctLnbSubUrl FROM CT_LNB_SUB WHERE CT_LNB_ID = ? ORDER BY CT_LNB_SUB_IDX
2025-01-13 17:07:05 [http-nio-8080-exec-3] DEBUG c.s.d.m.C.selectLnbSubList - ==>  Preparing: SELECT CT_LNB_SUB_IDX AS ctLnbSubIdx, CT_LNB_ID AS ctLnbId, CT_LNB_SUB_ID AS ctLnbSubId, CT_LNB_SUB_NAME AS ctLnbSubName, CT_LNB_SUB_URL AS ctLnbSubUrl FROM CT_LNB_SUB WHERE CT_LNB_ID = ? ORDER BY CT_LNB_SUB_IDX
2025-01-13 17:07:05 [http-nio-8080-exec-1] DEBUG c.s.d.m.C.selectLnbSubList - ==> Parameters: CT_LNB_SERVICE(String)
2025-01-13 17:07:05 [http-nio-8080-exec-9] DEBUG c.s.d.m.C.selectLnbSubList - ==> Parameters: CT_LNB_COMPANY(String)
2025-01-13 17:07:05 [http-nio-8080-exec-3] DEBUG c.s.d.m.C.selectLnbSubList - ==> Parameters: CT_LNB_CONTACT(String)
2025-01-13 17:07:05 [http-nio-8080-exec-9] DEBUG c.s.d.m.C.selectLnbSubList - <==      Total: 1
2025-01-13 17:07:05 [http-nio-8080-exec-3] DEBUG c.s.d.m.C.selectLnbSubList - <==      Total: 2
2025-01-13 17:07:05 [http-nio-8080-exec-1] DEBUG c.s.d.m.C.selectLnbSubList - <==      Total: 4
2025-01-13 17:07:05 [http-nio-8080-exec-3] DEBUG org.mybatis.spring.SqlSessionUtils - Closing non transactional SqlSession [org.apache.ibatis.session.defaults.DefaultSqlSession@16ff00fb]
2025-01-13 17:07:05 [http-nio-8080-exec-9] DEBUG org.mybatis.spring.SqlSessionUtils - Closing non transactional SqlSession [org.apache.ibatis.session.defaults.DefaultSqlSession@6ef0d865]
2025-01-13 17:07:05 [http-nio-8080-exec-1] DEBUG org.mybatis.spring.SqlSessionUtils - Closing non transactional SqlSession [org.apache.ibatis.session.defaults.DefaultSqlSession@20879a4a]
2025-01-13 17:07:10 [http-nio-8080-exec-2] WARN  o.t.s.p.AbstractStandardFragmentInsertionTagProcessor - [THYMELEAF][http-nio-8080-exec-2][common/layout/layout] Deprecated unwrapped fragment expression "common/fragments/header::header" found in template common/layout/layout, line 33, col 10. Please use the complete syntax of fragment expressions instead ("~{common/fragments/header::header}"). The old, unwrapped syntax for fragment expressions will be removed in future versions of Thymeleaf.
2025-01-13 17:07:11 [http-nio-8080-exec-2] WARN  o.t.s.p.AbstractStandardFragmentInsertionTagProcessor - [THYMELEAF][http-nio-8080-exec-2][common/layout/layout] Deprecated unwrapped fragment expression "common/fragments/footer::footer" found in template common/layout/layout, line 37, col 10. Please use the complete syntax of fragment expressions instead ("~{common/fragments/footer::footer}"). The old, unwrapped syntax for fragment expressions will be removed in future versions of Thymeleaf.
2025-01-13 17:07:11 [http-nio-8080-exec-6] DEBUG org.mybatis.spring.SqlSessionUtils - Creating a new SqlSession
2025-01-13 17:07:11 [http-nio-8080-exec-6] DEBUG org.mybatis.spring.SqlSessionUtils - SqlSession [org.apache.ibatis.session.defaults.DefaultSqlSession@5909d486] was not registered for synchronization because synchronization is not active
2025-01-13 17:07:11 [http-nio-8080-exec-6] DEBUG o.m.s.t.SpringManagedTransaction - JDBC Connection [HikariProxyConnection@1336508406 wrapping com.mysql.cj.jdbc.ConnectionImpl@157cbfb0] will not be managed by Spring
2025-01-13 17:07:11 [http-nio-8080-exec-6] DEBUG c.s.d.m.CommonMapper.selectLnbList - ==>  Preparing: SELECT CT_LNB_IDX AS ctLnbIdx, CT_LNB_ID AS ctLnbId, CT_LNB_NAME AS ctLnbName, CT_LNB_SUB_YN AS ctLnbSubYn, CT_LNB_URL AS ctLnbUrl, CT_LNB_USE_YN AS ctLnbUseYn FROM CT_LNB WHERE CT_LNB_USE_YN = 'Y' ORDER BY CT_LNB_IDX
2025-01-13 17:07:11 [http-nio-8080-exec-6] DEBUG c.s.d.m.CommonMapper.selectLnbList - ==> Parameters: 
2025-01-13 17:07:11 [http-nio-8080-exec-6] DEBUG c.s.d.m.CommonMapper.selectLnbList - <==      Total: 4
2025-01-13 17:07:11 [http-nio-8080-exec-6] DEBUG org.mybatis.spring.SqlSessionUtils - Closing non transactional SqlSession [org.apache.ibatis.session.defaults.DefaultSqlSession@5909d486]
2025-01-13 17:07:11 [http-nio-8080-exec-8] DEBUG org.mybatis.spring.SqlSessionUtils - Creating a new SqlSession
2025-01-13 17:07:11 [http-nio-8080-exec-8] DEBUG org.mybatis.spring.SqlSessionUtils - SqlSession [org.apache.ibatis.session.defaults.DefaultSqlSession@42326882] was not registered for synchronization because synchronization is not active
2025-01-13 17:07:11 [http-nio-8080-exec-8] DEBUG o.m.s.t.SpringManagedTransaction - JDBC Connection [HikariProxyConnection@1427961092 wrapping com.mysql.cj.jdbc.ConnectionImpl@2bb538b2] will not be managed by Spring
2025-01-13 17:07:11 [http-nio-8080-exec-8] DEBUG c.s.d.m.CommonMapper.selectLnbList - ==>  Preparing: SELECT CT_LNB_IDX AS ctLnbIdx, CT_LNB_ID AS ctLnbId, CT_LNB_NAME AS ctLnbName, CT_LNB_SUB_YN AS ctLnbSubYn, CT_LNB_URL AS ctLnbUrl, CT_LNB_USE_YN AS ctLnbUseYn FROM CT_LNB WHERE CT_LNB_USE_YN = 'Y' ORDER BY CT_LNB_IDX
2025-01-13 17:07:11 [http-nio-8080-exec-8] DEBUG c.s.d.m.CommonMapper.selectLnbList - ==> Parameters: 
2025-01-13 17:07:11 [http-nio-8080-exec-8] DEBUG c.s.d.m.CommonMapper.selectLnbList - <==      Total: 4
2025-01-13 17:07:11 [http-nio-8080-exec-8] DEBUG org.mybatis.spring.SqlSessionUtils - Closing non transactional SqlSession [org.apache.ibatis.session.defaults.DefaultSqlSession@42326882]
2025-01-13 17:07:11 [http-nio-8080-exec-9] DEBUG org.mybatis.spring.SqlSessionUtils - Creating a new SqlSession
2025-01-13 17:07:11 [http-nio-8080-exec-10] DEBUG org.mybatis.spring.SqlSessionUtils - Creating a new SqlSession
2025-01-13 17:07:11 [http-nio-8080-exec-9] DEBUG org.mybatis.spring.SqlSessionUtils - SqlSession [org.apache.ibatis.session.defaults.DefaultSqlSession@14e4cae6] was not registered for synchronization because synchronization is not active
2025-01-13 17:07:11 [http-nio-8080-exec-10] DEBUG org.mybatis.spring.SqlSessionUtils - SqlSession [org.apache.ibatis.session.defaults.DefaultSqlSession@4069a65e] was not registered for synchronization because synchronization is not active
2025-01-13 17:07:11 [http-nio-8080-exec-4] DEBUG org.mybatis.spring.SqlSessionUtils - Creating a new SqlSession
2025-01-13 17:07:11 [http-nio-8080-exec-4] DEBUG org.mybatis.spring.SqlSessionUtils - SqlSession [org.apache.ibatis.session.defaults.DefaultSqlSession@55514775] was not registered for synchronization because synchronization is not active
2025-01-13 17:07:11 [http-nio-8080-exec-10] DEBUG o.m.s.t.SpringManagedTransaction - JDBC Connection [HikariProxyConnection@1158512789 wrapping com.mysql.cj.jdbc.ConnectionImpl@2bb538b2] will not be managed by Spring
2025-01-13 17:07:11 [http-nio-8080-exec-10] DEBUG c.s.d.m.C.selectLnbSubList - ==>  Preparing: SELECT CT_LNB_SUB_IDX AS ctLnbSubIdx, CT_LNB_ID AS ctLnbId, CT_LNB_SUB_ID AS ctLnbSubId, CT_LNB_SUB_NAME AS ctLnbSubName, CT_LNB_SUB_URL AS ctLnbSubUrl FROM CT_LNB_SUB WHERE CT_LNB_ID = ? ORDER BY CT_LNB_SUB_IDX
2025-01-13 17:07:11 [http-nio-8080-exec-4] DEBUG o.m.s.t.SpringManagedTransaction - JDBC Connection [HikariProxyConnection@1670795228 wrapping com.mysql.cj.jdbc.ConnectionImpl@157cbfb0] will not be managed by Spring
2025-01-13 17:07:11 [http-nio-8080-exec-4] DEBUG c.s.d.m.C.selectLnbSubList - ==>  Preparing: SELECT CT_LNB_SUB_IDX AS ctLnbSubIdx, CT_LNB_ID AS ctLnbId, CT_LNB_SUB_ID AS ctLnbSubId, CT_LNB_SUB_NAME AS ctLnbSubName, CT_LNB_SUB_URL AS ctLnbSubUrl FROM CT_LNB_SUB WHERE CT_LNB_ID = ? ORDER BY CT_LNB_SUB_IDX
2025-01-13 17:07:11 [http-nio-8080-exec-10] DEBUG c.s.d.m.C.selectLnbSubList - ==> Parameters: CT_LNB_COMPANY(String)
2025-01-13 17:07:11 [http-nio-8080-exec-4] DEBUG c.s.d.m.C.selectLnbSubList - ==> Parameters: CT_LNB_SERVICE(String)
2025-01-13 17:07:11 [http-nio-8080-exec-9] DEBUG o.m.s.t.SpringManagedTransaction - JDBC Connection [HikariProxyConnection@727405062 wrapping com.mysql.cj.jdbc.ConnectionImpl@359f15b8] will not be managed by Spring
2025-01-13 17:07:11 [http-nio-8080-exec-9] DEBUG c.s.d.m.C.selectLnbSubList - ==>  Preparing: SELECT CT_LNB_SUB_IDX AS ctLnbSubIdx, CT_LNB_ID AS ctLnbId, CT_LNB_SUB_ID AS ctLnbSubId, CT_LNB_SUB_NAME AS ctLnbSubName, CT_LNB_SUB_URL AS ctLnbSubUrl FROM CT_LNB_SUB WHERE CT_LNB_ID = ? ORDER BY CT_LNB_SUB_IDX
2025-01-13 17:07:11 [http-nio-8080-exec-9] DEBUG c.s.d.m.C.selectLnbSubList - ==> Parameters: CT_LNB_CONTACT(String)
2025-01-13 17:07:11 [http-nio-8080-exec-10] DEBUG c.s.d.m.C.selectLnbSubList - <==      Total: 1
2025-01-13 17:07:11 [http-nio-8080-exec-4] DEBUG c.s.d.m.C.selectLnbSubList - <==      Total: 4
2025-01-13 17:07:11 [http-nio-8080-exec-10] DEBUG org.mybatis.spring.SqlSessionUtils - Closing non transactional SqlSession [org.apache.ibatis.session.defaults.DefaultSqlSession@4069a65e]
2025-01-13 17:07:11 [http-nio-8080-exec-9] DEBUG c.s.d.m.C.selectLnbSubList - <==      Total: 2
2025-01-13 17:07:11 [http-nio-8080-exec-4] DEBUG org.mybatis.spring.SqlSessionUtils - Closing non transactional SqlSession [org.apache.ibatis.session.defaults.DefaultSqlSession@55514775]
2025-01-13 17:07:11 [http-nio-8080-exec-9] DEBUG org.mybatis.spring.SqlSessionUtils - Closing non transactional SqlSession [org.apache.ibatis.session.defaults.DefaultSqlSession@14e4cae6]
2025-01-13 17:07:11 [http-nio-8080-exec-1] DEBUG org.mybatis.spring.SqlSessionUtils - Creating a new SqlSession
2025-01-13 17:07:11 [http-nio-8080-exec-3] DEBUG org.mybatis.spring.SqlSessionUtils - Creating a new SqlSession
2025-01-13 17:07:11 [http-nio-8080-exec-7] DEBUG org.mybatis.spring.SqlSessionUtils - Creating a new SqlSession
2025-01-13 17:07:11 [http-nio-8080-exec-1] DEBUG org.mybatis.spring.SqlSessionUtils - SqlSession [org.apache.ibatis.session.defaults.DefaultSqlSession@49f64268] was not registered for synchronization because synchronization is not active
2025-01-13 17:07:11 [http-nio-8080-exec-7] DEBUG org.mybatis.spring.SqlSessionUtils - SqlSession [org.apache.ibatis.session.defaults.DefaultSqlSession@6fde38b9] was not registered for synchronization because synchronization is not active
2025-01-13 17:07:11 [http-nio-8080-exec-3] DEBUG org.mybatis.spring.SqlSessionUtils - SqlSession [org.apache.ibatis.session.defaults.DefaultSqlSession@79fe5f5] was not registered for synchronization because synchronization is not active
2025-01-13 17:07:11 [http-nio-8080-exec-7] DEBUG o.m.s.t.SpringManagedTransaction - JDBC Connection [HikariProxyConnection@1358550388 wrapping com.mysql.cj.jdbc.ConnectionImpl@2bb538b2] will not be managed by Spring
2025-01-13 17:07:11 [http-nio-8080-exec-1] DEBUG o.m.s.t.SpringManagedTransaction - JDBC Connection [HikariProxyConnection@1908388222 wrapping com.mysql.cj.jdbc.ConnectionImpl@157cbfb0] will not be managed by Spring
2025-01-13 17:07:11 [http-nio-8080-exec-3] DEBUG o.m.s.t.SpringManagedTransaction - JDBC Connection [HikariProxyConnection@823596491 wrapping com.mysql.cj.jdbc.ConnectionImpl@359f15b8] will not be managed by Spring
2025-01-13 17:07:11 [http-nio-8080-exec-1] DEBUG c.s.d.m.C.selectLnbSubList - ==>  Preparing: SELECT CT_LNB_SUB_IDX AS ctLnbSubIdx, CT_LNB_ID AS ctLnbId, CT_LNB_SUB_ID AS ctLnbSubId, CT_LNB_SUB_NAME AS ctLnbSubName, CT_LNB_SUB_URL AS ctLnbSubUrl FROM CT_LNB_SUB WHERE CT_LNB_ID = ? ORDER BY CT_LNB_SUB_IDX
2025-01-13 17:07:11 [http-nio-8080-exec-3] DEBUG c.s.d.m.C.selectLnbSubList - ==>  Preparing: SELECT CT_LNB_SUB_IDX AS ctLnbSubIdx, CT_LNB_ID AS ctLnbId, CT_LNB_SUB_ID AS ctLnbSubId, CT_LNB_SUB_NAME AS ctLnbSubName, CT_LNB_SUB_URL AS ctLnbSubUrl FROM CT_LNB_SUB WHERE CT_LNB_ID = ? ORDER BY CT_LNB_SUB_IDX
2025-01-13 17:07:11 [http-nio-8080-exec-7] DEBUG c.s.d.m.C.selectLnbSubList - ==>  Preparing: SELECT CT_LNB_SUB_IDX AS ctLnbSubIdx, CT_LNB_ID AS ctLnbId, CT_LNB_SUB_ID AS ctLnbSubId, CT_LNB_SUB_NAME AS ctLnbSubName, CT_LNB_SUB_URL AS ctLnbSubUrl FROM CT_LNB_SUB WHERE CT_LNB_ID = ? ORDER BY CT_LNB_SUB_IDX
2025-01-13 17:07:11 [http-nio-8080-exec-3] DEBUG c.s.d.m.C.selectLnbSubList - ==> Parameters: CT_LNB_COMPANY(String)
2025-01-13 17:07:11 [http-nio-8080-exec-7] DEBUG c.s.d.m.C.selectLnbSubList - ==> Parameters: CT_LNB_CONTACT(String)
2025-01-13 17:07:11 [http-nio-8080-exec-1] DEBUG c.s.d.m.C.selectLnbSubList - ==> Parameters: CT_LNB_SERVICE(String)
2025-01-13 17:07:11 [http-nio-8080-exec-3] DEBUG c.s.d.m.C.selectLnbSubList - <==      Total: 1
2025-01-13 17:07:11 [http-nio-8080-exec-7] DEBUG c.s.d.m.C.selectLnbSubList - <==      Total: 2
2025-01-13 17:07:11 [http-nio-8080-exec-1] DEBUG c.s.d.m.C.selectLnbSubList - <==      Total: 4
2025-01-13 17:07:11 [http-nio-8080-exec-3] DEBUG org.mybatis.spring.SqlSessionUtils - Closing non transactional SqlSession [org.apache.ibatis.session.defaults.DefaultSqlSession@79fe5f5]
2025-01-13 17:07:11 [http-nio-8080-exec-1] DEBUG org.mybatis.spring.SqlSessionUtils - Closing non transactional SqlSession [org.apache.ibatis.session.defaults.DefaultSqlSession@49f64268]
2025-01-13 17:07:11 [http-nio-8080-exec-7] DEBUG org.mybatis.spring.SqlSessionUtils - Closing non transactional SqlSession [org.apache.ibatis.session.defaults.DefaultSqlSession@6fde38b9]
2025-01-13 17:08:34 [http-nio-8080-exec-9] WARN  o.t.s.p.AbstractStandardFragmentInsertionTagProcessor - [THYMELEAF][http-nio-8080-exec-9][common/layout/layout] Deprecated unwrapped fragment expression "common/fragments/header::header" found in template common/layout/layout, line 33, col 10. Please use the complete syntax of fragment expressions instead ("~{common/fragments/header::header}"). The old, unwrapped syntax for fragment expressions will be removed in future versions of Thymeleaf.
2025-01-13 17:08:34 [http-nio-8080-exec-9] WARN  o.t.s.p.AbstractStandardFragmentInsertionTagProcessor - [THYMELEAF][http-nio-8080-exec-9][common/layout/layout] Deprecated unwrapped fragment expression "common/fragments/footer::footer" found in template common/layout/layout, line 37, col 10. Please use the complete syntax of fragment expressions instead ("~{common/fragments/footer::footer}"). The old, unwrapped syntax for fragment expressions will be removed in future versions of Thymeleaf.
2025-01-13 17:08:34 [http-nio-8080-exec-3] DEBUG org.mybatis.spring.SqlSessionUtils - Creating a new SqlSession
2025-01-13 17:08:34 [http-nio-8080-exec-3] DEBUG org.mybatis.spring.SqlSessionUtils - SqlSession [org.apache.ibatis.session.defaults.DefaultSqlSession@b298a2e] was not registered for synchronization because synchronization is not active
2025-01-13 17:08:34 [http-nio-8080-exec-3] DEBUG o.m.s.t.SpringManagedTransaction - JDBC Connection [HikariProxyConnection@35225549 wrapping com.mysql.cj.jdbc.ConnectionImpl@359f15b8] will not be managed by Spring
2025-01-13 17:08:34 [http-nio-8080-exec-3] DEBUG c.s.d.m.CommonMapper.selectLnbList - ==>  Preparing: SELECT CT_LNB_IDX AS ctLnbIdx, CT_LNB_ID AS ctLnbId, CT_LNB_NAME AS ctLnbName, CT_LNB_SUB_YN AS ctLnbSubYn, CT_LNB_URL AS ctLnbUrl, CT_LNB_USE_YN AS ctLnbUseYn FROM CT_LNB WHERE CT_LNB_USE_YN = 'Y' ORDER BY CT_LNB_IDX
2025-01-13 17:08:34 [http-nio-8080-exec-3] DEBUG c.s.d.m.CommonMapper.selectLnbList - ==> Parameters: 
2025-01-13 17:08:34 [http-nio-8080-exec-3] DEBUG c.s.d.m.CommonMapper.selectLnbList - <==      Total: 4
2025-01-13 17:08:34 [http-nio-8080-exec-3] DEBUG org.mybatis.spring.SqlSessionUtils - Closing non transactional SqlSession [org.apache.ibatis.session.defaults.DefaultSqlSession@b298a2e]
2025-01-13 17:08:34 [http-nio-8080-exec-10] DEBUG org.mybatis.spring.SqlSessionUtils - Creating a new SqlSession
2025-01-13 17:08:34 [http-nio-8080-exec-10] DEBUG org.mybatis.spring.SqlSessionUtils - SqlSession [org.apache.ibatis.session.defaults.DefaultSqlSession@6cc4d833] was not registered for synchronization because synchronization is not active
2025-01-13 17:08:34 [http-nio-8080-exec-10] DEBUG o.m.s.t.SpringManagedTransaction - JDBC Connection [HikariProxyConnection@1172628502 wrapping com.mysql.cj.jdbc.ConnectionImpl@2bb538b2] will not be managed by Spring
2025-01-13 17:08:34 [http-nio-8080-exec-10] DEBUG c.s.d.m.CommonMapper.selectLnbList - ==>  Preparing: SELECT CT_LNB_IDX AS ctLnbIdx, CT_LNB_ID AS ctLnbId, CT_LNB_NAME AS ctLnbName, CT_LNB_SUB_YN AS ctLnbSubYn, CT_LNB_URL AS ctLnbUrl, CT_LNB_USE_YN AS ctLnbUseYn FROM CT_LNB WHERE CT_LNB_USE_YN = 'Y' ORDER BY CT_LNB_IDX
2025-01-13 17:08:34 [http-nio-8080-exec-10] DEBUG c.s.d.m.CommonMapper.selectLnbList - ==> Parameters: 
2025-01-13 17:08:34 [http-nio-8080-exec-10] DEBUG c.s.d.m.CommonMapper.selectLnbList - <==      Total: 4
2025-01-13 17:08:34 [http-nio-8080-exec-10] DEBUG org.mybatis.spring.SqlSessionUtils - Closing non transactional SqlSession [org.apache.ibatis.session.defaults.DefaultSqlSession@6cc4d833]
2025-01-13 17:08:34 [http-nio-8080-exec-1] DEBUG org.mybatis.spring.SqlSessionUtils - Creating a new SqlSession
2025-01-13 17:08:34 [http-nio-8080-exec-8] DEBUG org.mybatis.spring.SqlSessionUtils - Creating a new SqlSession
2025-01-13 17:08:34 [http-nio-8080-exec-6] DEBUG org.mybatis.spring.SqlSessionUtils - Creating a new SqlSession
2025-01-13 17:08:34 [http-nio-8080-exec-1] DEBUG org.mybatis.spring.SqlSessionUtils - SqlSession [org.apache.ibatis.session.defaults.DefaultSqlSession@4801e504] was not registered for synchronization because synchronization is not active
2025-01-13 17:08:34 [http-nio-8080-exec-8] DEBUG org.mybatis.spring.SqlSessionUtils - SqlSession [org.apache.ibatis.session.defaults.DefaultSqlSession@5dc15b7c] was not registered for synchronization because synchronization is not active
2025-01-13 17:08:34 [http-nio-8080-exec-6] DEBUG org.mybatis.spring.SqlSessionUtils - SqlSession [org.apache.ibatis.session.defaults.DefaultSqlSession@36a600a] was not registered for synchronization because synchronization is not active
2025-01-13 17:08:34 [http-nio-8080-exec-8] DEBUG o.m.s.t.SpringManagedTransaction - JDBC Connection [HikariProxyConnection@1875325205 wrapping com.mysql.cj.jdbc.ConnectionImpl@2bb538b2] will not be managed by Spring
2025-01-13 17:08:34 [http-nio-8080-exec-1] DEBUG o.m.s.t.SpringManagedTransaction - JDBC Connection [HikariProxyConnection@1153014075 wrapping com.mysql.cj.jdbc.ConnectionImpl@359f15b8] will not be managed by Spring
2025-01-13 17:08:34 [http-nio-8080-exec-8] DEBUG c.s.d.m.C.selectLnbSubList - ==>  Preparing: SELECT CT_LNB_SUB_IDX AS ctLnbSubIdx, CT_LNB_ID AS ctLnbId, CT_LNB_SUB_ID AS ctLnbSubId, CT_LNB_SUB_NAME AS ctLnbSubName, CT_LNB_SUB_URL AS ctLnbSubUrl FROM CT_LNB_SUB WHERE CT_LNB_ID = ? ORDER BY CT_LNB_SUB_IDX
2025-01-13 17:08:34 [http-nio-8080-exec-1] DEBUG c.s.d.m.C.selectLnbSubList - ==>  Preparing: SELECT CT_LNB_SUB_IDX AS ctLnbSubIdx, CT_LNB_ID AS ctLnbId, CT_LNB_SUB_ID AS ctLnbSubId, CT_LNB_SUB_NAME AS ctLnbSubName, CT_LNB_SUB_URL AS ctLnbSubUrl FROM CT_LNB_SUB WHERE CT_LNB_ID = ? ORDER BY CT_LNB_SUB_IDX
2025-01-13 17:08:34 [http-nio-8080-exec-8] DEBUG c.s.d.m.C.selectLnbSubList - ==> Parameters: CT_LNB_CONTACT(String)
2025-01-13 17:08:34 [http-nio-8080-exec-1] DEBUG c.s.d.m.C.selectLnbSubList - ==> Parameters: CT_LNB_SERVICE(String)
2025-01-13 17:08:34 [http-nio-8080-exec-6] DEBUG o.m.s.t.SpringManagedTransaction - JDBC Connection [HikariProxyConnection@129562974 wrapping com.mysql.cj.jdbc.ConnectionImpl@157cbfb0] will not be managed by Spring
2025-01-13 17:08:34 [http-nio-8080-exec-6] DEBUG c.s.d.m.C.selectLnbSubList - ==>  Preparing: SELECT CT_LNB_SUB_IDX AS ctLnbSubIdx, CT_LNB_ID AS ctLnbId, CT_LNB_SUB_ID AS ctLnbSubId, CT_LNB_SUB_NAME AS ctLnbSubName, CT_LNB_SUB_URL AS ctLnbSubUrl FROM CT_LNB_SUB WHERE CT_LNB_ID = ? ORDER BY CT_LNB_SUB_IDX
2025-01-13 17:08:34 [http-nio-8080-exec-6] DEBUG c.s.d.m.C.selectLnbSubList - ==> Parameters: CT_LNB_COMPANY(String)
2025-01-13 17:08:34 [http-nio-8080-exec-6] DEBUG c.s.d.m.C.selectLnbSubList - <==      Total: 1
2025-01-13 17:08:34 [http-nio-8080-exec-8] DEBUG c.s.d.m.C.selectLnbSubList - <==      Total: 2
2025-01-13 17:08:34 [http-nio-8080-exec-1] DEBUG c.s.d.m.C.selectLnbSubList - <==      Total: 4
2025-01-13 17:08:34 [http-nio-8080-exec-8] DEBUG org.mybatis.spring.SqlSessionUtils - Closing non transactional SqlSession [org.apache.ibatis.session.defaults.DefaultSqlSession@5dc15b7c]
2025-01-13 17:08:34 [http-nio-8080-exec-6] DEBUG org.mybatis.spring.SqlSessionUtils - Closing non transactional SqlSession [org.apache.ibatis.session.defaults.DefaultSqlSession@36a600a]
2025-01-13 17:08:34 [http-nio-8080-exec-1] DEBUG org.mybatis.spring.SqlSessionUtils - Closing non transactional SqlSession [org.apache.ibatis.session.defaults.DefaultSqlSession@4801e504]
2025-01-13 17:08:34 [http-nio-8080-exec-9] DEBUG org.mybatis.spring.SqlSessionUtils - Creating a new SqlSession
2025-01-13 17:08:34 [http-nio-8080-exec-5] DEBUG org.mybatis.spring.SqlSessionUtils - Creating a new SqlSession
2025-01-13 17:08:34 [http-nio-8080-exec-4] DEBUG org.mybatis.spring.SqlSessionUtils - Creating a new SqlSession
2025-01-13 17:08:34 [http-nio-8080-exec-5] DEBUG org.mybatis.spring.SqlSessionUtils - SqlSession [org.apache.ibatis.session.defaults.DefaultSqlSession@2873e910] was not registered for synchronization because synchronization is not active
2025-01-13 17:08:34 [http-nio-8080-exec-4] DEBUG org.mybatis.spring.SqlSessionUtils - SqlSession [org.apache.ibatis.session.defaults.DefaultSqlSession@2c21699e] was not registered for synchronization because synchronization is not active
2025-01-13 17:08:34 [http-nio-8080-exec-9] DEBUG org.mybatis.spring.SqlSessionUtils - SqlSession [org.apache.ibatis.session.defaults.DefaultSqlSession@2f075ade] was not registered for synchronization because synchronization is not active
2025-01-13 17:08:34 [http-nio-8080-exec-5] DEBUG o.m.s.t.SpringManagedTransaction - JDBC Connection [HikariProxyConnection@956990115 wrapping com.mysql.cj.jdbc.ConnectionImpl@2bb538b2] will not be managed by Spring
2025-01-13 17:08:34 [http-nio-8080-exec-4] DEBUG o.m.s.t.SpringManagedTransaction - JDBC Connection [HikariProxyConnection@2098735977 wrapping com.mysql.cj.jdbc.ConnectionImpl@157cbfb0] will not be managed by Spring
2025-01-13 17:08:34 [http-nio-8080-exec-9] DEBUG o.m.s.t.SpringManagedTransaction - JDBC Connection [HikariProxyConnection@1695483585 wrapping com.mysql.cj.jdbc.ConnectionImpl@359f15b8] will not be managed by Spring
2025-01-13 17:08:34 [http-nio-8080-exec-5] DEBUG c.s.d.m.C.selectLnbSubList - ==>  Preparing: SELECT CT_LNB_SUB_IDX AS ctLnbSubIdx, CT_LNB_ID AS ctLnbId, CT_LNB_SUB_ID AS ctLnbSubId, CT_LNB_SUB_NAME AS ctLnbSubName, CT_LNB_SUB_URL AS ctLnbSubUrl FROM CT_LNB_SUB WHERE CT_LNB_ID = ? ORDER BY CT_LNB_SUB_IDX
2025-01-13 17:08:34 [http-nio-8080-exec-4] DEBUG c.s.d.m.C.selectLnbSubList - ==>  Preparing: SELECT CT_LNB_SUB_IDX AS ctLnbSubIdx, CT_LNB_ID AS ctLnbId, CT_LNB_SUB_ID AS ctLnbSubId, CT_LNB_SUB_NAME AS ctLnbSubName, CT_LNB_SUB_URL AS ctLnbSubUrl FROM CT_LNB_SUB WHERE CT_LNB_ID = ? ORDER BY CT_LNB_SUB_IDX
2025-01-13 17:08:34 [http-nio-8080-exec-9] DEBUG c.s.d.m.C.selectLnbSubList - ==>  Preparing: SELECT CT_LNB_SUB_IDX AS ctLnbSubIdx, CT_LNB_ID AS ctLnbId, CT_LNB_SUB_ID AS ctLnbSubId, CT_LNB_SUB_NAME AS ctLnbSubName, CT_LNB_SUB_URL AS ctLnbSubUrl FROM CT_LNB_SUB WHERE CT_LNB_ID = ? ORDER BY CT_LNB_SUB_IDX
2025-01-13 17:08:34 [http-nio-8080-exec-5] DEBUG c.s.d.m.C.selectLnbSubList - ==> Parameters: CT_LNB_SERVICE(String)
2025-01-13 17:08:34 [http-nio-8080-exec-9] DEBUG c.s.d.m.C.selectLnbSubList - ==> Parameters: CT_LNB_CONTACT(String)
2025-01-13 17:08:34 [http-nio-8080-exec-4] DEBUG c.s.d.m.C.selectLnbSubList - ==> Parameters: CT_LNB_COMPANY(String)
2025-01-13 17:08:34 [http-nio-8080-exec-9] DEBUG c.s.d.m.C.selectLnbSubList - <==      Total: 2
2025-01-13 17:08:34 [http-nio-8080-exec-5] DEBUG c.s.d.m.C.selectLnbSubList - <==      Total: 4
2025-01-13 17:08:34 [http-nio-8080-exec-4] DEBUG c.s.d.m.C.selectLnbSubList - <==      Total: 1
2025-01-13 17:08:34 [http-nio-8080-exec-4] DEBUG org.mybatis.spring.SqlSessionUtils - Closing non transactional SqlSession [org.apache.ibatis.session.defaults.DefaultSqlSession@2c21699e]
2025-01-13 17:08:34 [http-nio-8080-exec-5] DEBUG org.mybatis.spring.SqlSessionUtils - Closing non transactional SqlSession [org.apache.ibatis.session.defaults.DefaultSqlSession@2873e910]
2025-01-13 17:08:34 [http-nio-8080-exec-9] DEBUG org.mybatis.spring.SqlSessionUtils - Closing non transactional SqlSession [org.apache.ibatis.session.defaults.DefaultSqlSession@2f075ade]
2025-01-13 17:08:35 [http-nio-8080-exec-7] WARN  o.t.s.p.AbstractStandardFragmentInsertionTagProcessor - [THYMELEAF][http-nio-8080-exec-7][common/layout/layout] Deprecated unwrapped fragment expression "common/fragments/header::header" found in template common/layout/layout, line 33, col 10. Please use the complete syntax of fragment expressions instead ("~{common/fragments/header::header}"). The old, unwrapped syntax for fragment expressions will be removed in future versions of Thymeleaf.
2025-01-13 17:08:35 [http-nio-8080-exec-7] WARN  o.t.s.p.AbstractStandardFragmentInsertionTagProcessor - [THYMELEAF][http-nio-8080-exec-7][common/layout/layout] Deprecated unwrapped fragment expression "common/fragments/footer::footer" found in template common/layout/layout, line 37, col 10. Please use the complete syntax of fragment expressions instead ("~{common/fragments/footer::footer}"). The old, unwrapped syntax for fragment expressions will be removed in future versions of Thymeleaf.
2025-01-13 17:08:35 [http-nio-8080-exec-3] DEBUG org.mybatis.spring.SqlSessionUtils - Creating a new SqlSession
2025-01-13 17:08:35 [http-nio-8080-exec-3] DEBUG org.mybatis.spring.SqlSessionUtils - SqlSession [org.apache.ibatis.session.defaults.DefaultSqlSession@78e3cfc5] was not registered for synchronization because synchronization is not active
2025-01-13 17:08:35 [http-nio-8080-exec-3] DEBUG o.m.s.t.SpringManagedTransaction - JDBC Connection [HikariProxyConnection@827138051 wrapping com.mysql.cj.jdbc.ConnectionImpl@359f15b8] will not be managed by Spring
2025-01-13 17:08:35 [http-nio-8080-exec-3] DEBUG c.s.d.m.CommonMapper.selectLnbList - ==>  Preparing: SELECT CT_LNB_IDX AS ctLnbIdx, CT_LNB_ID AS ctLnbId, CT_LNB_NAME AS ctLnbName, CT_LNB_SUB_YN AS ctLnbSubYn, CT_LNB_URL AS ctLnbUrl, CT_LNB_USE_YN AS ctLnbUseYn FROM CT_LNB WHERE CT_LNB_USE_YN = 'Y' ORDER BY CT_LNB_IDX
2025-01-13 17:08:35 [http-nio-8080-exec-3] DEBUG c.s.d.m.CommonMapper.selectLnbList - ==> Parameters: 
2025-01-13 17:08:35 [http-nio-8080-exec-3] DEBUG c.s.d.m.CommonMapper.selectLnbList - <==      Total: 4
2025-01-13 17:08:35 [http-nio-8080-exec-3] DEBUG org.mybatis.spring.SqlSessionUtils - Closing non transactional SqlSession [org.apache.ibatis.session.defaults.DefaultSqlSession@78e3cfc5]
2025-01-13 17:08:35 [http-nio-8080-exec-2] DEBUG org.mybatis.spring.SqlSessionUtils - Creating a new SqlSession
2025-01-13 17:08:35 [http-nio-8080-exec-2] DEBUG org.mybatis.spring.SqlSessionUtils - SqlSession [org.apache.ibatis.session.defaults.DefaultSqlSession@278826ed] was not registered for synchronization because synchronization is not active
2025-01-13 17:08:35 [http-nio-8080-exec-2] DEBUG o.m.s.t.SpringManagedTransaction - JDBC Connection [HikariProxyConnection@1143541581 wrapping com.mysql.cj.jdbc.ConnectionImpl@2bb538b2] will not be managed by Spring
2025-01-13 17:08:35 [http-nio-8080-exec-2] DEBUG c.s.d.m.CommonMapper.selectLnbList - ==>  Preparing: SELECT CT_LNB_IDX AS ctLnbIdx, CT_LNB_ID AS ctLnbId, CT_LNB_NAME AS ctLnbName, CT_LNB_SUB_YN AS ctLnbSubYn, CT_LNB_URL AS ctLnbUrl, CT_LNB_USE_YN AS ctLnbUseYn FROM CT_LNB WHERE CT_LNB_USE_YN = 'Y' ORDER BY CT_LNB_IDX
2025-01-13 17:08:35 [http-nio-8080-exec-2] DEBUG c.s.d.m.CommonMapper.selectLnbList - ==> Parameters: 
2025-01-13 17:08:35 [http-nio-8080-exec-2] DEBUG c.s.d.m.CommonMapper.selectLnbList - <==      Total: 4
2025-01-13 17:08:35 [http-nio-8080-exec-2] DEBUG org.mybatis.spring.SqlSessionUtils - Closing non transactional SqlSession [org.apache.ibatis.session.defaults.DefaultSqlSession@278826ed]
2025-01-13 17:08:35 [http-nio-8080-exec-1] DEBUG org.mybatis.spring.SqlSessionUtils - Creating a new SqlSession
2025-01-13 17:08:35 [http-nio-8080-exec-8] DEBUG org.mybatis.spring.SqlSessionUtils - Creating a new SqlSession
2025-01-13 17:08:35 [http-nio-8080-exec-1] DEBUG org.mybatis.spring.SqlSessionUtils - SqlSession [org.apache.ibatis.session.defaults.DefaultSqlSession@5dec98ec] was not registered for synchronization because synchronization is not active
2025-01-13 17:08:35 [http-nio-8080-exec-8] DEBUG org.mybatis.spring.SqlSessionUtils - SqlSession [org.apache.ibatis.session.defaults.DefaultSqlSession@18e1b53a] was not registered for synchronization because synchronization is not active
2025-01-13 17:08:35 [http-nio-8080-exec-8] DEBUG o.m.s.t.SpringManagedTransaction - JDBC Connection [HikariProxyConnection@1316516010 wrapping com.mysql.cj.jdbc.ConnectionImpl@2bb538b2] will not be managed by Spring
2025-01-13 17:08:35 [http-nio-8080-exec-1] DEBUG o.m.s.t.SpringManagedTransaction - JDBC Connection [HikariProxyConnection@1435808299 wrapping com.mysql.cj.jdbc.ConnectionImpl@359f15b8] will not be managed by Spring
2025-01-13 17:08:35 [http-nio-8080-exec-10] DEBUG org.mybatis.spring.SqlSessionUtils - Creating a new SqlSession
2025-01-13 17:08:35 [http-nio-8080-exec-1] DEBUG c.s.d.m.C.selectLnbSubList - ==>  Preparing: SELECT CT_LNB_SUB_IDX AS ctLnbSubIdx, CT_LNB_ID AS ctLnbId, CT_LNB_SUB_ID AS ctLnbSubId, CT_LNB_SUB_NAME AS ctLnbSubName, CT_LNB_SUB_URL AS ctLnbSubUrl FROM CT_LNB_SUB WHERE CT_LNB_ID = ? ORDER BY CT_LNB_SUB_IDX
2025-01-13 17:08:35 [http-nio-8080-exec-10] DEBUG org.mybatis.spring.SqlSessionUtils - SqlSession [org.apache.ibatis.session.defaults.DefaultSqlSession@1f133573] was not registered for synchronization because synchronization is not active
2025-01-13 17:08:35 [http-nio-8080-exec-8] DEBUG c.s.d.m.C.selectLnbSubList - ==>  Preparing: SELECT CT_LNB_SUB_IDX AS ctLnbSubIdx, CT_LNB_ID AS ctLnbId, CT_LNB_SUB_ID AS ctLnbSubId, CT_LNB_SUB_NAME AS ctLnbSubName, CT_LNB_SUB_URL AS ctLnbSubUrl FROM CT_LNB_SUB WHERE CT_LNB_ID = ? ORDER BY CT_LNB_SUB_IDX
2025-01-13 17:08:35 [http-nio-8080-exec-8] DEBUG c.s.d.m.C.selectLnbSubList - ==> Parameters: CT_LNB_SERVICE(String)
2025-01-13 17:08:35 [http-nio-8080-exec-1] DEBUG c.s.d.m.C.selectLnbSubList - ==> Parameters: CT_LNB_COMPANY(String)
2025-01-13 17:08:35 [http-nio-8080-exec-10] DEBUG o.m.s.t.SpringManagedTransaction - JDBC Connection [HikariProxyConnection@2100672211 wrapping com.mysql.cj.jdbc.ConnectionImpl@157cbfb0] will not be managed by Spring
2025-01-13 17:08:35 [http-nio-8080-exec-10] DEBUG c.s.d.m.C.selectLnbSubList - ==>  Preparing: SELECT CT_LNB_SUB_IDX AS ctLnbSubIdx, CT_LNB_ID AS ctLnbId, CT_LNB_SUB_ID AS ctLnbSubId, CT_LNB_SUB_NAME AS ctLnbSubName, CT_LNB_SUB_URL AS ctLnbSubUrl FROM CT_LNB_SUB WHERE CT_LNB_ID = ? ORDER BY CT_LNB_SUB_IDX
2025-01-13 17:08:35 [http-nio-8080-exec-10] DEBUG c.s.d.m.C.selectLnbSubList - ==> Parameters: CT_LNB_CONTACT(String)
2025-01-13 17:08:35 [http-nio-8080-exec-1] DEBUG c.s.d.m.C.selectLnbSubList - <==      Total: 1
2025-01-13 17:08:35 [http-nio-8080-exec-8] DEBUG c.s.d.m.C.selectLnbSubList - <==      Total: 4
2025-01-13 17:08:35 [http-nio-8080-exec-1] DEBUG org.mybatis.spring.SqlSessionUtils - Closing non transactional SqlSession [org.apache.ibatis.session.defaults.DefaultSqlSession@5dec98ec]
2025-01-13 17:08:35 [http-nio-8080-exec-8] DEBUG org.mybatis.spring.SqlSessionUtils - Closing non transactional SqlSession [org.apache.ibatis.session.defaults.DefaultSqlSession@18e1b53a]
2025-01-13 17:08:35 [http-nio-8080-exec-10] DEBUG c.s.d.m.C.selectLnbSubList - <==      Total: 2
2025-01-13 17:08:35 [http-nio-8080-exec-10] DEBUG org.mybatis.spring.SqlSessionUtils - Closing non transactional SqlSession [org.apache.ibatis.session.defaults.DefaultSqlSession@1f133573]
2025-01-13 17:08:35 [http-nio-8080-exec-6] DEBUG org.mybatis.spring.SqlSessionUtils - Creating a new SqlSession
2025-01-13 17:08:35 [http-nio-8080-exec-5] DEBUG org.mybatis.spring.SqlSessionUtils - Creating a new SqlSession
2025-01-13 17:08:35 [http-nio-8080-exec-9] DEBUG org.mybatis.spring.SqlSessionUtils - Creating a new SqlSession
2025-01-13 17:08:35 [http-nio-8080-exec-6] DEBUG org.mybatis.spring.SqlSessionUtils - SqlSession [org.apache.ibatis.session.defaults.DefaultSqlSession@3180ced1] was not registered for synchronization because synchronization is not active
2025-01-13 17:08:35 [http-nio-8080-exec-5] DEBUG org.mybatis.spring.SqlSessionUtils - SqlSession [org.apache.ibatis.session.defaults.DefaultSqlSession@21e96705] was not registered for synchronization because synchronization is not active
2025-01-13 17:08:35 [http-nio-8080-exec-9] DEBUG org.mybatis.spring.SqlSessionUtils - SqlSession [org.apache.ibatis.session.defaults.DefaultSqlSession@2600c41] was not registered for synchronization because synchronization is not active
2025-01-13 17:08:35 [http-nio-8080-exec-6] DEBUG o.m.s.t.SpringManagedTransaction - JDBC Connection [HikariProxyConnection@1907532726 wrapping com.mysql.cj.jdbc.ConnectionImpl@157cbfb0] will not be managed by Spring
2025-01-13 17:08:35 [http-nio-8080-exec-9] DEBUG o.m.s.t.SpringManagedTransaction - JDBC Connection [HikariProxyConnection@532949954 wrapping com.mysql.cj.jdbc.ConnectionImpl@359f15b8] will not be managed by Spring
2025-01-13 17:08:35 [http-nio-8080-exec-5] DEBUG o.m.s.t.SpringManagedTransaction - JDBC Connection [HikariProxyConnection@1285289473 wrapping com.mysql.cj.jdbc.ConnectionImpl@2bb538b2] will not be managed by Spring
2025-01-13 17:08:35 [http-nio-8080-exec-9] DEBUG c.s.d.m.C.selectLnbSubList - ==>  Preparing: SELECT CT_LNB_SUB_IDX AS ctLnbSubIdx, CT_LNB_ID AS ctLnbId, CT_LNB_SUB_ID AS ctLnbSubId, CT_LNB_SUB_NAME AS ctLnbSubName, CT_LNB_SUB_URL AS ctLnbSubUrl FROM CT_LNB_SUB WHERE CT_LNB_ID = ? ORDER BY CT_LNB_SUB_IDX
2025-01-13 17:08:35 [http-nio-8080-exec-6] DEBUG c.s.d.m.C.selectLnbSubList - ==>  Preparing: SELECT CT_LNB_SUB_IDX AS ctLnbSubIdx, CT_LNB_ID AS ctLnbId, CT_LNB_SUB_ID AS ctLnbSubId, CT_LNB_SUB_NAME AS ctLnbSubName, CT_LNB_SUB_URL AS ctLnbSubUrl FROM CT_LNB_SUB WHERE CT_LNB_ID = ? ORDER BY CT_LNB_SUB_IDX
2025-01-13 17:08:35 [http-nio-8080-exec-5] DEBUG c.s.d.m.C.selectLnbSubList - ==>  Preparing: SELECT CT_LNB_SUB_IDX AS ctLnbSubIdx, CT_LNB_ID AS ctLnbId, CT_LNB_SUB_ID AS ctLnbSubId, CT_LNB_SUB_NAME AS ctLnbSubName, CT_LNB_SUB_URL AS ctLnbSubUrl FROM CT_LNB_SUB WHERE CT_LNB_ID = ? ORDER BY CT_LNB_SUB_IDX
2025-01-13 17:08:35 [http-nio-8080-exec-5] DEBUG c.s.d.m.C.selectLnbSubList - ==> Parameters: CT_LNB_SERVICE(String)
2025-01-13 17:08:35 [http-nio-8080-exec-6] DEBUG c.s.d.m.C.selectLnbSubList - ==> Parameters: CT_LNB_COMPANY(String)
2025-01-13 17:08:35 [http-nio-8080-exec-9] DEBUG c.s.d.m.C.selectLnbSubList - ==> Parameters: CT_LNB_CONTACT(String)
2025-01-13 17:08:35 [http-nio-8080-exec-6] DEBUG c.s.d.m.C.selectLnbSubList - <==      Total: 1
2025-01-13 17:08:35 [http-nio-8080-exec-9] DEBUG c.s.d.m.C.selectLnbSubList - <==      Total: 2
2025-01-13 17:08:35 [http-nio-8080-exec-5] DEBUG c.s.d.m.C.selectLnbSubList - <==      Total: 4
2025-01-13 17:08:35 [http-nio-8080-exec-6] DEBUG org.mybatis.spring.SqlSessionUtils - Closing non transactional SqlSession [org.apache.ibatis.session.defaults.DefaultSqlSession@3180ced1]
2025-01-13 17:08:35 [http-nio-8080-exec-9] DEBUG org.mybatis.spring.SqlSessionUtils - Closing non transactional SqlSession [org.apache.ibatis.session.defaults.DefaultSqlSession@2600c41]
2025-01-13 17:08:35 [http-nio-8080-exec-5] DEBUG org.mybatis.spring.SqlSessionUtils - Closing non transactional SqlSession [org.apache.ibatis.session.defaults.DefaultSqlSession@21e96705]
2025-01-13 17:08:35 [http-nio-8080-exec-7] WARN  o.t.s.p.AbstractStandardFragmentInsertionTagProcessor - [THYMELEAF][http-nio-8080-exec-7][common/layout/layout] Deprecated unwrapped fragment expression "common/fragments/header::header" found in template common/layout/layout, line 33, col 10. Please use the complete syntax of fragment expressions instead ("~{common/fragments/header::header}"). The old, unwrapped syntax for fragment expressions will be removed in future versions of Thymeleaf.
2025-01-13 17:08:35 [http-nio-8080-exec-7] WARN  o.t.s.p.AbstractStandardFragmentInsertionTagProcessor - [THYMELEAF][http-nio-8080-exec-7][common/layout/layout] Deprecated unwrapped fragment expression "common/fragments/footer::footer" found in template common/layout/layout, line 37, col 10. Please use the complete syntax of fragment expressions instead ("~{common/fragments/footer::footer}"). The old, unwrapped syntax for fragment expressions will be removed in future versions of Thymeleaf.
2025-01-13 17:08:35 [http-nio-8080-exec-1] DEBUG org.mybatis.spring.SqlSessionUtils - Creating a new SqlSession
2025-01-13 17:08:35 [http-nio-8080-exec-1] DEBUG org.mybatis.spring.SqlSessionUtils - SqlSession [org.apache.ibatis.session.defaults.DefaultSqlSession@5d5f145] was not registered for synchronization because synchronization is not active
2025-01-13 17:08:35 [http-nio-8080-exec-1] DEBUG o.m.s.t.SpringManagedTransaction - JDBC Connection [HikariProxyConnection@1973427774 wrapping com.mysql.cj.jdbc.ConnectionImpl@359f15b8] will not be managed by Spring
2025-01-13 17:08:35 [http-nio-8080-exec-1] DEBUG c.s.d.m.CommonMapper.selectLnbList - ==>  Preparing: SELECT CT_LNB_IDX AS ctLnbIdx, CT_LNB_ID AS ctLnbId, CT_LNB_NAME AS ctLnbName, CT_LNB_SUB_YN AS ctLnbSubYn, CT_LNB_URL AS ctLnbUrl, CT_LNB_USE_YN AS ctLnbUseYn FROM CT_LNB WHERE CT_LNB_USE_YN = 'Y' ORDER BY CT_LNB_IDX
2025-01-13 17:08:35 [http-nio-8080-exec-1] DEBUG c.s.d.m.CommonMapper.selectLnbList - ==> Parameters: 
2025-01-13 17:08:35 [http-nio-8080-exec-1] DEBUG c.s.d.m.CommonMapper.selectLnbList - <==      Total: 4
2025-01-13 17:08:35 [http-nio-8080-exec-1] DEBUG org.mybatis.spring.SqlSessionUtils - Closing non transactional SqlSession [org.apache.ibatis.session.defaults.DefaultSqlSession@5d5f145]
2025-01-13 17:08:35 [http-nio-8080-exec-9] DEBUG org.mybatis.spring.SqlSessionUtils - Creating a new SqlSession
2025-01-13 17:08:35 [http-nio-8080-exec-9] DEBUG org.mybatis.spring.SqlSessionUtils - SqlSession [org.apache.ibatis.session.defaults.DefaultSqlSession@3817c8e2] was not registered for synchronization because synchronization is not active
2025-01-13 17:08:35 [http-nio-8080-exec-9] DEBUG o.m.s.t.SpringManagedTransaction - JDBC Connection [HikariProxyConnection@112426521 wrapping com.mysql.cj.jdbc.ConnectionImpl@359f15b8] will not be managed by Spring
2025-01-13 17:08:35 [http-nio-8080-exec-9] DEBUG c.s.d.m.CommonMapper.selectLnbList - ==>  Preparing: SELECT CT_LNB_IDX AS ctLnbIdx, CT_LNB_ID AS ctLnbId, CT_LNB_NAME AS ctLnbName, CT_LNB_SUB_YN AS ctLnbSubYn, CT_LNB_URL AS ctLnbUrl, CT_LNB_USE_YN AS ctLnbUseYn FROM CT_LNB WHERE CT_LNB_USE_YN = 'Y' ORDER BY CT_LNB_IDX
2025-01-13 17:08:35 [http-nio-8080-exec-9] DEBUG c.s.d.m.CommonMapper.selectLnbList - ==> Parameters: 
2025-01-13 17:08:35 [http-nio-8080-exec-9] DEBUG c.s.d.m.CommonMapper.selectLnbList - <==      Total: 4
2025-01-13 17:08:35 [http-nio-8080-exec-9] DEBUG org.mybatis.spring.SqlSessionUtils - Closing non transactional SqlSession [org.apache.ibatis.session.defaults.DefaultSqlSession@3817c8e2]
2025-01-13 17:08:35 [http-nio-8080-exec-7] DEBUG org.mybatis.spring.SqlSessionUtils - Creating a new SqlSession
2025-01-13 17:08:35 [http-nio-8080-exec-8] DEBUG org.mybatis.spring.SqlSessionUtils - Creating a new SqlSession
2025-01-13 17:08:35 [http-nio-8080-exec-2] DEBUG org.mybatis.spring.SqlSessionUtils - Creating a new SqlSession
2025-01-13 17:08:35 [http-nio-8080-exec-7] DEBUG org.mybatis.spring.SqlSessionUtils - SqlSession [org.apache.ibatis.session.defaults.DefaultSqlSession@74b9586e] was not registered for synchronization because synchronization is not active
2025-01-13 17:08:35 [http-nio-8080-exec-8] DEBUG org.mybatis.spring.SqlSessionUtils - SqlSession [org.apache.ibatis.session.defaults.DefaultSqlSession@2ab06d6d] was not registered for synchronization because synchronization is not active
2025-01-13 17:08:35 [http-nio-8080-exec-2] DEBUG org.mybatis.spring.SqlSessionUtils - SqlSession [org.apache.ibatis.session.defaults.DefaultSqlSession@521e825d] was not registered for synchronization because synchronization is not active
2025-01-13 17:08:35 [http-nio-8080-exec-8] DEBUG o.m.s.t.SpringManagedTransaction - JDBC Connection [HikariProxyConnection@1509889786 wrapping com.mysql.cj.jdbc.ConnectionImpl@359f15b8] will not be managed by Spring
2025-01-13 17:08:35 [http-nio-8080-exec-8] DEBUG c.s.d.m.C.selectLnbSubList - ==>  Preparing: SELECT CT_LNB_SUB_IDX AS ctLnbSubIdx, CT_LNB_ID AS ctLnbId, CT_LNB_SUB_ID AS ctLnbSubId, CT_LNB_SUB_NAME AS ctLnbSubName, CT_LNB_SUB_URL AS ctLnbSubUrl FROM CT_LNB_SUB WHERE CT_LNB_ID = ? ORDER BY CT_LNB_SUB_IDX
2025-01-13 17:08:35 [http-nio-8080-exec-7] DEBUG o.m.s.t.SpringManagedTransaction - JDBC Connection [HikariProxyConnection@1840821317 wrapping com.mysql.cj.jdbc.ConnectionImpl@157cbfb0] will not be managed by Spring
2025-01-13 17:08:35 [http-nio-8080-exec-2] DEBUG o.m.s.t.SpringManagedTransaction - JDBC Connection [HikariProxyConnection@2145412012 wrapping com.mysql.cj.jdbc.ConnectionImpl@2bb538b2] will not be managed by Spring
2025-01-13 17:08:35 [http-nio-8080-exec-7] DEBUG c.s.d.m.C.selectLnbSubList - ==>  Preparing: SELECT CT_LNB_SUB_IDX AS ctLnbSubIdx, CT_LNB_ID AS ctLnbId, CT_LNB_SUB_ID AS ctLnbSubId, CT_LNB_SUB_NAME AS ctLnbSubName, CT_LNB_SUB_URL AS ctLnbSubUrl FROM CT_LNB_SUB WHERE CT_LNB_ID = ? ORDER BY CT_LNB_SUB_IDX
2025-01-13 17:08:35 [http-nio-8080-exec-2] DEBUG c.s.d.m.C.selectLnbSubList - ==>  Preparing: SELECT CT_LNB_SUB_IDX AS ctLnbSubIdx, CT_LNB_ID AS ctLnbId, CT_LNB_SUB_ID AS ctLnbSubId, CT_LNB_SUB_NAME AS ctLnbSubName, CT_LNB_SUB_URL AS ctLnbSubUrl FROM CT_LNB_SUB WHERE CT_LNB_ID = ? ORDER BY CT_LNB_SUB_IDX
2025-01-13 17:08:35 [http-nio-8080-exec-8] DEBUG c.s.d.m.C.selectLnbSubList - ==> Parameters: CT_LNB_SERVICE(String)
2025-01-13 17:08:35 [http-nio-8080-exec-7] DEBUG c.s.d.m.C.selectLnbSubList - ==> Parameters: CT_LNB_CONTACT(String)
2025-01-13 17:08:35 [http-nio-8080-exec-2] DEBUG c.s.d.m.C.selectLnbSubList - ==> Parameters: CT_LNB_COMPANY(String)
2025-01-13 17:08:35 [http-nio-8080-exec-2] DEBUG c.s.d.m.C.selectLnbSubList - <==      Total: 1
2025-01-13 17:08:35 [http-nio-8080-exec-7] DEBUG c.s.d.m.C.selectLnbSubList - <==      Total: 2
2025-01-13 17:08:35 [http-nio-8080-exec-8] DEBUG c.s.d.m.C.selectLnbSubList - <==      Total: 4
2025-01-13 17:08:35 [http-nio-8080-exec-7] DEBUG org.mybatis.spring.SqlSessionUtils - Closing non transactional SqlSession [org.apache.ibatis.session.defaults.DefaultSqlSession@74b9586e]
2025-01-13 17:08:35 [http-nio-8080-exec-2] DEBUG org.mybatis.spring.SqlSessionUtils - Closing non transactional SqlSession [org.apache.ibatis.session.defaults.DefaultSqlSession@521e825d]
2025-01-13 17:08:35 [http-nio-8080-exec-8] DEBUG org.mybatis.spring.SqlSessionUtils - Closing non transactional SqlSession [org.apache.ibatis.session.defaults.DefaultSqlSession@2ab06d6d]
2025-01-13 17:08:35 [http-nio-8080-exec-3] DEBUG org.mybatis.spring.SqlSessionUtils - Creating a new SqlSession
2025-01-13 17:08:35 [http-nio-8080-exec-4] DEBUG org.mybatis.spring.SqlSessionUtils - Creating a new SqlSession
2025-01-13 17:08:35 [http-nio-8080-exec-1] DEBUG org.mybatis.spring.SqlSessionUtils - Creating a new SqlSession
2025-01-13 17:08:35 [http-nio-8080-exec-4] DEBUG org.mybatis.spring.SqlSessionUtils - SqlSession [org.apache.ibatis.session.defaults.DefaultSqlSession@4e26294e] was not registered for synchronization because synchronization is not active
2025-01-13 17:08:35 [http-nio-8080-exec-3] DEBUG org.mybatis.spring.SqlSessionUtils - SqlSession [org.apache.ibatis.session.defaults.DefaultSqlSession@43c495de] was not registered for synchronization because synchronization is not active
2025-01-13 17:08:35 [http-nio-8080-exec-1] DEBUG org.mybatis.spring.SqlSessionUtils - SqlSession [org.apache.ibatis.session.defaults.DefaultSqlSession@7d1a6d08] was not registered for synchronization because synchronization is not active
2025-01-13 17:08:35 [http-nio-8080-exec-3] DEBUG o.m.s.t.SpringManagedTransaction - JDBC Connection [HikariProxyConnection@123979242 wrapping com.mysql.cj.jdbc.ConnectionImpl@359f15b8] will not be managed by Spring
2025-01-13 17:08:35 [http-nio-8080-exec-1] DEBUG o.m.s.t.SpringManagedTransaction - JDBC Connection [HikariProxyConnection@1475339319 wrapping com.mysql.cj.jdbc.ConnectionImpl@2bb538b2] will not be managed by Spring
2025-01-13 17:08:35 [http-nio-8080-exec-4] DEBUG o.m.s.t.SpringManagedTransaction - JDBC Connection [HikariProxyConnection@1432786551 wrapping com.mysql.cj.jdbc.ConnectionImpl@157cbfb0] will not be managed by Spring
2025-01-13 17:08:35 [http-nio-8080-exec-1] DEBUG c.s.d.m.C.selectLnbSubList - ==>  Preparing: SELECT CT_LNB_SUB_IDX AS ctLnbSubIdx, CT_LNB_ID AS ctLnbId, CT_LNB_SUB_ID AS ctLnbSubId, CT_LNB_SUB_NAME AS ctLnbSubName, CT_LNB_SUB_URL AS ctLnbSubUrl FROM CT_LNB_SUB WHERE CT_LNB_ID = ? ORDER BY CT_LNB_SUB_IDX
2025-01-13 17:08:35 [http-nio-8080-exec-3] DEBUG c.s.d.m.C.selectLnbSubList - ==>  Preparing: SELECT CT_LNB_SUB_IDX AS ctLnbSubIdx, CT_LNB_ID AS ctLnbId, CT_LNB_SUB_ID AS ctLnbSubId, CT_LNB_SUB_NAME AS ctLnbSubName, CT_LNB_SUB_URL AS ctLnbSubUrl FROM CT_LNB_SUB WHERE CT_LNB_ID = ? ORDER BY CT_LNB_SUB_IDX
2025-01-13 17:08:35 [http-nio-8080-exec-4] DEBUG c.s.d.m.C.selectLnbSubList - ==>  Preparing: SELECT CT_LNB_SUB_IDX AS ctLnbSubIdx, CT_LNB_ID AS ctLnbId, CT_LNB_SUB_ID AS ctLnbSubId, CT_LNB_SUB_NAME AS ctLnbSubName, CT_LNB_SUB_URL AS ctLnbSubUrl FROM CT_LNB_SUB WHERE CT_LNB_ID = ? ORDER BY CT_LNB_SUB_IDX
2025-01-13 17:08:35 [http-nio-8080-exec-4] DEBUG c.s.d.m.C.selectLnbSubList - ==> Parameters: CT_LNB_SERVICE(String)
2025-01-13 17:08:35 [http-nio-8080-exec-3] DEBUG c.s.d.m.C.selectLnbSubList - ==> Parameters: CT_LNB_CONTACT(String)
2025-01-13 17:08:35 [http-nio-8080-exec-1] DEBUG c.s.d.m.C.selectLnbSubList - ==> Parameters: CT_LNB_COMPANY(String)
2025-01-13 17:08:35 [http-nio-8080-exec-1] DEBUG c.s.d.m.C.selectLnbSubList - <==      Total: 1
2025-01-13 17:08:35 [http-nio-8080-exec-3] DEBUG c.s.d.m.C.selectLnbSubList - <==      Total: 2
2025-01-13 17:08:35 [http-nio-8080-exec-4] DEBUG c.s.d.m.C.selectLnbSubList - <==      Total: 4
2025-01-13 17:08:35 [http-nio-8080-exec-3] DEBUG org.mybatis.spring.SqlSessionUtils - Closing non transactional SqlSession [org.apache.ibatis.session.defaults.DefaultSqlSession@43c495de]
2025-01-13 17:08:35 [http-nio-8080-exec-1] DEBUG org.mybatis.spring.SqlSessionUtils - Closing non transactional SqlSession [org.apache.ibatis.session.defaults.DefaultSqlSession@7d1a6d08]
2025-01-13 17:08:35 [http-nio-8080-exec-4] DEBUG org.mybatis.spring.SqlSessionUtils - Closing non transactional SqlSession [org.apache.ibatis.session.defaults.DefaultSqlSession@4e26294e]
2025-01-13 17:08:43 [http-nio-8080-exec-6] WARN  o.t.s.p.AbstractStandardFragmentInsertionTagProcessor - [THYMELEAF][http-nio-8080-exec-6][common/layout/layout] Deprecated unwrapped fragment expression "common/fragments/header::header" found in template common/layout/layout, line 33, col 10. Please use the complete syntax of fragment expressions instead ("~{common/fragments/header::header}"). The old, unwrapped syntax for fragment expressions will be removed in future versions of Thymeleaf.
2025-01-13 17:08:43 [http-nio-8080-exec-6] WARN  o.t.s.p.AbstractStandardFragmentInsertionTagProcessor - [THYMELEAF][http-nio-8080-exec-6][common/layout/layout] Deprecated unwrapped fragment expression "common/fragments/footer::footer" found in template common/layout/layout, line 37, col 10. Please use the complete syntax of fragment expressions instead ("~{common/fragments/footer::footer}"). The old, unwrapped syntax for fragment expressions will be removed in future versions of Thymeleaf.
2025-01-13 17:08:43 [http-nio-8080-exec-8] DEBUG org.mybatis.spring.SqlSessionUtils - Creating a new SqlSession
2025-01-13 17:08:43 [http-nio-8080-exec-8] DEBUG org.mybatis.spring.SqlSessionUtils - SqlSession [org.apache.ibatis.session.defaults.DefaultSqlSession@728fce92] was not registered for synchronization because synchronization is not active
2025-01-13 17:08:43 [http-nio-8080-exec-8] DEBUG o.m.s.t.SpringManagedTransaction - JDBC Connection [HikariProxyConnection@1407606527 wrapping com.mysql.cj.jdbc.ConnectionImpl@359f15b8] will not be managed by Spring
2025-01-13 17:08:43 [http-nio-8080-exec-8] DEBUG c.s.d.m.CommonMapper.selectLnbList - ==>  Preparing: SELECT CT_LNB_IDX AS ctLnbIdx, CT_LNB_ID AS ctLnbId, CT_LNB_NAME AS ctLnbName, CT_LNB_SUB_YN AS ctLnbSubYn, CT_LNB_URL AS ctLnbUrl, CT_LNB_USE_YN AS ctLnbUseYn FROM CT_LNB WHERE CT_LNB_USE_YN = 'Y' ORDER BY CT_LNB_IDX
2025-01-13 17:08:43 [http-nio-8080-exec-8] DEBUG c.s.d.m.CommonMapper.selectLnbList - ==> Parameters: 
2025-01-13 17:08:43 [http-nio-8080-exec-8] DEBUG c.s.d.m.CommonMapper.selectLnbList - <==      Total: 4
2025-01-13 17:08:43 [http-nio-8080-exec-8] DEBUG org.mybatis.spring.SqlSessionUtils - Closing non transactional SqlSession [org.apache.ibatis.session.defaults.DefaultSqlSession@728fce92]
2025-01-13 17:08:43 [http-nio-8080-exec-3] DEBUG org.mybatis.spring.SqlSessionUtils - Creating a new SqlSession
2025-01-13 17:08:43 [http-nio-8080-exec-3] DEBUG org.mybatis.spring.SqlSessionUtils - SqlSession [org.apache.ibatis.session.defaults.DefaultSqlSession@6a61df38] was not registered for synchronization because synchronization is not active
2025-01-13 17:08:43 [http-nio-8080-exec-3] DEBUG o.m.s.t.SpringManagedTransaction - JDBC Connection [HikariProxyConnection@508354968 wrapping com.mysql.cj.jdbc.ConnectionImpl@359f15b8] will not be managed by Spring
2025-01-13 17:08:43 [http-nio-8080-exec-3] DEBUG c.s.d.m.CommonMapper.selectLnbList - ==>  Preparing: SELECT CT_LNB_IDX AS ctLnbIdx, CT_LNB_ID AS ctLnbId, CT_LNB_NAME AS ctLnbName, CT_LNB_SUB_YN AS ctLnbSubYn, CT_LNB_URL AS ctLnbUrl, CT_LNB_USE_YN AS ctLnbUseYn FROM CT_LNB WHERE CT_LNB_USE_YN = 'Y' ORDER BY CT_LNB_IDX
2025-01-13 17:08:43 [http-nio-8080-exec-3] DEBUG c.s.d.m.CommonMapper.selectLnbList - ==> Parameters: 
2025-01-13 17:08:43 [http-nio-8080-exec-3] DEBUG c.s.d.m.CommonMapper.selectLnbList - <==      Total: 4
2025-01-13 17:08:43 [http-nio-8080-exec-3] DEBUG org.mybatis.spring.SqlSessionUtils - Closing non transactional SqlSession [org.apache.ibatis.session.defaults.DefaultSqlSession@6a61df38]
2025-01-13 17:08:43 [http-nio-8080-exec-2] DEBUG org.mybatis.spring.SqlSessionUtils - Creating a new SqlSession
2025-01-13 17:08:43 [http-nio-8080-exec-2] DEBUG org.mybatis.spring.SqlSessionUtils - SqlSession [org.apache.ibatis.session.defaults.DefaultSqlSession@708f1ade] was not registered for synchronization because synchronization is not active
2025-01-13 17:08:43 [http-nio-8080-exec-1] DEBUG org.mybatis.spring.SqlSessionUtils - Creating a new SqlSession
2025-01-13 17:08:43 [http-nio-8080-exec-4] DEBUG org.mybatis.spring.SqlSessionUtils - Creating a new SqlSession
2025-01-13 17:08:43 [http-nio-8080-exec-1] DEBUG org.mybatis.spring.SqlSessionUtils - SqlSession [org.apache.ibatis.session.defaults.DefaultSqlSession@471b260a] was not registered for synchronization because synchronization is not active
2025-01-13 17:08:43 [http-nio-8080-exec-4] DEBUG org.mybatis.spring.SqlSessionUtils - SqlSession [org.apache.ibatis.session.defaults.DefaultSqlSession@6f6878fd] was not registered for synchronization because synchronization is not active
2025-01-13 17:08:43 [http-nio-8080-exec-1] DEBUG o.m.s.t.SpringManagedTransaction - JDBC Connection [HikariProxyConnection@1870511234 wrapping com.mysql.cj.jdbc.ConnectionImpl@359f15b8] will not be managed by Spring
2025-01-13 17:08:43 [http-nio-8080-exec-1] DEBUG c.s.d.m.C.selectLnbSubList - ==>  Preparing: SELECT CT_LNB_SUB_IDX AS ctLnbSubIdx, CT_LNB_ID AS ctLnbId, CT_LNB_SUB_ID AS ctLnbSubId, CT_LNB_SUB_NAME AS ctLnbSubName, CT_LNB_SUB_URL AS ctLnbSubUrl FROM CT_LNB_SUB WHERE CT_LNB_ID = ? ORDER BY CT_LNB_SUB_IDX
2025-01-13 17:08:43 [http-nio-8080-exec-2] DEBUG o.m.s.t.SpringManagedTransaction - JDBC Connection [HikariProxyConnection@210696800 wrapping com.mysql.cj.jdbc.ConnectionImpl@2bb538b2] will not be managed by Spring
2025-01-13 17:08:43 [http-nio-8080-exec-2] DEBUG c.s.d.m.C.selectLnbSubList - ==>  Preparing: SELECT CT_LNB_SUB_IDX AS ctLnbSubIdx, CT_LNB_ID AS ctLnbId, CT_LNB_SUB_ID AS ctLnbSubId, CT_LNB_SUB_NAME AS ctLnbSubName, CT_LNB_SUB_URL AS ctLnbSubUrl FROM CT_LNB_SUB WHERE CT_LNB_ID = ? ORDER BY CT_LNB_SUB_IDX
2025-01-13 17:08:43 [http-nio-8080-exec-4] DEBUG o.m.s.t.SpringManagedTransaction - JDBC Connection [HikariProxyConnection@249339465 wrapping com.mysql.cj.jdbc.ConnectionImpl@157cbfb0] will not be managed by Spring
2025-01-13 17:08:43 [http-nio-8080-exec-4] DEBUG c.s.d.m.C.selectLnbSubList - ==>  Preparing: SELECT CT_LNB_SUB_IDX AS ctLnbSubIdx, CT_LNB_ID AS ctLnbId, CT_LNB_SUB_ID AS ctLnbSubId, CT_LNB_SUB_NAME AS ctLnbSubName, CT_LNB_SUB_URL AS ctLnbSubUrl FROM CT_LNB_SUB WHERE CT_LNB_ID = ? ORDER BY CT_LNB_SUB_IDX
2025-01-13 17:08:43 [http-nio-8080-exec-1] DEBUG c.s.d.m.C.selectLnbSubList - ==> Parameters: CT_LNB_SERVICE(String)
2025-01-13 17:08:43 [http-nio-8080-exec-2] DEBUG c.s.d.m.C.selectLnbSubList - ==> Parameters: CT_LNB_COMPANY(String)
2025-01-13 17:08:43 [http-nio-8080-exec-4] DEBUG c.s.d.m.C.selectLnbSubList - ==> Parameters: CT_LNB_CONTACT(String)
2025-01-13 17:08:43 [http-nio-8080-exec-2] DEBUG c.s.d.m.C.selectLnbSubList - <==      Total: 1
2025-01-13 17:08:43 [http-nio-8080-exec-4] DEBUG c.s.d.m.C.selectLnbSubList - <==      Total: 2
2025-01-13 17:08:43 [http-nio-8080-exec-1] DEBUG c.s.d.m.C.selectLnbSubList - <==      Total: 4
2025-01-13 17:08:43 [http-nio-8080-exec-4] DEBUG org.mybatis.spring.SqlSessionUtils - Closing non transactional SqlSession [org.apache.ibatis.session.defaults.DefaultSqlSession@6f6878fd]
2025-01-13 17:08:43 [http-nio-8080-exec-2] DEBUG org.mybatis.spring.SqlSessionUtils - Closing non transactional SqlSession [org.apache.ibatis.session.defaults.DefaultSqlSession@708f1ade]
2025-01-13 17:08:43 [http-nio-8080-exec-1] DEBUG org.mybatis.spring.SqlSessionUtils - Closing non transactional SqlSession [org.apache.ibatis.session.defaults.DefaultSqlSession@471b260a]
2025-01-13 17:08:43 [http-nio-8080-exec-9] DEBUG org.mybatis.spring.SqlSessionUtils - Creating a new SqlSession
2025-01-13 17:08:43 [http-nio-8080-exec-5] DEBUG org.mybatis.spring.SqlSessionUtils - Creating a new SqlSession
2025-01-13 17:08:43 [http-nio-8080-exec-9] DEBUG org.mybatis.spring.SqlSessionUtils - SqlSession [org.apache.ibatis.session.defaults.DefaultSqlSession@5e75a8f3] was not registered for synchronization because synchronization is not active
2025-01-13 17:08:43 [http-nio-8080-exec-5] DEBUG org.mybatis.spring.SqlSessionUtils - SqlSession [org.apache.ibatis.session.defaults.DefaultSqlSession@1ebc301d] was not registered for synchronization because synchronization is not active
2025-01-13 17:08:43 [http-nio-8080-exec-9] DEBUG o.m.s.t.SpringManagedTransaction - JDBC Connection [HikariProxyConnection@339621541 wrapping com.mysql.cj.jdbc.ConnectionImpl@359f15b8] will not be managed by Spring
2025-01-13 17:08:43 [http-nio-8080-exec-5] DEBUG o.m.s.t.SpringManagedTransaction - JDBC Connection [HikariProxyConnection@148233169 wrapping com.mysql.cj.jdbc.ConnectionImpl@2bb538b2] will not be managed by Spring
2025-01-13 17:08:43 [http-nio-8080-exec-5] DEBUG c.s.d.m.C.selectLnbSubList - ==>  Preparing: SELECT CT_LNB_SUB_IDX AS ctLnbSubIdx, CT_LNB_ID AS ctLnbId, CT_LNB_SUB_ID AS ctLnbSubId, CT_LNB_SUB_NAME AS ctLnbSubName, CT_LNB_SUB_URL AS ctLnbSubUrl FROM CT_LNB_SUB WHERE CT_LNB_ID = ? ORDER BY CT_LNB_SUB_IDX
2025-01-13 17:08:43 [http-nio-8080-exec-9] DEBUG c.s.d.m.C.selectLnbSubList - ==>  Preparing: SELECT CT_LNB_SUB_IDX AS ctLnbSubIdx, CT_LNB_ID AS ctLnbId, CT_LNB_SUB_ID AS ctLnbSubId, CT_LNB_SUB_NAME AS ctLnbSubName, CT_LNB_SUB_URL AS ctLnbSubUrl FROM CT_LNB_SUB WHERE CT_LNB_ID = ? ORDER BY CT_LNB_SUB_IDX
2025-01-13 17:08:43 [http-nio-8080-exec-9] DEBUG c.s.d.m.C.selectLnbSubList - ==> Parameters: CT_LNB_SERVICE(String)
2025-01-13 17:08:43 [http-nio-8080-exec-5] DEBUG c.s.d.m.C.selectLnbSubList - ==> Parameters: CT_LNB_COMPANY(String)
2025-01-13 17:08:43 [http-nio-8080-exec-6] DEBUG org.mybatis.spring.SqlSessionUtils - Creating a new SqlSession
2025-01-13 17:08:43 [http-nio-8080-exec-5] DEBUG c.s.d.m.C.selectLnbSubList - <==      Total: 1
2025-01-13 17:08:43 [http-nio-8080-exec-6] DEBUG org.mybatis.spring.SqlSessionUtils - SqlSession [org.apache.ibatis.session.defaults.DefaultSqlSession@7e29d3ef] was not registered for synchronization because synchronization is not active
2025-01-13 17:08:43 [http-nio-8080-exec-9] DEBUG c.s.d.m.C.selectLnbSubList - <==      Total: 4
2025-01-13 17:08:43 [http-nio-8080-exec-5] DEBUG org.mybatis.spring.SqlSessionUtils - Closing non transactional SqlSession [org.apache.ibatis.session.defaults.DefaultSqlSession@1ebc301d]
2025-01-13 17:08:43 [http-nio-8080-exec-6] DEBUG o.m.s.t.SpringManagedTransaction - JDBC Connection [HikariProxyConnection@1834304006 wrapping com.mysql.cj.jdbc.ConnectionImpl@157cbfb0] will not be managed by Spring
2025-01-13 17:08:43 [http-nio-8080-exec-9] DEBUG org.mybatis.spring.SqlSessionUtils - Closing non transactional SqlSession [org.apache.ibatis.session.defaults.DefaultSqlSession@5e75a8f3]
2025-01-13 17:08:43 [http-nio-8080-exec-6] DEBUG c.s.d.m.C.selectLnbSubList - ==>  Preparing: SELECT CT_LNB_SUB_IDX AS ctLnbSubIdx, CT_LNB_ID AS ctLnbId, CT_LNB_SUB_ID AS ctLnbSubId, CT_LNB_SUB_NAME AS ctLnbSubName, CT_LNB_SUB_URL AS ctLnbSubUrl FROM CT_LNB_SUB WHERE CT_LNB_ID = ? ORDER BY CT_LNB_SUB_IDX
2025-01-13 17:08:43 [http-nio-8080-exec-6] DEBUG c.s.d.m.C.selectLnbSubList - ==> Parameters: CT_LNB_CONTACT(String)
2025-01-13 17:08:43 [http-nio-8080-exec-6] DEBUG c.s.d.m.C.selectLnbSubList - <==      Total: 2
2025-01-13 17:08:43 [http-nio-8080-exec-6] DEBUG org.mybatis.spring.SqlSessionUtils - Closing non transactional SqlSession [org.apache.ibatis.session.defaults.DefaultSqlSession@7e29d3ef]
2025-01-13 17:08:46 [http-nio-8080-exec-10] WARN  o.t.s.p.AbstractStandardFragmentInsertionTagProcessor - [THYMELEAF][http-nio-8080-exec-10][common/layout/layout] Deprecated unwrapped fragment expression "common/fragments/header::header" found in template common/layout/layout, line 33, col 10. Please use the complete syntax of fragment expressions instead ("~{common/fragments/header::header}"). The old, unwrapped syntax for fragment expressions will be removed in future versions of Thymeleaf.
2025-01-13 17:08:46 [http-nio-8080-exec-10] WARN  o.t.s.p.AbstractStandardFragmentInsertionTagProcessor - [THYMELEAF][http-nio-8080-exec-10][common/layout/layout] Deprecated unwrapped fragment expression "common/fragments/footer::footer" found in template common/layout/layout, line 37, col 10. Please use the complete syntax of fragment expressions instead ("~{common/fragments/footer::footer}"). The old, unwrapped syntax for fragment expressions will be removed in future versions of Thymeleaf.
2025-01-13 17:08:46 [http-nio-8080-exec-1] DEBUG org.mybatis.spring.SqlSessionUtils - Creating a new SqlSession
2025-01-13 17:08:46 [http-nio-8080-exec-1] DEBUG org.mybatis.spring.SqlSessionUtils - SqlSession [org.apache.ibatis.session.defaults.DefaultSqlSession@5bc68f17] was not registered for synchronization because synchronization is not active
2025-01-13 17:08:46 [http-nio-8080-exec-1] DEBUG o.m.s.t.SpringManagedTransaction - JDBC Connection [HikariProxyConnection@1499312449 wrapping com.mysql.cj.jdbc.ConnectionImpl@359f15b8] will not be managed by Spring
2025-01-13 17:08:46 [http-nio-8080-exec-1] DEBUG c.s.d.m.CommonMapper.selectLnbList - ==>  Preparing: SELECT CT_LNB_IDX AS ctLnbIdx, CT_LNB_ID AS ctLnbId, CT_LNB_NAME AS ctLnbName, CT_LNB_SUB_YN AS ctLnbSubYn, CT_LNB_URL AS ctLnbUrl, CT_LNB_USE_YN AS ctLnbUseYn FROM CT_LNB WHERE CT_LNB_USE_YN = 'Y' ORDER BY CT_LNB_IDX
2025-01-13 17:08:46 [http-nio-8080-exec-1] DEBUG c.s.d.m.CommonMapper.selectLnbList - ==> Parameters: 
2025-01-13 17:08:46 [http-nio-8080-exec-1] DEBUG c.s.d.m.CommonMapper.selectLnbList - <==      Total: 4
2025-01-13 17:08:46 [http-nio-8080-exec-1] DEBUG org.mybatis.spring.SqlSessionUtils - Closing non transactional SqlSession [org.apache.ibatis.session.defaults.DefaultSqlSession@5bc68f17]
2025-01-13 17:08:46 [http-nio-8080-exec-6] DEBUG org.mybatis.spring.SqlSessionUtils - Creating a new SqlSession
2025-01-13 17:08:46 [http-nio-8080-exec-6] DEBUG org.mybatis.spring.SqlSessionUtils - SqlSession [org.apache.ibatis.session.defaults.DefaultSqlSession@3e01900] was not registered for synchronization because synchronization is not active
2025-01-13 17:08:46 [http-nio-8080-exec-6] DEBUG o.m.s.t.SpringManagedTransaction - JDBC Connection [HikariProxyConnection@1147285000 wrapping com.mysql.cj.jdbc.ConnectionImpl@157cbfb0] will not be managed by Spring
2025-01-13 17:08:46 [http-nio-8080-exec-6] DEBUG c.s.d.m.CommonMapper.selectLnbList - ==>  Preparing: SELECT CT_LNB_IDX AS ctLnbIdx, CT_LNB_ID AS ctLnbId, CT_LNB_NAME AS ctLnbName, CT_LNB_SUB_YN AS ctLnbSubYn, CT_LNB_URL AS ctLnbUrl, CT_LNB_USE_YN AS ctLnbUseYn FROM CT_LNB WHERE CT_LNB_USE_YN = 'Y' ORDER BY CT_LNB_IDX
2025-01-13 17:08:46 [http-nio-8080-exec-6] DEBUG c.s.d.m.CommonMapper.selectLnbList - ==> Parameters: 
2025-01-13 17:08:46 [http-nio-8080-exec-6] DEBUG c.s.d.m.CommonMapper.selectLnbList - <==      Total: 4
2025-01-13 17:08:46 [http-nio-8080-exec-6] DEBUG org.mybatis.spring.SqlSessionUtils - Closing non transactional SqlSession [org.apache.ibatis.session.defaults.DefaultSqlSession@3e01900]
2025-01-13 17:08:46 [http-nio-8080-exec-3] DEBUG org.mybatis.spring.SqlSessionUtils - Creating a new SqlSession
2025-01-13 17:08:46 [http-nio-8080-exec-4] DEBUG org.mybatis.spring.SqlSessionUtils - Creating a new SqlSession
2025-01-13 17:08:46 [http-nio-8080-exec-8] DEBUG org.mybatis.spring.SqlSessionUtils - Creating a new SqlSession
2025-01-13 17:08:46 [http-nio-8080-exec-3] DEBUG org.mybatis.spring.SqlSessionUtils - SqlSession [org.apache.ibatis.session.defaults.DefaultSqlSession@347ded81] was not registered for synchronization because synchronization is not active
2025-01-13 17:08:46 [http-nio-8080-exec-4] DEBUG org.mybatis.spring.SqlSessionUtils - SqlSession [org.apache.ibatis.session.defaults.DefaultSqlSession@59d40ae6] was not registered for synchronization because synchronization is not active
2025-01-13 17:08:46 [http-nio-8080-exec-8] DEBUG org.mybatis.spring.SqlSessionUtils - SqlSession [org.apache.ibatis.session.defaults.DefaultSqlSession@1a49c06] was not registered for synchronization because synchronization is not active
2025-01-13 17:08:46 [http-nio-8080-exec-4] DEBUG o.m.s.t.SpringManagedTransaction - JDBC Connection [HikariProxyConnection@1698170936 wrapping com.mysql.cj.jdbc.ConnectionImpl@157cbfb0] will not be managed by Spring
2025-01-13 17:08:46 [http-nio-8080-exec-8] DEBUG o.m.s.t.SpringManagedTransaction - JDBC Connection [HikariProxyConnection@1259060578 wrapping com.mysql.cj.jdbc.ConnectionImpl@359f15b8] will not be managed by Spring
2025-01-13 17:08:46 [http-nio-8080-exec-4] DEBUG c.s.d.m.C.selectLnbSubList - ==>  Preparing: SELECT CT_LNB_SUB_IDX AS ctLnbSubIdx, CT_LNB_ID AS ctLnbId, CT_LNB_SUB_ID AS ctLnbSubId, CT_LNB_SUB_NAME AS ctLnbSubName, CT_LNB_SUB_URL AS ctLnbSubUrl FROM CT_LNB_SUB WHERE CT_LNB_ID = ? ORDER BY CT_LNB_SUB_IDX
2025-01-13 17:08:46 [http-nio-8080-exec-8] DEBUG c.s.d.m.C.selectLnbSubList - ==>  Preparing: SELECT CT_LNB_SUB_IDX AS ctLnbSubIdx, CT_LNB_ID AS ctLnbId, CT_LNB_SUB_ID AS ctLnbSubId, CT_LNB_SUB_NAME AS ctLnbSubName, CT_LNB_SUB_URL AS ctLnbSubUrl FROM CT_LNB_SUB WHERE CT_LNB_ID = ? ORDER BY CT_LNB_SUB_IDX
2025-01-13 17:08:46 [http-nio-8080-exec-4] DEBUG c.s.d.m.C.selectLnbSubList - ==> Parameters: CT_LNB_SERVICE(String)
2025-01-13 17:08:46 [http-nio-8080-exec-8] DEBUG c.s.d.m.C.selectLnbSubList - ==> Parameters: CT_LNB_CONTACT(String)
2025-01-13 17:08:46 [http-nio-8080-exec-3] DEBUG o.m.s.t.SpringManagedTransaction - JDBC Connection [HikariProxyConnection@1929537722 wrapping com.mysql.cj.jdbc.ConnectionImpl@2bb538b2] will not be managed by Spring
2025-01-13 17:08:46 [http-nio-8080-exec-3] DEBUG c.s.d.m.C.selectLnbSubList - ==>  Preparing: SELECT CT_LNB_SUB_IDX AS ctLnbSubIdx, CT_LNB_ID AS ctLnbId, CT_LNB_SUB_ID AS ctLnbSubId, CT_LNB_SUB_NAME AS ctLnbSubName, CT_LNB_SUB_URL AS ctLnbSubUrl FROM CT_LNB_SUB WHERE CT_LNB_ID = ? ORDER BY CT_LNB_SUB_IDX
2025-01-13 17:08:46 [http-nio-8080-exec-3] DEBUG c.s.d.m.C.selectLnbSubList - ==> Parameters: CT_LNB_COMPANY(String)
2025-01-13 17:08:46 [http-nio-8080-exec-3] DEBUG c.s.d.m.C.selectLnbSubList - <==      Total: 1
2025-01-13 17:08:46 [http-nio-8080-exec-8] DEBUG c.s.d.m.C.selectLnbSubList - <==      Total: 2
2025-01-13 17:08:46 [http-nio-8080-exec-4] DEBUG c.s.d.m.C.selectLnbSubList - <==      Total: 4
2025-01-13 17:08:46 [http-nio-8080-exec-4] DEBUG org.mybatis.spring.SqlSessionUtils - Closing non transactional SqlSession [org.apache.ibatis.session.defaults.DefaultSqlSession@59d40ae6]
2025-01-13 17:08:46 [http-nio-8080-exec-3] DEBUG org.mybatis.spring.SqlSessionUtils - Closing non transactional SqlSession [org.apache.ibatis.session.defaults.DefaultSqlSession@347ded81]
2025-01-13 17:08:46 [http-nio-8080-exec-8] DEBUG org.mybatis.spring.SqlSessionUtils - Closing non transactional SqlSession [org.apache.ibatis.session.defaults.DefaultSqlSession@1a49c06]
2025-01-13 17:08:46 [http-nio-8080-exec-7] DEBUG org.mybatis.spring.SqlSessionUtils - Creating a new SqlSession
2025-01-13 17:08:46 [http-nio-8080-exec-1] DEBUG org.mybatis.spring.SqlSessionUtils - Creating a new SqlSession
2025-01-13 17:08:46 [http-nio-8080-exec-10] DEBUG org.mybatis.spring.SqlSessionUtils - Creating a new SqlSession
2025-01-13 17:08:46 [http-nio-8080-exec-1] DEBUG org.mybatis.spring.SqlSessionUtils - SqlSession [org.apache.ibatis.session.defaults.DefaultSqlSession@22da685c] was not registered for synchronization because synchronization is not active
2025-01-13 17:08:46 [http-nio-8080-exec-7] DEBUG org.mybatis.spring.SqlSessionUtils - SqlSession [org.apache.ibatis.session.defaults.DefaultSqlSession@a3795e2] was not registered for synchronization because synchronization is not active
2025-01-13 17:08:46 [http-nio-8080-exec-10] DEBUG org.mybatis.spring.SqlSessionUtils - SqlSession [org.apache.ibatis.session.defaults.DefaultSqlSession@6395f45] was not registered for synchronization because synchronization is not active
2025-01-13 17:08:46 [http-nio-8080-exec-1] DEBUG o.m.s.t.SpringManagedTransaction - JDBC Connection [HikariProxyConnection@1292625191 wrapping com.mysql.cj.jdbc.ConnectionImpl@359f15b8] will not be managed by Spring
2025-01-13 17:08:46 [http-nio-8080-exec-10] DEBUG o.m.s.t.SpringManagedTransaction - JDBC Connection [HikariProxyConnection@842346290 wrapping com.mysql.cj.jdbc.ConnectionImpl@2bb538b2] will not be managed by Spring
2025-01-13 17:08:46 [http-nio-8080-exec-7] DEBUG o.m.s.t.SpringManagedTransaction - JDBC Connection [HikariProxyConnection@1082435387 wrapping com.mysql.cj.jdbc.ConnectionImpl@157cbfb0] will not be managed by Spring
2025-01-13 17:08:46 [http-nio-8080-exec-1] DEBUG c.s.d.m.C.selectLnbSubList - ==>  Preparing: SELECT CT_LNB_SUB_IDX AS ctLnbSubIdx, CT_LNB_ID AS ctLnbId, CT_LNB_SUB_ID AS ctLnbSubId, CT_LNB_SUB_NAME AS ctLnbSubName, CT_LNB_SUB_URL AS ctLnbSubUrl FROM CT_LNB_SUB WHERE CT_LNB_ID = ? ORDER BY CT_LNB_SUB_IDX
2025-01-13 17:08:46 [http-nio-8080-exec-10] DEBUG c.s.d.m.C.selectLnbSubList - ==>  Preparing: SELECT CT_LNB_SUB_IDX AS ctLnbSubIdx, CT_LNB_ID AS ctLnbId, CT_LNB_SUB_ID AS ctLnbSubId, CT_LNB_SUB_NAME AS ctLnbSubName, CT_LNB_SUB_URL AS ctLnbSubUrl FROM CT_LNB_SUB WHERE CT_LNB_ID = ? ORDER BY CT_LNB_SUB_IDX
2025-01-13 17:08:46 [http-nio-8080-exec-7] DEBUG c.s.d.m.C.selectLnbSubList - ==>  Preparing: SELECT CT_LNB_SUB_IDX AS ctLnbSubIdx, CT_LNB_ID AS ctLnbId, CT_LNB_SUB_ID AS ctLnbSubId, CT_LNB_SUB_NAME AS ctLnbSubName, CT_LNB_SUB_URL AS ctLnbSubUrl FROM CT_LNB_SUB WHERE CT_LNB_ID = ? ORDER BY CT_LNB_SUB_IDX
2025-01-13 17:08:46 [http-nio-8080-exec-1] DEBUG c.s.d.m.C.selectLnbSubList - ==> Parameters: CT_LNB_CONTACT(String)
2025-01-13 17:08:46 [http-nio-8080-exec-7] DEBUG c.s.d.m.C.selectLnbSubList - ==> Parameters: CT_LNB_COMPANY(String)
2025-01-13 17:08:46 [http-nio-8080-exec-10] DEBUG c.s.d.m.C.selectLnbSubList - ==> Parameters: CT_LNB_SERVICE(String)
2025-01-13 17:08:46 [http-nio-8080-exec-7] DEBUG c.s.d.m.C.selectLnbSubList - <==      Total: 1
2025-01-13 17:08:46 [http-nio-8080-exec-1] DEBUG c.s.d.m.C.selectLnbSubList - <==      Total: 2
2025-01-13 17:08:46 [http-nio-8080-exec-10] DEBUG c.s.d.m.C.selectLnbSubList - <==      Total: 4
2025-01-13 17:08:46 [http-nio-8080-exec-7] DEBUG org.mybatis.spring.SqlSessionUtils - Closing non transactional SqlSession [org.apache.ibatis.session.defaults.DefaultSqlSession@a3795e2]
2025-01-13 17:08:46 [http-nio-8080-exec-1] DEBUG org.mybatis.spring.SqlSessionUtils - Closing non transactional SqlSession [org.apache.ibatis.session.defaults.DefaultSqlSession@22da685c]
2025-01-13 17:08:46 [http-nio-8080-exec-10] DEBUG org.mybatis.spring.SqlSessionUtils - Closing non transactional SqlSession [org.apache.ibatis.session.defaults.DefaultSqlSession@6395f45]
2025-01-13 17:10:05 [RMI TCP Connection(15)-127.0.0.1] INFO  o.s.b.a.SpringApplicationAdminMXBeanRegistrar$SpringApplicationAdmin - Application shutdown requested.
2025-01-13 17:10:05 [RMI TCP Connection(15)-127.0.0.1] INFO  o.s.b.w.e.tomcat.GracefulShutdown - Commencing graceful shutdown. Waiting for active requests to complete
2025-01-13 17:10:05 [tomcat-shutdown] INFO  o.a.coyote.http11.Http11NioProtocol - Pausing ProtocolHandler ["http-nio-8080"]
2025-01-13 17:10:05 [tomcat-shutdown] INFO  o.s.b.w.e.tomcat.GracefulShutdown - Graceful shutdown complete
2025-01-13 17:10:05 [RMI TCP Connection(15)-127.0.0.1] INFO  o.a.coyote.http11.Http11NioProtocol - Stopping ProtocolHandler ["http-nio-8080"]
2025-01-13 17:10:05 [RMI TCP Connection(15)-127.0.0.1] INFO  com.zaxxer.hikari.HikariDataSource - HikariPool-1 - Shutdown initiated...
2025-01-13 17:10:05 [RMI TCP Connection(15)-127.0.0.1] INFO  com.zaxxer.hikari.HikariDataSource - HikariPool-1 - Shutdown completed.
