2025-01-10 07:48:12 [restartedMain] INFO  c.s.devspring.DevspringApplication - Starting DevspringApplication using Java 17.0.12 with PID 14460 (D:\Spring\sts-4.4\workspace\devspring\bin\main started by aatjx in D:\Spring\sts-4.4\workspace\devspring)
2025-01-10 07:48:12 [restartedMain] INFO  c.s.devspring.DevspringApplication - No active profile set, falling back to 1 default profile: "default"
2025-01-10 07:48:12 [restartedMain] INFO  o.s.b.d.e.DevToolsPropertyDefaultsPostProcessor - Devtools property defaults active! Set 'spring.devtools.add-properties' to 'false' to disable
2025-01-10 07:48:12 [restartedMain] INFO  o.s.b.d.e.DevToolsPropertyDefaultsPostProcessor - For additional web related logging consider setting the 'logging.level.web' property to 'DEBUG'
2025-01-10 07:48:13 [restartedMain] DEBUG o.apache.ibatis.logging.LogFactory - Logging initialized using 'class org.apache.ibatis.logging.slf4j.Slf4jImpl' adapter.
2025-01-10 07:48:13 [restartedMain] DEBUG o.m.s.mapper.ClassPathMapperScanner - Identified candidate component class: file [D:\Spring\sts-4.4\workspace\devspring\bin\main\com\spring\devspring\mapper\BoardMapper.class]
2025-01-10 07:48:13 [restartedMain] DEBUG o.m.s.mapper.ClassPathMapperScanner - Identified candidate component class: file [D:\Spring\sts-4.4\workspace\devspring\bin\main\com\spring\devspring\mapper\CommonMapper.class]
2025-01-10 07:48:13 [restartedMain] DEBUG o.m.s.mapper.ClassPathMapperScanner - Creating MapperFactoryBean with name 'boardMapper' and 'com.spring.devspring.mapper.BoardMapper' mapperInterface
2025-01-10 07:48:13 [restartedMain] DEBUG o.m.s.mapper.ClassPathMapperScanner - Creating MapperFactoryBean with name 'commonMapper' and 'com.spring.devspring.mapper.CommonMapper' mapperInterface
2025-01-10 07:48:13 [restartedMain] INFO  o.s.b.w.e.tomcat.TomcatWebServer - Tomcat initialized with port 8080 (http)
2025-01-10 07:48:13 [restartedMain] INFO  o.a.coyote.http11.Http11NioProtocol - Initializing ProtocolHandler ["http-nio-8080"]
2025-01-10 07:48:13 [restartedMain] INFO  o.a.catalina.core.StandardService - Starting service [Tomcat]
2025-01-10 07:48:13 [restartedMain] INFO  o.a.catalina.core.StandardEngine - Starting Servlet engine: [Apache Tomcat/10.1.34]
2025-01-10 07:48:13 [restartedMain] INFO  o.a.c.c.C.[Tomcat].[localhost].[/] - Initializing Spring embedded WebApplicationContext
2025-01-10 07:48:13 [restartedMain] INFO  o.s.b.w.s.c.ServletWebServerApplicationContext - Root WebApplicationContext: initialization completed in 725 ms
2025-01-10 07:48:13 [restartedMain] DEBUG o.m.spring.SqlSessionFactoryBean - Property 'configuration' or 'configLocation' not specified, using default MyBatis Configuration
2025-01-10 07:48:13 [restartedMain] DEBUG o.m.spring.SqlSessionFactoryBean - Parsed mapper file: 'file [D:\Spring\sts-4.4\workspace\devspring\bin\main\static\mapper\BoardMapper.xml]'
2025-01-10 07:48:13 [restartedMain] DEBUG o.m.spring.SqlSessionFactoryBean - Parsed mapper file: 'file [D:\Spring\sts-4.4\workspace\devspring\bin\main\static\mapper\CommonMapper.xml]'
2025-01-10 07:48:13 [restartedMain] INFO  o.s.b.d.a.OptionalLiveReloadServer - LiveReload server is running on port 35729
2025-01-10 07:48:13 [restartedMain] INFO  o.a.coyote.http11.Http11NioProtocol - Starting ProtocolHandler ["http-nio-8080"]
2025-01-10 07:48:13 [restartedMain] INFO  o.s.b.w.e.tomcat.TomcatWebServer - Tomcat started on port 8080 (http) with context path '/'
2025-01-10 07:48:13 [restartedMain] INFO  c.s.devspring.DevspringApplication - Started DevspringApplication in 1.634 seconds (process running for 2.2)
2025-01-10 07:48:15 [http-nio-8080-exec-1] INFO  o.a.c.c.C.[Tomcat].[localhost].[/] - Initializing Spring DispatcherServlet 'dispatcherServlet'
2025-01-10 07:48:15 [http-nio-8080-exec-1] INFO  o.s.web.servlet.DispatcherServlet - Initializing Servlet 'dispatcherServlet'
2025-01-10 07:48:15 [http-nio-8080-exec-1] INFO  o.s.web.servlet.DispatcherServlet - Completed initialization in 0 ms
2025-01-10 07:48:16 [http-nio-8080-exec-1] WARN  o.t.s.p.AbstractStandardFragmentInsertionTagProcessor - [THYMELEAF][http-nio-8080-exec-1][common/layout/layout] Deprecated unwrapped fragment expression "common/fragments/header::header" found in template common/layout/layout, line 31, col 10. Please use the complete syntax of fragment expressions instead ("~{common/fragments/header::header}"). The old, unwrapped syntax for fragment expressions will be removed in future versions of Thymeleaf.
2025-01-10 07:48:16 [http-nio-8080-exec-1] WARN  o.t.s.p.AbstractStandardFragmentInsertionTagProcessor - [THYMELEAF][http-nio-8080-exec-1][common/layout/layout] Deprecated unwrapped fragment expression "common/fragments/footer::footer" found in template common/layout/layout, line 35, col 10. Please use the complete syntax of fragment expressions instead ("~{common/fragments/footer::footer}"). The old, unwrapped syntax for fragment expressions will be removed in future versions of Thymeleaf.
2025-01-10 07:48:16 [http-nio-8080-exec-1] DEBUG org.mybatis.spring.SqlSessionUtils - Creating a new SqlSession
2025-01-10 07:48:16 [http-nio-8080-exec-1] DEBUG org.mybatis.spring.SqlSessionUtils - SqlSession [org.apache.ibatis.session.defaults.DefaultSqlSession@41326426] was not registered for synchronization because synchronization is not active
2025-01-10 07:48:16 [http-nio-8080-exec-1] INFO  com.zaxxer.hikari.HikariDataSource - HikariPool-1 - Starting...
2025-01-10 07:48:16 [http-nio-8080-exec-1] INFO  com.zaxxer.hikari.pool.HikariPool - HikariPool-1 - Added connection com.mysql.cj.jdbc.ConnectionImpl@5782fd26
2025-01-10 07:48:16 [http-nio-8080-exec-1] INFO  com.zaxxer.hikari.HikariDataSource - HikariPool-1 - Start completed.
2025-01-10 07:48:16 [http-nio-8080-exec-1] DEBUG o.m.s.t.SpringManagedTransaction - JDBC Connection [HikariProxyConnection@1328836533 wrapping com.mysql.cj.jdbc.ConnectionImpl@5782fd26] will not be managed by Spring
2025-01-10 07:48:16 [http-nio-8080-exec-1] DEBUG c.s.d.m.CommonMapper.selectLnbList - ==>  Preparing: SELECT CT_LNB_IDX AS ctLnbIdx, CT_LNB_ID AS ctLnbId, CT_LNB_NAME AS ctLnbName, CT_LNB_SUB_YN AS ctLnbSubYn, CT_LNB_URL AS ctLnbUrl, CT_LNB_USE_YN AS ctLnbUseYn FROM CT_LNB WHERE CT_LNB_USE_YN = 'Y' ORDER BY CT_LNB_IDX
2025-01-10 07:48:16 [http-nio-8080-exec-1] DEBUG c.s.d.m.CommonMapper.selectLnbList - ==> Parameters: 
2025-01-10 07:48:16 [http-nio-8080-exec-1] DEBUG c.s.d.m.CommonMapper.selectLnbList - <==      Total: 4
2025-01-10 07:48:16 [http-nio-8080-exec-1] DEBUG org.mybatis.spring.SqlSessionUtils - Closing non transactional SqlSession [org.apache.ibatis.session.defaults.DefaultSqlSession@41326426]
2025-01-10 07:48:16 [http-nio-8080-exec-6] DEBUG org.mybatis.spring.SqlSessionUtils - Creating a new SqlSession
2025-01-10 07:48:16 [http-nio-8080-exec-6] DEBUG org.mybatis.spring.SqlSessionUtils - SqlSession [org.apache.ibatis.session.defaults.DefaultSqlSession@1e1baf59] was not registered for synchronization because synchronization is not active
2025-01-10 07:48:16 [http-nio-8080-exec-6] DEBUG o.m.s.t.SpringManagedTransaction - JDBC Connection [HikariProxyConnection@113257167 wrapping com.mysql.cj.jdbc.ConnectionImpl@5782fd26] will not be managed by Spring
2025-01-10 07:48:16 [http-nio-8080-exec-6] DEBUG c.s.d.m.CommonMapper.selectLnbList - ==>  Preparing: SELECT CT_LNB_IDX AS ctLnbIdx, CT_LNB_ID AS ctLnbId, CT_LNB_NAME AS ctLnbName, CT_LNB_SUB_YN AS ctLnbSubYn, CT_LNB_URL AS ctLnbUrl, CT_LNB_USE_YN AS ctLnbUseYn FROM CT_LNB WHERE CT_LNB_USE_YN = 'Y' ORDER BY CT_LNB_IDX
2025-01-10 07:48:16 [http-nio-8080-exec-6] DEBUG c.s.d.m.CommonMapper.selectLnbList - ==> Parameters: 
2025-01-10 07:48:16 [http-nio-8080-exec-6] DEBUG c.s.d.m.CommonMapper.selectLnbList - <==      Total: 4
2025-01-10 07:48:16 [http-nio-8080-exec-6] DEBUG org.mybatis.spring.SqlSessionUtils - Closing non transactional SqlSession [org.apache.ibatis.session.defaults.DefaultSqlSession@1e1baf59]
2025-01-10 07:48:16 [http-nio-8080-exec-2] DEBUG org.mybatis.spring.SqlSessionUtils - Creating a new SqlSession
2025-01-10 07:48:16 [http-nio-8080-exec-7] DEBUG org.mybatis.spring.SqlSessionUtils - Creating a new SqlSession
2025-01-10 07:48:16 [http-nio-8080-exec-4] DEBUG org.mybatis.spring.SqlSessionUtils - Creating a new SqlSession
2025-01-10 07:48:16 [http-nio-8080-exec-2] DEBUG org.mybatis.spring.SqlSessionUtils - SqlSession [org.apache.ibatis.session.defaults.DefaultSqlSession@3d18bc5c] was not registered for synchronization because synchronization is not active
2025-01-10 07:48:16 [http-nio-8080-exec-4] DEBUG org.mybatis.spring.SqlSessionUtils - SqlSession [org.apache.ibatis.session.defaults.DefaultSqlSession@56698937] was not registered for synchronization because synchronization is not active
2025-01-10 07:48:16 [http-nio-8080-exec-7] DEBUG org.mybatis.spring.SqlSessionUtils - SqlSession [org.apache.ibatis.session.defaults.DefaultSqlSession@5488fb49] was not registered for synchronization because synchronization is not active
2025-01-10 07:48:16 [http-nio-8080-exec-4] DEBUG o.m.s.t.SpringManagedTransaction - JDBC Connection [HikariProxyConnection@997495518 wrapping com.mysql.cj.jdbc.ConnectionImpl@5782fd26] will not be managed by Spring
2025-01-10 07:48:16 [http-nio-8080-exec-4] DEBUG c.s.d.m.C.selectLnbSubList - ==>  Preparing: SELECT CT_LNB_SUB_IDX AS ctLnbSubIdx, CT_LNB_ID AS ctLnbId, CT_LNB_SUB_ID AS ctLnbSubId, CT_LNB_SUB_NAME AS ctLnbSubName, CT_LNB_SUB_URL AS ctLnbSubUrl FROM CT_LNB_SUB WHERE CT_LNB_ID = ? ORDER BY CT_LNB_SUB_IDX
2025-01-10 07:48:16 [http-nio-8080-exec-4] DEBUG c.s.d.m.C.selectLnbSubList - ==> Parameters: CT_LNB_SERVICE(String)
2025-01-10 07:48:16 [http-nio-8080-exec-4] DEBUG c.s.d.m.C.selectLnbSubList - <==      Total: 4
2025-01-10 07:48:16 [http-nio-8080-exec-4] DEBUG org.mybatis.spring.SqlSessionUtils - Closing non transactional SqlSession [org.apache.ibatis.session.defaults.DefaultSqlSession@56698937]
2025-01-10 07:48:16 [http-nio-8080-exec-7] DEBUG o.m.s.t.SpringManagedTransaction - JDBC Connection [HikariProxyConnection@1404135036 wrapping com.mysql.cj.jdbc.ConnectionImpl@5782fd26] will not be managed by Spring
2025-01-10 07:48:16 [http-nio-8080-exec-7] DEBUG c.s.d.m.C.selectLnbSubList - ==>  Preparing: SELECT CT_LNB_SUB_IDX AS ctLnbSubIdx, CT_LNB_ID AS ctLnbId, CT_LNB_SUB_ID AS ctLnbSubId, CT_LNB_SUB_NAME AS ctLnbSubName, CT_LNB_SUB_URL AS ctLnbSubUrl FROM CT_LNB_SUB WHERE CT_LNB_ID = ? ORDER BY CT_LNB_SUB_IDX
2025-01-10 07:48:16 [http-nio-8080-exec-7] DEBUG c.s.d.m.C.selectLnbSubList - ==> Parameters: CT_LNB_INFORMATION(String)
2025-01-10 07:48:16 [http-nio-8080-exec-7] DEBUG c.s.d.m.C.selectLnbSubList - <==      Total: 2
2025-01-10 07:48:16 [http-nio-8080-exec-7] DEBUG org.mybatis.spring.SqlSessionUtils - Closing non transactional SqlSession [org.apache.ibatis.session.defaults.DefaultSqlSession@5488fb49]
2025-01-10 07:48:16 [http-nio-8080-exec-2] DEBUG o.m.s.t.SpringManagedTransaction - JDBC Connection [HikariProxyConnection@501977641 wrapping com.mysql.cj.jdbc.ConnectionImpl@5782fd26] will not be managed by Spring
2025-01-10 07:48:16 [http-nio-8080-exec-2] DEBUG c.s.d.m.C.selectLnbSubList - ==>  Preparing: SELECT CT_LNB_SUB_IDX AS ctLnbSubIdx, CT_LNB_ID AS ctLnbId, CT_LNB_SUB_ID AS ctLnbSubId, CT_LNB_SUB_NAME AS ctLnbSubName, CT_LNB_SUB_URL AS ctLnbSubUrl FROM CT_LNB_SUB WHERE CT_LNB_ID = ? ORDER BY CT_LNB_SUB_IDX
2025-01-10 07:48:16 [http-nio-8080-exec-2] DEBUG c.s.d.m.C.selectLnbSubList - ==> Parameters: CT_LNB_CONTACT(String)
2025-01-10 07:48:16 [http-nio-8080-exec-3] DEBUG org.mybatis.spring.SqlSessionUtils - Creating a new SqlSession
2025-01-10 07:48:16 [http-nio-8080-exec-3] DEBUG org.mybatis.spring.SqlSessionUtils - SqlSession [org.apache.ibatis.session.defaults.DefaultSqlSession@2b4cd9f3] was not registered for synchronization because synchronization is not active
2025-01-10 07:48:16 [http-nio-8080-exec-2] DEBUG c.s.d.m.C.selectLnbSubList - <==      Total: 2
2025-01-10 07:48:16 [http-nio-8080-exec-2] DEBUG org.mybatis.spring.SqlSessionUtils - Closing non transactional SqlSession [org.apache.ibatis.session.defaults.DefaultSqlSession@3d18bc5c]
2025-01-10 07:48:16 [http-nio-8080-exec-8] DEBUG org.mybatis.spring.SqlSessionUtils - Creating a new SqlSession
2025-01-10 07:48:16 [http-nio-8080-exec-3] DEBUG o.m.s.t.SpringManagedTransaction - JDBC Connection [HikariProxyConnection@357895025 wrapping com.mysql.cj.jdbc.ConnectionImpl@5782fd26] will not be managed by Spring
2025-01-10 07:48:16 [http-nio-8080-exec-8] DEBUG org.mybatis.spring.SqlSessionUtils - SqlSession [org.apache.ibatis.session.defaults.DefaultSqlSession@3f559bdd] was not registered for synchronization because synchronization is not active
2025-01-10 07:48:16 [http-nio-8080-exec-3] DEBUG c.s.d.m.C.selectLnbSubList - ==>  Preparing: SELECT CT_LNB_SUB_IDX AS ctLnbSubIdx, CT_LNB_ID AS ctLnbId, CT_LNB_SUB_ID AS ctLnbSubId, CT_LNB_SUB_NAME AS ctLnbSubName, CT_LNB_SUB_URL AS ctLnbSubUrl FROM CT_LNB_SUB WHERE CT_LNB_ID = ? ORDER BY CT_LNB_SUB_IDX
2025-01-10 07:48:16 [http-nio-8080-exec-3] DEBUG c.s.d.m.C.selectLnbSubList - ==> Parameters: CT_LNB_SERVICE(String)
2025-01-10 07:48:16 [http-nio-8080-exec-3] DEBUG c.s.d.m.C.selectLnbSubList - <==      Total: 4
2025-01-10 07:48:16 [http-nio-8080-exec-3] DEBUG org.mybatis.spring.SqlSessionUtils - Closing non transactional SqlSession [org.apache.ibatis.session.defaults.DefaultSqlSession@2b4cd9f3]
2025-01-10 07:48:16 [http-nio-8080-exec-8] DEBUG o.m.s.t.SpringManagedTransaction - JDBC Connection [HikariProxyConnection@996808943 wrapping com.mysql.cj.jdbc.ConnectionImpl@5782fd26] will not be managed by Spring
2025-01-10 07:48:16 [http-nio-8080-exec-8] DEBUG c.s.d.m.C.selectLnbSubList - ==>  Preparing: SELECT CT_LNB_SUB_IDX AS ctLnbSubIdx, CT_LNB_ID AS ctLnbId, CT_LNB_SUB_ID AS ctLnbSubId, CT_LNB_SUB_NAME AS ctLnbSubName, CT_LNB_SUB_URL AS ctLnbSubUrl FROM CT_LNB_SUB WHERE CT_LNB_ID = ? ORDER BY CT_LNB_SUB_IDX
2025-01-10 07:48:16 [http-nio-8080-exec-8] DEBUG c.s.d.m.C.selectLnbSubList - ==> Parameters: CT_LNB_INFORMATION(String)
2025-01-10 07:48:16 [http-nio-8080-exec-10] DEBUG org.mybatis.spring.SqlSessionUtils - Creating a new SqlSession
2025-01-10 07:48:16 [http-nio-8080-exec-10] DEBUG org.mybatis.spring.SqlSessionUtils - SqlSession [org.apache.ibatis.session.defaults.DefaultSqlSession@20e1022b] was not registered for synchronization because synchronization is not active
2025-01-10 07:48:16 [http-nio-8080-exec-8] DEBUG c.s.d.m.C.selectLnbSubList - <==      Total: 2
2025-01-10 07:48:16 [http-nio-8080-exec-8] DEBUG org.mybatis.spring.SqlSessionUtils - Closing non transactional SqlSession [org.apache.ibatis.session.defaults.DefaultSqlSession@3f559bdd]
2025-01-10 07:48:16 [http-nio-8080-exec-10] DEBUG o.m.s.t.SpringManagedTransaction - JDBC Connection [HikariProxyConnection@618562287 wrapping com.mysql.cj.jdbc.ConnectionImpl@5782fd26] will not be managed by Spring
2025-01-10 07:48:16 [http-nio-8080-exec-10] DEBUG c.s.d.m.C.selectLnbSubList - ==>  Preparing: SELECT CT_LNB_SUB_IDX AS ctLnbSubIdx, CT_LNB_ID AS ctLnbId, CT_LNB_SUB_ID AS ctLnbSubId, CT_LNB_SUB_NAME AS ctLnbSubName, CT_LNB_SUB_URL AS ctLnbSubUrl FROM CT_LNB_SUB WHERE CT_LNB_ID = ? ORDER BY CT_LNB_SUB_IDX
2025-01-10 07:48:16 [http-nio-8080-exec-10] DEBUG c.s.d.m.C.selectLnbSubList - ==> Parameters: CT_LNB_CONTACT(String)
2025-01-10 07:48:16 [http-nio-8080-exec-10] DEBUG c.s.d.m.C.selectLnbSubList - <==      Total: 2
2025-01-10 07:48:16 [http-nio-8080-exec-10] DEBUG org.mybatis.spring.SqlSessionUtils - Closing non transactional SqlSession [org.apache.ibatis.session.defaults.DefaultSqlSession@20e1022b]
2025-01-10 07:48:56 [http-nio-8080-exec-9] WARN  o.t.s.p.AbstractStandardFragmentInsertionTagProcessor - [THYMELEAF][http-nio-8080-exec-9][common/layout/layout] Deprecated unwrapped fragment expression "common/fragments/header::header" found in template common/layout/layout, line 31, col 10. Please use the complete syntax of fragment expressions instead ("~{common/fragments/header::header}"). The old, unwrapped syntax for fragment expressions will be removed in future versions of Thymeleaf.
2025-01-10 07:48:56 [http-nio-8080-exec-9] WARN  o.t.s.p.AbstractStandardFragmentInsertionTagProcessor - [THYMELEAF][http-nio-8080-exec-9][common/layout/layout] Deprecated unwrapped fragment expression "common/fragments/footer::footer" found in template common/layout/layout, line 35, col 10. Please use the complete syntax of fragment expressions instead ("~{common/fragments/footer::footer}"). The old, unwrapped syntax for fragment expressions will be removed in future versions of Thymeleaf.
2025-01-10 07:48:56 [http-nio-8080-exec-9] DEBUG org.mybatis.spring.SqlSessionUtils - Creating a new SqlSession
2025-01-10 07:48:56 [http-nio-8080-exec-9] DEBUG org.mybatis.spring.SqlSessionUtils - SqlSession [org.apache.ibatis.session.defaults.DefaultSqlSession@4f9b98ad] was not registered for synchronization because synchronization is not active
2025-01-10 07:48:56 [http-nio-8080-exec-9] DEBUG o.m.s.t.SpringManagedTransaction - JDBC Connection [HikariProxyConnection@1085830293 wrapping com.mysql.cj.jdbc.ConnectionImpl@5782fd26] will not be managed by Spring
2025-01-10 07:48:56 [http-nio-8080-exec-9] DEBUG c.s.d.m.CommonMapper.selectLnbList - ==>  Preparing: SELECT CT_LNB_IDX AS ctLnbIdx, CT_LNB_ID AS ctLnbId, CT_LNB_NAME AS ctLnbName, CT_LNB_SUB_YN AS ctLnbSubYn, CT_LNB_URL AS ctLnbUrl, CT_LNB_USE_YN AS ctLnbUseYn FROM CT_LNB WHERE CT_LNB_USE_YN = 'Y' ORDER BY CT_LNB_IDX
2025-01-10 07:48:56 [http-nio-8080-exec-9] DEBUG c.s.d.m.CommonMapper.selectLnbList - ==> Parameters: 
2025-01-10 07:48:56 [http-nio-8080-exec-9] DEBUG c.s.d.m.CommonMapper.selectLnbList - <==      Total: 4
2025-01-10 07:48:56 [http-nio-8080-exec-9] DEBUG org.mybatis.spring.SqlSessionUtils - Closing non transactional SqlSession [org.apache.ibatis.session.defaults.DefaultSqlSession@4f9b98ad]
2025-01-10 07:48:56 [http-nio-8080-exec-1] DEBUG org.mybatis.spring.SqlSessionUtils - Creating a new SqlSession
2025-01-10 07:48:56 [http-nio-8080-exec-1] DEBUG org.mybatis.spring.SqlSessionUtils - SqlSession [org.apache.ibatis.session.defaults.DefaultSqlSession@6ca21bbb] was not registered for synchronization because synchronization is not active
2025-01-10 07:48:56 [http-nio-8080-exec-1] DEBUG o.m.s.t.SpringManagedTransaction - JDBC Connection [HikariProxyConnection@1606987884 wrapping com.mysql.cj.jdbc.ConnectionImpl@5782fd26] will not be managed by Spring
2025-01-10 07:48:56 [http-nio-8080-exec-1] DEBUG c.s.d.m.CommonMapper.selectLnbList - ==>  Preparing: SELECT CT_LNB_IDX AS ctLnbIdx, CT_LNB_ID AS ctLnbId, CT_LNB_NAME AS ctLnbName, CT_LNB_SUB_YN AS ctLnbSubYn, CT_LNB_URL AS ctLnbUrl, CT_LNB_USE_YN AS ctLnbUseYn FROM CT_LNB WHERE CT_LNB_USE_YN = 'Y' ORDER BY CT_LNB_IDX
2025-01-10 07:48:56 [http-nio-8080-exec-1] DEBUG c.s.d.m.CommonMapper.selectLnbList - ==> Parameters: 
2025-01-10 07:48:56 [http-nio-8080-exec-1] DEBUG c.s.d.m.CommonMapper.selectLnbList - <==      Total: 4
2025-01-10 07:48:56 [http-nio-8080-exec-1] DEBUG org.mybatis.spring.SqlSessionUtils - Closing non transactional SqlSession [org.apache.ibatis.session.defaults.DefaultSqlSession@6ca21bbb]
2025-01-10 07:48:56 [http-nio-8080-exec-5] DEBUG org.mybatis.spring.SqlSessionUtils - Creating a new SqlSession
2025-01-10 07:48:56 [http-nio-8080-exec-5] DEBUG org.mybatis.spring.SqlSessionUtils - SqlSession [org.apache.ibatis.session.defaults.DefaultSqlSession@3286a718] was not registered for synchronization because synchronization is not active
2025-01-10 07:48:56 [http-nio-8080-exec-5] DEBUG o.m.s.t.SpringManagedTransaction - JDBC Connection [HikariProxyConnection@2053756067 wrapping com.mysql.cj.jdbc.ConnectionImpl@5782fd26] will not be managed by Spring
2025-01-10 07:48:56 [http-nio-8080-exec-5] DEBUG c.s.d.m.C.selectLnbSubList - ==>  Preparing: SELECT CT_LNB_SUB_IDX AS ctLnbSubIdx, CT_LNB_ID AS ctLnbId, CT_LNB_SUB_ID AS ctLnbSubId, CT_LNB_SUB_NAME AS ctLnbSubName, CT_LNB_SUB_URL AS ctLnbSubUrl FROM CT_LNB_SUB WHERE CT_LNB_ID = ? ORDER BY CT_LNB_SUB_IDX
2025-01-10 07:48:56 [http-nio-8080-exec-5] DEBUG c.s.d.m.C.selectLnbSubList - ==> Parameters: CT_LNB_INFORMATION(String)
2025-01-10 07:48:56 [http-nio-8080-exec-5] DEBUG c.s.d.m.C.selectLnbSubList - <==      Total: 2
2025-01-10 07:48:56 [http-nio-8080-exec-5] DEBUG org.mybatis.spring.SqlSessionUtils - Closing non transactional SqlSession [org.apache.ibatis.session.defaults.DefaultSqlSession@3286a718]
2025-01-10 07:48:56 [http-nio-8080-exec-4] DEBUG org.mybatis.spring.SqlSessionUtils - Creating a new SqlSession
2025-01-10 07:48:56 [http-nio-8080-exec-7] DEBUG org.mybatis.spring.SqlSessionUtils - Creating a new SqlSession
2025-01-10 07:48:56 [http-nio-8080-exec-2] DEBUG org.mybatis.spring.SqlSessionUtils - Creating a new SqlSession
2025-01-10 07:48:56 [http-nio-8080-exec-7] DEBUG org.mybatis.spring.SqlSessionUtils - SqlSession [org.apache.ibatis.session.defaults.DefaultSqlSession@23be4e79] was not registered for synchronization because synchronization is not active
2025-01-10 07:48:56 [http-nio-8080-exec-2] DEBUG org.mybatis.spring.SqlSessionUtils - SqlSession [org.apache.ibatis.session.defaults.DefaultSqlSession@5bb9c445] was not registered for synchronization because synchronization is not active
2025-01-10 07:48:56 [http-nio-8080-exec-4] DEBUG org.mybatis.spring.SqlSessionUtils - SqlSession [org.apache.ibatis.session.defaults.DefaultSqlSession@2dfad952] was not registered for synchronization because synchronization is not active
2025-01-10 07:48:56 [http-nio-8080-exec-7] DEBUG o.m.s.t.SpringManagedTransaction - JDBC Connection [HikariProxyConnection@1774502839 wrapping com.mysql.cj.jdbc.ConnectionImpl@5782fd26] will not be managed by Spring
2025-01-10 07:48:56 [http-nio-8080-exec-7] DEBUG c.s.d.m.C.selectLnbSubList - ==>  Preparing: SELECT CT_LNB_SUB_IDX AS ctLnbSubIdx, CT_LNB_ID AS ctLnbId, CT_LNB_SUB_ID AS ctLnbSubId, CT_LNB_SUB_NAME AS ctLnbSubName, CT_LNB_SUB_URL AS ctLnbSubUrl FROM CT_LNB_SUB WHERE CT_LNB_ID = ? ORDER BY CT_LNB_SUB_IDX
2025-01-10 07:48:56 [http-nio-8080-exec-2] DEBUG o.m.s.t.SpringManagedTransaction - JDBC Connection [HikariProxyConnection@1592628775 wrapping com.mysql.cj.jdbc.ConnectionImpl@55549275] will not be managed by Spring
2025-01-10 07:48:56 [http-nio-8080-exec-2] DEBUG c.s.d.m.C.selectLnbSubList - ==>  Preparing: SELECT CT_LNB_SUB_IDX AS ctLnbSubIdx, CT_LNB_ID AS ctLnbId, CT_LNB_SUB_ID AS ctLnbSubId, CT_LNB_SUB_NAME AS ctLnbSubName, CT_LNB_SUB_URL AS ctLnbSubUrl FROM CT_LNB_SUB WHERE CT_LNB_ID = ? ORDER BY CT_LNB_SUB_IDX
2025-01-10 07:48:56 [http-nio-8080-exec-7] DEBUG c.s.d.m.C.selectLnbSubList - ==> Parameters: CT_LNB_CONTACT(String)
2025-01-10 07:48:56 [http-nio-8080-exec-4] DEBUG o.m.s.t.SpringManagedTransaction - JDBC Connection [HikariProxyConnection@1585509846 wrapping com.mysql.cj.jdbc.ConnectionImpl@1b9113c5] will not be managed by Spring
2025-01-10 07:48:56 [http-nio-8080-exec-4] DEBUG c.s.d.m.C.selectLnbSubList - ==>  Preparing: SELECT CT_LNB_SUB_IDX AS ctLnbSubIdx, CT_LNB_ID AS ctLnbId, CT_LNB_SUB_ID AS ctLnbSubId, CT_LNB_SUB_NAME AS ctLnbSubName, CT_LNB_SUB_URL AS ctLnbSubUrl FROM CT_LNB_SUB WHERE CT_LNB_ID = ? ORDER BY CT_LNB_SUB_IDX
2025-01-10 07:48:56 [http-nio-8080-exec-2] DEBUG c.s.d.m.C.selectLnbSubList - ==> Parameters: CT_LNB_SERVICE(String)
2025-01-10 07:48:56 [http-nio-8080-exec-4] DEBUG c.s.d.m.C.selectLnbSubList - ==> Parameters: CT_LNB_INFORMATION(String)
2025-01-10 07:48:56 [http-nio-8080-exec-7] DEBUG c.s.d.m.C.selectLnbSubList - <==      Total: 2
2025-01-10 07:48:56 [http-nio-8080-exec-4] DEBUG c.s.d.m.C.selectLnbSubList - <==      Total: 2
2025-01-10 07:48:56 [http-nio-8080-exec-2] DEBUG c.s.d.m.C.selectLnbSubList - <==      Total: 4
2025-01-10 07:48:56 [http-nio-8080-exec-4] DEBUG org.mybatis.spring.SqlSessionUtils - Closing non transactional SqlSession [org.apache.ibatis.session.defaults.DefaultSqlSession@2dfad952]
2025-01-10 07:48:56 [http-nio-8080-exec-2] DEBUG org.mybatis.spring.SqlSessionUtils - Closing non transactional SqlSession [org.apache.ibatis.session.defaults.DefaultSqlSession@5bb9c445]
2025-01-10 07:48:56 [http-nio-8080-exec-7] DEBUG org.mybatis.spring.SqlSessionUtils - Closing non transactional SqlSession [org.apache.ibatis.session.defaults.DefaultSqlSession@23be4e79]
2025-01-10 07:48:56 [http-nio-8080-exec-6] DEBUG org.mybatis.spring.SqlSessionUtils - Creating a new SqlSession
2025-01-10 07:48:56 [http-nio-8080-exec-10] DEBUG org.mybatis.spring.SqlSessionUtils - Creating a new SqlSession
2025-01-10 07:48:56 [http-nio-8080-exec-6] DEBUG org.mybatis.spring.SqlSessionUtils - SqlSession [org.apache.ibatis.session.defaults.DefaultSqlSession@51f8490] was not registered for synchronization because synchronization is not active
2025-01-10 07:48:56 [http-nio-8080-exec-10] DEBUG org.mybatis.spring.SqlSessionUtils - SqlSession [org.apache.ibatis.session.defaults.DefaultSqlSession@1ee8dbe9] was not registered for synchronization because synchronization is not active
2025-01-10 07:48:56 [http-nio-8080-exec-6] DEBUG o.m.s.t.SpringManagedTransaction - JDBC Connection [HikariProxyConnection@42881198 wrapping com.mysql.cj.jdbc.ConnectionImpl@5782fd26] will not be managed by Spring
2025-01-10 07:48:56 [http-nio-8080-exec-10] DEBUG o.m.s.t.SpringManagedTransaction - JDBC Connection [HikariProxyConnection@12308137 wrapping com.mysql.cj.jdbc.ConnectionImpl@55549275] will not be managed by Spring
2025-01-10 07:48:56 [http-nio-8080-exec-6] DEBUG c.s.d.m.C.selectLnbSubList - ==>  Preparing: SELECT CT_LNB_SUB_IDX AS ctLnbSubIdx, CT_LNB_ID AS ctLnbId, CT_LNB_SUB_ID AS ctLnbSubId, CT_LNB_SUB_NAME AS ctLnbSubName, CT_LNB_SUB_URL AS ctLnbSubUrl FROM CT_LNB_SUB WHERE CT_LNB_ID = ? ORDER BY CT_LNB_SUB_IDX
2025-01-10 07:48:56 [http-nio-8080-exec-10] DEBUG c.s.d.m.C.selectLnbSubList - ==>  Preparing: SELECT CT_LNB_SUB_IDX AS ctLnbSubIdx, CT_LNB_ID AS ctLnbId, CT_LNB_SUB_ID AS ctLnbSubId, CT_LNB_SUB_NAME AS ctLnbSubName, CT_LNB_SUB_URL AS ctLnbSubUrl FROM CT_LNB_SUB WHERE CT_LNB_ID = ? ORDER BY CT_LNB_SUB_IDX
2025-01-10 07:48:56 [http-nio-8080-exec-6] DEBUG c.s.d.m.C.selectLnbSubList - ==> Parameters: CT_LNB_SERVICE(String)
2025-01-10 07:48:56 [http-nio-8080-exec-10] DEBUG c.s.d.m.C.selectLnbSubList - ==> Parameters: CT_LNB_CONTACT(String)
2025-01-10 07:48:56 [http-nio-8080-exec-6] DEBUG c.s.d.m.C.selectLnbSubList - <==      Total: 4
2025-01-10 07:48:56 [http-nio-8080-exec-6] DEBUG org.mybatis.spring.SqlSessionUtils - Closing non transactional SqlSession [org.apache.ibatis.session.defaults.DefaultSqlSession@51f8490]
2025-01-10 07:48:56 [http-nio-8080-exec-10] DEBUG c.s.d.m.C.selectLnbSubList - <==      Total: 2
2025-01-10 07:48:56 [http-nio-8080-exec-10] DEBUG org.mybatis.spring.SqlSessionUtils - Closing non transactional SqlSession [org.apache.ibatis.session.defaults.DefaultSqlSession@1ee8dbe9]
2025-01-10 07:49:07 [http-nio-8080-exec-8] WARN  o.t.s.p.AbstractStandardFragmentInsertionTagProcessor - [THYMELEAF][http-nio-8080-exec-8][common/layout/layout] Deprecated unwrapped fragment expression "common/fragments/header::header" found in template common/layout/layout, line 31, col 10. Please use the complete syntax of fragment expressions instead ("~{common/fragments/header::header}"). The old, unwrapped syntax for fragment expressions will be removed in future versions of Thymeleaf.
2025-01-10 07:49:07 [http-nio-8080-exec-8] WARN  o.t.s.p.AbstractStandardFragmentInsertionTagProcessor - [THYMELEAF][http-nio-8080-exec-8][common/layout/layout] Deprecated unwrapped fragment expression "common/fragments/footer::footer" found in template common/layout/layout, line 35, col 10. Please use the complete syntax of fragment expressions instead ("~{common/fragments/footer::footer}"). The old, unwrapped syntax for fragment expressions will be removed in future versions of Thymeleaf.
2025-01-10 07:49:07 [http-nio-8080-exec-8] DEBUG org.mybatis.spring.SqlSessionUtils - Creating a new SqlSession
2025-01-10 07:49:07 [http-nio-8080-exec-8] DEBUG org.mybatis.spring.SqlSessionUtils - SqlSession [org.apache.ibatis.session.defaults.DefaultSqlSession@2cf2b809] was not registered for synchronization because synchronization is not active
2025-01-10 07:49:07 [http-nio-8080-exec-8] DEBUG o.m.s.t.SpringManagedTransaction - JDBC Connection [HikariProxyConnection@1775410729 wrapping com.mysql.cj.jdbc.ConnectionImpl@5782fd26] will not be managed by Spring
2025-01-10 07:49:07 [http-nio-8080-exec-8] DEBUG c.s.d.m.CommonMapper.selectLnbList - ==>  Preparing: SELECT CT_LNB_IDX AS ctLnbIdx, CT_LNB_ID AS ctLnbId, CT_LNB_NAME AS ctLnbName, CT_LNB_SUB_YN AS ctLnbSubYn, CT_LNB_URL AS ctLnbUrl, CT_LNB_USE_YN AS ctLnbUseYn FROM CT_LNB WHERE CT_LNB_USE_YN = 'Y' ORDER BY CT_LNB_IDX
2025-01-10 07:49:07 [http-nio-8080-exec-8] DEBUG c.s.d.m.CommonMapper.selectLnbList - ==> Parameters: 
2025-01-10 07:49:07 [http-nio-8080-exec-8] DEBUG c.s.d.m.CommonMapper.selectLnbList - <==      Total: 4
2025-01-10 07:49:07 [http-nio-8080-exec-8] DEBUG org.mybatis.spring.SqlSessionUtils - Closing non transactional SqlSession [org.apache.ibatis.session.defaults.DefaultSqlSession@2cf2b809]
2025-01-10 07:49:07 [http-nio-8080-exec-5] DEBUG org.mybatis.spring.SqlSessionUtils - Creating a new SqlSession
2025-01-10 07:49:07 [http-nio-8080-exec-5] DEBUG org.mybatis.spring.SqlSessionUtils - SqlSession [org.apache.ibatis.session.defaults.DefaultSqlSession@1d82dde3] was not registered for synchronization because synchronization is not active
2025-01-10 07:49:07 [http-nio-8080-exec-5] DEBUG o.m.s.t.SpringManagedTransaction - JDBC Connection [HikariProxyConnection@296685005 wrapping com.mysql.cj.jdbc.ConnectionImpl@5782fd26] will not be managed by Spring
2025-01-10 07:49:07 [http-nio-8080-exec-5] DEBUG c.s.d.m.CommonMapper.selectLnbList - ==>  Preparing: SELECT CT_LNB_IDX AS ctLnbIdx, CT_LNB_ID AS ctLnbId, CT_LNB_NAME AS ctLnbName, CT_LNB_SUB_YN AS ctLnbSubYn, CT_LNB_URL AS ctLnbUrl, CT_LNB_USE_YN AS ctLnbUseYn FROM CT_LNB WHERE CT_LNB_USE_YN = 'Y' ORDER BY CT_LNB_IDX
2025-01-10 07:49:07 [http-nio-8080-exec-5] DEBUG c.s.d.m.CommonMapper.selectLnbList - ==> Parameters: 
2025-01-10 07:49:07 [http-nio-8080-exec-5] DEBUG c.s.d.m.CommonMapper.selectLnbList - <==      Total: 4
2025-01-10 07:49:07 [http-nio-8080-exec-5] DEBUG org.mybatis.spring.SqlSessionUtils - Closing non transactional SqlSession [org.apache.ibatis.session.defaults.DefaultSqlSession@1d82dde3]
2025-01-10 07:49:07 [http-nio-8080-exec-3] DEBUG org.mybatis.spring.SqlSessionUtils - Creating a new SqlSession
2025-01-10 07:49:07 [http-nio-8080-exec-3] DEBUG org.mybatis.spring.SqlSessionUtils - SqlSession [org.apache.ibatis.session.defaults.DefaultSqlSession@341d8b54] was not registered for synchronization because synchronization is not active
2025-01-10 07:49:07 [http-nio-8080-exec-3] DEBUG o.m.s.t.SpringManagedTransaction - JDBC Connection [HikariProxyConnection@10671566 wrapping com.mysql.cj.jdbc.ConnectionImpl@5782fd26] will not be managed by Spring
2025-01-10 07:49:07 [http-nio-8080-exec-3] DEBUG c.s.d.m.C.selectLnbSubList - ==>  Preparing: SELECT CT_LNB_SUB_IDX AS ctLnbSubIdx, CT_LNB_ID AS ctLnbId, CT_LNB_SUB_ID AS ctLnbSubId, CT_LNB_SUB_NAME AS ctLnbSubName, CT_LNB_SUB_URL AS ctLnbSubUrl FROM CT_LNB_SUB WHERE CT_LNB_ID = ? ORDER BY CT_LNB_SUB_IDX
2025-01-10 07:49:07 [http-nio-8080-exec-3] DEBUG c.s.d.m.C.selectLnbSubList - ==> Parameters: CT_LNB_INFORMATION(String)
2025-01-10 07:49:07 [http-nio-8080-exec-4] DEBUG org.mybatis.spring.SqlSessionUtils - Creating a new SqlSession
2025-01-10 07:49:07 [http-nio-8080-exec-9] DEBUG org.mybatis.spring.SqlSessionUtils - Creating a new SqlSession
2025-01-10 07:49:07 [http-nio-8080-exec-4] DEBUG org.mybatis.spring.SqlSessionUtils - SqlSession [org.apache.ibatis.session.defaults.DefaultSqlSession@2a83935f] was not registered for synchronization because synchronization is not active
2025-01-10 07:49:07 [http-nio-8080-exec-9] DEBUG org.mybatis.spring.SqlSessionUtils - SqlSession [org.apache.ibatis.session.defaults.DefaultSqlSession@5ec355c6] was not registered for synchronization because synchronization is not active
2025-01-10 07:49:07 [http-nio-8080-exec-3] DEBUG c.s.d.m.C.selectLnbSubList - <==      Total: 2
2025-01-10 07:49:07 [http-nio-8080-exec-3] DEBUG org.mybatis.spring.SqlSessionUtils - Closing non transactional SqlSession [org.apache.ibatis.session.defaults.DefaultSqlSession@341d8b54]
2025-01-10 07:49:07 [http-nio-8080-exec-4] DEBUG o.m.s.t.SpringManagedTransaction - JDBC Connection [HikariProxyConnection@958378737 wrapping com.mysql.cj.jdbc.ConnectionImpl@1b9113c5] will not be managed by Spring
2025-01-10 07:49:07 [http-nio-8080-exec-9] DEBUG o.m.s.t.SpringManagedTransaction - JDBC Connection [HikariProxyConnection@1574735447 wrapping com.mysql.cj.jdbc.ConnectionImpl@55549275] will not be managed by Spring
2025-01-10 07:49:07 [http-nio-8080-exec-4] DEBUG c.s.d.m.C.selectLnbSubList - ==>  Preparing: SELECT CT_LNB_SUB_IDX AS ctLnbSubIdx, CT_LNB_ID AS ctLnbId, CT_LNB_SUB_ID AS ctLnbSubId, CT_LNB_SUB_NAME AS ctLnbSubName, CT_LNB_SUB_URL AS ctLnbSubUrl FROM CT_LNB_SUB WHERE CT_LNB_ID = ? ORDER BY CT_LNB_SUB_IDX
2025-01-10 07:49:07 [http-nio-8080-exec-9] DEBUG c.s.d.m.C.selectLnbSubList - ==>  Preparing: SELECT CT_LNB_SUB_IDX AS ctLnbSubIdx, CT_LNB_ID AS ctLnbId, CT_LNB_SUB_ID AS ctLnbSubId, CT_LNB_SUB_NAME AS ctLnbSubName, CT_LNB_SUB_URL AS ctLnbSubUrl FROM CT_LNB_SUB WHERE CT_LNB_ID = ? ORDER BY CT_LNB_SUB_IDX
2025-01-10 07:49:07 [http-nio-8080-exec-4] DEBUG c.s.d.m.C.selectLnbSubList - ==> Parameters: CT_LNB_CONTACT(String)
2025-01-10 07:49:07 [http-nio-8080-exec-9] DEBUG c.s.d.m.C.selectLnbSubList - ==> Parameters: CT_LNB_SERVICE(String)
2025-01-10 07:49:07 [http-nio-8080-exec-4] DEBUG c.s.d.m.C.selectLnbSubList - <==      Total: 2
2025-01-10 07:49:07 [http-nio-8080-exec-9] DEBUG c.s.d.m.C.selectLnbSubList - <==      Total: 4
2025-01-10 07:49:07 [http-nio-8080-exec-4] DEBUG org.mybatis.spring.SqlSessionUtils - Closing non transactional SqlSession [org.apache.ibatis.session.defaults.DefaultSqlSession@2a83935f]
2025-01-10 07:49:07 [http-nio-8080-exec-9] DEBUG org.mybatis.spring.SqlSessionUtils - Closing non transactional SqlSession [org.apache.ibatis.session.defaults.DefaultSqlSession@5ec355c6]
2025-01-10 07:49:07 [http-nio-8080-exec-7] DEBUG org.mybatis.spring.SqlSessionUtils - Creating a new SqlSession
2025-01-10 07:49:07 [http-nio-8080-exec-7] DEBUG org.mybatis.spring.SqlSessionUtils - SqlSession [org.apache.ibatis.session.defaults.DefaultSqlSession@1670084b] was not registered for synchronization because synchronization is not active
2025-01-10 07:49:07 [http-nio-8080-exec-7] DEBUG o.m.s.t.SpringManagedTransaction - JDBC Connection [HikariProxyConnection@1508292681 wrapping com.mysql.cj.jdbc.ConnectionImpl@5782fd26] will not be managed by Spring
2025-01-10 07:49:07 [http-nio-8080-exec-7] DEBUG c.s.d.m.C.selectLnbSubList - ==>  Preparing: SELECT CT_LNB_SUB_IDX AS ctLnbSubIdx, CT_LNB_ID AS ctLnbId, CT_LNB_SUB_ID AS ctLnbSubId, CT_LNB_SUB_NAME AS ctLnbSubName, CT_LNB_SUB_URL AS ctLnbSubUrl FROM CT_LNB_SUB WHERE CT_LNB_ID = ? ORDER BY CT_LNB_SUB_IDX
2025-01-10 07:49:07 [http-nio-8080-exec-7] DEBUG c.s.d.m.C.selectLnbSubList - ==> Parameters: CT_LNB_INFORMATION(String)
2025-01-10 07:49:07 [http-nio-8080-exec-1] DEBUG org.mybatis.spring.SqlSessionUtils - Creating a new SqlSession
2025-01-10 07:49:07 [http-nio-8080-exec-1] DEBUG org.mybatis.spring.SqlSessionUtils - SqlSession [org.apache.ibatis.session.defaults.DefaultSqlSession@552b412b] was not registered for synchronization because synchronization is not active
2025-01-10 07:49:07 [http-nio-8080-exec-10] DEBUG org.mybatis.spring.SqlSessionUtils - Creating a new SqlSession
2025-01-10 07:49:07 [http-nio-8080-exec-10] DEBUG org.mybatis.spring.SqlSessionUtils - SqlSession [org.apache.ibatis.session.defaults.DefaultSqlSession@6d5a789e] was not registered for synchronization because synchronization is not active
2025-01-10 07:49:07 [http-nio-8080-exec-1] DEBUG o.m.s.t.SpringManagedTransaction - JDBC Connection [HikariProxyConnection@1495968130 wrapping com.mysql.cj.jdbc.ConnectionImpl@55549275] will not be managed by Spring
2025-01-10 07:49:07 [http-nio-8080-exec-1] DEBUG c.s.d.m.C.selectLnbSubList - ==>  Preparing: SELECT CT_LNB_SUB_IDX AS ctLnbSubIdx, CT_LNB_ID AS ctLnbId, CT_LNB_SUB_ID AS ctLnbSubId, CT_LNB_SUB_NAME AS ctLnbSubName, CT_LNB_SUB_URL AS ctLnbSubUrl FROM CT_LNB_SUB WHERE CT_LNB_ID = ? ORDER BY CT_LNB_SUB_IDX
2025-01-10 07:49:07 [http-nio-8080-exec-10] DEBUG o.m.s.t.SpringManagedTransaction - JDBC Connection [HikariProxyConnection@659593792 wrapping com.mysql.cj.jdbc.ConnectionImpl@1b9113c5] will not be managed by Spring
2025-01-10 07:49:07 [http-nio-8080-exec-10] DEBUG c.s.d.m.C.selectLnbSubList - ==>  Preparing: SELECT CT_LNB_SUB_IDX AS ctLnbSubIdx, CT_LNB_ID AS ctLnbId, CT_LNB_SUB_ID AS ctLnbSubId, CT_LNB_SUB_NAME AS ctLnbSubName, CT_LNB_SUB_URL AS ctLnbSubUrl FROM CT_LNB_SUB WHERE CT_LNB_ID = ? ORDER BY CT_LNB_SUB_IDX
2025-01-10 07:49:07 [http-nio-8080-exec-7] DEBUG c.s.d.m.C.selectLnbSubList - <==      Total: 2
2025-01-10 07:49:07 [http-nio-8080-exec-10] DEBUG c.s.d.m.C.selectLnbSubList - ==> Parameters: CT_LNB_SERVICE(String)
2025-01-10 07:49:07 [http-nio-8080-exec-1] DEBUG c.s.d.m.C.selectLnbSubList - ==> Parameters: CT_LNB_CONTACT(String)
2025-01-10 07:49:07 [http-nio-8080-exec-7] DEBUG org.mybatis.spring.SqlSessionUtils - Closing non transactional SqlSession [org.apache.ibatis.session.defaults.DefaultSqlSession@1670084b]
2025-01-10 07:49:07 [http-nio-8080-exec-1] DEBUG c.s.d.m.C.selectLnbSubList - <==      Total: 2
2025-01-10 07:49:07 [http-nio-8080-exec-10] DEBUG c.s.d.m.C.selectLnbSubList - <==      Total: 4
2025-01-10 07:49:07 [http-nio-8080-exec-10] DEBUG org.mybatis.spring.SqlSessionUtils - Closing non transactional SqlSession [org.apache.ibatis.session.defaults.DefaultSqlSession@6d5a789e]
2025-01-10 07:49:07 [http-nio-8080-exec-1] DEBUG org.mybatis.spring.SqlSessionUtils - Closing non transactional SqlSession [org.apache.ibatis.session.defaults.DefaultSqlSession@552b412b]
2025-01-10 07:49:23 [http-nio-8080-exec-6] WARN  o.t.s.p.AbstractStandardFragmentInsertionTagProcessor - [THYMELEAF][http-nio-8080-exec-6][common/layout/layout] Deprecated unwrapped fragment expression "common/fragments/header::header" found in template common/layout/layout, line 31, col 10. Please use the complete syntax of fragment expressions instead ("~{common/fragments/header::header}"). The old, unwrapped syntax for fragment expressions will be removed in future versions of Thymeleaf.
2025-01-10 07:49:23 [http-nio-8080-exec-6] WARN  o.t.s.p.AbstractStandardFragmentInsertionTagProcessor - [THYMELEAF][http-nio-8080-exec-6][common/layout/layout] Deprecated unwrapped fragment expression "common/fragments/footer::footer" found in template common/layout/layout, line 35, col 10. Please use the complete syntax of fragment expressions instead ("~{common/fragments/footer::footer}"). The old, unwrapped syntax for fragment expressions will be removed in future versions of Thymeleaf.
2025-01-10 07:49:23 [http-nio-8080-exec-6] DEBUG org.mybatis.spring.SqlSessionUtils - Creating a new SqlSession
2025-01-10 07:49:23 [http-nio-8080-exec-6] DEBUG org.mybatis.spring.SqlSessionUtils - SqlSession [org.apache.ibatis.session.defaults.DefaultSqlSession@7d12f0d7] was not registered for synchronization because synchronization is not active
2025-01-10 07:49:23 [http-nio-8080-exec-6] DEBUG o.m.s.t.SpringManagedTransaction - JDBC Connection [HikariProxyConnection@71419590 wrapping com.mysql.cj.jdbc.ConnectionImpl@5782fd26] will not be managed by Spring
2025-01-10 07:49:23 [http-nio-8080-exec-6] DEBUG c.s.d.m.CommonMapper.selectLnbList - ==>  Preparing: SELECT CT_LNB_IDX AS ctLnbIdx, CT_LNB_ID AS ctLnbId, CT_LNB_NAME AS ctLnbName, CT_LNB_SUB_YN AS ctLnbSubYn, CT_LNB_URL AS ctLnbUrl, CT_LNB_USE_YN AS ctLnbUseYn FROM CT_LNB WHERE CT_LNB_USE_YN = 'Y' ORDER BY CT_LNB_IDX
2025-01-10 07:49:23 [http-nio-8080-exec-6] DEBUG c.s.d.m.CommonMapper.selectLnbList - ==> Parameters: 
2025-01-10 07:49:23 [http-nio-8080-exec-6] DEBUG c.s.d.m.CommonMapper.selectLnbList - <==      Total: 4
2025-01-10 07:49:23 [http-nio-8080-exec-6] DEBUG org.mybatis.spring.SqlSessionUtils - Closing non transactional SqlSession [org.apache.ibatis.session.defaults.DefaultSqlSession@7d12f0d7]
2025-01-10 07:49:23 [http-nio-8080-exec-2] DEBUG org.mybatis.spring.SqlSessionUtils - Creating a new SqlSession
2025-01-10 07:49:23 [http-nio-8080-exec-2] DEBUG org.mybatis.spring.SqlSessionUtils - SqlSession [org.apache.ibatis.session.defaults.DefaultSqlSession@2bd1c3ff] was not registered for synchronization because synchronization is not active
2025-01-10 07:49:23 [http-nio-8080-exec-2] DEBUG o.m.s.t.SpringManagedTransaction - JDBC Connection [HikariProxyConnection@1920907381 wrapping com.mysql.cj.jdbc.ConnectionImpl@55549275] will not be managed by Spring
2025-01-10 07:49:23 [http-nio-8080-exec-2] DEBUG c.s.d.m.CommonMapper.selectLnbList - ==>  Preparing: SELECT CT_LNB_IDX AS ctLnbIdx, CT_LNB_ID AS ctLnbId, CT_LNB_NAME AS ctLnbName, CT_LNB_SUB_YN AS ctLnbSubYn, CT_LNB_URL AS ctLnbUrl, CT_LNB_USE_YN AS ctLnbUseYn FROM CT_LNB WHERE CT_LNB_USE_YN = 'Y' ORDER BY CT_LNB_IDX
2025-01-10 07:49:23 [http-nio-8080-exec-2] DEBUG c.s.d.m.CommonMapper.selectLnbList - ==> Parameters: 
2025-01-10 07:49:23 [http-nio-8080-exec-2] DEBUG c.s.d.m.CommonMapper.selectLnbList - <==      Total: 4
2025-01-10 07:49:23 [http-nio-8080-exec-2] DEBUG org.mybatis.spring.SqlSessionUtils - Closing non transactional SqlSession [org.apache.ibatis.session.defaults.DefaultSqlSession@2bd1c3ff]
2025-01-10 07:49:23 [http-nio-8080-exec-8] DEBUG org.mybatis.spring.SqlSessionUtils - Creating a new SqlSession
2025-01-10 07:49:23 [http-nio-8080-exec-8] DEBUG org.mybatis.spring.SqlSessionUtils - SqlSession [org.apache.ibatis.session.defaults.DefaultSqlSession@25ee5621] was not registered for synchronization because synchronization is not active
2025-01-10 07:49:23 [http-nio-8080-exec-8] DEBUG o.m.s.t.SpringManagedTransaction - JDBC Connection [HikariProxyConnection@1479583587 wrapping com.mysql.cj.jdbc.ConnectionImpl@5782fd26] will not be managed by Spring
2025-01-10 07:49:23 [http-nio-8080-exec-8] DEBUG c.s.d.m.C.selectLnbSubList - ==>  Preparing: SELECT CT_LNB_SUB_IDX AS ctLnbSubIdx, CT_LNB_ID AS ctLnbId, CT_LNB_SUB_ID AS ctLnbSubId, CT_LNB_SUB_NAME AS ctLnbSubName, CT_LNB_SUB_URL AS ctLnbSubUrl FROM CT_LNB_SUB WHERE CT_LNB_ID = ? ORDER BY CT_LNB_SUB_IDX
2025-01-10 07:49:23 [http-nio-8080-exec-8] DEBUG c.s.d.m.C.selectLnbSubList - ==> Parameters: CT_LNB_INFORMATION(String)
2025-01-10 07:49:23 [http-nio-8080-exec-8] DEBUG c.s.d.m.C.selectLnbSubList - <==      Total: 2
2025-01-10 07:49:23 [http-nio-8080-exec-8] DEBUG org.mybatis.spring.SqlSessionUtils - Closing non transactional SqlSession [org.apache.ibatis.session.defaults.DefaultSqlSession@25ee5621]
2025-01-10 07:49:23 [http-nio-8080-exec-9] DEBUG org.mybatis.spring.SqlSessionUtils - Creating a new SqlSession
2025-01-10 07:49:23 [http-nio-8080-exec-9] DEBUG org.mybatis.spring.SqlSessionUtils - SqlSession [org.apache.ibatis.session.defaults.DefaultSqlSession@59974164] was not registered for synchronization because synchronization is not active
2025-01-10 07:49:23 [http-nio-8080-exec-9] DEBUG o.m.s.t.SpringManagedTransaction - JDBC Connection [HikariProxyConnection@1610666551 wrapping com.mysql.cj.jdbc.ConnectionImpl@55549275] will not be managed by Spring
2025-01-10 07:49:23 [http-nio-8080-exec-3] DEBUG org.mybatis.spring.SqlSessionUtils - Creating a new SqlSession
2025-01-10 07:49:23 [http-nio-8080-exec-9] DEBUG c.s.d.m.C.selectLnbSubList - ==>  Preparing: SELECT CT_LNB_SUB_IDX AS ctLnbSubIdx, CT_LNB_ID AS ctLnbId, CT_LNB_SUB_ID AS ctLnbSubId, CT_LNB_SUB_NAME AS ctLnbSubName, CT_LNB_SUB_URL AS ctLnbSubUrl FROM CT_LNB_SUB WHERE CT_LNB_ID = ? ORDER BY CT_LNB_SUB_IDX
2025-01-10 07:49:23 [http-nio-8080-exec-3] DEBUG org.mybatis.spring.SqlSessionUtils - SqlSession [org.apache.ibatis.session.defaults.DefaultSqlSession@5c2dd28b] was not registered for synchronization because synchronization is not active
2025-01-10 07:49:23 [http-nio-8080-exec-3] DEBUG o.m.s.t.SpringManagedTransaction - JDBC Connection [HikariProxyConnection@1348692989 wrapping com.mysql.cj.jdbc.ConnectionImpl@5782fd26] will not be managed by Spring
2025-01-10 07:49:23 [http-nio-8080-exec-3] DEBUG c.s.d.m.C.selectLnbSubList - ==>  Preparing: SELECT CT_LNB_SUB_IDX AS ctLnbSubIdx, CT_LNB_ID AS ctLnbId, CT_LNB_SUB_ID AS ctLnbSubId, CT_LNB_SUB_NAME AS ctLnbSubName, CT_LNB_SUB_URL AS ctLnbSubUrl FROM CT_LNB_SUB WHERE CT_LNB_ID = ? ORDER BY CT_LNB_SUB_IDX
2025-01-10 07:49:23 [http-nio-8080-exec-9] DEBUG c.s.d.m.C.selectLnbSubList - ==> Parameters: CT_LNB_CONTACT(String)
2025-01-10 07:49:23 [http-nio-8080-exec-3] DEBUG c.s.d.m.C.selectLnbSubList - ==> Parameters: CT_LNB_SERVICE(String)
2025-01-10 07:49:23 [http-nio-8080-exec-4] DEBUG org.mybatis.spring.SqlSessionUtils - Creating a new SqlSession
2025-01-10 07:49:23 [http-nio-8080-exec-4] DEBUG org.mybatis.spring.SqlSessionUtils - SqlSession [org.apache.ibatis.session.defaults.DefaultSqlSession@68016415] was not registered for synchronization because synchronization is not active
2025-01-10 07:49:23 [http-nio-8080-exec-4] DEBUG o.m.s.t.SpringManagedTransaction - JDBC Connection [HikariProxyConnection@743295966 wrapping com.mysql.cj.jdbc.ConnectionImpl@1b9113c5] will not be managed by Spring
2025-01-10 07:49:23 [http-nio-8080-exec-9] DEBUG c.s.d.m.C.selectLnbSubList - <==      Total: 2
2025-01-10 07:49:23 [http-nio-8080-exec-4] DEBUG c.s.d.m.C.selectLnbSubList - ==>  Preparing: SELECT CT_LNB_SUB_IDX AS ctLnbSubIdx, CT_LNB_ID AS ctLnbId, CT_LNB_SUB_ID AS ctLnbSubId, CT_LNB_SUB_NAME AS ctLnbSubName, CT_LNB_SUB_URL AS ctLnbSubUrl FROM CT_LNB_SUB WHERE CT_LNB_ID = ? ORDER BY CT_LNB_SUB_IDX
2025-01-10 07:49:23 [http-nio-8080-exec-3] DEBUG c.s.d.m.C.selectLnbSubList - <==      Total: 4
2025-01-10 07:49:23 [http-nio-8080-exec-9] DEBUG org.mybatis.spring.SqlSessionUtils - Closing non transactional SqlSession [org.apache.ibatis.session.defaults.DefaultSqlSession@59974164]
2025-01-10 07:49:23 [http-nio-8080-exec-3] DEBUG org.mybatis.spring.SqlSessionUtils - Closing non transactional SqlSession [org.apache.ibatis.session.defaults.DefaultSqlSession@5c2dd28b]
2025-01-10 07:49:23 [http-nio-8080-exec-4] DEBUG c.s.d.m.C.selectLnbSubList - ==> Parameters: CT_LNB_INFORMATION(String)
2025-01-10 07:49:23 [http-nio-8080-exec-4] DEBUG c.s.d.m.C.selectLnbSubList - <==      Total: 2
2025-01-10 07:49:23 [http-nio-8080-exec-4] DEBUG org.mybatis.spring.SqlSessionUtils - Closing non transactional SqlSession [org.apache.ibatis.session.defaults.DefaultSqlSession@68016415]
2025-01-10 07:49:23 [http-nio-8080-exec-7] DEBUG org.mybatis.spring.SqlSessionUtils - Creating a new SqlSession
2025-01-10 07:49:23 [http-nio-8080-exec-5] DEBUG org.mybatis.spring.SqlSessionUtils - Creating a new SqlSession
2025-01-10 07:49:23 [http-nio-8080-exec-7] DEBUG org.mybatis.spring.SqlSessionUtils - SqlSession [org.apache.ibatis.session.defaults.DefaultSqlSession@13bbd5d0] was not registered for synchronization because synchronization is not active
2025-01-10 07:49:23 [http-nio-8080-exec-5] DEBUG org.mybatis.spring.SqlSessionUtils - SqlSession [org.apache.ibatis.session.defaults.DefaultSqlSession@6e799214] was not registered for synchronization because synchronization is not active
2025-01-10 07:49:23 [http-nio-8080-exec-5] DEBUG o.m.s.t.SpringManagedTransaction - JDBC Connection [HikariProxyConnection@131148659 wrapping com.mysql.cj.jdbc.ConnectionImpl@55549275] will not be managed by Spring
2025-01-10 07:49:23 [http-nio-8080-exec-7] DEBUG o.m.s.t.SpringManagedTransaction - JDBC Connection [HikariProxyConnection@824545051 wrapping com.mysql.cj.jdbc.ConnectionImpl@5782fd26] will not be managed by Spring
2025-01-10 07:49:23 [http-nio-8080-exec-5] DEBUG c.s.d.m.C.selectLnbSubList - ==>  Preparing: SELECT CT_LNB_SUB_IDX AS ctLnbSubIdx, CT_LNB_ID AS ctLnbId, CT_LNB_SUB_ID AS ctLnbSubId, CT_LNB_SUB_NAME AS ctLnbSubName, CT_LNB_SUB_URL AS ctLnbSubUrl FROM CT_LNB_SUB WHERE CT_LNB_ID = ? ORDER BY CT_LNB_SUB_IDX
2025-01-10 07:49:23 [http-nio-8080-exec-7] DEBUG c.s.d.m.C.selectLnbSubList - ==>  Preparing: SELECT CT_LNB_SUB_IDX AS ctLnbSubIdx, CT_LNB_ID AS ctLnbId, CT_LNB_SUB_ID AS ctLnbSubId, CT_LNB_SUB_NAME AS ctLnbSubName, CT_LNB_SUB_URL AS ctLnbSubUrl FROM CT_LNB_SUB WHERE CT_LNB_ID = ? ORDER BY CT_LNB_SUB_IDX
2025-01-10 07:49:23 [http-nio-8080-exec-5] DEBUG c.s.d.m.C.selectLnbSubList - ==> Parameters: CT_LNB_CONTACT(String)
2025-01-10 07:49:23 [http-nio-8080-exec-7] DEBUG c.s.d.m.C.selectLnbSubList - ==> Parameters: CT_LNB_SERVICE(String)
2025-01-10 07:49:23 [http-nio-8080-exec-5] DEBUG c.s.d.m.C.selectLnbSubList - <==      Total: 2
2025-01-10 07:49:23 [http-nio-8080-exec-7] DEBUG c.s.d.m.C.selectLnbSubList - <==      Total: 4
2025-01-10 07:49:23 [http-nio-8080-exec-7] DEBUG org.mybatis.spring.SqlSessionUtils - Closing non transactional SqlSession [org.apache.ibatis.session.defaults.DefaultSqlSession@13bbd5d0]
2025-01-10 07:49:23 [http-nio-8080-exec-5] DEBUG org.mybatis.spring.SqlSessionUtils - Closing non transactional SqlSession [org.apache.ibatis.session.defaults.DefaultSqlSession@6e799214]
2025-01-10 07:49:35 [http-nio-8080-exec-1] WARN  o.t.s.p.AbstractStandardFragmentInsertionTagProcessor - [THYMELEAF][http-nio-8080-exec-1][common/layout/layout] Deprecated unwrapped fragment expression "common/fragments/header::header" found in template common/layout/layout, line 31, col 10. Please use the complete syntax of fragment expressions instead ("~{common/fragments/header::header}"). The old, unwrapped syntax for fragment expressions will be removed in future versions of Thymeleaf.
2025-01-10 07:49:35 [http-nio-8080-exec-1] WARN  o.t.s.p.AbstractStandardFragmentInsertionTagProcessor - [THYMELEAF][http-nio-8080-exec-1][common/layout/layout] Deprecated unwrapped fragment expression "common/fragments/footer::footer" found in template common/layout/layout, line 35, col 10. Please use the complete syntax of fragment expressions instead ("~{common/fragments/footer::footer}"). The old, unwrapped syntax for fragment expressions will be removed in future versions of Thymeleaf.
2025-01-10 07:49:35 [http-nio-8080-exec-1] DEBUG org.mybatis.spring.SqlSessionUtils - Creating a new SqlSession
2025-01-10 07:49:35 [http-nio-8080-exec-1] DEBUG org.mybatis.spring.SqlSessionUtils - SqlSession [org.apache.ibatis.session.defaults.DefaultSqlSession@62433ce3] was not registered for synchronization because synchronization is not active
2025-01-10 07:49:35 [http-nio-8080-exec-1] DEBUG o.m.s.t.SpringManagedTransaction - JDBC Connection [HikariProxyConnection@2018279413 wrapping com.mysql.cj.jdbc.ConnectionImpl@55549275] will not be managed by Spring
2025-01-10 07:49:35 [http-nio-8080-exec-1] DEBUG c.s.d.m.CommonMapper.selectLnbList - ==>  Preparing: SELECT CT_LNB_IDX AS ctLnbIdx, CT_LNB_ID AS ctLnbId, CT_LNB_NAME AS ctLnbName, CT_LNB_SUB_YN AS ctLnbSubYn, CT_LNB_URL AS ctLnbUrl, CT_LNB_USE_YN AS ctLnbUseYn FROM CT_LNB WHERE CT_LNB_USE_YN = 'Y' ORDER BY CT_LNB_IDX
2025-01-10 07:49:35 [http-nio-8080-exec-1] DEBUG c.s.d.m.CommonMapper.selectLnbList - ==> Parameters: 
2025-01-10 07:49:35 [http-nio-8080-exec-1] DEBUG c.s.d.m.CommonMapper.selectLnbList - <==      Total: 4
2025-01-10 07:49:35 [http-nio-8080-exec-1] DEBUG org.mybatis.spring.SqlSessionUtils - Closing non transactional SqlSession [org.apache.ibatis.session.defaults.DefaultSqlSession@62433ce3]
2025-01-10 07:49:35 [http-nio-8080-exec-8] DEBUG org.mybatis.spring.SqlSessionUtils - Creating a new SqlSession
2025-01-10 07:49:35 [http-nio-8080-exec-8] DEBUG org.mybatis.spring.SqlSessionUtils - SqlSession [org.apache.ibatis.session.defaults.DefaultSqlSession@66dda686] was not registered for synchronization because synchronization is not active
2025-01-10 07:49:35 [http-nio-8080-exec-8] DEBUG o.m.s.t.SpringManagedTransaction - JDBC Connection [HikariProxyConnection@998973057 wrapping com.mysql.cj.jdbc.ConnectionImpl@5782fd26] will not be managed by Spring
2025-01-10 07:49:35 [http-nio-8080-exec-8] DEBUG c.s.d.m.CommonMapper.selectLnbList - ==>  Preparing: SELECT CT_LNB_IDX AS ctLnbIdx, CT_LNB_ID AS ctLnbId, CT_LNB_NAME AS ctLnbName, CT_LNB_SUB_YN AS ctLnbSubYn, CT_LNB_URL AS ctLnbUrl, CT_LNB_USE_YN AS ctLnbUseYn FROM CT_LNB WHERE CT_LNB_USE_YN = 'Y' ORDER BY CT_LNB_IDX
2025-01-10 07:49:35 [http-nio-8080-exec-8] DEBUG c.s.d.m.CommonMapper.selectLnbList - ==> Parameters: 
2025-01-10 07:49:35 [http-nio-8080-exec-8] DEBUG c.s.d.m.CommonMapper.selectLnbList - <==      Total: 4
2025-01-10 07:49:35 [http-nio-8080-exec-8] DEBUG org.mybatis.spring.SqlSessionUtils - Closing non transactional SqlSession [org.apache.ibatis.session.defaults.DefaultSqlSession@66dda686]
2025-01-10 07:49:35 [http-nio-8080-exec-10] DEBUG org.mybatis.spring.SqlSessionUtils - Creating a new SqlSession
2025-01-10 07:49:35 [http-nio-8080-exec-6] DEBUG org.mybatis.spring.SqlSessionUtils - Creating a new SqlSession
2025-01-10 07:49:35 [http-nio-8080-exec-3] DEBUG org.mybatis.spring.SqlSessionUtils - Creating a new SqlSession
2025-01-10 07:49:35 [http-nio-8080-exec-10] DEBUG org.mybatis.spring.SqlSessionUtils - SqlSession [org.apache.ibatis.session.defaults.DefaultSqlSession@172e08d3] was not registered for synchronization because synchronization is not active
2025-01-10 07:49:35 [http-nio-8080-exec-6] DEBUG org.mybatis.spring.SqlSessionUtils - SqlSession [org.apache.ibatis.session.defaults.DefaultSqlSession@127d175e] was not registered for synchronization because synchronization is not active
2025-01-10 07:49:35 [http-nio-8080-exec-3] DEBUG org.mybatis.spring.SqlSessionUtils - SqlSession [org.apache.ibatis.session.defaults.DefaultSqlSession@21190886] was not registered for synchronization because synchronization is not active
2025-01-10 07:49:35 [http-nio-8080-exec-3] DEBUG o.m.s.t.SpringManagedTransaction - JDBC Connection [HikariProxyConnection@1785639899 wrapping com.mysql.cj.jdbc.ConnectionImpl@5782fd26] will not be managed by Spring
2025-01-10 07:49:35 [http-nio-8080-exec-6] DEBUG o.m.s.t.SpringManagedTransaction - JDBC Connection [HikariProxyConnection@402687009 wrapping com.mysql.cj.jdbc.ConnectionImpl@55549275] will not be managed by Spring
2025-01-10 07:49:35 [http-nio-8080-exec-3] DEBUG c.s.d.m.C.selectLnbSubList - ==>  Preparing: SELECT CT_LNB_SUB_IDX AS ctLnbSubIdx, CT_LNB_ID AS ctLnbId, CT_LNB_SUB_ID AS ctLnbSubId, CT_LNB_SUB_NAME AS ctLnbSubName, CT_LNB_SUB_URL AS ctLnbSubUrl FROM CT_LNB_SUB WHERE CT_LNB_ID = ? ORDER BY CT_LNB_SUB_IDX
2025-01-10 07:49:35 [http-nio-8080-exec-6] DEBUG c.s.d.m.C.selectLnbSubList - ==>  Preparing: SELECT CT_LNB_SUB_IDX AS ctLnbSubIdx, CT_LNB_ID AS ctLnbId, CT_LNB_SUB_ID AS ctLnbSubId, CT_LNB_SUB_NAME AS ctLnbSubName, CT_LNB_SUB_URL AS ctLnbSubUrl FROM CT_LNB_SUB WHERE CT_LNB_ID = ? ORDER BY CT_LNB_SUB_IDX
2025-01-10 07:49:35 [http-nio-8080-exec-10] DEBUG o.m.s.t.SpringManagedTransaction - JDBC Connection [HikariProxyConnection@523284476 wrapping com.mysql.cj.jdbc.ConnectionImpl@1b9113c5] will not be managed by Spring
2025-01-10 07:49:35 [http-nio-8080-exec-3] DEBUG c.s.d.m.C.selectLnbSubList - ==> Parameters: CT_LNB_CONTACT(String)
2025-01-10 07:49:35 [http-nio-8080-exec-6] DEBUG c.s.d.m.C.selectLnbSubList - ==> Parameters: CT_LNB_SERVICE(String)
2025-01-10 07:49:35 [http-nio-8080-exec-10] DEBUG c.s.d.m.C.selectLnbSubList - ==>  Preparing: SELECT CT_LNB_SUB_IDX AS ctLnbSubIdx, CT_LNB_ID AS ctLnbId, CT_LNB_SUB_ID AS ctLnbSubId, CT_LNB_SUB_NAME AS ctLnbSubName, CT_LNB_SUB_URL AS ctLnbSubUrl FROM CT_LNB_SUB WHERE CT_LNB_ID = ? ORDER BY CT_LNB_SUB_IDX
2025-01-10 07:49:35 [http-nio-8080-exec-10] DEBUG c.s.d.m.C.selectLnbSubList - ==> Parameters: CT_LNB_INFORMATION(String)
2025-01-10 07:49:35 [http-nio-8080-exec-10] DEBUG c.s.d.m.C.selectLnbSubList - <==      Total: 2
2025-01-10 07:49:35 [http-nio-8080-exec-3] DEBUG c.s.d.m.C.selectLnbSubList - <==      Total: 2
2025-01-10 07:49:35 [http-nio-8080-exec-6] DEBUG c.s.d.m.C.selectLnbSubList - <==      Total: 4
2025-01-10 07:49:35 [http-nio-8080-exec-3] DEBUG org.mybatis.spring.SqlSessionUtils - Closing non transactional SqlSession [org.apache.ibatis.session.defaults.DefaultSqlSession@21190886]
2025-01-10 07:49:35 [http-nio-8080-exec-10] DEBUG org.mybatis.spring.SqlSessionUtils - Closing non transactional SqlSession [org.apache.ibatis.session.defaults.DefaultSqlSession@172e08d3]
2025-01-10 07:49:35 [http-nio-8080-exec-6] DEBUG org.mybatis.spring.SqlSessionUtils - Closing non transactional SqlSession [org.apache.ibatis.session.defaults.DefaultSqlSession@127d175e]
2025-01-10 07:49:35 [http-nio-8080-exec-9] DEBUG org.mybatis.spring.SqlSessionUtils - Creating a new SqlSession
2025-01-10 07:49:35 [http-nio-8080-exec-2] DEBUG org.mybatis.spring.SqlSessionUtils - Creating a new SqlSession
2025-01-10 07:49:35 [http-nio-8080-exec-5] DEBUG org.mybatis.spring.SqlSessionUtils - Creating a new SqlSession
2025-01-10 07:49:35 [http-nio-8080-exec-9] DEBUG org.mybatis.spring.SqlSessionUtils - SqlSession [org.apache.ibatis.session.defaults.DefaultSqlSession@1082b148] was not registered for synchronization because synchronization is not active
2025-01-10 07:49:35 [http-nio-8080-exec-2] DEBUG org.mybatis.spring.SqlSessionUtils - SqlSession [org.apache.ibatis.session.defaults.DefaultSqlSession@116a200c] was not registered for synchronization because synchronization is not active
2025-01-10 07:49:35 [http-nio-8080-exec-5] DEBUG org.mybatis.spring.SqlSessionUtils - SqlSession [org.apache.ibatis.session.defaults.DefaultSqlSession@6574bbc7] was not registered for synchronization because synchronization is not active
2025-01-10 07:49:35 [http-nio-8080-exec-9] DEBUG o.m.s.t.SpringManagedTransaction - JDBC Connection [HikariProxyConnection@1987397637 wrapping com.mysql.cj.jdbc.ConnectionImpl@55549275] will not be managed by Spring
2025-01-10 07:49:35 [http-nio-8080-exec-2] DEBUG o.m.s.t.SpringManagedTransaction - JDBC Connection [HikariProxyConnection@382766916 wrapping com.mysql.cj.jdbc.ConnectionImpl@1b9113c5] will not be managed by Spring
2025-01-10 07:49:35 [http-nio-8080-exec-9] DEBUG c.s.d.m.C.selectLnbSubList - ==>  Preparing: SELECT CT_LNB_SUB_IDX AS ctLnbSubIdx, CT_LNB_ID AS ctLnbId, CT_LNB_SUB_ID AS ctLnbSubId, CT_LNB_SUB_NAME AS ctLnbSubName, CT_LNB_SUB_URL AS ctLnbSubUrl FROM CT_LNB_SUB WHERE CT_LNB_ID = ? ORDER BY CT_LNB_SUB_IDX
2025-01-10 07:49:35 [http-nio-8080-exec-2] DEBUG c.s.d.m.C.selectLnbSubList - ==>  Preparing: SELECT CT_LNB_SUB_IDX AS ctLnbSubIdx, CT_LNB_ID AS ctLnbId, CT_LNB_SUB_ID AS ctLnbSubId, CT_LNB_SUB_NAME AS ctLnbSubName, CT_LNB_SUB_URL AS ctLnbSubUrl FROM CT_LNB_SUB WHERE CT_LNB_ID = ? ORDER BY CT_LNB_SUB_IDX
2025-01-10 07:49:35 [http-nio-8080-exec-5] DEBUG o.m.s.t.SpringManagedTransaction - JDBC Connection [HikariProxyConnection@1935055673 wrapping com.mysql.cj.jdbc.ConnectionImpl@5782fd26] will not be managed by Spring
2025-01-10 07:49:35 [http-nio-8080-exec-5] DEBUG c.s.d.m.C.selectLnbSubList - ==>  Preparing: SELECT CT_LNB_SUB_IDX AS ctLnbSubIdx, CT_LNB_ID AS ctLnbId, CT_LNB_SUB_ID AS ctLnbSubId, CT_LNB_SUB_NAME AS ctLnbSubName, CT_LNB_SUB_URL AS ctLnbSubUrl FROM CT_LNB_SUB WHERE CT_LNB_ID = ? ORDER BY CT_LNB_SUB_IDX
2025-01-10 07:49:35 [http-nio-8080-exec-2] DEBUG c.s.d.m.C.selectLnbSubList - ==> Parameters: CT_LNB_CONTACT(String)
2025-01-10 07:49:35 [http-nio-8080-exec-9] DEBUG c.s.d.m.C.selectLnbSubList - ==> Parameters: CT_LNB_SERVICE(String)
2025-01-10 07:49:35 [http-nio-8080-exec-5] DEBUG c.s.d.m.C.selectLnbSubList - ==> Parameters: CT_LNB_INFORMATION(String)
2025-01-10 07:49:35 [http-nio-8080-exec-2] DEBUG c.s.d.m.C.selectLnbSubList - <==      Total: 2
2025-01-10 07:49:35 [http-nio-8080-exec-5] DEBUG c.s.d.m.C.selectLnbSubList - <==      Total: 2
2025-01-10 07:49:35 [http-nio-8080-exec-9] DEBUG c.s.d.m.C.selectLnbSubList - <==      Total: 4
2025-01-10 07:49:35 [http-nio-8080-exec-2] DEBUG org.mybatis.spring.SqlSessionUtils - Closing non transactional SqlSession [org.apache.ibatis.session.defaults.DefaultSqlSession@116a200c]
2025-01-10 07:49:35 [http-nio-8080-exec-5] DEBUG org.mybatis.spring.SqlSessionUtils - Closing non transactional SqlSession [org.apache.ibatis.session.defaults.DefaultSqlSession@6574bbc7]
2025-01-10 07:49:35 [http-nio-8080-exec-9] DEBUG org.mybatis.spring.SqlSessionUtils - Closing non transactional SqlSession [org.apache.ibatis.session.defaults.DefaultSqlSession@1082b148]
2025-01-10 07:51:16 [http-nio-8080-exec-6] WARN  o.t.s.p.AbstractStandardFragmentInsertionTagProcessor - [THYMELEAF][http-nio-8080-exec-6][common/layout/layout] Deprecated unwrapped fragment expression "common/fragments/header::header" found in template common/layout/layout, line 31, col 10. Please use the complete syntax of fragment expressions instead ("~{common/fragments/header::header}"). The old, unwrapped syntax for fragment expressions will be removed in future versions of Thymeleaf.
2025-01-10 07:51:16 [http-nio-8080-exec-6] WARN  o.t.s.p.AbstractStandardFragmentInsertionTagProcessor - [THYMELEAF][http-nio-8080-exec-6][common/layout/layout] Deprecated unwrapped fragment expression "common/fragments/footer::footer" found in template common/layout/layout, line 35, col 10. Please use the complete syntax of fragment expressions instead ("~{common/fragments/footer::footer}"). The old, unwrapped syntax for fragment expressions will be removed in future versions of Thymeleaf.
2025-01-10 07:51:16 [http-nio-8080-exec-6] DEBUG org.mybatis.spring.SqlSessionUtils - Creating a new SqlSession
2025-01-10 07:51:16 [http-nio-8080-exec-6] DEBUG org.mybatis.spring.SqlSessionUtils - SqlSession [org.apache.ibatis.session.defaults.DefaultSqlSession@1bba61c] was not registered for synchronization because synchronization is not active
2025-01-10 07:51:16 [http-nio-8080-exec-6] DEBUG o.m.s.t.SpringManagedTransaction - JDBC Connection [HikariProxyConnection@1654065753 wrapping com.mysql.cj.jdbc.ConnectionImpl@55549275] will not be managed by Spring
2025-01-10 07:51:16 [http-nio-8080-exec-6] DEBUG c.s.d.m.CommonMapper.selectLnbList - ==>  Preparing: SELECT CT_LNB_IDX AS ctLnbIdx, CT_LNB_ID AS ctLnbId, CT_LNB_NAME AS ctLnbName, CT_LNB_SUB_YN AS ctLnbSubYn, CT_LNB_URL AS ctLnbUrl, CT_LNB_USE_YN AS ctLnbUseYn FROM CT_LNB WHERE CT_LNB_USE_YN = 'Y' ORDER BY CT_LNB_IDX
2025-01-10 07:51:16 [http-nio-8080-exec-6] DEBUG c.s.d.m.CommonMapper.selectLnbList - ==> Parameters: 
2025-01-10 07:51:16 [http-nio-8080-exec-6] DEBUG c.s.d.m.CommonMapper.selectLnbList - <==      Total: 4
2025-01-10 07:51:16 [http-nio-8080-exec-6] DEBUG org.mybatis.spring.SqlSessionUtils - Closing non transactional SqlSession [org.apache.ibatis.session.defaults.DefaultSqlSession@1bba61c]
2025-01-10 07:51:16 [http-nio-8080-exec-2] DEBUG org.mybatis.spring.SqlSessionUtils - Creating a new SqlSession
2025-01-10 07:51:16 [http-nio-8080-exec-2] DEBUG org.mybatis.spring.SqlSessionUtils - SqlSession [org.apache.ibatis.session.defaults.DefaultSqlSession@49eee535] was not registered for synchronization because synchronization is not active
2025-01-10 07:51:16 [http-nio-8080-exec-2] DEBUG o.m.s.t.SpringManagedTransaction - JDBC Connection [HikariProxyConnection@1540815331 wrapping com.mysql.cj.jdbc.ConnectionImpl@1b9113c5] will not be managed by Spring
2025-01-10 07:51:16 [http-nio-8080-exec-2] DEBUG c.s.d.m.CommonMapper.selectLnbList - ==>  Preparing: SELECT CT_LNB_IDX AS ctLnbIdx, CT_LNB_ID AS ctLnbId, CT_LNB_NAME AS ctLnbName, CT_LNB_SUB_YN AS ctLnbSubYn, CT_LNB_URL AS ctLnbUrl, CT_LNB_USE_YN AS ctLnbUseYn FROM CT_LNB WHERE CT_LNB_USE_YN = 'Y' ORDER BY CT_LNB_IDX
2025-01-10 07:51:16 [http-nio-8080-exec-2] DEBUG c.s.d.m.CommonMapper.selectLnbList - ==> Parameters: 
2025-01-10 07:51:16 [http-nio-8080-exec-2] DEBUG c.s.d.m.CommonMapper.selectLnbList - <==      Total: 4
2025-01-10 07:51:16 [http-nio-8080-exec-2] DEBUG org.mybatis.spring.SqlSessionUtils - Closing non transactional SqlSession [org.apache.ibatis.session.defaults.DefaultSqlSession@49eee535]
2025-01-10 07:51:16 [http-nio-8080-exec-5] DEBUG org.mybatis.spring.SqlSessionUtils - Creating a new SqlSession
2025-01-10 07:51:16 [http-nio-8080-exec-5] DEBUG org.mybatis.spring.SqlSessionUtils - SqlSession [org.apache.ibatis.session.defaults.DefaultSqlSession@6015d0bb] was not registered for synchronization because synchronization is not active
2025-01-10 07:51:16 [http-nio-8080-exec-5] DEBUG o.m.s.t.SpringManagedTransaction - JDBC Connection [HikariProxyConnection@668795091 wrapping com.mysql.cj.jdbc.ConnectionImpl@5782fd26] will not be managed by Spring
2025-01-10 07:51:16 [http-nio-8080-exec-5] DEBUG c.s.d.m.C.selectLnbSubList - ==>  Preparing: SELECT CT_LNB_SUB_IDX AS ctLnbSubIdx, CT_LNB_ID AS ctLnbId, CT_LNB_SUB_ID AS ctLnbSubId, CT_LNB_SUB_NAME AS ctLnbSubName, CT_LNB_SUB_URL AS ctLnbSubUrl FROM CT_LNB_SUB WHERE CT_LNB_ID = ? ORDER BY CT_LNB_SUB_IDX
2025-01-10 07:51:16 [http-nio-8080-exec-5] DEBUG c.s.d.m.C.selectLnbSubList - ==> Parameters: CT_LNB_INFORMATION(String)
2025-01-10 07:51:16 [http-nio-8080-exec-4] DEBUG org.mybatis.spring.SqlSessionUtils - Creating a new SqlSession
2025-01-10 07:51:16 [http-nio-8080-exec-8] DEBUG org.mybatis.spring.SqlSessionUtils - Creating a new SqlSession
2025-01-10 07:51:16 [http-nio-8080-exec-4] DEBUG org.mybatis.spring.SqlSessionUtils - SqlSession [org.apache.ibatis.session.defaults.DefaultSqlSession@74068741] was not registered for synchronization because synchronization is not active
2025-01-10 07:51:16 [http-nio-8080-exec-8] DEBUG org.mybatis.spring.SqlSessionUtils - SqlSession [org.apache.ibatis.session.defaults.DefaultSqlSession@7b8f10f4] was not registered for synchronization because synchronization is not active
2025-01-10 07:51:16 [http-nio-8080-exec-8] DEBUG o.m.s.t.SpringManagedTransaction - JDBC Connection [HikariProxyConnection@412317202 wrapping com.mysql.cj.jdbc.ConnectionImpl@55549275] will not be managed by Spring
2025-01-10 07:51:16 [http-nio-8080-exec-4] DEBUG o.m.s.t.SpringManagedTransaction - JDBC Connection [HikariProxyConnection@1513865175 wrapping com.mysql.cj.jdbc.ConnectionImpl@1b9113c5] will not be managed by Spring
2025-01-10 07:51:16 [http-nio-8080-exec-8] DEBUG c.s.d.m.C.selectLnbSubList - ==>  Preparing: SELECT CT_LNB_SUB_IDX AS ctLnbSubIdx, CT_LNB_ID AS ctLnbId, CT_LNB_SUB_ID AS ctLnbSubId, CT_LNB_SUB_NAME AS ctLnbSubName, CT_LNB_SUB_URL AS ctLnbSubUrl FROM CT_LNB_SUB WHERE CT_LNB_ID = ? ORDER BY CT_LNB_SUB_IDX
2025-01-10 07:51:16 [http-nio-8080-exec-4] DEBUG c.s.d.m.C.selectLnbSubList - ==>  Preparing: SELECT CT_LNB_SUB_IDX AS ctLnbSubIdx, CT_LNB_ID AS ctLnbId, CT_LNB_SUB_ID AS ctLnbSubId, CT_LNB_SUB_NAME AS ctLnbSubName, CT_LNB_SUB_URL AS ctLnbSubUrl FROM CT_LNB_SUB WHERE CT_LNB_ID = ? ORDER BY CT_LNB_SUB_IDX
2025-01-10 07:51:16 [http-nio-8080-exec-5] DEBUG c.s.d.m.C.selectLnbSubList - <==      Total: 2
2025-01-10 07:51:16 [http-nio-8080-exec-4] DEBUG c.s.d.m.C.selectLnbSubList - ==> Parameters: CT_LNB_CONTACT(String)
2025-01-10 07:51:16 [http-nio-8080-exec-8] DEBUG c.s.d.m.C.selectLnbSubList - ==> Parameters: CT_LNB_SERVICE(String)
2025-01-10 07:51:16 [http-nio-8080-exec-5] DEBUG org.mybatis.spring.SqlSessionUtils - Closing non transactional SqlSession [org.apache.ibatis.session.defaults.DefaultSqlSession@6015d0bb]
2025-01-10 07:51:16 [http-nio-8080-exec-4] DEBUG c.s.d.m.C.selectLnbSubList - <==      Total: 2
2025-01-10 07:51:16 [http-nio-8080-exec-8] DEBUG c.s.d.m.C.selectLnbSubList - <==      Total: 4
2025-01-10 07:51:16 [http-nio-8080-exec-4] DEBUG org.mybatis.spring.SqlSessionUtils - Closing non transactional SqlSession [org.apache.ibatis.session.defaults.DefaultSqlSession@74068741]
2025-01-10 07:51:16 [http-nio-8080-exec-8] DEBUG org.mybatis.spring.SqlSessionUtils - Closing non transactional SqlSession [org.apache.ibatis.session.defaults.DefaultSqlSession@7b8f10f4]
2025-01-10 07:51:16 [http-nio-8080-exec-10] DEBUG org.mybatis.spring.SqlSessionUtils - Creating a new SqlSession
2025-01-10 07:51:16 [http-nio-8080-exec-10] DEBUG org.mybatis.spring.SqlSessionUtils - SqlSession [org.apache.ibatis.session.defaults.DefaultSqlSession@469bd89b] was not registered for synchronization because synchronization is not active
2025-01-10 07:51:16 [http-nio-8080-exec-10] DEBUG o.m.s.t.SpringManagedTransaction - JDBC Connection [HikariProxyConnection@1548669179 wrapping com.mysql.cj.jdbc.ConnectionImpl@1b9113c5] will not be managed by Spring
2025-01-10 07:51:16 [http-nio-8080-exec-10] DEBUG c.s.d.m.C.selectLnbSubList - ==>  Preparing: SELECT CT_LNB_SUB_IDX AS ctLnbSubIdx, CT_LNB_ID AS ctLnbId, CT_LNB_SUB_ID AS ctLnbSubId, CT_LNB_SUB_NAME AS ctLnbSubName, CT_LNB_SUB_URL AS ctLnbSubUrl FROM CT_LNB_SUB WHERE CT_LNB_ID = ? ORDER BY CT_LNB_SUB_IDX
2025-01-10 07:51:16 [http-nio-8080-exec-10] DEBUG c.s.d.m.C.selectLnbSubList - ==> Parameters: CT_LNB_INFORMATION(String)
2025-01-10 07:51:16 [http-nio-8080-exec-9] DEBUG org.mybatis.spring.SqlSessionUtils - Creating a new SqlSession
2025-01-10 07:51:16 [http-nio-8080-exec-7] DEBUG org.mybatis.spring.SqlSessionUtils - Creating a new SqlSession
2025-01-10 07:51:16 [http-nio-8080-exec-7] DEBUG org.mybatis.spring.SqlSessionUtils - SqlSession [org.apache.ibatis.session.defaults.DefaultSqlSession@4b9f7e22] was not registered for synchronization because synchronization is not active
2025-01-10 07:51:16 [http-nio-8080-exec-9] DEBUG org.mybatis.spring.SqlSessionUtils - SqlSession [org.apache.ibatis.session.defaults.DefaultSqlSession@9a517e5] was not registered for synchronization because synchronization is not active
2025-01-10 07:51:16 [http-nio-8080-exec-7] DEBUG o.m.s.t.SpringManagedTransaction - JDBC Connection [HikariProxyConnection@552299012 wrapping com.mysql.cj.jdbc.ConnectionImpl@5782fd26] will not be managed by Spring
2025-01-10 07:51:16 [http-nio-8080-exec-9] DEBUG o.m.s.t.SpringManagedTransaction - JDBC Connection [HikariProxyConnection@1431061428 wrapping com.mysql.cj.jdbc.ConnectionImpl@55549275] will not be managed by Spring
2025-01-10 07:51:16 [http-nio-8080-exec-7] DEBUG c.s.d.m.C.selectLnbSubList - ==>  Preparing: SELECT CT_LNB_SUB_IDX AS ctLnbSubIdx, CT_LNB_ID AS ctLnbId, CT_LNB_SUB_ID AS ctLnbSubId, CT_LNB_SUB_NAME AS ctLnbSubName, CT_LNB_SUB_URL AS ctLnbSubUrl FROM CT_LNB_SUB WHERE CT_LNB_ID = ? ORDER BY CT_LNB_SUB_IDX
2025-01-10 07:51:16 [http-nio-8080-exec-9] DEBUG c.s.d.m.C.selectLnbSubList - ==>  Preparing: SELECT CT_LNB_SUB_IDX AS ctLnbSubIdx, CT_LNB_ID AS ctLnbId, CT_LNB_SUB_ID AS ctLnbSubId, CT_LNB_SUB_NAME AS ctLnbSubName, CT_LNB_SUB_URL AS ctLnbSubUrl FROM CT_LNB_SUB WHERE CT_LNB_ID = ? ORDER BY CT_LNB_SUB_IDX
2025-01-10 07:51:16 [http-nio-8080-exec-7] DEBUG c.s.d.m.C.selectLnbSubList - ==> Parameters: CT_LNB_CONTACT(String)
2025-01-10 07:51:16 [http-nio-8080-exec-9] DEBUG c.s.d.m.C.selectLnbSubList - ==> Parameters: CT_LNB_SERVICE(String)
2025-01-10 07:51:16 [http-nio-8080-exec-10] DEBUG c.s.d.m.C.selectLnbSubList - <==      Total: 2
2025-01-10 07:51:16 [http-nio-8080-exec-10] DEBUG org.mybatis.spring.SqlSessionUtils - Closing non transactional SqlSession [org.apache.ibatis.session.defaults.DefaultSqlSession@469bd89b]
2025-01-10 07:51:16 [http-nio-8080-exec-7] DEBUG c.s.d.m.C.selectLnbSubList - <==      Total: 2
2025-01-10 07:51:16 [http-nio-8080-exec-9] DEBUG c.s.d.m.C.selectLnbSubList - <==      Total: 4
2025-01-10 07:51:16 [http-nio-8080-exec-7] DEBUG org.mybatis.spring.SqlSessionUtils - Closing non transactional SqlSession [org.apache.ibatis.session.defaults.DefaultSqlSession@4b9f7e22]
2025-01-10 07:51:16 [http-nio-8080-exec-9] DEBUG org.mybatis.spring.SqlSessionUtils - Closing non transactional SqlSession [org.apache.ibatis.session.defaults.DefaultSqlSession@9a517e5]
2025-01-10 07:51:26 [http-nio-8080-exec-3] WARN  o.t.s.p.AbstractStandardFragmentInsertionTagProcessor - [THYMELEAF][http-nio-8080-exec-3][common/layout/layout] Deprecated unwrapped fragment expression "common/fragments/header::header" found in template common/layout/layout, line 31, col 10. Please use the complete syntax of fragment expressions instead ("~{common/fragments/header::header}"). The old, unwrapped syntax for fragment expressions will be removed in future versions of Thymeleaf.
2025-01-10 07:51:26 [http-nio-8080-exec-3] WARN  o.t.s.p.AbstractStandardFragmentInsertionTagProcessor - [THYMELEAF][http-nio-8080-exec-3][common/layout/layout] Deprecated unwrapped fragment expression "common/fragments/footer::footer" found in template common/layout/layout, line 35, col 10. Please use the complete syntax of fragment expressions instead ("~{common/fragments/footer::footer}"). The old, unwrapped syntax for fragment expressions will be removed in future versions of Thymeleaf.
2025-01-10 07:51:26 [http-nio-8080-exec-3] DEBUG org.mybatis.spring.SqlSessionUtils - Creating a new SqlSession
2025-01-10 07:51:26 [http-nio-8080-exec-3] DEBUG org.mybatis.spring.SqlSessionUtils - SqlSession [org.apache.ibatis.session.defaults.DefaultSqlSession@36d6ed6f] was not registered for synchronization because synchronization is not active
2025-01-10 07:51:26 [http-nio-8080-exec-3] DEBUG o.m.s.t.SpringManagedTransaction - JDBC Connection [HikariProxyConnection@1540412159 wrapping com.mysql.cj.jdbc.ConnectionImpl@5782fd26] will not be managed by Spring
2025-01-10 07:51:26 [http-nio-8080-exec-3] DEBUG c.s.d.m.CommonMapper.selectLnbList - ==>  Preparing: SELECT CT_LNB_IDX AS ctLnbIdx, CT_LNB_ID AS ctLnbId, CT_LNB_NAME AS ctLnbName, CT_LNB_SUB_YN AS ctLnbSubYn, CT_LNB_URL AS ctLnbUrl, CT_LNB_USE_YN AS ctLnbUseYn FROM CT_LNB WHERE CT_LNB_USE_YN = 'Y' ORDER BY CT_LNB_IDX
2025-01-10 07:51:26 [http-nio-8080-exec-3] DEBUG c.s.d.m.CommonMapper.selectLnbList - ==> Parameters: 
2025-01-10 07:51:26 [http-nio-8080-exec-3] DEBUG c.s.d.m.CommonMapper.selectLnbList - <==      Total: 4
2025-01-10 07:51:26 [http-nio-8080-exec-3] DEBUG org.mybatis.spring.SqlSessionUtils - Closing non transactional SqlSession [org.apache.ibatis.session.defaults.DefaultSqlSession@36d6ed6f]
2025-01-10 07:51:26 [http-nio-8080-exec-1] DEBUG org.mybatis.spring.SqlSessionUtils - Creating a new SqlSession
2025-01-10 07:51:26 [http-nio-8080-exec-1] DEBUG org.mybatis.spring.SqlSessionUtils - SqlSession [org.apache.ibatis.session.defaults.DefaultSqlSession@6b0f84a2] was not registered for synchronization because synchronization is not active
2025-01-10 07:51:26 [http-nio-8080-exec-1] DEBUG o.m.s.t.SpringManagedTransaction - JDBC Connection [HikariProxyConnection@582500705 wrapping com.mysql.cj.jdbc.ConnectionImpl@55549275] will not be managed by Spring
2025-01-10 07:51:26 [http-nio-8080-exec-1] DEBUG c.s.d.m.CommonMapper.selectLnbList - ==>  Preparing: SELECT CT_LNB_IDX AS ctLnbIdx, CT_LNB_ID AS ctLnbId, CT_LNB_NAME AS ctLnbName, CT_LNB_SUB_YN AS ctLnbSubYn, CT_LNB_URL AS ctLnbUrl, CT_LNB_USE_YN AS ctLnbUseYn FROM CT_LNB WHERE CT_LNB_USE_YN = 'Y' ORDER BY CT_LNB_IDX
2025-01-10 07:51:26 [http-nio-8080-exec-1] DEBUG c.s.d.m.CommonMapper.selectLnbList - ==> Parameters: 
2025-01-10 07:51:26 [http-nio-8080-exec-1] DEBUG c.s.d.m.CommonMapper.selectLnbList - <==      Total: 4
2025-01-10 07:51:26 [http-nio-8080-exec-1] DEBUG org.mybatis.spring.SqlSessionUtils - Closing non transactional SqlSession [org.apache.ibatis.session.defaults.DefaultSqlSession@6b0f84a2]
2025-01-10 07:51:26 [http-nio-8080-exec-5] DEBUG org.mybatis.spring.SqlSessionUtils - Creating a new SqlSession
2025-01-10 07:51:26 [http-nio-8080-exec-5] DEBUG org.mybatis.spring.SqlSessionUtils - SqlSession [org.apache.ibatis.session.defaults.DefaultSqlSession@787ded4e] was not registered for synchronization because synchronization is not active
2025-01-10 07:51:26 [http-nio-8080-exec-5] DEBUG o.m.s.t.SpringManagedTransaction - JDBC Connection [HikariProxyConnection@929669386 wrapping com.mysql.cj.jdbc.ConnectionImpl@5782fd26] will not be managed by Spring
2025-01-10 07:51:26 [http-nio-8080-exec-5] DEBUG c.s.d.m.C.selectLnbSubList - ==>  Preparing: SELECT CT_LNB_SUB_IDX AS ctLnbSubIdx, CT_LNB_ID AS ctLnbId, CT_LNB_SUB_ID AS ctLnbSubId, CT_LNB_SUB_NAME AS ctLnbSubName, CT_LNB_SUB_URL AS ctLnbSubUrl FROM CT_LNB_SUB WHERE CT_LNB_ID = ? ORDER BY CT_LNB_SUB_IDX
2025-01-10 07:51:26 [http-nio-8080-exec-5] DEBUG c.s.d.m.C.selectLnbSubList - ==> Parameters: CT_LNB_INFORMATION(String)
2025-01-10 07:51:26 [http-nio-8080-exec-8] DEBUG org.mybatis.spring.SqlSessionUtils - Creating a new SqlSession
2025-01-10 07:51:26 [http-nio-8080-exec-6] DEBUG org.mybatis.spring.SqlSessionUtils - Creating a new SqlSession
2025-01-10 07:51:26 [http-nio-8080-exec-5] DEBUG c.s.d.m.C.selectLnbSubList - <==      Total: 2
2025-01-10 07:51:26 [http-nio-8080-exec-8] DEBUG org.mybatis.spring.SqlSessionUtils - SqlSession [org.apache.ibatis.session.defaults.DefaultSqlSession@3c07f1c3] was not registered for synchronization because synchronization is not active
2025-01-10 07:51:26 [http-nio-8080-exec-6] DEBUG org.mybatis.spring.SqlSessionUtils - SqlSession [org.apache.ibatis.session.defaults.DefaultSqlSession@1acfad57] was not registered for synchronization because synchronization is not active
2025-01-10 07:51:26 [http-nio-8080-exec-5] DEBUG org.mybatis.spring.SqlSessionUtils - Closing non transactional SqlSession [org.apache.ibatis.session.defaults.DefaultSqlSession@787ded4e]
2025-01-10 07:51:26 [http-nio-8080-exec-6] DEBUG o.m.s.t.SpringManagedTransaction - JDBC Connection [HikariProxyConnection@1087420821 wrapping com.mysql.cj.jdbc.ConnectionImpl@55549275] will not be managed by Spring
2025-01-10 07:51:26 [http-nio-8080-exec-6] DEBUG c.s.d.m.C.selectLnbSubList - ==>  Preparing: SELECT CT_LNB_SUB_IDX AS ctLnbSubIdx, CT_LNB_ID AS ctLnbId, CT_LNB_SUB_ID AS ctLnbSubId, CT_LNB_SUB_NAME AS ctLnbSubName, CT_LNB_SUB_URL AS ctLnbSubUrl FROM CT_LNB_SUB WHERE CT_LNB_ID = ? ORDER BY CT_LNB_SUB_IDX
2025-01-10 07:51:26 [http-nio-8080-exec-8] DEBUG o.m.s.t.SpringManagedTransaction - JDBC Connection [HikariProxyConnection@1067918263 wrapping com.mysql.cj.jdbc.ConnectionImpl@1b9113c5] will not be managed by Spring
2025-01-10 07:51:26 [http-nio-8080-exec-6] DEBUG c.s.d.m.C.selectLnbSubList - ==> Parameters: CT_LNB_CONTACT(String)
2025-01-10 07:51:26 [http-nio-8080-exec-8] DEBUG c.s.d.m.C.selectLnbSubList - ==>  Preparing: SELECT CT_LNB_SUB_IDX AS ctLnbSubIdx, CT_LNB_ID AS ctLnbId, CT_LNB_SUB_ID AS ctLnbSubId, CT_LNB_SUB_NAME AS ctLnbSubName, CT_LNB_SUB_URL AS ctLnbSubUrl FROM CT_LNB_SUB WHERE CT_LNB_ID = ? ORDER BY CT_LNB_SUB_IDX
2025-01-10 07:51:26 [http-nio-8080-exec-8] DEBUG c.s.d.m.C.selectLnbSubList - ==> Parameters: CT_LNB_SERVICE(String)
2025-01-10 07:51:26 [http-nio-8080-exec-6] DEBUG c.s.d.m.C.selectLnbSubList - <==      Total: 2
2025-01-10 07:51:26 [http-nio-8080-exec-6] DEBUG org.mybatis.spring.SqlSessionUtils - Closing non transactional SqlSession [org.apache.ibatis.session.defaults.DefaultSqlSession@1acfad57]
2025-01-10 07:51:26 [http-nio-8080-exec-8] DEBUG c.s.d.m.C.selectLnbSubList - <==      Total: 4
2025-01-10 07:51:26 [http-nio-8080-exec-8] DEBUG org.mybatis.spring.SqlSessionUtils - Closing non transactional SqlSession [org.apache.ibatis.session.defaults.DefaultSqlSession@3c07f1c3]
2025-01-10 07:51:26 [http-nio-8080-exec-4] DEBUG org.mybatis.spring.SqlSessionUtils - Creating a new SqlSession
2025-01-10 07:51:26 [http-nio-8080-exec-4] DEBUG org.mybatis.spring.SqlSessionUtils - SqlSession [org.apache.ibatis.session.defaults.DefaultSqlSession@6ecac0e8] was not registered for synchronization because synchronization is not active
2025-01-10 07:51:26 [http-nio-8080-exec-4] DEBUG o.m.s.t.SpringManagedTransaction - JDBC Connection [HikariProxyConnection@1770528737 wrapping com.mysql.cj.jdbc.ConnectionImpl@1b9113c5] will not be managed by Spring
2025-01-10 07:51:26 [http-nio-8080-exec-4] DEBUG c.s.d.m.C.selectLnbSubList - ==>  Preparing: SELECT CT_LNB_SUB_IDX AS ctLnbSubIdx, CT_LNB_ID AS ctLnbId, CT_LNB_SUB_ID AS ctLnbSubId, CT_LNB_SUB_NAME AS ctLnbSubName, CT_LNB_SUB_URL AS ctLnbSubUrl FROM CT_LNB_SUB WHERE CT_LNB_ID = ? ORDER BY CT_LNB_SUB_IDX
2025-01-10 07:51:26 [http-nio-8080-exec-4] DEBUG c.s.d.m.C.selectLnbSubList - ==> Parameters: CT_LNB_INFORMATION(String)
2025-01-10 07:51:26 [http-nio-8080-exec-9] DEBUG org.mybatis.spring.SqlSessionUtils - Creating a new SqlSession
2025-01-10 07:51:26 [http-nio-8080-exec-2] DEBUG org.mybatis.spring.SqlSessionUtils - Creating a new SqlSession
2025-01-10 07:51:26 [http-nio-8080-exec-9] DEBUG org.mybatis.spring.SqlSessionUtils - SqlSession [org.apache.ibatis.session.defaults.DefaultSqlSession@40d4960b] was not registered for synchronization because synchronization is not active
2025-01-10 07:51:26 [http-nio-8080-exec-2] DEBUG org.mybatis.spring.SqlSessionUtils - SqlSession [org.apache.ibatis.session.defaults.DefaultSqlSession@534d9f13] was not registered for synchronization because synchronization is not active
2025-01-10 07:51:26 [http-nio-8080-exec-9] DEBUG o.m.s.t.SpringManagedTransaction - JDBC Connection [HikariProxyConnection@1999776838 wrapping com.mysql.cj.jdbc.ConnectionImpl@55549275] will not be managed by Spring
2025-01-10 07:51:26 [http-nio-8080-exec-2] DEBUG o.m.s.t.SpringManagedTransaction - JDBC Connection [HikariProxyConnection@1069051256 wrapping com.mysql.cj.jdbc.ConnectionImpl@5782fd26] will not be managed by Spring
2025-01-10 07:51:26 [http-nio-8080-exec-9] DEBUG c.s.d.m.C.selectLnbSubList - ==>  Preparing: SELECT CT_LNB_SUB_IDX AS ctLnbSubIdx, CT_LNB_ID AS ctLnbId, CT_LNB_SUB_ID AS ctLnbSubId, CT_LNB_SUB_NAME AS ctLnbSubName, CT_LNB_SUB_URL AS ctLnbSubUrl FROM CT_LNB_SUB WHERE CT_LNB_ID = ? ORDER BY CT_LNB_SUB_IDX
2025-01-10 07:51:26 [http-nio-8080-exec-2] DEBUG c.s.d.m.C.selectLnbSubList - ==>  Preparing: SELECT CT_LNB_SUB_IDX AS ctLnbSubIdx, CT_LNB_ID AS ctLnbId, CT_LNB_SUB_ID AS ctLnbSubId, CT_LNB_SUB_NAME AS ctLnbSubName, CT_LNB_SUB_URL AS ctLnbSubUrl FROM CT_LNB_SUB WHERE CT_LNB_ID = ? ORDER BY CT_LNB_SUB_IDX
2025-01-10 07:51:26 [http-nio-8080-exec-4] DEBUG c.s.d.m.C.selectLnbSubList - <==      Total: 2
2025-01-10 07:51:26 [http-nio-8080-exec-2] DEBUG c.s.d.m.C.selectLnbSubList - ==> Parameters: CT_LNB_CONTACT(String)
2025-01-10 07:51:26 [http-nio-8080-exec-9] DEBUG c.s.d.m.C.selectLnbSubList - ==> Parameters: CT_LNB_SERVICE(String)
2025-01-10 07:51:26 [http-nio-8080-exec-4] DEBUG org.mybatis.spring.SqlSessionUtils - Closing non transactional SqlSession [org.apache.ibatis.session.defaults.DefaultSqlSession@6ecac0e8]
2025-01-10 07:51:26 [http-nio-8080-exec-2] DEBUG c.s.d.m.C.selectLnbSubList - <==      Total: 2
2025-01-10 07:51:26 [http-nio-8080-exec-9] DEBUG c.s.d.m.C.selectLnbSubList - <==      Total: 4
2025-01-10 07:51:26 [http-nio-8080-exec-2] DEBUG org.mybatis.spring.SqlSessionUtils - Closing non transactional SqlSession [org.apache.ibatis.session.defaults.DefaultSqlSession@534d9f13]
2025-01-10 07:51:26 [http-nio-8080-exec-9] DEBUG org.mybatis.spring.SqlSessionUtils - Closing non transactional SqlSession [org.apache.ibatis.session.defaults.DefaultSqlSession@40d4960b]
2025-01-10 07:51:53 [http-nio-8080-exec-7] WARN  o.t.s.p.AbstractStandardFragmentInsertionTagProcessor - [THYMELEAF][http-nio-8080-exec-7][common/layout/layout] Deprecated unwrapped fragment expression "common/fragments/header::header" found in template common/layout/layout, line 31, col 10. Please use the complete syntax of fragment expressions instead ("~{common/fragments/header::header}"). The old, unwrapped syntax for fragment expressions will be removed in future versions of Thymeleaf.
2025-01-10 07:51:53 [http-nio-8080-exec-7] WARN  o.t.s.p.AbstractStandardFragmentInsertionTagProcessor - [THYMELEAF][http-nio-8080-exec-7][common/layout/layout] Deprecated unwrapped fragment expression "common/fragments/footer::footer" found in template common/layout/layout, line 35, col 10. Please use the complete syntax of fragment expressions instead ("~{common/fragments/footer::footer}"). The old, unwrapped syntax for fragment expressions will be removed in future versions of Thymeleaf.
2025-01-10 07:51:53 [http-nio-8080-exec-7] DEBUG org.mybatis.spring.SqlSessionUtils - Creating a new SqlSession
2025-01-10 07:51:53 [http-nio-8080-exec-7] DEBUG org.mybatis.spring.SqlSessionUtils - SqlSession [org.apache.ibatis.session.defaults.DefaultSqlSession@25a41e28] was not registered for synchronization because synchronization is not active
2025-01-10 07:51:53 [http-nio-8080-exec-7] DEBUG o.m.s.t.SpringManagedTransaction - JDBC Connection [HikariProxyConnection@1516606668 wrapping com.mysql.cj.jdbc.ConnectionImpl@5782fd26] will not be managed by Spring
2025-01-10 07:51:53 [http-nio-8080-exec-7] DEBUG c.s.d.m.CommonMapper.selectLnbList - ==>  Preparing: SELECT CT_LNB_IDX AS ctLnbIdx, CT_LNB_ID AS ctLnbId, CT_LNB_NAME AS ctLnbName, CT_LNB_SUB_YN AS ctLnbSubYn, CT_LNB_URL AS ctLnbUrl, CT_LNB_USE_YN AS ctLnbUseYn FROM CT_LNB WHERE CT_LNB_USE_YN = 'Y' ORDER BY CT_LNB_IDX
2025-01-10 07:51:53 [http-nio-8080-exec-7] DEBUG c.s.d.m.CommonMapper.selectLnbList - ==> Parameters: 
2025-01-10 07:51:53 [http-nio-8080-exec-7] DEBUG c.s.d.m.CommonMapper.selectLnbList - <==      Total: 4
2025-01-10 07:51:53 [http-nio-8080-exec-7] DEBUG org.mybatis.spring.SqlSessionUtils - Closing non transactional SqlSession [org.apache.ibatis.session.defaults.DefaultSqlSession@25a41e28]
2025-01-10 07:51:53 [http-nio-8080-exec-10] DEBUG org.mybatis.spring.SqlSessionUtils - Creating a new SqlSession
2025-01-10 07:51:53 [http-nio-8080-exec-10] DEBUG org.mybatis.spring.SqlSessionUtils - SqlSession [org.apache.ibatis.session.defaults.DefaultSqlSession@3572628] was not registered for synchronization because synchronization is not active
2025-01-10 07:51:53 [http-nio-8080-exec-10] DEBUG o.m.s.t.SpringManagedTransaction - JDBC Connection [HikariProxyConnection@1144644419 wrapping com.mysql.cj.jdbc.ConnectionImpl@1b9113c5] will not be managed by Spring
2025-01-10 07:51:53 [http-nio-8080-exec-10] DEBUG c.s.d.m.CommonMapper.selectLnbList - ==>  Preparing: SELECT CT_LNB_IDX AS ctLnbIdx, CT_LNB_ID AS ctLnbId, CT_LNB_NAME AS ctLnbName, CT_LNB_SUB_YN AS ctLnbSubYn, CT_LNB_URL AS ctLnbUrl, CT_LNB_USE_YN AS ctLnbUseYn FROM CT_LNB WHERE CT_LNB_USE_YN = 'Y' ORDER BY CT_LNB_IDX
2025-01-10 07:51:53 [http-nio-8080-exec-10] DEBUG c.s.d.m.CommonMapper.selectLnbList - ==> Parameters: 
2025-01-10 07:51:53 [http-nio-8080-exec-10] DEBUG c.s.d.m.CommonMapper.selectLnbList - <==      Total: 4
2025-01-10 07:51:53 [http-nio-8080-exec-10] DEBUG org.mybatis.spring.SqlSessionUtils - Closing non transactional SqlSession [org.apache.ibatis.session.defaults.DefaultSqlSession@3572628]
2025-01-10 07:51:53 [http-nio-8080-exec-1] DEBUG org.mybatis.spring.SqlSessionUtils - Creating a new SqlSession
2025-01-10 07:51:53 [http-nio-8080-exec-6] DEBUG org.mybatis.spring.SqlSessionUtils - Creating a new SqlSession
2025-01-10 07:51:53 [http-nio-8080-exec-3] DEBUG org.mybatis.spring.SqlSessionUtils - Creating a new SqlSession
2025-01-10 07:51:53 [http-nio-8080-exec-1] DEBUG org.mybatis.spring.SqlSessionUtils - SqlSession [org.apache.ibatis.session.defaults.DefaultSqlSession@32d0e19a] was not registered for synchronization because synchronization is not active
2025-01-10 07:51:53 [http-nio-8080-exec-3] DEBUG org.mybatis.spring.SqlSessionUtils - SqlSession [org.apache.ibatis.session.defaults.DefaultSqlSession@448dfd7d] was not registered for synchronization because synchronization is not active
2025-01-10 07:51:53 [http-nio-8080-exec-6] DEBUG org.mybatis.spring.SqlSessionUtils - SqlSession [org.apache.ibatis.session.defaults.DefaultSqlSession@4c7a5cb2] was not registered for synchronization because synchronization is not active
2025-01-10 07:51:53 [http-nio-8080-exec-3] DEBUG o.m.s.t.SpringManagedTransaction - JDBC Connection [HikariProxyConnection@420976697 wrapping com.mysql.cj.jdbc.ConnectionImpl@5782fd26] will not be managed by Spring
2025-01-10 07:51:53 [http-nio-8080-exec-1] DEBUG o.m.s.t.SpringManagedTransaction - JDBC Connection [HikariProxyConnection@1384320488 wrapping com.mysql.cj.jdbc.ConnectionImpl@1b9113c5] will not be managed by Spring
2025-01-10 07:51:53 [http-nio-8080-exec-3] DEBUG c.s.d.m.C.selectLnbSubList - ==>  Preparing: SELECT CT_LNB_SUB_IDX AS ctLnbSubIdx, CT_LNB_ID AS ctLnbId, CT_LNB_SUB_ID AS ctLnbSubId, CT_LNB_SUB_NAME AS ctLnbSubName, CT_LNB_SUB_URL AS ctLnbSubUrl FROM CT_LNB_SUB WHERE CT_LNB_ID = ? ORDER BY CT_LNB_SUB_IDX
2025-01-10 07:51:53 [http-nio-8080-exec-1] DEBUG c.s.d.m.C.selectLnbSubList - ==>  Preparing: SELECT CT_LNB_SUB_IDX AS ctLnbSubIdx, CT_LNB_ID AS ctLnbId, CT_LNB_SUB_ID AS ctLnbSubId, CT_LNB_SUB_NAME AS ctLnbSubName, CT_LNB_SUB_URL AS ctLnbSubUrl FROM CT_LNB_SUB WHERE CT_LNB_ID = ? ORDER BY CT_LNB_SUB_IDX
2025-01-10 07:51:53 [http-nio-8080-exec-1] DEBUG c.s.d.m.C.selectLnbSubList - ==> Parameters: CT_LNB_CONTACT(String)
2025-01-10 07:51:53 [http-nio-8080-exec-3] DEBUG c.s.d.m.C.selectLnbSubList - ==> Parameters: CT_LNB_INFORMATION(String)
2025-01-10 07:51:53 [http-nio-8080-exec-6] DEBUG o.m.s.t.SpringManagedTransaction - JDBC Connection [HikariProxyConnection@161700025 wrapping com.mysql.cj.jdbc.ConnectionImpl@55549275] will not be managed by Spring
2025-01-10 07:51:53 [http-nio-8080-exec-6] DEBUG c.s.d.m.C.selectLnbSubList - ==>  Preparing: SELECT CT_LNB_SUB_IDX AS ctLnbSubIdx, CT_LNB_ID AS ctLnbId, CT_LNB_SUB_ID AS ctLnbSubId, CT_LNB_SUB_NAME AS ctLnbSubName, CT_LNB_SUB_URL AS ctLnbSubUrl FROM CT_LNB_SUB WHERE CT_LNB_ID = ? ORDER BY CT_LNB_SUB_IDX
2025-01-10 07:51:53 [http-nio-8080-exec-6] DEBUG c.s.d.m.C.selectLnbSubList - ==> Parameters: CT_LNB_SERVICE(String)
2025-01-10 07:51:53 [http-nio-8080-exec-1] DEBUG c.s.d.m.C.selectLnbSubList - <==      Total: 2
2025-01-10 07:51:53 [http-nio-8080-exec-3] DEBUG c.s.d.m.C.selectLnbSubList - <==      Total: 2
2025-01-10 07:51:53 [http-nio-8080-exec-6] DEBUG c.s.d.m.C.selectLnbSubList - <==      Total: 4
2025-01-10 07:51:53 [http-nio-8080-exec-1] DEBUG org.mybatis.spring.SqlSessionUtils - Closing non transactional SqlSession [org.apache.ibatis.session.defaults.DefaultSqlSession@32d0e19a]
2025-01-10 07:51:53 [http-nio-8080-exec-3] DEBUG org.mybatis.spring.SqlSessionUtils - Closing non transactional SqlSession [org.apache.ibatis.session.defaults.DefaultSqlSession@448dfd7d]
2025-01-10 07:51:53 [http-nio-8080-exec-6] DEBUG org.mybatis.spring.SqlSessionUtils - Closing non transactional SqlSession [org.apache.ibatis.session.defaults.DefaultSqlSession@4c7a5cb2]
2025-01-10 07:51:53 [http-nio-8080-exec-4] DEBUG org.mybatis.spring.SqlSessionUtils - Creating a new SqlSession
2025-01-10 07:51:53 [http-nio-8080-exec-8] DEBUG org.mybatis.spring.SqlSessionUtils - Creating a new SqlSession
2025-01-10 07:51:53 [http-nio-8080-exec-5] DEBUG org.mybatis.spring.SqlSessionUtils - Creating a new SqlSession
2025-01-10 07:51:53 [http-nio-8080-exec-4] DEBUG org.mybatis.spring.SqlSessionUtils - SqlSession [org.apache.ibatis.session.defaults.DefaultSqlSession@64579a41] was not registered for synchronization because synchronization is not active
2025-01-10 07:51:53 [http-nio-8080-exec-8] DEBUG org.mybatis.spring.SqlSessionUtils - SqlSession [org.apache.ibatis.session.defaults.DefaultSqlSession@69ff773c] was not registered for synchronization because synchronization is not active
2025-01-10 07:51:53 [http-nio-8080-exec-5] DEBUG org.mybatis.spring.SqlSessionUtils - SqlSession [org.apache.ibatis.session.defaults.DefaultSqlSession@3a084f5c] was not registered for synchronization because synchronization is not active
2025-01-10 07:51:53 [http-nio-8080-exec-8] DEBUG o.m.s.t.SpringManagedTransaction - JDBC Connection [HikariProxyConnection@1866681135 wrapping com.mysql.cj.jdbc.ConnectionImpl@55549275] will not be managed by Spring
2025-01-10 07:51:53 [http-nio-8080-exec-5] DEBUG o.m.s.t.SpringManagedTransaction - JDBC Connection [HikariProxyConnection@1083427046 wrapping com.mysql.cj.jdbc.ConnectionImpl@5782fd26] will not be managed by Spring
2025-01-10 07:51:53 [http-nio-8080-exec-4] DEBUG o.m.s.t.SpringManagedTransaction - JDBC Connection [HikariProxyConnection@1292494397 wrapping com.mysql.cj.jdbc.ConnectionImpl@1b9113c5] will not be managed by Spring
2025-01-10 07:51:53 [http-nio-8080-exec-8] DEBUG c.s.d.m.C.selectLnbSubList - ==>  Preparing: SELECT CT_LNB_SUB_IDX AS ctLnbSubIdx, CT_LNB_ID AS ctLnbId, CT_LNB_SUB_ID AS ctLnbSubId, CT_LNB_SUB_NAME AS ctLnbSubName, CT_LNB_SUB_URL AS ctLnbSubUrl FROM CT_LNB_SUB WHERE CT_LNB_ID = ? ORDER BY CT_LNB_SUB_IDX
2025-01-10 07:51:53 [http-nio-8080-exec-5] DEBUG c.s.d.m.C.selectLnbSubList - ==>  Preparing: SELECT CT_LNB_SUB_IDX AS ctLnbSubIdx, CT_LNB_ID AS ctLnbId, CT_LNB_SUB_ID AS ctLnbSubId, CT_LNB_SUB_NAME AS ctLnbSubName, CT_LNB_SUB_URL AS ctLnbSubUrl FROM CT_LNB_SUB WHERE CT_LNB_ID = ? ORDER BY CT_LNB_SUB_IDX
2025-01-10 07:51:53 [http-nio-8080-exec-4] DEBUG c.s.d.m.C.selectLnbSubList - ==>  Preparing: SELECT CT_LNB_SUB_IDX AS ctLnbSubIdx, CT_LNB_ID AS ctLnbId, CT_LNB_SUB_ID AS ctLnbSubId, CT_LNB_SUB_NAME AS ctLnbSubName, CT_LNB_SUB_URL AS ctLnbSubUrl FROM CT_LNB_SUB WHERE CT_LNB_ID = ? ORDER BY CT_LNB_SUB_IDX
2025-01-10 07:51:53 [http-nio-8080-exec-4] DEBUG c.s.d.m.C.selectLnbSubList - ==> Parameters: CT_LNB_INFORMATION(String)
2025-01-10 07:51:53 [http-nio-8080-exec-5] DEBUG c.s.d.m.C.selectLnbSubList - ==> Parameters: CT_LNB_SERVICE(String)
2025-01-10 07:51:53 [http-nio-8080-exec-8] DEBUG c.s.d.m.C.selectLnbSubList - ==> Parameters: CT_LNB_CONTACT(String)
2025-01-10 07:51:53 [http-nio-8080-exec-8] DEBUG c.s.d.m.C.selectLnbSubList - <==      Total: 2
2025-01-10 07:51:53 [http-nio-8080-exec-4] DEBUG c.s.d.m.C.selectLnbSubList - <==      Total: 2
2025-01-10 07:51:53 [http-nio-8080-exec-5] DEBUG c.s.d.m.C.selectLnbSubList - <==      Total: 4
2025-01-10 07:51:53 [http-nio-8080-exec-8] DEBUG org.mybatis.spring.SqlSessionUtils - Closing non transactional SqlSession [org.apache.ibatis.session.defaults.DefaultSqlSession@69ff773c]
2025-01-10 07:51:53 [http-nio-8080-exec-4] DEBUG org.mybatis.spring.SqlSessionUtils - Closing non transactional SqlSession [org.apache.ibatis.session.defaults.DefaultSqlSession@64579a41]
2025-01-10 07:51:53 [http-nio-8080-exec-5] DEBUG org.mybatis.spring.SqlSessionUtils - Closing non transactional SqlSession [org.apache.ibatis.session.defaults.DefaultSqlSession@3a084f5c]
2025-01-10 07:52:01 [http-nio-8080-exec-2] WARN  o.t.s.p.AbstractStandardFragmentInsertionTagProcessor - [THYMELEAF][http-nio-8080-exec-2][common/layout/layout] Deprecated unwrapped fragment expression "common/fragments/header::header" found in template common/layout/layout, line 31, col 10. Please use the complete syntax of fragment expressions instead ("~{common/fragments/header::header}"). The old, unwrapped syntax for fragment expressions will be removed in future versions of Thymeleaf.
2025-01-10 07:52:01 [http-nio-8080-exec-2] WARN  o.t.s.p.AbstractStandardFragmentInsertionTagProcessor - [THYMELEAF][http-nio-8080-exec-2][common/layout/layout] Deprecated unwrapped fragment expression "common/fragments/footer::footer" found in template common/layout/layout, line 35, col 10. Please use the complete syntax of fragment expressions instead ("~{common/fragments/footer::footer}"). The old, unwrapped syntax for fragment expressions will be removed in future versions of Thymeleaf.
2025-01-10 07:52:01 [http-nio-8080-exec-2] DEBUG org.mybatis.spring.SqlSessionUtils - Creating a new SqlSession
2025-01-10 07:52:01 [http-nio-8080-exec-2] DEBUG org.mybatis.spring.SqlSessionUtils - SqlSession [org.apache.ibatis.session.defaults.DefaultSqlSession@2e110c1a] was not registered for synchronization because synchronization is not active
2025-01-10 07:52:01 [http-nio-8080-exec-2] DEBUG o.m.s.t.SpringManagedTransaction - JDBC Connection [HikariProxyConnection@1891315161 wrapping com.mysql.cj.jdbc.ConnectionImpl@5782fd26] will not be managed by Spring
2025-01-10 07:52:01 [http-nio-8080-exec-2] DEBUG c.s.d.m.CommonMapper.selectLnbList - ==>  Preparing: SELECT CT_LNB_IDX AS ctLnbIdx, CT_LNB_ID AS ctLnbId, CT_LNB_NAME AS ctLnbName, CT_LNB_SUB_YN AS ctLnbSubYn, CT_LNB_URL AS ctLnbUrl, CT_LNB_USE_YN AS ctLnbUseYn FROM CT_LNB WHERE CT_LNB_USE_YN = 'Y' ORDER BY CT_LNB_IDX
2025-01-10 07:52:01 [http-nio-8080-exec-2] DEBUG c.s.d.m.CommonMapper.selectLnbList - ==> Parameters: 
2025-01-10 07:52:01 [http-nio-8080-exec-2] DEBUG c.s.d.m.CommonMapper.selectLnbList - <==      Total: 4
2025-01-10 07:52:01 [http-nio-8080-exec-2] DEBUG org.mybatis.spring.SqlSessionUtils - Closing non transactional SqlSession [org.apache.ibatis.session.defaults.DefaultSqlSession@2e110c1a]
2025-01-10 07:52:01 [http-nio-8080-exec-9] DEBUG org.mybatis.spring.SqlSessionUtils - Creating a new SqlSession
2025-01-10 07:52:01 [http-nio-8080-exec-9] DEBUG org.mybatis.spring.SqlSessionUtils - SqlSession [org.apache.ibatis.session.defaults.DefaultSqlSession@5518898f] was not registered for synchronization because synchronization is not active
2025-01-10 07:52:01 [http-nio-8080-exec-9] DEBUG o.m.s.t.SpringManagedTransaction - JDBC Connection [HikariProxyConnection@189403750 wrapping com.mysql.cj.jdbc.ConnectionImpl@55549275] will not be managed by Spring
2025-01-10 07:52:01 [http-nio-8080-exec-9] DEBUG c.s.d.m.CommonMapper.selectLnbList - ==>  Preparing: SELECT CT_LNB_IDX AS ctLnbIdx, CT_LNB_ID AS ctLnbId, CT_LNB_NAME AS ctLnbName, CT_LNB_SUB_YN AS ctLnbSubYn, CT_LNB_URL AS ctLnbUrl, CT_LNB_USE_YN AS ctLnbUseYn FROM CT_LNB WHERE CT_LNB_USE_YN = 'Y' ORDER BY CT_LNB_IDX
2025-01-10 07:52:01 [http-nio-8080-exec-9] DEBUG c.s.d.m.CommonMapper.selectLnbList - ==> Parameters: 
2025-01-10 07:52:01 [http-nio-8080-exec-9] DEBUG c.s.d.m.CommonMapper.selectLnbList - <==      Total: 4
2025-01-10 07:52:01 [http-nio-8080-exec-9] DEBUG org.mybatis.spring.SqlSessionUtils - Closing non transactional SqlSession [org.apache.ibatis.session.defaults.DefaultSqlSession@5518898f]
2025-01-10 07:52:01 [http-nio-8080-exec-7] DEBUG org.mybatis.spring.SqlSessionUtils - Creating a new SqlSession
2025-01-10 07:52:01 [http-nio-8080-exec-3] DEBUG org.mybatis.spring.SqlSessionUtils - Creating a new SqlSession
2025-01-10 07:52:01 [http-nio-8080-exec-6] DEBUG org.mybatis.spring.SqlSessionUtils - Creating a new SqlSession
2025-01-10 07:52:01 [http-nio-8080-exec-3] DEBUG org.mybatis.spring.SqlSessionUtils - SqlSession [org.apache.ibatis.session.defaults.DefaultSqlSession@55790522] was not registered for synchronization because synchronization is not active
2025-01-10 07:52:01 [http-nio-8080-exec-7] DEBUG org.mybatis.spring.SqlSessionUtils - SqlSession [org.apache.ibatis.session.defaults.DefaultSqlSession@483591d7] was not registered for synchronization because synchronization is not active
2025-01-10 07:52:01 [http-nio-8080-exec-6] DEBUG org.mybatis.spring.SqlSessionUtils - SqlSession [org.apache.ibatis.session.defaults.DefaultSqlSession@48ba43f9] was not registered for synchronization because synchronization is not active
2025-01-10 07:52:01 [http-nio-8080-exec-6] DEBUG o.m.s.t.SpringManagedTransaction - JDBC Connection [HikariProxyConnection@1531952327 wrapping com.mysql.cj.jdbc.ConnectionImpl@55549275] will not be managed by Spring
2025-01-10 07:52:01 [http-nio-8080-exec-7] DEBUG o.m.s.t.SpringManagedTransaction - JDBC Connection [HikariProxyConnection@1040236521 wrapping com.mysql.cj.jdbc.ConnectionImpl@5782fd26] will not be managed by Spring
2025-01-10 07:52:01 [http-nio-8080-exec-6] DEBUG c.s.d.m.C.selectLnbSubList - ==>  Preparing: SELECT CT_LNB_SUB_IDX AS ctLnbSubIdx, CT_LNB_ID AS ctLnbId, CT_LNB_SUB_ID AS ctLnbSubId, CT_LNB_SUB_NAME AS ctLnbSubName, CT_LNB_SUB_URL AS ctLnbSubUrl FROM CT_LNB_SUB WHERE CT_LNB_ID = ? ORDER BY CT_LNB_SUB_IDX
2025-01-10 07:52:01 [http-nio-8080-exec-7] DEBUG c.s.d.m.C.selectLnbSubList - ==>  Preparing: SELECT CT_LNB_SUB_IDX AS ctLnbSubIdx, CT_LNB_ID AS ctLnbId, CT_LNB_SUB_ID AS ctLnbSubId, CT_LNB_SUB_NAME AS ctLnbSubName, CT_LNB_SUB_URL AS ctLnbSubUrl FROM CT_LNB_SUB WHERE CT_LNB_ID = ? ORDER BY CT_LNB_SUB_IDX
2025-01-10 07:52:01 [http-nio-8080-exec-7] DEBUG c.s.d.m.C.selectLnbSubList - ==> Parameters: CT_LNB_INFORMATION(String)
2025-01-10 07:52:01 [http-nio-8080-exec-6] DEBUG c.s.d.m.C.selectLnbSubList - ==> Parameters: CT_LNB_SERVICE(String)
2025-01-10 07:52:01 [http-nio-8080-exec-3] DEBUG o.m.s.t.SpringManagedTransaction - JDBC Connection [HikariProxyConnection@1888131556 wrapping com.mysql.cj.jdbc.ConnectionImpl@1b9113c5] will not be managed by Spring
2025-01-10 07:52:01 [http-nio-8080-exec-3] DEBUG c.s.d.m.C.selectLnbSubList - ==>  Preparing: SELECT CT_LNB_SUB_IDX AS ctLnbSubIdx, CT_LNB_ID AS ctLnbId, CT_LNB_SUB_ID AS ctLnbSubId, CT_LNB_SUB_NAME AS ctLnbSubName, CT_LNB_SUB_URL AS ctLnbSubUrl FROM CT_LNB_SUB WHERE CT_LNB_ID = ? ORDER BY CT_LNB_SUB_IDX
2025-01-10 07:52:01 [http-nio-8080-exec-3] DEBUG c.s.d.m.C.selectLnbSubList - ==> Parameters: CT_LNB_CONTACT(String)
2025-01-10 07:52:01 [http-nio-8080-exec-3] DEBUG c.s.d.m.C.selectLnbSubList - <==      Total: 2
2025-01-10 07:52:01 [http-nio-8080-exec-7] DEBUG c.s.d.m.C.selectLnbSubList - <==      Total: 2
2025-01-10 07:52:01 [http-nio-8080-exec-6] DEBUG c.s.d.m.C.selectLnbSubList - <==      Total: 4
2025-01-10 07:52:01 [http-nio-8080-exec-6] DEBUG org.mybatis.spring.SqlSessionUtils - Closing non transactional SqlSession [org.apache.ibatis.session.defaults.DefaultSqlSession@48ba43f9]
2025-01-10 07:52:01 [http-nio-8080-exec-3] DEBUG org.mybatis.spring.SqlSessionUtils - Closing non transactional SqlSession [org.apache.ibatis.session.defaults.DefaultSqlSession@55790522]
2025-01-10 07:52:01 [http-nio-8080-exec-7] DEBUG org.mybatis.spring.SqlSessionUtils - Closing non transactional SqlSession [org.apache.ibatis.session.defaults.DefaultSqlSession@483591d7]
2025-01-10 07:52:01 [http-nio-8080-exec-1] DEBUG org.mybatis.spring.SqlSessionUtils - Creating a new SqlSession
2025-01-10 07:52:01 [http-nio-8080-exec-1] DEBUG org.mybatis.spring.SqlSessionUtils - SqlSession [org.apache.ibatis.session.defaults.DefaultSqlSession@4c594b48] was not registered for synchronization because synchronization is not active
2025-01-10 07:52:01 [http-nio-8080-exec-1] DEBUG o.m.s.t.SpringManagedTransaction - JDBC Connection [HikariProxyConnection@117437286 wrapping com.mysql.cj.jdbc.ConnectionImpl@1b9113c5] will not be managed by Spring
2025-01-10 07:52:01 [http-nio-8080-exec-1] DEBUG c.s.d.m.C.selectLnbSubList - ==>  Preparing: SELECT CT_LNB_SUB_IDX AS ctLnbSubIdx, CT_LNB_ID AS ctLnbId, CT_LNB_SUB_ID AS ctLnbSubId, CT_LNB_SUB_NAME AS ctLnbSubName, CT_LNB_SUB_URL AS ctLnbSubUrl FROM CT_LNB_SUB WHERE CT_LNB_ID = ? ORDER BY CT_LNB_SUB_IDX
2025-01-10 07:52:01 [http-nio-8080-exec-1] DEBUG c.s.d.m.C.selectLnbSubList - ==> Parameters: CT_LNB_INFORMATION(String)
2025-01-10 07:52:01 [http-nio-8080-exec-1] DEBUG c.s.d.m.C.selectLnbSubList - <==      Total: 2
2025-01-10 07:52:01 [http-nio-8080-exec-1] DEBUG org.mybatis.spring.SqlSessionUtils - Closing non transactional SqlSession [org.apache.ibatis.session.defaults.DefaultSqlSession@4c594b48]
2025-01-10 07:52:01 [http-nio-8080-exec-4] DEBUG org.mybatis.spring.SqlSessionUtils - Creating a new SqlSession
2025-01-10 07:52:01 [http-nio-8080-exec-10] DEBUG org.mybatis.spring.SqlSessionUtils - Creating a new SqlSession
2025-01-10 07:52:01 [http-nio-8080-exec-4] DEBUG org.mybatis.spring.SqlSessionUtils - SqlSession [org.apache.ibatis.session.defaults.DefaultSqlSession@6bcf6358] was not registered for synchronization because synchronization is not active
2025-01-10 07:52:01 [http-nio-8080-exec-10] DEBUG org.mybatis.spring.SqlSessionUtils - SqlSession [org.apache.ibatis.session.defaults.DefaultSqlSession@6f0c46a3] was not registered for synchronization because synchronization is not active
2025-01-10 07:52:01 [http-nio-8080-exec-4] DEBUG o.m.s.t.SpringManagedTransaction - JDBC Connection [HikariProxyConnection@1769297938 wrapping com.mysql.cj.jdbc.ConnectionImpl@1b9113c5] will not be managed by Spring
2025-01-10 07:52:01 [http-nio-8080-exec-10] DEBUG o.m.s.t.SpringManagedTransaction - JDBC Connection [HikariProxyConnection@1989639652 wrapping com.mysql.cj.jdbc.ConnectionImpl@5782fd26] will not be managed by Spring
2025-01-10 07:52:01 [http-nio-8080-exec-4] DEBUG c.s.d.m.C.selectLnbSubList - ==>  Preparing: SELECT CT_LNB_SUB_IDX AS ctLnbSubIdx, CT_LNB_ID AS ctLnbId, CT_LNB_SUB_ID AS ctLnbSubId, CT_LNB_SUB_NAME AS ctLnbSubName, CT_LNB_SUB_URL AS ctLnbSubUrl FROM CT_LNB_SUB WHERE CT_LNB_ID = ? ORDER BY CT_LNB_SUB_IDX
2025-01-10 07:52:01 [http-nio-8080-exec-10] DEBUG c.s.d.m.C.selectLnbSubList - ==>  Preparing: SELECT CT_LNB_SUB_IDX AS ctLnbSubIdx, CT_LNB_ID AS ctLnbId, CT_LNB_SUB_ID AS ctLnbSubId, CT_LNB_SUB_NAME AS ctLnbSubName, CT_LNB_SUB_URL AS ctLnbSubUrl FROM CT_LNB_SUB WHERE CT_LNB_ID = ? ORDER BY CT_LNB_SUB_IDX
2025-01-10 07:52:01 [http-nio-8080-exec-10] DEBUG c.s.d.m.C.selectLnbSubList - ==> Parameters: CT_LNB_SERVICE(String)
2025-01-10 07:52:01 [http-nio-8080-exec-4] DEBUG c.s.d.m.C.selectLnbSubList - ==> Parameters: CT_LNB_CONTACT(String)
2025-01-10 07:52:01 [http-nio-8080-exec-4] DEBUG c.s.d.m.C.selectLnbSubList - <==      Total: 2
2025-01-10 07:52:01 [http-nio-8080-exec-10] DEBUG c.s.d.m.C.selectLnbSubList - <==      Total: 4
2025-01-10 07:52:01 [http-nio-8080-exec-4] DEBUG org.mybatis.spring.SqlSessionUtils - Closing non transactional SqlSession [org.apache.ibatis.session.defaults.DefaultSqlSession@6bcf6358]
2025-01-10 07:52:01 [http-nio-8080-exec-10] DEBUG org.mybatis.spring.SqlSessionUtils - Closing non transactional SqlSession [org.apache.ibatis.session.defaults.DefaultSqlSession@6f0c46a3]
2025-01-10 07:52:20 [http-nio-8080-exec-5] WARN  o.t.s.p.AbstractStandardFragmentInsertionTagProcessor - [THYMELEAF][http-nio-8080-exec-5][common/layout/layout] Deprecated unwrapped fragment expression "common/fragments/header::header" found in template common/layout/layout, line 31, col 10. Please use the complete syntax of fragment expressions instead ("~{common/fragments/header::header}"). The old, unwrapped syntax for fragment expressions will be removed in future versions of Thymeleaf.
2025-01-10 07:52:20 [http-nio-8080-exec-5] WARN  o.t.s.p.AbstractStandardFragmentInsertionTagProcessor - [THYMELEAF][http-nio-8080-exec-5][common/layout/layout] Deprecated unwrapped fragment expression "common/fragments/footer::footer" found in template common/layout/layout, line 35, col 10. Please use the complete syntax of fragment expressions instead ("~{common/fragments/footer::footer}"). The old, unwrapped syntax for fragment expressions will be removed in future versions of Thymeleaf.
2025-01-10 07:52:20 [http-nio-8080-exec-5] DEBUG org.mybatis.spring.SqlSessionUtils - Creating a new SqlSession
2025-01-10 07:52:20 [http-nio-8080-exec-5] DEBUG org.mybatis.spring.SqlSessionUtils - SqlSession [org.apache.ibatis.session.defaults.DefaultSqlSession@462d029a] was not registered for synchronization because synchronization is not active
2025-01-10 07:52:20 [http-nio-8080-exec-5] DEBUG o.m.s.t.SpringManagedTransaction - JDBC Connection [HikariProxyConnection@1318131902 wrapping com.mysql.cj.jdbc.ConnectionImpl@5782fd26] will not be managed by Spring
2025-01-10 07:52:20 [http-nio-8080-exec-5] DEBUG c.s.d.m.CommonMapper.selectLnbList - ==>  Preparing: SELECT CT_LNB_IDX AS ctLnbIdx, CT_LNB_ID AS ctLnbId, CT_LNB_NAME AS ctLnbName, CT_LNB_SUB_YN AS ctLnbSubYn, CT_LNB_URL AS ctLnbUrl, CT_LNB_USE_YN AS ctLnbUseYn FROM CT_LNB WHERE CT_LNB_USE_YN = 'Y' ORDER BY CT_LNB_IDX
2025-01-10 07:52:20 [http-nio-8080-exec-5] DEBUG c.s.d.m.CommonMapper.selectLnbList - ==> Parameters: 
2025-01-10 07:52:20 [http-nio-8080-exec-5] DEBUG c.s.d.m.CommonMapper.selectLnbList - <==      Total: 4
2025-01-10 07:52:20 [http-nio-8080-exec-5] DEBUG org.mybatis.spring.SqlSessionUtils - Closing non transactional SqlSession [org.apache.ibatis.session.defaults.DefaultSqlSession@462d029a]
2025-01-10 07:52:20 [http-nio-8080-exec-8] DEBUG org.mybatis.spring.SqlSessionUtils - Creating a new SqlSession
2025-01-10 07:52:20 [http-nio-8080-exec-8] DEBUG org.mybatis.spring.SqlSessionUtils - SqlSession [org.apache.ibatis.session.defaults.DefaultSqlSession@412cba51] was not registered for synchronization because synchronization is not active
2025-01-10 07:52:20 [http-nio-8080-exec-8] DEBUG o.m.s.t.SpringManagedTransaction - JDBC Connection [HikariProxyConnection@874674405 wrapping com.mysql.cj.jdbc.ConnectionImpl@55549275] will not be managed by Spring
2025-01-10 07:52:20 [http-nio-8080-exec-8] DEBUG c.s.d.m.CommonMapper.selectLnbList - ==>  Preparing: SELECT CT_LNB_IDX AS ctLnbIdx, CT_LNB_ID AS ctLnbId, CT_LNB_NAME AS ctLnbName, CT_LNB_SUB_YN AS ctLnbSubYn, CT_LNB_URL AS ctLnbUrl, CT_LNB_USE_YN AS ctLnbUseYn FROM CT_LNB WHERE CT_LNB_USE_YN = 'Y' ORDER BY CT_LNB_IDX
2025-01-10 07:52:20 [http-nio-8080-exec-8] DEBUG c.s.d.m.CommonMapper.selectLnbList - ==> Parameters: 
2025-01-10 07:52:20 [http-nio-8080-exec-8] DEBUG c.s.d.m.CommonMapper.selectLnbList - <==      Total: 4
2025-01-10 07:52:20 [http-nio-8080-exec-8] DEBUG org.mybatis.spring.SqlSessionUtils - Closing non transactional SqlSession [org.apache.ibatis.session.defaults.DefaultSqlSession@412cba51]
2025-01-10 07:52:20 [http-nio-8080-exec-6] DEBUG org.mybatis.spring.SqlSessionUtils - Creating a new SqlSession
2025-01-10 07:52:20 [http-nio-8080-exec-2] DEBUG org.mybatis.spring.SqlSessionUtils - Creating a new SqlSession
2025-01-10 07:52:20 [http-nio-8080-exec-3] DEBUG org.mybatis.spring.SqlSessionUtils - Creating a new SqlSession
2025-01-10 07:52:20 [http-nio-8080-exec-6] DEBUG org.mybatis.spring.SqlSessionUtils - SqlSession [org.apache.ibatis.session.defaults.DefaultSqlSession@685536a0] was not registered for synchronization because synchronization is not active
2025-01-10 07:52:20 [http-nio-8080-exec-2] DEBUG org.mybatis.spring.SqlSessionUtils - SqlSession [org.apache.ibatis.session.defaults.DefaultSqlSession@4a3584f9] was not registered for synchronization because synchronization is not active
2025-01-10 07:52:20 [http-nio-8080-exec-3] DEBUG org.mybatis.spring.SqlSessionUtils - SqlSession [org.apache.ibatis.session.defaults.DefaultSqlSession@3add8f2d] was not registered for synchronization because synchronization is not active
2025-01-10 07:52:20 [http-nio-8080-exec-2] DEBUG o.m.s.t.SpringManagedTransaction - JDBC Connection [HikariProxyConnection@1665772931 wrapping com.mysql.cj.jdbc.ConnectionImpl@5782fd26] will not be managed by Spring
2025-01-10 07:52:20 [http-nio-8080-exec-6] DEBUG o.m.s.t.SpringManagedTransaction - JDBC Connection [HikariProxyConnection@1314522857 wrapping com.mysql.cj.jdbc.ConnectionImpl@55549275] will not be managed by Spring
2025-01-10 07:52:20 [http-nio-8080-exec-2] DEBUG c.s.d.m.C.selectLnbSubList - ==>  Preparing: SELECT CT_LNB_SUB_IDX AS ctLnbSubIdx, CT_LNB_ID AS ctLnbId, CT_LNB_SUB_ID AS ctLnbSubId, CT_LNB_SUB_NAME AS ctLnbSubName, CT_LNB_SUB_URL AS ctLnbSubUrl FROM CT_LNB_SUB WHERE CT_LNB_ID = ? ORDER BY CT_LNB_SUB_IDX
2025-01-10 07:52:20 [http-nio-8080-exec-6] DEBUG c.s.d.m.C.selectLnbSubList - ==>  Preparing: SELECT CT_LNB_SUB_IDX AS ctLnbSubIdx, CT_LNB_ID AS ctLnbId, CT_LNB_SUB_ID AS ctLnbSubId, CT_LNB_SUB_NAME AS ctLnbSubName, CT_LNB_SUB_URL AS ctLnbSubUrl FROM CT_LNB_SUB WHERE CT_LNB_ID = ? ORDER BY CT_LNB_SUB_IDX
2025-01-10 07:52:20 [http-nio-8080-exec-6] DEBUG c.s.d.m.C.selectLnbSubList - ==> Parameters: CT_LNB_CONTACT(String)
2025-01-10 07:52:20 [http-nio-8080-exec-2] DEBUG c.s.d.m.C.selectLnbSubList - ==> Parameters: CT_LNB_INFORMATION(String)
2025-01-10 07:52:20 [http-nio-8080-exec-3] DEBUG o.m.s.t.SpringManagedTransaction - JDBC Connection [HikariProxyConnection@507278379 wrapping com.mysql.cj.jdbc.ConnectionImpl@1b9113c5] will not be managed by Spring
2025-01-10 07:52:20 [http-nio-8080-exec-3] DEBUG c.s.d.m.C.selectLnbSubList - ==>  Preparing: SELECT CT_LNB_SUB_IDX AS ctLnbSubIdx, CT_LNB_ID AS ctLnbId, CT_LNB_SUB_ID AS ctLnbSubId, CT_LNB_SUB_NAME AS ctLnbSubName, CT_LNB_SUB_URL AS ctLnbSubUrl FROM CT_LNB_SUB WHERE CT_LNB_ID = ? ORDER BY CT_LNB_SUB_IDX
2025-01-10 07:52:20 [http-nio-8080-exec-3] DEBUG c.s.d.m.C.selectLnbSubList - ==> Parameters: CT_LNB_SERVICE(String)
2025-01-10 07:52:20 [http-nio-8080-exec-2] DEBUG c.s.d.m.C.selectLnbSubList - <==      Total: 2
2025-01-10 07:52:20 [http-nio-8080-exec-6] DEBUG c.s.d.m.C.selectLnbSubList - <==      Total: 2
2025-01-10 07:52:20 [http-nio-8080-exec-3] DEBUG c.s.d.m.C.selectLnbSubList - <==      Total: 4
2025-01-10 07:52:20 [http-nio-8080-exec-2] DEBUG org.mybatis.spring.SqlSessionUtils - Closing non transactional SqlSession [org.apache.ibatis.session.defaults.DefaultSqlSession@4a3584f9]
2025-01-10 07:52:20 [http-nio-8080-exec-6] DEBUG org.mybatis.spring.SqlSessionUtils - Closing non transactional SqlSession [org.apache.ibatis.session.defaults.DefaultSqlSession@685536a0]
2025-01-10 07:52:20 [http-nio-8080-exec-3] DEBUG org.mybatis.spring.SqlSessionUtils - Closing non transactional SqlSession [org.apache.ibatis.session.defaults.DefaultSqlSession@3add8f2d]
2025-01-10 07:52:20 [http-nio-8080-exec-4] DEBUG org.mybatis.spring.SqlSessionUtils - Creating a new SqlSession
2025-01-10 07:52:20 [http-nio-8080-exec-9] DEBUG org.mybatis.spring.SqlSessionUtils - Creating a new SqlSession
2025-01-10 07:52:20 [http-nio-8080-exec-7] DEBUG org.mybatis.spring.SqlSessionUtils - Creating a new SqlSession
2025-01-10 07:52:20 [http-nio-8080-exec-4] DEBUG org.mybatis.spring.SqlSessionUtils - SqlSession [org.apache.ibatis.session.defaults.DefaultSqlSession@58fd67c5] was not registered for synchronization because synchronization is not active
2025-01-10 07:52:20 [http-nio-8080-exec-9] DEBUG org.mybatis.spring.SqlSessionUtils - SqlSession [org.apache.ibatis.session.defaults.DefaultSqlSession@7b6f1fcf] was not registered for synchronization because synchronization is not active
2025-01-10 07:52:20 [http-nio-8080-exec-7] DEBUG org.mybatis.spring.SqlSessionUtils - SqlSession [org.apache.ibatis.session.defaults.DefaultSqlSession@7fa13704] was not registered for synchronization because synchronization is not active
2025-01-10 07:52:20 [http-nio-8080-exec-4] DEBUG o.m.s.t.SpringManagedTransaction - JDBC Connection [HikariProxyConnection@453705984 wrapping com.mysql.cj.jdbc.ConnectionImpl@1b9113c5] will not be managed by Spring
2025-01-10 07:52:20 [http-nio-8080-exec-7] DEBUG o.m.s.t.SpringManagedTransaction - JDBC Connection [HikariProxyConnection@1147478254 wrapping com.mysql.cj.jdbc.ConnectionImpl@5782fd26] will not be managed by Spring
2025-01-10 07:52:20 [http-nio-8080-exec-9] DEBUG o.m.s.t.SpringManagedTransaction - JDBC Connection [HikariProxyConnection@544074726 wrapping com.mysql.cj.jdbc.ConnectionImpl@55549275] will not be managed by Spring
2025-01-10 07:52:20 [http-nio-8080-exec-4] DEBUG c.s.d.m.C.selectLnbSubList - ==>  Preparing: SELECT CT_LNB_SUB_IDX AS ctLnbSubIdx, CT_LNB_ID AS ctLnbId, CT_LNB_SUB_ID AS ctLnbSubId, CT_LNB_SUB_NAME AS ctLnbSubName, CT_LNB_SUB_URL AS ctLnbSubUrl FROM CT_LNB_SUB WHERE CT_LNB_ID = ? ORDER BY CT_LNB_SUB_IDX
2025-01-10 07:52:20 [http-nio-8080-exec-7] DEBUG c.s.d.m.C.selectLnbSubList - ==>  Preparing: SELECT CT_LNB_SUB_IDX AS ctLnbSubIdx, CT_LNB_ID AS ctLnbId, CT_LNB_SUB_ID AS ctLnbSubId, CT_LNB_SUB_NAME AS ctLnbSubName, CT_LNB_SUB_URL AS ctLnbSubUrl FROM CT_LNB_SUB WHERE CT_LNB_ID = ? ORDER BY CT_LNB_SUB_IDX
2025-01-10 07:52:20 [http-nio-8080-exec-9] DEBUG c.s.d.m.C.selectLnbSubList - ==>  Preparing: SELECT CT_LNB_SUB_IDX AS ctLnbSubIdx, CT_LNB_ID AS ctLnbId, CT_LNB_SUB_ID AS ctLnbSubId, CT_LNB_SUB_NAME AS ctLnbSubName, CT_LNB_SUB_URL AS ctLnbSubUrl FROM CT_LNB_SUB WHERE CT_LNB_ID = ? ORDER BY CT_LNB_SUB_IDX
2025-01-10 07:52:20 [http-nio-8080-exec-4] DEBUG c.s.d.m.C.selectLnbSubList - ==> Parameters: CT_LNB_CONTACT(String)
2025-01-10 07:52:20 [http-nio-8080-exec-7] DEBUG c.s.d.m.C.selectLnbSubList - ==> Parameters: CT_LNB_INFORMATION(String)
2025-01-10 07:52:20 [http-nio-8080-exec-9] DEBUG c.s.d.m.C.selectLnbSubList - ==> Parameters: CT_LNB_SERVICE(String)
2025-01-10 07:52:20 [http-nio-8080-exec-7] DEBUG c.s.d.m.C.selectLnbSubList - <==      Total: 2
2025-01-10 07:52:20 [http-nio-8080-exec-4] DEBUG c.s.d.m.C.selectLnbSubList - <==      Total: 2
2025-01-10 07:52:20 [http-nio-8080-exec-9] DEBUG c.s.d.m.C.selectLnbSubList - <==      Total: 4
2025-01-10 07:52:20 [http-nio-8080-exec-7] DEBUG org.mybatis.spring.SqlSessionUtils - Closing non transactional SqlSession [org.apache.ibatis.session.defaults.DefaultSqlSession@7fa13704]
2025-01-10 07:52:20 [http-nio-8080-exec-4] DEBUG org.mybatis.spring.SqlSessionUtils - Closing non transactional SqlSession [org.apache.ibatis.session.defaults.DefaultSqlSession@58fd67c5]
2025-01-10 07:52:20 [http-nio-8080-exec-9] DEBUG org.mybatis.spring.SqlSessionUtils - Closing non transactional SqlSession [org.apache.ibatis.session.defaults.DefaultSqlSession@7b6f1fcf]
2025-01-10 07:53:12 [http-nio-8080-exec-10] WARN  o.t.s.p.AbstractStandardFragmentInsertionTagProcessor - [THYMELEAF][http-nio-8080-exec-10][common/layout/layout] Deprecated unwrapped fragment expression "common/fragments/header::header" found in template common/layout/layout, line 31, col 10. Please use the complete syntax of fragment expressions instead ("~{common/fragments/header::header}"). The old, unwrapped syntax for fragment expressions will be removed in future versions of Thymeleaf.
2025-01-10 07:53:12 [http-nio-8080-exec-10] WARN  o.t.s.p.AbstractStandardFragmentInsertionTagProcessor - [THYMELEAF][http-nio-8080-exec-10][common/layout/layout] Deprecated unwrapped fragment expression "common/fragments/footer::footer" found in template common/layout/layout, line 35, col 10. Please use the complete syntax of fragment expressions instead ("~{common/fragments/footer::footer}"). The old, unwrapped syntax for fragment expressions will be removed in future versions of Thymeleaf.
2025-01-10 07:53:12 [http-nio-8080-exec-10] DEBUG org.mybatis.spring.SqlSessionUtils - Creating a new SqlSession
2025-01-10 07:53:12 [http-nio-8080-exec-10] DEBUG org.mybatis.spring.SqlSessionUtils - SqlSession [org.apache.ibatis.session.defaults.DefaultSqlSession@3d19702a] was not registered for synchronization because synchronization is not active
2025-01-10 07:53:12 [http-nio-8080-exec-10] DEBUG o.m.s.t.SpringManagedTransaction - JDBC Connection [HikariProxyConnection@1832562231 wrapping com.mysql.cj.jdbc.ConnectionImpl@5782fd26] will not be managed by Spring
2025-01-10 07:53:12 [http-nio-8080-exec-10] DEBUG c.s.d.m.CommonMapper.selectLnbList - ==>  Preparing: SELECT CT_LNB_IDX AS ctLnbIdx, CT_LNB_ID AS ctLnbId, CT_LNB_NAME AS ctLnbName, CT_LNB_SUB_YN AS ctLnbSubYn, CT_LNB_URL AS ctLnbUrl, CT_LNB_USE_YN AS ctLnbUseYn FROM CT_LNB WHERE CT_LNB_USE_YN = 'Y' ORDER BY CT_LNB_IDX
2025-01-10 07:53:12 [http-nio-8080-exec-10] DEBUG c.s.d.m.CommonMapper.selectLnbList - ==> Parameters: 
2025-01-10 07:53:12 [http-nio-8080-exec-10] DEBUG c.s.d.m.CommonMapper.selectLnbList - <==      Total: 4
2025-01-10 07:53:12 [http-nio-8080-exec-10] DEBUG org.mybatis.spring.SqlSessionUtils - Closing non transactional SqlSession [org.apache.ibatis.session.defaults.DefaultSqlSession@3d19702a]
2025-01-10 07:53:12 [http-nio-8080-exec-1] DEBUG org.mybatis.spring.SqlSessionUtils - Creating a new SqlSession
2025-01-10 07:53:12 [http-nio-8080-exec-1] DEBUG org.mybatis.spring.SqlSessionUtils - SqlSession [org.apache.ibatis.session.defaults.DefaultSqlSession@6501827f] was not registered for synchronization because synchronization is not active
2025-01-10 07:53:12 [http-nio-8080-exec-1] DEBUG o.m.s.t.SpringManagedTransaction - JDBC Connection [HikariProxyConnection@1507121455 wrapping com.mysql.cj.jdbc.ConnectionImpl@1b9113c5] will not be managed by Spring
2025-01-10 07:53:12 [http-nio-8080-exec-1] DEBUG c.s.d.m.CommonMapper.selectLnbList - ==>  Preparing: SELECT CT_LNB_IDX AS ctLnbIdx, CT_LNB_ID AS ctLnbId, CT_LNB_NAME AS ctLnbName, CT_LNB_SUB_YN AS ctLnbSubYn, CT_LNB_URL AS ctLnbUrl, CT_LNB_USE_YN AS ctLnbUseYn FROM CT_LNB WHERE CT_LNB_USE_YN = 'Y' ORDER BY CT_LNB_IDX
2025-01-10 07:53:12 [http-nio-8080-exec-1] DEBUG c.s.d.m.CommonMapper.selectLnbList - ==> Parameters: 
2025-01-10 07:53:12 [http-nio-8080-exec-1] DEBUG c.s.d.m.CommonMapper.selectLnbList - <==      Total: 4
2025-01-10 07:53:12 [http-nio-8080-exec-1] DEBUG org.mybatis.spring.SqlSessionUtils - Closing non transactional SqlSession [org.apache.ibatis.session.defaults.DefaultSqlSession@6501827f]
2025-01-10 07:53:12 [http-nio-8080-exec-5] DEBUG org.mybatis.spring.SqlSessionUtils - Creating a new SqlSession
2025-01-10 07:53:12 [http-nio-8080-exec-8] DEBUG org.mybatis.spring.SqlSessionUtils - Creating a new SqlSession
2025-01-10 07:53:12 [http-nio-8080-exec-3] DEBUG org.mybatis.spring.SqlSessionUtils - Creating a new SqlSession
2025-01-10 07:53:12 [http-nio-8080-exec-5] DEBUG org.mybatis.spring.SqlSessionUtils - SqlSession [org.apache.ibatis.session.defaults.DefaultSqlSession@76311d58] was not registered for synchronization because synchronization is not active
2025-01-10 07:53:12 [http-nio-8080-exec-8] DEBUG org.mybatis.spring.SqlSessionUtils - SqlSession [org.apache.ibatis.session.defaults.DefaultSqlSession@2433456e] was not registered for synchronization because synchronization is not active
2025-01-10 07:53:12 [http-nio-8080-exec-3] DEBUG org.mybatis.spring.SqlSessionUtils - SqlSession [org.apache.ibatis.session.defaults.DefaultSqlSession@3eeb053b] was not registered for synchronization because synchronization is not active
2025-01-10 07:53:12 [http-nio-8080-exec-3] DEBUG o.m.s.t.SpringManagedTransaction - JDBC Connection [HikariProxyConnection@1124840417 wrapping com.mysql.cj.jdbc.ConnectionImpl@1b9113c5] will not be managed by Spring
2025-01-10 07:53:12 [http-nio-8080-exec-5] DEBUG o.m.s.t.SpringManagedTransaction - JDBC Connection [HikariProxyConnection@816037832 wrapping com.mysql.cj.jdbc.ConnectionImpl@5782fd26] will not be managed by Spring
2025-01-10 07:53:12 [http-nio-8080-exec-3] DEBUG c.s.d.m.C.selectLnbSubList - ==>  Preparing: SELECT CT_LNB_SUB_IDX AS ctLnbSubIdx, CT_LNB_ID AS ctLnbId, CT_LNB_SUB_ID AS ctLnbSubId, CT_LNB_SUB_NAME AS ctLnbSubName, CT_LNB_SUB_URL AS ctLnbSubUrl FROM CT_LNB_SUB WHERE CT_LNB_ID = ? ORDER BY CT_LNB_SUB_IDX
2025-01-10 07:53:12 [http-nio-8080-exec-5] DEBUG c.s.d.m.C.selectLnbSubList - ==>  Preparing: SELECT CT_LNB_SUB_IDX AS ctLnbSubIdx, CT_LNB_ID AS ctLnbId, CT_LNB_SUB_ID AS ctLnbSubId, CT_LNB_SUB_NAME AS ctLnbSubName, CT_LNB_SUB_URL AS ctLnbSubUrl FROM CT_LNB_SUB WHERE CT_LNB_ID = ? ORDER BY CT_LNB_SUB_IDX
2025-01-10 07:53:12 [http-nio-8080-exec-3] DEBUG c.s.d.m.C.selectLnbSubList - ==> Parameters: CT_LNB_SERVICE(String)
2025-01-10 07:53:12 [http-nio-8080-exec-5] DEBUG c.s.d.m.C.selectLnbSubList - ==> Parameters: CT_LNB_INFORMATION(String)
2025-01-10 07:53:12 [http-nio-8080-exec-8] DEBUG o.m.s.t.SpringManagedTransaction - JDBC Connection [HikariProxyConnection@57795677 wrapping com.mysql.cj.jdbc.ConnectionImpl@55549275] will not be managed by Spring
2025-01-10 07:53:12 [http-nio-8080-exec-8] DEBUG c.s.d.m.C.selectLnbSubList - ==>  Preparing: SELECT CT_LNB_SUB_IDX AS ctLnbSubIdx, CT_LNB_ID AS ctLnbId, CT_LNB_SUB_ID AS ctLnbSubId, CT_LNB_SUB_NAME AS ctLnbSubName, CT_LNB_SUB_URL AS ctLnbSubUrl FROM CT_LNB_SUB WHERE CT_LNB_ID = ? ORDER BY CT_LNB_SUB_IDX
2025-01-10 07:53:12 [http-nio-8080-exec-8] DEBUG c.s.d.m.C.selectLnbSubList - ==> Parameters: CT_LNB_CONTACT(String)
2025-01-10 07:53:12 [http-nio-8080-exec-8] DEBUG c.s.d.m.C.selectLnbSubList - <==      Total: 2
2025-01-10 07:53:12 [http-nio-8080-exec-5] DEBUG c.s.d.m.C.selectLnbSubList - <==      Total: 2
2025-01-10 07:53:12 [http-nio-8080-exec-3] DEBUG c.s.d.m.C.selectLnbSubList - <==      Total: 4
2025-01-10 07:53:12 [http-nio-8080-exec-8] DEBUG org.mybatis.spring.SqlSessionUtils - Closing non transactional SqlSession [org.apache.ibatis.session.defaults.DefaultSqlSession@2433456e]
2025-01-10 07:53:12 [http-nio-8080-exec-5] DEBUG org.mybatis.spring.SqlSessionUtils - Closing non transactional SqlSession [org.apache.ibatis.session.defaults.DefaultSqlSession@76311d58]
2025-01-10 07:53:12 [http-nio-8080-exec-3] DEBUG org.mybatis.spring.SqlSessionUtils - Closing non transactional SqlSession [org.apache.ibatis.session.defaults.DefaultSqlSession@3eeb053b]
2025-01-10 07:53:12 [http-nio-8080-exec-4] DEBUG org.mybatis.spring.SqlSessionUtils - Creating a new SqlSession
2025-01-10 07:53:12 [http-nio-8080-exec-2] DEBUG org.mybatis.spring.SqlSessionUtils - Creating a new SqlSession
2025-01-10 07:53:12 [http-nio-8080-exec-6] DEBUG org.mybatis.spring.SqlSessionUtils - Creating a new SqlSession
2025-01-10 07:53:12 [http-nio-8080-exec-6] DEBUG org.mybatis.spring.SqlSessionUtils - SqlSession [org.apache.ibatis.session.defaults.DefaultSqlSession@3a4b6c94] was not registered for synchronization because synchronization is not active
2025-01-10 07:53:12 [http-nio-8080-exec-2] DEBUG org.mybatis.spring.SqlSessionUtils - SqlSession [org.apache.ibatis.session.defaults.DefaultSqlSession@5210af6c] was not registered for synchronization because synchronization is not active
2025-01-10 07:53:12 [http-nio-8080-exec-4] DEBUG org.mybatis.spring.SqlSessionUtils - SqlSession [org.apache.ibatis.session.defaults.DefaultSqlSession@25c51e07] was not registered for synchronization because synchronization is not active
2025-01-10 07:53:12 [http-nio-8080-exec-6] DEBUG o.m.s.t.SpringManagedTransaction - JDBC Connection [HikariProxyConnection@616056954 wrapping com.mysql.cj.jdbc.ConnectionImpl@55549275] will not be managed by Spring
2025-01-10 07:53:12 [http-nio-8080-exec-4] DEBUG o.m.s.t.SpringManagedTransaction - JDBC Connection [HikariProxyConnection@1711610046 wrapping com.mysql.cj.jdbc.ConnectionImpl@1b9113c5] will not be managed by Spring
2025-01-10 07:53:12 [http-nio-8080-exec-2] DEBUG o.m.s.t.SpringManagedTransaction - JDBC Connection [HikariProxyConnection@2082153752 wrapping com.mysql.cj.jdbc.ConnectionImpl@5782fd26] will not be managed by Spring
2025-01-10 07:53:12 [http-nio-8080-exec-4] DEBUG c.s.d.m.C.selectLnbSubList - ==>  Preparing: SELECT CT_LNB_SUB_IDX AS ctLnbSubIdx, CT_LNB_ID AS ctLnbId, CT_LNB_SUB_ID AS ctLnbSubId, CT_LNB_SUB_NAME AS ctLnbSubName, CT_LNB_SUB_URL AS ctLnbSubUrl FROM CT_LNB_SUB WHERE CT_LNB_ID = ? ORDER BY CT_LNB_SUB_IDX
2025-01-10 07:53:12 [http-nio-8080-exec-2] DEBUG c.s.d.m.C.selectLnbSubList - ==>  Preparing: SELECT CT_LNB_SUB_IDX AS ctLnbSubIdx, CT_LNB_ID AS ctLnbId, CT_LNB_SUB_ID AS ctLnbSubId, CT_LNB_SUB_NAME AS ctLnbSubName, CT_LNB_SUB_URL AS ctLnbSubUrl FROM CT_LNB_SUB WHERE CT_LNB_ID = ? ORDER BY CT_LNB_SUB_IDX
2025-01-10 07:53:12 [http-nio-8080-exec-6] DEBUG c.s.d.m.C.selectLnbSubList - ==>  Preparing: SELECT CT_LNB_SUB_IDX AS ctLnbSubIdx, CT_LNB_ID AS ctLnbId, CT_LNB_SUB_ID AS ctLnbSubId, CT_LNB_SUB_NAME AS ctLnbSubName, CT_LNB_SUB_URL AS ctLnbSubUrl FROM CT_LNB_SUB WHERE CT_LNB_ID = ? ORDER BY CT_LNB_SUB_IDX
2025-01-10 07:53:12 [http-nio-8080-exec-6] DEBUG c.s.d.m.C.selectLnbSubList - ==> Parameters: CT_LNB_CONTACT(String)
2025-01-10 07:53:12 [http-nio-8080-exec-4] DEBUG c.s.d.m.C.selectLnbSubList - ==> Parameters: CT_LNB_INFORMATION(String)
2025-01-10 07:53:12 [http-nio-8080-exec-2] DEBUG c.s.d.m.C.selectLnbSubList - ==> Parameters: CT_LNB_SERVICE(String)
2025-01-10 07:53:12 [http-nio-8080-exec-6] DEBUG c.s.d.m.C.selectLnbSubList - <==      Total: 2
2025-01-10 07:53:12 [http-nio-8080-exec-4] DEBUG c.s.d.m.C.selectLnbSubList - <==      Total: 2
2025-01-10 07:53:12 [http-nio-8080-exec-2] DEBUG c.s.d.m.C.selectLnbSubList - <==      Total: 4
2025-01-10 07:53:12 [http-nio-8080-exec-6] DEBUG org.mybatis.spring.SqlSessionUtils - Closing non transactional SqlSession [org.apache.ibatis.session.defaults.DefaultSqlSession@3a4b6c94]
2025-01-10 07:53:12 [http-nio-8080-exec-4] DEBUG org.mybatis.spring.SqlSessionUtils - Closing non transactional SqlSession [org.apache.ibatis.session.defaults.DefaultSqlSession@25c51e07]
2025-01-10 07:53:12 [http-nio-8080-exec-2] DEBUG org.mybatis.spring.SqlSessionUtils - Closing non transactional SqlSession [org.apache.ibatis.session.defaults.DefaultSqlSession@5210af6c]
2025-01-10 07:53:29 [http-nio-8080-exec-9] WARN  o.t.s.p.AbstractStandardFragmentInsertionTagProcessor - [THYMELEAF][http-nio-8080-exec-9][common/layout/layout] Deprecated unwrapped fragment expression "common/fragments/header::header" found in template common/layout/layout, line 31, col 10. Please use the complete syntax of fragment expressions instead ("~{common/fragments/header::header}"). The old, unwrapped syntax for fragment expressions will be removed in future versions of Thymeleaf.
2025-01-10 07:53:29 [http-nio-8080-exec-9] WARN  o.t.s.p.AbstractStandardFragmentInsertionTagProcessor - [THYMELEAF][http-nio-8080-exec-9][common/layout/layout] Deprecated unwrapped fragment expression "common/fragments/footer::footer" found in template common/layout/layout, line 35, col 10. Please use the complete syntax of fragment expressions instead ("~{common/fragments/footer::footer}"). The old, unwrapped syntax for fragment expressions will be removed in future versions of Thymeleaf.
2025-01-10 07:53:29 [http-nio-8080-exec-9] DEBUG org.mybatis.spring.SqlSessionUtils - Creating a new SqlSession
2025-01-10 07:53:29 [http-nio-8080-exec-9] DEBUG org.mybatis.spring.SqlSessionUtils - SqlSession [org.apache.ibatis.session.defaults.DefaultSqlSession@55d0180a] was not registered for synchronization because synchronization is not active
2025-01-10 07:53:29 [http-nio-8080-exec-9] DEBUG o.m.s.t.SpringManagedTransaction - JDBC Connection [HikariProxyConnection@1363123351 wrapping com.mysql.cj.jdbc.ConnectionImpl@55549275] will not be managed by Spring
2025-01-10 07:53:29 [http-nio-8080-exec-9] DEBUG c.s.d.m.CommonMapper.selectLnbList - ==>  Preparing: SELECT CT_LNB_IDX AS ctLnbIdx, CT_LNB_ID AS ctLnbId, CT_LNB_NAME AS ctLnbName, CT_LNB_SUB_YN AS ctLnbSubYn, CT_LNB_URL AS ctLnbUrl, CT_LNB_USE_YN AS ctLnbUseYn FROM CT_LNB WHERE CT_LNB_USE_YN = 'Y' ORDER BY CT_LNB_IDX
2025-01-10 07:53:29 [http-nio-8080-exec-9] DEBUG c.s.d.m.CommonMapper.selectLnbList - ==> Parameters: 
2025-01-10 07:53:29 [http-nio-8080-exec-9] DEBUG c.s.d.m.CommonMapper.selectLnbList - <==      Total: 4
2025-01-10 07:53:29 [http-nio-8080-exec-9] DEBUG org.mybatis.spring.SqlSessionUtils - Closing non transactional SqlSession [org.apache.ibatis.session.defaults.DefaultSqlSession@55d0180a]
2025-01-10 07:53:29 [http-nio-8080-exec-7] DEBUG org.mybatis.spring.SqlSessionUtils - Creating a new SqlSession
2025-01-10 07:53:29 [http-nio-8080-exec-7] DEBUG org.mybatis.spring.SqlSessionUtils - SqlSession [org.apache.ibatis.session.defaults.DefaultSqlSession@5e518303] was not registered for synchronization because synchronization is not active
2025-01-10 07:53:29 [http-nio-8080-exec-7] DEBUG o.m.s.t.SpringManagedTransaction - JDBC Connection [HikariProxyConnection@1589688675 wrapping com.mysql.cj.jdbc.ConnectionImpl@5782fd26] will not be managed by Spring
2025-01-10 07:53:29 [http-nio-8080-exec-7] DEBUG c.s.d.m.CommonMapper.selectLnbList - ==>  Preparing: SELECT CT_LNB_IDX AS ctLnbIdx, CT_LNB_ID AS ctLnbId, CT_LNB_NAME AS ctLnbName, CT_LNB_SUB_YN AS ctLnbSubYn, CT_LNB_URL AS ctLnbUrl, CT_LNB_USE_YN AS ctLnbUseYn FROM CT_LNB WHERE CT_LNB_USE_YN = 'Y' ORDER BY CT_LNB_IDX
2025-01-10 07:53:29 [http-nio-8080-exec-7] DEBUG c.s.d.m.CommonMapper.selectLnbList - ==> Parameters: 
2025-01-10 07:53:29 [http-nio-8080-exec-7] DEBUG c.s.d.m.CommonMapper.selectLnbList - <==      Total: 4
2025-01-10 07:53:29 [http-nio-8080-exec-7] DEBUG org.mybatis.spring.SqlSessionUtils - Closing non transactional SqlSession [org.apache.ibatis.session.defaults.DefaultSqlSession@5e518303]
2025-01-10 07:53:29 [http-nio-8080-exec-10] DEBUG org.mybatis.spring.SqlSessionUtils - Creating a new SqlSession
2025-01-10 07:53:29 [http-nio-8080-exec-3] DEBUG org.mybatis.spring.SqlSessionUtils - Creating a new SqlSession
2025-01-10 07:53:29 [http-nio-8080-exec-5] DEBUG org.mybatis.spring.SqlSessionUtils - Creating a new SqlSession
2025-01-10 07:53:29 [http-nio-8080-exec-10] DEBUG org.mybatis.spring.SqlSessionUtils - SqlSession [org.apache.ibatis.session.defaults.DefaultSqlSession@51e2a462] was not registered for synchronization because synchronization is not active
2025-01-10 07:53:29 [http-nio-8080-exec-3] DEBUG org.mybatis.spring.SqlSessionUtils - SqlSession [org.apache.ibatis.session.defaults.DefaultSqlSession@37796cff] was not registered for synchronization because synchronization is not active
2025-01-10 07:53:29 [http-nio-8080-exec-5] DEBUG org.mybatis.spring.SqlSessionUtils - SqlSession [org.apache.ibatis.session.defaults.DefaultSqlSession@63f2274f] was not registered for synchronization because synchronization is not active
2025-01-10 07:53:29 [http-nio-8080-exec-5] DEBUG o.m.s.t.SpringManagedTransaction - JDBC Connection [HikariProxyConnection@1317177606 wrapping com.mysql.cj.jdbc.ConnectionImpl@5782fd26] will not be managed by Spring
2025-01-10 07:53:29 [http-nio-8080-exec-10] DEBUG o.m.s.t.SpringManagedTransaction - JDBC Connection [HikariProxyConnection@1771168639 wrapping com.mysql.cj.jdbc.ConnectionImpl@55549275] will not be managed by Spring
2025-01-10 07:53:29 [http-nio-8080-exec-10] DEBUG c.s.d.m.C.selectLnbSubList - ==>  Preparing: SELECT CT_LNB_SUB_IDX AS ctLnbSubIdx, CT_LNB_ID AS ctLnbId, CT_LNB_SUB_ID AS ctLnbSubId, CT_LNB_SUB_NAME AS ctLnbSubName, CT_LNB_SUB_URL AS ctLnbSubUrl FROM CT_LNB_SUB WHERE CT_LNB_ID = ? ORDER BY CT_LNB_SUB_IDX
2025-01-10 07:53:29 [http-nio-8080-exec-5] DEBUG c.s.d.m.C.selectLnbSubList - ==>  Preparing: SELECT CT_LNB_SUB_IDX AS ctLnbSubIdx, CT_LNB_ID AS ctLnbId, CT_LNB_SUB_ID AS ctLnbSubId, CT_LNB_SUB_NAME AS ctLnbSubName, CT_LNB_SUB_URL AS ctLnbSubUrl FROM CT_LNB_SUB WHERE CT_LNB_ID = ? ORDER BY CT_LNB_SUB_IDX
2025-01-10 07:53:29 [http-nio-8080-exec-10] DEBUG c.s.d.m.C.selectLnbSubList - ==> Parameters: CT_LNB_SERVICE(String)
2025-01-10 07:53:29 [http-nio-8080-exec-3] DEBUG o.m.s.t.SpringManagedTransaction - JDBC Connection [HikariProxyConnection@703812938 wrapping com.mysql.cj.jdbc.ConnectionImpl@1b9113c5] will not be managed by Spring
2025-01-10 07:53:29 [http-nio-8080-exec-5] DEBUG c.s.d.m.C.selectLnbSubList - ==> Parameters: CT_LNB_CONTACT(String)
2025-01-10 07:53:29 [http-nio-8080-exec-3] DEBUG c.s.d.m.C.selectLnbSubList - ==>  Preparing: SELECT CT_LNB_SUB_IDX AS ctLnbSubIdx, CT_LNB_ID AS ctLnbId, CT_LNB_SUB_ID AS ctLnbSubId, CT_LNB_SUB_NAME AS ctLnbSubName, CT_LNB_SUB_URL AS ctLnbSubUrl FROM CT_LNB_SUB WHERE CT_LNB_ID = ? ORDER BY CT_LNB_SUB_IDX
2025-01-10 07:53:29 [http-nio-8080-exec-3] DEBUG c.s.d.m.C.selectLnbSubList - ==> Parameters: CT_LNB_INFORMATION(String)
2025-01-10 07:53:29 [http-nio-8080-exec-3] DEBUG c.s.d.m.C.selectLnbSubList - <==      Total: 2
2025-01-10 07:53:29 [http-nio-8080-exec-5] DEBUG c.s.d.m.C.selectLnbSubList - <==      Total: 2
2025-01-10 07:53:29 [http-nio-8080-exec-10] DEBUG c.s.d.m.C.selectLnbSubList - <==      Total: 4
2025-01-10 07:53:29 [http-nio-8080-exec-10] DEBUG org.mybatis.spring.SqlSessionUtils - Closing non transactional SqlSession [org.apache.ibatis.session.defaults.DefaultSqlSession@51e2a462]
2025-01-10 07:53:29 [http-nio-8080-exec-3] DEBUG org.mybatis.spring.SqlSessionUtils - Closing non transactional SqlSession [org.apache.ibatis.session.defaults.DefaultSqlSession@37796cff]
2025-01-10 07:53:29 [http-nio-8080-exec-5] DEBUG org.mybatis.spring.SqlSessionUtils - Closing non transactional SqlSession [org.apache.ibatis.session.defaults.DefaultSqlSession@63f2274f]
2025-01-10 07:53:29 [http-nio-8080-exec-8] DEBUG org.mybatis.spring.SqlSessionUtils - Creating a new SqlSession
2025-01-10 07:53:29 [http-nio-8080-exec-8] DEBUG org.mybatis.spring.SqlSessionUtils - SqlSession [org.apache.ibatis.session.defaults.DefaultSqlSession@3fbf1735] was not registered for synchronization because synchronization is not active
2025-01-10 07:53:29 [http-nio-8080-exec-8] DEBUG o.m.s.t.SpringManagedTransaction - JDBC Connection [HikariProxyConnection@861949843 wrapping com.mysql.cj.jdbc.ConnectionImpl@55549275] will not be managed by Spring
2025-01-10 07:53:29 [http-nio-8080-exec-8] DEBUG c.s.d.m.C.selectLnbSubList - ==>  Preparing: SELECT CT_LNB_SUB_IDX AS ctLnbSubIdx, CT_LNB_ID AS ctLnbId, CT_LNB_SUB_ID AS ctLnbSubId, CT_LNB_SUB_NAME AS ctLnbSubName, CT_LNB_SUB_URL AS ctLnbSubUrl FROM CT_LNB_SUB WHERE CT_LNB_ID = ? ORDER BY CT_LNB_SUB_IDX
2025-01-10 07:53:29 [http-nio-8080-exec-1] DEBUG org.mybatis.spring.SqlSessionUtils - Creating a new SqlSession
2025-01-10 07:53:29 [http-nio-8080-exec-4] DEBUG org.mybatis.spring.SqlSessionUtils - Creating a new SqlSession
2025-01-10 07:53:29 [http-nio-8080-exec-1] DEBUG org.mybatis.spring.SqlSessionUtils - SqlSession [org.apache.ibatis.session.defaults.DefaultSqlSession@1edc63b1] was not registered for synchronization because synchronization is not active
2025-01-10 07:53:29 [http-nio-8080-exec-4] DEBUG org.mybatis.spring.SqlSessionUtils - SqlSession [org.apache.ibatis.session.defaults.DefaultSqlSession@6e18921d] was not registered for synchronization because synchronization is not active
2025-01-10 07:53:29 [http-nio-8080-exec-4] DEBUG o.m.s.t.SpringManagedTransaction - JDBC Connection [HikariProxyConnection@538359688 wrapping com.mysql.cj.jdbc.ConnectionImpl@5782fd26] will not be managed by Spring
2025-01-10 07:53:29 [http-nio-8080-exec-1] DEBUG o.m.s.t.SpringManagedTransaction - JDBC Connection [HikariProxyConnection@1639898340 wrapping com.mysql.cj.jdbc.ConnectionImpl@1b9113c5] will not be managed by Spring
2025-01-10 07:53:29 [http-nio-8080-exec-4] DEBUG c.s.d.m.C.selectLnbSubList - ==>  Preparing: SELECT CT_LNB_SUB_IDX AS ctLnbSubIdx, CT_LNB_ID AS ctLnbId, CT_LNB_SUB_ID AS ctLnbSubId, CT_LNB_SUB_NAME AS ctLnbSubName, CT_LNB_SUB_URL AS ctLnbSubUrl FROM CT_LNB_SUB WHERE CT_LNB_ID = ? ORDER BY CT_LNB_SUB_IDX
2025-01-10 07:53:29 [http-nio-8080-exec-1] DEBUG c.s.d.m.C.selectLnbSubList - ==>  Preparing: SELECT CT_LNB_SUB_IDX AS ctLnbSubIdx, CT_LNB_ID AS ctLnbId, CT_LNB_SUB_ID AS ctLnbSubId, CT_LNB_SUB_NAME AS ctLnbSubName, CT_LNB_SUB_URL AS ctLnbSubUrl FROM CT_LNB_SUB WHERE CT_LNB_ID = ? ORDER BY CT_LNB_SUB_IDX
2025-01-10 07:53:29 [http-nio-8080-exec-8] DEBUG c.s.d.m.C.selectLnbSubList - ==> Parameters: CT_LNB_INFORMATION(String)
2025-01-10 07:53:29 [http-nio-8080-exec-4] DEBUG c.s.d.m.C.selectLnbSubList - ==> Parameters: CT_LNB_CONTACT(String)
2025-01-10 07:53:29 [http-nio-8080-exec-1] DEBUG c.s.d.m.C.selectLnbSubList - ==> Parameters: CT_LNB_SERVICE(String)
2025-01-10 07:53:29 [http-nio-8080-exec-4] DEBUG c.s.d.m.C.selectLnbSubList - <==      Total: 2
2025-01-10 07:53:29 [http-nio-8080-exec-8] DEBUG c.s.d.m.C.selectLnbSubList - <==      Total: 2
2025-01-10 07:53:29 [http-nio-8080-exec-1] DEBUG c.s.d.m.C.selectLnbSubList - <==      Total: 4
2025-01-10 07:53:29 [http-nio-8080-exec-1] DEBUG org.mybatis.spring.SqlSessionUtils - Closing non transactional SqlSession [org.apache.ibatis.session.defaults.DefaultSqlSession@1edc63b1]
2025-01-10 07:53:29 [http-nio-8080-exec-4] DEBUG org.mybatis.spring.SqlSessionUtils - Closing non transactional SqlSession [org.apache.ibatis.session.defaults.DefaultSqlSession@6e18921d]
2025-01-10 07:53:29 [http-nio-8080-exec-8] DEBUG org.mybatis.spring.SqlSessionUtils - Closing non transactional SqlSession [org.apache.ibatis.session.defaults.DefaultSqlSession@3fbf1735]
2025-01-10 07:53:41 [http-nio-8080-exec-2] WARN  o.t.s.p.AbstractStandardFragmentInsertionTagProcessor - [THYMELEAF][http-nio-8080-exec-2][common/layout/layout] Deprecated unwrapped fragment expression "common/fragments/header::header" found in template common/layout/layout, line 31, col 10. Please use the complete syntax of fragment expressions instead ("~{common/fragments/header::header}"). The old, unwrapped syntax for fragment expressions will be removed in future versions of Thymeleaf.
2025-01-10 07:53:41 [http-nio-8080-exec-2] WARN  o.t.s.p.AbstractStandardFragmentInsertionTagProcessor - [THYMELEAF][http-nio-8080-exec-2][common/layout/layout] Deprecated unwrapped fragment expression "common/fragments/footer::footer" found in template common/layout/layout, line 35, col 10. Please use the complete syntax of fragment expressions instead ("~{common/fragments/footer::footer}"). The old, unwrapped syntax for fragment expressions will be removed in future versions of Thymeleaf.
2025-01-10 07:53:41 [http-nio-8080-exec-2] DEBUG org.mybatis.spring.SqlSessionUtils - Creating a new SqlSession
2025-01-10 07:53:41 [http-nio-8080-exec-2] DEBUG org.mybatis.spring.SqlSessionUtils - SqlSession [org.apache.ibatis.session.defaults.DefaultSqlSession@4c7c09a0] was not registered for synchronization because synchronization is not active
2025-01-10 07:53:41 [http-nio-8080-exec-2] DEBUG o.m.s.t.SpringManagedTransaction - JDBC Connection [HikariProxyConnection@1253728623 wrapping com.mysql.cj.jdbc.ConnectionImpl@5782fd26] will not be managed by Spring
2025-01-10 07:53:41 [http-nio-8080-exec-2] DEBUG c.s.d.m.CommonMapper.selectLnbList - ==>  Preparing: SELECT CT_LNB_IDX AS ctLnbIdx, CT_LNB_ID AS ctLnbId, CT_LNB_NAME AS ctLnbName, CT_LNB_SUB_YN AS ctLnbSubYn, CT_LNB_URL AS ctLnbUrl, CT_LNB_USE_YN AS ctLnbUseYn FROM CT_LNB WHERE CT_LNB_USE_YN = 'Y' ORDER BY CT_LNB_IDX
2025-01-10 07:53:41 [http-nio-8080-exec-2] DEBUG c.s.d.m.CommonMapper.selectLnbList - ==> Parameters: 
2025-01-10 07:53:41 [http-nio-8080-exec-2] DEBUG c.s.d.m.CommonMapper.selectLnbList - <==      Total: 4
2025-01-10 07:53:41 [http-nio-8080-exec-2] DEBUG org.mybatis.spring.SqlSessionUtils - Closing non transactional SqlSession [org.apache.ibatis.session.defaults.DefaultSqlSession@4c7c09a0]
2025-01-10 07:53:41 [http-nio-8080-exec-5] DEBUG org.mybatis.spring.SqlSessionUtils - Creating a new SqlSession
2025-01-10 07:53:41 [http-nio-8080-exec-5] DEBUG org.mybatis.spring.SqlSessionUtils - SqlSession [org.apache.ibatis.session.defaults.DefaultSqlSession@5b166f78] was not registered for synchronization because synchronization is not active
2025-01-10 07:53:41 [http-nio-8080-exec-5] DEBUG o.m.s.t.SpringManagedTransaction - JDBC Connection [HikariProxyConnection@25565093 wrapping com.mysql.cj.jdbc.ConnectionImpl@5782fd26] will not be managed by Spring
2025-01-10 07:53:41 [http-nio-8080-exec-5] DEBUG c.s.d.m.CommonMapper.selectLnbList - ==>  Preparing: SELECT CT_LNB_IDX AS ctLnbIdx, CT_LNB_ID AS ctLnbId, CT_LNB_NAME AS ctLnbName, CT_LNB_SUB_YN AS ctLnbSubYn, CT_LNB_URL AS ctLnbUrl, CT_LNB_USE_YN AS ctLnbUseYn FROM CT_LNB WHERE CT_LNB_USE_YN = 'Y' ORDER BY CT_LNB_IDX
2025-01-10 07:53:41 [http-nio-8080-exec-5] DEBUG c.s.d.m.CommonMapper.selectLnbList - ==> Parameters: 
2025-01-10 07:53:41 [http-nio-8080-exec-5] DEBUG c.s.d.m.CommonMapper.selectLnbList - <==      Total: 4
2025-01-10 07:53:41 [http-nio-8080-exec-5] DEBUG org.mybatis.spring.SqlSessionUtils - Closing non transactional SqlSession [org.apache.ibatis.session.defaults.DefaultSqlSession@5b166f78]
2025-01-10 07:53:41 [http-nio-8080-exec-6] DEBUG org.mybatis.spring.SqlSessionUtils - Creating a new SqlSession
2025-01-10 07:53:41 [http-nio-8080-exec-6] DEBUG org.mybatis.spring.SqlSessionUtils - SqlSession [org.apache.ibatis.session.defaults.DefaultSqlSession@608e5ca8] was not registered for synchronization because synchronization is not active
2025-01-10 07:53:41 [http-nio-8080-exec-6] DEBUG o.m.s.t.SpringManagedTransaction - JDBC Connection [HikariProxyConnection@1070229051 wrapping com.mysql.cj.jdbc.ConnectionImpl@55549275] will not be managed by Spring
2025-01-10 07:53:41 [http-nio-8080-exec-6] DEBUG c.s.d.m.C.selectLnbSubList - ==>  Preparing: SELECT CT_LNB_SUB_IDX AS ctLnbSubIdx, CT_LNB_ID AS ctLnbId, CT_LNB_SUB_ID AS ctLnbSubId, CT_LNB_SUB_NAME AS ctLnbSubName, CT_LNB_SUB_URL AS ctLnbSubUrl FROM CT_LNB_SUB WHERE CT_LNB_ID = ? ORDER BY CT_LNB_SUB_IDX
2025-01-10 07:53:41 [http-nio-8080-exec-9] DEBUG org.mybatis.spring.SqlSessionUtils - Creating a new SqlSession
2025-01-10 07:53:41 [http-nio-8080-exec-10] DEBUG org.mybatis.spring.SqlSessionUtils - Creating a new SqlSession
2025-01-10 07:53:41 [http-nio-8080-exec-9] DEBUG org.mybatis.spring.SqlSessionUtils - SqlSession [org.apache.ibatis.session.defaults.DefaultSqlSession@444fc09e] was not registered for synchronization because synchronization is not active
2025-01-10 07:53:41 [http-nio-8080-exec-10] DEBUG org.mybatis.spring.SqlSessionUtils - SqlSession [org.apache.ibatis.session.defaults.DefaultSqlSession@19185a7b] was not registered for synchronization because synchronization is not active
2025-01-10 07:53:41 [http-nio-8080-exec-9] DEBUG o.m.s.t.SpringManagedTransaction - JDBC Connection [HikariProxyConnection@1773741988 wrapping com.mysql.cj.jdbc.ConnectionImpl@5782fd26] will not be managed by Spring
2025-01-10 07:53:41 [http-nio-8080-exec-9] DEBUG c.s.d.m.C.selectLnbSubList - ==>  Preparing: SELECT CT_LNB_SUB_IDX AS ctLnbSubIdx, CT_LNB_ID AS ctLnbId, CT_LNB_SUB_ID AS ctLnbSubId, CT_LNB_SUB_NAME AS ctLnbSubName, CT_LNB_SUB_URL AS ctLnbSubUrl FROM CT_LNB_SUB WHERE CT_LNB_ID = ? ORDER BY CT_LNB_SUB_IDX
2025-01-10 07:53:41 [http-nio-8080-exec-6] DEBUG c.s.d.m.C.selectLnbSubList - ==> Parameters: CT_LNB_INFORMATION(String)
2025-01-10 07:53:41 [http-nio-8080-exec-9] DEBUG c.s.d.m.C.selectLnbSubList - ==> Parameters: CT_LNB_SERVICE(String)
2025-01-10 07:53:41 [http-nio-8080-exec-10] DEBUG o.m.s.t.SpringManagedTransaction - JDBC Connection [HikariProxyConnection@1955675840 wrapping com.mysql.cj.jdbc.ConnectionImpl@1b9113c5] will not be managed by Spring
2025-01-10 07:53:41 [http-nio-8080-exec-10] DEBUG c.s.d.m.C.selectLnbSubList - ==>  Preparing: SELECT CT_LNB_SUB_IDX AS ctLnbSubIdx, CT_LNB_ID AS ctLnbId, CT_LNB_SUB_ID AS ctLnbSubId, CT_LNB_SUB_NAME AS ctLnbSubName, CT_LNB_SUB_URL AS ctLnbSubUrl FROM CT_LNB_SUB WHERE CT_LNB_ID = ? ORDER BY CT_LNB_SUB_IDX
2025-01-10 07:53:41 [http-nio-8080-exec-10] DEBUG c.s.d.m.C.selectLnbSubList - ==> Parameters: CT_LNB_CONTACT(String)
2025-01-10 07:53:41 [http-nio-8080-exec-6] DEBUG c.s.d.m.C.selectLnbSubList - <==      Total: 2
2025-01-10 07:53:41 [http-nio-8080-exec-9] DEBUG c.s.d.m.C.selectLnbSubList - <==      Total: 4
2025-01-10 07:53:41 [http-nio-8080-exec-6] DEBUG org.mybatis.spring.SqlSessionUtils - Closing non transactional SqlSession [org.apache.ibatis.session.defaults.DefaultSqlSession@608e5ca8]
2025-01-10 07:53:41 [http-nio-8080-exec-9] DEBUG org.mybatis.spring.SqlSessionUtils - Closing non transactional SqlSession [org.apache.ibatis.session.defaults.DefaultSqlSession@444fc09e]
2025-01-10 07:53:41 [http-nio-8080-exec-10] DEBUG c.s.d.m.C.selectLnbSubList - <==      Total: 2
2025-01-10 07:53:41 [http-nio-8080-exec-10] DEBUG org.mybatis.spring.SqlSessionUtils - Closing non transactional SqlSession [org.apache.ibatis.session.defaults.DefaultSqlSession@19185a7b]
2025-01-10 07:53:41 [http-nio-8080-exec-3] DEBUG org.mybatis.spring.SqlSessionUtils - Creating a new SqlSession
2025-01-10 07:53:41 [http-nio-8080-exec-3] DEBUG org.mybatis.spring.SqlSessionUtils - SqlSession [org.apache.ibatis.session.defaults.DefaultSqlSession@5769d477] was not registered for synchronization because synchronization is not active
2025-01-10 07:53:41 [http-nio-8080-exec-3] DEBUG o.m.s.t.SpringManagedTransaction - JDBC Connection [HikariProxyConnection@1677955797 wrapping com.mysql.cj.jdbc.ConnectionImpl@1b9113c5] will not be managed by Spring
2025-01-10 07:53:41 [http-nio-8080-exec-3] DEBUG c.s.d.m.C.selectLnbSubList - ==>  Preparing: SELECT CT_LNB_SUB_IDX AS ctLnbSubIdx, CT_LNB_ID AS ctLnbId, CT_LNB_SUB_ID AS ctLnbSubId, CT_LNB_SUB_NAME AS ctLnbSubName, CT_LNB_SUB_URL AS ctLnbSubUrl FROM CT_LNB_SUB WHERE CT_LNB_ID = ? ORDER BY CT_LNB_SUB_IDX
2025-01-10 07:53:41 [http-nio-8080-exec-7] DEBUG org.mybatis.spring.SqlSessionUtils - Creating a new SqlSession
2025-01-10 07:53:41 [http-nio-8080-exec-4] DEBUG org.mybatis.spring.SqlSessionUtils - Creating a new SqlSession
2025-01-10 07:53:41 [http-nio-8080-exec-7] DEBUG org.mybatis.spring.SqlSessionUtils - SqlSession [org.apache.ibatis.session.defaults.DefaultSqlSession@20f0cec] was not registered for synchronization because synchronization is not active
2025-01-10 07:53:41 [http-nio-8080-exec-4] DEBUG org.mybatis.spring.SqlSessionUtils - SqlSession [org.apache.ibatis.session.defaults.DefaultSqlSession@5bcd21fa] was not registered for synchronization because synchronization is not active
2025-01-10 07:53:41 [http-nio-8080-exec-7] DEBUG o.m.s.t.SpringManagedTransaction - JDBC Connection [HikariProxyConnection@1507833455 wrapping com.mysql.cj.jdbc.ConnectionImpl@5782fd26] will not be managed by Spring
2025-01-10 07:53:41 [http-nio-8080-exec-4] DEBUG o.m.s.t.SpringManagedTransaction - JDBC Connection [HikariProxyConnection@1316120572 wrapping com.mysql.cj.jdbc.ConnectionImpl@55549275] will not be managed by Spring
2025-01-10 07:53:41 [http-nio-8080-exec-7] DEBUG c.s.d.m.C.selectLnbSubList - ==>  Preparing: SELECT CT_LNB_SUB_IDX AS ctLnbSubIdx, CT_LNB_ID AS ctLnbId, CT_LNB_SUB_ID AS ctLnbSubId, CT_LNB_SUB_NAME AS ctLnbSubName, CT_LNB_SUB_URL AS ctLnbSubUrl FROM CT_LNB_SUB WHERE CT_LNB_ID = ? ORDER BY CT_LNB_SUB_IDX
2025-01-10 07:53:41 [http-nio-8080-exec-4] DEBUG c.s.d.m.C.selectLnbSubList - ==>  Preparing: SELECT CT_LNB_SUB_IDX AS ctLnbSubIdx, CT_LNB_ID AS ctLnbId, CT_LNB_SUB_ID AS ctLnbSubId, CT_LNB_SUB_NAME AS ctLnbSubName, CT_LNB_SUB_URL AS ctLnbSubUrl FROM CT_LNB_SUB WHERE CT_LNB_ID = ? ORDER BY CT_LNB_SUB_IDX
2025-01-10 07:53:41 [http-nio-8080-exec-3] DEBUG c.s.d.m.C.selectLnbSubList - ==> Parameters: CT_LNB_INFORMATION(String)
2025-01-10 07:53:41 [http-nio-8080-exec-7] DEBUG c.s.d.m.C.selectLnbSubList - ==> Parameters: CT_LNB_SERVICE(String)
2025-01-10 07:53:41 [http-nio-8080-exec-4] DEBUG c.s.d.m.C.selectLnbSubList - ==> Parameters: CT_LNB_CONTACT(String)
2025-01-10 07:53:41 [http-nio-8080-exec-3] DEBUG c.s.d.m.C.selectLnbSubList - <==      Total: 2
2025-01-10 07:53:41 [http-nio-8080-exec-7] DEBUG c.s.d.m.C.selectLnbSubList - <==      Total: 4
2025-01-10 07:53:41 [http-nio-8080-exec-4] DEBUG c.s.d.m.C.selectLnbSubList - <==      Total: 2
2025-01-10 07:53:41 [http-nio-8080-exec-3] DEBUG org.mybatis.spring.SqlSessionUtils - Closing non transactional SqlSession [org.apache.ibatis.session.defaults.DefaultSqlSession@5769d477]
2025-01-10 07:53:41 [http-nio-8080-exec-7] DEBUG org.mybatis.spring.SqlSessionUtils - Closing non transactional SqlSession [org.apache.ibatis.session.defaults.DefaultSqlSession@20f0cec]
2025-01-10 07:53:41 [http-nio-8080-exec-4] DEBUG org.mybatis.spring.SqlSessionUtils - Closing non transactional SqlSession [org.apache.ibatis.session.defaults.DefaultSqlSession@5bcd21fa]
2025-01-10 07:53:53 [http-nio-8080-exec-8] WARN  o.t.s.p.AbstractStandardFragmentInsertionTagProcessor - [THYMELEAF][http-nio-8080-exec-8][common/layout/layout] Deprecated unwrapped fragment expression "common/fragments/header::header" found in template common/layout/layout, line 31, col 10. Please use the complete syntax of fragment expressions instead ("~{common/fragments/header::header}"). The old, unwrapped syntax for fragment expressions will be removed in future versions of Thymeleaf.
2025-01-10 07:53:53 [http-nio-8080-exec-8] WARN  o.t.s.p.AbstractStandardFragmentInsertionTagProcessor - [THYMELEAF][http-nio-8080-exec-8][common/layout/layout] Deprecated unwrapped fragment expression "common/fragments/footer::footer" found in template common/layout/layout, line 35, col 10. Please use the complete syntax of fragment expressions instead ("~{common/fragments/footer::footer}"). The old, unwrapped syntax for fragment expressions will be removed in future versions of Thymeleaf.
2025-01-10 07:53:53 [http-nio-8080-exec-8] DEBUG org.mybatis.spring.SqlSessionUtils - Creating a new SqlSession
2025-01-10 07:53:53 [http-nio-8080-exec-8] DEBUG org.mybatis.spring.SqlSessionUtils - SqlSession [org.apache.ibatis.session.defaults.DefaultSqlSession@3d7aa574] was not registered for synchronization because synchronization is not active
2025-01-10 07:53:53 [http-nio-8080-exec-8] DEBUG o.m.s.t.SpringManagedTransaction - JDBC Connection [HikariProxyConnection@857063289 wrapping com.mysql.cj.jdbc.ConnectionImpl@55549275] will not be managed by Spring
2025-01-10 07:53:53 [http-nio-8080-exec-8] DEBUG c.s.d.m.CommonMapper.selectLnbList - ==>  Preparing: SELECT CT_LNB_IDX AS ctLnbIdx, CT_LNB_ID AS ctLnbId, CT_LNB_NAME AS ctLnbName, CT_LNB_SUB_YN AS ctLnbSubYn, CT_LNB_URL AS ctLnbUrl, CT_LNB_USE_YN AS ctLnbUseYn FROM CT_LNB WHERE CT_LNB_USE_YN = 'Y' ORDER BY CT_LNB_IDX
2025-01-10 07:53:53 [http-nio-8080-exec-8] DEBUG c.s.d.m.CommonMapper.selectLnbList - ==> Parameters: 
2025-01-10 07:53:53 [http-nio-8080-exec-8] DEBUG c.s.d.m.CommonMapper.selectLnbList - <==      Total: 4
2025-01-10 07:53:53 [http-nio-8080-exec-8] DEBUG org.mybatis.spring.SqlSessionUtils - Closing non transactional SqlSession [org.apache.ibatis.session.defaults.DefaultSqlSession@3d7aa574]
2025-01-10 07:53:53 [http-nio-8080-exec-1] DEBUG org.mybatis.spring.SqlSessionUtils - Creating a new SqlSession
2025-01-10 07:53:53 [http-nio-8080-exec-1] DEBUG org.mybatis.spring.SqlSessionUtils - SqlSession [org.apache.ibatis.session.defaults.DefaultSqlSession@6c771c7e] was not registered for synchronization because synchronization is not active
2025-01-10 07:53:53 [http-nio-8080-exec-1] DEBUG o.m.s.t.SpringManagedTransaction - JDBC Connection [HikariProxyConnection@422477883 wrapping com.mysql.cj.jdbc.ConnectionImpl@1b9113c5] will not be managed by Spring
2025-01-10 07:53:53 [http-nio-8080-exec-1] DEBUG c.s.d.m.CommonMapper.selectLnbList - ==>  Preparing: SELECT CT_LNB_IDX AS ctLnbIdx, CT_LNB_ID AS ctLnbId, CT_LNB_NAME AS ctLnbName, CT_LNB_SUB_YN AS ctLnbSubYn, CT_LNB_URL AS ctLnbUrl, CT_LNB_USE_YN AS ctLnbUseYn FROM CT_LNB WHERE CT_LNB_USE_YN = 'Y' ORDER BY CT_LNB_IDX
2025-01-10 07:53:53 [http-nio-8080-exec-1] DEBUG c.s.d.m.CommonMapper.selectLnbList - ==> Parameters: 
2025-01-10 07:53:53 [http-nio-8080-exec-1] DEBUG c.s.d.m.CommonMapper.selectLnbList - <==      Total: 4
2025-01-10 07:53:53 [http-nio-8080-exec-1] DEBUG org.mybatis.spring.SqlSessionUtils - Closing non transactional SqlSession [org.apache.ibatis.session.defaults.DefaultSqlSession@6c771c7e]
2025-01-10 07:53:53 [http-nio-8080-exec-10] DEBUG org.mybatis.spring.SqlSessionUtils - Creating a new SqlSession
2025-01-10 07:53:53 [http-nio-8080-exec-10] DEBUG org.mybatis.spring.SqlSessionUtils - SqlSession [org.apache.ibatis.session.defaults.DefaultSqlSession@42e40687] was not registered for synchronization because synchronization is not active
2025-01-10 07:53:53 [http-nio-8080-exec-10] DEBUG o.m.s.t.SpringManagedTransaction - JDBC Connection [HikariProxyConnection@1073633061 wrapping com.mysql.cj.jdbc.ConnectionImpl@1b9113c5] will not be managed by Spring
2025-01-10 07:53:53 [http-nio-8080-exec-10] DEBUG c.s.d.m.C.selectLnbSubList - ==>  Preparing: SELECT CT_LNB_SUB_IDX AS ctLnbSubIdx, CT_LNB_ID AS ctLnbId, CT_LNB_SUB_ID AS ctLnbSubId, CT_LNB_SUB_NAME AS ctLnbSubName, CT_LNB_SUB_URL AS ctLnbSubUrl FROM CT_LNB_SUB WHERE CT_LNB_ID = ? ORDER BY CT_LNB_SUB_IDX
2025-01-10 07:53:53 [http-nio-8080-exec-9] DEBUG org.mybatis.spring.SqlSessionUtils - Creating a new SqlSession
2025-01-10 07:53:53 [http-nio-8080-exec-2] DEBUG org.mybatis.spring.SqlSessionUtils - Creating a new SqlSession
2025-01-10 07:53:53 [http-nio-8080-exec-9] DEBUG org.mybatis.spring.SqlSessionUtils - SqlSession [org.apache.ibatis.session.defaults.DefaultSqlSession@69016432] was not registered for synchronization because synchronization is not active
2025-01-10 07:53:53 [http-nio-8080-exec-2] DEBUG org.mybatis.spring.SqlSessionUtils - SqlSession [org.apache.ibatis.session.defaults.DefaultSqlSession@1fab7fae] was not registered for synchronization because synchronization is not active
2025-01-10 07:53:53 [http-nio-8080-exec-10] DEBUG c.s.d.m.C.selectLnbSubList - ==> Parameters: CT_LNB_INFORMATION(String)
2025-01-10 07:53:53 [http-nio-8080-exec-2] DEBUG o.m.s.t.SpringManagedTransaction - JDBC Connection [HikariProxyConnection@109302829 wrapping com.mysql.cj.jdbc.ConnectionImpl@55549275] will not be managed by Spring
2025-01-10 07:53:53 [http-nio-8080-exec-2] DEBUG c.s.d.m.C.selectLnbSubList - ==>  Preparing: SELECT CT_LNB_SUB_IDX AS ctLnbSubIdx, CT_LNB_ID AS ctLnbId, CT_LNB_SUB_ID AS ctLnbSubId, CT_LNB_SUB_NAME AS ctLnbSubName, CT_LNB_SUB_URL AS ctLnbSubUrl FROM CT_LNB_SUB WHERE CT_LNB_ID = ? ORDER BY CT_LNB_SUB_IDX
2025-01-10 07:53:53 [http-nio-8080-exec-9] DEBUG o.m.s.t.SpringManagedTransaction - JDBC Connection [HikariProxyConnection@1235610289 wrapping com.mysql.cj.jdbc.ConnectionImpl@5782fd26] will not be managed by Spring
2025-01-10 07:53:53 [http-nio-8080-exec-2] DEBUG c.s.d.m.C.selectLnbSubList - ==> Parameters: CT_LNB_SERVICE(String)
2025-01-10 07:53:53 [http-nio-8080-exec-9] DEBUG c.s.d.m.C.selectLnbSubList - ==>  Preparing: SELECT CT_LNB_SUB_IDX AS ctLnbSubIdx, CT_LNB_ID AS ctLnbId, CT_LNB_SUB_ID AS ctLnbSubId, CT_LNB_SUB_NAME AS ctLnbSubName, CT_LNB_SUB_URL AS ctLnbSubUrl FROM CT_LNB_SUB WHERE CT_LNB_ID = ? ORDER BY CT_LNB_SUB_IDX
2025-01-10 07:53:53 [http-nio-8080-exec-9] DEBUG c.s.d.m.C.selectLnbSubList - ==> Parameters: CT_LNB_CONTACT(String)
2025-01-10 07:53:53 [http-nio-8080-exec-10] DEBUG c.s.d.m.C.selectLnbSubList - <==      Total: 2
2025-01-10 07:53:53 [http-nio-8080-exec-10] DEBUG org.mybatis.spring.SqlSessionUtils - Closing non transactional SqlSession [org.apache.ibatis.session.defaults.DefaultSqlSession@42e40687]
2025-01-10 07:53:53 [http-nio-8080-exec-2] DEBUG c.s.d.m.C.selectLnbSubList - <==      Total: 4
2025-01-10 07:53:53 [http-nio-8080-exec-2] DEBUG org.mybatis.spring.SqlSessionUtils - Closing non transactional SqlSession [org.apache.ibatis.session.defaults.DefaultSqlSession@1fab7fae]
2025-01-10 07:53:53 [http-nio-8080-exec-9] DEBUG c.s.d.m.C.selectLnbSubList - <==      Total: 2
2025-01-10 07:53:53 [http-nio-8080-exec-9] DEBUG org.mybatis.spring.SqlSessionUtils - Closing non transactional SqlSession [org.apache.ibatis.session.defaults.DefaultSqlSession@69016432]
2025-01-10 07:53:53 [http-nio-8080-exec-6] DEBUG org.mybatis.spring.SqlSessionUtils - Creating a new SqlSession
2025-01-10 07:53:53 [http-nio-8080-exec-6] DEBUG org.mybatis.spring.SqlSessionUtils - SqlSession [org.apache.ibatis.session.defaults.DefaultSqlSession@3b96515c] was not registered for synchronization because synchronization is not active
2025-01-10 07:53:53 [http-nio-8080-exec-3] DEBUG org.mybatis.spring.SqlSessionUtils - Creating a new SqlSession
2025-01-10 07:53:53 [http-nio-8080-exec-5] DEBUG org.mybatis.spring.SqlSessionUtils - Creating a new SqlSession
2025-01-10 07:53:53 [http-nio-8080-exec-3] DEBUG org.mybatis.spring.SqlSessionUtils - SqlSession [org.apache.ibatis.session.defaults.DefaultSqlSession@3048e492] was not registered for synchronization because synchronization is not active
2025-01-10 07:53:53 [http-nio-8080-exec-6] DEBUG o.m.s.t.SpringManagedTransaction - JDBC Connection [HikariProxyConnection@1468072875 wrapping com.mysql.cj.jdbc.ConnectionImpl@55549275] will not be managed by Spring
2025-01-10 07:53:53 [http-nio-8080-exec-5] DEBUG org.mybatis.spring.SqlSessionUtils - SqlSession [org.apache.ibatis.session.defaults.DefaultSqlSession@4e7bacd7] was not registered for synchronization because synchronization is not active
2025-01-10 07:53:53 [http-nio-8080-exec-6] DEBUG c.s.d.m.C.selectLnbSubList - ==>  Preparing: SELECT CT_LNB_SUB_IDX AS ctLnbSubIdx, CT_LNB_ID AS ctLnbId, CT_LNB_SUB_ID AS ctLnbSubId, CT_LNB_SUB_NAME AS ctLnbSubName, CT_LNB_SUB_URL AS ctLnbSubUrl FROM CT_LNB_SUB WHERE CT_LNB_ID = ? ORDER BY CT_LNB_SUB_IDX
2025-01-10 07:53:53 [http-nio-8080-exec-3] DEBUG o.m.s.t.SpringManagedTransaction - JDBC Connection [HikariProxyConnection@1210404212 wrapping com.mysql.cj.jdbc.ConnectionImpl@1b9113c5] will not be managed by Spring
2025-01-10 07:53:53 [http-nio-8080-exec-5] DEBUG o.m.s.t.SpringManagedTransaction - JDBC Connection [HikariProxyConnection@2138153346 wrapping com.mysql.cj.jdbc.ConnectionImpl@5782fd26] will not be managed by Spring
2025-01-10 07:53:53 [http-nio-8080-exec-3] DEBUG c.s.d.m.C.selectLnbSubList - ==>  Preparing: SELECT CT_LNB_SUB_IDX AS ctLnbSubIdx, CT_LNB_ID AS ctLnbId, CT_LNB_SUB_ID AS ctLnbSubId, CT_LNB_SUB_NAME AS ctLnbSubName, CT_LNB_SUB_URL AS ctLnbSubUrl FROM CT_LNB_SUB WHERE CT_LNB_ID = ? ORDER BY CT_LNB_SUB_IDX
2025-01-10 07:53:53 [http-nio-8080-exec-5] DEBUG c.s.d.m.C.selectLnbSubList - ==>  Preparing: SELECT CT_LNB_SUB_IDX AS ctLnbSubIdx, CT_LNB_ID AS ctLnbId, CT_LNB_SUB_ID AS ctLnbSubId, CT_LNB_SUB_NAME AS ctLnbSubName, CT_LNB_SUB_URL AS ctLnbSubUrl FROM CT_LNB_SUB WHERE CT_LNB_ID = ? ORDER BY CT_LNB_SUB_IDX
2025-01-10 07:53:53 [http-nio-8080-exec-3] DEBUG c.s.d.m.C.selectLnbSubList - ==> Parameters: CT_LNB_CONTACT(String)
2025-01-10 07:53:53 [http-nio-8080-exec-6] DEBUG c.s.d.m.C.selectLnbSubList - ==> Parameters: CT_LNB_INFORMATION(String)
2025-01-10 07:53:53 [http-nio-8080-exec-5] DEBUG c.s.d.m.C.selectLnbSubList - ==> Parameters: CT_LNB_SERVICE(String)
2025-01-10 07:53:53 [http-nio-8080-exec-6] DEBUG c.s.d.m.C.selectLnbSubList - <==      Total: 2
2025-01-10 07:53:53 [http-nio-8080-exec-3] DEBUG c.s.d.m.C.selectLnbSubList - <==      Total: 2
2025-01-10 07:53:53 [http-nio-8080-exec-5] DEBUG c.s.d.m.C.selectLnbSubList - <==      Total: 4
2025-01-10 07:53:53 [http-nio-8080-exec-6] DEBUG org.mybatis.spring.SqlSessionUtils - Closing non transactional SqlSession [org.apache.ibatis.session.defaults.DefaultSqlSession@3b96515c]
2025-01-10 07:53:53 [http-nio-8080-exec-3] DEBUG org.mybatis.spring.SqlSessionUtils - Closing non transactional SqlSession [org.apache.ibatis.session.defaults.DefaultSqlSession@3048e492]
2025-01-10 07:53:53 [http-nio-8080-exec-5] DEBUG org.mybatis.spring.SqlSessionUtils - Closing non transactional SqlSession [org.apache.ibatis.session.defaults.DefaultSqlSession@4e7bacd7]
2025-01-10 07:54:08 [http-nio-8080-exec-7] WARN  o.t.s.p.AbstractStandardFragmentInsertionTagProcessor - [THYMELEAF][http-nio-8080-exec-7][common/layout/layout] Deprecated unwrapped fragment expression "common/fragments/header::header" found in template common/layout/layout, line 31, col 10. Please use the complete syntax of fragment expressions instead ("~{common/fragments/header::header}"). The old, unwrapped syntax for fragment expressions will be removed in future versions of Thymeleaf.
2025-01-10 07:54:08 [http-nio-8080-exec-7] WARN  o.t.s.p.AbstractStandardFragmentInsertionTagProcessor - [THYMELEAF][http-nio-8080-exec-7][common/layout/layout] Deprecated unwrapped fragment expression "common/fragments/footer::footer" found in template common/layout/layout, line 35, col 10. Please use the complete syntax of fragment expressions instead ("~{common/fragments/footer::footer}"). The old, unwrapped syntax for fragment expressions will be removed in future versions of Thymeleaf.
2025-01-10 07:54:08 [http-nio-8080-exec-7] DEBUG org.mybatis.spring.SqlSessionUtils - Creating a new SqlSession
2025-01-10 07:54:08 [http-nio-8080-exec-7] DEBUG org.mybatis.spring.SqlSessionUtils - SqlSession [org.apache.ibatis.session.defaults.DefaultSqlSession@6b6f7ef1] was not registered for synchronization because synchronization is not active
2025-01-10 07:54:08 [http-nio-8080-exec-7] DEBUG o.m.s.t.SpringManagedTransaction - JDBC Connection [HikariProxyConnection@1331333341 wrapping com.mysql.cj.jdbc.ConnectionImpl@5782fd26] will not be managed by Spring
2025-01-10 07:54:08 [http-nio-8080-exec-7] DEBUG c.s.d.m.CommonMapper.selectLnbList - ==>  Preparing: SELECT CT_LNB_IDX AS ctLnbIdx, CT_LNB_ID AS ctLnbId, CT_LNB_NAME AS ctLnbName, CT_LNB_SUB_YN AS ctLnbSubYn, CT_LNB_URL AS ctLnbUrl, CT_LNB_USE_YN AS ctLnbUseYn FROM CT_LNB WHERE CT_LNB_USE_YN = 'Y' ORDER BY CT_LNB_IDX
2025-01-10 07:54:08 [http-nio-8080-exec-7] DEBUG c.s.d.m.CommonMapper.selectLnbList - ==> Parameters: 
2025-01-10 07:54:08 [http-nio-8080-exec-7] DEBUG c.s.d.m.CommonMapper.selectLnbList - <==      Total: 4
2025-01-10 07:54:08 [http-nio-8080-exec-7] DEBUG org.mybatis.spring.SqlSessionUtils - Closing non transactional SqlSession [org.apache.ibatis.session.defaults.DefaultSqlSession@6b6f7ef1]
2025-01-10 07:54:08 [http-nio-8080-exec-4] DEBUG org.mybatis.spring.SqlSessionUtils - Creating a new SqlSession
2025-01-10 07:54:08 [http-nio-8080-exec-4] DEBUG org.mybatis.spring.SqlSessionUtils - SqlSession [org.apache.ibatis.session.defaults.DefaultSqlSession@2e1ee662] was not registered for synchronization because synchronization is not active
2025-01-10 07:54:08 [http-nio-8080-exec-4] DEBUG o.m.s.t.SpringManagedTransaction - JDBC Connection [HikariProxyConnection@2118277369 wrapping com.mysql.cj.jdbc.ConnectionImpl@55549275] will not be managed by Spring
2025-01-10 07:54:08 [http-nio-8080-exec-4] DEBUG c.s.d.m.CommonMapper.selectLnbList - ==>  Preparing: SELECT CT_LNB_IDX AS ctLnbIdx, CT_LNB_ID AS ctLnbId, CT_LNB_NAME AS ctLnbName, CT_LNB_SUB_YN AS ctLnbSubYn, CT_LNB_URL AS ctLnbUrl, CT_LNB_USE_YN AS ctLnbUseYn FROM CT_LNB WHERE CT_LNB_USE_YN = 'Y' ORDER BY CT_LNB_IDX
2025-01-10 07:54:08 [http-nio-8080-exec-4] DEBUG c.s.d.m.CommonMapper.selectLnbList - ==> Parameters: 
2025-01-10 07:54:08 [http-nio-8080-exec-4] DEBUG c.s.d.m.CommonMapper.selectLnbList - <==      Total: 4
2025-01-10 07:54:08 [http-nio-8080-exec-4] DEBUG org.mybatis.spring.SqlSessionUtils - Closing non transactional SqlSession [org.apache.ibatis.session.defaults.DefaultSqlSession@2e1ee662]
2025-01-10 07:54:08 [http-nio-8080-exec-9] DEBUG org.mybatis.spring.SqlSessionUtils - Creating a new SqlSession
2025-01-10 07:54:08 [http-nio-8080-exec-8] DEBUG org.mybatis.spring.SqlSessionUtils - Creating a new SqlSession
2025-01-10 07:54:08 [http-nio-8080-exec-10] DEBUG org.mybatis.spring.SqlSessionUtils - Creating a new SqlSession
2025-01-10 07:54:08 [http-nio-8080-exec-9] DEBUG org.mybatis.spring.SqlSessionUtils - SqlSession [org.apache.ibatis.session.defaults.DefaultSqlSession@2b91665d] was not registered for synchronization because synchronization is not active
2025-01-10 07:54:08 [http-nio-8080-exec-10] DEBUG org.mybatis.spring.SqlSessionUtils - SqlSession [org.apache.ibatis.session.defaults.DefaultSqlSession@40abb7a] was not registered for synchronization because synchronization is not active
2025-01-10 07:54:08 [http-nio-8080-exec-8] DEBUG org.mybatis.spring.SqlSessionUtils - SqlSession [org.apache.ibatis.session.defaults.DefaultSqlSession@19ee98b] was not registered for synchronization because synchronization is not active
2025-01-10 07:54:08 [http-nio-8080-exec-9] DEBUG o.m.s.t.SpringManagedTransaction - JDBC Connection [HikariProxyConnection@1292362236 wrapping com.mysql.cj.jdbc.ConnectionImpl@5782fd26] will not be managed by Spring
2025-01-10 07:54:08 [http-nio-8080-exec-8] DEBUG o.m.s.t.SpringManagedTransaction - JDBC Connection [HikariProxyConnection@527327414 wrapping com.mysql.cj.jdbc.ConnectionImpl@55549275] will not be managed by Spring
2025-01-10 07:54:08 [http-nio-8080-exec-9] DEBUG c.s.d.m.C.selectLnbSubList - ==>  Preparing: SELECT CT_LNB_SUB_IDX AS ctLnbSubIdx, CT_LNB_ID AS ctLnbId, CT_LNB_SUB_ID AS ctLnbSubId, CT_LNB_SUB_NAME AS ctLnbSubName, CT_LNB_SUB_URL AS ctLnbSubUrl FROM CT_LNB_SUB WHERE CT_LNB_ID = ? ORDER BY CT_LNB_SUB_IDX
2025-01-10 07:54:08 [http-nio-8080-exec-8] DEBUG c.s.d.m.C.selectLnbSubList - ==>  Preparing: SELECT CT_LNB_SUB_IDX AS ctLnbSubIdx, CT_LNB_ID AS ctLnbId, CT_LNB_SUB_ID AS ctLnbSubId, CT_LNB_SUB_NAME AS ctLnbSubName, CT_LNB_SUB_URL AS ctLnbSubUrl FROM CT_LNB_SUB WHERE CT_LNB_ID = ? ORDER BY CT_LNB_SUB_IDX
2025-01-10 07:54:08 [http-nio-8080-exec-9] DEBUG c.s.d.m.C.selectLnbSubList - ==> Parameters: CT_LNB_INFORMATION(String)
2025-01-10 07:54:08 [http-nio-8080-exec-8] DEBUG c.s.d.m.C.selectLnbSubList - ==> Parameters: CT_LNB_CONTACT(String)
2025-01-10 07:54:08 [http-nio-8080-exec-10] DEBUG o.m.s.t.SpringManagedTransaction - JDBC Connection [HikariProxyConnection@1233163169 wrapping com.mysql.cj.jdbc.ConnectionImpl@1b9113c5] will not be managed by Spring
2025-01-10 07:54:08 [http-nio-8080-exec-10] DEBUG c.s.d.m.C.selectLnbSubList - ==>  Preparing: SELECT CT_LNB_SUB_IDX AS ctLnbSubIdx, CT_LNB_ID AS ctLnbId, CT_LNB_SUB_ID AS ctLnbSubId, CT_LNB_SUB_NAME AS ctLnbSubName, CT_LNB_SUB_URL AS ctLnbSubUrl FROM CT_LNB_SUB WHERE CT_LNB_ID = ? ORDER BY CT_LNB_SUB_IDX
2025-01-10 07:54:08 [http-nio-8080-exec-10] DEBUG c.s.d.m.C.selectLnbSubList - ==> Parameters: CT_LNB_SERVICE(String)
2025-01-10 07:54:08 [http-nio-8080-exec-9] DEBUG c.s.d.m.C.selectLnbSubList - <==      Total: 2
2025-01-10 07:54:08 [http-nio-8080-exec-8] DEBUG c.s.d.m.C.selectLnbSubList - <==      Total: 2
2025-01-10 07:54:08 [http-nio-8080-exec-10] DEBUG c.s.d.m.C.selectLnbSubList - <==      Total: 4
2025-01-10 07:54:08 [http-nio-8080-exec-10] DEBUG org.mybatis.spring.SqlSessionUtils - Closing non transactional SqlSession [org.apache.ibatis.session.defaults.DefaultSqlSession@40abb7a]
2025-01-10 07:54:08 [http-nio-8080-exec-9] DEBUG org.mybatis.spring.SqlSessionUtils - Closing non transactional SqlSession [org.apache.ibatis.session.defaults.DefaultSqlSession@2b91665d]
2025-01-10 07:54:08 [http-nio-8080-exec-8] DEBUG org.mybatis.spring.SqlSessionUtils - Closing non transactional SqlSession [org.apache.ibatis.session.defaults.DefaultSqlSession@19ee98b]
2025-01-10 07:54:08 [http-nio-8080-exec-1] DEBUG org.mybatis.spring.SqlSessionUtils - Creating a new SqlSession
2025-01-10 07:54:08 [http-nio-8080-exec-1] DEBUG org.mybatis.spring.SqlSessionUtils - SqlSession [org.apache.ibatis.session.defaults.DefaultSqlSession@511a7fbb] was not registered for synchronization because synchronization is not active
2025-01-10 07:54:08 [http-nio-8080-exec-1] DEBUG o.m.s.t.SpringManagedTransaction - JDBC Connection [HikariProxyConnection@1020793595 wrapping com.mysql.cj.jdbc.ConnectionImpl@1b9113c5] will not be managed by Spring
2025-01-10 07:54:08 [http-nio-8080-exec-1] DEBUG c.s.d.m.C.selectLnbSubList - ==>  Preparing: SELECT CT_LNB_SUB_IDX AS ctLnbSubIdx, CT_LNB_ID AS ctLnbId, CT_LNB_SUB_ID AS ctLnbSubId, CT_LNB_SUB_NAME AS ctLnbSubName, CT_LNB_SUB_URL AS ctLnbSubUrl FROM CT_LNB_SUB WHERE CT_LNB_ID = ? ORDER BY CT_LNB_SUB_IDX
2025-01-10 07:54:08 [http-nio-8080-exec-2] DEBUG org.mybatis.spring.SqlSessionUtils - Creating a new SqlSession
2025-01-10 07:54:08 [http-nio-8080-exec-6] DEBUG org.mybatis.spring.SqlSessionUtils - Creating a new SqlSession
2025-01-10 07:54:08 [http-nio-8080-exec-2] DEBUG org.mybatis.spring.SqlSessionUtils - SqlSession [org.apache.ibatis.session.defaults.DefaultSqlSession@7a172d29] was not registered for synchronization because synchronization is not active
2025-01-10 07:54:08 [http-nio-8080-exec-6] DEBUG org.mybatis.spring.SqlSessionUtils - SqlSession [org.apache.ibatis.session.defaults.DefaultSqlSession@454ec930] was not registered for synchronization because synchronization is not active
2025-01-10 07:54:08 [http-nio-8080-exec-2] DEBUG o.m.s.t.SpringManagedTransaction - JDBC Connection [HikariProxyConnection@1655549178 wrapping com.mysql.cj.jdbc.ConnectionImpl@55549275] will not be managed by Spring
2025-01-10 07:54:08 [http-nio-8080-exec-1] DEBUG c.s.d.m.C.selectLnbSubList - ==> Parameters: CT_LNB_INFORMATION(String)
2025-01-10 07:54:08 [http-nio-8080-exec-6] DEBUG o.m.s.t.SpringManagedTransaction - JDBC Connection [HikariProxyConnection@445449833 wrapping com.mysql.cj.jdbc.ConnectionImpl@5782fd26] will not be managed by Spring
2025-01-10 07:54:08 [http-nio-8080-exec-2] DEBUG c.s.d.m.C.selectLnbSubList - ==>  Preparing: SELECT CT_LNB_SUB_IDX AS ctLnbSubIdx, CT_LNB_ID AS ctLnbId, CT_LNB_SUB_ID AS ctLnbSubId, CT_LNB_SUB_NAME AS ctLnbSubName, CT_LNB_SUB_URL AS ctLnbSubUrl FROM CT_LNB_SUB WHERE CT_LNB_ID = ? ORDER BY CT_LNB_SUB_IDX
2025-01-10 07:54:08 [http-nio-8080-exec-6] DEBUG c.s.d.m.C.selectLnbSubList - ==>  Preparing: SELECT CT_LNB_SUB_IDX AS ctLnbSubIdx, CT_LNB_ID AS ctLnbId, CT_LNB_SUB_ID AS ctLnbSubId, CT_LNB_SUB_NAME AS ctLnbSubName, CT_LNB_SUB_URL AS ctLnbSubUrl FROM CT_LNB_SUB WHERE CT_LNB_ID = ? ORDER BY CT_LNB_SUB_IDX
2025-01-10 07:54:08 [http-nio-8080-exec-6] DEBUG c.s.d.m.C.selectLnbSubList - ==> Parameters: CT_LNB_CONTACT(String)
2025-01-10 07:54:08 [http-nio-8080-exec-2] DEBUG c.s.d.m.C.selectLnbSubList - ==> Parameters: CT_LNB_SERVICE(String)
2025-01-10 07:54:08 [http-nio-8080-exec-6] DEBUG c.s.d.m.C.selectLnbSubList - <==      Total: 2
2025-01-10 07:54:08 [http-nio-8080-exec-1] DEBUG c.s.d.m.C.selectLnbSubList - <==      Total: 2
2025-01-10 07:54:08 [http-nio-8080-exec-2] DEBUG c.s.d.m.C.selectLnbSubList - <==      Total: 4
2025-01-10 07:54:08 [http-nio-8080-exec-6] DEBUG org.mybatis.spring.SqlSessionUtils - Closing non transactional SqlSession [org.apache.ibatis.session.defaults.DefaultSqlSession@454ec930]
2025-01-10 07:54:08 [http-nio-8080-exec-1] DEBUG org.mybatis.spring.SqlSessionUtils - Closing non transactional SqlSession [org.apache.ibatis.session.defaults.DefaultSqlSession@511a7fbb]
2025-01-10 07:54:08 [http-nio-8080-exec-2] DEBUG org.mybatis.spring.SqlSessionUtils - Closing non transactional SqlSession [org.apache.ibatis.session.defaults.DefaultSqlSession@7a172d29]
2025-01-10 07:54:26 [http-nio-8080-exec-3] WARN  o.t.s.p.AbstractStandardFragmentInsertionTagProcessor - [THYMELEAF][http-nio-8080-exec-3][common/layout/layout] Deprecated unwrapped fragment expression "common/fragments/header::header" found in template common/layout/layout, line 31, col 10. Please use the complete syntax of fragment expressions instead ("~{common/fragments/header::header}"). The old, unwrapped syntax for fragment expressions will be removed in future versions of Thymeleaf.
2025-01-10 07:54:26 [http-nio-8080-exec-3] WARN  o.t.s.p.AbstractStandardFragmentInsertionTagProcessor - [THYMELEAF][http-nio-8080-exec-3][common/layout/layout] Deprecated unwrapped fragment expression "common/fragments/footer::footer" found in template common/layout/layout, line 35, col 10. Please use the complete syntax of fragment expressions instead ("~{common/fragments/footer::footer}"). The old, unwrapped syntax for fragment expressions will be removed in future versions of Thymeleaf.
2025-01-10 07:54:26 [http-nio-8080-exec-3] DEBUG org.mybatis.spring.SqlSessionUtils - Creating a new SqlSession
2025-01-10 07:54:26 [http-nio-8080-exec-3] DEBUG org.mybatis.spring.SqlSessionUtils - SqlSession [org.apache.ibatis.session.defaults.DefaultSqlSession@68ca1528] was not registered for synchronization because synchronization is not active
2025-01-10 07:54:26 [http-nio-8080-exec-3] DEBUG o.m.s.t.SpringManagedTransaction - JDBC Connection [HikariProxyConnection@1551897602 wrapping com.mysql.cj.jdbc.ConnectionImpl@1b9113c5] will not be managed by Spring
2025-01-10 07:54:26 [http-nio-8080-exec-3] DEBUG c.s.d.m.CommonMapper.selectLnbList - ==>  Preparing: SELECT CT_LNB_IDX AS ctLnbIdx, CT_LNB_ID AS ctLnbId, CT_LNB_NAME AS ctLnbName, CT_LNB_SUB_YN AS ctLnbSubYn, CT_LNB_URL AS ctLnbUrl, CT_LNB_USE_YN AS ctLnbUseYn FROM CT_LNB WHERE CT_LNB_USE_YN = 'Y' ORDER BY CT_LNB_IDX
2025-01-10 07:54:26 [http-nio-8080-exec-3] DEBUG c.s.d.m.CommonMapper.selectLnbList - ==> Parameters: 
2025-01-10 07:54:26 [http-nio-8080-exec-3] DEBUG c.s.d.m.CommonMapper.selectLnbList - <==      Total: 4
2025-01-10 07:54:26 [http-nio-8080-exec-3] DEBUG org.mybatis.spring.SqlSessionUtils - Closing non transactional SqlSession [org.apache.ibatis.session.defaults.DefaultSqlSession@68ca1528]
2025-01-10 07:54:26 [http-nio-8080-exec-5] DEBUG org.mybatis.spring.SqlSessionUtils - Creating a new SqlSession
2025-01-10 07:54:26 [http-nio-8080-exec-5] DEBUG org.mybatis.spring.SqlSessionUtils - SqlSession [org.apache.ibatis.session.defaults.DefaultSqlSession@16066d9a] was not registered for synchronization because synchronization is not active
2025-01-10 07:54:26 [http-nio-8080-exec-5] DEBUG o.m.s.t.SpringManagedTransaction - JDBC Connection [HikariProxyConnection@1680763167 wrapping com.mysql.cj.jdbc.ConnectionImpl@5782fd26] will not be managed by Spring
2025-01-10 07:54:26 [http-nio-8080-exec-5] DEBUG c.s.d.m.CommonMapper.selectLnbList - ==>  Preparing: SELECT CT_LNB_IDX AS ctLnbIdx, CT_LNB_ID AS ctLnbId, CT_LNB_NAME AS ctLnbName, CT_LNB_SUB_YN AS ctLnbSubYn, CT_LNB_URL AS ctLnbUrl, CT_LNB_USE_YN AS ctLnbUseYn FROM CT_LNB WHERE CT_LNB_USE_YN = 'Y' ORDER BY CT_LNB_IDX
2025-01-10 07:54:26 [http-nio-8080-exec-5] DEBUG c.s.d.m.CommonMapper.selectLnbList - ==> Parameters: 
2025-01-10 07:54:26 [http-nio-8080-exec-5] DEBUG c.s.d.m.CommonMapper.selectLnbList - <==      Total: 4
2025-01-10 07:54:26 [http-nio-8080-exec-5] DEBUG org.mybatis.spring.SqlSessionUtils - Closing non transactional SqlSession [org.apache.ibatis.session.defaults.DefaultSqlSession@16066d9a]
2025-01-10 07:54:26 [http-nio-8080-exec-8] DEBUG org.mybatis.spring.SqlSessionUtils - Creating a new SqlSession
2025-01-10 07:54:26 [http-nio-8080-exec-7] DEBUG org.mybatis.spring.SqlSessionUtils - Creating a new SqlSession
2025-01-10 07:54:26 [http-nio-8080-exec-8] DEBUG org.mybatis.spring.SqlSessionUtils - SqlSession [org.apache.ibatis.session.defaults.DefaultSqlSession@6e89e29a] was not registered for synchronization because synchronization is not active
2025-01-10 07:54:26 [http-nio-8080-exec-7] DEBUG org.mybatis.spring.SqlSessionUtils - SqlSession [org.apache.ibatis.session.defaults.DefaultSqlSession@35c34c5d] was not registered for synchronization because synchronization is not active
2025-01-10 07:54:26 [http-nio-8080-exec-9] DEBUG org.mybatis.spring.SqlSessionUtils - Creating a new SqlSession
2025-01-10 07:54:26 [http-nio-8080-exec-9] DEBUG org.mybatis.spring.SqlSessionUtils - SqlSession [org.apache.ibatis.session.defaults.DefaultSqlSession@58f0a791] was not registered for synchronization because synchronization is not active
2025-01-10 07:54:26 [http-nio-8080-exec-7] DEBUG o.m.s.t.SpringManagedTransaction - JDBC Connection [HikariProxyConnection@784610904 wrapping com.mysql.cj.jdbc.ConnectionImpl@5782fd26] will not be managed by Spring
2025-01-10 07:54:26 [http-nio-8080-exec-9] DEBUG o.m.s.t.SpringManagedTransaction - JDBC Connection [HikariProxyConnection@705344882 wrapping com.mysql.cj.jdbc.ConnectionImpl@1b9113c5] will not be managed by Spring
2025-01-10 07:54:26 [http-nio-8080-exec-9] DEBUG c.s.d.m.C.selectLnbSubList - ==>  Preparing: SELECT CT_LNB_SUB_IDX AS ctLnbSubIdx, CT_LNB_ID AS ctLnbId, CT_LNB_SUB_ID AS ctLnbSubId, CT_LNB_SUB_NAME AS ctLnbSubName, CT_LNB_SUB_URL AS ctLnbSubUrl FROM CT_LNB_SUB WHERE CT_LNB_ID = ? ORDER BY CT_LNB_SUB_IDX
2025-01-10 07:54:26 [http-nio-8080-exec-7] DEBUG c.s.d.m.C.selectLnbSubList - ==>  Preparing: SELECT CT_LNB_SUB_IDX AS ctLnbSubIdx, CT_LNB_ID AS ctLnbId, CT_LNB_SUB_ID AS ctLnbSubId, CT_LNB_SUB_NAME AS ctLnbSubName, CT_LNB_SUB_URL AS ctLnbSubUrl FROM CT_LNB_SUB WHERE CT_LNB_ID = ? ORDER BY CT_LNB_SUB_IDX
2025-01-10 07:54:26 [http-nio-8080-exec-7] DEBUG c.s.d.m.C.selectLnbSubList - ==> Parameters: CT_LNB_INFORMATION(String)
2025-01-10 07:54:26 [http-nio-8080-exec-9] DEBUG c.s.d.m.C.selectLnbSubList - ==> Parameters: CT_LNB_CONTACT(String)
2025-01-10 07:54:26 [http-nio-8080-exec-8] DEBUG o.m.s.t.SpringManagedTransaction - JDBC Connection [HikariProxyConnection@34489389 wrapping com.mysql.cj.jdbc.ConnectionImpl@55549275] will not be managed by Spring
2025-01-10 07:54:26 [http-nio-8080-exec-8] DEBUG c.s.d.m.C.selectLnbSubList - ==>  Preparing: SELECT CT_LNB_SUB_IDX AS ctLnbSubIdx, CT_LNB_ID AS ctLnbId, CT_LNB_SUB_ID AS ctLnbSubId, CT_LNB_SUB_NAME AS ctLnbSubName, CT_LNB_SUB_URL AS ctLnbSubUrl FROM CT_LNB_SUB WHERE CT_LNB_ID = ? ORDER BY CT_LNB_SUB_IDX
2025-01-10 07:54:26 [http-nio-8080-exec-8] DEBUG c.s.d.m.C.selectLnbSubList - ==> Parameters: CT_LNB_SERVICE(String)
2025-01-10 07:54:26 [http-nio-8080-exec-9] DEBUG c.s.d.m.C.selectLnbSubList - <==      Total: 2
2025-01-10 07:54:26 [http-nio-8080-exec-7] DEBUG c.s.d.m.C.selectLnbSubList - <==      Total: 2
2025-01-10 07:54:26 [http-nio-8080-exec-8] DEBUG c.s.d.m.C.selectLnbSubList - <==      Total: 4
2025-01-10 07:54:26 [http-nio-8080-exec-9] DEBUG org.mybatis.spring.SqlSessionUtils - Closing non transactional SqlSession [org.apache.ibatis.session.defaults.DefaultSqlSession@58f0a791]
2025-01-10 07:54:26 [http-nio-8080-exec-7] DEBUG org.mybatis.spring.SqlSessionUtils - Closing non transactional SqlSession [org.apache.ibatis.session.defaults.DefaultSqlSession@35c34c5d]
2025-01-10 07:54:26 [http-nio-8080-exec-8] DEBUG org.mybatis.spring.SqlSessionUtils - Closing non transactional SqlSession [org.apache.ibatis.session.defaults.DefaultSqlSession@6e89e29a]
2025-01-10 07:54:26 [http-nio-8080-exec-10] DEBUG org.mybatis.spring.SqlSessionUtils - Creating a new SqlSession
2025-01-10 07:54:26 [http-nio-8080-exec-10] DEBUG org.mybatis.spring.SqlSessionUtils - SqlSession [org.apache.ibatis.session.defaults.DefaultSqlSession@61eb8eed] was not registered for synchronization because synchronization is not active
2025-01-10 07:54:26 [http-nio-8080-exec-10] DEBUG o.m.s.t.SpringManagedTransaction - JDBC Connection [HikariProxyConnection@750453994 wrapping com.mysql.cj.jdbc.ConnectionImpl@1b9113c5] will not be managed by Spring
2025-01-10 07:54:26 [http-nio-8080-exec-10] DEBUG c.s.d.m.C.selectLnbSubList - ==>  Preparing: SELECT CT_LNB_SUB_IDX AS ctLnbSubIdx, CT_LNB_ID AS ctLnbId, CT_LNB_SUB_ID AS ctLnbSubId, CT_LNB_SUB_NAME AS ctLnbSubName, CT_LNB_SUB_URL AS ctLnbSubUrl FROM CT_LNB_SUB WHERE CT_LNB_ID = ? ORDER BY CT_LNB_SUB_IDX
2025-01-10 07:54:26 [http-nio-8080-exec-10] DEBUG c.s.d.m.C.selectLnbSubList - ==> Parameters: CT_LNB_INFORMATION(String)
2025-01-10 07:54:26 [http-nio-8080-exec-10] DEBUG c.s.d.m.C.selectLnbSubList - <==      Total: 2
2025-01-10 07:54:26 [http-nio-8080-exec-10] DEBUG org.mybatis.spring.SqlSessionUtils - Closing non transactional SqlSession [org.apache.ibatis.session.defaults.DefaultSqlSession@61eb8eed]
2025-01-10 07:54:26 [http-nio-8080-exec-1] DEBUG org.mybatis.spring.SqlSessionUtils - Creating a new SqlSession
2025-01-10 07:54:26 [http-nio-8080-exec-4] DEBUG org.mybatis.spring.SqlSessionUtils - Creating a new SqlSession
2025-01-10 07:54:26 [http-nio-8080-exec-1] DEBUG org.mybatis.spring.SqlSessionUtils - SqlSession [org.apache.ibatis.session.defaults.DefaultSqlSession@714743b0] was not registered for synchronization because synchronization is not active
2025-01-10 07:54:26 [http-nio-8080-exec-4] DEBUG org.mybatis.spring.SqlSessionUtils - SqlSession [org.apache.ibatis.session.defaults.DefaultSqlSession@14acaec9] was not registered for synchronization because synchronization is not active
2025-01-10 07:54:26 [http-nio-8080-exec-1] DEBUG o.m.s.t.SpringManagedTransaction - JDBC Connection [HikariProxyConnection@234145961 wrapping com.mysql.cj.jdbc.ConnectionImpl@1b9113c5] will not be managed by Spring
2025-01-10 07:54:26 [http-nio-8080-exec-4] DEBUG o.m.s.t.SpringManagedTransaction - JDBC Connection [HikariProxyConnection@2017831221 wrapping com.mysql.cj.jdbc.ConnectionImpl@55549275] will not be managed by Spring
2025-01-10 07:54:26 [http-nio-8080-exec-1] DEBUG c.s.d.m.C.selectLnbSubList - ==>  Preparing: SELECT CT_LNB_SUB_IDX AS ctLnbSubIdx, CT_LNB_ID AS ctLnbId, CT_LNB_SUB_ID AS ctLnbSubId, CT_LNB_SUB_NAME AS ctLnbSubName, CT_LNB_SUB_URL AS ctLnbSubUrl FROM CT_LNB_SUB WHERE CT_LNB_ID = ? ORDER BY CT_LNB_SUB_IDX
2025-01-10 07:54:26 [http-nio-8080-exec-4] DEBUG c.s.d.m.C.selectLnbSubList - ==>  Preparing: SELECT CT_LNB_SUB_IDX AS ctLnbSubIdx, CT_LNB_ID AS ctLnbId, CT_LNB_SUB_ID AS ctLnbSubId, CT_LNB_SUB_NAME AS ctLnbSubName, CT_LNB_SUB_URL AS ctLnbSubUrl FROM CT_LNB_SUB WHERE CT_LNB_ID = ? ORDER BY CT_LNB_SUB_IDX
2025-01-10 07:54:26 [http-nio-8080-exec-1] DEBUG c.s.d.m.C.selectLnbSubList - ==> Parameters: CT_LNB_CONTACT(String)
2025-01-10 07:54:26 [http-nio-8080-exec-4] DEBUG c.s.d.m.C.selectLnbSubList - ==> Parameters: CT_LNB_SERVICE(String)
2025-01-10 07:54:26 [http-nio-8080-exec-1] DEBUG c.s.d.m.C.selectLnbSubList - <==      Total: 2
2025-01-10 07:54:26 [http-nio-8080-exec-4] DEBUG c.s.d.m.C.selectLnbSubList - <==      Total: 4
2025-01-10 07:54:26 [http-nio-8080-exec-1] DEBUG org.mybatis.spring.SqlSessionUtils - Closing non transactional SqlSession [org.apache.ibatis.session.defaults.DefaultSqlSession@714743b0]
2025-01-10 07:54:26 [http-nio-8080-exec-4] DEBUG org.mybatis.spring.SqlSessionUtils - Closing non transactional SqlSession [org.apache.ibatis.session.defaults.DefaultSqlSession@14acaec9]
2025-01-10 07:54:37 [http-nio-8080-exec-2] WARN  o.t.s.p.AbstractStandardFragmentInsertionTagProcessor - [THYMELEAF][http-nio-8080-exec-2][common/layout/layout] Deprecated unwrapped fragment expression "common/fragments/header::header" found in template common/layout/layout, line 31, col 10. Please use the complete syntax of fragment expressions instead ("~{common/fragments/header::header}"). The old, unwrapped syntax for fragment expressions will be removed in future versions of Thymeleaf.
2025-01-10 07:54:37 [http-nio-8080-exec-2] WARN  o.t.s.p.AbstractStandardFragmentInsertionTagProcessor - [THYMELEAF][http-nio-8080-exec-2][common/layout/layout] Deprecated unwrapped fragment expression "common/fragments/footer::footer" found in template common/layout/layout, line 35, col 10. Please use the complete syntax of fragment expressions instead ("~{common/fragments/footer::footer}"). The old, unwrapped syntax for fragment expressions will be removed in future versions of Thymeleaf.
2025-01-10 07:54:37 [http-nio-8080-exec-2] DEBUG org.mybatis.spring.SqlSessionUtils - Creating a new SqlSession
2025-01-10 07:54:37 [http-nio-8080-exec-2] DEBUG org.mybatis.spring.SqlSessionUtils - SqlSession [org.apache.ibatis.session.defaults.DefaultSqlSession@2eb925e7] was not registered for synchronization because synchronization is not active
2025-01-10 07:54:37 [http-nio-8080-exec-2] DEBUG o.m.s.t.SpringManagedTransaction - JDBC Connection [HikariProxyConnection@1484242376 wrapping com.mysql.cj.jdbc.ConnectionImpl@55549275] will not be managed by Spring
2025-01-10 07:54:37 [http-nio-8080-exec-2] DEBUG c.s.d.m.CommonMapper.selectLnbList - ==>  Preparing: SELECT CT_LNB_IDX AS ctLnbIdx, CT_LNB_ID AS ctLnbId, CT_LNB_NAME AS ctLnbName, CT_LNB_SUB_YN AS ctLnbSubYn, CT_LNB_URL AS ctLnbUrl, CT_LNB_USE_YN AS ctLnbUseYn FROM CT_LNB WHERE CT_LNB_USE_YN = 'Y' ORDER BY CT_LNB_IDX
2025-01-10 07:54:37 [http-nio-8080-exec-2] DEBUG c.s.d.m.CommonMapper.selectLnbList - ==> Parameters: 
2025-01-10 07:54:37 [http-nio-8080-exec-2] DEBUG c.s.d.m.CommonMapper.selectLnbList - <==      Total: 4
2025-01-10 07:54:37 [http-nio-8080-exec-2] DEBUG org.mybatis.spring.SqlSessionUtils - Closing non transactional SqlSession [org.apache.ibatis.session.defaults.DefaultSqlSession@2eb925e7]
2025-01-10 07:54:37 [http-nio-8080-exec-6] DEBUG org.mybatis.spring.SqlSessionUtils - Creating a new SqlSession
2025-01-10 07:54:37 [http-nio-8080-exec-6] DEBUG org.mybatis.spring.SqlSessionUtils - SqlSession [org.apache.ibatis.session.defaults.DefaultSqlSession@4c5a9f3] was not registered for synchronization because synchronization is not active
2025-01-10 07:54:37 [http-nio-8080-exec-6] DEBUG o.m.s.t.SpringManagedTransaction - JDBC Connection [HikariProxyConnection@158070039 wrapping com.mysql.cj.jdbc.ConnectionImpl@5782fd26] will not be managed by Spring
2025-01-10 07:54:37 [http-nio-8080-exec-6] DEBUG c.s.d.m.CommonMapper.selectLnbList - ==>  Preparing: SELECT CT_LNB_IDX AS ctLnbIdx, CT_LNB_ID AS ctLnbId, CT_LNB_NAME AS ctLnbName, CT_LNB_SUB_YN AS ctLnbSubYn, CT_LNB_URL AS ctLnbUrl, CT_LNB_USE_YN AS ctLnbUseYn FROM CT_LNB WHERE CT_LNB_USE_YN = 'Y' ORDER BY CT_LNB_IDX
2025-01-10 07:54:37 [http-nio-8080-exec-6] DEBUG c.s.d.m.CommonMapper.selectLnbList - ==> Parameters: 
2025-01-10 07:54:37 [http-nio-8080-exec-6] DEBUG c.s.d.m.CommonMapper.selectLnbList - <==      Total: 4
2025-01-10 07:54:37 [http-nio-8080-exec-6] DEBUG org.mybatis.spring.SqlSessionUtils - Closing non transactional SqlSession [org.apache.ibatis.session.defaults.DefaultSqlSession@4c5a9f3]
2025-01-10 07:54:37 [http-nio-8080-exec-3] DEBUG org.mybatis.spring.SqlSessionUtils - Creating a new SqlSession
2025-01-10 07:54:37 [http-nio-8080-exec-8] DEBUG org.mybatis.spring.SqlSessionUtils - Creating a new SqlSession
2025-01-10 07:54:37 [http-nio-8080-exec-7] DEBUG org.mybatis.spring.SqlSessionUtils - Creating a new SqlSession
2025-01-10 07:54:37 [http-nio-8080-exec-3] DEBUG org.mybatis.spring.SqlSessionUtils - SqlSession [org.apache.ibatis.session.defaults.DefaultSqlSession@2f16b112] was not registered for synchronization because synchronization is not active
2025-01-10 07:54:37 [http-nio-8080-exec-8] DEBUG org.mybatis.spring.SqlSessionUtils - SqlSession [org.apache.ibatis.session.defaults.DefaultSqlSession@5cfc9408] was not registered for synchronization because synchronization is not active
2025-01-10 07:54:37 [http-nio-8080-exec-7] DEBUG org.mybatis.spring.SqlSessionUtils - SqlSession [org.apache.ibatis.session.defaults.DefaultSqlSession@292c155b] was not registered for synchronization because synchronization is not active
2025-01-10 07:54:37 [http-nio-8080-exec-7] DEBUG o.m.s.t.SpringManagedTransaction - JDBC Connection [HikariProxyConnection@643137744 wrapping com.mysql.cj.jdbc.ConnectionImpl@5782fd26] will not be managed by Spring
2025-01-10 07:54:37 [http-nio-8080-exec-8] DEBUG o.m.s.t.SpringManagedTransaction - JDBC Connection [HikariProxyConnection@748915862 wrapping com.mysql.cj.jdbc.ConnectionImpl@55549275] will not be managed by Spring
2025-01-10 07:54:37 [http-nio-8080-exec-8] DEBUG c.s.d.m.C.selectLnbSubList - ==>  Preparing: SELECT CT_LNB_SUB_IDX AS ctLnbSubIdx, CT_LNB_ID AS ctLnbId, CT_LNB_SUB_ID AS ctLnbSubId, CT_LNB_SUB_NAME AS ctLnbSubName, CT_LNB_SUB_URL AS ctLnbSubUrl FROM CT_LNB_SUB WHERE CT_LNB_ID = ? ORDER BY CT_LNB_SUB_IDX
2025-01-10 07:54:37 [http-nio-8080-exec-7] DEBUG c.s.d.m.C.selectLnbSubList - ==>  Preparing: SELECT CT_LNB_SUB_IDX AS ctLnbSubIdx, CT_LNB_ID AS ctLnbId, CT_LNB_SUB_ID AS ctLnbSubId, CT_LNB_SUB_NAME AS ctLnbSubName, CT_LNB_SUB_URL AS ctLnbSubUrl FROM CT_LNB_SUB WHERE CT_LNB_ID = ? ORDER BY CT_LNB_SUB_IDX
2025-01-10 07:54:37 [http-nio-8080-exec-8] DEBUG c.s.d.m.C.selectLnbSubList - ==> Parameters: CT_LNB_CONTACT(String)
2025-01-10 07:54:37 [http-nio-8080-exec-7] DEBUG c.s.d.m.C.selectLnbSubList - ==> Parameters: CT_LNB_INFORMATION(String)
2025-01-10 07:54:37 [http-nio-8080-exec-3] DEBUG o.m.s.t.SpringManagedTransaction - JDBC Connection [HikariProxyConnection@1936363766 wrapping com.mysql.cj.jdbc.ConnectionImpl@1b9113c5] will not be managed by Spring
2025-01-10 07:54:37 [http-nio-8080-exec-3] DEBUG c.s.d.m.C.selectLnbSubList - ==>  Preparing: SELECT CT_LNB_SUB_IDX AS ctLnbSubIdx, CT_LNB_ID AS ctLnbId, CT_LNB_SUB_ID AS ctLnbSubId, CT_LNB_SUB_NAME AS ctLnbSubName, CT_LNB_SUB_URL AS ctLnbSubUrl FROM CT_LNB_SUB WHERE CT_LNB_ID = ? ORDER BY CT_LNB_SUB_IDX
2025-01-10 07:54:37 [http-nio-8080-exec-3] DEBUG c.s.d.m.C.selectLnbSubList - ==> Parameters: CT_LNB_SERVICE(String)
2025-01-10 07:54:37 [http-nio-8080-exec-7] DEBUG c.s.d.m.C.selectLnbSubList - <==      Total: 2
2025-01-10 07:54:37 [http-nio-8080-exec-8] DEBUG c.s.d.m.C.selectLnbSubList - <==      Total: 2
2025-01-10 07:54:37 [http-nio-8080-exec-3] DEBUG c.s.d.m.C.selectLnbSubList - <==      Total: 4
2025-01-10 07:54:37 [http-nio-8080-exec-7] DEBUG org.mybatis.spring.SqlSessionUtils - Closing non transactional SqlSession [org.apache.ibatis.session.defaults.DefaultSqlSession@292c155b]
2025-01-10 07:54:37 [http-nio-8080-exec-3] DEBUG org.mybatis.spring.SqlSessionUtils - Closing non transactional SqlSession [org.apache.ibatis.session.defaults.DefaultSqlSession@2f16b112]
2025-01-10 07:54:37 [http-nio-8080-exec-8] DEBUG org.mybatis.spring.SqlSessionUtils - Closing non transactional SqlSession [org.apache.ibatis.session.defaults.DefaultSqlSession@5cfc9408]
2025-01-10 07:54:37 [http-nio-8080-exec-9] DEBUG org.mybatis.spring.SqlSessionUtils - Creating a new SqlSession
2025-01-10 07:54:37 [http-nio-8080-exec-5] DEBUG org.mybatis.spring.SqlSessionUtils - Creating a new SqlSession
2025-01-10 07:54:37 [http-nio-8080-exec-1] DEBUG org.mybatis.spring.SqlSessionUtils - Creating a new SqlSession
2025-01-10 07:54:37 [http-nio-8080-exec-9] DEBUG org.mybatis.spring.SqlSessionUtils - SqlSession [org.apache.ibatis.session.defaults.DefaultSqlSession@7200c10d] was not registered for synchronization because synchronization is not active
2025-01-10 07:54:37 [http-nio-8080-exec-1] DEBUG org.mybatis.spring.SqlSessionUtils - SqlSession [org.apache.ibatis.session.defaults.DefaultSqlSession@c328c0b] was not registered for synchronization because synchronization is not active
2025-01-10 07:54:37 [http-nio-8080-exec-5] DEBUG org.mybatis.spring.SqlSessionUtils - SqlSession [org.apache.ibatis.session.defaults.DefaultSqlSession@22359fa8] was not registered for synchronization because synchronization is not active
2025-01-10 07:54:37 [http-nio-8080-exec-1] DEBUG o.m.s.t.SpringManagedTransaction - JDBC Connection [HikariProxyConnection@665369764 wrapping com.mysql.cj.jdbc.ConnectionImpl@55549275] will not be managed by Spring
2025-01-10 07:54:37 [http-nio-8080-exec-9] DEBUG o.m.s.t.SpringManagedTransaction - JDBC Connection [HikariProxyConnection@232676122 wrapping com.mysql.cj.jdbc.ConnectionImpl@1b9113c5] will not be managed by Spring
2025-01-10 07:54:37 [http-nio-8080-exec-5] DEBUG o.m.s.t.SpringManagedTransaction - JDBC Connection [HikariProxyConnection@902069344 wrapping com.mysql.cj.jdbc.ConnectionImpl@5782fd26] will not be managed by Spring
2025-01-10 07:54:37 [http-nio-8080-exec-1] DEBUG c.s.d.m.C.selectLnbSubList - ==>  Preparing: SELECT CT_LNB_SUB_IDX AS ctLnbSubIdx, CT_LNB_ID AS ctLnbId, CT_LNB_SUB_ID AS ctLnbSubId, CT_LNB_SUB_NAME AS ctLnbSubName, CT_LNB_SUB_URL AS ctLnbSubUrl FROM CT_LNB_SUB WHERE CT_LNB_ID = ? ORDER BY CT_LNB_SUB_IDX
2025-01-10 07:54:37 [http-nio-8080-exec-9] DEBUG c.s.d.m.C.selectLnbSubList - ==>  Preparing: SELECT CT_LNB_SUB_IDX AS ctLnbSubIdx, CT_LNB_ID AS ctLnbId, CT_LNB_SUB_ID AS ctLnbSubId, CT_LNB_SUB_NAME AS ctLnbSubName, CT_LNB_SUB_URL AS ctLnbSubUrl FROM CT_LNB_SUB WHERE CT_LNB_ID = ? ORDER BY CT_LNB_SUB_IDX
2025-01-10 07:54:37 [http-nio-8080-exec-5] DEBUG c.s.d.m.C.selectLnbSubList - ==>  Preparing: SELECT CT_LNB_SUB_IDX AS ctLnbSubIdx, CT_LNB_ID AS ctLnbId, CT_LNB_SUB_ID AS ctLnbSubId, CT_LNB_SUB_NAME AS ctLnbSubName, CT_LNB_SUB_URL AS ctLnbSubUrl FROM CT_LNB_SUB WHERE CT_LNB_ID = ? ORDER BY CT_LNB_SUB_IDX
2025-01-10 07:54:37 [http-nio-8080-exec-9] DEBUG c.s.d.m.C.selectLnbSubList - ==> Parameters: CT_LNB_INFORMATION(String)
2025-01-10 07:54:37 [http-nio-8080-exec-1] DEBUG c.s.d.m.C.selectLnbSubList - ==> Parameters: CT_LNB_CONTACT(String)
2025-01-10 07:54:37 [http-nio-8080-exec-5] DEBUG c.s.d.m.C.selectLnbSubList - ==> Parameters: CT_LNB_SERVICE(String)
2025-01-10 07:54:37 [http-nio-8080-exec-1] DEBUG c.s.d.m.C.selectLnbSubList - <==      Total: 2
2025-01-10 07:54:37 [http-nio-8080-exec-9] DEBUG c.s.d.m.C.selectLnbSubList - <==      Total: 2
2025-01-10 07:54:37 [http-nio-8080-exec-5] DEBUG c.s.d.m.C.selectLnbSubList - <==      Total: 4
2025-01-10 07:54:37 [http-nio-8080-exec-9] DEBUG org.mybatis.spring.SqlSessionUtils - Closing non transactional SqlSession [org.apache.ibatis.session.defaults.DefaultSqlSession@7200c10d]
2025-01-10 07:54:37 [http-nio-8080-exec-1] DEBUG org.mybatis.spring.SqlSessionUtils - Closing non transactional SqlSession [org.apache.ibatis.session.defaults.DefaultSqlSession@c328c0b]
2025-01-10 07:54:37 [http-nio-8080-exec-5] DEBUG org.mybatis.spring.SqlSessionUtils - Closing non transactional SqlSession [org.apache.ibatis.session.defaults.DefaultSqlSession@22359fa8]
2025-01-10 07:54:45 [http-nio-8080-exec-10] WARN  o.t.s.p.AbstractStandardFragmentInsertionTagProcessor - [THYMELEAF][http-nio-8080-exec-10][common/layout/layout] Deprecated unwrapped fragment expression "common/fragments/header::header" found in template common/layout/layout, line 31, col 10. Please use the complete syntax of fragment expressions instead ("~{common/fragments/header::header}"). The old, unwrapped syntax for fragment expressions will be removed in future versions of Thymeleaf.
2025-01-10 07:54:45 [http-nio-8080-exec-10] WARN  o.t.s.p.AbstractStandardFragmentInsertionTagProcessor - [THYMELEAF][http-nio-8080-exec-10][common/layout/layout] Deprecated unwrapped fragment expression "common/fragments/footer::footer" found in template common/layout/layout, line 35, col 10. Please use the complete syntax of fragment expressions instead ("~{common/fragments/footer::footer}"). The old, unwrapped syntax for fragment expressions will be removed in future versions of Thymeleaf.
2025-01-10 07:54:45 [http-nio-8080-exec-10] DEBUG org.mybatis.spring.SqlSessionUtils - Creating a new SqlSession
2025-01-10 07:54:45 [http-nio-8080-exec-10] DEBUG org.mybatis.spring.SqlSessionUtils - SqlSession [org.apache.ibatis.session.defaults.DefaultSqlSession@3e4a4d03] was not registered for synchronization because synchronization is not active
2025-01-10 07:54:45 [http-nio-8080-exec-10] DEBUG o.m.s.t.SpringManagedTransaction - JDBC Connection [HikariProxyConnection@339492961 wrapping com.mysql.cj.jdbc.ConnectionImpl@1b9113c5] will not be managed by Spring
2025-01-10 07:54:45 [http-nio-8080-exec-10] DEBUG c.s.d.m.CommonMapper.selectLnbList - ==>  Preparing: SELECT CT_LNB_IDX AS ctLnbIdx, CT_LNB_ID AS ctLnbId, CT_LNB_NAME AS ctLnbName, CT_LNB_SUB_YN AS ctLnbSubYn, CT_LNB_URL AS ctLnbUrl, CT_LNB_USE_YN AS ctLnbUseYn FROM CT_LNB WHERE CT_LNB_USE_YN = 'Y' ORDER BY CT_LNB_IDX
2025-01-10 07:54:45 [http-nio-8080-exec-10] DEBUG c.s.d.m.CommonMapper.selectLnbList - ==> Parameters: 
2025-01-10 07:54:45 [http-nio-8080-exec-10] DEBUG c.s.d.m.CommonMapper.selectLnbList - <==      Total: 4
2025-01-10 07:54:45 [http-nio-8080-exec-10] DEBUG org.mybatis.spring.SqlSessionUtils - Closing non transactional SqlSession [org.apache.ibatis.session.defaults.DefaultSqlSession@3e4a4d03]
2025-01-10 07:54:45 [http-nio-8080-exec-4] DEBUG org.mybatis.spring.SqlSessionUtils - Creating a new SqlSession
2025-01-10 07:54:45 [http-nio-8080-exec-4] DEBUG org.mybatis.spring.SqlSessionUtils - SqlSession [org.apache.ibatis.session.defaults.DefaultSqlSession@21e64273] was not registered for synchronization because synchronization is not active
2025-01-10 07:54:45 [http-nio-8080-exec-4] DEBUG o.m.s.t.SpringManagedTransaction - JDBC Connection [HikariProxyConnection@35163339 wrapping com.mysql.cj.jdbc.ConnectionImpl@55549275] will not be managed by Spring
2025-01-10 07:54:45 [http-nio-8080-exec-4] DEBUG c.s.d.m.CommonMapper.selectLnbList - ==>  Preparing: SELECT CT_LNB_IDX AS ctLnbIdx, CT_LNB_ID AS ctLnbId, CT_LNB_NAME AS ctLnbName, CT_LNB_SUB_YN AS ctLnbSubYn, CT_LNB_URL AS ctLnbUrl, CT_LNB_USE_YN AS ctLnbUseYn FROM CT_LNB WHERE CT_LNB_USE_YN = 'Y' ORDER BY CT_LNB_IDX
2025-01-10 07:54:45 [http-nio-8080-exec-4] DEBUG c.s.d.m.CommonMapper.selectLnbList - ==> Parameters: 
2025-01-10 07:54:45 [http-nio-8080-exec-4] DEBUG c.s.d.m.CommonMapper.selectLnbList - <==      Total: 4
2025-01-10 07:54:45 [http-nio-8080-exec-4] DEBUG org.mybatis.spring.SqlSessionUtils - Closing non transactional SqlSession [org.apache.ibatis.session.defaults.DefaultSqlSession@21e64273]
2025-01-10 07:54:45 [http-nio-8080-exec-2] DEBUG org.mybatis.spring.SqlSessionUtils - Creating a new SqlSession
2025-01-10 07:54:45 [http-nio-8080-exec-3] DEBUG org.mybatis.spring.SqlSessionUtils - Creating a new SqlSession
2025-01-10 07:54:45 [http-nio-8080-exec-7] DEBUG org.mybatis.spring.SqlSessionUtils - Creating a new SqlSession
2025-01-10 07:54:45 [http-nio-8080-exec-2] DEBUG org.mybatis.spring.SqlSessionUtils - SqlSession [org.apache.ibatis.session.defaults.DefaultSqlSession@47e4c926] was not registered for synchronization because synchronization is not active
2025-01-10 07:54:45 [http-nio-8080-exec-3] DEBUG org.mybatis.spring.SqlSessionUtils - SqlSession [org.apache.ibatis.session.defaults.DefaultSqlSession@1a1cb24a] was not registered for synchronization because synchronization is not active
2025-01-10 07:54:45 [http-nio-8080-exec-7] DEBUG org.mybatis.spring.SqlSessionUtils - SqlSession [org.apache.ibatis.session.defaults.DefaultSqlSession@15883046] was not registered for synchronization because synchronization is not active
2025-01-10 07:54:45 [http-nio-8080-exec-2] DEBUG o.m.s.t.SpringManagedTransaction - JDBC Connection [HikariProxyConnection@580429295 wrapping com.mysql.cj.jdbc.ConnectionImpl@55549275] will not be managed by Spring
2025-01-10 07:54:45 [http-nio-8080-exec-3] DEBUG o.m.s.t.SpringManagedTransaction - JDBC Connection [HikariProxyConnection@1037462751 wrapping com.mysql.cj.jdbc.ConnectionImpl@1b9113c5] will not be managed by Spring
2025-01-10 07:54:45 [http-nio-8080-exec-2] DEBUG c.s.d.m.C.selectLnbSubList - ==>  Preparing: SELECT CT_LNB_SUB_IDX AS ctLnbSubIdx, CT_LNB_ID AS ctLnbId, CT_LNB_SUB_ID AS ctLnbSubId, CT_LNB_SUB_NAME AS ctLnbSubName, CT_LNB_SUB_URL AS ctLnbSubUrl FROM CT_LNB_SUB WHERE CT_LNB_ID = ? ORDER BY CT_LNB_SUB_IDX
2025-01-10 07:54:45 [http-nio-8080-exec-3] DEBUG c.s.d.m.C.selectLnbSubList - ==>  Preparing: SELECT CT_LNB_SUB_IDX AS ctLnbSubIdx, CT_LNB_ID AS ctLnbId, CT_LNB_SUB_ID AS ctLnbSubId, CT_LNB_SUB_NAME AS ctLnbSubName, CT_LNB_SUB_URL AS ctLnbSubUrl FROM CT_LNB_SUB WHERE CT_LNB_ID = ? ORDER BY CT_LNB_SUB_IDX
2025-01-10 07:54:45 [http-nio-8080-exec-2] DEBUG c.s.d.m.C.selectLnbSubList - ==> Parameters: CT_LNB_INFORMATION(String)
2025-01-10 07:54:45 [http-nio-8080-exec-3] DEBUG c.s.d.m.C.selectLnbSubList - ==> Parameters: CT_LNB_SERVICE(String)
2025-01-10 07:54:45 [http-nio-8080-exec-7] DEBUG o.m.s.t.SpringManagedTransaction - JDBC Connection [HikariProxyConnection@533815591 wrapping com.mysql.cj.jdbc.ConnectionImpl@5782fd26] will not be managed by Spring
2025-01-10 07:54:45 [http-nio-8080-exec-7] DEBUG c.s.d.m.C.selectLnbSubList - ==>  Preparing: SELECT CT_LNB_SUB_IDX AS ctLnbSubIdx, CT_LNB_ID AS ctLnbId, CT_LNB_SUB_ID AS ctLnbSubId, CT_LNB_SUB_NAME AS ctLnbSubName, CT_LNB_SUB_URL AS ctLnbSubUrl FROM CT_LNB_SUB WHERE CT_LNB_ID = ? ORDER BY CT_LNB_SUB_IDX
2025-01-10 07:54:45 [http-nio-8080-exec-7] DEBUG c.s.d.m.C.selectLnbSubList - ==> Parameters: CT_LNB_CONTACT(String)
2025-01-10 07:54:45 [http-nio-8080-exec-7] DEBUG c.s.d.m.C.selectLnbSubList - <==      Total: 2
2025-01-10 07:54:45 [http-nio-8080-exec-3] DEBUG c.s.d.m.C.selectLnbSubList - <==      Total: 4
2025-01-10 07:54:45 [http-nio-8080-exec-2] DEBUG c.s.d.m.C.selectLnbSubList - <==      Total: 2
2025-01-10 07:54:45 [http-nio-8080-exec-3] DEBUG org.mybatis.spring.SqlSessionUtils - Closing non transactional SqlSession [org.apache.ibatis.session.defaults.DefaultSqlSession@1a1cb24a]
2025-01-10 07:54:45 [http-nio-8080-exec-2] DEBUG org.mybatis.spring.SqlSessionUtils - Closing non transactional SqlSession [org.apache.ibatis.session.defaults.DefaultSqlSession@47e4c926]
2025-01-10 07:54:45 [http-nio-8080-exec-7] DEBUG org.mybatis.spring.SqlSessionUtils - Closing non transactional SqlSession [org.apache.ibatis.session.defaults.DefaultSqlSession@15883046]
2025-01-10 07:54:45 [http-nio-8080-exec-1] DEBUG org.mybatis.spring.SqlSessionUtils - Creating a new SqlSession
2025-01-10 07:54:45 [http-nio-8080-exec-6] DEBUG org.mybatis.spring.SqlSessionUtils - Creating a new SqlSession
2025-01-10 07:54:45 [http-nio-8080-exec-8] DEBUG org.mybatis.spring.SqlSessionUtils - Creating a new SqlSession
2025-01-10 07:54:45 [http-nio-8080-exec-1] DEBUG org.mybatis.spring.SqlSessionUtils - SqlSession [org.apache.ibatis.session.defaults.DefaultSqlSession@24fa93dd] was not registered for synchronization because synchronization is not active
2025-01-10 07:54:45 [http-nio-8080-exec-8] DEBUG org.mybatis.spring.SqlSessionUtils - SqlSession [org.apache.ibatis.session.defaults.DefaultSqlSession@86a810] was not registered for synchronization because synchronization is not active
2025-01-10 07:54:45 [http-nio-8080-exec-6] DEBUG org.mybatis.spring.SqlSessionUtils - SqlSession [org.apache.ibatis.session.defaults.DefaultSqlSession@315b7c11] was not registered for synchronization because synchronization is not active
2025-01-10 07:54:45 [http-nio-8080-exec-6] DEBUG o.m.s.t.SpringManagedTransaction - JDBC Connection [HikariProxyConnection@1741616224 wrapping com.mysql.cj.jdbc.ConnectionImpl@5782fd26] will not be managed by Spring
2025-01-10 07:54:45 [http-nio-8080-exec-8] DEBUG o.m.s.t.SpringManagedTransaction - JDBC Connection [HikariProxyConnection@821121962 wrapping com.mysql.cj.jdbc.ConnectionImpl@1b9113c5] will not be managed by Spring
2025-01-10 07:54:45 [http-nio-8080-exec-1] DEBUG o.m.s.t.SpringManagedTransaction - JDBC Connection [HikariProxyConnection@1188386426 wrapping com.mysql.cj.jdbc.ConnectionImpl@55549275] will not be managed by Spring
2025-01-10 07:54:45 [http-nio-8080-exec-6] DEBUG c.s.d.m.C.selectLnbSubList - ==>  Preparing: SELECT CT_LNB_SUB_IDX AS ctLnbSubIdx, CT_LNB_ID AS ctLnbId, CT_LNB_SUB_ID AS ctLnbSubId, CT_LNB_SUB_NAME AS ctLnbSubName, CT_LNB_SUB_URL AS ctLnbSubUrl FROM CT_LNB_SUB WHERE CT_LNB_ID = ? ORDER BY CT_LNB_SUB_IDX
2025-01-10 07:54:45 [http-nio-8080-exec-8] DEBUG c.s.d.m.C.selectLnbSubList - ==>  Preparing: SELECT CT_LNB_SUB_IDX AS ctLnbSubIdx, CT_LNB_ID AS ctLnbId, CT_LNB_SUB_ID AS ctLnbSubId, CT_LNB_SUB_NAME AS ctLnbSubName, CT_LNB_SUB_URL AS ctLnbSubUrl FROM CT_LNB_SUB WHERE CT_LNB_ID = ? ORDER BY CT_LNB_SUB_IDX
2025-01-10 07:54:45 [http-nio-8080-exec-1] DEBUG c.s.d.m.C.selectLnbSubList - ==>  Preparing: SELECT CT_LNB_SUB_IDX AS ctLnbSubIdx, CT_LNB_ID AS ctLnbId, CT_LNB_SUB_ID AS ctLnbSubId, CT_LNB_SUB_NAME AS ctLnbSubName, CT_LNB_SUB_URL AS ctLnbSubUrl FROM CT_LNB_SUB WHERE CT_LNB_ID = ? ORDER BY CT_LNB_SUB_IDX
2025-01-10 07:54:45 [http-nio-8080-exec-6] DEBUG c.s.d.m.C.selectLnbSubList - ==> Parameters: CT_LNB_SERVICE(String)
2025-01-10 07:54:45 [http-nio-8080-exec-8] DEBUG c.s.d.m.C.selectLnbSubList - ==> Parameters: CT_LNB_INFORMATION(String)
2025-01-10 07:54:45 [http-nio-8080-exec-1] DEBUG c.s.d.m.C.selectLnbSubList - ==> Parameters: CT_LNB_CONTACT(String)
2025-01-10 07:54:45 [http-nio-8080-exec-8] DEBUG c.s.d.m.C.selectLnbSubList - <==      Total: 2
2025-01-10 07:54:45 [http-nio-8080-exec-6] DEBUG c.s.d.m.C.selectLnbSubList - <==      Total: 4
2025-01-10 07:54:45 [http-nio-8080-exec-1] DEBUG c.s.d.m.C.selectLnbSubList - <==      Total: 2
2025-01-10 07:54:45 [http-nio-8080-exec-8] DEBUG org.mybatis.spring.SqlSessionUtils - Closing non transactional SqlSession [org.apache.ibatis.session.defaults.DefaultSqlSession@86a810]
2025-01-10 07:54:45 [http-nio-8080-exec-1] DEBUG org.mybatis.spring.SqlSessionUtils - Closing non transactional SqlSession [org.apache.ibatis.session.defaults.DefaultSqlSession@24fa93dd]
2025-01-10 07:54:45 [http-nio-8080-exec-6] DEBUG org.mybatis.spring.SqlSessionUtils - Closing non transactional SqlSession [org.apache.ibatis.session.defaults.DefaultSqlSession@315b7c11]
2025-01-10 07:55:00 [http-nio-8080-exec-5] WARN  o.t.s.p.AbstractStandardFragmentInsertionTagProcessor - [THYMELEAF][http-nio-8080-exec-5][common/layout/layout] Deprecated unwrapped fragment expression "common/fragments/header::header" found in template common/layout/layout, line 31, col 10. Please use the complete syntax of fragment expressions instead ("~{common/fragments/header::header}"). The old, unwrapped syntax for fragment expressions will be removed in future versions of Thymeleaf.
2025-01-10 07:55:00 [http-nio-8080-exec-5] WARN  o.t.s.p.AbstractStandardFragmentInsertionTagProcessor - [THYMELEAF][http-nio-8080-exec-5][common/layout/layout] Deprecated unwrapped fragment expression "common/fragments/footer::footer" found in template common/layout/layout, line 35, col 10. Please use the complete syntax of fragment expressions instead ("~{common/fragments/footer::footer}"). The old, unwrapped syntax for fragment expressions will be removed in future versions of Thymeleaf.
2025-01-10 07:55:00 [http-nio-8080-exec-5] DEBUG org.mybatis.spring.SqlSessionUtils - Creating a new SqlSession
2025-01-10 07:55:00 [http-nio-8080-exec-5] DEBUG org.mybatis.spring.SqlSessionUtils - SqlSession [org.apache.ibatis.session.defaults.DefaultSqlSession@6222c130] was not registered for synchronization because synchronization is not active
2025-01-10 07:55:00 [http-nio-8080-exec-5] DEBUG o.m.s.t.SpringManagedTransaction - JDBC Connection [HikariProxyConnection@1165577016 wrapping com.mysql.cj.jdbc.ConnectionImpl@5782fd26] will not be managed by Spring
2025-01-10 07:55:00 [http-nio-8080-exec-5] DEBUG c.s.d.m.CommonMapper.selectLnbList - ==>  Preparing: SELECT CT_LNB_IDX AS ctLnbIdx, CT_LNB_ID AS ctLnbId, CT_LNB_NAME AS ctLnbName, CT_LNB_SUB_YN AS ctLnbSubYn, CT_LNB_URL AS ctLnbUrl, CT_LNB_USE_YN AS ctLnbUseYn FROM CT_LNB WHERE CT_LNB_USE_YN = 'Y' ORDER BY CT_LNB_IDX
2025-01-10 07:55:00 [http-nio-8080-exec-5] DEBUG c.s.d.m.CommonMapper.selectLnbList - ==> Parameters: 
2025-01-10 07:55:00 [http-nio-8080-exec-5] DEBUG c.s.d.m.CommonMapper.selectLnbList - <==      Total: 4
2025-01-10 07:55:00 [http-nio-8080-exec-5] DEBUG org.mybatis.spring.SqlSessionUtils - Closing non transactional SqlSession [org.apache.ibatis.session.defaults.DefaultSqlSession@6222c130]
2025-01-10 07:55:00 [http-nio-8080-exec-3] DEBUG org.mybatis.spring.SqlSessionUtils - Creating a new SqlSession
2025-01-10 07:55:00 [http-nio-8080-exec-3] DEBUG org.mybatis.spring.SqlSessionUtils - SqlSession [org.apache.ibatis.session.defaults.DefaultSqlSession@6b4a085b] was not registered for synchronization because synchronization is not active
2025-01-10 07:55:00 [http-nio-8080-exec-3] DEBUG o.m.s.t.SpringManagedTransaction - JDBC Connection [HikariProxyConnection@1710502265 wrapping com.mysql.cj.jdbc.ConnectionImpl@1b9113c5] will not be managed by Spring
2025-01-10 07:55:00 [http-nio-8080-exec-3] DEBUG c.s.d.m.CommonMapper.selectLnbList - ==>  Preparing: SELECT CT_LNB_IDX AS ctLnbIdx, CT_LNB_ID AS ctLnbId, CT_LNB_NAME AS ctLnbName, CT_LNB_SUB_YN AS ctLnbSubYn, CT_LNB_URL AS ctLnbUrl, CT_LNB_USE_YN AS ctLnbUseYn FROM CT_LNB WHERE CT_LNB_USE_YN = 'Y' ORDER BY CT_LNB_IDX
2025-01-10 07:55:00 [http-nio-8080-exec-3] DEBUG c.s.d.m.CommonMapper.selectLnbList - ==> Parameters: 
2025-01-10 07:55:00 [http-nio-8080-exec-3] DEBUG c.s.d.m.CommonMapper.selectLnbList - <==      Total: 4
2025-01-10 07:55:00 [http-nio-8080-exec-3] DEBUG org.mybatis.spring.SqlSessionUtils - Closing non transactional SqlSession [org.apache.ibatis.session.defaults.DefaultSqlSession@6b4a085b]
2025-01-10 07:55:00 [http-nio-8080-exec-2] DEBUG org.mybatis.spring.SqlSessionUtils - Creating a new SqlSession
2025-01-10 07:55:00 [http-nio-8080-exec-9] DEBUG org.mybatis.spring.SqlSessionUtils - Creating a new SqlSession
2025-01-10 07:55:00 [http-nio-8080-exec-10] DEBUG org.mybatis.spring.SqlSessionUtils - Creating a new SqlSession
2025-01-10 07:55:00 [http-nio-8080-exec-2] DEBUG org.mybatis.spring.SqlSessionUtils - SqlSession [org.apache.ibatis.session.defaults.DefaultSqlSession@7d8196dd] was not registered for synchronization because synchronization is not active
2025-01-10 07:55:00 [http-nio-8080-exec-9] DEBUG org.mybatis.spring.SqlSessionUtils - SqlSession [org.apache.ibatis.session.defaults.DefaultSqlSession@bc5bacb] was not registered for synchronization because synchronization is not active
2025-01-10 07:55:00 [http-nio-8080-exec-10] DEBUG org.mybatis.spring.SqlSessionUtils - SqlSession [org.apache.ibatis.session.defaults.DefaultSqlSession@51fc592d] was not registered for synchronization because synchronization is not active
2025-01-10 07:55:00 [http-nio-8080-exec-10] DEBUG o.m.s.t.SpringManagedTransaction - JDBC Connection [HikariProxyConnection@666186811 wrapping com.mysql.cj.jdbc.ConnectionImpl@5782fd26] will not be managed by Spring
2025-01-10 07:55:00 [http-nio-8080-exec-9] DEBUG o.m.s.t.SpringManagedTransaction - JDBC Connection [HikariProxyConnection@1090783309 wrapping com.mysql.cj.jdbc.ConnectionImpl@1b9113c5] will not be managed by Spring
2025-01-10 07:55:00 [http-nio-8080-exec-10] DEBUG c.s.d.m.C.selectLnbSubList - ==>  Preparing: SELECT CT_LNB_SUB_IDX AS ctLnbSubIdx, CT_LNB_ID AS ctLnbId, CT_LNB_SUB_ID AS ctLnbSubId, CT_LNB_SUB_NAME AS ctLnbSubName, CT_LNB_SUB_URL AS ctLnbSubUrl FROM CT_LNB_SUB WHERE CT_LNB_ID = ? ORDER BY CT_LNB_SUB_IDX
2025-01-10 07:55:00 [http-nio-8080-exec-9] DEBUG c.s.d.m.C.selectLnbSubList - ==>  Preparing: SELECT CT_LNB_SUB_IDX AS ctLnbSubIdx, CT_LNB_ID AS ctLnbId, CT_LNB_SUB_ID AS ctLnbSubId, CT_LNB_SUB_NAME AS ctLnbSubName, CT_LNB_SUB_URL AS ctLnbSubUrl FROM CT_LNB_SUB WHERE CT_LNB_ID = ? ORDER BY CT_LNB_SUB_IDX
2025-01-10 07:55:00 [http-nio-8080-exec-10] DEBUG c.s.d.m.C.selectLnbSubList - ==> Parameters: CT_LNB_SERVICE(String)
2025-01-10 07:55:00 [http-nio-8080-exec-9] DEBUG c.s.d.m.C.selectLnbSubList - ==> Parameters: CT_LNB_INFORMATION(String)
2025-01-10 07:55:00 [http-nio-8080-exec-2] DEBUG o.m.s.t.SpringManagedTransaction - JDBC Connection [HikariProxyConnection@441578335 wrapping com.mysql.cj.jdbc.ConnectionImpl@55549275] will not be managed by Spring
2025-01-10 07:55:00 [http-nio-8080-exec-2] DEBUG c.s.d.m.C.selectLnbSubList - ==>  Preparing: SELECT CT_LNB_SUB_IDX AS ctLnbSubIdx, CT_LNB_ID AS ctLnbId, CT_LNB_SUB_ID AS ctLnbSubId, CT_LNB_SUB_NAME AS ctLnbSubName, CT_LNB_SUB_URL AS ctLnbSubUrl FROM CT_LNB_SUB WHERE CT_LNB_ID = ? ORDER BY CT_LNB_SUB_IDX
2025-01-10 07:55:00 [http-nio-8080-exec-2] DEBUG c.s.d.m.C.selectLnbSubList - ==> Parameters: CT_LNB_CONTACT(String)
2025-01-10 07:55:00 [http-nio-8080-exec-9] DEBUG c.s.d.m.C.selectLnbSubList - <==      Total: 2
2025-01-10 07:55:00 [http-nio-8080-exec-2] DEBUG c.s.d.m.C.selectLnbSubList - <==      Total: 2
2025-01-10 07:55:00 [http-nio-8080-exec-10] DEBUG c.s.d.m.C.selectLnbSubList - <==      Total: 4
2025-01-10 07:55:00 [http-nio-8080-exec-10] DEBUG org.mybatis.spring.SqlSessionUtils - Closing non transactional SqlSession [org.apache.ibatis.session.defaults.DefaultSqlSession@51fc592d]
2025-01-10 07:55:00 [http-nio-8080-exec-2] DEBUG org.mybatis.spring.SqlSessionUtils - Closing non transactional SqlSession [org.apache.ibatis.session.defaults.DefaultSqlSession@7d8196dd]
2025-01-10 07:55:00 [http-nio-8080-exec-9] DEBUG org.mybatis.spring.SqlSessionUtils - Closing non transactional SqlSession [org.apache.ibatis.session.defaults.DefaultSqlSession@bc5bacb]
2025-01-10 07:55:00 [http-nio-8080-exec-7] DEBUG org.mybatis.spring.SqlSessionUtils - Creating a new SqlSession
2025-01-10 07:55:00 [http-nio-8080-exec-7] DEBUG org.mybatis.spring.SqlSessionUtils - SqlSession [org.apache.ibatis.session.defaults.DefaultSqlSession@65525f3f] was not registered for synchronization because synchronization is not active
2025-01-10 07:55:00 [http-nio-8080-exec-7] DEBUG o.m.s.t.SpringManagedTransaction - JDBC Connection [HikariProxyConnection@1897845483 wrapping com.mysql.cj.jdbc.ConnectionImpl@5782fd26] will not be managed by Spring
2025-01-10 07:55:00 [http-nio-8080-exec-7] DEBUG c.s.d.m.C.selectLnbSubList - ==>  Preparing: SELECT CT_LNB_SUB_IDX AS ctLnbSubIdx, CT_LNB_ID AS ctLnbId, CT_LNB_SUB_ID AS ctLnbSubId, CT_LNB_SUB_NAME AS ctLnbSubName, CT_LNB_SUB_URL AS ctLnbSubUrl FROM CT_LNB_SUB WHERE CT_LNB_ID = ? ORDER BY CT_LNB_SUB_IDX
2025-01-10 07:55:00 [http-nio-8080-exec-1] DEBUG org.mybatis.spring.SqlSessionUtils - Creating a new SqlSession
2025-01-10 07:55:00 [http-nio-8080-exec-4] DEBUG org.mybatis.spring.SqlSessionUtils - Creating a new SqlSession
2025-01-10 07:55:00 [http-nio-8080-exec-1] DEBUG org.mybatis.spring.SqlSessionUtils - SqlSession [org.apache.ibatis.session.defaults.DefaultSqlSession@687fb006] was not registered for synchronization because synchronization is not active
2025-01-10 07:55:00 [http-nio-8080-exec-4] DEBUG org.mybatis.spring.SqlSessionUtils - SqlSession [org.apache.ibatis.session.defaults.DefaultSqlSession@3999292f] was not registered for synchronization because synchronization is not active
2025-01-10 07:55:00 [http-nio-8080-exec-1] DEBUG o.m.s.t.SpringManagedTransaction - JDBC Connection [HikariProxyConnection@74800629 wrapping com.mysql.cj.jdbc.ConnectionImpl@55549275] will not be managed by Spring
2025-01-10 07:55:00 [http-nio-8080-exec-4] DEBUG o.m.s.t.SpringManagedTransaction - JDBC Connection [HikariProxyConnection@2141291523 wrapping com.mysql.cj.jdbc.ConnectionImpl@1b9113c5] will not be managed by Spring
2025-01-10 07:55:00 [http-nio-8080-exec-7] DEBUG c.s.d.m.C.selectLnbSubList - ==> Parameters: CT_LNB_INFORMATION(String)
2025-01-10 07:55:00 [http-nio-8080-exec-1] DEBUG c.s.d.m.C.selectLnbSubList - ==>  Preparing: SELECT CT_LNB_SUB_IDX AS ctLnbSubIdx, CT_LNB_ID AS ctLnbId, CT_LNB_SUB_ID AS ctLnbSubId, CT_LNB_SUB_NAME AS ctLnbSubName, CT_LNB_SUB_URL AS ctLnbSubUrl FROM CT_LNB_SUB WHERE CT_LNB_ID = ? ORDER BY CT_LNB_SUB_IDX
2025-01-10 07:55:00 [http-nio-8080-exec-4] DEBUG c.s.d.m.C.selectLnbSubList - ==>  Preparing: SELECT CT_LNB_SUB_IDX AS ctLnbSubIdx, CT_LNB_ID AS ctLnbId, CT_LNB_SUB_ID AS ctLnbSubId, CT_LNB_SUB_NAME AS ctLnbSubName, CT_LNB_SUB_URL AS ctLnbSubUrl FROM CT_LNB_SUB WHERE CT_LNB_ID = ? ORDER BY CT_LNB_SUB_IDX
2025-01-10 07:55:00 [http-nio-8080-exec-1] DEBUG c.s.d.m.C.selectLnbSubList - ==> Parameters: CT_LNB_CONTACT(String)
2025-01-10 07:55:00 [http-nio-8080-exec-4] DEBUG c.s.d.m.C.selectLnbSubList - ==> Parameters: CT_LNB_SERVICE(String)
2025-01-10 07:55:00 [http-nio-8080-exec-7] DEBUG c.s.d.m.C.selectLnbSubList - <==      Total: 2
2025-01-10 07:55:00 [http-nio-8080-exec-1] DEBUG c.s.d.m.C.selectLnbSubList - <==      Total: 2
2025-01-10 07:55:00 [http-nio-8080-exec-4] DEBUG c.s.d.m.C.selectLnbSubList - <==      Total: 4
2025-01-10 07:55:00 [http-nio-8080-exec-7] DEBUG org.mybatis.spring.SqlSessionUtils - Closing non transactional SqlSession [org.apache.ibatis.session.defaults.DefaultSqlSession@65525f3f]
2025-01-10 07:55:00 [http-nio-8080-exec-1] DEBUG org.mybatis.spring.SqlSessionUtils - Closing non transactional SqlSession [org.apache.ibatis.session.defaults.DefaultSqlSession@687fb006]
2025-01-10 07:55:00 [http-nio-8080-exec-4] DEBUG org.mybatis.spring.SqlSessionUtils - Closing non transactional SqlSession [org.apache.ibatis.session.defaults.DefaultSqlSession@3999292f]
2025-01-10 07:55:14 [http-nio-8080-exec-6] WARN  o.t.s.p.AbstractStandardFragmentInsertionTagProcessor - [THYMELEAF][http-nio-8080-exec-6][common/layout/layout] Deprecated unwrapped fragment expression "common/fragments/header::header" found in template common/layout/layout, line 31, col 10. Please use the complete syntax of fragment expressions instead ("~{common/fragments/header::header}"). The old, unwrapped syntax for fragment expressions will be removed in future versions of Thymeleaf.
2025-01-10 07:55:14 [http-nio-8080-exec-6] WARN  o.t.s.p.AbstractStandardFragmentInsertionTagProcessor - [THYMELEAF][http-nio-8080-exec-6][common/layout/layout] Deprecated unwrapped fragment expression "common/fragments/footer::footer" found in template common/layout/layout, line 35, col 10. Please use the complete syntax of fragment expressions instead ("~{common/fragments/footer::footer}"). The old, unwrapped syntax for fragment expressions will be removed in future versions of Thymeleaf.
2025-01-10 07:55:14 [http-nio-8080-exec-6] DEBUG org.mybatis.spring.SqlSessionUtils - Creating a new SqlSession
2025-01-10 07:55:14 [http-nio-8080-exec-6] DEBUG org.mybatis.spring.SqlSessionUtils - SqlSession [org.apache.ibatis.session.defaults.DefaultSqlSession@6a190ac4] was not registered for synchronization because synchronization is not active
2025-01-10 07:55:14 [http-nio-8080-exec-6] DEBUG o.m.s.t.SpringManagedTransaction - JDBC Connection [HikariProxyConnection@1923108471 wrapping com.mysql.cj.jdbc.ConnectionImpl@5782fd26] will not be managed by Spring
2025-01-10 07:55:14 [http-nio-8080-exec-6] DEBUG c.s.d.m.CommonMapper.selectLnbList - ==>  Preparing: SELECT CT_LNB_IDX AS ctLnbIdx, CT_LNB_ID AS ctLnbId, CT_LNB_NAME AS ctLnbName, CT_LNB_SUB_YN AS ctLnbSubYn, CT_LNB_URL AS ctLnbUrl, CT_LNB_USE_YN AS ctLnbUseYn FROM CT_LNB WHERE CT_LNB_USE_YN = 'Y' ORDER BY CT_LNB_IDX
2025-01-10 07:55:14 [http-nio-8080-exec-6] DEBUG c.s.d.m.CommonMapper.selectLnbList - ==> Parameters: 
2025-01-10 07:55:14 [http-nio-8080-exec-6] DEBUG c.s.d.m.CommonMapper.selectLnbList - <==      Total: 4
2025-01-10 07:55:14 [http-nio-8080-exec-6] DEBUG org.mybatis.spring.SqlSessionUtils - Closing non transactional SqlSession [org.apache.ibatis.session.defaults.DefaultSqlSession@6a190ac4]
2025-01-10 07:55:14 [http-nio-8080-exec-8] DEBUG org.mybatis.spring.SqlSessionUtils - Creating a new SqlSession
2025-01-10 07:55:14 [http-nio-8080-exec-8] DEBUG org.mybatis.spring.SqlSessionUtils - SqlSession [org.apache.ibatis.session.defaults.DefaultSqlSession@273339c0] was not registered for synchronization because synchronization is not active
2025-01-10 07:55:14 [http-nio-8080-exec-8] DEBUG o.m.s.t.SpringManagedTransaction - JDBC Connection [HikariProxyConnection@945952503 wrapping com.mysql.cj.jdbc.ConnectionImpl@1b9113c5] will not be managed by Spring
2025-01-10 07:55:14 [http-nio-8080-exec-8] DEBUG c.s.d.m.CommonMapper.selectLnbList - ==>  Preparing: SELECT CT_LNB_IDX AS ctLnbIdx, CT_LNB_ID AS ctLnbId, CT_LNB_NAME AS ctLnbName, CT_LNB_SUB_YN AS ctLnbSubYn, CT_LNB_URL AS ctLnbUrl, CT_LNB_USE_YN AS ctLnbUseYn FROM CT_LNB WHERE CT_LNB_USE_YN = 'Y' ORDER BY CT_LNB_IDX
2025-01-10 07:55:14 [http-nio-8080-exec-8] DEBUG c.s.d.m.CommonMapper.selectLnbList - ==> Parameters: 
2025-01-10 07:55:14 [http-nio-8080-exec-8] DEBUG c.s.d.m.CommonMapper.selectLnbList - <==      Total: 4
2025-01-10 07:55:14 [http-nio-8080-exec-8] DEBUG org.mybatis.spring.SqlSessionUtils - Closing non transactional SqlSession [org.apache.ibatis.session.defaults.DefaultSqlSession@273339c0]
2025-01-10 07:55:14 [http-nio-8080-exec-5] DEBUG org.mybatis.spring.SqlSessionUtils - Creating a new SqlSession
2025-01-10 07:55:14 [http-nio-8080-exec-2] DEBUG org.mybatis.spring.SqlSessionUtils - Creating a new SqlSession
2025-01-10 07:55:14 [http-nio-8080-exec-5] DEBUG org.mybatis.spring.SqlSessionUtils - SqlSession [org.apache.ibatis.session.defaults.DefaultSqlSession@23fc08c] was not registered for synchronization because synchronization is not active
2025-01-10 07:55:14 [http-nio-8080-exec-2] DEBUG org.mybatis.spring.SqlSessionUtils - SqlSession [org.apache.ibatis.session.defaults.DefaultSqlSession@294580f3] was not registered for synchronization because synchronization is not active
2025-01-10 07:55:14 [http-nio-8080-exec-9] DEBUG org.mybatis.spring.SqlSessionUtils - Creating a new SqlSession
2025-01-10 07:55:14 [http-nio-8080-exec-9] DEBUG org.mybatis.spring.SqlSessionUtils - SqlSession [org.apache.ibatis.session.defaults.DefaultSqlSession@7651d395] was not registered for synchronization because synchronization is not active
2025-01-10 07:55:14 [http-nio-8080-exec-5] DEBUG o.m.s.t.SpringManagedTransaction - JDBC Connection [HikariProxyConnection@219179896 wrapping com.mysql.cj.jdbc.ConnectionImpl@5782fd26] will not be managed by Spring
2025-01-10 07:55:14 [http-nio-8080-exec-9] DEBUG o.m.s.t.SpringManagedTransaction - JDBC Connection [HikariProxyConnection@402062194 wrapping com.mysql.cj.jdbc.ConnectionImpl@1b9113c5] will not be managed by Spring
2025-01-10 07:55:14 [http-nio-8080-exec-5] DEBUG c.s.d.m.C.selectLnbSubList - ==>  Preparing: SELECT CT_LNB_SUB_IDX AS ctLnbSubIdx, CT_LNB_ID AS ctLnbId, CT_LNB_SUB_ID AS ctLnbSubId, CT_LNB_SUB_NAME AS ctLnbSubName, CT_LNB_SUB_URL AS ctLnbSubUrl FROM CT_LNB_SUB WHERE CT_LNB_ID = ? ORDER BY CT_LNB_SUB_IDX
2025-01-10 07:55:14 [http-nio-8080-exec-9] DEBUG c.s.d.m.C.selectLnbSubList - ==>  Preparing: SELECT CT_LNB_SUB_IDX AS ctLnbSubIdx, CT_LNB_ID AS ctLnbId, CT_LNB_SUB_ID AS ctLnbSubId, CT_LNB_SUB_NAME AS ctLnbSubName, CT_LNB_SUB_URL AS ctLnbSubUrl FROM CT_LNB_SUB WHERE CT_LNB_ID = ? ORDER BY CT_LNB_SUB_IDX
2025-01-10 07:55:14 [http-nio-8080-exec-9] DEBUG c.s.d.m.C.selectLnbSubList - ==> Parameters: CT_LNB_CONTACT(String)
2025-01-10 07:55:14 [http-nio-8080-exec-5] DEBUG c.s.d.m.C.selectLnbSubList - ==> Parameters: CT_LNB_INFORMATION(String)
2025-01-10 07:55:14 [http-nio-8080-exec-2] DEBUG o.m.s.t.SpringManagedTransaction - JDBC Connection [HikariProxyConnection@1008420239 wrapping com.mysql.cj.jdbc.ConnectionImpl@55549275] will not be managed by Spring
2025-01-10 07:55:14 [http-nio-8080-exec-2] DEBUG c.s.d.m.C.selectLnbSubList - ==>  Preparing: SELECT CT_LNB_SUB_IDX AS ctLnbSubIdx, CT_LNB_ID AS ctLnbId, CT_LNB_SUB_ID AS ctLnbSubId, CT_LNB_SUB_NAME AS ctLnbSubName, CT_LNB_SUB_URL AS ctLnbSubUrl FROM CT_LNB_SUB WHERE CT_LNB_ID = ? ORDER BY CT_LNB_SUB_IDX
2025-01-10 07:55:14 [http-nio-8080-exec-2] DEBUG c.s.d.m.C.selectLnbSubList - ==> Parameters: CT_LNB_SERVICE(String)
2025-01-10 07:55:14 [http-nio-8080-exec-9] DEBUG c.s.d.m.C.selectLnbSubList - <==      Total: 2
2025-01-10 07:55:14 [http-nio-8080-exec-5] DEBUG c.s.d.m.C.selectLnbSubList - <==      Total: 2
2025-01-10 07:55:14 [http-nio-8080-exec-2] DEBUG c.s.d.m.C.selectLnbSubList - <==      Total: 4
2025-01-10 07:55:14 [http-nio-8080-exec-2] DEBUG org.mybatis.spring.SqlSessionUtils - Closing non transactional SqlSession [org.apache.ibatis.session.defaults.DefaultSqlSession@294580f3]
2025-01-10 07:55:14 [http-nio-8080-exec-9] DEBUG org.mybatis.spring.SqlSessionUtils - Closing non transactional SqlSession [org.apache.ibatis.session.defaults.DefaultSqlSession@7651d395]
2025-01-10 07:55:14 [http-nio-8080-exec-5] DEBUG org.mybatis.spring.SqlSessionUtils - Closing non transactional SqlSession [org.apache.ibatis.session.defaults.DefaultSqlSession@23fc08c]
2025-01-10 07:55:14 [http-nio-8080-exec-10] DEBUG org.mybatis.spring.SqlSessionUtils - Creating a new SqlSession
2025-01-10 07:55:14 [http-nio-8080-exec-4] DEBUG org.mybatis.spring.SqlSessionUtils - Creating a new SqlSession
2025-01-10 07:55:14 [http-nio-8080-exec-3] DEBUG org.mybatis.spring.SqlSessionUtils - Creating a new SqlSession
2025-01-10 07:55:14 [http-nio-8080-exec-10] DEBUG org.mybatis.spring.SqlSessionUtils - SqlSession [org.apache.ibatis.session.defaults.DefaultSqlSession@22462b47] was not registered for synchronization because synchronization is not active
2025-01-10 07:55:14 [http-nio-8080-exec-4] DEBUG org.mybatis.spring.SqlSessionUtils - SqlSession [org.apache.ibatis.session.defaults.DefaultSqlSession@7eef237a] was not registered for synchronization because synchronization is not active
2025-01-10 07:55:14 [http-nio-8080-exec-3] DEBUG org.mybatis.spring.SqlSessionUtils - SqlSession [org.apache.ibatis.session.defaults.DefaultSqlSession@388fa16] was not registered for synchronization because synchronization is not active
2025-01-10 07:55:14 [http-nio-8080-exec-3] DEBUG o.m.s.t.SpringManagedTransaction - JDBC Connection [HikariProxyConnection@1202945255 wrapping com.mysql.cj.jdbc.ConnectionImpl@55549275] will not be managed by Spring
2025-01-10 07:55:14 [http-nio-8080-exec-4] DEBUG o.m.s.t.SpringManagedTransaction - JDBC Connection [HikariProxyConnection@220016952 wrapping com.mysql.cj.jdbc.ConnectionImpl@1b9113c5] will not be managed by Spring
2025-01-10 07:55:14 [http-nio-8080-exec-10] DEBUG o.m.s.t.SpringManagedTransaction - JDBC Connection [HikariProxyConnection@744282072 wrapping com.mysql.cj.jdbc.ConnectionImpl@5782fd26] will not be managed by Spring
2025-01-10 07:55:14 [http-nio-8080-exec-3] DEBUG c.s.d.m.C.selectLnbSubList - ==>  Preparing: SELECT CT_LNB_SUB_IDX AS ctLnbSubIdx, CT_LNB_ID AS ctLnbId, CT_LNB_SUB_ID AS ctLnbSubId, CT_LNB_SUB_NAME AS ctLnbSubName, CT_LNB_SUB_URL AS ctLnbSubUrl FROM CT_LNB_SUB WHERE CT_LNB_ID = ? ORDER BY CT_LNB_SUB_IDX
2025-01-10 07:55:14 [http-nio-8080-exec-10] DEBUG c.s.d.m.C.selectLnbSubList - ==>  Preparing: SELECT CT_LNB_SUB_IDX AS ctLnbSubIdx, CT_LNB_ID AS ctLnbId, CT_LNB_SUB_ID AS ctLnbSubId, CT_LNB_SUB_NAME AS ctLnbSubName, CT_LNB_SUB_URL AS ctLnbSubUrl FROM CT_LNB_SUB WHERE CT_LNB_ID = ? ORDER BY CT_LNB_SUB_IDX
2025-01-10 07:55:14 [http-nio-8080-exec-4] DEBUG c.s.d.m.C.selectLnbSubList - ==>  Preparing: SELECT CT_LNB_SUB_IDX AS ctLnbSubIdx, CT_LNB_ID AS ctLnbId, CT_LNB_SUB_ID AS ctLnbSubId, CT_LNB_SUB_NAME AS ctLnbSubName, CT_LNB_SUB_URL AS ctLnbSubUrl FROM CT_LNB_SUB WHERE CT_LNB_ID = ? ORDER BY CT_LNB_SUB_IDX
2025-01-10 07:55:14 [http-nio-8080-exec-3] DEBUG c.s.d.m.C.selectLnbSubList - ==> Parameters: CT_LNB_SERVICE(String)
2025-01-10 07:55:14 [http-nio-8080-exec-10] DEBUG c.s.d.m.C.selectLnbSubList - ==> Parameters: CT_LNB_INFORMATION(String)
2025-01-10 07:55:14 [http-nio-8080-exec-4] DEBUG c.s.d.m.C.selectLnbSubList - ==> Parameters: CT_LNB_CONTACT(String)
2025-01-10 07:55:14 [http-nio-8080-exec-4] DEBUG c.s.d.m.C.selectLnbSubList - <==      Total: 2
2025-01-10 07:55:14 [http-nio-8080-exec-10] DEBUG c.s.d.m.C.selectLnbSubList - <==      Total: 2
2025-01-10 07:55:14 [http-nio-8080-exec-3] DEBUG c.s.d.m.C.selectLnbSubList - <==      Total: 4
2025-01-10 07:55:14 [http-nio-8080-exec-10] DEBUG org.mybatis.spring.SqlSessionUtils - Closing non transactional SqlSession [org.apache.ibatis.session.defaults.DefaultSqlSession@22462b47]
2025-01-10 07:55:14 [http-nio-8080-exec-3] DEBUG org.mybatis.spring.SqlSessionUtils - Closing non transactional SqlSession [org.apache.ibatis.session.defaults.DefaultSqlSession@388fa16]
2025-01-10 07:55:14 [http-nio-8080-exec-4] DEBUG org.mybatis.spring.SqlSessionUtils - Closing non transactional SqlSession [org.apache.ibatis.session.defaults.DefaultSqlSession@7eef237a]
2025-01-10 07:55:19 [http-nio-8080-exec-7] WARN  o.t.s.p.AbstractStandardFragmentInsertionTagProcessor - [THYMELEAF][http-nio-8080-exec-7][common/layout/layout] Deprecated unwrapped fragment expression "common/fragments/header::header" found in template common/layout/layout, line 31, col 10. Please use the complete syntax of fragment expressions instead ("~{common/fragments/header::header}"). The old, unwrapped syntax for fragment expressions will be removed in future versions of Thymeleaf.
2025-01-10 07:55:19 [http-nio-8080-exec-7] WARN  o.t.s.p.AbstractStandardFragmentInsertionTagProcessor - [THYMELEAF][http-nio-8080-exec-7][common/layout/layout] Deprecated unwrapped fragment expression "common/fragments/footer::footer" found in template common/layout/layout, line 35, col 10. Please use the complete syntax of fragment expressions instead ("~{common/fragments/footer::footer}"). The old, unwrapped syntax for fragment expressions will be removed in future versions of Thymeleaf.
2025-01-10 07:55:19 [http-nio-8080-exec-7] DEBUG org.mybatis.spring.SqlSessionUtils - Creating a new SqlSession
2025-01-10 07:55:19 [http-nio-8080-exec-7] DEBUG org.mybatis.spring.SqlSessionUtils - SqlSession [org.apache.ibatis.session.defaults.DefaultSqlSession@7d3592c0] was not registered for synchronization because synchronization is not active
2025-01-10 07:55:19 [http-nio-8080-exec-7] DEBUG o.m.s.t.SpringManagedTransaction - JDBC Connection [HikariProxyConnection@993292081 wrapping com.mysql.cj.jdbc.ConnectionImpl@5782fd26] will not be managed by Spring
2025-01-10 07:55:19 [http-nio-8080-exec-7] DEBUG c.s.d.m.CommonMapper.selectLnbList - ==>  Preparing: SELECT CT_LNB_IDX AS ctLnbIdx, CT_LNB_ID AS ctLnbId, CT_LNB_NAME AS ctLnbName, CT_LNB_SUB_YN AS ctLnbSubYn, CT_LNB_URL AS ctLnbUrl, CT_LNB_USE_YN AS ctLnbUseYn FROM CT_LNB WHERE CT_LNB_USE_YN = 'Y' ORDER BY CT_LNB_IDX
2025-01-10 07:55:19 [http-nio-8080-exec-7] DEBUG c.s.d.m.CommonMapper.selectLnbList - ==> Parameters: 
2025-01-10 07:55:19 [http-nio-8080-exec-7] DEBUG c.s.d.m.CommonMapper.selectLnbList - <==      Total: 4
2025-01-10 07:55:19 [http-nio-8080-exec-7] DEBUG org.mybatis.spring.SqlSessionUtils - Closing non transactional SqlSession [org.apache.ibatis.session.defaults.DefaultSqlSession@7d3592c0]
2025-01-10 07:55:19 [http-nio-8080-exec-8] DEBUG org.mybatis.spring.SqlSessionUtils - Creating a new SqlSession
2025-01-10 07:55:19 [http-nio-8080-exec-8] DEBUG org.mybatis.spring.SqlSessionUtils - SqlSession [org.apache.ibatis.session.defaults.DefaultSqlSession@2c21c26c] was not registered for synchronization because synchronization is not active
2025-01-10 07:55:19 [http-nio-8080-exec-8] DEBUG o.m.s.t.SpringManagedTransaction - JDBC Connection [HikariProxyConnection@81575089 wrapping com.mysql.cj.jdbc.ConnectionImpl@1b9113c5] will not be managed by Spring
2025-01-10 07:55:19 [http-nio-8080-exec-8] DEBUG c.s.d.m.CommonMapper.selectLnbList - ==>  Preparing: SELECT CT_LNB_IDX AS ctLnbIdx, CT_LNB_ID AS ctLnbId, CT_LNB_NAME AS ctLnbName, CT_LNB_SUB_YN AS ctLnbSubYn, CT_LNB_URL AS ctLnbUrl, CT_LNB_USE_YN AS ctLnbUseYn FROM CT_LNB WHERE CT_LNB_USE_YN = 'Y' ORDER BY CT_LNB_IDX
2025-01-10 07:55:19 [http-nio-8080-exec-8] DEBUG c.s.d.m.CommonMapper.selectLnbList - ==> Parameters: 
2025-01-10 07:55:19 [http-nio-8080-exec-8] DEBUG c.s.d.m.CommonMapper.selectLnbList - <==      Total: 4
2025-01-10 07:55:19 [http-nio-8080-exec-8] DEBUG org.mybatis.spring.SqlSessionUtils - Closing non transactional SqlSession [org.apache.ibatis.session.defaults.DefaultSqlSession@2c21c26c]
2025-01-10 07:55:19 [http-nio-8080-exec-1] DEBUG org.mybatis.spring.SqlSessionUtils - Creating a new SqlSession
2025-01-10 07:55:19 [http-nio-8080-exec-9] DEBUG org.mybatis.spring.SqlSessionUtils - Creating a new SqlSession
2025-01-10 07:55:19 [http-nio-8080-exec-5] DEBUG org.mybatis.spring.SqlSessionUtils - Creating a new SqlSession
2025-01-10 07:55:19 [http-nio-8080-exec-1] DEBUG org.mybatis.spring.SqlSessionUtils - SqlSession [org.apache.ibatis.session.defaults.DefaultSqlSession@475a1303] was not registered for synchronization because synchronization is not active
2025-01-10 07:55:19 [http-nio-8080-exec-9] DEBUG org.mybatis.spring.SqlSessionUtils - SqlSession [org.apache.ibatis.session.defaults.DefaultSqlSession@475534bf] was not registered for synchronization because synchronization is not active
2025-01-10 07:55:19 [http-nio-8080-exec-5] DEBUG org.mybatis.spring.SqlSessionUtils - SqlSession [org.apache.ibatis.session.defaults.DefaultSqlSession@2f7dae5b] was not registered for synchronization because synchronization is not active
2025-01-10 07:55:19 [http-nio-8080-exec-9] DEBUG o.m.s.t.SpringManagedTransaction - JDBC Connection [HikariProxyConnection@1733851724 wrapping com.mysql.cj.jdbc.ConnectionImpl@1b9113c5] will not be managed by Spring
2025-01-10 07:55:19 [http-nio-8080-exec-5] DEBUG o.m.s.t.SpringManagedTransaction - JDBC Connection [HikariProxyConnection@565726055 wrapping com.mysql.cj.jdbc.ConnectionImpl@5782fd26] will not be managed by Spring
2025-01-10 07:55:19 [http-nio-8080-exec-9] DEBUG c.s.d.m.C.selectLnbSubList - ==>  Preparing: SELECT CT_LNB_SUB_IDX AS ctLnbSubIdx, CT_LNB_ID AS ctLnbId, CT_LNB_SUB_ID AS ctLnbSubId, CT_LNB_SUB_NAME AS ctLnbSubName, CT_LNB_SUB_URL AS ctLnbSubUrl FROM CT_LNB_SUB WHERE CT_LNB_ID = ? ORDER BY CT_LNB_SUB_IDX
2025-01-10 07:55:19 [http-nio-8080-exec-5] DEBUG c.s.d.m.C.selectLnbSubList - ==>  Preparing: SELECT CT_LNB_SUB_IDX AS ctLnbSubIdx, CT_LNB_ID AS ctLnbId, CT_LNB_SUB_ID AS ctLnbSubId, CT_LNB_SUB_NAME AS ctLnbSubName, CT_LNB_SUB_URL AS ctLnbSubUrl FROM CT_LNB_SUB WHERE CT_LNB_ID = ? ORDER BY CT_LNB_SUB_IDX
2025-01-10 07:55:19 [http-nio-8080-exec-9] DEBUG c.s.d.m.C.selectLnbSubList - ==> Parameters: CT_LNB_INFORMATION(String)
2025-01-10 07:55:19 [http-nio-8080-exec-5] DEBUG c.s.d.m.C.selectLnbSubList - ==> Parameters: CT_LNB_SERVICE(String)
2025-01-10 07:55:19 [http-nio-8080-exec-1] DEBUG o.m.s.t.SpringManagedTransaction - JDBC Connection [HikariProxyConnection@11610908 wrapping com.mysql.cj.jdbc.ConnectionImpl@55549275] will not be managed by Spring
2025-01-10 07:55:19 [http-nio-8080-exec-1] DEBUG c.s.d.m.C.selectLnbSubList - ==>  Preparing: SELECT CT_LNB_SUB_IDX AS ctLnbSubIdx, CT_LNB_ID AS ctLnbId, CT_LNB_SUB_ID AS ctLnbSubId, CT_LNB_SUB_NAME AS ctLnbSubName, CT_LNB_SUB_URL AS ctLnbSubUrl FROM CT_LNB_SUB WHERE CT_LNB_ID = ? ORDER BY CT_LNB_SUB_IDX
2025-01-10 07:55:19 [http-nio-8080-exec-1] DEBUG c.s.d.m.C.selectLnbSubList - ==> Parameters: CT_LNB_CONTACT(String)
2025-01-10 07:55:19 [http-nio-8080-exec-1] DEBUG c.s.d.m.C.selectLnbSubList - <==      Total: 2
2025-01-10 07:55:19 [http-nio-8080-exec-9] DEBUG c.s.d.m.C.selectLnbSubList - <==      Total: 2
2025-01-10 07:55:19 [http-nio-8080-exec-5] DEBUG c.s.d.m.C.selectLnbSubList - <==      Total: 4
2025-01-10 07:55:19 [http-nio-8080-exec-1] DEBUG org.mybatis.spring.SqlSessionUtils - Closing non transactional SqlSession [org.apache.ibatis.session.defaults.DefaultSqlSession@475a1303]
2025-01-10 07:55:19 [http-nio-8080-exec-9] DEBUG org.mybatis.spring.SqlSessionUtils - Closing non transactional SqlSession [org.apache.ibatis.session.defaults.DefaultSqlSession@475534bf]
2025-01-10 07:55:19 [http-nio-8080-exec-5] DEBUG org.mybatis.spring.SqlSessionUtils - Closing non transactional SqlSession [org.apache.ibatis.session.defaults.DefaultSqlSession@2f7dae5b]
2025-01-10 07:55:19 [http-nio-8080-exec-6] DEBUG org.mybatis.spring.SqlSessionUtils - Creating a new SqlSession
2025-01-10 07:55:19 [http-nio-8080-exec-6] DEBUG org.mybatis.spring.SqlSessionUtils - SqlSession [org.apache.ibatis.session.defaults.DefaultSqlSession@3d767797] was not registered for synchronization because synchronization is not active
2025-01-10 07:55:19 [http-nio-8080-exec-4] DEBUG org.mybatis.spring.SqlSessionUtils - Creating a new SqlSession
2025-01-10 07:55:19 [http-nio-8080-exec-2] DEBUG org.mybatis.spring.SqlSessionUtils - Creating a new SqlSession
2025-01-10 07:55:19 [http-nio-8080-exec-6] DEBUG o.m.s.t.SpringManagedTransaction - JDBC Connection [HikariProxyConnection@1305826744 wrapping com.mysql.cj.jdbc.ConnectionImpl@5782fd26] will not be managed by Spring
2025-01-10 07:55:19 [http-nio-8080-exec-4] DEBUG org.mybatis.spring.SqlSessionUtils - SqlSession [org.apache.ibatis.session.defaults.DefaultSqlSession@411edb22] was not registered for synchronization because synchronization is not active
2025-01-10 07:55:19 [http-nio-8080-exec-2] DEBUG org.mybatis.spring.SqlSessionUtils - SqlSession [org.apache.ibatis.session.defaults.DefaultSqlSession@5569a404] was not registered for synchronization because synchronization is not active
2025-01-10 07:55:19 [http-nio-8080-exec-6] DEBUG c.s.d.m.C.selectLnbSubList - ==>  Preparing: SELECT CT_LNB_SUB_IDX AS ctLnbSubIdx, CT_LNB_ID AS ctLnbId, CT_LNB_SUB_ID AS ctLnbSubId, CT_LNB_SUB_NAME AS ctLnbSubName, CT_LNB_SUB_URL AS ctLnbSubUrl FROM CT_LNB_SUB WHERE CT_LNB_ID = ? ORDER BY CT_LNB_SUB_IDX
2025-01-10 07:55:19 [http-nio-8080-exec-2] DEBUG o.m.s.t.SpringManagedTransaction - JDBC Connection [HikariProxyConnection@859350043 wrapping com.mysql.cj.jdbc.ConnectionImpl@55549275] will not be managed by Spring
2025-01-10 07:55:19 [http-nio-8080-exec-4] DEBUG o.m.s.t.SpringManagedTransaction - JDBC Connection [HikariProxyConnection@628012744 wrapping com.mysql.cj.jdbc.ConnectionImpl@1b9113c5] will not be managed by Spring
2025-01-10 07:55:19 [http-nio-8080-exec-2] DEBUG c.s.d.m.C.selectLnbSubList - ==>  Preparing: SELECT CT_LNB_SUB_IDX AS ctLnbSubIdx, CT_LNB_ID AS ctLnbId, CT_LNB_SUB_ID AS ctLnbSubId, CT_LNB_SUB_NAME AS ctLnbSubName, CT_LNB_SUB_URL AS ctLnbSubUrl FROM CT_LNB_SUB WHERE CT_LNB_ID = ? ORDER BY CT_LNB_SUB_IDX
2025-01-10 07:55:19 [http-nio-8080-exec-4] DEBUG c.s.d.m.C.selectLnbSubList - ==>  Preparing: SELECT CT_LNB_SUB_IDX AS ctLnbSubIdx, CT_LNB_ID AS ctLnbId, CT_LNB_SUB_ID AS ctLnbSubId, CT_LNB_SUB_NAME AS ctLnbSubName, CT_LNB_SUB_URL AS ctLnbSubUrl FROM CT_LNB_SUB WHERE CT_LNB_ID = ? ORDER BY CT_LNB_SUB_IDX
2025-01-10 07:55:19 [http-nio-8080-exec-2] DEBUG c.s.d.m.C.selectLnbSubList - ==> Parameters: CT_LNB_SERVICE(String)
2025-01-10 07:55:19 [http-nio-8080-exec-6] DEBUG c.s.d.m.C.selectLnbSubList - ==> Parameters: CT_LNB_INFORMATION(String)
2025-01-10 07:55:19 [http-nio-8080-exec-4] DEBUG c.s.d.m.C.selectLnbSubList - ==> Parameters: CT_LNB_CONTACT(String)
2025-01-10 07:55:19 [http-nio-8080-exec-4] DEBUG c.s.d.m.C.selectLnbSubList - <==      Total: 2
2025-01-10 07:55:19 [http-nio-8080-exec-2] DEBUG c.s.d.m.C.selectLnbSubList - <==      Total: 4
2025-01-10 07:55:19 [http-nio-8080-exec-6] DEBUG c.s.d.m.C.selectLnbSubList - <==      Total: 2
2025-01-10 07:55:19 [http-nio-8080-exec-2] DEBUG org.mybatis.spring.SqlSessionUtils - Closing non transactional SqlSession [org.apache.ibatis.session.defaults.DefaultSqlSession@5569a404]
2025-01-10 07:55:19 [http-nio-8080-exec-6] DEBUG org.mybatis.spring.SqlSessionUtils - Closing non transactional SqlSession [org.apache.ibatis.session.defaults.DefaultSqlSession@3d767797]
2025-01-10 07:55:19 [http-nio-8080-exec-4] DEBUG org.mybatis.spring.SqlSessionUtils - Closing non transactional SqlSession [org.apache.ibatis.session.defaults.DefaultSqlSession@411edb22]
2025-01-10 07:55:29 [http-nio-8080-exec-3] WARN  o.t.s.p.AbstractStandardFragmentInsertionTagProcessor - [THYMELEAF][http-nio-8080-exec-3][common/layout/layout] Deprecated unwrapped fragment expression "common/fragments/header::header" found in template common/layout/layout, line 31, col 10. Please use the complete syntax of fragment expressions instead ("~{common/fragments/header::header}"). The old, unwrapped syntax for fragment expressions will be removed in future versions of Thymeleaf.
2025-01-10 07:55:29 [http-nio-8080-exec-3] WARN  o.t.s.p.AbstractStandardFragmentInsertionTagProcessor - [THYMELEAF][http-nio-8080-exec-3][common/layout/layout] Deprecated unwrapped fragment expression "common/fragments/footer::footer" found in template common/layout/layout, line 35, col 10. Please use the complete syntax of fragment expressions instead ("~{common/fragments/footer::footer}"). The old, unwrapped syntax for fragment expressions will be removed in future versions of Thymeleaf.
2025-01-10 07:55:29 [http-nio-8080-exec-3] DEBUG org.mybatis.spring.SqlSessionUtils - Creating a new SqlSession
2025-01-10 07:55:29 [http-nio-8080-exec-3] DEBUG org.mybatis.spring.SqlSessionUtils - SqlSession [org.apache.ibatis.session.defaults.DefaultSqlSession@6410b0a6] was not registered for synchronization because synchronization is not active
2025-01-10 07:55:29 [http-nio-8080-exec-3] DEBUG o.m.s.t.SpringManagedTransaction - JDBC Connection [HikariProxyConnection@656780362 wrapping com.mysql.cj.jdbc.ConnectionImpl@55549275] will not be managed by Spring
2025-01-10 07:55:29 [http-nio-8080-exec-3] DEBUG c.s.d.m.CommonMapper.selectLnbList - ==>  Preparing: SELECT CT_LNB_IDX AS ctLnbIdx, CT_LNB_ID AS ctLnbId, CT_LNB_NAME AS ctLnbName, CT_LNB_SUB_YN AS ctLnbSubYn, CT_LNB_URL AS ctLnbUrl, CT_LNB_USE_YN AS ctLnbUseYn FROM CT_LNB WHERE CT_LNB_USE_YN = 'Y' ORDER BY CT_LNB_IDX
2025-01-10 07:55:29 [http-nio-8080-exec-3] DEBUG c.s.d.m.CommonMapper.selectLnbList - ==> Parameters: 
2025-01-10 07:55:29 [http-nio-8080-exec-3] DEBUG c.s.d.m.CommonMapper.selectLnbList - <==      Total: 4
2025-01-10 07:55:29 [http-nio-8080-exec-3] DEBUG org.mybatis.spring.SqlSessionUtils - Closing non transactional SqlSession [org.apache.ibatis.session.defaults.DefaultSqlSession@6410b0a6]
2025-01-10 07:55:29 [http-nio-8080-exec-10] DEBUG org.mybatis.spring.SqlSessionUtils - Creating a new SqlSession
2025-01-10 07:55:29 [http-nio-8080-exec-10] DEBUG org.mybatis.spring.SqlSessionUtils - SqlSession [org.apache.ibatis.session.defaults.DefaultSqlSession@58d7e374] was not registered for synchronization because synchronization is not active
2025-01-10 07:55:29 [http-nio-8080-exec-10] DEBUG o.m.s.t.SpringManagedTransaction - JDBC Connection [HikariProxyConnection@359302912 wrapping com.mysql.cj.jdbc.ConnectionImpl@5782fd26] will not be managed by Spring
2025-01-10 07:55:29 [http-nio-8080-exec-10] DEBUG c.s.d.m.CommonMapper.selectLnbList - ==>  Preparing: SELECT CT_LNB_IDX AS ctLnbIdx, CT_LNB_ID AS ctLnbId, CT_LNB_NAME AS ctLnbName, CT_LNB_SUB_YN AS ctLnbSubYn, CT_LNB_URL AS ctLnbUrl, CT_LNB_USE_YN AS ctLnbUseYn FROM CT_LNB WHERE CT_LNB_USE_YN = 'Y' ORDER BY CT_LNB_IDX
2025-01-10 07:55:29 [http-nio-8080-exec-10] DEBUG c.s.d.m.CommonMapper.selectLnbList - ==> Parameters: 
2025-01-10 07:55:29 [http-nio-8080-exec-10] DEBUG c.s.d.m.CommonMapper.selectLnbList - <==      Total: 4
2025-01-10 07:55:29 [http-nio-8080-exec-10] DEBUG org.mybatis.spring.SqlSessionUtils - Closing non transactional SqlSession [org.apache.ibatis.session.defaults.DefaultSqlSession@58d7e374]
2025-01-10 07:55:29 [http-nio-8080-exec-7] DEBUG org.mybatis.spring.SqlSessionUtils - Creating a new SqlSession
2025-01-10 07:55:29 [http-nio-8080-exec-9] DEBUG org.mybatis.spring.SqlSessionUtils - Creating a new SqlSession
2025-01-10 07:55:29 [http-nio-8080-exec-5] DEBUG org.mybatis.spring.SqlSessionUtils - Creating a new SqlSession
2025-01-10 07:55:29 [http-nio-8080-exec-9] DEBUG org.mybatis.spring.SqlSessionUtils - SqlSession [org.apache.ibatis.session.defaults.DefaultSqlSession@78656f94] was not registered for synchronization because synchronization is not active
2025-01-10 07:55:29 [http-nio-8080-exec-7] DEBUG org.mybatis.spring.SqlSessionUtils - SqlSession [org.apache.ibatis.session.defaults.DefaultSqlSession@4b7206e2] was not registered for synchronization because synchronization is not active
2025-01-10 07:55:29 [http-nio-8080-exec-5] DEBUG org.mybatis.spring.SqlSessionUtils - SqlSession [org.apache.ibatis.session.defaults.DefaultSqlSession@36fc530] was not registered for synchronization because synchronization is not active
2025-01-10 07:55:29 [http-nio-8080-exec-7] DEBUG o.m.s.t.SpringManagedTransaction - JDBC Connection [HikariProxyConnection@1395107162 wrapping com.mysql.cj.jdbc.ConnectionImpl@5782fd26] will not be managed by Spring
2025-01-10 07:55:29 [http-nio-8080-exec-5] DEBUG o.m.s.t.SpringManagedTransaction - JDBC Connection [HikariProxyConnection@1626293577 wrapping com.mysql.cj.jdbc.ConnectionImpl@55549275] will not be managed by Spring
2025-01-10 07:55:29 [http-nio-8080-exec-7] DEBUG c.s.d.m.C.selectLnbSubList - ==>  Preparing: SELECT CT_LNB_SUB_IDX AS ctLnbSubIdx, CT_LNB_ID AS ctLnbId, CT_LNB_SUB_ID AS ctLnbSubId, CT_LNB_SUB_NAME AS ctLnbSubName, CT_LNB_SUB_URL AS ctLnbSubUrl FROM CT_LNB_SUB WHERE CT_LNB_ID = ? ORDER BY CT_LNB_SUB_IDX
2025-01-10 07:55:29 [http-nio-8080-exec-5] DEBUG c.s.d.m.C.selectLnbSubList - ==>  Preparing: SELECT CT_LNB_SUB_IDX AS ctLnbSubIdx, CT_LNB_ID AS ctLnbId, CT_LNB_SUB_ID AS ctLnbSubId, CT_LNB_SUB_NAME AS ctLnbSubName, CT_LNB_SUB_URL AS ctLnbSubUrl FROM CT_LNB_SUB WHERE CT_LNB_ID = ? ORDER BY CT_LNB_SUB_IDX
2025-01-10 07:55:29 [http-nio-8080-exec-9] DEBUG o.m.s.t.SpringManagedTransaction - JDBC Connection [HikariProxyConnection@1548476622 wrapping com.mysql.cj.jdbc.ConnectionImpl@1b9113c5] will not be managed by Spring
2025-01-10 07:55:29 [http-nio-8080-exec-7] DEBUG c.s.d.m.C.selectLnbSubList - ==> Parameters: CT_LNB_INFORMATION(String)
2025-01-10 07:55:29 [http-nio-8080-exec-5] DEBUG c.s.d.m.C.selectLnbSubList - ==> Parameters: CT_LNB_SERVICE(String)
2025-01-10 07:55:29 [http-nio-8080-exec-9] DEBUG c.s.d.m.C.selectLnbSubList - ==>  Preparing: SELECT CT_LNB_SUB_IDX AS ctLnbSubIdx, CT_LNB_ID AS ctLnbId, CT_LNB_SUB_ID AS ctLnbSubId, CT_LNB_SUB_NAME AS ctLnbSubName, CT_LNB_SUB_URL AS ctLnbSubUrl FROM CT_LNB_SUB WHERE CT_LNB_ID = ? ORDER BY CT_LNB_SUB_IDX
2025-01-10 07:55:29 [http-nio-8080-exec-9] DEBUG c.s.d.m.C.selectLnbSubList - ==> Parameters: CT_LNB_CONTACT(String)
2025-01-10 07:55:29 [http-nio-8080-exec-9] DEBUG c.s.d.m.C.selectLnbSubList - <==      Total: 2
2025-01-10 07:55:29 [http-nio-8080-exec-7] DEBUG c.s.d.m.C.selectLnbSubList - <==      Total: 2
2025-01-10 07:55:29 [http-nio-8080-exec-5] DEBUG c.s.d.m.C.selectLnbSubList - <==      Total: 4
2025-01-10 07:55:29 [http-nio-8080-exec-7] DEBUG org.mybatis.spring.SqlSessionUtils - Closing non transactional SqlSession [org.apache.ibatis.session.defaults.DefaultSqlSession@4b7206e2]
2025-01-10 07:55:29 [http-nio-8080-exec-9] DEBUG org.mybatis.spring.SqlSessionUtils - Closing non transactional SqlSession [org.apache.ibatis.session.defaults.DefaultSqlSession@78656f94]
2025-01-10 07:55:29 [http-nio-8080-exec-5] DEBUG org.mybatis.spring.SqlSessionUtils - Closing non transactional SqlSession [org.apache.ibatis.session.defaults.DefaultSqlSession@36fc530]
2025-01-10 07:55:29 [http-nio-8080-exec-8] DEBUG org.mybatis.spring.SqlSessionUtils - Creating a new SqlSession
2025-01-10 07:55:29 [http-nio-8080-exec-8] DEBUG org.mybatis.spring.SqlSessionUtils - SqlSession [org.apache.ibatis.session.defaults.DefaultSqlSession@74f22a5d] was not registered for synchronization because synchronization is not active
2025-01-10 07:55:29 [http-nio-8080-exec-8] DEBUG o.m.s.t.SpringManagedTransaction - JDBC Connection [HikariProxyConnection@355088710 wrapping com.mysql.cj.jdbc.ConnectionImpl@1b9113c5] will not be managed by Spring
2025-01-10 07:55:29 [http-nio-8080-exec-8] DEBUG c.s.d.m.C.selectLnbSubList - ==>  Preparing: SELECT CT_LNB_SUB_IDX AS ctLnbSubIdx, CT_LNB_ID AS ctLnbId, CT_LNB_SUB_ID AS ctLnbSubId, CT_LNB_SUB_NAME AS ctLnbSubName, CT_LNB_SUB_URL AS ctLnbSubUrl FROM CT_LNB_SUB WHERE CT_LNB_ID = ? ORDER BY CT_LNB_SUB_IDX
2025-01-10 07:55:29 [http-nio-8080-exec-8] DEBUG c.s.d.m.C.selectLnbSubList - ==> Parameters: CT_LNB_INFORMATION(String)
2025-01-10 07:55:29 [http-nio-8080-exec-1] DEBUG org.mybatis.spring.SqlSessionUtils - Creating a new SqlSession
2025-01-10 07:55:29 [http-nio-8080-exec-6] DEBUG org.mybatis.spring.SqlSessionUtils - Creating a new SqlSession
2025-01-10 07:55:29 [http-nio-8080-exec-1] DEBUG org.mybatis.spring.SqlSessionUtils - SqlSession [org.apache.ibatis.session.defaults.DefaultSqlSession@51c85b1b] was not registered for synchronization because synchronization is not active
2025-01-10 07:55:29 [http-nio-8080-exec-6] DEBUG org.mybatis.spring.SqlSessionUtils - SqlSession [org.apache.ibatis.session.defaults.DefaultSqlSession@39dcb9fa] was not registered for synchronization because synchronization is not active
2025-01-10 07:55:29 [http-nio-8080-exec-6] DEBUG o.m.s.t.SpringManagedTransaction - JDBC Connection [HikariProxyConnection@1581466604 wrapping com.mysql.cj.jdbc.ConnectionImpl@5782fd26] will not be managed by Spring
2025-01-10 07:55:29 [http-nio-8080-exec-1] DEBUG o.m.s.t.SpringManagedTransaction - JDBC Connection [HikariProxyConnection@1487434741 wrapping com.mysql.cj.jdbc.ConnectionImpl@55549275] will not be managed by Spring
2025-01-10 07:55:29 [http-nio-8080-exec-6] DEBUG c.s.d.m.C.selectLnbSubList - ==>  Preparing: SELECT CT_LNB_SUB_IDX AS ctLnbSubIdx, CT_LNB_ID AS ctLnbId, CT_LNB_SUB_ID AS ctLnbSubId, CT_LNB_SUB_NAME AS ctLnbSubName, CT_LNB_SUB_URL AS ctLnbSubUrl FROM CT_LNB_SUB WHERE CT_LNB_ID = ? ORDER BY CT_LNB_SUB_IDX
2025-01-10 07:55:29 [http-nio-8080-exec-1] DEBUG c.s.d.m.C.selectLnbSubList - ==>  Preparing: SELECT CT_LNB_SUB_IDX AS ctLnbSubIdx, CT_LNB_ID AS ctLnbId, CT_LNB_SUB_ID AS ctLnbSubId, CT_LNB_SUB_NAME AS ctLnbSubName, CT_LNB_SUB_URL AS ctLnbSubUrl FROM CT_LNB_SUB WHERE CT_LNB_ID = ? ORDER BY CT_LNB_SUB_IDX
2025-01-10 07:55:29 [http-nio-8080-exec-1] DEBUG c.s.d.m.C.selectLnbSubList - ==> Parameters: CT_LNB_SERVICE(String)
2025-01-10 07:55:29 [http-nio-8080-exec-6] DEBUG c.s.d.m.C.selectLnbSubList - ==> Parameters: CT_LNB_CONTACT(String)
2025-01-10 07:55:29 [http-nio-8080-exec-8] DEBUG c.s.d.m.C.selectLnbSubList - <==      Total: 2
2025-01-10 07:55:29 [http-nio-8080-exec-6] DEBUG c.s.d.m.C.selectLnbSubList - <==      Total: 2
2025-01-10 07:55:29 [http-nio-8080-exec-1] DEBUG c.s.d.m.C.selectLnbSubList - <==      Total: 4
2025-01-10 07:55:29 [http-nio-8080-exec-8] DEBUG org.mybatis.spring.SqlSessionUtils - Closing non transactional SqlSession [org.apache.ibatis.session.defaults.DefaultSqlSession@74f22a5d]
2025-01-10 07:55:29 [http-nio-8080-exec-6] DEBUG org.mybatis.spring.SqlSessionUtils - Closing non transactional SqlSession [org.apache.ibatis.session.defaults.DefaultSqlSession@39dcb9fa]
2025-01-10 07:55:29 [http-nio-8080-exec-1] DEBUG org.mybatis.spring.SqlSessionUtils - Closing non transactional SqlSession [org.apache.ibatis.session.defaults.DefaultSqlSession@51c85b1b]
2025-01-10 07:55:51 [http-nio-8080-exec-2] WARN  o.t.s.p.AbstractStandardFragmentInsertionTagProcessor - [THYMELEAF][http-nio-8080-exec-2][common/layout/layout] Deprecated unwrapped fragment expression "common/fragments/header::header" found in template common/layout/layout, line 31, col 10. Please use the complete syntax of fragment expressions instead ("~{common/fragments/header::header}"). The old, unwrapped syntax for fragment expressions will be removed in future versions of Thymeleaf.
2025-01-10 07:55:51 [http-nio-8080-exec-2] WARN  o.t.s.p.AbstractStandardFragmentInsertionTagProcessor - [THYMELEAF][http-nio-8080-exec-2][common/layout/layout] Deprecated unwrapped fragment expression "common/fragments/footer::footer" found in template common/layout/layout, line 35, col 10. Please use the complete syntax of fragment expressions instead ("~{common/fragments/footer::footer}"). The old, unwrapped syntax for fragment expressions will be removed in future versions of Thymeleaf.
2025-01-10 07:55:51 [http-nio-8080-exec-2] DEBUG org.mybatis.spring.SqlSessionUtils - Creating a new SqlSession
2025-01-10 07:55:51 [http-nio-8080-exec-2] DEBUG org.mybatis.spring.SqlSessionUtils - SqlSession [org.apache.ibatis.session.defaults.DefaultSqlSession@7247a5c8] was not registered for synchronization because synchronization is not active
2025-01-10 07:55:51 [http-nio-8080-exec-2] DEBUG o.m.s.t.SpringManagedTransaction - JDBC Connection [HikariProxyConnection@1138003529 wrapping com.mysql.cj.jdbc.ConnectionImpl@55549275] will not be managed by Spring
2025-01-10 07:55:51 [http-nio-8080-exec-2] DEBUG c.s.d.m.CommonMapper.selectLnbList - ==>  Preparing: SELECT CT_LNB_IDX AS ctLnbIdx, CT_LNB_ID AS ctLnbId, CT_LNB_NAME AS ctLnbName, CT_LNB_SUB_YN AS ctLnbSubYn, CT_LNB_URL AS ctLnbUrl, CT_LNB_USE_YN AS ctLnbUseYn FROM CT_LNB WHERE CT_LNB_USE_YN = 'Y' ORDER BY CT_LNB_IDX
2025-01-10 07:55:51 [http-nio-8080-exec-2] DEBUG c.s.d.m.CommonMapper.selectLnbList - ==> Parameters: 
2025-01-10 07:55:51 [http-nio-8080-exec-2] DEBUG c.s.d.m.CommonMapper.selectLnbList - <==      Total: 4
2025-01-10 07:55:51 [http-nio-8080-exec-2] DEBUG org.mybatis.spring.SqlSessionUtils - Closing non transactional SqlSession [org.apache.ibatis.session.defaults.DefaultSqlSession@7247a5c8]
2025-01-10 07:55:51 [http-nio-8080-exec-3] DEBUG org.mybatis.spring.SqlSessionUtils - Creating a new SqlSession
2025-01-10 07:55:51 [http-nio-8080-exec-3] DEBUG org.mybatis.spring.SqlSessionUtils - SqlSession [org.apache.ibatis.session.defaults.DefaultSqlSession@25e61a64] was not registered for synchronization because synchronization is not active
2025-01-10 07:55:51 [http-nio-8080-exec-3] DEBUG o.m.s.t.SpringManagedTransaction - JDBC Connection [HikariProxyConnection@791389550 wrapping com.mysql.cj.jdbc.ConnectionImpl@55549275] will not be managed by Spring
2025-01-10 07:55:51 [http-nio-8080-exec-3] DEBUG c.s.d.m.CommonMapper.selectLnbList - ==>  Preparing: SELECT CT_LNB_IDX AS ctLnbIdx, CT_LNB_ID AS ctLnbId, CT_LNB_NAME AS ctLnbName, CT_LNB_SUB_YN AS ctLnbSubYn, CT_LNB_URL AS ctLnbUrl, CT_LNB_USE_YN AS ctLnbUseYn FROM CT_LNB WHERE CT_LNB_USE_YN = 'Y' ORDER BY CT_LNB_IDX
2025-01-10 07:55:51 [http-nio-8080-exec-3] DEBUG c.s.d.m.CommonMapper.selectLnbList - ==> Parameters: 
2025-01-10 07:55:51 [http-nio-8080-exec-3] DEBUG c.s.d.m.CommonMapper.selectLnbList - <==      Total: 4
2025-01-10 07:55:51 [http-nio-8080-exec-3] DEBUG org.mybatis.spring.SqlSessionUtils - Closing non transactional SqlSession [org.apache.ibatis.session.defaults.DefaultSqlSession@25e61a64]
2025-01-10 07:55:51 [http-nio-8080-exec-4] DEBUG org.mybatis.spring.SqlSessionUtils - Creating a new SqlSession
2025-01-10 07:55:51 [http-nio-8080-exec-9] DEBUG org.mybatis.spring.SqlSessionUtils - Creating a new SqlSession
2025-01-10 07:55:51 [http-nio-8080-exec-5] DEBUG org.mybatis.spring.SqlSessionUtils - Creating a new SqlSession
2025-01-10 07:55:51 [http-nio-8080-exec-4] DEBUG org.mybatis.spring.SqlSessionUtils - SqlSession [org.apache.ibatis.session.defaults.DefaultSqlSession@21b6bcc2] was not registered for synchronization because synchronization is not active
2025-01-10 07:55:51 [http-nio-8080-exec-9] DEBUG org.mybatis.spring.SqlSessionUtils - SqlSession [org.apache.ibatis.session.defaults.DefaultSqlSession@1d2d457] was not registered for synchronization because synchronization is not active
2025-01-10 07:55:51 [http-nio-8080-exec-5] DEBUG org.mybatis.spring.SqlSessionUtils - SqlSession [org.apache.ibatis.session.defaults.DefaultSqlSession@18bb4715] was not registered for synchronization because synchronization is not active
2025-01-10 07:55:51 [http-nio-8080-exec-5] DEBUG o.m.s.t.SpringManagedTransaction - JDBC Connection [HikariProxyConnection@48532550 wrapping com.mysql.cj.jdbc.ConnectionImpl@55549275] will not be managed by Spring
2025-01-10 07:55:51 [http-nio-8080-exec-5] DEBUG c.s.d.m.C.selectLnbSubList - ==>  Preparing: SELECT CT_LNB_SUB_IDX AS ctLnbSubIdx, CT_LNB_ID AS ctLnbId, CT_LNB_SUB_ID AS ctLnbSubId, CT_LNB_SUB_NAME AS ctLnbSubName, CT_LNB_SUB_URL AS ctLnbSubUrl FROM CT_LNB_SUB WHERE CT_LNB_ID = ? ORDER BY CT_LNB_SUB_IDX
2025-01-10 07:55:51 [http-nio-8080-exec-5] DEBUG c.s.d.m.C.selectLnbSubList - ==> Parameters: CT_LNB_CONTACT(String)
2025-01-10 07:55:51 [http-nio-8080-exec-4] DEBUG o.m.s.t.SpringManagedTransaction - JDBC Connection [HikariProxyConnection@172762759 wrapping com.mysql.cj.jdbc.ConnectionImpl@1b9113c5] will not be managed by Spring
2025-01-10 07:55:51 [http-nio-8080-exec-9] DEBUG o.m.s.t.SpringManagedTransaction - JDBC Connection [HikariProxyConnection@43784499 wrapping com.mysql.cj.jdbc.ConnectionImpl@5782fd26] will not be managed by Spring
2025-01-10 07:55:51 [http-nio-8080-exec-4] DEBUG c.s.d.m.C.selectLnbSubList - ==>  Preparing: SELECT CT_LNB_SUB_IDX AS ctLnbSubIdx, CT_LNB_ID AS ctLnbId, CT_LNB_SUB_ID AS ctLnbSubId, CT_LNB_SUB_NAME AS ctLnbSubName, CT_LNB_SUB_URL AS ctLnbSubUrl FROM CT_LNB_SUB WHERE CT_LNB_ID = ? ORDER BY CT_LNB_SUB_IDX
2025-01-10 07:55:51 [http-nio-8080-exec-9] DEBUG c.s.d.m.C.selectLnbSubList - ==>  Preparing: SELECT CT_LNB_SUB_IDX AS ctLnbSubIdx, CT_LNB_ID AS ctLnbId, CT_LNB_SUB_ID AS ctLnbSubId, CT_LNB_SUB_NAME AS ctLnbSubName, CT_LNB_SUB_URL AS ctLnbSubUrl FROM CT_LNB_SUB WHERE CT_LNB_ID = ? ORDER BY CT_LNB_SUB_IDX
2025-01-10 07:55:51 [http-nio-8080-exec-4] DEBUG c.s.d.m.C.selectLnbSubList - ==> Parameters: CT_LNB_INFORMATION(String)
2025-01-10 07:55:51 [http-nio-8080-exec-9] DEBUG c.s.d.m.C.selectLnbSubList - ==> Parameters: CT_LNB_SERVICE(String)
2025-01-10 07:55:51 [http-nio-8080-exec-4] DEBUG c.s.d.m.C.selectLnbSubList - <==      Total: 2
2025-01-10 07:55:51 [http-nio-8080-exec-9] DEBUG c.s.d.m.C.selectLnbSubList - <==      Total: 4
2025-01-10 07:55:51 [http-nio-8080-exec-5] DEBUG c.s.d.m.C.selectLnbSubList - <==      Total: 2
2025-01-10 07:55:51 [http-nio-8080-exec-4] DEBUG org.mybatis.spring.SqlSessionUtils - Closing non transactional SqlSession [org.apache.ibatis.session.defaults.DefaultSqlSession@21b6bcc2]
2025-01-10 07:55:51 [http-nio-8080-exec-5] DEBUG org.mybatis.spring.SqlSessionUtils - Closing non transactional SqlSession [org.apache.ibatis.session.defaults.DefaultSqlSession@18bb4715]
2025-01-10 07:55:51 [http-nio-8080-exec-9] DEBUG org.mybatis.spring.SqlSessionUtils - Closing non transactional SqlSession [org.apache.ibatis.session.defaults.DefaultSqlSession@1d2d457]
2025-01-10 07:55:51 [http-nio-8080-exec-7] DEBUG org.mybatis.spring.SqlSessionUtils - Creating a new SqlSession
2025-01-10 07:55:51 [http-nio-8080-exec-10] DEBUG org.mybatis.spring.SqlSessionUtils - Creating a new SqlSession
2025-01-10 07:55:51 [http-nio-8080-exec-1] DEBUG org.mybatis.spring.SqlSessionUtils - Creating a new SqlSession
2025-01-10 07:55:51 [http-nio-8080-exec-7] DEBUG org.mybatis.spring.SqlSessionUtils - SqlSession [org.apache.ibatis.session.defaults.DefaultSqlSession@643c1ea8] was not registered for synchronization because synchronization is not active
2025-01-10 07:55:51 [http-nio-8080-exec-10] DEBUG org.mybatis.spring.SqlSessionUtils - SqlSession [org.apache.ibatis.session.defaults.DefaultSqlSession@19deace9] was not registered for synchronization because synchronization is not active
2025-01-10 07:55:51 [http-nio-8080-exec-1] DEBUG org.mybatis.spring.SqlSessionUtils - SqlSession [org.apache.ibatis.session.defaults.DefaultSqlSession@3aca0b72] was not registered for synchronization because synchronization is not active
2025-01-10 07:55:51 [http-nio-8080-exec-7] DEBUG o.m.s.t.SpringManagedTransaction - JDBC Connection [HikariProxyConnection@174029312 wrapping com.mysql.cj.jdbc.ConnectionImpl@5782fd26] will not be managed by Spring
2025-01-10 07:55:51 [http-nio-8080-exec-1] DEBUG o.m.s.t.SpringManagedTransaction - JDBC Connection [HikariProxyConnection@560394245 wrapping com.mysql.cj.jdbc.ConnectionImpl@55549275] will not be managed by Spring
2025-01-10 07:55:51 [http-nio-8080-exec-10] DEBUG o.m.s.t.SpringManagedTransaction - JDBC Connection [HikariProxyConnection@1481472597 wrapping com.mysql.cj.jdbc.ConnectionImpl@1b9113c5] will not be managed by Spring
2025-01-10 07:55:51 [http-nio-8080-exec-7] DEBUG c.s.d.m.C.selectLnbSubList - ==>  Preparing: SELECT CT_LNB_SUB_IDX AS ctLnbSubIdx, CT_LNB_ID AS ctLnbId, CT_LNB_SUB_ID AS ctLnbSubId, CT_LNB_SUB_NAME AS ctLnbSubName, CT_LNB_SUB_URL AS ctLnbSubUrl FROM CT_LNB_SUB WHERE CT_LNB_ID = ? ORDER BY CT_LNB_SUB_IDX
2025-01-10 07:55:51 [http-nio-8080-exec-1] DEBUG c.s.d.m.C.selectLnbSubList - ==>  Preparing: SELECT CT_LNB_SUB_IDX AS ctLnbSubIdx, CT_LNB_ID AS ctLnbId, CT_LNB_SUB_ID AS ctLnbSubId, CT_LNB_SUB_NAME AS ctLnbSubName, CT_LNB_SUB_URL AS ctLnbSubUrl FROM CT_LNB_SUB WHERE CT_LNB_ID = ? ORDER BY CT_LNB_SUB_IDX
2025-01-10 07:55:51 [http-nio-8080-exec-10] DEBUG c.s.d.m.C.selectLnbSubList - ==>  Preparing: SELECT CT_LNB_SUB_IDX AS ctLnbSubIdx, CT_LNB_ID AS ctLnbId, CT_LNB_SUB_ID AS ctLnbSubId, CT_LNB_SUB_NAME AS ctLnbSubName, CT_LNB_SUB_URL AS ctLnbSubUrl FROM CT_LNB_SUB WHERE CT_LNB_ID = ? ORDER BY CT_LNB_SUB_IDX
2025-01-10 07:55:51 [http-nio-8080-exec-7] DEBUG c.s.d.m.C.selectLnbSubList - ==> Parameters: CT_LNB_INFORMATION(String)
2025-01-10 07:55:51 [http-nio-8080-exec-1] DEBUG c.s.d.m.C.selectLnbSubList - ==> Parameters: CT_LNB_CONTACT(String)
2025-01-10 07:55:51 [http-nio-8080-exec-10] DEBUG c.s.d.m.C.selectLnbSubList - ==> Parameters: CT_LNB_SERVICE(String)
2025-01-10 07:55:51 [http-nio-8080-exec-7] DEBUG c.s.d.m.C.selectLnbSubList - <==      Total: 2
2025-01-10 07:55:51 [http-nio-8080-exec-1] DEBUG c.s.d.m.C.selectLnbSubList - <==      Total: 2
2025-01-10 07:55:51 [http-nio-8080-exec-10] DEBUG c.s.d.m.C.selectLnbSubList - <==      Total: 4
2025-01-10 07:55:51 [http-nio-8080-exec-7] DEBUG org.mybatis.spring.SqlSessionUtils - Closing non transactional SqlSession [org.apache.ibatis.session.defaults.DefaultSqlSession@643c1ea8]
2025-01-10 07:55:51 [http-nio-8080-exec-1] DEBUG org.mybatis.spring.SqlSessionUtils - Closing non transactional SqlSession [org.apache.ibatis.session.defaults.DefaultSqlSession@3aca0b72]
2025-01-10 07:55:51 [http-nio-8080-exec-10] DEBUG org.mybatis.spring.SqlSessionUtils - Closing non transactional SqlSession [org.apache.ibatis.session.defaults.DefaultSqlSession@19deace9]
2025-01-10 07:57:59 [http-nio-8080-exec-5] WARN  o.t.s.p.AbstractStandardFragmentInsertionTagProcessor - [THYMELEAF][http-nio-8080-exec-5][common/layout/layout] Deprecated unwrapped fragment expression "common/fragments/header::header" found in template common/layout/layout, line 31, col 10. Please use the complete syntax of fragment expressions instead ("~{common/fragments/header::header}"). The old, unwrapped syntax for fragment expressions will be removed in future versions of Thymeleaf.
2025-01-10 07:57:59 [http-nio-8080-exec-5] WARN  o.t.s.p.AbstractStandardFragmentInsertionTagProcessor - [THYMELEAF][http-nio-8080-exec-5][common/layout/layout] Deprecated unwrapped fragment expression "common/fragments/footer::footer" found in template common/layout/layout, line 35, col 10. Please use the complete syntax of fragment expressions instead ("~{common/fragments/footer::footer}"). The old, unwrapped syntax for fragment expressions will be removed in future versions of Thymeleaf.
2025-01-10 07:57:59 [http-nio-8080-exec-5] DEBUG org.mybatis.spring.SqlSessionUtils - Creating a new SqlSession
2025-01-10 07:57:59 [http-nio-8080-exec-5] DEBUG org.mybatis.spring.SqlSessionUtils - SqlSession [org.apache.ibatis.session.defaults.DefaultSqlSession@7aa33916] was not registered for synchronization because synchronization is not active
2025-01-10 07:57:59 [http-nio-8080-exec-5] DEBUG o.m.s.t.SpringManagedTransaction - JDBC Connection [HikariProxyConnection@1094523170 wrapping com.mysql.cj.jdbc.ConnectionImpl@55549275] will not be managed by Spring
2025-01-10 07:57:59 [http-nio-8080-exec-5] DEBUG c.s.d.m.CommonMapper.selectLnbList - ==>  Preparing: SELECT CT_LNB_IDX AS ctLnbIdx, CT_LNB_ID AS ctLnbId, CT_LNB_NAME AS ctLnbName, CT_LNB_SUB_YN AS ctLnbSubYn, CT_LNB_URL AS ctLnbUrl, CT_LNB_USE_YN AS ctLnbUseYn FROM CT_LNB WHERE CT_LNB_USE_YN = 'Y' ORDER BY CT_LNB_IDX
2025-01-10 07:57:59 [http-nio-8080-exec-5] DEBUG c.s.d.m.CommonMapper.selectLnbList - ==> Parameters: 
2025-01-10 07:57:59 [http-nio-8080-exec-5] DEBUG c.s.d.m.CommonMapper.selectLnbList - <==      Total: 4
2025-01-10 07:57:59 [http-nio-8080-exec-5] DEBUG org.mybatis.spring.SqlSessionUtils - Closing non transactional SqlSession [org.apache.ibatis.session.defaults.DefaultSqlSession@7aa33916]
2025-01-10 07:57:59 [http-nio-8080-exec-7] DEBUG org.mybatis.spring.SqlSessionUtils - Creating a new SqlSession
2025-01-10 07:57:59 [http-nio-8080-exec-7] DEBUG org.mybatis.spring.SqlSessionUtils - SqlSession [org.apache.ibatis.session.defaults.DefaultSqlSession@75ef506e] was not registered for synchronization because synchronization is not active
2025-01-10 07:57:59 [http-nio-8080-exec-7] DEBUG o.m.s.t.SpringManagedTransaction - JDBC Connection [HikariProxyConnection@68266921 wrapping com.mysql.cj.jdbc.ConnectionImpl@5782fd26] will not be managed by Spring
2025-01-10 07:57:59 [http-nio-8080-exec-7] DEBUG c.s.d.m.CommonMapper.selectLnbList - ==>  Preparing: SELECT CT_LNB_IDX AS ctLnbIdx, CT_LNB_ID AS ctLnbId, CT_LNB_NAME AS ctLnbName, CT_LNB_SUB_YN AS ctLnbSubYn, CT_LNB_URL AS ctLnbUrl, CT_LNB_USE_YN AS ctLnbUseYn FROM CT_LNB WHERE CT_LNB_USE_YN = 'Y' ORDER BY CT_LNB_IDX
2025-01-10 07:57:59 [http-nio-8080-exec-7] DEBUG c.s.d.m.CommonMapper.selectLnbList - ==> Parameters: 
2025-01-10 07:57:59 [http-nio-8080-exec-7] DEBUG c.s.d.m.CommonMapper.selectLnbList - <==      Total: 4
2025-01-10 07:57:59 [http-nio-8080-exec-7] DEBUG org.mybatis.spring.SqlSessionUtils - Closing non transactional SqlSession [org.apache.ibatis.session.defaults.DefaultSqlSession@75ef506e]
2025-01-10 07:57:59 [http-nio-8080-exec-3] DEBUG org.mybatis.spring.SqlSessionUtils - Creating a new SqlSession
2025-01-10 07:57:59 [http-nio-8080-exec-10] DEBUG org.mybatis.spring.SqlSessionUtils - Creating a new SqlSession
2025-01-10 07:57:59 [http-nio-8080-exec-1] DEBUG org.mybatis.spring.SqlSessionUtils - Creating a new SqlSession
2025-01-10 07:57:59 [http-nio-8080-exec-3] DEBUG org.mybatis.spring.SqlSessionUtils - SqlSession [org.apache.ibatis.session.defaults.DefaultSqlSession@8399d39] was not registered for synchronization because synchronization is not active
2025-01-10 07:57:59 [http-nio-8080-exec-10] DEBUG org.mybatis.spring.SqlSessionUtils - SqlSession [org.apache.ibatis.session.defaults.DefaultSqlSession@4925585f] was not registered for synchronization because synchronization is not active
2025-01-10 07:57:59 [http-nio-8080-exec-1] DEBUG org.mybatis.spring.SqlSessionUtils - SqlSession [org.apache.ibatis.session.defaults.DefaultSqlSession@6b55a36e] was not registered for synchronization because synchronization is not active
2025-01-10 07:57:59 [http-nio-8080-exec-1] DEBUG o.m.s.t.SpringManagedTransaction - JDBC Connection [HikariProxyConnection@2107998425 wrapping com.mysql.cj.jdbc.ConnectionImpl@5782fd26] will not be managed by Spring
2025-01-10 07:57:59 [http-nio-8080-exec-3] DEBUG o.m.s.t.SpringManagedTransaction - JDBC Connection [HikariProxyConnection@2060147077 wrapping com.mysql.cj.jdbc.ConnectionImpl@55549275] will not be managed by Spring
2025-01-10 07:57:59 [http-nio-8080-exec-3] DEBUG c.s.d.m.C.selectLnbSubList - ==>  Preparing: SELECT CT_LNB_SUB_IDX AS ctLnbSubIdx, CT_LNB_ID AS ctLnbId, CT_LNB_SUB_ID AS ctLnbSubId, CT_LNB_SUB_NAME AS ctLnbSubName, CT_LNB_SUB_URL AS ctLnbSubUrl FROM CT_LNB_SUB WHERE CT_LNB_ID = ? ORDER BY CT_LNB_SUB_IDX
2025-01-10 07:57:59 [http-nio-8080-exec-1] DEBUG c.s.d.m.C.selectLnbSubList - ==>  Preparing: SELECT CT_LNB_SUB_IDX AS ctLnbSubIdx, CT_LNB_ID AS ctLnbId, CT_LNB_SUB_ID AS ctLnbSubId, CT_LNB_SUB_NAME AS ctLnbSubName, CT_LNB_SUB_URL AS ctLnbSubUrl FROM CT_LNB_SUB WHERE CT_LNB_ID = ? ORDER BY CT_LNB_SUB_IDX
2025-01-10 07:57:59 [http-nio-8080-exec-1] DEBUG c.s.d.m.C.selectLnbSubList - ==> Parameters: CT_LNB_INFORMATION(String)
2025-01-10 07:57:59 [http-nio-8080-exec-3] DEBUG c.s.d.m.C.selectLnbSubList - ==> Parameters: CT_LNB_CONTACT(String)
2025-01-10 07:57:59 [http-nio-8080-exec-10] DEBUG o.m.s.t.SpringManagedTransaction - JDBC Connection [HikariProxyConnection@2047413500 wrapping com.mysql.cj.jdbc.ConnectionImpl@1b9113c5] will not be managed by Spring
2025-01-10 07:57:59 [http-nio-8080-exec-10] DEBUG c.s.d.m.C.selectLnbSubList - ==>  Preparing: SELECT CT_LNB_SUB_IDX AS ctLnbSubIdx, CT_LNB_ID AS ctLnbId, CT_LNB_SUB_ID AS ctLnbSubId, CT_LNB_SUB_NAME AS ctLnbSubName, CT_LNB_SUB_URL AS ctLnbSubUrl FROM CT_LNB_SUB WHERE CT_LNB_ID = ? ORDER BY CT_LNB_SUB_IDX
2025-01-10 07:57:59 [http-nio-8080-exec-10] DEBUG c.s.d.m.C.selectLnbSubList - ==> Parameters: CT_LNB_SERVICE(String)
2025-01-10 07:57:59 [http-nio-8080-exec-1] DEBUG c.s.d.m.C.selectLnbSubList - <==      Total: 2
2025-01-10 07:57:59 [http-nio-8080-exec-3] DEBUG c.s.d.m.C.selectLnbSubList - <==      Total: 2
2025-01-10 07:57:59 [http-nio-8080-exec-10] DEBUG c.s.d.m.C.selectLnbSubList - <==      Total: 4
2025-01-10 07:57:59 [http-nio-8080-exec-1] DEBUG org.mybatis.spring.SqlSessionUtils - Closing non transactional SqlSession [org.apache.ibatis.session.defaults.DefaultSqlSession@6b55a36e]
2025-01-10 07:57:59 [http-nio-8080-exec-10] DEBUG org.mybatis.spring.SqlSessionUtils - Closing non transactional SqlSession [org.apache.ibatis.session.defaults.DefaultSqlSession@4925585f]
2025-01-10 07:57:59 [http-nio-8080-exec-3] DEBUG org.mybatis.spring.SqlSessionUtils - Closing non transactional SqlSession [org.apache.ibatis.session.defaults.DefaultSqlSession@8399d39]
2025-01-10 07:57:59 [http-nio-8080-exec-9] DEBUG org.mybatis.spring.SqlSessionUtils - Creating a new SqlSession
2025-01-10 07:57:59 [http-nio-8080-exec-6] DEBUG org.mybatis.spring.SqlSessionUtils - Creating a new SqlSession
2025-01-10 07:57:59 [http-nio-8080-exec-8] DEBUG org.mybatis.spring.SqlSessionUtils - Creating a new SqlSession
2025-01-10 07:57:59 [http-nio-8080-exec-9] DEBUG org.mybatis.spring.SqlSessionUtils - SqlSession [org.apache.ibatis.session.defaults.DefaultSqlSession@2e79a6e7] was not registered for synchronization because synchronization is not active
2025-01-10 07:57:59 [http-nio-8080-exec-6] DEBUG org.mybatis.spring.SqlSessionUtils - SqlSession [org.apache.ibatis.session.defaults.DefaultSqlSession@34311de] was not registered for synchronization because synchronization is not active
2025-01-10 07:57:59 [http-nio-8080-exec-8] DEBUG org.mybatis.spring.SqlSessionUtils - SqlSession [org.apache.ibatis.session.defaults.DefaultSqlSession@62bf80d] was not registered for synchronization because synchronization is not active
2025-01-10 07:57:59 [http-nio-8080-exec-9] DEBUG o.m.s.t.SpringManagedTransaction - JDBC Connection [HikariProxyConnection@1280206746 wrapping com.mysql.cj.jdbc.ConnectionImpl@55549275] will not be managed by Spring
2025-01-10 07:57:59 [http-nio-8080-exec-6] DEBUG o.m.s.t.SpringManagedTransaction - JDBC Connection [HikariProxyConnection@163052921 wrapping com.mysql.cj.jdbc.ConnectionImpl@5782fd26] will not be managed by Spring
2025-01-10 07:57:59 [http-nio-8080-exec-8] DEBUG o.m.s.t.SpringManagedTransaction - JDBC Connection [HikariProxyConnection@674720004 wrapping com.mysql.cj.jdbc.ConnectionImpl@1b9113c5] will not be managed by Spring
2025-01-10 07:57:59 [http-nio-8080-exec-9] DEBUG c.s.d.m.C.selectLnbSubList - ==>  Preparing: SELECT CT_LNB_SUB_IDX AS ctLnbSubIdx, CT_LNB_ID AS ctLnbId, CT_LNB_SUB_ID AS ctLnbSubId, CT_LNB_SUB_NAME AS ctLnbSubName, CT_LNB_SUB_URL AS ctLnbSubUrl FROM CT_LNB_SUB WHERE CT_LNB_ID = ? ORDER BY CT_LNB_SUB_IDX
2025-01-10 07:57:59 [http-nio-8080-exec-6] DEBUG c.s.d.m.C.selectLnbSubList - ==>  Preparing: SELECT CT_LNB_SUB_IDX AS ctLnbSubIdx, CT_LNB_ID AS ctLnbId, CT_LNB_SUB_ID AS ctLnbSubId, CT_LNB_SUB_NAME AS ctLnbSubName, CT_LNB_SUB_URL AS ctLnbSubUrl FROM CT_LNB_SUB WHERE CT_LNB_ID = ? ORDER BY CT_LNB_SUB_IDX
2025-01-10 07:57:59 [http-nio-8080-exec-8] DEBUG c.s.d.m.C.selectLnbSubList - ==>  Preparing: SELECT CT_LNB_SUB_IDX AS ctLnbSubIdx, CT_LNB_ID AS ctLnbId, CT_LNB_SUB_ID AS ctLnbSubId, CT_LNB_SUB_NAME AS ctLnbSubName, CT_LNB_SUB_URL AS ctLnbSubUrl FROM CT_LNB_SUB WHERE CT_LNB_ID = ? ORDER BY CT_LNB_SUB_IDX
2025-01-10 07:57:59 [http-nio-8080-exec-8] DEBUG c.s.d.m.C.selectLnbSubList - ==> Parameters: CT_LNB_CONTACT(String)
2025-01-10 07:57:59 [http-nio-8080-exec-6] DEBUG c.s.d.m.C.selectLnbSubList - ==> Parameters: CT_LNB_INFORMATION(String)
2025-01-10 07:57:59 [http-nio-8080-exec-9] DEBUG c.s.d.m.C.selectLnbSubList - ==> Parameters: CT_LNB_SERVICE(String)
2025-01-10 07:57:59 [http-nio-8080-exec-6] DEBUG c.s.d.m.C.selectLnbSubList - <==      Total: 2
2025-01-10 07:57:59 [http-nio-8080-exec-9] DEBUG c.s.d.m.C.selectLnbSubList - <==      Total: 4
2025-01-10 07:57:59 [http-nio-8080-exec-8] DEBUG c.s.d.m.C.selectLnbSubList - <==      Total: 2
2025-01-10 07:57:59 [http-nio-8080-exec-9] DEBUG org.mybatis.spring.SqlSessionUtils - Closing non transactional SqlSession [org.apache.ibatis.session.defaults.DefaultSqlSession@2e79a6e7]
2025-01-10 07:57:59 [http-nio-8080-exec-6] DEBUG org.mybatis.spring.SqlSessionUtils - Closing non transactional SqlSession [org.apache.ibatis.session.defaults.DefaultSqlSession@34311de]
2025-01-10 07:57:59 [http-nio-8080-exec-8] DEBUG org.mybatis.spring.SqlSessionUtils - Closing non transactional SqlSession [org.apache.ibatis.session.defaults.DefaultSqlSession@62bf80d]
2025-01-10 07:58:45 [http-nio-8080-exec-2] WARN  o.t.s.p.AbstractStandardFragmentInsertionTagProcessor - [THYMELEAF][http-nio-8080-exec-2][common/layout/layout] Deprecated unwrapped fragment expression "common/fragments/header::header" found in template common/layout/layout, line 31, col 10. Please use the complete syntax of fragment expressions instead ("~{common/fragments/header::header}"). The old, unwrapped syntax for fragment expressions will be removed in future versions of Thymeleaf.
2025-01-10 07:58:45 [http-nio-8080-exec-2] WARN  o.t.s.p.AbstractStandardFragmentInsertionTagProcessor - [THYMELEAF][http-nio-8080-exec-2][common/layout/layout] Deprecated unwrapped fragment expression "common/fragments/footer::footer" found in template common/layout/layout, line 35, col 10. Please use the complete syntax of fragment expressions instead ("~{common/fragments/footer::footer}"). The old, unwrapped syntax for fragment expressions will be removed in future versions of Thymeleaf.
2025-01-10 07:58:45 [http-nio-8080-exec-2] DEBUG org.mybatis.spring.SqlSessionUtils - Creating a new SqlSession
2025-01-10 07:58:45 [http-nio-8080-exec-2] DEBUG org.mybatis.spring.SqlSessionUtils - SqlSession [org.apache.ibatis.session.defaults.DefaultSqlSession@159c3377] was not registered for synchronization because synchronization is not active
2025-01-10 07:58:45 [http-nio-8080-exec-2] DEBUG o.m.s.t.SpringManagedTransaction - JDBC Connection [HikariProxyConnection@1248796662 wrapping com.mysql.cj.jdbc.ConnectionImpl@55549275] will not be managed by Spring
2025-01-10 07:58:45 [http-nio-8080-exec-2] DEBUG c.s.d.m.CommonMapper.selectLnbList - ==>  Preparing: SELECT CT_LNB_IDX AS ctLnbIdx, CT_LNB_ID AS ctLnbId, CT_LNB_NAME AS ctLnbName, CT_LNB_SUB_YN AS ctLnbSubYn, CT_LNB_URL AS ctLnbUrl, CT_LNB_USE_YN AS ctLnbUseYn FROM CT_LNB WHERE CT_LNB_USE_YN = 'Y' ORDER BY CT_LNB_IDX
2025-01-10 07:58:45 [http-nio-8080-exec-2] DEBUG c.s.d.m.CommonMapper.selectLnbList - ==> Parameters: 
2025-01-10 07:58:45 [http-nio-8080-exec-2] DEBUG c.s.d.m.CommonMapper.selectLnbList - <==      Total: 4
2025-01-10 07:58:45 [http-nio-8080-exec-2] DEBUG org.mybatis.spring.SqlSessionUtils - Closing non transactional SqlSession [org.apache.ibatis.session.defaults.DefaultSqlSession@159c3377]
2025-01-10 07:58:45 [http-nio-8080-exec-4] DEBUG org.mybatis.spring.SqlSessionUtils - Creating a new SqlSession
2025-01-10 07:58:45 [http-nio-8080-exec-4] DEBUG org.mybatis.spring.SqlSessionUtils - SqlSession [org.apache.ibatis.session.defaults.DefaultSqlSession@42fd7d0b] was not registered for synchronization because synchronization is not active
2025-01-10 07:58:45 [http-nio-8080-exec-4] DEBUG o.m.s.t.SpringManagedTransaction - JDBC Connection [HikariProxyConnection@1165932519 wrapping com.mysql.cj.jdbc.ConnectionImpl@1b9113c5] will not be managed by Spring
2025-01-10 07:58:45 [http-nio-8080-exec-4] DEBUG c.s.d.m.CommonMapper.selectLnbList - ==>  Preparing: SELECT CT_LNB_IDX AS ctLnbIdx, CT_LNB_ID AS ctLnbId, CT_LNB_NAME AS ctLnbName, CT_LNB_SUB_YN AS ctLnbSubYn, CT_LNB_URL AS ctLnbUrl, CT_LNB_USE_YN AS ctLnbUseYn FROM CT_LNB WHERE CT_LNB_USE_YN = 'Y' ORDER BY CT_LNB_IDX
2025-01-10 07:58:45 [http-nio-8080-exec-4] DEBUG c.s.d.m.CommonMapper.selectLnbList - ==> Parameters: 
2025-01-10 07:58:45 [http-nio-8080-exec-4] DEBUG c.s.d.m.CommonMapper.selectLnbList - <==      Total: 4
2025-01-10 07:58:45 [http-nio-8080-exec-4] DEBUG org.mybatis.spring.SqlSessionUtils - Closing non transactional SqlSession [org.apache.ibatis.session.defaults.DefaultSqlSession@42fd7d0b]
2025-01-10 07:58:45 [http-nio-8080-exec-5] DEBUG org.mybatis.spring.SqlSessionUtils - Creating a new SqlSession
2025-01-10 07:58:45 [http-nio-8080-exec-5] DEBUG org.mybatis.spring.SqlSessionUtils - SqlSession [org.apache.ibatis.session.defaults.DefaultSqlSession@6eb81cc7] was not registered for synchronization because synchronization is not active
2025-01-10 07:58:45 [http-nio-8080-exec-5] DEBUG o.m.s.t.SpringManagedTransaction - JDBC Connection [HikariProxyConnection@1206250555 wrapping com.mysql.cj.jdbc.ConnectionImpl@55549275] will not be managed by Spring
2025-01-10 07:58:45 [http-nio-8080-exec-5] DEBUG c.s.d.m.C.selectLnbSubList - ==>  Preparing: SELECT CT_LNB_SUB_IDX AS ctLnbSubIdx, CT_LNB_ID AS ctLnbId, CT_LNB_SUB_ID AS ctLnbSubId, CT_LNB_SUB_NAME AS ctLnbSubName, CT_LNB_SUB_URL AS ctLnbSubUrl FROM CT_LNB_SUB WHERE CT_LNB_ID = ? ORDER BY CT_LNB_SUB_IDX
2025-01-10 07:58:45 [http-nio-8080-exec-5] DEBUG c.s.d.m.C.selectLnbSubList - ==> Parameters: CT_LNB_INFORMATION(String)
2025-01-10 07:58:45 [http-nio-8080-exec-5] DEBUG c.s.d.m.C.selectLnbSubList - <==      Total: 2
2025-01-10 07:58:45 [http-nio-8080-exec-5] DEBUG org.mybatis.spring.SqlSessionUtils - Closing non transactional SqlSession [org.apache.ibatis.session.defaults.DefaultSqlSession@6eb81cc7]
2025-01-10 07:58:45 [http-nio-8080-exec-7] DEBUG org.mybatis.spring.SqlSessionUtils - Creating a new SqlSession
2025-01-10 07:58:45 [http-nio-8080-exec-1] DEBUG org.mybatis.spring.SqlSessionUtils - Creating a new SqlSession
2025-01-10 07:58:45 [http-nio-8080-exec-7] DEBUG org.mybatis.spring.SqlSessionUtils - SqlSession [org.apache.ibatis.session.defaults.DefaultSqlSession@71e39ea7] was not registered for synchronization because synchronization is not active
2025-01-10 07:58:45 [http-nio-8080-exec-1] DEBUG org.mybatis.spring.SqlSessionUtils - SqlSession [org.apache.ibatis.session.defaults.DefaultSqlSession@4b6dcaef] was not registered for synchronization because synchronization is not active
2025-01-10 07:58:45 [http-nio-8080-exec-1] DEBUG o.m.s.t.SpringManagedTransaction - JDBC Connection [HikariProxyConnection@438249491 wrapping com.mysql.cj.jdbc.ConnectionImpl@55549275] will not be managed by Spring
2025-01-10 07:58:45 [http-nio-8080-exec-1] DEBUG c.s.d.m.C.selectLnbSubList - ==>  Preparing: SELECT CT_LNB_SUB_IDX AS ctLnbSubIdx, CT_LNB_ID AS ctLnbId, CT_LNB_SUB_ID AS ctLnbSubId, CT_LNB_SUB_NAME AS ctLnbSubName, CT_LNB_SUB_URL AS ctLnbSubUrl FROM CT_LNB_SUB WHERE CT_LNB_ID = ? ORDER BY CT_LNB_SUB_IDX
2025-01-10 07:58:45 [http-nio-8080-exec-1] DEBUG c.s.d.m.C.selectLnbSubList - ==> Parameters: CT_LNB_CONTACT(String)
2025-01-10 07:58:45 [http-nio-8080-exec-7] DEBUG o.m.s.t.SpringManagedTransaction - JDBC Connection [HikariProxyConnection@2015768529 wrapping com.mysql.cj.jdbc.ConnectionImpl@5782fd26] will not be managed by Spring
2025-01-10 07:58:45 [http-nio-8080-exec-7] DEBUG c.s.d.m.C.selectLnbSubList - ==>  Preparing: SELECT CT_LNB_SUB_IDX AS ctLnbSubIdx, CT_LNB_ID AS ctLnbId, CT_LNB_SUB_ID AS ctLnbSubId, CT_LNB_SUB_NAME AS ctLnbSubName, CT_LNB_SUB_URL AS ctLnbSubUrl FROM CT_LNB_SUB WHERE CT_LNB_ID = ? ORDER BY CT_LNB_SUB_IDX
2025-01-10 07:58:45 [http-nio-8080-exec-7] DEBUG c.s.d.m.C.selectLnbSubList - ==> Parameters: CT_LNB_SERVICE(String)
2025-01-10 07:58:45 [http-nio-8080-exec-1] DEBUG c.s.d.m.C.selectLnbSubList - <==      Total: 2
2025-01-10 07:58:45 [http-nio-8080-exec-1] DEBUG org.mybatis.spring.SqlSessionUtils - Closing non transactional SqlSession [org.apache.ibatis.session.defaults.DefaultSqlSession@4b6dcaef]
2025-01-10 07:58:45 [http-nio-8080-exec-7] DEBUG c.s.d.m.C.selectLnbSubList - <==      Total: 4
2025-01-10 07:58:45 [http-nio-8080-exec-7] DEBUG org.mybatis.spring.SqlSessionUtils - Closing non transactional SqlSession [org.apache.ibatis.session.defaults.DefaultSqlSession@71e39ea7]
2025-01-10 07:58:45 [http-nio-8080-exec-10] DEBUG org.mybatis.spring.SqlSessionUtils - Creating a new SqlSession
2025-01-10 07:58:45 [http-nio-8080-exec-10] DEBUG org.mybatis.spring.SqlSessionUtils - SqlSession [org.apache.ibatis.session.defaults.DefaultSqlSession@5f32de74] was not registered for synchronization because synchronization is not active
2025-01-10 07:58:45 [http-nio-8080-exec-10] DEBUG o.m.s.t.SpringManagedTransaction - JDBC Connection [HikariProxyConnection@1835943810 wrapping com.mysql.cj.jdbc.ConnectionImpl@1b9113c5] will not be managed by Spring
2025-01-10 07:58:45 [http-nio-8080-exec-10] DEBUG c.s.d.m.C.selectLnbSubList - ==>  Preparing: SELECT CT_LNB_SUB_IDX AS ctLnbSubIdx, CT_LNB_ID AS ctLnbId, CT_LNB_SUB_ID AS ctLnbSubId, CT_LNB_SUB_NAME AS ctLnbSubName, CT_LNB_SUB_URL AS ctLnbSubUrl FROM CT_LNB_SUB WHERE CT_LNB_ID = ? ORDER BY CT_LNB_SUB_IDX
2025-01-10 07:58:45 [http-nio-8080-exec-10] DEBUG c.s.d.m.C.selectLnbSubList - ==> Parameters: CT_LNB_INFORMATION(String)
2025-01-10 07:58:45 [http-nio-8080-exec-10] DEBUG c.s.d.m.C.selectLnbSubList - <==      Total: 2
2025-01-10 07:58:45 [http-nio-8080-exec-3] DEBUG org.mybatis.spring.SqlSessionUtils - Creating a new SqlSession
2025-01-10 07:58:45 [http-nio-8080-exec-10] DEBUG org.mybatis.spring.SqlSessionUtils - Closing non transactional SqlSession [org.apache.ibatis.session.defaults.DefaultSqlSession@5f32de74]
2025-01-10 07:58:45 [http-nio-8080-exec-3] DEBUG org.mybatis.spring.SqlSessionUtils - SqlSession [org.apache.ibatis.session.defaults.DefaultSqlSession@2ba5cc99] was not registered for synchronization because synchronization is not active
2025-01-10 07:58:45 [http-nio-8080-exec-3] DEBUG o.m.s.t.SpringManagedTransaction - JDBC Connection [HikariProxyConnection@193117977 wrapping com.mysql.cj.jdbc.ConnectionImpl@55549275] will not be managed by Spring
2025-01-10 07:58:45 [http-nio-8080-exec-3] DEBUG c.s.d.m.C.selectLnbSubList - ==>  Preparing: SELECT CT_LNB_SUB_IDX AS ctLnbSubIdx, CT_LNB_ID AS ctLnbId, CT_LNB_SUB_ID AS ctLnbSubId, CT_LNB_SUB_NAME AS ctLnbSubName, CT_LNB_SUB_URL AS ctLnbSubUrl FROM CT_LNB_SUB WHERE CT_LNB_ID = ? ORDER BY CT_LNB_SUB_IDX
2025-01-10 07:58:45 [http-nio-8080-exec-9] DEBUG org.mybatis.spring.SqlSessionUtils - Creating a new SqlSession
2025-01-10 07:58:45 [http-nio-8080-exec-9] DEBUG org.mybatis.spring.SqlSessionUtils - SqlSession [org.apache.ibatis.session.defaults.DefaultSqlSession@7c0212af] was not registered for synchronization because synchronization is not active
2025-01-10 07:58:45 [http-nio-8080-exec-9] DEBUG o.m.s.t.SpringManagedTransaction - JDBC Connection [HikariProxyConnection@1137694722 wrapping com.mysql.cj.jdbc.ConnectionImpl@5782fd26] will not be managed by Spring
2025-01-10 07:58:45 [http-nio-8080-exec-9] DEBUG c.s.d.m.C.selectLnbSubList - ==>  Preparing: SELECT CT_LNB_SUB_IDX AS ctLnbSubIdx, CT_LNB_ID AS ctLnbId, CT_LNB_SUB_ID AS ctLnbSubId, CT_LNB_SUB_NAME AS ctLnbSubName, CT_LNB_SUB_URL AS ctLnbSubUrl FROM CT_LNB_SUB WHERE CT_LNB_ID = ? ORDER BY CT_LNB_SUB_IDX
2025-01-10 07:58:45 [http-nio-8080-exec-3] DEBUG c.s.d.m.C.selectLnbSubList - ==> Parameters: CT_LNB_CONTACT(String)
2025-01-10 07:58:45 [http-nio-8080-exec-9] DEBUG c.s.d.m.C.selectLnbSubList - ==> Parameters: CT_LNB_SERVICE(String)
2025-01-10 07:58:45 [http-nio-8080-exec-9] DEBUG c.s.d.m.C.selectLnbSubList - <==      Total: 4
2025-01-10 07:58:45 [http-nio-8080-exec-3] DEBUG c.s.d.m.C.selectLnbSubList - <==      Total: 2
2025-01-10 07:58:45 [http-nio-8080-exec-9] DEBUG org.mybatis.spring.SqlSessionUtils - Closing non transactional SqlSession [org.apache.ibatis.session.defaults.DefaultSqlSession@7c0212af]
2025-01-10 07:58:45 [http-nio-8080-exec-3] DEBUG org.mybatis.spring.SqlSessionUtils - Closing non transactional SqlSession [org.apache.ibatis.session.defaults.DefaultSqlSession@2ba5cc99]
2025-01-10 08:27:10 [http-nio-8080-exec-7] WARN  o.t.s.p.AbstractStandardFragmentInsertionTagProcessor - [THYMELEAF][http-nio-8080-exec-7][common/layout/layout] Deprecated unwrapped fragment expression "common/fragments/header::header" found in template common/layout/layout, line 31, col 10. Please use the complete syntax of fragment expressions instead ("~{common/fragments/header::header}"). The old, unwrapped syntax for fragment expressions will be removed in future versions of Thymeleaf.
2025-01-10 08:27:10 [http-nio-8080-exec-7] WARN  o.t.s.p.AbstractStandardFragmentInsertionTagProcessor - [THYMELEAF][http-nio-8080-exec-7][common/layout/layout] Deprecated unwrapped fragment expression "common/fragments/footer::footer" found in template common/layout/layout, line 35, col 10. Please use the complete syntax of fragment expressions instead ("~{common/fragments/footer::footer}"). The old, unwrapped syntax for fragment expressions will be removed in future versions of Thymeleaf.
2025-01-10 08:27:10 [http-nio-8080-exec-7] DEBUG org.mybatis.spring.SqlSessionUtils - Creating a new SqlSession
2025-01-10 08:27:10 [http-nio-8080-exec-7] DEBUG org.mybatis.spring.SqlSessionUtils - SqlSession [org.apache.ibatis.session.defaults.DefaultSqlSession@54111b4c] was not registered for synchronization because synchronization is not active
2025-01-10 08:27:10 [http-nio-8080-exec-7] DEBUG o.m.s.t.SpringManagedTransaction - JDBC Connection [HikariProxyConnection@1215469778 wrapping com.mysql.cj.jdbc.ConnectionImpl@15b510f0] will not be managed by Spring
2025-01-10 08:27:10 [http-nio-8080-exec-7] DEBUG c.s.d.m.CommonMapper.selectLnbList - ==>  Preparing: SELECT CT_LNB_IDX AS ctLnbIdx, CT_LNB_ID AS ctLnbId, CT_LNB_NAME AS ctLnbName, CT_LNB_SUB_YN AS ctLnbSubYn, CT_LNB_URL AS ctLnbUrl, CT_LNB_USE_YN AS ctLnbUseYn FROM CT_LNB WHERE CT_LNB_USE_YN = 'Y' ORDER BY CT_LNB_IDX
2025-01-10 08:27:10 [http-nio-8080-exec-7] DEBUG c.s.d.m.CommonMapper.selectLnbList - ==> Parameters: 
2025-01-10 08:27:10 [http-nio-8080-exec-7] DEBUG c.s.d.m.CommonMapper.selectLnbList - <==      Total: 4
2025-01-10 08:27:10 [http-nio-8080-exec-7] DEBUG org.mybatis.spring.SqlSessionUtils - Closing non transactional SqlSession [org.apache.ibatis.session.defaults.DefaultSqlSession@54111b4c]
2025-01-10 08:27:10 [http-nio-8080-exec-10] DEBUG org.mybatis.spring.SqlSessionUtils - Creating a new SqlSession
2025-01-10 08:27:10 [http-nio-8080-exec-10] DEBUG org.mybatis.spring.SqlSessionUtils - SqlSession [org.apache.ibatis.session.defaults.DefaultSqlSession@5524ca81] was not registered for synchronization because synchronization is not active
2025-01-10 08:27:10 [http-nio-8080-exec-10] DEBUG o.m.s.t.SpringManagedTransaction - JDBC Connection [HikariProxyConnection@1256838640 wrapping com.mysql.cj.jdbc.ConnectionImpl@15b510f0] will not be managed by Spring
2025-01-10 08:27:10 [http-nio-8080-exec-10] DEBUG c.s.d.m.CommonMapper.selectLnbList - ==>  Preparing: SELECT CT_LNB_IDX AS ctLnbIdx, CT_LNB_ID AS ctLnbId, CT_LNB_NAME AS ctLnbName, CT_LNB_SUB_YN AS ctLnbSubYn, CT_LNB_URL AS ctLnbUrl, CT_LNB_USE_YN AS ctLnbUseYn FROM CT_LNB WHERE CT_LNB_USE_YN = 'Y' ORDER BY CT_LNB_IDX
2025-01-10 08:27:10 [http-nio-8080-exec-10] DEBUG c.s.d.m.CommonMapper.selectLnbList - ==> Parameters: 
2025-01-10 08:27:10 [http-nio-8080-exec-10] DEBUG c.s.d.m.CommonMapper.selectLnbList - <==      Total: 4
2025-01-10 08:27:10 [http-nio-8080-exec-10] DEBUG org.mybatis.spring.SqlSessionUtils - Closing non transactional SqlSession [org.apache.ibatis.session.defaults.DefaultSqlSession@5524ca81]
2025-01-10 08:27:10 [http-nio-8080-exec-3] DEBUG org.mybatis.spring.SqlSessionUtils - Creating a new SqlSession
2025-01-10 08:27:10 [http-nio-8080-exec-3] DEBUG org.mybatis.spring.SqlSessionUtils - SqlSession [org.apache.ibatis.session.defaults.DefaultSqlSession@6ae94508] was not registered for synchronization because synchronization is not active
2025-01-10 08:27:10 [http-nio-8080-exec-3] DEBUG o.m.s.t.SpringManagedTransaction - JDBC Connection [HikariProxyConnection@1955415355 wrapping com.mysql.cj.jdbc.ConnectionImpl@15b510f0] will not be managed by Spring
2025-01-10 08:27:10 [http-nio-8080-exec-3] DEBUG c.s.d.m.C.selectLnbSubList - ==>  Preparing: SELECT CT_LNB_SUB_IDX AS ctLnbSubIdx, CT_LNB_ID AS ctLnbId, CT_LNB_SUB_ID AS ctLnbSubId, CT_LNB_SUB_NAME AS ctLnbSubName, CT_LNB_SUB_URL AS ctLnbSubUrl FROM CT_LNB_SUB WHERE CT_LNB_ID = ? ORDER BY CT_LNB_SUB_IDX
2025-01-10 08:27:10 [http-nio-8080-exec-3] DEBUG c.s.d.m.C.selectLnbSubList - ==> Parameters: CT_LNB_INFORMATION(String)
2025-01-10 08:27:10 [http-nio-8080-exec-3] DEBUG c.s.d.m.C.selectLnbSubList - <==      Total: 2
2025-01-10 08:27:10 [http-nio-8080-exec-3] DEBUG org.mybatis.spring.SqlSessionUtils - Closing non transactional SqlSession [org.apache.ibatis.session.defaults.DefaultSqlSession@6ae94508]
2025-01-10 08:27:10 [http-nio-8080-exec-9] DEBUG org.mybatis.spring.SqlSessionUtils - Creating a new SqlSession
2025-01-10 08:27:10 [http-nio-8080-exec-8] DEBUG org.mybatis.spring.SqlSessionUtils - Creating a new SqlSession
2025-01-10 08:27:10 [http-nio-8080-exec-8] DEBUG org.mybatis.spring.SqlSessionUtils - SqlSession [org.apache.ibatis.session.defaults.DefaultSqlSession@2c5191ca] was not registered for synchronization because synchronization is not active
2025-01-10 08:27:10 [http-nio-8080-exec-9] DEBUG org.mybatis.spring.SqlSessionUtils - SqlSession [org.apache.ibatis.session.defaults.DefaultSqlSession@ada1430] was not registered for synchronization because synchronization is not active
2025-01-10 08:27:10 [http-nio-8080-exec-8] DEBUG o.m.s.t.SpringManagedTransaction - JDBC Connection [HikariProxyConnection@1681534314 wrapping com.mysql.cj.jdbc.ConnectionImpl@15b510f0] will not be managed by Spring
2025-01-10 08:27:10 [http-nio-8080-exec-8] DEBUG c.s.d.m.C.selectLnbSubList - ==>  Preparing: SELECT CT_LNB_SUB_IDX AS ctLnbSubIdx, CT_LNB_ID AS ctLnbId, CT_LNB_SUB_ID AS ctLnbSubId, CT_LNB_SUB_NAME AS ctLnbSubName, CT_LNB_SUB_URL AS ctLnbSubUrl FROM CT_LNB_SUB WHERE CT_LNB_ID = ? ORDER BY CT_LNB_SUB_IDX
2025-01-10 08:27:10 [http-nio-8080-exec-8] DEBUG c.s.d.m.C.selectLnbSubList - ==> Parameters: CT_LNB_CONTACT(String)
2025-01-10 08:27:10 [http-nio-8080-exec-9] DEBUG o.m.s.t.SpringManagedTransaction - JDBC Connection [HikariProxyConnection@929616545 wrapping com.mysql.cj.jdbc.ConnectionImpl@4e855d9] will not be managed by Spring
2025-01-10 08:27:10 [http-nio-8080-exec-9] DEBUG c.s.d.m.C.selectLnbSubList - ==>  Preparing: SELECT CT_LNB_SUB_IDX AS ctLnbSubIdx, CT_LNB_ID AS ctLnbId, CT_LNB_SUB_ID AS ctLnbSubId, CT_LNB_SUB_NAME AS ctLnbSubName, CT_LNB_SUB_URL AS ctLnbSubUrl FROM CT_LNB_SUB WHERE CT_LNB_ID = ? ORDER BY CT_LNB_SUB_IDX
2025-01-10 08:27:10 [http-nio-8080-exec-9] DEBUG c.s.d.m.C.selectLnbSubList - ==> Parameters: CT_LNB_SERVICE(String)
2025-01-10 08:27:10 [http-nio-8080-exec-8] DEBUG c.s.d.m.C.selectLnbSubList - <==      Total: 2
2025-01-10 08:27:10 [http-nio-8080-exec-2] DEBUG org.mybatis.spring.SqlSessionUtils - Creating a new SqlSession
2025-01-10 08:27:10 [http-nio-8080-exec-9] DEBUG c.s.d.m.C.selectLnbSubList - <==      Total: 4
2025-01-10 08:27:10 [http-nio-8080-exec-2] DEBUG org.mybatis.spring.SqlSessionUtils - SqlSession [org.apache.ibatis.session.defaults.DefaultSqlSession@52ba81e4] was not registered for synchronization because synchronization is not active
2025-01-10 08:27:10 [http-nio-8080-exec-8] DEBUG org.mybatis.spring.SqlSessionUtils - Closing non transactional SqlSession [org.apache.ibatis.session.defaults.DefaultSqlSession@2c5191ca]
2025-01-10 08:27:10 [http-nio-8080-exec-9] DEBUG org.mybatis.spring.SqlSessionUtils - Closing non transactional SqlSession [org.apache.ibatis.session.defaults.DefaultSqlSession@ada1430]
2025-01-10 08:27:10 [http-nio-8080-exec-2] DEBUG o.m.s.t.SpringManagedTransaction - JDBC Connection [HikariProxyConnection@1612231914 wrapping com.mysql.cj.jdbc.ConnectionImpl@15b510f0] will not be managed by Spring
2025-01-10 08:27:10 [http-nio-8080-exec-2] DEBUG c.s.d.m.C.selectLnbSubList - ==>  Preparing: SELECT CT_LNB_SUB_IDX AS ctLnbSubIdx, CT_LNB_ID AS ctLnbId, CT_LNB_SUB_ID AS ctLnbSubId, CT_LNB_SUB_NAME AS ctLnbSubName, CT_LNB_SUB_URL AS ctLnbSubUrl FROM CT_LNB_SUB WHERE CT_LNB_ID = ? ORDER BY CT_LNB_SUB_IDX
2025-01-10 08:27:10 [http-nio-8080-exec-2] DEBUG c.s.d.m.C.selectLnbSubList - ==> Parameters: CT_LNB_INFORMATION(String)
2025-01-10 08:27:10 [http-nio-8080-exec-2] DEBUG c.s.d.m.C.selectLnbSubList - <==      Total: 2
2025-01-10 08:27:10 [http-nio-8080-exec-2] DEBUG org.mybatis.spring.SqlSessionUtils - Closing non transactional SqlSession [org.apache.ibatis.session.defaults.DefaultSqlSession@52ba81e4]
2025-01-10 08:27:10 [http-nio-8080-exec-5] DEBUG org.mybatis.spring.SqlSessionUtils - Creating a new SqlSession
2025-01-10 08:27:10 [http-nio-8080-exec-6] DEBUG org.mybatis.spring.SqlSessionUtils - Creating a new SqlSession
2025-01-10 08:27:10 [http-nio-8080-exec-5] DEBUG org.mybatis.spring.SqlSessionUtils - SqlSession [org.apache.ibatis.session.defaults.DefaultSqlSession@6743df19] was not registered for synchronization because synchronization is not active
2025-01-10 08:27:10 [http-nio-8080-exec-6] DEBUG org.mybatis.spring.SqlSessionUtils - SqlSession [org.apache.ibatis.session.defaults.DefaultSqlSession@3acdd1a] was not registered for synchronization because synchronization is not active
2025-01-10 08:27:10 [http-nio-8080-exec-5] DEBUG o.m.s.t.SpringManagedTransaction - JDBC Connection [HikariProxyConnection@254764030 wrapping com.mysql.cj.jdbc.ConnectionImpl@15b510f0] will not be managed by Spring
2025-01-10 08:27:10 [http-nio-8080-exec-6] DEBUG o.m.s.t.SpringManagedTransaction - JDBC Connection [HikariProxyConnection@860113459 wrapping com.mysql.cj.jdbc.ConnectionImpl@4e855d9] will not be managed by Spring
2025-01-10 08:27:10 [http-nio-8080-exec-5] DEBUG c.s.d.m.C.selectLnbSubList - ==>  Preparing: SELECT CT_LNB_SUB_IDX AS ctLnbSubIdx, CT_LNB_ID AS ctLnbId, CT_LNB_SUB_ID AS ctLnbSubId, CT_LNB_SUB_NAME AS ctLnbSubName, CT_LNB_SUB_URL AS ctLnbSubUrl FROM CT_LNB_SUB WHERE CT_LNB_ID = ? ORDER BY CT_LNB_SUB_IDX
2025-01-10 08:27:10 [http-nio-8080-exec-6] DEBUG c.s.d.m.C.selectLnbSubList - ==>  Preparing: SELECT CT_LNB_SUB_IDX AS ctLnbSubIdx, CT_LNB_ID AS ctLnbId, CT_LNB_SUB_ID AS ctLnbSubId, CT_LNB_SUB_NAME AS ctLnbSubName, CT_LNB_SUB_URL AS ctLnbSubUrl FROM CT_LNB_SUB WHERE CT_LNB_ID = ? ORDER BY CT_LNB_SUB_IDX
2025-01-10 08:27:10 [http-nio-8080-exec-5] DEBUG c.s.d.m.C.selectLnbSubList - ==> Parameters: CT_LNB_SERVICE(String)
2025-01-10 08:27:10 [http-nio-8080-exec-6] DEBUG c.s.d.m.C.selectLnbSubList - ==> Parameters: CT_LNB_CONTACT(String)
2025-01-10 08:27:10 [http-nio-8080-exec-6] DEBUG c.s.d.m.C.selectLnbSubList - <==      Total: 2
2025-01-10 08:27:10 [http-nio-8080-exec-5] DEBUG c.s.d.m.C.selectLnbSubList - <==      Total: 4
2025-01-10 08:27:10 [http-nio-8080-exec-5] DEBUG org.mybatis.spring.SqlSessionUtils - Closing non transactional SqlSession [org.apache.ibatis.session.defaults.DefaultSqlSession@6743df19]
2025-01-10 08:27:10 [http-nio-8080-exec-6] DEBUG org.mybatis.spring.SqlSessionUtils - Closing non transactional SqlSession [org.apache.ibatis.session.defaults.DefaultSqlSession@3acdd1a]
2025-01-10 08:28:14 [http-nio-8080-exec-9] WARN  o.t.s.p.AbstractStandardFragmentInsertionTagProcessor - [THYMELEAF][http-nio-8080-exec-9][common/layout/layout] Deprecated unwrapped fragment expression "common/fragments/header::header" found in template common/layout/layout, line 31, col 10. Please use the complete syntax of fragment expressions instead ("~{common/fragments/header::header}"). The old, unwrapped syntax for fragment expressions will be removed in future versions of Thymeleaf.
2025-01-10 08:28:14 [http-nio-8080-exec-9] WARN  o.t.s.p.AbstractStandardFragmentInsertionTagProcessor - [THYMELEAF][http-nio-8080-exec-9][common/layout/layout] Deprecated unwrapped fragment expression "common/fragments/footer::footer" found in template common/layout/layout, line 35, col 10. Please use the complete syntax of fragment expressions instead ("~{common/fragments/footer::footer}"). The old, unwrapped syntax for fragment expressions will be removed in future versions of Thymeleaf.
2025-01-10 08:28:14 [http-nio-8080-exec-9] DEBUG org.mybatis.spring.SqlSessionUtils - Creating a new SqlSession
2025-01-10 08:28:14 [http-nio-8080-exec-9] DEBUG org.mybatis.spring.SqlSessionUtils - SqlSession [org.apache.ibatis.session.defaults.DefaultSqlSession@34198689] was not registered for synchronization because synchronization is not active
2025-01-10 08:28:14 [http-nio-8080-exec-9] DEBUG o.m.s.t.SpringManagedTransaction - JDBC Connection [HikariProxyConnection@354159793 wrapping com.mysql.cj.jdbc.ConnectionImpl@4e855d9] will not be managed by Spring
2025-01-10 08:28:14 [http-nio-8080-exec-9] DEBUG c.s.d.m.CommonMapper.selectLnbList - ==>  Preparing: SELECT CT_LNB_IDX AS ctLnbIdx, CT_LNB_ID AS ctLnbId, CT_LNB_NAME AS ctLnbName, CT_LNB_SUB_YN AS ctLnbSubYn, CT_LNB_URL AS ctLnbUrl, CT_LNB_USE_YN AS ctLnbUseYn FROM CT_LNB WHERE CT_LNB_USE_YN = 'Y' ORDER BY CT_LNB_IDX
2025-01-10 08:28:14 [http-nio-8080-exec-9] DEBUG c.s.d.m.CommonMapper.selectLnbList - ==> Parameters: 
2025-01-10 08:28:14 [http-nio-8080-exec-9] DEBUG c.s.d.m.CommonMapper.selectLnbList - <==      Total: 4
2025-01-10 08:28:14 [http-nio-8080-exec-9] DEBUG org.mybatis.spring.SqlSessionUtils - Closing non transactional SqlSession [org.apache.ibatis.session.defaults.DefaultSqlSession@34198689]
2025-01-10 08:28:14 [http-nio-8080-exec-2] DEBUG org.mybatis.spring.SqlSessionUtils - Creating a new SqlSession
2025-01-10 08:28:14 [http-nio-8080-exec-2] DEBUG org.mybatis.spring.SqlSessionUtils - SqlSession [org.apache.ibatis.session.defaults.DefaultSqlSession@d1241d0] was not registered for synchronization because synchronization is not active
2025-01-10 08:28:14 [http-nio-8080-exec-2] DEBUG o.m.s.t.SpringManagedTransaction - JDBC Connection [HikariProxyConnection@671615868 wrapping com.mysql.cj.jdbc.ConnectionImpl@15b510f0] will not be managed by Spring
2025-01-10 08:28:14 [http-nio-8080-exec-2] DEBUG c.s.d.m.CommonMapper.selectLnbList - ==>  Preparing: SELECT CT_LNB_IDX AS ctLnbIdx, CT_LNB_ID AS ctLnbId, CT_LNB_NAME AS ctLnbName, CT_LNB_SUB_YN AS ctLnbSubYn, CT_LNB_URL AS ctLnbUrl, CT_LNB_USE_YN AS ctLnbUseYn FROM CT_LNB WHERE CT_LNB_USE_YN = 'Y' ORDER BY CT_LNB_IDX
2025-01-10 08:28:14 [http-nio-8080-exec-2] DEBUG c.s.d.m.CommonMapper.selectLnbList - ==> Parameters: 
2025-01-10 08:28:14 [http-nio-8080-exec-2] DEBUG c.s.d.m.CommonMapper.selectLnbList - <==      Total: 4
2025-01-10 08:28:14 [http-nio-8080-exec-2] DEBUG org.mybatis.spring.SqlSessionUtils - Closing non transactional SqlSession [org.apache.ibatis.session.defaults.DefaultSqlSession@d1241d0]
2025-01-10 08:28:14 [http-nio-8080-exec-5] DEBUG org.mybatis.spring.SqlSessionUtils - Creating a new SqlSession
2025-01-10 08:28:14 [http-nio-8080-exec-5] DEBUG org.mybatis.spring.SqlSessionUtils - SqlSession [org.apache.ibatis.session.defaults.DefaultSqlSession@56cc65ba] was not registered for synchronization because synchronization is not active
2025-01-10 08:28:14 [http-nio-8080-exec-5] DEBUG o.m.s.t.SpringManagedTransaction - JDBC Connection [HikariProxyConnection@571005966 wrapping com.mysql.cj.jdbc.ConnectionImpl@15b510f0] will not be managed by Spring
2025-01-10 08:28:14 [http-nio-8080-exec-5] DEBUG c.s.d.m.C.selectLnbSubList - ==>  Preparing: SELECT CT_LNB_SUB_IDX AS ctLnbSubIdx, CT_LNB_ID AS ctLnbId, CT_LNB_SUB_ID AS ctLnbSubId, CT_LNB_SUB_NAME AS ctLnbSubName, CT_LNB_SUB_URL AS ctLnbSubUrl FROM CT_LNB_SUB WHERE CT_LNB_ID = ? ORDER BY CT_LNB_SUB_IDX
2025-01-10 08:28:14 [http-nio-8080-exec-5] DEBUG c.s.d.m.C.selectLnbSubList - ==> Parameters: CT_LNB_INFORMATION(String)
2025-01-10 08:28:14 [http-nio-8080-exec-5] DEBUG c.s.d.m.C.selectLnbSubList - <==      Total: 2
2025-01-10 08:28:14 [http-nio-8080-exec-5] DEBUG org.mybatis.spring.SqlSessionUtils - Closing non transactional SqlSession [org.apache.ibatis.session.defaults.DefaultSqlSession@56cc65ba]
2025-01-10 08:28:14 [http-nio-8080-exec-8] DEBUG org.mybatis.spring.SqlSessionUtils - Creating a new SqlSession
2025-01-10 08:28:14 [http-nio-8080-exec-8] DEBUG org.mybatis.spring.SqlSessionUtils - SqlSession [org.apache.ibatis.session.defaults.DefaultSqlSession@e07ba60] was not registered for synchronization because synchronization is not active
2025-01-10 08:28:14 [http-nio-8080-exec-8] DEBUG o.m.s.t.SpringManagedTransaction - JDBC Connection [HikariProxyConnection@996382647 wrapping com.mysql.cj.jdbc.ConnectionImpl@15b510f0] will not be managed by Spring
2025-01-10 08:28:14 [http-nio-8080-exec-8] DEBUG c.s.d.m.C.selectLnbSubList - ==>  Preparing: SELECT CT_LNB_SUB_IDX AS ctLnbSubIdx, CT_LNB_ID AS ctLnbId, CT_LNB_SUB_ID AS ctLnbSubId, CT_LNB_SUB_NAME AS ctLnbSubName, CT_LNB_SUB_URL AS ctLnbSubUrl FROM CT_LNB_SUB WHERE CT_LNB_ID = ? ORDER BY CT_LNB_SUB_IDX
2025-01-10 08:28:14 [http-nio-8080-exec-8] DEBUG c.s.d.m.C.selectLnbSubList - ==> Parameters: CT_LNB_SERVICE(String)
2025-01-10 08:28:14 [http-nio-8080-exec-6] DEBUG org.mybatis.spring.SqlSessionUtils - Creating a new SqlSession
2025-01-10 08:28:14 [http-nio-8080-exec-6] DEBUG org.mybatis.spring.SqlSessionUtils - SqlSession [org.apache.ibatis.session.defaults.DefaultSqlSession@7c56cd6a] was not registered for synchronization because synchronization is not active
2025-01-10 08:28:14 [http-nio-8080-exec-6] DEBUG o.m.s.t.SpringManagedTransaction - JDBC Connection [HikariProxyConnection@1842484481 wrapping com.mysql.cj.jdbc.ConnectionImpl@4e855d9] will not be managed by Spring
2025-01-10 08:28:14 [http-nio-8080-exec-6] DEBUG c.s.d.m.C.selectLnbSubList - ==>  Preparing: SELECT CT_LNB_SUB_IDX AS ctLnbSubIdx, CT_LNB_ID AS ctLnbId, CT_LNB_SUB_ID AS ctLnbSubId, CT_LNB_SUB_NAME AS ctLnbSubName, CT_LNB_SUB_URL AS ctLnbSubUrl FROM CT_LNB_SUB WHERE CT_LNB_ID = ? ORDER BY CT_LNB_SUB_IDX
2025-01-10 08:28:14 [http-nio-8080-exec-6] DEBUG c.s.d.m.C.selectLnbSubList - ==> Parameters: CT_LNB_CONTACT(String)
2025-01-10 08:28:14 [http-nio-8080-exec-8] DEBUG c.s.d.m.C.selectLnbSubList - <==      Total: 4
2025-01-10 08:28:14 [http-nio-8080-exec-8] DEBUG org.mybatis.spring.SqlSessionUtils - Closing non transactional SqlSession [org.apache.ibatis.session.defaults.DefaultSqlSession@e07ba60]
2025-01-10 08:28:14 [http-nio-8080-exec-1] DEBUG org.mybatis.spring.SqlSessionUtils - Creating a new SqlSession
2025-01-10 08:28:14 [http-nio-8080-exec-1] DEBUG org.mybatis.spring.SqlSessionUtils - SqlSession [org.apache.ibatis.session.defaults.DefaultSqlSession@164895b6] was not registered for synchronization because synchronization is not active
2025-01-10 08:28:14 [http-nio-8080-exec-1] DEBUG o.m.s.t.SpringManagedTransaction - JDBC Connection [HikariProxyConnection@355985331 wrapping com.mysql.cj.jdbc.ConnectionImpl@15b510f0] will not be managed by Spring
2025-01-10 08:28:14 [http-nio-8080-exec-1] DEBUG c.s.d.m.C.selectLnbSubList - ==>  Preparing: SELECT CT_LNB_SUB_IDX AS ctLnbSubIdx, CT_LNB_ID AS ctLnbId, CT_LNB_SUB_ID AS ctLnbSubId, CT_LNB_SUB_NAME AS ctLnbSubName, CT_LNB_SUB_URL AS ctLnbSubUrl FROM CT_LNB_SUB WHERE CT_LNB_ID = ? ORDER BY CT_LNB_SUB_IDX
2025-01-10 08:28:14 [http-nio-8080-exec-6] DEBUG c.s.d.m.C.selectLnbSubList - <==      Total: 2
2025-01-10 08:28:14 [http-nio-8080-exec-6] DEBUG org.mybatis.spring.SqlSessionUtils - Closing non transactional SqlSession [org.apache.ibatis.session.defaults.DefaultSqlSession@7c56cd6a]
2025-01-10 08:28:14 [http-nio-8080-exec-1] DEBUG c.s.d.m.C.selectLnbSubList - ==> Parameters: CT_LNB_INFORMATION(String)
2025-01-10 08:28:14 [http-nio-8080-exec-1] DEBUG c.s.d.m.C.selectLnbSubList - <==      Total: 2
2025-01-10 08:28:14 [http-nio-8080-exec-1] DEBUG org.mybatis.spring.SqlSessionUtils - Closing non transactional SqlSession [org.apache.ibatis.session.defaults.DefaultSqlSession@164895b6]
2025-01-10 08:28:14 [http-nio-8080-exec-7] DEBUG org.mybatis.spring.SqlSessionUtils - Creating a new SqlSession
2025-01-10 08:28:14 [http-nio-8080-exec-7] DEBUG org.mybatis.spring.SqlSessionUtils - SqlSession [org.apache.ibatis.session.defaults.DefaultSqlSession@6d1bec88] was not registered for synchronization because synchronization is not active
2025-01-10 08:28:14 [http-nio-8080-exec-7] DEBUG o.m.s.t.SpringManagedTransaction - JDBC Connection [HikariProxyConnection@1343509323 wrapping com.mysql.cj.jdbc.ConnectionImpl@15b510f0] will not be managed by Spring
2025-01-10 08:28:14 [http-nio-8080-exec-7] DEBUG c.s.d.m.C.selectLnbSubList - ==>  Preparing: SELECT CT_LNB_SUB_IDX AS ctLnbSubIdx, CT_LNB_ID AS ctLnbId, CT_LNB_SUB_ID AS ctLnbSubId, CT_LNB_SUB_NAME AS ctLnbSubName, CT_LNB_SUB_URL AS ctLnbSubUrl FROM CT_LNB_SUB WHERE CT_LNB_ID = ? ORDER BY CT_LNB_SUB_IDX
2025-01-10 08:28:14 [http-nio-8080-exec-7] DEBUG c.s.d.m.C.selectLnbSubList - ==> Parameters: CT_LNB_SERVICE(String)
2025-01-10 08:28:14 [http-nio-8080-exec-4] DEBUG org.mybatis.spring.SqlSessionUtils - Creating a new SqlSession
2025-01-10 08:28:14 [http-nio-8080-exec-4] DEBUG org.mybatis.spring.SqlSessionUtils - SqlSession [org.apache.ibatis.session.defaults.DefaultSqlSession@6f9a78b3] was not registered for synchronization because synchronization is not active
2025-01-10 08:28:14 [http-nio-8080-exec-4] DEBUG o.m.s.t.SpringManagedTransaction - JDBC Connection [HikariProxyConnection@1875942554 wrapping com.mysql.cj.jdbc.ConnectionImpl@4e855d9] will not be managed by Spring
2025-01-10 08:28:14 [http-nio-8080-exec-4] DEBUG c.s.d.m.C.selectLnbSubList - ==>  Preparing: SELECT CT_LNB_SUB_IDX AS ctLnbSubIdx, CT_LNB_ID AS ctLnbId, CT_LNB_SUB_ID AS ctLnbSubId, CT_LNB_SUB_NAME AS ctLnbSubName, CT_LNB_SUB_URL AS ctLnbSubUrl FROM CT_LNB_SUB WHERE CT_LNB_ID = ? ORDER BY CT_LNB_SUB_IDX
2025-01-10 08:28:14 [http-nio-8080-exec-4] DEBUG c.s.d.m.C.selectLnbSubList - ==> Parameters: CT_LNB_CONTACT(String)
2025-01-10 08:28:14 [http-nio-8080-exec-7] DEBUG c.s.d.m.C.selectLnbSubList - <==      Total: 4
2025-01-10 08:28:14 [http-nio-8080-exec-7] DEBUG org.mybatis.spring.SqlSessionUtils - Closing non transactional SqlSession [org.apache.ibatis.session.defaults.DefaultSqlSession@6d1bec88]
2025-01-10 08:28:14 [http-nio-8080-exec-4] DEBUG c.s.d.m.C.selectLnbSubList - <==      Total: 2
2025-01-10 08:28:14 [http-nio-8080-exec-4] DEBUG org.mybatis.spring.SqlSessionUtils - Closing non transactional SqlSession [org.apache.ibatis.session.defaults.DefaultSqlSession@6f9a78b3]
2025-01-10 08:28:24 [http-nio-8080-exec-10] ERROR org.thymeleaf.TemplateEngine - [THYMELEAF][http-nio-8080-exec-10] Exception processing template "view/about": Error resolving template [view/about], template might not exist or might not be accessible by any of the configured Template Resolvers
org.thymeleaf.exceptions.TemplateInputException: Error resolving template [view/about], template might not exist or might not be accessible by any of the configured Template Resolvers
	at org.thymeleaf.engine.TemplateManager.resolveTemplate(TemplateManager.java:869)
	at org.thymeleaf.engine.TemplateManager.parseAndProcess(TemplateManager.java:607)
	at org.thymeleaf.TemplateEngine.process(TemplateEngine.java:1103)
	at org.thymeleaf.TemplateEngine.process(TemplateEngine.java:1077)
	at org.thymeleaf.spring6.view.ThymeleafView.renderFragment(ThymeleafView.java:372)
	at org.thymeleaf.spring6.view.ThymeleafView.render(ThymeleafView.java:192)
	at org.springframework.web.servlet.DispatcherServlet.render(DispatcherServlet.java:1435)
	at org.springframework.web.servlet.DispatcherServlet.processDispatchResult(DispatcherServlet.java:1167)
	at org.springframework.web.servlet.DispatcherServlet.doDispatch(DispatcherServlet.java:1105)
	at org.springframework.web.servlet.DispatcherServlet.doService(DispatcherServlet.java:978)
	at org.springframework.web.servlet.FrameworkServlet.processRequest(FrameworkServlet.java:1014)
	at org.springframework.web.servlet.FrameworkServlet.doGet(FrameworkServlet.java:903)
	at jakarta.servlet.http.HttpServlet.service(HttpServlet.java:564)
	at org.springframework.web.servlet.FrameworkServlet.service(FrameworkServlet.java:885)
	at jakarta.servlet.http.HttpServlet.service(HttpServlet.java:658)
	at org.apache.catalina.core.ApplicationFilterChain.internalDoFilter(ApplicationFilterChain.java:195)
	at org.apache.catalina.core.ApplicationFilterChain.doFilter(ApplicationFilterChain.java:140)
	at org.apache.tomcat.websocket.server.WsFilter.doFilter(WsFilter.java:51)
	at org.apache.catalina.core.ApplicationFilterChain.internalDoFilter(ApplicationFilterChain.java:164)
	at org.apache.catalina.core.ApplicationFilterChain.doFilter(ApplicationFilterChain.java:140)
	at org.springframework.web.filter.RequestContextFilter.doFilterInternal(RequestContextFilter.java:100)
	at org.springframework.web.filter.OncePerRequestFilter.doFilter(OncePerRequestFilter.java:116)
	at org.apache.catalina.core.ApplicationFilterChain.internalDoFilter(ApplicationFilterChain.java:164)
	at org.apache.catalina.core.ApplicationFilterChain.doFilter(ApplicationFilterChain.java:140)
	at org.springframework.web.filter.FormContentFilter.doFilterInternal(FormContentFilter.java:93)
	at org.springframework.web.filter.OncePerRequestFilter.doFilter(OncePerRequestFilter.java:116)
	at org.apache.catalina.core.ApplicationFilterChain.internalDoFilter(ApplicationFilterChain.java:164)
	at org.apache.catalina.core.ApplicationFilterChain.doFilter(ApplicationFilterChain.java:140)
	at org.springframework.web.filter.CharacterEncodingFilter.doFilterInternal(CharacterEncodingFilter.java:201)
	at org.springframework.web.filter.OncePerRequestFilter.doFilter(OncePerRequestFilter.java:116)
	at org.apache.catalina.core.ApplicationFilterChain.internalDoFilter(ApplicationFilterChain.java:164)
	at org.apache.catalina.core.ApplicationFilterChain.doFilter(ApplicationFilterChain.java:140)
	at org.apache.catalina.core.StandardWrapperValve.invoke(StandardWrapperValve.java:167)
	at org.apache.catalina.core.StandardContextValve.invoke(StandardContextValve.java:90)
	at org.apache.catalina.authenticator.AuthenticatorBase.invoke(AuthenticatorBase.java:483)
	at org.apache.catalina.core.StandardHostValve.invoke(StandardHostValve.java:115)
	at org.apache.catalina.valves.ErrorReportValve.invoke(ErrorReportValve.java:93)
	at org.apache.catalina.core.StandardEngineValve.invoke(StandardEngineValve.java:74)
	at org.apache.catalina.connector.CoyoteAdapter.service(CoyoteAdapter.java:344)
	at org.apache.coyote.http11.Http11Processor.service(Http11Processor.java:397)
	at org.apache.coyote.AbstractProcessorLight.process(AbstractProcessorLight.java:63)
	at org.apache.coyote.AbstractProtocol$ConnectionHandler.process(AbstractProtocol.java:905)
	at org.apache.tomcat.util.net.NioEndpoint$SocketProcessor.doRun(NioEndpoint.java:1741)
	at org.apache.tomcat.util.net.SocketProcessorBase.run(SocketProcessorBase.java:52)
	at org.apache.tomcat.util.threads.ThreadPoolExecutor.runWorker(ThreadPoolExecutor.java:1190)
	at org.apache.tomcat.util.threads.ThreadPoolExecutor$Worker.run(ThreadPoolExecutor.java:659)
	at org.apache.tomcat.util.threads.TaskThread$WrappingRunnable.run(TaskThread.java:63)
	at java.base/java.lang.Thread.run(Thread.java:842)
2025-01-10 08:28:24 [http-nio-8080-exec-10] ERROR o.a.c.c.C.[.[.[.[dispatcherServlet] - Servlet.service() for servlet [dispatcherServlet] in context with path [] threw exception [Request processing failed: org.thymeleaf.exceptions.TemplateInputException: Error resolving template [view/about], template might not exist or might not be accessible by any of the configured Template Resolvers] with root cause
org.thymeleaf.exceptions.TemplateInputException: Error resolving template [view/about], template might not exist or might not be accessible by any of the configured Template Resolvers
	at org.thymeleaf.engine.TemplateManager.resolveTemplate(TemplateManager.java:869)
	at org.thymeleaf.engine.TemplateManager.parseAndProcess(TemplateManager.java:607)
	at org.thymeleaf.TemplateEngine.process(TemplateEngine.java:1103)
	at org.thymeleaf.TemplateEngine.process(TemplateEngine.java:1077)
	at org.thymeleaf.spring6.view.ThymeleafView.renderFragment(ThymeleafView.java:372)
	at org.thymeleaf.spring6.view.ThymeleafView.render(ThymeleafView.java:192)
	at org.springframework.web.servlet.DispatcherServlet.render(DispatcherServlet.java:1435)
	at org.springframework.web.servlet.DispatcherServlet.processDispatchResult(DispatcherServlet.java:1167)
	at org.springframework.web.servlet.DispatcherServlet.doDispatch(DispatcherServlet.java:1105)
	at org.springframework.web.servlet.DispatcherServlet.doService(DispatcherServlet.java:978)
	at org.springframework.web.servlet.FrameworkServlet.processRequest(FrameworkServlet.java:1014)
	at org.springframework.web.servlet.FrameworkServlet.doGet(FrameworkServlet.java:903)
	at jakarta.servlet.http.HttpServlet.service(HttpServlet.java:564)
	at org.springframework.web.servlet.FrameworkServlet.service(FrameworkServlet.java:885)
	at jakarta.servlet.http.HttpServlet.service(HttpServlet.java:658)
	at org.apache.catalina.core.ApplicationFilterChain.internalDoFilter(ApplicationFilterChain.java:195)
	at org.apache.catalina.core.ApplicationFilterChain.doFilter(ApplicationFilterChain.java:140)
	at org.apache.tomcat.websocket.server.WsFilter.doFilter(WsFilter.java:51)
	at org.apache.catalina.core.ApplicationFilterChain.internalDoFilter(ApplicationFilterChain.java:164)
	at org.apache.catalina.core.ApplicationFilterChain.doFilter(ApplicationFilterChain.java:140)
	at org.springframework.web.filter.RequestContextFilter.doFilterInternal(RequestContextFilter.java:100)
	at org.springframework.web.filter.OncePerRequestFilter.doFilter(OncePerRequestFilter.java:116)
	at org.apache.catalina.core.ApplicationFilterChain.internalDoFilter(ApplicationFilterChain.java:164)
	at org.apache.catalina.core.ApplicationFilterChain.doFilter(ApplicationFilterChain.java:140)
	at org.springframework.web.filter.FormContentFilter.doFilterInternal(FormContentFilter.java:93)
	at org.springframework.web.filter.OncePerRequestFilter.doFilter(OncePerRequestFilter.java:116)
	at org.apache.catalina.core.ApplicationFilterChain.internalDoFilter(ApplicationFilterChain.java:164)
	at org.apache.catalina.core.ApplicationFilterChain.doFilter(ApplicationFilterChain.java:140)
	at org.springframework.web.filter.CharacterEncodingFilter.doFilterInternal(CharacterEncodingFilter.java:201)
	at org.springframework.web.filter.OncePerRequestFilter.doFilter(OncePerRequestFilter.java:116)
	at org.apache.catalina.core.ApplicationFilterChain.internalDoFilter(ApplicationFilterChain.java:164)
	at org.apache.catalina.core.ApplicationFilterChain.doFilter(ApplicationFilterChain.java:140)
	at org.apache.catalina.core.StandardWrapperValve.invoke(StandardWrapperValve.java:167)
	at org.apache.catalina.core.StandardContextValve.invoke(StandardContextValve.java:90)
	at org.apache.catalina.authenticator.AuthenticatorBase.invoke(AuthenticatorBase.java:483)
	at org.apache.catalina.core.StandardHostValve.invoke(StandardHostValve.java:115)
	at org.apache.catalina.valves.ErrorReportValve.invoke(ErrorReportValve.java:93)
	at org.apache.catalina.core.StandardEngineValve.invoke(StandardEngineValve.java:74)
	at org.apache.catalina.connector.CoyoteAdapter.service(CoyoteAdapter.java:344)
	at org.apache.coyote.http11.Http11Processor.service(Http11Processor.java:397)
	at org.apache.coyote.AbstractProcessorLight.process(AbstractProcessorLight.java:63)
	at org.apache.coyote.AbstractProtocol$ConnectionHandler.process(AbstractProtocol.java:905)
	at org.apache.tomcat.util.net.NioEndpoint$SocketProcessor.doRun(NioEndpoint.java:1741)
	at org.apache.tomcat.util.net.SocketProcessorBase.run(SocketProcessorBase.java:52)
	at org.apache.tomcat.util.threads.ThreadPoolExecutor.runWorker(ThreadPoolExecutor.java:1190)
	at org.apache.tomcat.util.threads.ThreadPoolExecutor$Worker.run(ThreadPoolExecutor.java:659)
	at org.apache.tomcat.util.threads.TaskThread$WrappingRunnable.run(TaskThread.java:63)
	at java.base/java.lang.Thread.run(Thread.java:842)
2025-01-10 08:28:28 [http-nio-8080-exec-3] WARN  o.t.s.p.AbstractStandardFragmentInsertionTagProcessor - [THYMELEAF][http-nio-8080-exec-3][common/layout/layout] Deprecated unwrapped fragment expression "common/fragments/header::header" found in template common/layout/layout, line 31, col 10. Please use the complete syntax of fragment expressions instead ("~{common/fragments/header::header}"). The old, unwrapped syntax for fragment expressions will be removed in future versions of Thymeleaf.
2025-01-10 08:28:28 [http-nio-8080-exec-3] WARN  o.t.s.p.AbstractStandardFragmentInsertionTagProcessor - [THYMELEAF][http-nio-8080-exec-3][common/layout/layout] Deprecated unwrapped fragment expression "common/fragments/footer::footer" found in template common/layout/layout, line 35, col 10. Please use the complete syntax of fragment expressions instead ("~{common/fragments/footer::footer}"). The old, unwrapped syntax for fragment expressions will be removed in future versions of Thymeleaf.
2025-01-10 08:28:28 [http-nio-8080-exec-3] DEBUG org.mybatis.spring.SqlSessionUtils - Creating a new SqlSession
2025-01-10 08:28:28 [http-nio-8080-exec-3] DEBUG org.mybatis.spring.SqlSessionUtils - SqlSession [org.apache.ibatis.session.defaults.DefaultSqlSession@6f299c3c] was not registered for synchronization because synchronization is not active
2025-01-10 08:28:28 [http-nio-8080-exec-3] DEBUG o.m.s.t.SpringManagedTransaction - JDBC Connection [HikariProxyConnection@208007547 wrapping com.mysql.cj.jdbc.ConnectionImpl@15b510f0] will not be managed by Spring
2025-01-10 08:28:28 [http-nio-8080-exec-3] DEBUG c.s.d.m.CommonMapper.selectLnbList - ==>  Preparing: SELECT CT_LNB_IDX AS ctLnbIdx, CT_LNB_ID AS ctLnbId, CT_LNB_NAME AS ctLnbName, CT_LNB_SUB_YN AS ctLnbSubYn, CT_LNB_URL AS ctLnbUrl, CT_LNB_USE_YN AS ctLnbUseYn FROM CT_LNB WHERE CT_LNB_USE_YN = 'Y' ORDER BY CT_LNB_IDX
2025-01-10 08:28:28 [http-nio-8080-exec-3] DEBUG c.s.d.m.CommonMapper.selectLnbList - ==> Parameters: 
2025-01-10 08:28:28 [http-nio-8080-exec-3] DEBUG c.s.d.m.CommonMapper.selectLnbList - <==      Total: 4
2025-01-10 08:28:28 [http-nio-8080-exec-3] DEBUG org.mybatis.spring.SqlSessionUtils - Closing non transactional SqlSession [org.apache.ibatis.session.defaults.DefaultSqlSession@6f299c3c]
2025-01-10 08:28:28 [http-nio-8080-exec-9] DEBUG org.mybatis.spring.SqlSessionUtils - Creating a new SqlSession
2025-01-10 08:28:28 [http-nio-8080-exec-9] DEBUG org.mybatis.spring.SqlSessionUtils - SqlSession [org.apache.ibatis.session.defaults.DefaultSqlSession@5488a9a8] was not registered for synchronization because synchronization is not active
2025-01-10 08:28:28 [http-nio-8080-exec-9] DEBUG o.m.s.t.SpringManagedTransaction - JDBC Connection [HikariProxyConnection@553930252 wrapping com.mysql.cj.jdbc.ConnectionImpl@4e855d9] will not be managed by Spring
2025-01-10 08:28:28 [http-nio-8080-exec-9] DEBUG c.s.d.m.CommonMapper.selectLnbList - ==>  Preparing: SELECT CT_LNB_IDX AS ctLnbIdx, CT_LNB_ID AS ctLnbId, CT_LNB_NAME AS ctLnbName, CT_LNB_SUB_YN AS ctLnbSubYn, CT_LNB_URL AS ctLnbUrl, CT_LNB_USE_YN AS ctLnbUseYn FROM CT_LNB WHERE CT_LNB_USE_YN = 'Y' ORDER BY CT_LNB_IDX
2025-01-10 08:28:28 [http-nio-8080-exec-9] DEBUG c.s.d.m.CommonMapper.selectLnbList - ==> Parameters: 
2025-01-10 08:28:28 [http-nio-8080-exec-9] DEBUG c.s.d.m.CommonMapper.selectLnbList - <==      Total: 4
2025-01-10 08:28:28 [http-nio-8080-exec-9] DEBUG org.mybatis.spring.SqlSessionUtils - Closing non transactional SqlSession [org.apache.ibatis.session.defaults.DefaultSqlSession@5488a9a8]
2025-01-10 08:28:28 [http-nio-8080-exec-2] DEBUG org.mybatis.spring.SqlSessionUtils - Creating a new SqlSession
2025-01-10 08:28:28 [http-nio-8080-exec-8] DEBUG org.mybatis.spring.SqlSessionUtils - Creating a new SqlSession
2025-01-10 08:28:28 [http-nio-8080-exec-5] DEBUG org.mybatis.spring.SqlSessionUtils - Creating a new SqlSession
2025-01-10 08:28:28 [http-nio-8080-exec-2] DEBUG org.mybatis.spring.SqlSessionUtils - SqlSession [org.apache.ibatis.session.defaults.DefaultSqlSession@15932b67] was not registered for synchronization because synchronization is not active
2025-01-10 08:28:28 [http-nio-8080-exec-8] DEBUG org.mybatis.spring.SqlSessionUtils - SqlSession [org.apache.ibatis.session.defaults.DefaultSqlSession@3e549421] was not registered for synchronization because synchronization is not active
2025-01-10 08:28:28 [http-nio-8080-exec-5] DEBUG org.mybatis.spring.SqlSessionUtils - SqlSession [org.apache.ibatis.session.defaults.DefaultSqlSession@4fb63b09] was not registered for synchronization because synchronization is not active
2025-01-10 08:28:28 [http-nio-8080-exec-8] DEBUG o.m.s.t.SpringManagedTransaction - JDBC Connection [HikariProxyConnection@430797427 wrapping com.mysql.cj.jdbc.ConnectionImpl@4e855d9] will not be managed by Spring
2025-01-10 08:28:28 [http-nio-8080-exec-2] DEBUG o.m.s.t.SpringManagedTransaction - JDBC Connection [HikariProxyConnection@2108199234 wrapping com.mysql.cj.jdbc.ConnectionImpl@15b510f0] will not be managed by Spring
2025-01-10 08:28:28 [http-nio-8080-exec-2] DEBUG c.s.d.m.C.selectLnbSubList - ==>  Preparing: SELECT CT_LNB_SUB_IDX AS ctLnbSubIdx, CT_LNB_ID AS ctLnbId, CT_LNB_SUB_ID AS ctLnbSubId, CT_LNB_SUB_NAME AS ctLnbSubName, CT_LNB_SUB_URL AS ctLnbSubUrl FROM CT_LNB_SUB WHERE CT_LNB_ID = ? ORDER BY CT_LNB_SUB_IDX
2025-01-10 08:28:28 [http-nio-8080-exec-8] DEBUG c.s.d.m.C.selectLnbSubList - ==>  Preparing: SELECT CT_LNB_SUB_IDX AS ctLnbSubIdx, CT_LNB_ID AS ctLnbId, CT_LNB_SUB_ID AS ctLnbSubId, CT_LNB_SUB_NAME AS ctLnbSubName, CT_LNB_SUB_URL AS ctLnbSubUrl FROM CT_LNB_SUB WHERE CT_LNB_ID = ? ORDER BY CT_LNB_SUB_IDX
2025-01-10 08:28:28 [http-nio-8080-exec-2] DEBUG c.s.d.m.C.selectLnbSubList - ==> Parameters: CT_LNB_INFORMATION(String)
2025-01-10 08:28:28 [http-nio-8080-exec-8] DEBUG c.s.d.m.C.selectLnbSubList - ==> Parameters: CT_LNB_CONTACT(String)
2025-01-10 08:28:28 [http-nio-8080-exec-5] DEBUG o.m.s.t.SpringManagedTransaction - JDBC Connection [HikariProxyConnection@725247581 wrapping com.mysql.cj.jdbc.ConnectionImpl@379120df] will not be managed by Spring
2025-01-10 08:28:28 [http-nio-8080-exec-5] DEBUG c.s.d.m.C.selectLnbSubList - ==>  Preparing: SELECT CT_LNB_SUB_IDX AS ctLnbSubIdx, CT_LNB_ID AS ctLnbId, CT_LNB_SUB_ID AS ctLnbSubId, CT_LNB_SUB_NAME AS ctLnbSubName, CT_LNB_SUB_URL AS ctLnbSubUrl FROM CT_LNB_SUB WHERE CT_LNB_ID = ? ORDER BY CT_LNB_SUB_IDX
2025-01-10 08:28:28 [http-nio-8080-exec-5] DEBUG c.s.d.m.C.selectLnbSubList - ==> Parameters: CT_LNB_SERVICE(String)
2025-01-10 08:28:28 [http-nio-8080-exec-8] DEBUG c.s.d.m.C.selectLnbSubList - <==      Total: 2
2025-01-10 08:28:28 [http-nio-8080-exec-2] DEBUG c.s.d.m.C.selectLnbSubList - <==      Total: 2
2025-01-10 08:28:28 [http-nio-8080-exec-2] DEBUG org.mybatis.spring.SqlSessionUtils - Closing non transactional SqlSession [org.apache.ibatis.session.defaults.DefaultSqlSession@15932b67]
2025-01-10 08:28:28 [http-nio-8080-exec-8] DEBUG org.mybatis.spring.SqlSessionUtils - Closing non transactional SqlSession [org.apache.ibatis.session.defaults.DefaultSqlSession@3e549421]
2025-01-10 08:28:28 [http-nio-8080-exec-5] DEBUG c.s.d.m.C.selectLnbSubList - <==      Total: 4
2025-01-10 08:28:28 [http-nio-8080-exec-5] DEBUG org.mybatis.spring.SqlSessionUtils - Closing non transactional SqlSession [org.apache.ibatis.session.defaults.DefaultSqlSession@4fb63b09]
2025-01-10 08:28:28 [http-nio-8080-exec-6] DEBUG org.mybatis.spring.SqlSessionUtils - Creating a new SqlSession
2025-01-10 08:28:28 [http-nio-8080-exec-7] DEBUG org.mybatis.spring.SqlSessionUtils - Creating a new SqlSession
2025-01-10 08:28:28 [http-nio-8080-exec-1] DEBUG org.mybatis.spring.SqlSessionUtils - Creating a new SqlSession
2025-01-10 08:28:28 [http-nio-8080-exec-6] DEBUG org.mybatis.spring.SqlSessionUtils - SqlSession [org.apache.ibatis.session.defaults.DefaultSqlSession@2f7c2db9] was not registered for synchronization because synchronization is not active
2025-01-10 08:28:28 [http-nio-8080-exec-7] DEBUG org.mybatis.spring.SqlSessionUtils - SqlSession [org.apache.ibatis.session.defaults.DefaultSqlSession@3c3116e] was not registered for synchronization because synchronization is not active
2025-01-10 08:28:28 [http-nio-8080-exec-1] DEBUG org.mybatis.spring.SqlSessionUtils - SqlSession [org.apache.ibatis.session.defaults.DefaultSqlSession@1e542014] was not registered for synchronization because synchronization is not active
2025-01-10 08:28:28 [http-nio-8080-exec-7] DEBUG o.m.s.t.SpringManagedTransaction - JDBC Connection [HikariProxyConnection@1899992150 wrapping com.mysql.cj.jdbc.ConnectionImpl@15b510f0] will not be managed by Spring
2025-01-10 08:28:28 [http-nio-8080-exec-6] DEBUG o.m.s.t.SpringManagedTransaction - JDBC Connection [HikariProxyConnection@1392201546 wrapping com.mysql.cj.jdbc.ConnectionImpl@4e855d9] will not be managed by Spring
2025-01-10 08:28:28 [http-nio-8080-exec-1] DEBUG o.m.s.t.SpringManagedTransaction - JDBC Connection [HikariProxyConnection@880039442 wrapping com.mysql.cj.jdbc.ConnectionImpl@379120df] will not be managed by Spring
2025-01-10 08:28:28 [http-nio-8080-exec-7] DEBUG c.s.d.m.C.selectLnbSubList - ==>  Preparing: SELECT CT_LNB_SUB_IDX AS ctLnbSubIdx, CT_LNB_ID AS ctLnbId, CT_LNB_SUB_ID AS ctLnbSubId, CT_LNB_SUB_NAME AS ctLnbSubName, CT_LNB_SUB_URL AS ctLnbSubUrl FROM CT_LNB_SUB WHERE CT_LNB_ID = ? ORDER BY CT_LNB_SUB_IDX
2025-01-10 08:28:28 [http-nio-8080-exec-6] DEBUG c.s.d.m.C.selectLnbSubList - ==>  Preparing: SELECT CT_LNB_SUB_IDX AS ctLnbSubIdx, CT_LNB_ID AS ctLnbId, CT_LNB_SUB_ID AS ctLnbSubId, CT_LNB_SUB_NAME AS ctLnbSubName, CT_LNB_SUB_URL AS ctLnbSubUrl FROM CT_LNB_SUB WHERE CT_LNB_ID = ? ORDER BY CT_LNB_SUB_IDX
2025-01-10 08:28:28 [http-nio-8080-exec-1] DEBUG c.s.d.m.C.selectLnbSubList - ==>  Preparing: SELECT CT_LNB_SUB_IDX AS ctLnbSubIdx, CT_LNB_ID AS ctLnbId, CT_LNB_SUB_ID AS ctLnbSubId, CT_LNB_SUB_NAME AS ctLnbSubName, CT_LNB_SUB_URL AS ctLnbSubUrl FROM CT_LNB_SUB WHERE CT_LNB_ID = ? ORDER BY CT_LNB_SUB_IDX
2025-01-10 08:28:28 [http-nio-8080-exec-6] DEBUG c.s.d.m.C.selectLnbSubList - ==> Parameters: CT_LNB_SERVICE(String)
2025-01-10 08:28:28 [http-nio-8080-exec-7] DEBUG c.s.d.m.C.selectLnbSubList - ==> Parameters: CT_LNB_INFORMATION(String)
2025-01-10 08:28:28 [http-nio-8080-exec-1] DEBUG c.s.d.m.C.selectLnbSubList - ==> Parameters: CT_LNB_CONTACT(String)
2025-01-10 08:28:28 [http-nio-8080-exec-7] DEBUG c.s.d.m.C.selectLnbSubList - <==      Total: 2
2025-01-10 08:28:28 [http-nio-8080-exec-1] DEBUG c.s.d.m.C.selectLnbSubList - <==      Total: 2
2025-01-10 08:28:28 [http-nio-8080-exec-6] DEBUG c.s.d.m.C.selectLnbSubList - <==      Total: 4
2025-01-10 08:28:28 [http-nio-8080-exec-7] DEBUG org.mybatis.spring.SqlSessionUtils - Closing non transactional SqlSession [org.apache.ibatis.session.defaults.DefaultSqlSession@3c3116e]
2025-01-10 08:28:28 [http-nio-8080-exec-1] DEBUG org.mybatis.spring.SqlSessionUtils - Closing non transactional SqlSession [org.apache.ibatis.session.defaults.DefaultSqlSession@1e542014]
2025-01-10 08:28:28 [http-nio-8080-exec-6] DEBUG org.mybatis.spring.SqlSessionUtils - Closing non transactional SqlSession [org.apache.ibatis.session.defaults.DefaultSqlSession@2f7c2db9]
2025-01-10 08:28:32 [http-nio-8080-exec-10] WARN  o.t.s.p.AbstractStandardFragmentInsertionTagProcessor - [THYMELEAF][http-nio-8080-exec-10][common/layout/layout] Deprecated unwrapped fragment expression "common/fragments/header::header" found in template common/layout/layout, line 31, col 10. Please use the complete syntax of fragment expressions instead ("~{common/fragments/header::header}"). The old, unwrapped syntax for fragment expressions will be removed in future versions of Thymeleaf.
2025-01-10 08:28:32 [http-nio-8080-exec-10] WARN  o.t.s.p.AbstractStandardFragmentInsertionTagProcessor - [THYMELEAF][http-nio-8080-exec-10][common/layout/layout] Deprecated unwrapped fragment expression "common/fragments/footer::footer" found in template common/layout/layout, line 35, col 10. Please use the complete syntax of fragment expressions instead ("~{common/fragments/footer::footer}"). The old, unwrapped syntax for fragment expressions will be removed in future versions of Thymeleaf.
2025-01-10 08:28:32 [http-nio-8080-exec-10] DEBUG org.mybatis.spring.SqlSessionUtils - Creating a new SqlSession
2025-01-10 08:28:32 [http-nio-8080-exec-10] DEBUG org.mybatis.spring.SqlSessionUtils - SqlSession [org.apache.ibatis.session.defaults.DefaultSqlSession@5731dbab] was not registered for synchronization because synchronization is not active
2025-01-10 08:28:32 [http-nio-8080-exec-10] DEBUG o.m.s.t.SpringManagedTransaction - JDBC Connection [HikariProxyConnection@1640795686 wrapping com.mysql.cj.jdbc.ConnectionImpl@15b510f0] will not be managed by Spring
2025-01-10 08:28:32 [http-nio-8080-exec-10] DEBUG c.s.d.m.CommonMapper.selectLnbList - ==>  Preparing: SELECT CT_LNB_IDX AS ctLnbIdx, CT_LNB_ID AS ctLnbId, CT_LNB_NAME AS ctLnbName, CT_LNB_SUB_YN AS ctLnbSubYn, CT_LNB_URL AS ctLnbUrl, CT_LNB_USE_YN AS ctLnbUseYn FROM CT_LNB WHERE CT_LNB_USE_YN = 'Y' ORDER BY CT_LNB_IDX
2025-01-10 08:28:32 [http-nio-8080-exec-10] DEBUG c.s.d.m.CommonMapper.selectLnbList - ==> Parameters: 
2025-01-10 08:28:32 [http-nio-8080-exec-10] DEBUG c.s.d.m.CommonMapper.selectLnbList - <==      Total: 4
2025-01-10 08:28:32 [http-nio-8080-exec-10] DEBUG org.mybatis.spring.SqlSessionUtils - Closing non transactional SqlSession [org.apache.ibatis.session.defaults.DefaultSqlSession@5731dbab]
2025-01-10 08:28:32 [http-nio-8080-exec-4] DEBUG org.mybatis.spring.SqlSessionUtils - Creating a new SqlSession
2025-01-10 08:28:32 [http-nio-8080-exec-4] DEBUG org.mybatis.spring.SqlSessionUtils - SqlSession [org.apache.ibatis.session.defaults.DefaultSqlSession@70ef8029] was not registered for synchronization because synchronization is not active
2025-01-10 08:28:32 [http-nio-8080-exec-4] DEBUG o.m.s.t.SpringManagedTransaction - JDBC Connection [HikariProxyConnection@1870578630 wrapping com.mysql.cj.jdbc.ConnectionImpl@4e855d9] will not be managed by Spring
2025-01-10 08:28:32 [http-nio-8080-exec-4] DEBUG c.s.d.m.CommonMapper.selectLnbList - ==>  Preparing: SELECT CT_LNB_IDX AS ctLnbIdx, CT_LNB_ID AS ctLnbId, CT_LNB_NAME AS ctLnbName, CT_LNB_SUB_YN AS ctLnbSubYn, CT_LNB_URL AS ctLnbUrl, CT_LNB_USE_YN AS ctLnbUseYn FROM CT_LNB WHERE CT_LNB_USE_YN = 'Y' ORDER BY CT_LNB_IDX
2025-01-10 08:28:32 [http-nio-8080-exec-4] DEBUG c.s.d.m.CommonMapper.selectLnbList - ==> Parameters: 
2025-01-10 08:28:32 [http-nio-8080-exec-4] DEBUG c.s.d.m.CommonMapper.selectLnbList - <==      Total: 4
2025-01-10 08:28:32 [http-nio-8080-exec-4] DEBUG org.mybatis.spring.SqlSessionUtils - Closing non transactional SqlSession [org.apache.ibatis.session.defaults.DefaultSqlSession@70ef8029]
2025-01-10 08:28:32 [http-nio-8080-exec-3] DEBUG org.mybatis.spring.SqlSessionUtils - Creating a new SqlSession
2025-01-10 08:28:32 [http-nio-8080-exec-9] DEBUG org.mybatis.spring.SqlSessionUtils - Creating a new SqlSession
2025-01-10 08:28:32 [http-nio-8080-exec-2] DEBUG org.mybatis.spring.SqlSessionUtils - Creating a new SqlSession
2025-01-10 08:28:32 [http-nio-8080-exec-3] DEBUG org.mybatis.spring.SqlSessionUtils - SqlSession [org.apache.ibatis.session.defaults.DefaultSqlSession@3090ddf1] was not registered for synchronization because synchronization is not active
2025-01-10 08:28:32 [http-nio-8080-exec-9] DEBUG org.mybatis.spring.SqlSessionUtils - SqlSession [org.apache.ibatis.session.defaults.DefaultSqlSession@2a12407f] was not registered for synchronization because synchronization is not active
2025-01-10 08:28:32 [http-nio-8080-exec-2] DEBUG org.mybatis.spring.SqlSessionUtils - SqlSession [org.apache.ibatis.session.defaults.DefaultSqlSession@4a8a2a5b] was not registered for synchronization because synchronization is not active
2025-01-10 08:28:32 [http-nio-8080-exec-9] DEBUG o.m.s.t.SpringManagedTransaction - JDBC Connection [HikariProxyConnection@694492959 wrapping com.mysql.cj.jdbc.ConnectionImpl@4e855d9] will not be managed by Spring
2025-01-10 08:28:32 [http-nio-8080-exec-3] DEBUG o.m.s.t.SpringManagedTransaction - JDBC Connection [HikariProxyConnection@333253809 wrapping com.mysql.cj.jdbc.ConnectionImpl@15b510f0] will not be managed by Spring
2025-01-10 08:28:32 [http-nio-8080-exec-9] DEBUG c.s.d.m.C.selectLnbSubList - ==>  Preparing: SELECT CT_LNB_SUB_IDX AS ctLnbSubIdx, CT_LNB_ID AS ctLnbId, CT_LNB_SUB_ID AS ctLnbSubId, CT_LNB_SUB_NAME AS ctLnbSubName, CT_LNB_SUB_URL AS ctLnbSubUrl FROM CT_LNB_SUB WHERE CT_LNB_ID = ? ORDER BY CT_LNB_SUB_IDX
2025-01-10 08:28:32 [http-nio-8080-exec-3] DEBUG c.s.d.m.C.selectLnbSubList - ==>  Preparing: SELECT CT_LNB_SUB_IDX AS ctLnbSubIdx, CT_LNB_ID AS ctLnbId, CT_LNB_SUB_ID AS ctLnbSubId, CT_LNB_SUB_NAME AS ctLnbSubName, CT_LNB_SUB_URL AS ctLnbSubUrl FROM CT_LNB_SUB WHERE CT_LNB_ID = ? ORDER BY CT_LNB_SUB_IDX
2025-01-10 08:28:32 [http-nio-8080-exec-3] DEBUG c.s.d.m.C.selectLnbSubList - ==> Parameters: CT_LNB_INFORMATION(String)
2025-01-10 08:28:32 [http-nio-8080-exec-9] DEBUG c.s.d.m.C.selectLnbSubList - ==> Parameters: CT_LNB_SERVICE(String)
2025-01-10 08:28:32 [http-nio-8080-exec-2] DEBUG o.m.s.t.SpringManagedTransaction - JDBC Connection [HikariProxyConnection@1938919625 wrapping com.mysql.cj.jdbc.ConnectionImpl@379120df] will not be managed by Spring
2025-01-10 08:28:32 [http-nio-8080-exec-2] DEBUG c.s.d.m.C.selectLnbSubList - ==>  Preparing: SELECT CT_LNB_SUB_IDX AS ctLnbSubIdx, CT_LNB_ID AS ctLnbId, CT_LNB_SUB_ID AS ctLnbSubId, CT_LNB_SUB_NAME AS ctLnbSubName, CT_LNB_SUB_URL AS ctLnbSubUrl FROM CT_LNB_SUB WHERE CT_LNB_ID = ? ORDER BY CT_LNB_SUB_IDX
2025-01-10 08:28:32 [http-nio-8080-exec-2] DEBUG c.s.d.m.C.selectLnbSubList - ==> Parameters: CT_LNB_CONTACT(String)
2025-01-10 08:28:32 [http-nio-8080-exec-2] DEBUG c.s.d.m.C.selectLnbSubList - <==      Total: 2
2025-01-10 08:28:32 [http-nio-8080-exec-3] DEBUG c.s.d.m.C.selectLnbSubList - <==      Total: 2
2025-01-10 08:28:32 [http-nio-8080-exec-9] DEBUG c.s.d.m.C.selectLnbSubList - <==      Total: 4
2025-01-10 08:28:32 [http-nio-8080-exec-2] DEBUG org.mybatis.spring.SqlSessionUtils - Closing non transactional SqlSession [org.apache.ibatis.session.defaults.DefaultSqlSession@4a8a2a5b]
2025-01-10 08:28:32 [http-nio-8080-exec-3] DEBUG org.mybatis.spring.SqlSessionUtils - Closing non transactional SqlSession [org.apache.ibatis.session.defaults.DefaultSqlSession@3090ddf1]
2025-01-10 08:28:32 [http-nio-8080-exec-9] DEBUG org.mybatis.spring.SqlSessionUtils - Closing non transactional SqlSession [org.apache.ibatis.session.defaults.DefaultSqlSession@2a12407f]
2025-01-10 08:28:32 [http-nio-8080-exec-8] DEBUG org.mybatis.spring.SqlSessionUtils - Creating a new SqlSession
2025-01-10 08:28:32 [http-nio-8080-exec-5] DEBUG org.mybatis.spring.SqlSessionUtils - Creating a new SqlSession
2025-01-10 08:28:32 [http-nio-8080-exec-6] DEBUG org.mybatis.spring.SqlSessionUtils - Creating a new SqlSession
2025-01-10 08:28:32 [http-nio-8080-exec-8] DEBUG org.mybatis.spring.SqlSessionUtils - SqlSession [org.apache.ibatis.session.defaults.DefaultSqlSession@1b83abac] was not registered for synchronization because synchronization is not active
2025-01-10 08:28:32 [http-nio-8080-exec-5] DEBUG org.mybatis.spring.SqlSessionUtils - SqlSession [org.apache.ibatis.session.defaults.DefaultSqlSession@5878f2ac] was not registered for synchronization because synchronization is not active
2025-01-10 08:28:32 [http-nio-8080-exec-6] DEBUG org.mybatis.spring.SqlSessionUtils - SqlSession [org.apache.ibatis.session.defaults.DefaultSqlSession@7bfd5274] was not registered for synchronization because synchronization is not active
2025-01-10 08:28:32 [http-nio-8080-exec-5] DEBUG o.m.s.t.SpringManagedTransaction - JDBC Connection [HikariProxyConnection@1725015716 wrapping com.mysql.cj.jdbc.ConnectionImpl@379120df] will not be managed by Spring
2025-01-10 08:28:32 [http-nio-8080-exec-6] DEBUG o.m.s.t.SpringManagedTransaction - JDBC Connection [HikariProxyConnection@1937036126 wrapping com.mysql.cj.jdbc.ConnectionImpl@15b510f0] will not be managed by Spring
2025-01-10 08:28:32 [http-nio-8080-exec-8] DEBUG o.m.s.t.SpringManagedTransaction - JDBC Connection [HikariProxyConnection@1766816837 wrapping com.mysql.cj.jdbc.ConnectionImpl@4e855d9] will not be managed by Spring
2025-01-10 08:28:32 [http-nio-8080-exec-5] DEBUG c.s.d.m.C.selectLnbSubList - ==>  Preparing: SELECT CT_LNB_SUB_IDX AS ctLnbSubIdx, CT_LNB_ID AS ctLnbId, CT_LNB_SUB_ID AS ctLnbSubId, CT_LNB_SUB_NAME AS ctLnbSubName, CT_LNB_SUB_URL AS ctLnbSubUrl FROM CT_LNB_SUB WHERE CT_LNB_ID = ? ORDER BY CT_LNB_SUB_IDX
2025-01-10 08:28:32 [http-nio-8080-exec-8] DEBUG c.s.d.m.C.selectLnbSubList - ==>  Preparing: SELECT CT_LNB_SUB_IDX AS ctLnbSubIdx, CT_LNB_ID AS ctLnbId, CT_LNB_SUB_ID AS ctLnbSubId, CT_LNB_SUB_NAME AS ctLnbSubName, CT_LNB_SUB_URL AS ctLnbSubUrl FROM CT_LNB_SUB WHERE CT_LNB_ID = ? ORDER BY CT_LNB_SUB_IDX
2025-01-10 08:28:32 [http-nio-8080-exec-6] DEBUG c.s.d.m.C.selectLnbSubList - ==>  Preparing: SELECT CT_LNB_SUB_IDX AS ctLnbSubIdx, CT_LNB_ID AS ctLnbId, CT_LNB_SUB_ID AS ctLnbSubId, CT_LNB_SUB_NAME AS ctLnbSubName, CT_LNB_SUB_URL AS ctLnbSubUrl FROM CT_LNB_SUB WHERE CT_LNB_ID = ? ORDER BY CT_LNB_SUB_IDX
2025-01-10 08:28:32 [http-nio-8080-exec-5] DEBUG c.s.d.m.C.selectLnbSubList - ==> Parameters: CT_LNB_INFORMATION(String)
2025-01-10 08:28:32 [http-nio-8080-exec-6] DEBUG c.s.d.m.C.selectLnbSubList - ==> Parameters: CT_LNB_CONTACT(String)
2025-01-10 08:28:32 [http-nio-8080-exec-8] DEBUG c.s.d.m.C.selectLnbSubList - ==> Parameters: CT_LNB_SERVICE(String)
2025-01-10 08:28:32 [http-nio-8080-exec-6] DEBUG c.s.d.m.C.selectLnbSubList - <==      Total: 2
2025-01-10 08:28:32 [http-nio-8080-exec-5] DEBUG c.s.d.m.C.selectLnbSubList - <==      Total: 2
2025-01-10 08:28:32 [http-nio-8080-exec-8] DEBUG c.s.d.m.C.selectLnbSubList - <==      Total: 4
2025-01-10 08:28:32 [http-nio-8080-exec-6] DEBUG org.mybatis.spring.SqlSessionUtils - Closing non transactional SqlSession [org.apache.ibatis.session.defaults.DefaultSqlSession@7bfd5274]
2025-01-10 08:28:32 [http-nio-8080-exec-5] DEBUG org.mybatis.spring.SqlSessionUtils - Closing non transactional SqlSession [org.apache.ibatis.session.defaults.DefaultSqlSession@5878f2ac]
2025-01-10 08:28:32 [http-nio-8080-exec-8] DEBUG org.mybatis.spring.SqlSessionUtils - Closing non transactional SqlSession [org.apache.ibatis.session.defaults.DefaultSqlSession@1b83abac]
2025-01-10 08:28:35 [http-nio-8080-exec-7] WARN  o.t.s.p.AbstractStandardFragmentInsertionTagProcessor - [THYMELEAF][http-nio-8080-exec-7][common/layout/layout] Deprecated unwrapped fragment expression "common/fragments/header::header" found in template common/layout/layout, line 31, col 10. Please use the complete syntax of fragment expressions instead ("~{common/fragments/header::header}"). The old, unwrapped syntax for fragment expressions will be removed in future versions of Thymeleaf.
2025-01-10 08:28:35 [http-nio-8080-exec-7] WARN  o.t.s.p.AbstractStandardFragmentInsertionTagProcessor - [THYMELEAF][http-nio-8080-exec-7][common/layout/layout] Deprecated unwrapped fragment expression "common/fragments/footer::footer" found in template common/layout/layout, line 35, col 10. Please use the complete syntax of fragment expressions instead ("~{common/fragments/footer::footer}"). The old, unwrapped syntax for fragment expressions will be removed in future versions of Thymeleaf.
2025-01-10 08:28:35 [http-nio-8080-exec-7] DEBUG org.mybatis.spring.SqlSessionUtils - Creating a new SqlSession
2025-01-10 08:28:35 [http-nio-8080-exec-7] DEBUG org.mybatis.spring.SqlSessionUtils - SqlSession [org.apache.ibatis.session.defaults.DefaultSqlSession@d37646d] was not registered for synchronization because synchronization is not active
2025-01-10 08:28:35 [http-nio-8080-exec-7] DEBUG o.m.s.t.SpringManagedTransaction - JDBC Connection [HikariProxyConnection@1207996167 wrapping com.mysql.cj.jdbc.ConnectionImpl@15b510f0] will not be managed by Spring
2025-01-10 08:28:35 [http-nio-8080-exec-7] DEBUG c.s.d.m.CommonMapper.selectLnbList - ==>  Preparing: SELECT CT_LNB_IDX AS ctLnbIdx, CT_LNB_ID AS ctLnbId, CT_LNB_NAME AS ctLnbName, CT_LNB_SUB_YN AS ctLnbSubYn, CT_LNB_URL AS ctLnbUrl, CT_LNB_USE_YN AS ctLnbUseYn FROM CT_LNB WHERE CT_LNB_USE_YN = 'Y' ORDER BY CT_LNB_IDX
2025-01-10 08:28:35 [http-nio-8080-exec-7] DEBUG c.s.d.m.CommonMapper.selectLnbList - ==> Parameters: 
2025-01-10 08:28:35 [http-nio-8080-exec-7] DEBUG c.s.d.m.CommonMapper.selectLnbList - <==      Total: 4
2025-01-10 08:28:35 [http-nio-8080-exec-7] DEBUG org.mybatis.spring.SqlSessionUtils - Closing non transactional SqlSession [org.apache.ibatis.session.defaults.DefaultSqlSession@d37646d]
2025-01-10 08:28:35 [http-nio-8080-exec-10] DEBUG org.mybatis.spring.SqlSessionUtils - Creating a new SqlSession
2025-01-10 08:28:35 [http-nio-8080-exec-10] DEBUG org.mybatis.spring.SqlSessionUtils - SqlSession [org.apache.ibatis.session.defaults.DefaultSqlSession@75aee532] was not registered for synchronization because synchronization is not active
2025-01-10 08:28:35 [http-nio-8080-exec-10] DEBUG o.m.s.t.SpringManagedTransaction - JDBC Connection [HikariProxyConnection@1880549407 wrapping com.mysql.cj.jdbc.ConnectionImpl@15b510f0] will not be managed by Spring
2025-01-10 08:28:35 [http-nio-8080-exec-10] DEBUG c.s.d.m.CommonMapper.selectLnbList - ==>  Preparing: SELECT CT_LNB_IDX AS ctLnbIdx, CT_LNB_ID AS ctLnbId, CT_LNB_NAME AS ctLnbName, CT_LNB_SUB_YN AS ctLnbSubYn, CT_LNB_URL AS ctLnbUrl, CT_LNB_USE_YN AS ctLnbUseYn FROM CT_LNB WHERE CT_LNB_USE_YN = 'Y' ORDER BY CT_LNB_IDX
2025-01-10 08:28:35 [http-nio-8080-exec-10] DEBUG c.s.d.m.CommonMapper.selectLnbList - ==> Parameters: 
2025-01-10 08:28:35 [http-nio-8080-exec-10] DEBUG c.s.d.m.CommonMapper.selectLnbList - <==      Total: 4
2025-01-10 08:28:35 [http-nio-8080-exec-10] DEBUG org.mybatis.spring.SqlSessionUtils - Closing non transactional SqlSession [org.apache.ibatis.session.defaults.DefaultSqlSession@75aee532]
2025-01-10 08:28:35 [http-nio-8080-exec-1] DEBUG org.mybatis.spring.SqlSessionUtils - Creating a new SqlSession
2025-01-10 08:28:35 [http-nio-8080-exec-4] DEBUG org.mybatis.spring.SqlSessionUtils - Creating a new SqlSession
2025-01-10 08:28:35 [http-nio-8080-exec-3] DEBUG org.mybatis.spring.SqlSessionUtils - Creating a new SqlSession
2025-01-10 08:28:35 [http-nio-8080-exec-1] DEBUG org.mybatis.spring.SqlSessionUtils - SqlSession [org.apache.ibatis.session.defaults.DefaultSqlSession@7055c31e] was not registered for synchronization because synchronization is not active
2025-01-10 08:28:35 [http-nio-8080-exec-4] DEBUG org.mybatis.spring.SqlSessionUtils - SqlSession [org.apache.ibatis.session.defaults.DefaultSqlSession@4283b69c] was not registered for synchronization because synchronization is not active
2025-01-10 08:28:35 [http-nio-8080-exec-3] DEBUG org.mybatis.spring.SqlSessionUtils - SqlSession [org.apache.ibatis.session.defaults.DefaultSqlSession@4bcedcb2] was not registered for synchronization because synchronization is not active
2025-01-10 08:28:35 [http-nio-8080-exec-3] DEBUG o.m.s.t.SpringManagedTransaction - JDBC Connection [HikariProxyConnection@814606846 wrapping com.mysql.cj.jdbc.ConnectionImpl@15b510f0] will not be managed by Spring
2025-01-10 08:28:35 [http-nio-8080-exec-3] DEBUG c.s.d.m.C.selectLnbSubList - ==>  Preparing: SELECT CT_LNB_SUB_IDX AS ctLnbSubIdx, CT_LNB_ID AS ctLnbId, CT_LNB_SUB_ID AS ctLnbSubId, CT_LNB_SUB_NAME AS ctLnbSubName, CT_LNB_SUB_URL AS ctLnbSubUrl FROM CT_LNB_SUB WHERE CT_LNB_ID = ? ORDER BY CT_LNB_SUB_IDX
2025-01-10 08:28:35 [http-nio-8080-exec-3] DEBUG c.s.d.m.C.selectLnbSubList - ==> Parameters: CT_LNB_CONTACT(String)
2025-01-10 08:28:35 [http-nio-8080-exec-4] DEBUG o.m.s.t.SpringManagedTransaction - JDBC Connection [HikariProxyConnection@1543126521 wrapping com.mysql.cj.jdbc.ConnectionImpl@4e855d9] will not be managed by Spring
2025-01-10 08:28:35 [http-nio-8080-exec-1] DEBUG o.m.s.t.SpringManagedTransaction - JDBC Connection [HikariProxyConnection@1579243022 wrapping com.mysql.cj.jdbc.ConnectionImpl@379120df] will not be managed by Spring
2025-01-10 08:28:35 [http-nio-8080-exec-4] DEBUG c.s.d.m.C.selectLnbSubList - ==>  Preparing: SELECT CT_LNB_SUB_IDX AS ctLnbSubIdx, CT_LNB_ID AS ctLnbId, CT_LNB_SUB_ID AS ctLnbSubId, CT_LNB_SUB_NAME AS ctLnbSubName, CT_LNB_SUB_URL AS ctLnbSubUrl FROM CT_LNB_SUB WHERE CT_LNB_ID = ? ORDER BY CT_LNB_SUB_IDX
2025-01-10 08:28:35 [http-nio-8080-exec-1] DEBUG c.s.d.m.C.selectLnbSubList - ==>  Preparing: SELECT CT_LNB_SUB_IDX AS ctLnbSubIdx, CT_LNB_ID AS ctLnbId, CT_LNB_SUB_ID AS ctLnbSubId, CT_LNB_SUB_NAME AS ctLnbSubName, CT_LNB_SUB_URL AS ctLnbSubUrl FROM CT_LNB_SUB WHERE CT_LNB_ID = ? ORDER BY CT_LNB_SUB_IDX
2025-01-10 08:28:35 [http-nio-8080-exec-4] DEBUG c.s.d.m.C.selectLnbSubList - ==> Parameters: CT_LNB_SERVICE(String)
2025-01-10 08:28:35 [http-nio-8080-exec-1] DEBUG c.s.d.m.C.selectLnbSubList - ==> Parameters: CT_LNB_INFORMATION(String)
2025-01-10 08:28:35 [http-nio-8080-exec-1] DEBUG c.s.d.m.C.selectLnbSubList - <==      Total: 2
2025-01-10 08:28:35 [http-nio-8080-exec-4] DEBUG c.s.d.m.C.selectLnbSubList - <==      Total: 4
2025-01-10 08:28:35 [http-nio-8080-exec-3] DEBUG c.s.d.m.C.selectLnbSubList - <==      Total: 2
2025-01-10 08:28:35 [http-nio-8080-exec-4] DEBUG org.mybatis.spring.SqlSessionUtils - Closing non transactional SqlSession [org.apache.ibatis.session.defaults.DefaultSqlSession@4283b69c]
2025-01-10 08:28:35 [http-nio-8080-exec-3] DEBUG org.mybatis.spring.SqlSessionUtils - Closing non transactional SqlSession [org.apache.ibatis.session.defaults.DefaultSqlSession@4bcedcb2]
2025-01-10 08:28:35 [http-nio-8080-exec-1] DEBUG org.mybatis.spring.SqlSessionUtils - Closing non transactional SqlSession [org.apache.ibatis.session.defaults.DefaultSqlSession@7055c31e]
2025-01-10 08:28:35 [http-nio-8080-exec-2] DEBUG org.mybatis.spring.SqlSessionUtils - Creating a new SqlSession
2025-01-10 08:28:35 [http-nio-8080-exec-2] DEBUG org.mybatis.spring.SqlSessionUtils - SqlSession [org.apache.ibatis.session.defaults.DefaultSqlSession@42e02dbd] was not registered for synchronization because synchronization is not active
2025-01-10 08:28:35 [http-nio-8080-exec-2] DEBUG o.m.s.t.SpringManagedTransaction - JDBC Connection [HikariProxyConnection@1032387312 wrapping com.mysql.cj.jdbc.ConnectionImpl@379120df] will not be managed by Spring
2025-01-10 08:28:35 [http-nio-8080-exec-9] DEBUG org.mybatis.spring.SqlSessionUtils - Creating a new SqlSession
2025-01-10 08:28:35 [http-nio-8080-exec-8] DEBUG org.mybatis.spring.SqlSessionUtils - Creating a new SqlSession
2025-01-10 08:28:35 [http-nio-8080-exec-2] DEBUG c.s.d.m.C.selectLnbSubList - ==>  Preparing: SELECT CT_LNB_SUB_IDX AS ctLnbSubIdx, CT_LNB_ID AS ctLnbId, CT_LNB_SUB_ID AS ctLnbSubId, CT_LNB_SUB_NAME AS ctLnbSubName, CT_LNB_SUB_URL AS ctLnbSubUrl FROM CT_LNB_SUB WHERE CT_LNB_ID = ? ORDER BY CT_LNB_SUB_IDX
2025-01-10 08:28:35 [http-nio-8080-exec-9] DEBUG org.mybatis.spring.SqlSessionUtils - SqlSession [org.apache.ibatis.session.defaults.DefaultSqlSession@55ddc9f7] was not registered for synchronization because synchronization is not active
2025-01-10 08:28:35 [http-nio-8080-exec-8] DEBUG org.mybatis.spring.SqlSessionUtils - SqlSession [org.apache.ibatis.session.defaults.DefaultSqlSession@26e04edc] was not registered for synchronization because synchronization is not active
2025-01-10 08:28:35 [http-nio-8080-exec-8] DEBUG o.m.s.t.SpringManagedTransaction - JDBC Connection [HikariProxyConnection@887075601 wrapping com.mysql.cj.jdbc.ConnectionImpl@15b510f0] will not be managed by Spring
2025-01-10 08:28:35 [http-nio-8080-exec-9] DEBUG o.m.s.t.SpringManagedTransaction - JDBC Connection [HikariProxyConnection@1413593524 wrapping com.mysql.cj.jdbc.ConnectionImpl@4e855d9] will not be managed by Spring
2025-01-10 08:28:35 [http-nio-8080-exec-8] DEBUG c.s.d.m.C.selectLnbSubList - ==>  Preparing: SELECT CT_LNB_SUB_IDX AS ctLnbSubIdx, CT_LNB_ID AS ctLnbId, CT_LNB_SUB_ID AS ctLnbSubId, CT_LNB_SUB_NAME AS ctLnbSubName, CT_LNB_SUB_URL AS ctLnbSubUrl FROM CT_LNB_SUB WHERE CT_LNB_ID = ? ORDER BY CT_LNB_SUB_IDX
2025-01-10 08:28:35 [http-nio-8080-exec-9] DEBUG c.s.d.m.C.selectLnbSubList - ==>  Preparing: SELECT CT_LNB_SUB_IDX AS ctLnbSubIdx, CT_LNB_ID AS ctLnbId, CT_LNB_SUB_ID AS ctLnbSubId, CT_LNB_SUB_NAME AS ctLnbSubName, CT_LNB_SUB_URL AS ctLnbSubUrl FROM CT_LNB_SUB WHERE CT_LNB_ID = ? ORDER BY CT_LNB_SUB_IDX
2025-01-10 08:28:35 [http-nio-8080-exec-2] DEBUG c.s.d.m.C.selectLnbSubList - ==> Parameters: CT_LNB_INFORMATION(String)
2025-01-10 08:28:35 [http-nio-8080-exec-9] DEBUG c.s.d.m.C.selectLnbSubList - ==> Parameters: CT_LNB_SERVICE(String)
2025-01-10 08:28:35 [http-nio-8080-exec-8] DEBUG c.s.d.m.C.selectLnbSubList - ==> Parameters: CT_LNB_CONTACT(String)
2025-01-10 08:28:35 [http-nio-8080-exec-2] DEBUG c.s.d.m.C.selectLnbSubList - <==      Total: 2
2025-01-10 08:28:35 [http-nio-8080-exec-8] DEBUG c.s.d.m.C.selectLnbSubList - <==      Total: 2
2025-01-10 08:28:35 [http-nio-8080-exec-2] DEBUG org.mybatis.spring.SqlSessionUtils - Closing non transactional SqlSession [org.apache.ibatis.session.defaults.DefaultSqlSession@42e02dbd]
2025-01-10 08:28:35 [http-nio-8080-exec-9] DEBUG c.s.d.m.C.selectLnbSubList - <==      Total: 4
2025-01-10 08:28:35 [http-nio-8080-exec-8] DEBUG org.mybatis.spring.SqlSessionUtils - Closing non transactional SqlSession [org.apache.ibatis.session.defaults.DefaultSqlSession@26e04edc]
2025-01-10 08:28:35 [http-nio-8080-exec-9] DEBUG org.mybatis.spring.SqlSessionUtils - Closing non transactional SqlSession [org.apache.ibatis.session.defaults.DefaultSqlSession@55ddc9f7]
2025-01-10 08:30:28 [http-nio-8080-exec-3] WARN  o.t.s.p.AbstractStandardFragmentInsertionTagProcessor - [THYMELEAF][http-nio-8080-exec-3][common/layout/layout] Deprecated unwrapped fragment expression "common/fragments/header::header" found in template common/layout/layout, line 31, col 10. Please use the complete syntax of fragment expressions instead ("~{common/fragments/header::header}"). The old, unwrapped syntax for fragment expressions will be removed in future versions of Thymeleaf.
2025-01-10 08:30:28 [http-nio-8080-exec-3] WARN  o.t.s.p.AbstractStandardFragmentInsertionTagProcessor - [THYMELEAF][http-nio-8080-exec-3][common/layout/layout] Deprecated unwrapped fragment expression "common/fragments/footer::footer" found in template common/layout/layout, line 35, col 10. Please use the complete syntax of fragment expressions instead ("~{common/fragments/footer::footer}"). The old, unwrapped syntax for fragment expressions will be removed in future versions of Thymeleaf.
2025-01-10 08:30:28 [http-nio-8080-exec-3] DEBUG org.mybatis.spring.SqlSessionUtils - Creating a new SqlSession
2025-01-10 08:30:28 [http-nio-8080-exec-3] DEBUG org.mybatis.spring.SqlSessionUtils - SqlSession [org.apache.ibatis.session.defaults.DefaultSqlSession@5b435f32] was not registered for synchronization because synchronization is not active
2025-01-10 08:30:28 [http-nio-8080-exec-3] DEBUG o.m.s.t.SpringManagedTransaction - JDBC Connection [HikariProxyConnection@1083455567 wrapping com.mysql.cj.jdbc.ConnectionImpl@15b510f0] will not be managed by Spring
2025-01-10 08:30:28 [http-nio-8080-exec-3] DEBUG c.s.d.m.CommonMapper.selectLnbList - ==>  Preparing: SELECT CT_LNB_IDX AS ctLnbIdx, CT_LNB_ID AS ctLnbId, CT_LNB_NAME AS ctLnbName, CT_LNB_SUB_YN AS ctLnbSubYn, CT_LNB_URL AS ctLnbUrl, CT_LNB_USE_YN AS ctLnbUseYn FROM CT_LNB WHERE CT_LNB_USE_YN = 'Y' ORDER BY CT_LNB_IDX
2025-01-10 08:30:28 [http-nio-8080-exec-3] DEBUG c.s.d.m.CommonMapper.selectLnbList - ==> Parameters: 
2025-01-10 08:30:28 [http-nio-8080-exec-3] DEBUG c.s.d.m.CommonMapper.selectLnbList - <==      Total: 4
2025-01-10 08:30:28 [http-nio-8080-exec-3] DEBUG org.mybatis.spring.SqlSessionUtils - Closing non transactional SqlSession [org.apache.ibatis.session.defaults.DefaultSqlSession@5b435f32]
2025-01-10 08:30:28 [http-nio-8080-exec-8] DEBUG org.mybatis.spring.SqlSessionUtils - Creating a new SqlSession
2025-01-10 08:30:28 [http-nio-8080-exec-8] DEBUG org.mybatis.spring.SqlSessionUtils - SqlSession [org.apache.ibatis.session.defaults.DefaultSqlSession@257da3c1] was not registered for synchronization because synchronization is not active
2025-01-10 08:30:28 [http-nio-8080-exec-8] DEBUG o.m.s.t.SpringManagedTransaction - JDBC Connection [HikariProxyConnection@1819532100 wrapping com.mysql.cj.jdbc.ConnectionImpl@15b510f0] will not be managed by Spring
2025-01-10 08:30:28 [http-nio-8080-exec-8] DEBUG c.s.d.m.CommonMapper.selectLnbList - ==>  Preparing: SELECT CT_LNB_IDX AS ctLnbIdx, CT_LNB_ID AS ctLnbId, CT_LNB_NAME AS ctLnbName, CT_LNB_SUB_YN AS ctLnbSubYn, CT_LNB_URL AS ctLnbUrl, CT_LNB_USE_YN AS ctLnbUseYn FROM CT_LNB WHERE CT_LNB_USE_YN = 'Y' ORDER BY CT_LNB_IDX
2025-01-10 08:30:28 [http-nio-8080-exec-8] DEBUG c.s.d.m.CommonMapper.selectLnbList - ==> Parameters: 
2025-01-10 08:30:28 [http-nio-8080-exec-8] DEBUG c.s.d.m.CommonMapper.selectLnbList - <==      Total: 4
2025-01-10 08:30:28 [http-nio-8080-exec-8] DEBUG org.mybatis.spring.SqlSessionUtils - Closing non transactional SqlSession [org.apache.ibatis.session.defaults.DefaultSqlSession@257da3c1]
2025-01-10 08:30:28 [http-nio-8080-exec-5] DEBUG org.mybatis.spring.SqlSessionUtils - Creating a new SqlSession
2025-01-10 08:30:28 [http-nio-8080-exec-9] DEBUG org.mybatis.spring.SqlSessionUtils - Creating a new SqlSession
2025-01-10 08:30:28 [http-nio-8080-exec-2] DEBUG org.mybatis.spring.SqlSessionUtils - Creating a new SqlSession
2025-01-10 08:30:28 [http-nio-8080-exec-5] DEBUG org.mybatis.spring.SqlSessionUtils - SqlSession [org.apache.ibatis.session.defaults.DefaultSqlSession@6c775097] was not registered for synchronization because synchronization is not active
2025-01-10 08:30:28 [http-nio-8080-exec-2] DEBUG org.mybatis.spring.SqlSessionUtils - SqlSession [org.apache.ibatis.session.defaults.DefaultSqlSession@4d689d89] was not registered for synchronization because synchronization is not active
2025-01-10 08:30:28 [http-nio-8080-exec-9] DEBUG org.mybatis.spring.SqlSessionUtils - SqlSession [org.apache.ibatis.session.defaults.DefaultSqlSession@458f4782] was not registered for synchronization because synchronization is not active
2025-01-10 08:30:28 [http-nio-8080-exec-2] DEBUG o.m.s.t.SpringManagedTransaction - JDBC Connection [HikariProxyConnection@936223150 wrapping com.mysql.cj.jdbc.ConnectionImpl@15b510f0] will not be managed by Spring
2025-01-10 08:30:28 [http-nio-8080-exec-2] DEBUG c.s.d.m.C.selectLnbSubList - ==>  Preparing: SELECT CT_LNB_SUB_IDX AS ctLnbSubIdx, CT_LNB_ID AS ctLnbId, CT_LNB_SUB_ID AS ctLnbSubId, CT_LNB_SUB_NAME AS ctLnbSubName, CT_LNB_SUB_URL AS ctLnbSubUrl FROM CT_LNB_SUB WHERE CT_LNB_ID = ? ORDER BY CT_LNB_SUB_IDX
2025-01-10 08:30:28 [http-nio-8080-exec-2] DEBUG c.s.d.m.C.selectLnbSubList - ==> Parameters: CT_LNB_INFORMATION(String)
2025-01-10 08:30:28 [http-nio-8080-exec-5] DEBUG o.m.s.t.SpringManagedTransaction - JDBC Connection [HikariProxyConnection@19864076 wrapping com.mysql.cj.jdbc.ConnectionImpl@379120df] will not be managed by Spring
2025-01-10 08:30:28 [http-nio-8080-exec-9] DEBUG o.m.s.t.SpringManagedTransaction - JDBC Connection [HikariProxyConnection@475712158 wrapping com.mysql.cj.jdbc.ConnectionImpl@4e855d9] will not be managed by Spring
2025-01-10 08:30:28 [http-nio-8080-exec-5] DEBUG c.s.d.m.C.selectLnbSubList - ==>  Preparing: SELECT CT_LNB_SUB_IDX AS ctLnbSubIdx, CT_LNB_ID AS ctLnbId, CT_LNB_SUB_ID AS ctLnbSubId, CT_LNB_SUB_NAME AS ctLnbSubName, CT_LNB_SUB_URL AS ctLnbSubUrl FROM CT_LNB_SUB WHERE CT_LNB_ID = ? ORDER BY CT_LNB_SUB_IDX
2025-01-10 08:30:28 [http-nio-8080-exec-9] DEBUG c.s.d.m.C.selectLnbSubList - ==>  Preparing: SELECT CT_LNB_SUB_IDX AS ctLnbSubIdx, CT_LNB_ID AS ctLnbId, CT_LNB_SUB_ID AS ctLnbSubId, CT_LNB_SUB_NAME AS ctLnbSubName, CT_LNB_SUB_URL AS ctLnbSubUrl FROM CT_LNB_SUB WHERE CT_LNB_ID = ? ORDER BY CT_LNB_SUB_IDX
2025-01-10 08:30:28 [http-nio-8080-exec-5] DEBUG c.s.d.m.C.selectLnbSubList - ==> Parameters: CT_LNB_CONTACT(String)
2025-01-10 08:30:28 [http-nio-8080-exec-9] DEBUG c.s.d.m.C.selectLnbSubList - ==> Parameters: CT_LNB_SERVICE(String)
2025-01-10 08:30:28 [http-nio-8080-exec-5] DEBUG c.s.d.m.C.selectLnbSubList - <==      Total: 2
2025-01-10 08:30:28 [http-nio-8080-exec-2] DEBUG c.s.d.m.C.selectLnbSubList - <==      Total: 2
2025-01-10 08:30:28 [http-nio-8080-exec-9] DEBUG c.s.d.m.C.selectLnbSubList - <==      Total: 4
2025-01-10 08:30:28 [http-nio-8080-exec-5] DEBUG org.mybatis.spring.SqlSessionUtils - Closing non transactional SqlSession [org.apache.ibatis.session.defaults.DefaultSqlSession@6c775097]
2025-01-10 08:30:28 [http-nio-8080-exec-2] DEBUG org.mybatis.spring.SqlSessionUtils - Closing non transactional SqlSession [org.apache.ibatis.session.defaults.DefaultSqlSession@4d689d89]
2025-01-10 08:30:28 [http-nio-8080-exec-9] DEBUG org.mybatis.spring.SqlSessionUtils - Closing non transactional SqlSession [org.apache.ibatis.session.defaults.DefaultSqlSession@458f4782]
2025-01-10 08:30:28 [http-nio-8080-exec-4] DEBUG org.mybatis.spring.SqlSessionUtils - Creating a new SqlSession
2025-01-10 08:30:28 [http-nio-8080-exec-6] DEBUG org.mybatis.spring.SqlSessionUtils - Creating a new SqlSession
2025-01-10 08:30:28 [http-nio-8080-exec-10] DEBUG org.mybatis.spring.SqlSessionUtils - Creating a new SqlSession
2025-01-10 08:30:28 [http-nio-8080-exec-4] DEBUG org.mybatis.spring.SqlSessionUtils - SqlSession [org.apache.ibatis.session.defaults.DefaultSqlSession@1a57916c] was not registered for synchronization because synchronization is not active
2025-01-10 08:30:28 [http-nio-8080-exec-6] DEBUG org.mybatis.spring.SqlSessionUtils - SqlSession [org.apache.ibatis.session.defaults.DefaultSqlSession@61bf138a] was not registered for synchronization because synchronization is not active
2025-01-10 08:30:28 [http-nio-8080-exec-10] DEBUG org.mybatis.spring.SqlSessionUtils - SqlSession [org.apache.ibatis.session.defaults.DefaultSqlSession@23f245ba] was not registered for synchronization because synchronization is not active
2025-01-10 08:30:28 [http-nio-8080-exec-6] DEBUG o.m.s.t.SpringManagedTransaction - JDBC Connection [HikariProxyConnection@153033038 wrapping com.mysql.cj.jdbc.ConnectionImpl@15b510f0] will not be managed by Spring
2025-01-10 08:30:28 [http-nio-8080-exec-10] DEBUG o.m.s.t.SpringManagedTransaction - JDBC Connection [HikariProxyConnection@1684211659 wrapping com.mysql.cj.jdbc.ConnectionImpl@379120df] will not be managed by Spring
2025-01-10 08:30:28 [http-nio-8080-exec-10] DEBUG c.s.d.m.C.selectLnbSubList - ==>  Preparing: SELECT CT_LNB_SUB_IDX AS ctLnbSubIdx, CT_LNB_ID AS ctLnbId, CT_LNB_SUB_ID AS ctLnbSubId, CT_LNB_SUB_NAME AS ctLnbSubName, CT_LNB_SUB_URL AS ctLnbSubUrl FROM CT_LNB_SUB WHERE CT_LNB_ID = ? ORDER BY CT_LNB_SUB_IDX
2025-01-10 08:30:28 [http-nio-8080-exec-4] DEBUG o.m.s.t.SpringManagedTransaction - JDBC Connection [HikariProxyConnection@273179178 wrapping com.mysql.cj.jdbc.ConnectionImpl@4e855d9] will not be managed by Spring
2025-01-10 08:30:28 [http-nio-8080-exec-6] DEBUG c.s.d.m.C.selectLnbSubList - ==>  Preparing: SELECT CT_LNB_SUB_IDX AS ctLnbSubIdx, CT_LNB_ID AS ctLnbId, CT_LNB_SUB_ID AS ctLnbSubId, CT_LNB_SUB_NAME AS ctLnbSubName, CT_LNB_SUB_URL AS ctLnbSubUrl FROM CT_LNB_SUB WHERE CT_LNB_ID = ? ORDER BY CT_LNB_SUB_IDX
2025-01-10 08:30:28 [http-nio-8080-exec-4] DEBUG c.s.d.m.C.selectLnbSubList - ==>  Preparing: SELECT CT_LNB_SUB_IDX AS ctLnbSubIdx, CT_LNB_ID AS ctLnbId, CT_LNB_SUB_ID AS ctLnbSubId, CT_LNB_SUB_NAME AS ctLnbSubName, CT_LNB_SUB_URL AS ctLnbSubUrl FROM CT_LNB_SUB WHERE CT_LNB_ID = ? ORDER BY CT_LNB_SUB_IDX
2025-01-10 08:30:28 [http-nio-8080-exec-10] DEBUG c.s.d.m.C.selectLnbSubList - ==> Parameters: CT_LNB_CONTACT(String)
2025-01-10 08:30:28 [http-nio-8080-exec-6] DEBUG c.s.d.m.C.selectLnbSubList - ==> Parameters: CT_LNB_SERVICE(String)
2025-01-10 08:30:28 [http-nio-8080-exec-4] DEBUG c.s.d.m.C.selectLnbSubList - ==> Parameters: CT_LNB_INFORMATION(String)
2025-01-10 08:30:28 [http-nio-8080-exec-10] DEBUG c.s.d.m.C.selectLnbSubList - <==      Total: 2
2025-01-10 08:30:28 [http-nio-8080-exec-4] DEBUG c.s.d.m.C.selectLnbSubList - <==      Total: 2
2025-01-10 08:30:28 [http-nio-8080-exec-6] DEBUG c.s.d.m.C.selectLnbSubList - <==      Total: 4
2025-01-10 08:30:28 [http-nio-8080-exec-10] DEBUG org.mybatis.spring.SqlSessionUtils - Closing non transactional SqlSession [org.apache.ibatis.session.defaults.DefaultSqlSession@23f245ba]
2025-01-10 08:30:28 [http-nio-8080-exec-4] DEBUG org.mybatis.spring.SqlSessionUtils - Closing non transactional SqlSession [org.apache.ibatis.session.defaults.DefaultSqlSession@1a57916c]
2025-01-10 08:30:28 [http-nio-8080-exec-6] DEBUG org.mybatis.spring.SqlSessionUtils - Closing non transactional SqlSession [org.apache.ibatis.session.defaults.DefaultSqlSession@61bf138a]
2025-01-10 08:30:41 [http-nio-8080-exec-7] WARN  o.t.s.p.AbstractStandardFragmentInsertionTagProcessor - [THYMELEAF][http-nio-8080-exec-7][common/layout/layout] Deprecated unwrapped fragment expression "common/fragments/header::header" found in template common/layout/layout, line 31, col 10. Please use the complete syntax of fragment expressions instead ("~{common/fragments/header::header}"). The old, unwrapped syntax for fragment expressions will be removed in future versions of Thymeleaf.
2025-01-10 08:30:41 [http-nio-8080-exec-7] WARN  o.t.s.p.AbstractStandardFragmentInsertionTagProcessor - [THYMELEAF][http-nio-8080-exec-7][common/layout/layout] Deprecated unwrapped fragment expression "common/fragments/footer::footer" found in template common/layout/layout, line 35, col 10. Please use the complete syntax of fragment expressions instead ("~{common/fragments/footer::footer}"). The old, unwrapped syntax for fragment expressions will be removed in future versions of Thymeleaf.
2025-01-10 08:30:41 [http-nio-8080-exec-7] DEBUG org.mybatis.spring.SqlSessionUtils - Creating a new SqlSession
2025-01-10 08:30:41 [http-nio-8080-exec-7] DEBUG org.mybatis.spring.SqlSessionUtils - SqlSession [org.apache.ibatis.session.defaults.DefaultSqlSession@27450923] was not registered for synchronization because synchronization is not active
2025-01-10 08:30:41 [http-nio-8080-exec-7] DEBUG o.m.s.t.SpringManagedTransaction - JDBC Connection [HikariProxyConnection@926232663 wrapping com.mysql.cj.jdbc.ConnectionImpl@15b510f0] will not be managed by Spring
2025-01-10 08:30:41 [http-nio-8080-exec-7] DEBUG c.s.d.m.CommonMapper.selectLnbList - ==>  Preparing: SELECT CT_LNB_IDX AS ctLnbIdx, CT_LNB_ID AS ctLnbId, CT_LNB_NAME AS ctLnbName, CT_LNB_SUB_YN AS ctLnbSubYn, CT_LNB_URL AS ctLnbUrl, CT_LNB_USE_YN AS ctLnbUseYn FROM CT_LNB WHERE CT_LNB_USE_YN = 'Y' ORDER BY CT_LNB_IDX
2025-01-10 08:30:41 [http-nio-8080-exec-7] DEBUG c.s.d.m.CommonMapper.selectLnbList - ==> Parameters: 
2025-01-10 08:30:41 [http-nio-8080-exec-7] DEBUG c.s.d.m.CommonMapper.selectLnbList - <==      Total: 4
2025-01-10 08:30:41 [http-nio-8080-exec-7] DEBUG org.mybatis.spring.SqlSessionUtils - Closing non transactional SqlSession [org.apache.ibatis.session.defaults.DefaultSqlSession@27450923]
2025-01-10 08:30:41 [http-nio-8080-exec-1] DEBUG org.mybatis.spring.SqlSessionUtils - Creating a new SqlSession
2025-01-10 08:30:41 [http-nio-8080-exec-1] DEBUG org.mybatis.spring.SqlSessionUtils - SqlSession [org.apache.ibatis.session.defaults.DefaultSqlSession@350092cf] was not registered for synchronization because synchronization is not active
2025-01-10 08:30:41 [http-nio-8080-exec-1] DEBUG o.m.s.t.SpringManagedTransaction - JDBC Connection [HikariProxyConnection@1601740842 wrapping com.mysql.cj.jdbc.ConnectionImpl@379120df] will not be managed by Spring
2025-01-10 08:30:41 [http-nio-8080-exec-1] DEBUG c.s.d.m.CommonMapper.selectLnbList - ==>  Preparing: SELECT CT_LNB_IDX AS ctLnbIdx, CT_LNB_ID AS ctLnbId, CT_LNB_NAME AS ctLnbName, CT_LNB_SUB_YN AS ctLnbSubYn, CT_LNB_URL AS ctLnbUrl, CT_LNB_USE_YN AS ctLnbUseYn FROM CT_LNB WHERE CT_LNB_USE_YN = 'Y' ORDER BY CT_LNB_IDX
2025-01-10 08:30:41 [http-nio-8080-exec-1] DEBUG c.s.d.m.CommonMapper.selectLnbList - ==> Parameters: 
2025-01-10 08:30:41 [http-nio-8080-exec-1] DEBUG c.s.d.m.CommonMapper.selectLnbList - <==      Total: 4
2025-01-10 08:30:41 [http-nio-8080-exec-1] DEBUG org.mybatis.spring.SqlSessionUtils - Closing non transactional SqlSession [org.apache.ibatis.session.defaults.DefaultSqlSession@350092cf]
2025-01-10 08:30:41 [http-nio-8080-exec-8] DEBUG org.mybatis.spring.SqlSessionUtils - Creating a new SqlSession
2025-01-10 08:30:41 [http-nio-8080-exec-3] DEBUG org.mybatis.spring.SqlSessionUtils - Creating a new SqlSession
2025-01-10 08:30:41 [http-nio-8080-exec-2] DEBUG org.mybatis.spring.SqlSessionUtils - Creating a new SqlSession
2025-01-10 08:30:41 [http-nio-8080-exec-8] DEBUG org.mybatis.spring.SqlSessionUtils - SqlSession [org.apache.ibatis.session.defaults.DefaultSqlSession@7d1593e5] was not registered for synchronization because synchronization is not active
2025-01-10 08:30:41 [http-nio-8080-exec-3] DEBUG org.mybatis.spring.SqlSessionUtils - SqlSession [org.apache.ibatis.session.defaults.DefaultSqlSession@5318ba81] was not registered for synchronization because synchronization is not active
2025-01-10 08:30:41 [http-nio-8080-exec-2] DEBUG org.mybatis.spring.SqlSessionUtils - SqlSession [org.apache.ibatis.session.defaults.DefaultSqlSession@61224bc3] was not registered for synchronization because synchronization is not active
2025-01-10 08:30:41 [http-nio-8080-exec-8] DEBUG o.m.s.t.SpringManagedTransaction - JDBC Connection [HikariProxyConnection@256823032 wrapping com.mysql.cj.jdbc.ConnectionImpl@15b510f0] will not be managed by Spring
2025-01-10 08:30:41 [http-nio-8080-exec-8] DEBUG c.s.d.m.C.selectLnbSubList - ==>  Preparing: SELECT CT_LNB_SUB_IDX AS ctLnbSubIdx, CT_LNB_ID AS ctLnbId, CT_LNB_SUB_ID AS ctLnbSubId, CT_LNB_SUB_NAME AS ctLnbSubName, CT_LNB_SUB_URL AS ctLnbSubUrl FROM CT_LNB_SUB WHERE CT_LNB_ID = ? ORDER BY CT_LNB_SUB_IDX
2025-01-10 08:30:41 [http-nio-8080-exec-3] DEBUG o.m.s.t.SpringManagedTransaction - JDBC Connection [HikariProxyConnection@1316634961 wrapping com.mysql.cj.jdbc.ConnectionImpl@379120df] will not be managed by Spring
2025-01-10 08:30:41 [http-nio-8080-exec-8] DEBUG c.s.d.m.C.selectLnbSubList - ==> Parameters: CT_LNB_SERVICE(String)
2025-01-10 08:30:41 [http-nio-8080-exec-2] DEBUG o.m.s.t.SpringManagedTransaction - JDBC Connection [HikariProxyConnection@1001932440 wrapping com.mysql.cj.jdbc.ConnectionImpl@4e855d9] will not be managed by Spring
2025-01-10 08:30:41 [http-nio-8080-exec-3] DEBUG c.s.d.m.C.selectLnbSubList - ==>  Preparing: SELECT CT_LNB_SUB_IDX AS ctLnbSubIdx, CT_LNB_ID AS ctLnbId, CT_LNB_SUB_ID AS ctLnbSubId, CT_LNB_SUB_NAME AS ctLnbSubName, CT_LNB_SUB_URL AS ctLnbSubUrl FROM CT_LNB_SUB WHERE CT_LNB_ID = ? ORDER BY CT_LNB_SUB_IDX
2025-01-10 08:30:41 [http-nio-8080-exec-2] DEBUG c.s.d.m.C.selectLnbSubList - ==>  Preparing: SELECT CT_LNB_SUB_IDX AS ctLnbSubIdx, CT_LNB_ID AS ctLnbId, CT_LNB_SUB_ID AS ctLnbSubId, CT_LNB_SUB_NAME AS ctLnbSubName, CT_LNB_SUB_URL AS ctLnbSubUrl FROM CT_LNB_SUB WHERE CT_LNB_ID = ? ORDER BY CT_LNB_SUB_IDX
2025-01-10 08:30:41 [http-nio-8080-exec-2] DEBUG c.s.d.m.C.selectLnbSubList - ==> Parameters: CT_LNB_CONTACT(String)
2025-01-10 08:30:41 [http-nio-8080-exec-3] DEBUG c.s.d.m.C.selectLnbSubList - ==> Parameters: CT_LNB_INFORMATION(String)
2025-01-10 08:30:41 [http-nio-8080-exec-2] DEBUG c.s.d.m.C.selectLnbSubList - <==      Total: 2
2025-01-10 08:30:41 [http-nio-8080-exec-8] DEBUG c.s.d.m.C.selectLnbSubList - <==      Total: 4
2025-01-10 08:30:41 [http-nio-8080-exec-3] DEBUG c.s.d.m.C.selectLnbSubList - <==      Total: 2
2025-01-10 08:30:41 [http-nio-8080-exec-2] DEBUG org.mybatis.spring.SqlSessionUtils - Closing non transactional SqlSession [org.apache.ibatis.session.defaults.DefaultSqlSession@61224bc3]
2025-01-10 08:30:41 [http-nio-8080-exec-8] DEBUG org.mybatis.spring.SqlSessionUtils - Closing non transactional SqlSession [org.apache.ibatis.session.defaults.DefaultSqlSession@7d1593e5]
2025-01-10 08:30:41 [http-nio-8080-exec-3] DEBUG org.mybatis.spring.SqlSessionUtils - Closing non transactional SqlSession [org.apache.ibatis.session.defaults.DefaultSqlSession@5318ba81]
2025-01-10 08:30:41 [http-nio-8080-exec-5] DEBUG org.mybatis.spring.SqlSessionUtils - Creating a new SqlSession
2025-01-10 08:30:41 [http-nio-8080-exec-9] DEBUG org.mybatis.spring.SqlSessionUtils - Creating a new SqlSession
2025-01-10 08:30:41 [http-nio-8080-exec-5] DEBUG org.mybatis.spring.SqlSessionUtils - SqlSession [org.apache.ibatis.session.defaults.DefaultSqlSession@5b959e38] was not registered for synchronization because synchronization is not active
2025-01-10 08:30:41 [http-nio-8080-exec-9] DEBUG org.mybatis.spring.SqlSessionUtils - SqlSession [org.apache.ibatis.session.defaults.DefaultSqlSession@5de68150] was not registered for synchronization because synchronization is not active
2025-01-10 08:30:41 [http-nio-8080-exec-10] DEBUG org.mybatis.spring.SqlSessionUtils - Creating a new SqlSession
2025-01-10 08:30:41 [http-nio-8080-exec-10] DEBUG org.mybatis.spring.SqlSessionUtils - SqlSession [org.apache.ibatis.session.defaults.DefaultSqlSession@1804acbe] was not registered for synchronization because synchronization is not active
2025-01-10 08:30:41 [http-nio-8080-exec-9] DEBUG o.m.s.t.SpringManagedTransaction - JDBC Connection [HikariProxyConnection@396537416 wrapping com.mysql.cj.jdbc.ConnectionImpl@4e855d9] will not be managed by Spring
2025-01-10 08:30:41 [http-nio-8080-exec-5] DEBUG o.m.s.t.SpringManagedTransaction - JDBC Connection [HikariProxyConnection@580059196 wrapping com.mysql.cj.jdbc.ConnectionImpl@379120df] will not be managed by Spring
2025-01-10 08:30:41 [http-nio-8080-exec-9] DEBUG c.s.d.m.C.selectLnbSubList - ==>  Preparing: SELECT CT_LNB_SUB_IDX AS ctLnbSubIdx, CT_LNB_ID AS ctLnbId, CT_LNB_SUB_ID AS ctLnbSubId, CT_LNB_SUB_NAME AS ctLnbSubName, CT_LNB_SUB_URL AS ctLnbSubUrl FROM CT_LNB_SUB WHERE CT_LNB_ID = ? ORDER BY CT_LNB_SUB_IDX
2025-01-10 08:30:41 [http-nio-8080-exec-5] DEBUG c.s.d.m.C.selectLnbSubList - ==>  Preparing: SELECT CT_LNB_SUB_IDX AS ctLnbSubIdx, CT_LNB_ID AS ctLnbId, CT_LNB_SUB_ID AS ctLnbSubId, CT_LNB_SUB_NAME AS ctLnbSubName, CT_LNB_SUB_URL AS ctLnbSubUrl FROM CT_LNB_SUB WHERE CT_LNB_ID = ? ORDER BY CT_LNB_SUB_IDX
2025-01-10 08:30:41 [http-nio-8080-exec-10] DEBUG o.m.s.t.SpringManagedTransaction - JDBC Connection [HikariProxyConnection@1688583466 wrapping com.mysql.cj.jdbc.ConnectionImpl@15b510f0] will not be managed by Spring
2025-01-10 08:30:41 [http-nio-8080-exec-10] DEBUG c.s.d.m.C.selectLnbSubList - ==>  Preparing: SELECT CT_LNB_SUB_IDX AS ctLnbSubIdx, CT_LNB_ID AS ctLnbId, CT_LNB_SUB_ID AS ctLnbSubId, CT_LNB_SUB_NAME AS ctLnbSubName, CT_LNB_SUB_URL AS ctLnbSubUrl FROM CT_LNB_SUB WHERE CT_LNB_ID = ? ORDER BY CT_LNB_SUB_IDX
2025-01-10 08:30:41 [http-nio-8080-exec-9] DEBUG c.s.d.m.C.selectLnbSubList - ==> Parameters: CT_LNB_INFORMATION(String)
2025-01-10 08:30:41 [http-nio-8080-exec-5] DEBUG c.s.d.m.C.selectLnbSubList - ==> Parameters: CT_LNB_SERVICE(String)
2025-01-10 08:30:41 [http-nio-8080-exec-10] DEBUG c.s.d.m.C.selectLnbSubList - ==> Parameters: CT_LNB_CONTACT(String)
2025-01-10 08:30:41 [http-nio-8080-exec-9] DEBUG c.s.d.m.C.selectLnbSubList - <==      Total: 2
2025-01-10 08:30:41 [http-nio-8080-exec-5] DEBUG c.s.d.m.C.selectLnbSubList - <==      Total: 4
2025-01-10 08:30:41 [http-nio-8080-exec-10] DEBUG c.s.d.m.C.selectLnbSubList - <==      Total: 2
2025-01-10 08:30:41 [http-nio-8080-exec-9] DEBUG org.mybatis.spring.SqlSessionUtils - Closing non transactional SqlSession [org.apache.ibatis.session.defaults.DefaultSqlSession@5de68150]
2025-01-10 08:30:41 [http-nio-8080-exec-10] DEBUG org.mybatis.spring.SqlSessionUtils - Closing non transactional SqlSession [org.apache.ibatis.session.defaults.DefaultSqlSession@1804acbe]
2025-01-10 08:30:41 [http-nio-8080-exec-5] DEBUG org.mybatis.spring.SqlSessionUtils - Closing non transactional SqlSession [org.apache.ibatis.session.defaults.DefaultSqlSession@5b959e38]
2025-01-10 08:32:55 [http-nio-8080-exec-3] WARN  o.t.s.p.AbstractStandardFragmentInsertionTagProcessor - [THYMELEAF][http-nio-8080-exec-3][common/layout/layout] Deprecated unwrapped fragment expression "common/fragments/header::header" found in template common/layout/layout, line 31, col 10. Please use the complete syntax of fragment expressions instead ("~{common/fragments/header::header}"). The old, unwrapped syntax for fragment expressions will be removed in future versions of Thymeleaf.
2025-01-10 08:32:55 [http-nio-8080-exec-3] WARN  o.t.s.p.AbstractStandardFragmentInsertionTagProcessor - [THYMELEAF][http-nio-8080-exec-3][common/layout/layout] Deprecated unwrapped fragment expression "common/fragments/footer::footer" found in template common/layout/layout, line 35, col 10. Please use the complete syntax of fragment expressions instead ("~{common/fragments/footer::footer}"). The old, unwrapped syntax for fragment expressions will be removed in future versions of Thymeleaf.
2025-01-10 08:32:55 [http-nio-8080-exec-3] DEBUG org.mybatis.spring.SqlSessionUtils - Creating a new SqlSession
2025-01-10 08:32:55 [http-nio-8080-exec-3] DEBUG org.mybatis.spring.SqlSessionUtils - SqlSession [org.apache.ibatis.session.defaults.DefaultSqlSession@54fb457b] was not registered for synchronization because synchronization is not active
2025-01-10 08:32:55 [http-nio-8080-exec-3] DEBUG o.m.s.t.SpringManagedTransaction - JDBC Connection [HikariProxyConnection@997414853 wrapping com.mysql.cj.jdbc.ConnectionImpl@379120df] will not be managed by Spring
2025-01-10 08:32:55 [http-nio-8080-exec-3] DEBUG c.s.d.m.CommonMapper.selectLnbList - ==>  Preparing: SELECT CT_LNB_IDX AS ctLnbIdx, CT_LNB_ID AS ctLnbId, CT_LNB_NAME AS ctLnbName, CT_LNB_SUB_YN AS ctLnbSubYn, CT_LNB_URL AS ctLnbUrl, CT_LNB_USE_YN AS ctLnbUseYn FROM CT_LNB WHERE CT_LNB_USE_YN = 'Y' ORDER BY CT_LNB_IDX
2025-01-10 08:32:55 [http-nio-8080-exec-3] DEBUG c.s.d.m.CommonMapper.selectLnbList - ==> Parameters: 
2025-01-10 08:32:55 [http-nio-8080-exec-3] DEBUG c.s.d.m.CommonMapper.selectLnbList - <==      Total: 4
2025-01-10 08:32:55 [http-nio-8080-exec-3] DEBUG org.mybatis.spring.SqlSessionUtils - Closing non transactional SqlSession [org.apache.ibatis.session.defaults.DefaultSqlSession@54fb457b]
2025-01-10 08:32:55 [http-nio-8080-exec-9] DEBUG org.mybatis.spring.SqlSessionUtils - Creating a new SqlSession
2025-01-10 08:32:55 [http-nio-8080-exec-9] DEBUG org.mybatis.spring.SqlSessionUtils - SqlSession [org.apache.ibatis.session.defaults.DefaultSqlSession@2b770459] was not registered for synchronization because synchronization is not active
2025-01-10 08:32:55 [http-nio-8080-exec-9] DEBUG o.m.s.t.SpringManagedTransaction - JDBC Connection [HikariProxyConnection@690302865 wrapping com.mysql.cj.jdbc.ConnectionImpl@4e855d9] will not be managed by Spring
2025-01-10 08:32:55 [http-nio-8080-exec-9] DEBUG c.s.d.m.CommonMapper.selectLnbList - ==>  Preparing: SELECT CT_LNB_IDX AS ctLnbIdx, CT_LNB_ID AS ctLnbId, CT_LNB_NAME AS ctLnbName, CT_LNB_SUB_YN AS ctLnbSubYn, CT_LNB_URL AS ctLnbUrl, CT_LNB_USE_YN AS ctLnbUseYn FROM CT_LNB WHERE CT_LNB_USE_YN = 'Y' ORDER BY CT_LNB_IDX
2025-01-10 08:32:55 [http-nio-8080-exec-9] DEBUG c.s.d.m.CommonMapper.selectLnbList - ==> Parameters: 
2025-01-10 08:32:55 [http-nio-8080-exec-9] DEBUG c.s.d.m.CommonMapper.selectLnbList - <==      Total: 4
2025-01-10 08:32:55 [http-nio-8080-exec-9] DEBUG org.mybatis.spring.SqlSessionUtils - Closing non transactional SqlSession [org.apache.ibatis.session.defaults.DefaultSqlSession@2b770459]
2025-01-10 08:32:55 [http-nio-8080-exec-10] DEBUG org.mybatis.spring.SqlSessionUtils - Creating a new SqlSession
2025-01-10 08:32:55 [http-nio-8080-exec-5] DEBUG org.mybatis.spring.SqlSessionUtils - Creating a new SqlSession
2025-01-10 08:32:55 [http-nio-8080-exec-4] DEBUG org.mybatis.spring.SqlSessionUtils - Creating a new SqlSession
2025-01-10 08:32:55 [http-nio-8080-exec-5] DEBUG org.mybatis.spring.SqlSessionUtils - SqlSession [org.apache.ibatis.session.defaults.DefaultSqlSession@73004029] was not registered for synchronization because synchronization is not active
2025-01-10 08:32:55 [http-nio-8080-exec-10] DEBUG org.mybatis.spring.SqlSessionUtils - SqlSession [org.apache.ibatis.session.defaults.DefaultSqlSession@6b9c58ca] was not registered for synchronization because synchronization is not active
2025-01-10 08:32:55 [http-nio-8080-exec-4] DEBUG org.mybatis.spring.SqlSessionUtils - SqlSession [org.apache.ibatis.session.defaults.DefaultSqlSession@528f5cf9] was not registered for synchronization because synchronization is not active
2025-01-10 08:32:55 [http-nio-8080-exec-5] DEBUG o.m.s.t.SpringManagedTransaction - JDBC Connection [HikariProxyConnection@1227369621 wrapping com.mysql.cj.jdbc.ConnectionImpl@379120df] will not be managed by Spring
2025-01-10 08:32:55 [http-nio-8080-exec-4] DEBUG o.m.s.t.SpringManagedTransaction - JDBC Connection [HikariProxyConnection@535545335 wrapping com.mysql.cj.jdbc.ConnectionImpl@4e855d9] will not be managed by Spring
2025-01-10 08:32:55 [http-nio-8080-exec-4] DEBUG c.s.d.m.C.selectLnbSubList - ==>  Preparing: SELECT CT_LNB_SUB_IDX AS ctLnbSubIdx, CT_LNB_ID AS ctLnbId, CT_LNB_SUB_ID AS ctLnbSubId, CT_LNB_SUB_NAME AS ctLnbSubName, CT_LNB_SUB_URL AS ctLnbSubUrl FROM CT_LNB_SUB WHERE CT_LNB_ID = ? ORDER BY CT_LNB_SUB_IDX
2025-01-10 08:32:55 [http-nio-8080-exec-5] DEBUG c.s.d.m.C.selectLnbSubList - ==>  Preparing: SELECT CT_LNB_SUB_IDX AS ctLnbSubIdx, CT_LNB_ID AS ctLnbId, CT_LNB_SUB_ID AS ctLnbSubId, CT_LNB_SUB_NAME AS ctLnbSubName, CT_LNB_SUB_URL AS ctLnbSubUrl FROM CT_LNB_SUB WHERE CT_LNB_ID = ? ORDER BY CT_LNB_SUB_IDX
2025-01-10 08:32:55 [http-nio-8080-exec-10] DEBUG o.m.s.t.SpringManagedTransaction - JDBC Connection [HikariProxyConnection@580510846 wrapping com.mysql.cj.jdbc.ConnectionImpl@15b510f0] will not be managed by Spring
2025-01-10 08:32:55 [http-nio-8080-exec-10] DEBUG c.s.d.m.C.selectLnbSubList - ==>  Preparing: SELECT CT_LNB_SUB_IDX AS ctLnbSubIdx, CT_LNB_ID AS ctLnbId, CT_LNB_SUB_ID AS ctLnbSubId, CT_LNB_SUB_NAME AS ctLnbSubName, CT_LNB_SUB_URL AS ctLnbSubUrl FROM CT_LNB_SUB WHERE CT_LNB_ID = ? ORDER BY CT_LNB_SUB_IDX
2025-01-10 08:32:55 [http-nio-8080-exec-4] DEBUG c.s.d.m.C.selectLnbSubList - ==> Parameters: CT_LNB_CONTACT(String)
2025-01-10 08:32:55 [http-nio-8080-exec-5] DEBUG c.s.d.m.C.selectLnbSubList - ==> Parameters: CT_LNB_INFORMATION(String)
2025-01-10 08:32:55 [http-nio-8080-exec-10] DEBUG c.s.d.m.C.selectLnbSubList - ==> Parameters: CT_LNB_SERVICE(String)
2025-01-10 08:32:55 [http-nio-8080-exec-4] DEBUG c.s.d.m.C.selectLnbSubList - <==      Total: 2
2025-01-10 08:32:55 [http-nio-8080-exec-5] DEBUG c.s.d.m.C.selectLnbSubList - <==      Total: 2
2025-01-10 08:32:55 [http-nio-8080-exec-10] DEBUG c.s.d.m.C.selectLnbSubList - <==      Total: 4
2025-01-10 08:32:55 [http-nio-8080-exec-10] DEBUG org.mybatis.spring.SqlSessionUtils - Closing non transactional SqlSession [org.apache.ibatis.session.defaults.DefaultSqlSession@6b9c58ca]
2025-01-10 08:32:55 [http-nio-8080-exec-5] DEBUG org.mybatis.spring.SqlSessionUtils - Closing non transactional SqlSession [org.apache.ibatis.session.defaults.DefaultSqlSession@73004029]
2025-01-10 08:32:55 [http-nio-8080-exec-4] DEBUG org.mybatis.spring.SqlSessionUtils - Closing non transactional SqlSession [org.apache.ibatis.session.defaults.DefaultSqlSession@528f5cf9]
2025-01-10 08:32:55 [http-nio-8080-exec-7] DEBUG org.mybatis.spring.SqlSessionUtils - Creating a new SqlSession
2025-01-10 08:32:55 [http-nio-8080-exec-8] DEBUG org.mybatis.spring.SqlSessionUtils - Creating a new SqlSession
2025-01-10 08:32:55 [http-nio-8080-exec-7] DEBUG org.mybatis.spring.SqlSessionUtils - SqlSession [org.apache.ibatis.session.defaults.DefaultSqlSession@7851b4b4] was not registered for synchronization because synchronization is not active
2025-01-10 08:32:55 [http-nio-8080-exec-6] DEBUG org.mybatis.spring.SqlSessionUtils - Creating a new SqlSession
2025-01-10 08:32:55 [http-nio-8080-exec-8] DEBUG org.mybatis.spring.SqlSessionUtils - SqlSession [org.apache.ibatis.session.defaults.DefaultSqlSession@557a9bff] was not registered for synchronization because synchronization is not active
2025-01-10 08:32:55 [http-nio-8080-exec-6] DEBUG org.mybatis.spring.SqlSessionUtils - SqlSession [org.apache.ibatis.session.defaults.DefaultSqlSession@c52a79e] was not registered for synchronization because synchronization is not active
2025-01-10 08:32:55 [http-nio-8080-exec-6] DEBUG o.m.s.t.SpringManagedTransaction - JDBC Connection [HikariProxyConnection@880802382 wrapping com.mysql.cj.jdbc.ConnectionImpl@379120df] will not be managed by Spring
2025-01-10 08:32:55 [http-nio-8080-exec-7] DEBUG o.m.s.t.SpringManagedTransaction - JDBC Connection [HikariProxyConnection@1719178337 wrapping com.mysql.cj.jdbc.ConnectionImpl@15b510f0] will not be managed by Spring
2025-01-10 08:32:55 [http-nio-8080-exec-8] DEBUG o.m.s.t.SpringManagedTransaction - JDBC Connection [HikariProxyConnection@750429862 wrapping com.mysql.cj.jdbc.ConnectionImpl@4e855d9] will not be managed by Spring
2025-01-10 08:32:55 [http-nio-8080-exec-6] DEBUG c.s.d.m.C.selectLnbSubList - ==>  Preparing: SELECT CT_LNB_SUB_IDX AS ctLnbSubIdx, CT_LNB_ID AS ctLnbId, CT_LNB_SUB_ID AS ctLnbSubId, CT_LNB_SUB_NAME AS ctLnbSubName, CT_LNB_SUB_URL AS ctLnbSubUrl FROM CT_LNB_SUB WHERE CT_LNB_ID = ? ORDER BY CT_LNB_SUB_IDX
2025-01-10 08:32:55 [http-nio-8080-exec-7] DEBUG c.s.d.m.C.selectLnbSubList - ==>  Preparing: SELECT CT_LNB_SUB_IDX AS ctLnbSubIdx, CT_LNB_ID AS ctLnbId, CT_LNB_SUB_ID AS ctLnbSubId, CT_LNB_SUB_NAME AS ctLnbSubName, CT_LNB_SUB_URL AS ctLnbSubUrl FROM CT_LNB_SUB WHERE CT_LNB_ID = ? ORDER BY CT_LNB_SUB_IDX
2025-01-10 08:32:55 [http-nio-8080-exec-8] DEBUG c.s.d.m.C.selectLnbSubList - ==>  Preparing: SELECT CT_LNB_SUB_IDX AS ctLnbSubIdx, CT_LNB_ID AS ctLnbId, CT_LNB_SUB_ID AS ctLnbSubId, CT_LNB_SUB_NAME AS ctLnbSubName, CT_LNB_SUB_URL AS ctLnbSubUrl FROM CT_LNB_SUB WHERE CT_LNB_ID = ? ORDER BY CT_LNB_SUB_IDX
2025-01-10 08:32:55 [http-nio-8080-exec-7] DEBUG c.s.d.m.C.selectLnbSubList - ==> Parameters: CT_LNB_INFORMATION(String)
2025-01-10 08:32:55 [http-nio-8080-exec-6] DEBUG c.s.d.m.C.selectLnbSubList - ==> Parameters: CT_LNB_CONTACT(String)
2025-01-10 08:32:55 [http-nio-8080-exec-8] DEBUG c.s.d.m.C.selectLnbSubList - ==> Parameters: CT_LNB_SERVICE(String)
2025-01-10 08:32:55 [http-nio-8080-exec-6] DEBUG c.s.d.m.C.selectLnbSubList - <==      Total: 2
2025-01-10 08:32:55 [http-nio-8080-exec-7] DEBUG c.s.d.m.C.selectLnbSubList - <==      Total: 2
2025-01-10 08:32:55 [http-nio-8080-exec-8] DEBUG c.s.d.m.C.selectLnbSubList - <==      Total: 4
2025-01-10 08:32:55 [http-nio-8080-exec-6] DEBUG org.mybatis.spring.SqlSessionUtils - Closing non transactional SqlSession [org.apache.ibatis.session.defaults.DefaultSqlSession@c52a79e]
2025-01-10 08:32:55 [http-nio-8080-exec-7] DEBUG org.mybatis.spring.SqlSessionUtils - Closing non transactional SqlSession [org.apache.ibatis.session.defaults.DefaultSqlSession@7851b4b4]
2025-01-10 08:32:55 [http-nio-8080-exec-8] DEBUG org.mybatis.spring.SqlSessionUtils - Closing non transactional SqlSession [org.apache.ibatis.session.defaults.DefaultSqlSession@557a9bff]
2025-01-10 08:33:02 [http-nio-8080-exec-1] WARN  o.t.s.p.AbstractStandardFragmentInsertionTagProcessor - [THYMELEAF][http-nio-8080-exec-1][common/layout/layout] Deprecated unwrapped fragment expression "common/fragments/header::header" found in template common/layout/layout, line 31, col 10. Please use the complete syntax of fragment expressions instead ("~{common/fragments/header::header}"). The old, unwrapped syntax for fragment expressions will be removed in future versions of Thymeleaf.
2025-01-10 08:33:02 [http-nio-8080-exec-1] WARN  o.t.s.p.AbstractStandardFragmentInsertionTagProcessor - [THYMELEAF][http-nio-8080-exec-1][common/layout/layout] Deprecated unwrapped fragment expression "common/fragments/footer::footer" found in template common/layout/layout, line 35, col 10. Please use the complete syntax of fragment expressions instead ("~{common/fragments/footer::footer}"). The old, unwrapped syntax for fragment expressions will be removed in future versions of Thymeleaf.
2025-01-10 08:33:02 [http-nio-8080-exec-1] DEBUG org.mybatis.spring.SqlSessionUtils - Creating a new SqlSession
2025-01-10 08:33:02 [http-nio-8080-exec-1] DEBUG org.mybatis.spring.SqlSessionUtils - SqlSession [org.apache.ibatis.session.defaults.DefaultSqlSession@65331a20] was not registered for synchronization because synchronization is not active
2025-01-10 08:33:02 [http-nio-8080-exec-1] DEBUG o.m.s.t.SpringManagedTransaction - JDBC Connection [HikariProxyConnection@426418998 wrapping com.mysql.cj.jdbc.ConnectionImpl@379120df] will not be managed by Spring
2025-01-10 08:33:02 [http-nio-8080-exec-1] DEBUG c.s.d.m.CommonMapper.selectLnbList - ==>  Preparing: SELECT CT_LNB_IDX AS ctLnbIdx, CT_LNB_ID AS ctLnbId, CT_LNB_NAME AS ctLnbName, CT_LNB_SUB_YN AS ctLnbSubYn, CT_LNB_URL AS ctLnbUrl, CT_LNB_USE_YN AS ctLnbUseYn FROM CT_LNB WHERE CT_LNB_USE_YN = 'Y' ORDER BY CT_LNB_IDX
2025-01-10 08:33:02 [http-nio-8080-exec-1] DEBUG c.s.d.m.CommonMapper.selectLnbList - ==> Parameters: 
2025-01-10 08:33:02 [http-nio-8080-exec-1] DEBUG c.s.d.m.CommonMapper.selectLnbList - <==      Total: 4
2025-01-10 08:33:02 [http-nio-8080-exec-1] DEBUG org.mybatis.spring.SqlSessionUtils - Closing non transactional SqlSession [org.apache.ibatis.session.defaults.DefaultSqlSession@65331a20]
2025-01-10 08:33:02 [http-nio-8080-exec-2] DEBUG org.mybatis.spring.SqlSessionUtils - Creating a new SqlSession
2025-01-10 08:33:02 [http-nio-8080-exec-2] DEBUG org.mybatis.spring.SqlSessionUtils - SqlSession [org.apache.ibatis.session.defaults.DefaultSqlSession@76307bfb] was not registered for synchronization because synchronization is not active
2025-01-10 08:33:02 [http-nio-8080-exec-2] DEBUG o.m.s.t.SpringManagedTransaction - JDBC Connection [HikariProxyConnection@1377008612 wrapping com.mysql.cj.jdbc.ConnectionImpl@4e855d9] will not be managed by Spring
2025-01-10 08:33:02 [http-nio-8080-exec-2] DEBUG c.s.d.m.CommonMapper.selectLnbList - ==>  Preparing: SELECT CT_LNB_IDX AS ctLnbIdx, CT_LNB_ID AS ctLnbId, CT_LNB_NAME AS ctLnbName, CT_LNB_SUB_YN AS ctLnbSubYn, CT_LNB_URL AS ctLnbUrl, CT_LNB_USE_YN AS ctLnbUseYn FROM CT_LNB WHERE CT_LNB_USE_YN = 'Y' ORDER BY CT_LNB_IDX
2025-01-10 08:33:02 [http-nio-8080-exec-2] DEBUG c.s.d.m.CommonMapper.selectLnbList - ==> Parameters: 
2025-01-10 08:33:02 [http-nio-8080-exec-2] DEBUG c.s.d.m.CommonMapper.selectLnbList - <==      Total: 4
2025-01-10 08:33:02 [http-nio-8080-exec-2] DEBUG org.mybatis.spring.SqlSessionUtils - Closing non transactional SqlSession [org.apache.ibatis.session.defaults.DefaultSqlSession@76307bfb]
2025-01-10 08:33:02 [http-nio-8080-exec-9] DEBUG org.mybatis.spring.SqlSessionUtils - Creating a new SqlSession
2025-01-10 08:33:02 [http-nio-8080-exec-3] DEBUG org.mybatis.spring.SqlSessionUtils - Creating a new SqlSession
2025-01-10 08:33:02 [http-nio-8080-exec-9] DEBUG org.mybatis.spring.SqlSessionUtils - SqlSession [org.apache.ibatis.session.defaults.DefaultSqlSession@23774ff3] was not registered for synchronization because synchronization is not active
2025-01-10 08:33:02 [http-nio-8080-exec-3] DEBUG org.mybatis.spring.SqlSessionUtils - SqlSession [org.apache.ibatis.session.defaults.DefaultSqlSession@1dd5f7fc] was not registered for synchronization because synchronization is not active
2025-01-10 08:33:02 [http-nio-8080-exec-10] DEBUG org.mybatis.spring.SqlSessionUtils - Creating a new SqlSession
2025-01-10 08:33:02 [http-nio-8080-exec-10] DEBUG org.mybatis.spring.SqlSessionUtils - SqlSession [org.apache.ibatis.session.defaults.DefaultSqlSession@1e7bed35] was not registered for synchronization because synchronization is not active
2025-01-10 08:33:02 [http-nio-8080-exec-9] DEBUG o.m.s.t.SpringManagedTransaction - JDBC Connection [HikariProxyConnection@590259627 wrapping com.mysql.cj.jdbc.ConnectionImpl@4e855d9] will not be managed by Spring
2025-01-10 08:33:02 [http-nio-8080-exec-3] DEBUG o.m.s.t.SpringManagedTransaction - JDBC Connection [HikariProxyConnection@1018775292 wrapping com.mysql.cj.jdbc.ConnectionImpl@379120df] will not be managed by Spring
2025-01-10 08:33:02 [http-nio-8080-exec-9] DEBUG c.s.d.m.C.selectLnbSubList - ==>  Preparing: SELECT CT_LNB_SUB_IDX AS ctLnbSubIdx, CT_LNB_ID AS ctLnbId, CT_LNB_SUB_ID AS ctLnbSubId, CT_LNB_SUB_NAME AS ctLnbSubName, CT_LNB_SUB_URL AS ctLnbSubUrl FROM CT_LNB_SUB WHERE CT_LNB_ID = ? ORDER BY CT_LNB_SUB_IDX
2025-01-10 08:33:02 [http-nio-8080-exec-3] DEBUG c.s.d.m.C.selectLnbSubList - ==>  Preparing: SELECT CT_LNB_SUB_IDX AS ctLnbSubIdx, CT_LNB_ID AS ctLnbId, CT_LNB_SUB_ID AS ctLnbSubId, CT_LNB_SUB_NAME AS ctLnbSubName, CT_LNB_SUB_URL AS ctLnbSubUrl FROM CT_LNB_SUB WHERE CT_LNB_ID = ? ORDER BY CT_LNB_SUB_IDX
2025-01-10 08:33:02 [http-nio-8080-exec-9] DEBUG c.s.d.m.C.selectLnbSubList - ==> Parameters: CT_LNB_SERVICE(String)
2025-01-10 08:33:02 [http-nio-8080-exec-3] DEBUG c.s.d.m.C.selectLnbSubList - ==> Parameters: CT_LNB_INFORMATION(String)
2025-01-10 08:33:02 [http-nio-8080-exec-10] DEBUG o.m.s.t.SpringManagedTransaction - JDBC Connection [HikariProxyConnection@1940672656 wrapping com.mysql.cj.jdbc.ConnectionImpl@15b510f0] will not be managed by Spring
2025-01-10 08:33:02 [http-nio-8080-exec-10] DEBUG c.s.d.m.C.selectLnbSubList - ==>  Preparing: SELECT CT_LNB_SUB_IDX AS ctLnbSubIdx, CT_LNB_ID AS ctLnbId, CT_LNB_SUB_ID AS ctLnbSubId, CT_LNB_SUB_NAME AS ctLnbSubName, CT_LNB_SUB_URL AS ctLnbSubUrl FROM CT_LNB_SUB WHERE CT_LNB_ID = ? ORDER BY CT_LNB_SUB_IDX
2025-01-10 08:33:02 [http-nio-8080-exec-10] DEBUG c.s.d.m.C.selectLnbSubList - ==> Parameters: CT_LNB_CONTACT(String)
2025-01-10 08:33:02 [http-nio-8080-exec-10] DEBUG c.s.d.m.C.selectLnbSubList - <==      Total: 2
2025-01-10 08:33:02 [http-nio-8080-exec-3] DEBUG c.s.d.m.C.selectLnbSubList - <==      Total: 2
2025-01-10 08:33:02 [http-nio-8080-exec-9] DEBUG c.s.d.m.C.selectLnbSubList - <==      Total: 4
2025-01-10 08:33:02 [http-nio-8080-exec-10] DEBUG org.mybatis.spring.SqlSessionUtils - Closing non transactional SqlSession [org.apache.ibatis.session.defaults.DefaultSqlSession@1e7bed35]
2025-01-10 08:33:02 [http-nio-8080-exec-3] DEBUG org.mybatis.spring.SqlSessionUtils - Closing non transactional SqlSession [org.apache.ibatis.session.defaults.DefaultSqlSession@1dd5f7fc]
2025-01-10 08:33:02 [http-nio-8080-exec-9] DEBUG org.mybatis.spring.SqlSessionUtils - Closing non transactional SqlSession [org.apache.ibatis.session.defaults.DefaultSqlSession@23774ff3]
2025-01-10 08:33:02 [http-nio-8080-exec-4] DEBUG org.mybatis.spring.SqlSessionUtils - Creating a new SqlSession
2025-01-10 08:33:02 [http-nio-8080-exec-8] DEBUG org.mybatis.spring.SqlSessionUtils - Creating a new SqlSession
2025-01-10 08:33:02 [http-nio-8080-exec-5] DEBUG org.mybatis.spring.SqlSessionUtils - Creating a new SqlSession
2025-01-10 08:33:02 [http-nio-8080-exec-8] DEBUG org.mybatis.spring.SqlSessionUtils - SqlSession [org.apache.ibatis.session.defaults.DefaultSqlSession@68ddb81b] was not registered for synchronization because synchronization is not active
2025-01-10 08:33:02 [http-nio-8080-exec-4] DEBUG org.mybatis.spring.SqlSessionUtils - SqlSession [org.apache.ibatis.session.defaults.DefaultSqlSession@406d273e] was not registered for synchronization because synchronization is not active
2025-01-10 08:33:02 [http-nio-8080-exec-5] DEBUG org.mybatis.spring.SqlSessionUtils - SqlSession [org.apache.ibatis.session.defaults.DefaultSqlSession@4569995c] was not registered for synchronization because synchronization is not active
2025-01-10 08:33:02 [http-nio-8080-exec-5] DEBUG o.m.s.t.SpringManagedTransaction - JDBC Connection [HikariProxyConnection@1294813664 wrapping com.mysql.cj.jdbc.ConnectionImpl@379120df] will not be managed by Spring
2025-01-10 08:33:02 [http-nio-8080-exec-4] DEBUG o.m.s.t.SpringManagedTransaction - JDBC Connection [HikariProxyConnection@23631545 wrapping com.mysql.cj.jdbc.ConnectionImpl@4e855d9] will not be managed by Spring
2025-01-10 08:33:02 [http-nio-8080-exec-8] DEBUG o.m.s.t.SpringManagedTransaction - JDBC Connection [HikariProxyConnection@288078896 wrapping com.mysql.cj.jdbc.ConnectionImpl@15b510f0] will not be managed by Spring
2025-01-10 08:33:02 [http-nio-8080-exec-5] DEBUG c.s.d.m.C.selectLnbSubList - ==>  Preparing: SELECT CT_LNB_SUB_IDX AS ctLnbSubIdx, CT_LNB_ID AS ctLnbId, CT_LNB_SUB_ID AS ctLnbSubId, CT_LNB_SUB_NAME AS ctLnbSubName, CT_LNB_SUB_URL AS ctLnbSubUrl FROM CT_LNB_SUB WHERE CT_LNB_ID = ? ORDER BY CT_LNB_SUB_IDX
2025-01-10 08:33:02 [http-nio-8080-exec-4] DEBUG c.s.d.m.C.selectLnbSubList - ==>  Preparing: SELECT CT_LNB_SUB_IDX AS ctLnbSubIdx, CT_LNB_ID AS ctLnbId, CT_LNB_SUB_ID AS ctLnbSubId, CT_LNB_SUB_NAME AS ctLnbSubName, CT_LNB_SUB_URL AS ctLnbSubUrl FROM CT_LNB_SUB WHERE CT_LNB_ID = ? ORDER BY CT_LNB_SUB_IDX
2025-01-10 08:33:02 [http-nio-8080-exec-8] DEBUG c.s.d.m.C.selectLnbSubList - ==>  Preparing: SELECT CT_LNB_SUB_IDX AS ctLnbSubIdx, CT_LNB_ID AS ctLnbId, CT_LNB_SUB_ID AS ctLnbSubId, CT_LNB_SUB_NAME AS ctLnbSubName, CT_LNB_SUB_URL AS ctLnbSubUrl FROM CT_LNB_SUB WHERE CT_LNB_ID = ? ORDER BY CT_LNB_SUB_IDX
2025-01-10 08:33:02 [http-nio-8080-exec-4] DEBUG c.s.d.m.C.selectLnbSubList - ==> Parameters: CT_LNB_INFORMATION(String)
2025-01-10 08:33:02 [http-nio-8080-exec-8] DEBUG c.s.d.m.C.selectLnbSubList - ==> Parameters: CT_LNB_CONTACT(String)
2025-01-10 08:33:02 [http-nio-8080-exec-5] DEBUG c.s.d.m.C.selectLnbSubList - ==> Parameters: CT_LNB_SERVICE(String)
2025-01-10 08:33:02 [http-nio-8080-exec-8] DEBUG c.s.d.m.C.selectLnbSubList - <==      Total: 2
2025-01-10 08:33:02 [http-nio-8080-exec-5] DEBUG c.s.d.m.C.selectLnbSubList - <==      Total: 4
2025-01-10 08:33:02 [http-nio-8080-exec-4] DEBUG c.s.d.m.C.selectLnbSubList - <==      Total: 2
2025-01-10 08:33:02 [http-nio-8080-exec-8] DEBUG org.mybatis.spring.SqlSessionUtils - Closing non transactional SqlSession [org.apache.ibatis.session.defaults.DefaultSqlSession@68ddb81b]
2025-01-10 08:33:02 [http-nio-8080-exec-5] DEBUG org.mybatis.spring.SqlSessionUtils - Closing non transactional SqlSession [org.apache.ibatis.session.defaults.DefaultSqlSession@4569995c]
2025-01-10 08:33:02 [http-nio-8080-exec-4] DEBUG org.mybatis.spring.SqlSessionUtils - Closing non transactional SqlSession [org.apache.ibatis.session.defaults.DefaultSqlSession@406d273e]
2025-01-10 08:34:14 [http-nio-8080-exec-10] WARN  o.t.s.p.AbstractStandardFragmentInsertionTagProcessor - [THYMELEAF][http-nio-8080-exec-10][common/layout/layout] Deprecated unwrapped fragment expression "common/fragments/header::header" found in template common/layout/layout, line 31, col 10. Please use the complete syntax of fragment expressions instead ("~{common/fragments/header::header}"). The old, unwrapped syntax for fragment expressions will be removed in future versions of Thymeleaf.
2025-01-10 08:34:14 [http-nio-8080-exec-10] WARN  o.t.s.p.AbstractStandardFragmentInsertionTagProcessor - [THYMELEAF][http-nio-8080-exec-10][common/layout/layout] Deprecated unwrapped fragment expression "common/fragments/footer::footer" found in template common/layout/layout, line 35, col 10. Please use the complete syntax of fragment expressions instead ("~{common/fragments/footer::footer}"). The old, unwrapped syntax for fragment expressions will be removed in future versions of Thymeleaf.
2025-01-10 08:34:14 [http-nio-8080-exec-10] DEBUG org.mybatis.spring.SqlSessionUtils - Creating a new SqlSession
2025-01-10 08:34:14 [http-nio-8080-exec-10] DEBUG org.mybatis.spring.SqlSessionUtils - SqlSession [org.apache.ibatis.session.defaults.DefaultSqlSession@724910cb] was not registered for synchronization because synchronization is not active
2025-01-10 08:34:14 [http-nio-8080-exec-10] DEBUG o.m.s.t.SpringManagedTransaction - JDBC Connection [HikariProxyConnection@1004609257 wrapping com.mysql.cj.jdbc.ConnectionImpl@15b510f0] will not be managed by Spring
2025-01-10 08:34:14 [http-nio-8080-exec-10] DEBUG c.s.d.m.CommonMapper.selectLnbList - ==>  Preparing: SELECT CT_LNB_IDX AS ctLnbIdx, CT_LNB_ID AS ctLnbId, CT_LNB_NAME AS ctLnbName, CT_LNB_SUB_YN AS ctLnbSubYn, CT_LNB_URL AS ctLnbUrl, CT_LNB_USE_YN AS ctLnbUseYn FROM CT_LNB WHERE CT_LNB_USE_YN = 'Y' ORDER BY CT_LNB_IDX
2025-01-10 08:34:14 [http-nio-8080-exec-10] DEBUG c.s.d.m.CommonMapper.selectLnbList - ==> Parameters: 
2025-01-10 08:34:14 [http-nio-8080-exec-10] DEBUG c.s.d.m.CommonMapper.selectLnbList - <==      Total: 4
2025-01-10 08:34:14 [http-nio-8080-exec-10] DEBUG org.mybatis.spring.SqlSessionUtils - Closing non transactional SqlSession [org.apache.ibatis.session.defaults.DefaultSqlSession@724910cb]
2025-01-10 08:34:14 [http-nio-8080-exec-8] DEBUG org.mybatis.spring.SqlSessionUtils - Creating a new SqlSession
2025-01-10 08:34:14 [http-nio-8080-exec-8] DEBUG org.mybatis.spring.SqlSessionUtils - SqlSession [org.apache.ibatis.session.defaults.DefaultSqlSession@56fd0dd7] was not registered for synchronization because synchronization is not active
2025-01-10 08:34:14 [http-nio-8080-exec-8] DEBUG o.m.s.t.SpringManagedTransaction - JDBC Connection [HikariProxyConnection@452714756 wrapping com.mysql.cj.jdbc.ConnectionImpl@15b510f0] will not be managed by Spring
2025-01-10 08:34:14 [http-nio-8080-exec-8] DEBUG c.s.d.m.CommonMapper.selectLnbList - ==>  Preparing: SELECT CT_LNB_IDX AS ctLnbIdx, CT_LNB_ID AS ctLnbId, CT_LNB_NAME AS ctLnbName, CT_LNB_SUB_YN AS ctLnbSubYn, CT_LNB_URL AS ctLnbUrl, CT_LNB_USE_YN AS ctLnbUseYn FROM CT_LNB WHERE CT_LNB_USE_YN = 'Y' ORDER BY CT_LNB_IDX
2025-01-10 08:34:14 [http-nio-8080-exec-8] DEBUG c.s.d.m.CommonMapper.selectLnbList - ==> Parameters: 
2025-01-10 08:34:14 [http-nio-8080-exec-8] DEBUG c.s.d.m.CommonMapper.selectLnbList - <==      Total: 4
2025-01-10 08:34:14 [http-nio-8080-exec-8] DEBUG org.mybatis.spring.SqlSessionUtils - Closing non transactional SqlSession [org.apache.ibatis.session.defaults.DefaultSqlSession@56fd0dd7]
2025-01-10 08:34:14 [http-nio-8080-exec-7] DEBUG org.mybatis.spring.SqlSessionUtils - Creating a new SqlSession
2025-01-10 08:34:14 [http-nio-8080-exec-4] DEBUG org.mybatis.spring.SqlSessionUtils - Creating a new SqlSession
2025-01-10 08:34:14 [http-nio-8080-exec-5] DEBUG org.mybatis.spring.SqlSessionUtils - Creating a new SqlSession
2025-01-10 08:34:14 [http-nio-8080-exec-4] DEBUG org.mybatis.spring.SqlSessionUtils - SqlSession [org.apache.ibatis.session.defaults.DefaultSqlSession@18d13593] was not registered for synchronization because synchronization is not active
2025-01-10 08:34:14 [http-nio-8080-exec-7] DEBUG org.mybatis.spring.SqlSessionUtils - SqlSession [org.apache.ibatis.session.defaults.DefaultSqlSession@108d7d68] was not registered for synchronization because synchronization is not active
2025-01-10 08:34:14 [http-nio-8080-exec-5] DEBUG org.mybatis.spring.SqlSessionUtils - SqlSession [org.apache.ibatis.session.defaults.DefaultSqlSession@9852037] was not registered for synchronization because synchronization is not active
2025-01-10 08:34:14 [http-nio-8080-exec-7] DEBUG o.m.s.t.SpringManagedTransaction - JDBC Connection [HikariProxyConnection@1121256222 wrapping com.mysql.cj.jdbc.ConnectionImpl@15b510f0] will not be managed by Spring
2025-01-10 08:34:14 [http-nio-8080-exec-7] DEBUG c.s.d.m.C.selectLnbSubList - ==>  Preparing: SELECT CT_LNB_SUB_IDX AS ctLnbSubIdx, CT_LNB_ID AS ctLnbId, CT_LNB_SUB_ID AS ctLnbSubId, CT_LNB_SUB_NAME AS ctLnbSubName, CT_LNB_SUB_URL AS ctLnbSubUrl FROM CT_LNB_SUB WHERE CT_LNB_ID = ? ORDER BY CT_LNB_SUB_IDX
2025-01-10 08:34:14 [http-nio-8080-exec-5] DEBUG o.m.s.t.SpringManagedTransaction - JDBC Connection [HikariProxyConnection@775953070 wrapping com.mysql.cj.jdbc.ConnectionImpl@379120df] will not be managed by Spring
2025-01-10 08:34:14 [http-nio-8080-exec-4] DEBUG o.m.s.t.SpringManagedTransaction - JDBC Connection [HikariProxyConnection@1573496174 wrapping com.mysql.cj.jdbc.ConnectionImpl@4e855d9] will not be managed by Spring
2025-01-10 08:34:14 [http-nio-8080-exec-5] DEBUG c.s.d.m.C.selectLnbSubList - ==>  Preparing: SELECT CT_LNB_SUB_IDX AS ctLnbSubIdx, CT_LNB_ID AS ctLnbId, CT_LNB_SUB_ID AS ctLnbSubId, CT_LNB_SUB_NAME AS ctLnbSubName, CT_LNB_SUB_URL AS ctLnbSubUrl FROM CT_LNB_SUB WHERE CT_LNB_ID = ? ORDER BY CT_LNB_SUB_IDX
2025-01-10 08:34:14 [http-nio-8080-exec-4] DEBUG c.s.d.m.C.selectLnbSubList - ==>  Preparing: SELECT CT_LNB_SUB_IDX AS ctLnbSubIdx, CT_LNB_ID AS ctLnbId, CT_LNB_SUB_ID AS ctLnbSubId, CT_LNB_SUB_NAME AS ctLnbSubName, CT_LNB_SUB_URL AS ctLnbSubUrl FROM CT_LNB_SUB WHERE CT_LNB_ID = ? ORDER BY CT_LNB_SUB_IDX
2025-01-10 08:34:14 [http-nio-8080-exec-7] DEBUG c.s.d.m.C.selectLnbSubList - ==> Parameters: CT_LNB_CONTACT(String)
2025-01-10 08:34:14 [http-nio-8080-exec-5] DEBUG c.s.d.m.C.selectLnbSubList - ==> Parameters: CT_LNB_INFORMATION(String)
2025-01-10 08:34:14 [http-nio-8080-exec-4] DEBUG c.s.d.m.C.selectLnbSubList - ==> Parameters: CT_LNB_SERVICE(String)
2025-01-10 08:34:14 [http-nio-8080-exec-5] DEBUG c.s.d.m.C.selectLnbSubList - <==      Total: 2
2025-01-10 08:34:14 [http-nio-8080-exec-7] DEBUG c.s.d.m.C.selectLnbSubList - <==      Total: 2
2025-01-10 08:34:14 [http-nio-8080-exec-4] DEBUG c.s.d.m.C.selectLnbSubList - <==      Total: 4
2025-01-10 08:34:14 [http-nio-8080-exec-7] DEBUG org.mybatis.spring.SqlSessionUtils - Closing non transactional SqlSession [org.apache.ibatis.session.defaults.DefaultSqlSession@108d7d68]
2025-01-10 08:34:14 [http-nio-8080-exec-5] DEBUG org.mybatis.spring.SqlSessionUtils - Closing non transactional SqlSession [org.apache.ibatis.session.defaults.DefaultSqlSession@9852037]
2025-01-10 08:34:14 [http-nio-8080-exec-4] DEBUG org.mybatis.spring.SqlSessionUtils - Closing non transactional SqlSession [org.apache.ibatis.session.defaults.DefaultSqlSession@18d13593]
2025-01-10 08:34:14 [http-nio-8080-exec-2] DEBUG org.mybatis.spring.SqlSessionUtils - Creating a new SqlSession
2025-01-10 08:34:14 [http-nio-8080-exec-6] DEBUG org.mybatis.spring.SqlSessionUtils - Creating a new SqlSession
2025-01-10 08:34:14 [http-nio-8080-exec-9] DEBUG org.mybatis.spring.SqlSessionUtils - Creating a new SqlSession
2025-01-10 08:34:14 [http-nio-8080-exec-6] DEBUG org.mybatis.spring.SqlSessionUtils - SqlSession [org.apache.ibatis.session.defaults.DefaultSqlSession@2cfc53a0] was not registered for synchronization because synchronization is not active
2025-01-10 08:34:14 [http-nio-8080-exec-2] DEBUG org.mybatis.spring.SqlSessionUtils - SqlSession [org.apache.ibatis.session.defaults.DefaultSqlSession@2d8c5e83] was not registered for synchronization because synchronization is not active
2025-01-10 08:34:14 [http-nio-8080-exec-9] DEBUG org.mybatis.spring.SqlSessionUtils - SqlSession [org.apache.ibatis.session.defaults.DefaultSqlSession@203688a] was not registered for synchronization because synchronization is not active
2025-01-10 08:34:14 [http-nio-8080-exec-6] DEBUG o.m.s.t.SpringManagedTransaction - JDBC Connection [HikariProxyConnection@706360571 wrapping com.mysql.cj.jdbc.ConnectionImpl@379120df] will not be managed by Spring
2025-01-10 08:34:14 [http-nio-8080-exec-2] DEBUG o.m.s.t.SpringManagedTransaction - JDBC Connection [HikariProxyConnection@1678363789 wrapping com.mysql.cj.jdbc.ConnectionImpl@4e855d9] will not be managed by Spring
2025-01-10 08:34:14 [http-nio-8080-exec-6] DEBUG c.s.d.m.C.selectLnbSubList - ==>  Preparing: SELECT CT_LNB_SUB_IDX AS ctLnbSubIdx, CT_LNB_ID AS ctLnbId, CT_LNB_SUB_ID AS ctLnbSubId, CT_LNB_SUB_NAME AS ctLnbSubName, CT_LNB_SUB_URL AS ctLnbSubUrl FROM CT_LNB_SUB WHERE CT_LNB_ID = ? ORDER BY CT_LNB_SUB_IDX
2025-01-10 08:34:14 [http-nio-8080-exec-2] DEBUG c.s.d.m.C.selectLnbSubList - ==>  Preparing: SELECT CT_LNB_SUB_IDX AS ctLnbSubIdx, CT_LNB_ID AS ctLnbId, CT_LNB_SUB_ID AS ctLnbSubId, CT_LNB_SUB_NAME AS ctLnbSubName, CT_LNB_SUB_URL AS ctLnbSubUrl FROM CT_LNB_SUB WHERE CT_LNB_ID = ? ORDER BY CT_LNB_SUB_IDX
2025-01-10 08:34:14 [http-nio-8080-exec-9] DEBUG o.m.s.t.SpringManagedTransaction - JDBC Connection [HikariProxyConnection@1423349404 wrapping com.mysql.cj.jdbc.ConnectionImpl@15b510f0] will not be managed by Spring
2025-01-10 08:34:14 [http-nio-8080-exec-9] DEBUG c.s.d.m.C.selectLnbSubList - ==>  Preparing: SELECT CT_LNB_SUB_IDX AS ctLnbSubIdx, CT_LNB_ID AS ctLnbId, CT_LNB_SUB_ID AS ctLnbSubId, CT_LNB_SUB_NAME AS ctLnbSubName, CT_LNB_SUB_URL AS ctLnbSubUrl FROM CT_LNB_SUB WHERE CT_LNB_ID = ? ORDER BY CT_LNB_SUB_IDX
2025-01-10 08:34:14 [http-nio-8080-exec-2] DEBUG c.s.d.m.C.selectLnbSubList - ==> Parameters: CT_LNB_SERVICE(String)
2025-01-10 08:34:14 [http-nio-8080-exec-6] DEBUG c.s.d.m.C.selectLnbSubList - ==> Parameters: CT_LNB_INFORMATION(String)
2025-01-10 08:34:14 [http-nio-8080-exec-9] DEBUG c.s.d.m.C.selectLnbSubList - ==> Parameters: CT_LNB_CONTACT(String)
2025-01-10 08:34:14 [http-nio-8080-exec-6] DEBUG c.s.d.m.C.selectLnbSubList - <==      Total: 2
2025-01-10 08:34:14 [http-nio-8080-exec-9] DEBUG c.s.d.m.C.selectLnbSubList - <==      Total: 2
2025-01-10 08:34:14 [http-nio-8080-exec-2] DEBUG c.s.d.m.C.selectLnbSubList - <==      Total: 4
2025-01-10 08:34:14 [http-nio-8080-exec-9] DEBUG org.mybatis.spring.SqlSessionUtils - Closing non transactional SqlSession [org.apache.ibatis.session.defaults.DefaultSqlSession@203688a]
2025-01-10 08:34:14 [http-nio-8080-exec-6] DEBUG org.mybatis.spring.SqlSessionUtils - Closing non transactional SqlSession [org.apache.ibatis.session.defaults.DefaultSqlSession@2cfc53a0]
2025-01-10 08:34:14 [http-nio-8080-exec-2] DEBUG org.mybatis.spring.SqlSessionUtils - Closing non transactional SqlSession [org.apache.ibatis.session.defaults.DefaultSqlSession@2d8c5e83]
2025-01-10 08:34:23 [http-nio-8080-exec-1] WARN  o.t.s.p.AbstractStandardFragmentInsertionTagProcessor - [THYMELEAF][http-nio-8080-exec-1][common/layout/layout] Deprecated unwrapped fragment expression "common/fragments/header::header" found in template common/layout/layout, line 31, col 10. Please use the complete syntax of fragment expressions instead ("~{common/fragments/header::header}"). The old, unwrapped syntax for fragment expressions will be removed in future versions of Thymeleaf.
2025-01-10 08:34:23 [http-nio-8080-exec-1] WARN  o.t.s.p.AbstractStandardFragmentInsertionTagProcessor - [THYMELEAF][http-nio-8080-exec-1][common/layout/layout] Deprecated unwrapped fragment expression "common/fragments/footer::footer" found in template common/layout/layout, line 35, col 10. Please use the complete syntax of fragment expressions instead ("~{common/fragments/footer::footer}"). The old, unwrapped syntax for fragment expressions will be removed in future versions of Thymeleaf.
2025-01-10 08:34:23 [http-nio-8080-exec-1] DEBUG org.mybatis.spring.SqlSessionUtils - Creating a new SqlSession
2025-01-10 08:34:23 [http-nio-8080-exec-1] DEBUG org.mybatis.spring.SqlSessionUtils - SqlSession [org.apache.ibatis.session.defaults.DefaultSqlSession@7dae06ac] was not registered for synchronization because synchronization is not active
2025-01-10 08:34:23 [http-nio-8080-exec-1] DEBUG o.m.s.t.SpringManagedTransaction - JDBC Connection [HikariProxyConnection@1391348427 wrapping com.mysql.cj.jdbc.ConnectionImpl@379120df] will not be managed by Spring
2025-01-10 08:34:23 [http-nio-8080-exec-1] DEBUG c.s.d.m.CommonMapper.selectLnbList - ==>  Preparing: SELECT CT_LNB_IDX AS ctLnbIdx, CT_LNB_ID AS ctLnbId, CT_LNB_NAME AS ctLnbName, CT_LNB_SUB_YN AS ctLnbSubYn, CT_LNB_URL AS ctLnbUrl, CT_LNB_USE_YN AS ctLnbUseYn FROM CT_LNB WHERE CT_LNB_USE_YN = 'Y' ORDER BY CT_LNB_IDX
2025-01-10 08:34:23 [http-nio-8080-exec-1] DEBUG c.s.d.m.CommonMapper.selectLnbList - ==> Parameters: 
2025-01-10 08:34:23 [http-nio-8080-exec-1] DEBUG c.s.d.m.CommonMapper.selectLnbList - <==      Total: 4
2025-01-10 08:34:23 [http-nio-8080-exec-1] DEBUG org.mybatis.spring.SqlSessionUtils - Closing non transactional SqlSession [org.apache.ibatis.session.defaults.DefaultSqlSession@7dae06ac]
2025-01-10 08:34:23 [http-nio-8080-exec-3] DEBUG org.mybatis.spring.SqlSessionUtils - Creating a new SqlSession
2025-01-10 08:34:23 [http-nio-8080-exec-3] DEBUG org.mybatis.spring.SqlSessionUtils - SqlSession [org.apache.ibatis.session.defaults.DefaultSqlSession@6aba32c1] was not registered for synchronization because synchronization is not active
2025-01-10 08:34:23 [http-nio-8080-exec-3] DEBUG o.m.s.t.SpringManagedTransaction - JDBC Connection [HikariProxyConnection@1820940280 wrapping com.mysql.cj.jdbc.ConnectionImpl@379120df] will not be managed by Spring
2025-01-10 08:34:23 [http-nio-8080-exec-3] DEBUG c.s.d.m.CommonMapper.selectLnbList - ==>  Preparing: SELECT CT_LNB_IDX AS ctLnbIdx, CT_LNB_ID AS ctLnbId, CT_LNB_NAME AS ctLnbName, CT_LNB_SUB_YN AS ctLnbSubYn, CT_LNB_URL AS ctLnbUrl, CT_LNB_USE_YN AS ctLnbUseYn FROM CT_LNB WHERE CT_LNB_USE_YN = 'Y' ORDER BY CT_LNB_IDX
2025-01-10 08:34:23 [http-nio-8080-exec-3] DEBUG c.s.d.m.CommonMapper.selectLnbList - ==> Parameters: 
2025-01-10 08:34:23 [http-nio-8080-exec-3] DEBUG c.s.d.m.CommonMapper.selectLnbList - <==      Total: 4
2025-01-10 08:34:23 [http-nio-8080-exec-3] DEBUG org.mybatis.spring.SqlSessionUtils - Closing non transactional SqlSession [org.apache.ibatis.session.defaults.DefaultSqlSession@6aba32c1]
2025-01-10 08:34:23 [http-nio-8080-exec-10] DEBUG org.mybatis.spring.SqlSessionUtils - Creating a new SqlSession
2025-01-10 08:34:23 [http-nio-8080-exec-7] DEBUG org.mybatis.spring.SqlSessionUtils - Creating a new SqlSession
2025-01-10 08:34:23 [http-nio-8080-exec-8] DEBUG org.mybatis.spring.SqlSessionUtils - Creating a new SqlSession
2025-01-10 08:34:23 [http-nio-8080-exec-7] DEBUG org.mybatis.spring.SqlSessionUtils - SqlSession [org.apache.ibatis.session.defaults.DefaultSqlSession@43f119b7] was not registered for synchronization because synchronization is not active
2025-01-10 08:34:23 [http-nio-8080-exec-10] DEBUG org.mybatis.spring.SqlSessionUtils - SqlSession [org.apache.ibatis.session.defaults.DefaultSqlSession@305bf576] was not registered for synchronization because synchronization is not active
2025-01-10 08:34:23 [http-nio-8080-exec-8] DEBUG org.mybatis.spring.SqlSessionUtils - SqlSession [org.apache.ibatis.session.defaults.DefaultSqlSession@30cd75be] was not registered for synchronization because synchronization is not active
2025-01-10 08:34:23 [http-nio-8080-exec-8] DEBUG o.m.s.t.SpringManagedTransaction - JDBC Connection [HikariProxyConnection@1979404642 wrapping com.mysql.cj.jdbc.ConnectionImpl@379120df] will not be managed by Spring
2025-01-10 08:34:23 [http-nio-8080-exec-8] DEBUG c.s.d.m.C.selectLnbSubList - ==>  Preparing: SELECT CT_LNB_SUB_IDX AS ctLnbSubIdx, CT_LNB_ID AS ctLnbId, CT_LNB_SUB_ID AS ctLnbSubId, CT_LNB_SUB_NAME AS ctLnbSubName, CT_LNB_SUB_URL AS ctLnbSubUrl FROM CT_LNB_SUB WHERE CT_LNB_ID = ? ORDER BY CT_LNB_SUB_IDX
2025-01-10 08:34:23 [http-nio-8080-exec-8] DEBUG c.s.d.m.C.selectLnbSubList - ==> Parameters: CT_LNB_SERVICE(String)
2025-01-10 08:34:23 [http-nio-8080-exec-10] DEBUG o.m.s.t.SpringManagedTransaction - JDBC Connection [HikariProxyConnection@58635202 wrapping com.mysql.cj.jdbc.ConnectionImpl@4e855d9] will not be managed by Spring
2025-01-10 08:34:23 [http-nio-8080-exec-7] DEBUG o.m.s.t.SpringManagedTransaction - JDBC Connection [HikariProxyConnection@701906724 wrapping com.mysql.cj.jdbc.ConnectionImpl@15b510f0] will not be managed by Spring
2025-01-10 08:34:23 [http-nio-8080-exec-10] DEBUG c.s.d.m.C.selectLnbSubList - ==>  Preparing: SELECT CT_LNB_SUB_IDX AS ctLnbSubIdx, CT_LNB_ID AS ctLnbId, CT_LNB_SUB_ID AS ctLnbSubId, CT_LNB_SUB_NAME AS ctLnbSubName, CT_LNB_SUB_URL AS ctLnbSubUrl FROM CT_LNB_SUB WHERE CT_LNB_ID = ? ORDER BY CT_LNB_SUB_IDX
2025-01-10 08:34:23 [http-nio-8080-exec-7] DEBUG c.s.d.m.C.selectLnbSubList - ==>  Preparing: SELECT CT_LNB_SUB_IDX AS ctLnbSubIdx, CT_LNB_ID AS ctLnbId, CT_LNB_SUB_ID AS ctLnbSubId, CT_LNB_SUB_NAME AS ctLnbSubName, CT_LNB_SUB_URL AS ctLnbSubUrl FROM CT_LNB_SUB WHERE CT_LNB_ID = ? ORDER BY CT_LNB_SUB_IDX
2025-01-10 08:34:23 [http-nio-8080-exec-7] DEBUG c.s.d.m.C.selectLnbSubList - ==> Parameters: CT_LNB_CONTACT(String)
2025-01-10 08:34:23 [http-nio-8080-exec-10] DEBUG c.s.d.m.C.selectLnbSubList - ==> Parameters: CT_LNB_INFORMATION(String)
2025-01-10 08:34:23 [http-nio-8080-exec-10] DEBUG c.s.d.m.C.selectLnbSubList - <==      Total: 2
2025-01-10 08:34:23 [http-nio-8080-exec-8] DEBUG c.s.d.m.C.selectLnbSubList - <==      Total: 4
2025-01-10 08:34:23 [http-nio-8080-exec-7] DEBUG c.s.d.m.C.selectLnbSubList - <==      Total: 2
2025-01-10 08:34:23 [http-nio-8080-exec-8] DEBUG org.mybatis.spring.SqlSessionUtils - Closing non transactional SqlSession [org.apache.ibatis.session.defaults.DefaultSqlSession@30cd75be]
2025-01-10 08:34:23 [http-nio-8080-exec-10] DEBUG org.mybatis.spring.SqlSessionUtils - Closing non transactional SqlSession [org.apache.ibatis.session.defaults.DefaultSqlSession@305bf576]
2025-01-10 08:34:23 [http-nio-8080-exec-7] DEBUG org.mybatis.spring.SqlSessionUtils - Closing non transactional SqlSession [org.apache.ibatis.session.defaults.DefaultSqlSession@43f119b7]
2025-01-10 08:34:23 [http-nio-8080-exec-5] DEBUG org.mybatis.spring.SqlSessionUtils - Creating a new SqlSession
2025-01-10 08:34:23 [http-nio-8080-exec-5] DEBUG org.mybatis.spring.SqlSessionUtils - SqlSession [org.apache.ibatis.session.defaults.DefaultSqlSession@40448dc1] was not registered for synchronization because synchronization is not active
2025-01-10 08:34:23 [http-nio-8080-exec-5] DEBUG o.m.s.t.SpringManagedTransaction - JDBC Connection [HikariProxyConnection@1862232589 wrapping com.mysql.cj.jdbc.ConnectionImpl@379120df] will not be managed by Spring
2025-01-10 08:34:23 [http-nio-8080-exec-5] DEBUG c.s.d.m.C.selectLnbSubList - ==>  Preparing: SELECT CT_LNB_SUB_IDX AS ctLnbSubIdx, CT_LNB_ID AS ctLnbId, CT_LNB_SUB_ID AS ctLnbSubId, CT_LNB_SUB_NAME AS ctLnbSubName, CT_LNB_SUB_URL AS ctLnbSubUrl FROM CT_LNB_SUB WHERE CT_LNB_ID = ? ORDER BY CT_LNB_SUB_IDX
2025-01-10 08:34:23 [http-nio-8080-exec-5] DEBUG c.s.d.m.C.selectLnbSubList - ==> Parameters: CT_LNB_INFORMATION(String)
2025-01-10 08:34:23 [http-nio-8080-exec-4] DEBUG org.mybatis.spring.SqlSessionUtils - Creating a new SqlSession
2025-01-10 08:34:23 [http-nio-8080-exec-6] DEBUG org.mybatis.spring.SqlSessionUtils - Creating a new SqlSession
2025-01-10 08:34:23 [http-nio-8080-exec-4] DEBUG org.mybatis.spring.SqlSessionUtils - SqlSession [org.apache.ibatis.session.defaults.DefaultSqlSession@58bdcef] was not registered for synchronization because synchronization is not active
2025-01-10 08:34:23 [http-nio-8080-exec-6] DEBUG org.mybatis.spring.SqlSessionUtils - SqlSession [org.apache.ibatis.session.defaults.DefaultSqlSession@44524454] was not registered for synchronization because synchronization is not active
2025-01-10 08:34:23 [http-nio-8080-exec-4] DEBUG o.m.s.t.SpringManagedTransaction - JDBC Connection [HikariProxyConnection@360315877 wrapping com.mysql.cj.jdbc.ConnectionImpl@4e855d9] will not be managed by Spring
2025-01-10 08:34:23 [http-nio-8080-exec-6] DEBUG o.m.s.t.SpringManagedTransaction - JDBC Connection [HikariProxyConnection@1058278857 wrapping com.mysql.cj.jdbc.ConnectionImpl@15b510f0] will not be managed by Spring
2025-01-10 08:34:23 [http-nio-8080-exec-4] DEBUG c.s.d.m.C.selectLnbSubList - ==>  Preparing: SELECT CT_LNB_SUB_IDX AS ctLnbSubIdx, CT_LNB_ID AS ctLnbId, CT_LNB_SUB_ID AS ctLnbSubId, CT_LNB_SUB_NAME AS ctLnbSubName, CT_LNB_SUB_URL AS ctLnbSubUrl FROM CT_LNB_SUB WHERE CT_LNB_ID = ? ORDER BY CT_LNB_SUB_IDX
2025-01-10 08:34:23 [http-nio-8080-exec-6] DEBUG c.s.d.m.C.selectLnbSubList - ==>  Preparing: SELECT CT_LNB_SUB_IDX AS ctLnbSubIdx, CT_LNB_ID AS ctLnbId, CT_LNB_SUB_ID AS ctLnbSubId, CT_LNB_SUB_NAME AS ctLnbSubName, CT_LNB_SUB_URL AS ctLnbSubUrl FROM CT_LNB_SUB WHERE CT_LNB_ID = ? ORDER BY CT_LNB_SUB_IDX
2025-01-10 08:34:23 [http-nio-8080-exec-4] DEBUG c.s.d.m.C.selectLnbSubList - ==> Parameters: CT_LNB_SERVICE(String)
2025-01-10 08:34:23 [http-nio-8080-exec-6] DEBUG c.s.d.m.C.selectLnbSubList - ==> Parameters: CT_LNB_CONTACT(String)
2025-01-10 08:34:23 [http-nio-8080-exec-5] DEBUG c.s.d.m.C.selectLnbSubList - <==      Total: 2
2025-01-10 08:34:23 [http-nio-8080-exec-6] DEBUG c.s.d.m.C.selectLnbSubList - <==      Total: 2
2025-01-10 08:34:23 [http-nio-8080-exec-4] DEBUG c.s.d.m.C.selectLnbSubList - <==      Total: 4
2025-01-10 08:34:23 [http-nio-8080-exec-5] DEBUG org.mybatis.spring.SqlSessionUtils - Closing non transactional SqlSession [org.apache.ibatis.session.defaults.DefaultSqlSession@40448dc1]
2025-01-10 08:34:23 [http-nio-8080-exec-6] DEBUG org.mybatis.spring.SqlSessionUtils - Closing non transactional SqlSession [org.apache.ibatis.session.defaults.DefaultSqlSession@44524454]
2025-01-10 08:34:23 [http-nio-8080-exec-4] DEBUG org.mybatis.spring.SqlSessionUtils - Closing non transactional SqlSession [org.apache.ibatis.session.defaults.DefaultSqlSession@58bdcef]
2025-01-10 08:34:40 [http-nio-8080-exec-9] WARN  o.t.s.p.AbstractStandardFragmentInsertionTagProcessor - [THYMELEAF][http-nio-8080-exec-9][common/layout/layout] Deprecated unwrapped fragment expression "common/fragments/header::header" found in template common/layout/layout, line 31, col 10. Please use the complete syntax of fragment expressions instead ("~{common/fragments/header::header}"). The old, unwrapped syntax for fragment expressions will be removed in future versions of Thymeleaf.
2025-01-10 08:34:40 [http-nio-8080-exec-9] WARN  o.t.s.p.AbstractStandardFragmentInsertionTagProcessor - [THYMELEAF][http-nio-8080-exec-9][common/layout/layout] Deprecated unwrapped fragment expression "common/fragments/footer::footer" found in template common/layout/layout, line 35, col 10. Please use the complete syntax of fragment expressions instead ("~{common/fragments/footer::footer}"). The old, unwrapped syntax for fragment expressions will be removed in future versions of Thymeleaf.
2025-01-10 08:34:40 [http-nio-8080-exec-9] DEBUG org.mybatis.spring.SqlSessionUtils - Creating a new SqlSession
2025-01-10 08:34:40 [http-nio-8080-exec-9] DEBUG org.mybatis.spring.SqlSessionUtils - SqlSession [org.apache.ibatis.session.defaults.DefaultSqlSession@594a3e85] was not registered for synchronization because synchronization is not active
2025-01-10 08:34:40 [http-nio-8080-exec-9] DEBUG o.m.s.t.SpringManagedTransaction - JDBC Connection [HikariProxyConnection@407963509 wrapping com.mysql.cj.jdbc.ConnectionImpl@15b510f0] will not be managed by Spring
2025-01-10 08:34:40 [http-nio-8080-exec-9] DEBUG c.s.d.m.CommonMapper.selectLnbList - ==>  Preparing: SELECT CT_LNB_IDX AS ctLnbIdx, CT_LNB_ID AS ctLnbId, CT_LNB_NAME AS ctLnbName, CT_LNB_SUB_YN AS ctLnbSubYn, CT_LNB_URL AS ctLnbUrl, CT_LNB_USE_YN AS ctLnbUseYn FROM CT_LNB WHERE CT_LNB_USE_YN = 'Y' ORDER BY CT_LNB_IDX
2025-01-10 08:34:40 [http-nio-8080-exec-9] DEBUG c.s.d.m.CommonMapper.selectLnbList - ==> Parameters: 
2025-01-10 08:34:40 [http-nio-8080-exec-9] DEBUG c.s.d.m.CommonMapper.selectLnbList - <==      Total: 4
2025-01-10 08:34:40 [http-nio-8080-exec-9] DEBUG org.mybatis.spring.SqlSessionUtils - Closing non transactional SqlSession [org.apache.ibatis.session.defaults.DefaultSqlSession@594a3e85]
2025-01-10 08:34:40 [http-nio-8080-exec-1] DEBUG org.mybatis.spring.SqlSessionUtils - Creating a new SqlSession
2025-01-10 08:34:40 [http-nio-8080-exec-1] DEBUG org.mybatis.spring.SqlSessionUtils - SqlSession [org.apache.ibatis.session.defaults.DefaultSqlSession@f24afb7] was not registered for synchronization because synchronization is not active
2025-01-10 08:34:40 [http-nio-8080-exec-1] DEBUG o.m.s.t.SpringManagedTransaction - JDBC Connection [HikariProxyConnection@800851082 wrapping com.mysql.cj.jdbc.ConnectionImpl@379120df] will not be managed by Spring
2025-01-10 08:34:40 [http-nio-8080-exec-1] DEBUG c.s.d.m.CommonMapper.selectLnbList - ==>  Preparing: SELECT CT_LNB_IDX AS ctLnbIdx, CT_LNB_ID AS ctLnbId, CT_LNB_NAME AS ctLnbName, CT_LNB_SUB_YN AS ctLnbSubYn, CT_LNB_URL AS ctLnbUrl, CT_LNB_USE_YN AS ctLnbUseYn FROM CT_LNB WHERE CT_LNB_USE_YN = 'Y' ORDER BY CT_LNB_IDX
2025-01-10 08:34:40 [http-nio-8080-exec-1] DEBUG c.s.d.m.CommonMapper.selectLnbList - ==> Parameters: 
2025-01-10 08:34:40 [http-nio-8080-exec-1] DEBUG c.s.d.m.CommonMapper.selectLnbList - <==      Total: 4
2025-01-10 08:34:40 [http-nio-8080-exec-1] DEBUG org.mybatis.spring.SqlSessionUtils - Closing non transactional SqlSession [org.apache.ibatis.session.defaults.DefaultSqlSession@f24afb7]
2025-01-10 08:34:40 [http-nio-8080-exec-8] DEBUG org.mybatis.spring.SqlSessionUtils - Creating a new SqlSession
2025-01-10 08:34:40 [http-nio-8080-exec-2] DEBUG org.mybatis.spring.SqlSessionUtils - Creating a new SqlSession
2025-01-10 08:34:40 [http-nio-8080-exec-10] DEBUG org.mybatis.spring.SqlSessionUtils - Creating a new SqlSession
2025-01-10 08:34:40 [http-nio-8080-exec-2] DEBUG org.mybatis.spring.SqlSessionUtils - SqlSession [org.apache.ibatis.session.defaults.DefaultSqlSession@2f2641db] was not registered for synchronization because synchronization is not active
2025-01-10 08:34:40 [http-nio-8080-exec-8] DEBUG org.mybatis.spring.SqlSessionUtils - SqlSession [org.apache.ibatis.session.defaults.DefaultSqlSession@c16f029] was not registered for synchronization because synchronization is not active
2025-01-10 08:34:40 [http-nio-8080-exec-10] DEBUG org.mybatis.spring.SqlSessionUtils - SqlSession [org.apache.ibatis.session.defaults.DefaultSqlSession@6b20189c] was not registered for synchronization because synchronization is not active
2025-01-10 08:34:40 [http-nio-8080-exec-10] DEBUG o.m.s.t.SpringManagedTransaction - JDBC Connection [HikariProxyConnection@490096281 wrapping com.mysql.cj.jdbc.ConnectionImpl@15b510f0] will not be managed by Spring
2025-01-10 08:34:40 [http-nio-8080-exec-8] DEBUG o.m.s.t.SpringManagedTransaction - JDBC Connection [HikariProxyConnection@600424584 wrapping com.mysql.cj.jdbc.ConnectionImpl@379120df] will not be managed by Spring
2025-01-10 08:34:40 [http-nio-8080-exec-10] DEBUG c.s.d.m.C.selectLnbSubList - ==>  Preparing: SELECT CT_LNB_SUB_IDX AS ctLnbSubIdx, CT_LNB_ID AS ctLnbId, CT_LNB_SUB_ID AS ctLnbSubId, CT_LNB_SUB_NAME AS ctLnbSubName, CT_LNB_SUB_URL AS ctLnbSubUrl FROM CT_LNB_SUB WHERE CT_LNB_ID = ? ORDER BY CT_LNB_SUB_IDX
2025-01-10 08:34:40 [http-nio-8080-exec-8] DEBUG c.s.d.m.C.selectLnbSubList - ==>  Preparing: SELECT CT_LNB_SUB_IDX AS ctLnbSubIdx, CT_LNB_ID AS ctLnbId, CT_LNB_SUB_ID AS ctLnbSubId, CT_LNB_SUB_NAME AS ctLnbSubName, CT_LNB_SUB_URL AS ctLnbSubUrl FROM CT_LNB_SUB WHERE CT_LNB_ID = ? ORDER BY CT_LNB_SUB_IDX
2025-01-10 08:34:40 [http-nio-8080-exec-8] DEBUG c.s.d.m.C.selectLnbSubList - ==> Parameters: CT_LNB_SERVICE(String)
2025-01-10 08:34:40 [http-nio-8080-exec-10] DEBUG c.s.d.m.C.selectLnbSubList - ==> Parameters: CT_LNB_CONTACT(String)
2025-01-10 08:34:40 [http-nio-8080-exec-2] DEBUG o.m.s.t.SpringManagedTransaction - JDBC Connection [HikariProxyConnection@952351920 wrapping com.mysql.cj.jdbc.ConnectionImpl@4e855d9] will not be managed by Spring
2025-01-10 08:34:40 [http-nio-8080-exec-2] DEBUG c.s.d.m.C.selectLnbSubList - ==>  Preparing: SELECT CT_LNB_SUB_IDX AS ctLnbSubIdx, CT_LNB_ID AS ctLnbId, CT_LNB_SUB_ID AS ctLnbSubId, CT_LNB_SUB_NAME AS ctLnbSubName, CT_LNB_SUB_URL AS ctLnbSubUrl FROM CT_LNB_SUB WHERE CT_LNB_ID = ? ORDER BY CT_LNB_SUB_IDX
2025-01-10 08:34:40 [http-nio-8080-exec-2] DEBUG c.s.d.m.C.selectLnbSubList - ==> Parameters: CT_LNB_INFORMATION(String)
2025-01-10 08:34:40 [http-nio-8080-exec-2] DEBUG c.s.d.m.C.selectLnbSubList - <==      Total: 2
2025-01-10 08:34:40 [http-nio-8080-exec-10] DEBUG c.s.d.m.C.selectLnbSubList - <==      Total: 2
2025-01-10 08:34:40 [http-nio-8080-exec-8] DEBUG c.s.d.m.C.selectLnbSubList - <==      Total: 4
2025-01-10 08:34:40 [http-nio-8080-exec-8] DEBUG org.mybatis.spring.SqlSessionUtils - Closing non transactional SqlSession [org.apache.ibatis.session.defaults.DefaultSqlSession@c16f029]
2025-01-10 08:34:40 [http-nio-8080-exec-2] DEBUG org.mybatis.spring.SqlSessionUtils - Closing non transactional SqlSession [org.apache.ibatis.session.defaults.DefaultSqlSession@2f2641db]
2025-01-10 08:34:40 [http-nio-8080-exec-10] DEBUG org.mybatis.spring.SqlSessionUtils - Closing non transactional SqlSession [org.apache.ibatis.session.defaults.DefaultSqlSession@6b20189c]
2025-01-10 08:34:40 [http-nio-8080-exec-3] DEBUG org.mybatis.spring.SqlSessionUtils - Creating a new SqlSession
2025-01-10 08:34:40 [http-nio-8080-exec-7] DEBUG org.mybatis.spring.SqlSessionUtils - Creating a new SqlSession
2025-01-10 08:34:40 [http-nio-8080-exec-3] DEBUG org.mybatis.spring.SqlSessionUtils - SqlSession [org.apache.ibatis.session.defaults.DefaultSqlSession@26f67c92] was not registered for synchronization because synchronization is not active
2025-01-10 08:34:40 [http-nio-8080-exec-7] DEBUG org.mybatis.spring.SqlSessionUtils - SqlSession [org.apache.ibatis.session.defaults.DefaultSqlSession@7aa6c06a] was not registered for synchronization because synchronization is not active
2025-01-10 08:34:40 [http-nio-8080-exec-3] DEBUG o.m.s.t.SpringManagedTransaction - JDBC Connection [HikariProxyConnection@15124771 wrapping com.mysql.cj.jdbc.ConnectionImpl@379120df] will not be managed by Spring
2025-01-10 08:34:40 [http-nio-8080-exec-4] DEBUG org.mybatis.spring.SqlSessionUtils - Creating a new SqlSession
2025-01-10 08:34:40 [http-nio-8080-exec-7] DEBUG o.m.s.t.SpringManagedTransaction - JDBC Connection [HikariProxyConnection@1645342469 wrapping com.mysql.cj.jdbc.ConnectionImpl@15b510f0] will not be managed by Spring
2025-01-10 08:34:40 [http-nio-8080-exec-4] DEBUG org.mybatis.spring.SqlSessionUtils - SqlSession [org.apache.ibatis.session.defaults.DefaultSqlSession@4947e44c] was not registered for synchronization because synchronization is not active
2025-01-10 08:34:40 [http-nio-8080-exec-3] DEBUG c.s.d.m.C.selectLnbSubList - ==>  Preparing: SELECT CT_LNB_SUB_IDX AS ctLnbSubIdx, CT_LNB_ID AS ctLnbId, CT_LNB_SUB_ID AS ctLnbSubId, CT_LNB_SUB_NAME AS ctLnbSubName, CT_LNB_SUB_URL AS ctLnbSubUrl FROM CT_LNB_SUB WHERE CT_LNB_ID = ? ORDER BY CT_LNB_SUB_IDX
2025-01-10 08:34:40 [http-nio-8080-exec-4] DEBUG o.m.s.t.SpringManagedTransaction - JDBC Connection [HikariProxyConnection@331061330 wrapping com.mysql.cj.jdbc.ConnectionImpl@4e855d9] will not be managed by Spring
2025-01-10 08:34:40 [http-nio-8080-exec-7] DEBUG c.s.d.m.C.selectLnbSubList - ==>  Preparing: SELECT CT_LNB_SUB_IDX AS ctLnbSubIdx, CT_LNB_ID AS ctLnbId, CT_LNB_SUB_ID AS ctLnbSubId, CT_LNB_SUB_NAME AS ctLnbSubName, CT_LNB_SUB_URL AS ctLnbSubUrl FROM CT_LNB_SUB WHERE CT_LNB_ID = ? ORDER BY CT_LNB_SUB_IDX
2025-01-10 08:34:40 [http-nio-8080-exec-4] DEBUG c.s.d.m.C.selectLnbSubList - ==>  Preparing: SELECT CT_LNB_SUB_IDX AS ctLnbSubIdx, CT_LNB_ID AS ctLnbId, CT_LNB_SUB_ID AS ctLnbSubId, CT_LNB_SUB_NAME AS ctLnbSubName, CT_LNB_SUB_URL AS ctLnbSubUrl FROM CT_LNB_SUB WHERE CT_LNB_ID = ? ORDER BY CT_LNB_SUB_IDX
2025-01-10 08:34:40 [http-nio-8080-exec-4] DEBUG c.s.d.m.C.selectLnbSubList - ==> Parameters: CT_LNB_CONTACT(String)
2025-01-10 08:34:40 [http-nio-8080-exec-7] DEBUG c.s.d.m.C.selectLnbSubList - ==> Parameters: CT_LNB_SERVICE(String)
2025-01-10 08:34:40 [http-nio-8080-exec-3] DEBUG c.s.d.m.C.selectLnbSubList - ==> Parameters: CT_LNB_INFORMATION(String)
2025-01-10 08:34:40 [http-nio-8080-exec-4] DEBUG c.s.d.m.C.selectLnbSubList - <==      Total: 2
2025-01-10 08:34:40 [http-nio-8080-exec-3] DEBUG c.s.d.m.C.selectLnbSubList - <==      Total: 2
2025-01-10 08:34:40 [http-nio-8080-exec-7] DEBUG c.s.d.m.C.selectLnbSubList - <==      Total: 4
2025-01-10 08:34:40 [http-nio-8080-exec-4] DEBUG org.mybatis.spring.SqlSessionUtils - Closing non transactional SqlSession [org.apache.ibatis.session.defaults.DefaultSqlSession@4947e44c]
2025-01-10 08:34:40 [http-nio-8080-exec-3] DEBUG org.mybatis.spring.SqlSessionUtils - Closing non transactional SqlSession [org.apache.ibatis.session.defaults.DefaultSqlSession@26f67c92]
2025-01-10 08:34:40 [http-nio-8080-exec-7] DEBUG org.mybatis.spring.SqlSessionUtils - Closing non transactional SqlSession [org.apache.ibatis.session.defaults.DefaultSqlSession@7aa6c06a]
2025-01-10 08:34:45 [http-nio-8080-exec-5] ERROR org.thymeleaf.TemplateEngine - [THYMELEAF][http-nio-8080-exec-5] Exception processing template "view/vision": Error resolving template [view/vision], template might not exist or might not be accessible by any of the configured Template Resolvers
org.thymeleaf.exceptions.TemplateInputException: Error resolving template [view/vision], template might not exist or might not be accessible by any of the configured Template Resolvers
	at org.thymeleaf.engine.TemplateManager.resolveTemplate(TemplateManager.java:869)
	at org.thymeleaf.engine.TemplateManager.parseAndProcess(TemplateManager.java:607)
	at org.thymeleaf.TemplateEngine.process(TemplateEngine.java:1103)
	at org.thymeleaf.TemplateEngine.process(TemplateEngine.java:1077)
	at org.thymeleaf.spring6.view.ThymeleafView.renderFragment(ThymeleafView.java:372)
	at org.thymeleaf.spring6.view.ThymeleafView.render(ThymeleafView.java:192)
	at org.springframework.web.servlet.DispatcherServlet.render(DispatcherServlet.java:1435)
	at org.springframework.web.servlet.DispatcherServlet.processDispatchResult(DispatcherServlet.java:1167)
	at org.springframework.web.servlet.DispatcherServlet.doDispatch(DispatcherServlet.java:1105)
	at org.springframework.web.servlet.DispatcherServlet.doService(DispatcherServlet.java:978)
	at org.springframework.web.servlet.FrameworkServlet.processRequest(FrameworkServlet.java:1014)
	at org.springframework.web.servlet.FrameworkServlet.doGet(FrameworkServlet.java:903)
	at jakarta.servlet.http.HttpServlet.service(HttpServlet.java:564)
	at org.springframework.web.servlet.FrameworkServlet.service(FrameworkServlet.java:885)
	at jakarta.servlet.http.HttpServlet.service(HttpServlet.java:658)
	at org.apache.catalina.core.ApplicationFilterChain.internalDoFilter(ApplicationFilterChain.java:195)
	at org.apache.catalina.core.ApplicationFilterChain.doFilter(ApplicationFilterChain.java:140)
	at org.apache.tomcat.websocket.server.WsFilter.doFilter(WsFilter.java:51)
	at org.apache.catalina.core.ApplicationFilterChain.internalDoFilter(ApplicationFilterChain.java:164)
	at org.apache.catalina.core.ApplicationFilterChain.doFilter(ApplicationFilterChain.java:140)
	at org.springframework.web.filter.RequestContextFilter.doFilterInternal(RequestContextFilter.java:100)
	at org.springframework.web.filter.OncePerRequestFilter.doFilter(OncePerRequestFilter.java:116)
	at org.apache.catalina.core.ApplicationFilterChain.internalDoFilter(ApplicationFilterChain.java:164)
	at org.apache.catalina.core.ApplicationFilterChain.doFilter(ApplicationFilterChain.java:140)
	at org.springframework.web.filter.FormContentFilter.doFilterInternal(FormContentFilter.java:93)
	at org.springframework.web.filter.OncePerRequestFilter.doFilter(OncePerRequestFilter.java:116)
	at org.apache.catalina.core.ApplicationFilterChain.internalDoFilter(ApplicationFilterChain.java:164)
	at org.apache.catalina.core.ApplicationFilterChain.doFilter(ApplicationFilterChain.java:140)
	at org.springframework.web.filter.CharacterEncodingFilter.doFilterInternal(CharacterEncodingFilter.java:201)
	at org.springframework.web.filter.OncePerRequestFilter.doFilter(OncePerRequestFilter.java:116)
	at org.apache.catalina.core.ApplicationFilterChain.internalDoFilter(ApplicationFilterChain.java:164)
	at org.apache.catalina.core.ApplicationFilterChain.doFilter(ApplicationFilterChain.java:140)
	at org.apache.catalina.core.StandardWrapperValve.invoke(StandardWrapperValve.java:167)
	at org.apache.catalina.core.StandardContextValve.invoke(StandardContextValve.java:90)
	at org.apache.catalina.authenticator.AuthenticatorBase.invoke(AuthenticatorBase.java:483)
	at org.apache.catalina.core.StandardHostValve.invoke(StandardHostValve.java:115)
	at org.apache.catalina.valves.ErrorReportValve.invoke(ErrorReportValve.java:93)
	at org.apache.catalina.core.StandardEngineValve.invoke(StandardEngineValve.java:74)
	at org.apache.catalina.connector.CoyoteAdapter.service(CoyoteAdapter.java:344)
	at org.apache.coyote.http11.Http11Processor.service(Http11Processor.java:397)
	at org.apache.coyote.AbstractProcessorLight.process(AbstractProcessorLight.java:63)
	at org.apache.coyote.AbstractProtocol$ConnectionHandler.process(AbstractProtocol.java:905)
	at org.apache.tomcat.util.net.NioEndpoint$SocketProcessor.doRun(NioEndpoint.java:1741)
	at org.apache.tomcat.util.net.SocketProcessorBase.run(SocketProcessorBase.java:52)
	at org.apache.tomcat.util.threads.ThreadPoolExecutor.runWorker(ThreadPoolExecutor.java:1190)
	at org.apache.tomcat.util.threads.ThreadPoolExecutor$Worker.run(ThreadPoolExecutor.java:659)
	at org.apache.tomcat.util.threads.TaskThread$WrappingRunnable.run(TaskThread.java:63)
	at java.base/java.lang.Thread.run(Thread.java:842)
2025-01-10 08:34:45 [http-nio-8080-exec-5] ERROR o.a.c.c.C.[.[.[.[dispatcherServlet] - Servlet.service() for servlet [dispatcherServlet] in context with path [] threw exception [Request processing failed: org.thymeleaf.exceptions.TemplateInputException: Error resolving template [view/vision], template might not exist or might not be accessible by any of the configured Template Resolvers] with root cause
org.thymeleaf.exceptions.TemplateInputException: Error resolving template [view/vision], template might not exist or might not be accessible by any of the configured Template Resolvers
	at org.thymeleaf.engine.TemplateManager.resolveTemplate(TemplateManager.java:869)
	at org.thymeleaf.engine.TemplateManager.parseAndProcess(TemplateManager.java:607)
	at org.thymeleaf.TemplateEngine.process(TemplateEngine.java:1103)
	at org.thymeleaf.TemplateEngine.process(TemplateEngine.java:1077)
	at org.thymeleaf.spring6.view.ThymeleafView.renderFragment(ThymeleafView.java:372)
	at org.thymeleaf.spring6.view.ThymeleafView.render(ThymeleafView.java:192)
	at org.springframework.web.servlet.DispatcherServlet.render(DispatcherServlet.java:1435)
	at org.springframework.web.servlet.DispatcherServlet.processDispatchResult(DispatcherServlet.java:1167)
	at org.springframework.web.servlet.DispatcherServlet.doDispatch(DispatcherServlet.java:1105)
	at org.springframework.web.servlet.DispatcherServlet.doService(DispatcherServlet.java:978)
	at org.springframework.web.servlet.FrameworkServlet.processRequest(FrameworkServlet.java:1014)
	at org.springframework.web.servlet.FrameworkServlet.doGet(FrameworkServlet.java:903)
	at jakarta.servlet.http.HttpServlet.service(HttpServlet.java:564)
	at org.springframework.web.servlet.FrameworkServlet.service(FrameworkServlet.java:885)
	at jakarta.servlet.http.HttpServlet.service(HttpServlet.java:658)
	at org.apache.catalina.core.ApplicationFilterChain.internalDoFilter(ApplicationFilterChain.java:195)
	at org.apache.catalina.core.ApplicationFilterChain.doFilter(ApplicationFilterChain.java:140)
	at org.apache.tomcat.websocket.server.WsFilter.doFilter(WsFilter.java:51)
	at org.apache.catalina.core.ApplicationFilterChain.internalDoFilter(ApplicationFilterChain.java:164)
	at org.apache.catalina.core.ApplicationFilterChain.doFilter(ApplicationFilterChain.java:140)
	at org.springframework.web.filter.RequestContextFilter.doFilterInternal(RequestContextFilter.java:100)
	at org.springframework.web.filter.OncePerRequestFilter.doFilter(OncePerRequestFilter.java:116)
	at org.apache.catalina.core.ApplicationFilterChain.internalDoFilter(ApplicationFilterChain.java:164)
	at org.apache.catalina.core.ApplicationFilterChain.doFilter(ApplicationFilterChain.java:140)
	at org.springframework.web.filter.FormContentFilter.doFilterInternal(FormContentFilter.java:93)
	at org.springframework.web.filter.OncePerRequestFilter.doFilter(OncePerRequestFilter.java:116)
	at org.apache.catalina.core.ApplicationFilterChain.internalDoFilter(ApplicationFilterChain.java:164)
	at org.apache.catalina.core.ApplicationFilterChain.doFilter(ApplicationFilterChain.java:140)
	at org.springframework.web.filter.CharacterEncodingFilter.doFilterInternal(CharacterEncodingFilter.java:201)
	at org.springframework.web.filter.OncePerRequestFilter.doFilter(OncePerRequestFilter.java:116)
	at org.apache.catalina.core.ApplicationFilterChain.internalDoFilter(ApplicationFilterChain.java:164)
	at org.apache.catalina.core.ApplicationFilterChain.doFilter(ApplicationFilterChain.java:140)
	at org.apache.catalina.core.StandardWrapperValve.invoke(StandardWrapperValve.java:167)
	at org.apache.catalina.core.StandardContextValve.invoke(StandardContextValve.java:90)
	at org.apache.catalina.authenticator.AuthenticatorBase.invoke(AuthenticatorBase.java:483)
	at org.apache.catalina.core.StandardHostValve.invoke(StandardHostValve.java:115)
	at org.apache.catalina.valves.ErrorReportValve.invoke(ErrorReportValve.java:93)
	at org.apache.catalina.core.StandardEngineValve.invoke(StandardEngineValve.java:74)
	at org.apache.catalina.connector.CoyoteAdapter.service(CoyoteAdapter.java:344)
	at org.apache.coyote.http11.Http11Processor.service(Http11Processor.java:397)
	at org.apache.coyote.AbstractProcessorLight.process(AbstractProcessorLight.java:63)
	at org.apache.coyote.AbstractProtocol$ConnectionHandler.process(AbstractProtocol.java:905)
	at org.apache.tomcat.util.net.NioEndpoint$SocketProcessor.doRun(NioEndpoint.java:1741)
	at org.apache.tomcat.util.net.SocketProcessorBase.run(SocketProcessorBase.java:52)
	at org.apache.tomcat.util.threads.ThreadPoolExecutor.runWorker(ThreadPoolExecutor.java:1190)
	at org.apache.tomcat.util.threads.ThreadPoolExecutor$Worker.run(ThreadPoolExecutor.java:659)
	at org.apache.tomcat.util.threads.TaskThread$WrappingRunnable.run(TaskThread.java:63)
	at java.base/java.lang.Thread.run(Thread.java:842)
2025-01-10 08:35:26 [http-nio-8080-exec-6] WARN  o.t.s.p.AbstractStandardFragmentInsertionTagProcessor - [THYMELEAF][http-nio-8080-exec-6][common/layout/layout] Deprecated unwrapped fragment expression "common/fragments/header::header" found in template common/layout/layout, line 31, col 10. Please use the complete syntax of fragment expressions instead ("~{common/fragments/header::header}"). The old, unwrapped syntax for fragment expressions will be removed in future versions of Thymeleaf.
2025-01-10 08:35:26 [http-nio-8080-exec-6] WARN  o.t.s.p.AbstractStandardFragmentInsertionTagProcessor - [THYMELEAF][http-nio-8080-exec-6][common/layout/layout] Deprecated unwrapped fragment expression "common/fragments/footer::footer" found in template common/layout/layout, line 35, col 10. Please use the complete syntax of fragment expressions instead ("~{common/fragments/footer::footer}"). The old, unwrapped syntax for fragment expressions will be removed in future versions of Thymeleaf.
2025-01-10 08:35:26 [http-nio-8080-exec-6] DEBUG org.mybatis.spring.SqlSessionUtils - Creating a new SqlSession
2025-01-10 08:35:26 [http-nio-8080-exec-6] DEBUG org.mybatis.spring.SqlSessionUtils - SqlSession [org.apache.ibatis.session.defaults.DefaultSqlSession@5afe4fc0] was not registered for synchronization because synchronization is not active
2025-01-10 08:35:26 [http-nio-8080-exec-6] DEBUG o.m.s.t.SpringManagedTransaction - JDBC Connection [HikariProxyConnection@1179094834 wrapping com.mysql.cj.jdbc.ConnectionImpl@15b510f0] will not be managed by Spring
2025-01-10 08:35:26 [http-nio-8080-exec-6] DEBUG c.s.d.m.CommonMapper.selectLnbList - ==>  Preparing: SELECT CT_LNB_IDX AS ctLnbIdx, CT_LNB_ID AS ctLnbId, CT_LNB_NAME AS ctLnbName, CT_LNB_SUB_YN AS ctLnbSubYn, CT_LNB_URL AS ctLnbUrl, CT_LNB_USE_YN AS ctLnbUseYn FROM CT_LNB WHERE CT_LNB_USE_YN = 'Y' ORDER BY CT_LNB_IDX
2025-01-10 08:35:26 [http-nio-8080-exec-6] DEBUG c.s.d.m.CommonMapper.selectLnbList - ==> Parameters: 
2025-01-10 08:35:26 [http-nio-8080-exec-6] DEBUG c.s.d.m.CommonMapper.selectLnbList - <==      Total: 4
2025-01-10 08:35:26 [http-nio-8080-exec-6] DEBUG org.mybatis.spring.SqlSessionUtils - Closing non transactional SqlSession [org.apache.ibatis.session.defaults.DefaultSqlSession@5afe4fc0]
2025-01-10 08:35:26 [http-nio-8080-exec-9] DEBUG org.mybatis.spring.SqlSessionUtils - Creating a new SqlSession
2025-01-10 08:35:26 [http-nio-8080-exec-9] DEBUG org.mybatis.spring.SqlSessionUtils - SqlSession [org.apache.ibatis.session.defaults.DefaultSqlSession@6cec1ed7] was not registered for synchronization because synchronization is not active
2025-01-10 08:35:26 [http-nio-8080-exec-9] DEBUG o.m.s.t.SpringManagedTransaction - JDBC Connection [HikariProxyConnection@2090260112 wrapping com.mysql.cj.jdbc.ConnectionImpl@15b510f0] will not be managed by Spring
2025-01-10 08:35:26 [http-nio-8080-exec-9] DEBUG c.s.d.m.CommonMapper.selectLnbList - ==>  Preparing: SELECT CT_LNB_IDX AS ctLnbIdx, CT_LNB_ID AS ctLnbId, CT_LNB_NAME AS ctLnbName, CT_LNB_SUB_YN AS ctLnbSubYn, CT_LNB_URL AS ctLnbUrl, CT_LNB_USE_YN AS ctLnbUseYn FROM CT_LNB WHERE CT_LNB_USE_YN = 'Y' ORDER BY CT_LNB_IDX
2025-01-10 08:35:26 [http-nio-8080-exec-9] DEBUG c.s.d.m.CommonMapper.selectLnbList - ==> Parameters: 
2025-01-10 08:35:26 [http-nio-8080-exec-9] DEBUG c.s.d.m.CommonMapper.selectLnbList - <==      Total: 4
2025-01-10 08:35:26 [http-nio-8080-exec-9] DEBUG org.mybatis.spring.SqlSessionUtils - Closing non transactional SqlSession [org.apache.ibatis.session.defaults.DefaultSqlSession@6cec1ed7]
2025-01-10 08:35:26 [http-nio-8080-exec-1] DEBUG org.mybatis.spring.SqlSessionUtils - Creating a new SqlSession
2025-01-10 08:35:26 [http-nio-8080-exec-1] DEBUG org.mybatis.spring.SqlSessionUtils - SqlSession [org.apache.ibatis.session.defaults.DefaultSqlSession@296734de] was not registered for synchronization because synchronization is not active
2025-01-10 08:35:26 [http-nio-8080-exec-1] DEBUG o.m.s.t.SpringManagedTransaction - JDBC Connection [HikariProxyConnection@1714486572 wrapping com.mysql.cj.jdbc.ConnectionImpl@379120df] will not be managed by Spring
2025-01-10 08:35:26 [http-nio-8080-exec-1] DEBUG c.s.d.m.C.selectLnbSubList - ==>  Preparing: SELECT CT_LNB_SUB_IDX AS ctLnbSubIdx, CT_LNB_ID AS ctLnbId, CT_LNB_SUB_ID AS ctLnbSubId, CT_LNB_SUB_NAME AS ctLnbSubName, CT_LNB_SUB_URL AS ctLnbSubUrl FROM CT_LNB_SUB WHERE CT_LNB_ID = ? ORDER BY CT_LNB_SUB_IDX
2025-01-10 08:35:26 [http-nio-8080-exec-2] DEBUG org.mybatis.spring.SqlSessionUtils - Creating a new SqlSession
2025-01-10 08:35:26 [http-nio-8080-exec-10] DEBUG org.mybatis.spring.SqlSessionUtils - Creating a new SqlSession
2025-01-10 08:35:26 [http-nio-8080-exec-2] DEBUG org.mybatis.spring.SqlSessionUtils - SqlSession [org.apache.ibatis.session.defaults.DefaultSqlSession@538b5f1f] was not registered for synchronization because synchronization is not active
2025-01-10 08:35:26 [http-nio-8080-exec-10] DEBUG org.mybatis.spring.SqlSessionUtils - SqlSession [org.apache.ibatis.session.defaults.DefaultSqlSession@5d23d0b4] was not registered for synchronization because synchronization is not active
2025-01-10 08:35:26 [http-nio-8080-exec-10] DEBUG o.m.s.t.SpringManagedTransaction - JDBC Connection [HikariProxyConnection@1921926919 wrapping com.mysql.cj.jdbc.ConnectionImpl@15b510f0] will not be managed by Spring
2025-01-10 08:35:26 [http-nio-8080-exec-1] DEBUG c.s.d.m.C.selectLnbSubList - ==> Parameters: CT_LNB_INFORMATION(String)
2025-01-10 08:35:26 [http-nio-8080-exec-10] DEBUG c.s.d.m.C.selectLnbSubList - ==>  Preparing: SELECT CT_LNB_SUB_IDX AS ctLnbSubIdx, CT_LNB_ID AS ctLnbId, CT_LNB_SUB_ID AS ctLnbSubId, CT_LNB_SUB_NAME AS ctLnbSubName, CT_LNB_SUB_URL AS ctLnbSubUrl FROM CT_LNB_SUB WHERE CT_LNB_ID = ? ORDER BY CT_LNB_SUB_IDX
2025-01-10 08:35:26 [http-nio-8080-exec-2] DEBUG o.m.s.t.SpringManagedTransaction - JDBC Connection [HikariProxyConnection@1980260322 wrapping com.mysql.cj.jdbc.ConnectionImpl@4e855d9] will not be managed by Spring
2025-01-10 08:35:26 [http-nio-8080-exec-10] DEBUG c.s.d.m.C.selectLnbSubList - ==> Parameters: CT_LNB_SERVICE(String)
2025-01-10 08:35:26 [http-nio-8080-exec-2] DEBUG c.s.d.m.C.selectLnbSubList - ==>  Preparing: SELECT CT_LNB_SUB_IDX AS ctLnbSubIdx, CT_LNB_ID AS ctLnbId, CT_LNB_SUB_ID AS ctLnbSubId, CT_LNB_SUB_NAME AS ctLnbSubName, CT_LNB_SUB_URL AS ctLnbSubUrl FROM CT_LNB_SUB WHERE CT_LNB_ID = ? ORDER BY CT_LNB_SUB_IDX
2025-01-10 08:35:26 [http-nio-8080-exec-2] DEBUG c.s.d.m.C.selectLnbSubList - ==> Parameters: CT_LNB_CONTACT(String)
2025-01-10 08:35:26 [http-nio-8080-exec-1] DEBUG c.s.d.m.C.selectLnbSubList - <==      Total: 2
2025-01-10 08:35:26 [http-nio-8080-exec-10] DEBUG c.s.d.m.C.selectLnbSubList - <==      Total: 4
2025-01-10 08:35:26 [http-nio-8080-exec-2] DEBUG c.s.d.m.C.selectLnbSubList - <==      Total: 2
2025-01-10 08:35:26 [http-nio-8080-exec-1] DEBUG org.mybatis.spring.SqlSessionUtils - Closing non transactional SqlSession [org.apache.ibatis.session.defaults.DefaultSqlSession@296734de]
2025-01-10 08:35:26 [http-nio-8080-exec-10] DEBUG org.mybatis.spring.SqlSessionUtils - Closing non transactional SqlSession [org.apache.ibatis.session.defaults.DefaultSqlSession@5d23d0b4]
2025-01-10 08:35:26 [http-nio-8080-exec-2] DEBUG org.mybatis.spring.SqlSessionUtils - Closing non transactional SqlSession [org.apache.ibatis.session.defaults.DefaultSqlSession@538b5f1f]
2025-01-10 08:35:26 [http-nio-8080-exec-8] DEBUG org.mybatis.spring.SqlSessionUtils - Creating a new SqlSession
2025-01-10 08:35:26 [http-nio-8080-exec-8] DEBUG org.mybatis.spring.SqlSessionUtils - SqlSession [org.apache.ibatis.session.defaults.DefaultSqlSession@71bda44c] was not registered for synchronization because synchronization is not active
2025-01-10 08:35:26 [http-nio-8080-exec-8] DEBUG o.m.s.t.SpringManagedTransaction - JDBC Connection [HikariProxyConnection@480110451 wrapping com.mysql.cj.jdbc.ConnectionImpl@379120df] will not be managed by Spring
2025-01-10 08:35:26 [http-nio-8080-exec-8] DEBUG c.s.d.m.C.selectLnbSubList - ==>  Preparing: SELECT CT_LNB_SUB_IDX AS ctLnbSubIdx, CT_LNB_ID AS ctLnbId, CT_LNB_SUB_ID AS ctLnbSubId, CT_LNB_SUB_NAME AS ctLnbSubName, CT_LNB_SUB_URL AS ctLnbSubUrl FROM CT_LNB_SUB WHERE CT_LNB_ID = ? ORDER BY CT_LNB_SUB_IDX
2025-01-10 08:35:26 [http-nio-8080-exec-3] DEBUG org.mybatis.spring.SqlSessionUtils - Creating a new SqlSession
2025-01-10 08:35:26 [http-nio-8080-exec-7] DEBUG org.mybatis.spring.SqlSessionUtils - Creating a new SqlSession
2025-01-10 08:35:26 [http-nio-8080-exec-3] DEBUG org.mybatis.spring.SqlSessionUtils - SqlSession [org.apache.ibatis.session.defaults.DefaultSqlSession@29169751] was not registered for synchronization because synchronization is not active
2025-01-10 08:35:26 [http-nio-8080-exec-8] DEBUG c.s.d.m.C.selectLnbSubList - ==> Parameters: CT_LNB_INFORMATION(String)
2025-01-10 08:35:26 [http-nio-8080-exec-7] DEBUG org.mybatis.spring.SqlSessionUtils - SqlSession [org.apache.ibatis.session.defaults.DefaultSqlSession@3fedee5b] was not registered for synchronization because synchronization is not active
2025-01-10 08:35:26 [http-nio-8080-exec-3] DEBUG o.m.s.t.SpringManagedTransaction - JDBC Connection [HikariProxyConnection@521141377 wrapping com.mysql.cj.jdbc.ConnectionImpl@15b510f0] will not be managed by Spring
2025-01-10 08:35:26 [http-nio-8080-exec-7] DEBUG o.m.s.t.SpringManagedTransaction - JDBC Connection [HikariProxyConnection@1382631268 wrapping com.mysql.cj.jdbc.ConnectionImpl@4e855d9] will not be managed by Spring
2025-01-10 08:35:26 [http-nio-8080-exec-3] DEBUG c.s.d.m.C.selectLnbSubList - ==>  Preparing: SELECT CT_LNB_SUB_IDX AS ctLnbSubIdx, CT_LNB_ID AS ctLnbId, CT_LNB_SUB_ID AS ctLnbSubId, CT_LNB_SUB_NAME AS ctLnbSubName, CT_LNB_SUB_URL AS ctLnbSubUrl FROM CT_LNB_SUB WHERE CT_LNB_ID = ? ORDER BY CT_LNB_SUB_IDX
2025-01-10 08:35:26 [http-nio-8080-exec-7] DEBUG c.s.d.m.C.selectLnbSubList - ==>  Preparing: SELECT CT_LNB_SUB_IDX AS ctLnbSubIdx, CT_LNB_ID AS ctLnbId, CT_LNB_SUB_ID AS ctLnbSubId, CT_LNB_SUB_NAME AS ctLnbSubName, CT_LNB_SUB_URL AS ctLnbSubUrl FROM CT_LNB_SUB WHERE CT_LNB_ID = ? ORDER BY CT_LNB_SUB_IDX
2025-01-10 08:35:26 [http-nio-8080-exec-7] DEBUG c.s.d.m.C.selectLnbSubList - ==> Parameters: CT_LNB_CONTACT(String)
2025-01-10 08:35:26 [http-nio-8080-exec-3] DEBUG c.s.d.m.C.selectLnbSubList - ==> Parameters: CT_LNB_SERVICE(String)
2025-01-10 08:35:26 [http-nio-8080-exec-7] DEBUG c.s.d.m.C.selectLnbSubList - <==      Total: 2
2025-01-10 08:35:26 [http-nio-8080-exec-8] DEBUG c.s.d.m.C.selectLnbSubList - <==      Total: 2
2025-01-10 08:35:26 [http-nio-8080-exec-3] DEBUG c.s.d.m.C.selectLnbSubList - <==      Total: 4
2025-01-10 08:35:26 [http-nio-8080-exec-7] DEBUG org.mybatis.spring.SqlSessionUtils - Closing non transactional SqlSession [org.apache.ibatis.session.defaults.DefaultSqlSession@3fedee5b]
2025-01-10 08:35:26 [http-nio-8080-exec-8] DEBUG org.mybatis.spring.SqlSessionUtils - Closing non transactional SqlSession [org.apache.ibatis.session.defaults.DefaultSqlSession@71bda44c]
2025-01-10 08:35:26 [http-nio-8080-exec-3] DEBUG org.mybatis.spring.SqlSessionUtils - Closing non transactional SqlSession [org.apache.ibatis.session.defaults.DefaultSqlSession@29169751]
2025-01-10 08:35:35 [http-nio-8080-exec-5] WARN  o.t.s.p.AbstractStandardFragmentInsertionTagProcessor - [THYMELEAF][http-nio-8080-exec-5][common/layout/layout] Deprecated unwrapped fragment expression "common/fragments/header::header" found in template common/layout/layout, line 31, col 10. Please use the complete syntax of fragment expressions instead ("~{common/fragments/header::header}"). The old, unwrapped syntax for fragment expressions will be removed in future versions of Thymeleaf.
2025-01-10 08:35:35 [http-nio-8080-exec-5] WARN  o.t.s.p.AbstractStandardFragmentInsertionTagProcessor - [THYMELEAF][http-nio-8080-exec-5][common/layout/layout] Deprecated unwrapped fragment expression "common/fragments/footer::footer" found in template common/layout/layout, line 35, col 10. Please use the complete syntax of fragment expressions instead ("~{common/fragments/footer::footer}"). The old, unwrapped syntax for fragment expressions will be removed in future versions of Thymeleaf.
2025-01-10 08:35:35 [http-nio-8080-exec-5] DEBUG org.mybatis.spring.SqlSessionUtils - Creating a new SqlSession
2025-01-10 08:35:35 [http-nio-8080-exec-5] DEBUG org.mybatis.spring.SqlSessionUtils - SqlSession [org.apache.ibatis.session.defaults.DefaultSqlSession@12544428] was not registered for synchronization because synchronization is not active
2025-01-10 08:35:35 [http-nio-8080-exec-5] DEBUG o.m.s.t.SpringManagedTransaction - JDBC Connection [HikariProxyConnection@2053352702 wrapping com.mysql.cj.jdbc.ConnectionImpl@379120df] will not be managed by Spring
2025-01-10 08:35:35 [http-nio-8080-exec-5] DEBUG c.s.d.m.CommonMapper.selectLnbList - ==>  Preparing: SELECT CT_LNB_IDX AS ctLnbIdx, CT_LNB_ID AS ctLnbId, CT_LNB_NAME AS ctLnbName, CT_LNB_SUB_YN AS ctLnbSubYn, CT_LNB_URL AS ctLnbUrl, CT_LNB_USE_YN AS ctLnbUseYn FROM CT_LNB WHERE CT_LNB_USE_YN = 'Y' ORDER BY CT_LNB_IDX
2025-01-10 08:35:35 [http-nio-8080-exec-5] DEBUG c.s.d.m.CommonMapper.selectLnbList - ==> Parameters: 
2025-01-10 08:35:35 [http-nio-8080-exec-5] DEBUG c.s.d.m.CommonMapper.selectLnbList - <==      Total: 4
2025-01-10 08:35:35 [http-nio-8080-exec-5] DEBUG org.mybatis.spring.SqlSessionUtils - Closing non transactional SqlSession [org.apache.ibatis.session.defaults.DefaultSqlSession@12544428]
2025-01-10 08:35:35 [http-nio-8080-exec-4] DEBUG org.mybatis.spring.SqlSessionUtils - Creating a new SqlSession
2025-01-10 08:35:35 [http-nio-8080-exec-4] DEBUG org.mybatis.spring.SqlSessionUtils - SqlSession [org.apache.ibatis.session.defaults.DefaultSqlSession@4de76299] was not registered for synchronization because synchronization is not active
2025-01-10 08:35:35 [http-nio-8080-exec-4] DEBUG o.m.s.t.SpringManagedTransaction - JDBC Connection [HikariProxyConnection@846162125 wrapping com.mysql.cj.jdbc.ConnectionImpl@4e855d9] will not be managed by Spring
2025-01-10 08:35:35 [http-nio-8080-exec-4] DEBUG c.s.d.m.CommonMapper.selectLnbList - ==>  Preparing: SELECT CT_LNB_IDX AS ctLnbIdx, CT_LNB_ID AS ctLnbId, CT_LNB_NAME AS ctLnbName, CT_LNB_SUB_YN AS ctLnbSubYn, CT_LNB_URL AS ctLnbUrl, CT_LNB_USE_YN AS ctLnbUseYn FROM CT_LNB WHERE CT_LNB_USE_YN = 'Y' ORDER BY CT_LNB_IDX
2025-01-10 08:35:35 [http-nio-8080-exec-4] DEBUG c.s.d.m.CommonMapper.selectLnbList - ==> Parameters: 
2025-01-10 08:35:35 [http-nio-8080-exec-4] DEBUG c.s.d.m.CommonMapper.selectLnbList - <==      Total: 4
2025-01-10 08:35:35 [http-nio-8080-exec-4] DEBUG org.mybatis.spring.SqlSessionUtils - Closing non transactional SqlSession [org.apache.ibatis.session.defaults.DefaultSqlSession@4de76299]
2025-01-10 08:35:35 [http-nio-8080-exec-9] DEBUG org.mybatis.spring.SqlSessionUtils - Creating a new SqlSession
2025-01-10 08:35:35 [http-nio-8080-exec-6] DEBUG org.mybatis.spring.SqlSessionUtils - Creating a new SqlSession
2025-01-10 08:35:35 [http-nio-8080-exec-9] DEBUG org.mybatis.spring.SqlSessionUtils - SqlSession [org.apache.ibatis.session.defaults.DefaultSqlSession@44d79cd8] was not registered for synchronization because synchronization is not active
2025-01-10 08:35:35 [http-nio-8080-exec-1] DEBUG org.mybatis.spring.SqlSessionUtils - Creating a new SqlSession
2025-01-10 08:35:35 [http-nio-8080-exec-6] DEBUG org.mybatis.spring.SqlSessionUtils - SqlSession [org.apache.ibatis.session.defaults.DefaultSqlSession@4bf91a90] was not registered for synchronization because synchronization is not active
2025-01-10 08:35:35 [http-nio-8080-exec-1] DEBUG org.mybatis.spring.SqlSessionUtils - SqlSession [org.apache.ibatis.session.defaults.DefaultSqlSession@7f810a3a] was not registered for synchronization because synchronization is not active
2025-01-10 08:35:35 [http-nio-8080-exec-6] DEBUG o.m.s.t.SpringManagedTransaction - JDBC Connection [HikariProxyConnection@834478786 wrapping com.mysql.cj.jdbc.ConnectionImpl@4e855d9] will not be managed by Spring
2025-01-10 08:35:35 [http-nio-8080-exec-1] DEBUG o.m.s.t.SpringManagedTransaction - JDBC Connection [HikariProxyConnection@507072891 wrapping com.mysql.cj.jdbc.ConnectionImpl@379120df] will not be managed by Spring
2025-01-10 08:35:35 [http-nio-8080-exec-6] DEBUG c.s.d.m.C.selectLnbSubList - ==>  Preparing: SELECT CT_LNB_SUB_IDX AS ctLnbSubIdx, CT_LNB_ID AS ctLnbId, CT_LNB_SUB_ID AS ctLnbSubId, CT_LNB_SUB_NAME AS ctLnbSubName, CT_LNB_SUB_URL AS ctLnbSubUrl FROM CT_LNB_SUB WHERE CT_LNB_ID = ? ORDER BY CT_LNB_SUB_IDX
2025-01-10 08:35:35 [http-nio-8080-exec-1] DEBUG c.s.d.m.C.selectLnbSubList - ==>  Preparing: SELECT CT_LNB_SUB_IDX AS ctLnbSubIdx, CT_LNB_ID AS ctLnbId, CT_LNB_SUB_ID AS ctLnbSubId, CT_LNB_SUB_NAME AS ctLnbSubName, CT_LNB_SUB_URL AS ctLnbSubUrl FROM CT_LNB_SUB WHERE CT_LNB_ID = ? ORDER BY CT_LNB_SUB_IDX
2025-01-10 08:35:35 [http-nio-8080-exec-6] DEBUG c.s.d.m.C.selectLnbSubList - ==> Parameters: CT_LNB_INFORMATION(String)
2025-01-10 08:35:35 [http-nio-8080-exec-1] DEBUG c.s.d.m.C.selectLnbSubList - ==> Parameters: CT_LNB_CONTACT(String)
2025-01-10 08:35:35 [http-nio-8080-exec-9] DEBUG o.m.s.t.SpringManagedTransaction - JDBC Connection [HikariProxyConnection@239071364 wrapping com.mysql.cj.jdbc.ConnectionImpl@15b510f0] will not be managed by Spring
2025-01-10 08:35:35 [http-nio-8080-exec-9] DEBUG c.s.d.m.C.selectLnbSubList - ==>  Preparing: SELECT CT_LNB_SUB_IDX AS ctLnbSubIdx, CT_LNB_ID AS ctLnbId, CT_LNB_SUB_ID AS ctLnbSubId, CT_LNB_SUB_NAME AS ctLnbSubName, CT_LNB_SUB_URL AS ctLnbSubUrl FROM CT_LNB_SUB WHERE CT_LNB_ID = ? ORDER BY CT_LNB_SUB_IDX
2025-01-10 08:35:35 [http-nio-8080-exec-9] DEBUG c.s.d.m.C.selectLnbSubList - ==> Parameters: CT_LNB_SERVICE(String)
2025-01-10 08:35:35 [http-nio-8080-exec-6] DEBUG c.s.d.m.C.selectLnbSubList - <==      Total: 2
2025-01-10 08:35:35 [http-nio-8080-exec-9] DEBUG c.s.d.m.C.selectLnbSubList - <==      Total: 4
2025-01-10 08:35:35 [http-nio-8080-exec-1] DEBUG c.s.d.m.C.selectLnbSubList - <==      Total: 2
2025-01-10 08:35:35 [http-nio-8080-exec-6] DEBUG org.mybatis.spring.SqlSessionUtils - Closing non transactional SqlSession [org.apache.ibatis.session.defaults.DefaultSqlSession@4bf91a90]
2025-01-10 08:35:35 [http-nio-8080-exec-1] DEBUG org.mybatis.spring.SqlSessionUtils - Closing non transactional SqlSession [org.apache.ibatis.session.defaults.DefaultSqlSession@7f810a3a]
2025-01-10 08:35:35 [http-nio-8080-exec-9] DEBUG org.mybatis.spring.SqlSessionUtils - Closing non transactional SqlSession [org.apache.ibatis.session.defaults.DefaultSqlSession@44d79cd8]
2025-01-10 08:35:35 [http-nio-8080-exec-10] DEBUG org.mybatis.spring.SqlSessionUtils - Creating a new SqlSession
2025-01-10 08:35:35 [http-nio-8080-exec-2] DEBUG org.mybatis.spring.SqlSessionUtils - Creating a new SqlSession
2025-01-10 08:35:35 [http-nio-8080-exec-10] DEBUG org.mybatis.spring.SqlSessionUtils - SqlSession [org.apache.ibatis.session.defaults.DefaultSqlSession@35d121a8] was not registered for synchronization because synchronization is not active
2025-01-10 08:35:35 [http-nio-8080-exec-3] DEBUG org.mybatis.spring.SqlSessionUtils - Creating a new SqlSession
2025-01-10 08:35:35 [http-nio-8080-exec-2] DEBUG org.mybatis.spring.SqlSessionUtils - SqlSession [org.apache.ibatis.session.defaults.DefaultSqlSession@2099550b] was not registered for synchronization because synchronization is not active
2025-01-10 08:35:35 [http-nio-8080-exec-3] DEBUG org.mybatis.spring.SqlSessionUtils - SqlSession [org.apache.ibatis.session.defaults.DefaultSqlSession@5f84de66] was not registered for synchronization because synchronization is not active
2025-01-10 08:35:35 [http-nio-8080-exec-10] DEBUG o.m.s.t.SpringManagedTransaction - JDBC Connection [HikariProxyConnection@896003690 wrapping com.mysql.cj.jdbc.ConnectionImpl@15b510f0] will not be managed by Spring
2025-01-10 08:35:35 [http-nio-8080-exec-2] DEBUG o.m.s.t.SpringManagedTransaction - JDBC Connection [HikariProxyConnection@341502389 wrapping com.mysql.cj.jdbc.ConnectionImpl@4e855d9] will not be managed by Spring
2025-01-10 08:35:35 [http-nio-8080-exec-3] DEBUG o.m.s.t.SpringManagedTransaction - JDBC Connection [HikariProxyConnection@1058003683 wrapping com.mysql.cj.jdbc.ConnectionImpl@379120df] will not be managed by Spring
2025-01-10 08:35:35 [http-nio-8080-exec-10] DEBUG c.s.d.m.C.selectLnbSubList - ==>  Preparing: SELECT CT_LNB_SUB_IDX AS ctLnbSubIdx, CT_LNB_ID AS ctLnbId, CT_LNB_SUB_ID AS ctLnbSubId, CT_LNB_SUB_NAME AS ctLnbSubName, CT_LNB_SUB_URL AS ctLnbSubUrl FROM CT_LNB_SUB WHERE CT_LNB_ID = ? ORDER BY CT_LNB_SUB_IDX
2025-01-10 08:35:35 [http-nio-8080-exec-3] DEBUG c.s.d.m.C.selectLnbSubList - ==>  Preparing: SELECT CT_LNB_SUB_IDX AS ctLnbSubIdx, CT_LNB_ID AS ctLnbId, CT_LNB_SUB_ID AS ctLnbSubId, CT_LNB_SUB_NAME AS ctLnbSubName, CT_LNB_SUB_URL AS ctLnbSubUrl FROM CT_LNB_SUB WHERE CT_LNB_ID = ? ORDER BY CT_LNB_SUB_IDX
2025-01-10 08:35:35 [http-nio-8080-exec-2] DEBUG c.s.d.m.C.selectLnbSubList - ==>  Preparing: SELECT CT_LNB_SUB_IDX AS ctLnbSubIdx, CT_LNB_ID AS ctLnbId, CT_LNB_SUB_ID AS ctLnbSubId, CT_LNB_SUB_NAME AS ctLnbSubName, CT_LNB_SUB_URL AS ctLnbSubUrl FROM CT_LNB_SUB WHERE CT_LNB_ID = ? ORDER BY CT_LNB_SUB_IDX
2025-01-10 08:35:35 [http-nio-8080-exec-10] DEBUG c.s.d.m.C.selectLnbSubList - ==> Parameters: CT_LNB_SERVICE(String)
2025-01-10 08:35:35 [http-nio-8080-exec-3] DEBUG c.s.d.m.C.selectLnbSubList - ==> Parameters: CT_LNB_CONTACT(String)
2025-01-10 08:35:35 [http-nio-8080-exec-2] DEBUG c.s.d.m.C.selectLnbSubList - ==> Parameters: CT_LNB_INFORMATION(String)
2025-01-10 08:35:35 [http-nio-8080-exec-2] DEBUG c.s.d.m.C.selectLnbSubList - <==      Total: 2
2025-01-10 08:35:35 [http-nio-8080-exec-10] DEBUG c.s.d.m.C.selectLnbSubList - <==      Total: 4
2025-01-10 08:35:35 [http-nio-8080-exec-3] DEBUG c.s.d.m.C.selectLnbSubList - <==      Total: 2
2025-01-10 08:35:35 [http-nio-8080-exec-10] DEBUG org.mybatis.spring.SqlSessionUtils - Closing non transactional SqlSession [org.apache.ibatis.session.defaults.DefaultSqlSession@35d121a8]
2025-01-10 08:35:35 [http-nio-8080-exec-2] DEBUG org.mybatis.spring.SqlSessionUtils - Closing non transactional SqlSession [org.apache.ibatis.session.defaults.DefaultSqlSession@2099550b]
2025-01-10 08:35:35 [http-nio-8080-exec-3] DEBUG org.mybatis.spring.SqlSessionUtils - Closing non transactional SqlSession [org.apache.ibatis.session.defaults.DefaultSqlSession@5f84de66]
2025-01-10 08:35:49 [http-nio-8080-exec-8] WARN  o.t.s.p.AbstractStandardFragmentInsertionTagProcessor - [THYMELEAF][http-nio-8080-exec-8][common/layout/layout] Deprecated unwrapped fragment expression "common/fragments/header::header" found in template common/layout/layout, line 31, col 10. Please use the complete syntax of fragment expressions instead ("~{common/fragments/header::header}"). The old, unwrapped syntax for fragment expressions will be removed in future versions of Thymeleaf.
2025-01-10 08:35:49 [http-nio-8080-exec-8] WARN  o.t.s.p.AbstractStandardFragmentInsertionTagProcessor - [THYMELEAF][http-nio-8080-exec-8][common/layout/layout] Deprecated unwrapped fragment expression "common/fragments/footer::footer" found in template common/layout/layout, line 35, col 10. Please use the complete syntax of fragment expressions instead ("~{common/fragments/footer::footer}"). The old, unwrapped syntax for fragment expressions will be removed in future versions of Thymeleaf.
2025-01-10 08:35:49 [http-nio-8080-exec-8] DEBUG org.mybatis.spring.SqlSessionUtils - Creating a new SqlSession
2025-01-10 08:35:49 [http-nio-8080-exec-8] DEBUG org.mybatis.spring.SqlSessionUtils - SqlSession [org.apache.ibatis.session.defaults.DefaultSqlSession@27d600b4] was not registered for synchronization because synchronization is not active
2025-01-10 08:35:49 [http-nio-8080-exec-8] DEBUG o.m.s.t.SpringManagedTransaction - JDBC Connection [HikariProxyConnection@1682475 wrapping com.mysql.cj.jdbc.ConnectionImpl@379120df] will not be managed by Spring
2025-01-10 08:35:49 [http-nio-8080-exec-8] DEBUG c.s.d.m.CommonMapper.selectLnbList - ==>  Preparing: SELECT CT_LNB_IDX AS ctLnbIdx, CT_LNB_ID AS ctLnbId, CT_LNB_NAME AS ctLnbName, CT_LNB_SUB_YN AS ctLnbSubYn, CT_LNB_URL AS ctLnbUrl, CT_LNB_USE_YN AS ctLnbUseYn FROM CT_LNB WHERE CT_LNB_USE_YN = 'Y' ORDER BY CT_LNB_IDX
2025-01-10 08:35:49 [http-nio-8080-exec-8] DEBUG c.s.d.m.CommonMapper.selectLnbList - ==> Parameters: 
2025-01-10 08:35:49 [http-nio-8080-exec-8] DEBUG c.s.d.m.CommonMapper.selectLnbList - <==      Total: 4
2025-01-10 08:35:49 [http-nio-8080-exec-8] DEBUG org.mybatis.spring.SqlSessionUtils - Closing non transactional SqlSession [org.apache.ibatis.session.defaults.DefaultSqlSession@27d600b4]
2025-01-10 08:35:49 [http-nio-8080-exec-7] DEBUG org.mybatis.spring.SqlSessionUtils - Creating a new SqlSession
2025-01-10 08:35:49 [http-nio-8080-exec-7] DEBUG org.mybatis.spring.SqlSessionUtils - SqlSession [org.apache.ibatis.session.defaults.DefaultSqlSession@2629143e] was not registered for synchronization because synchronization is not active
2025-01-10 08:35:49 [http-nio-8080-exec-7] DEBUG o.m.s.t.SpringManagedTransaction - JDBC Connection [HikariProxyConnection@114248910 wrapping com.mysql.cj.jdbc.ConnectionImpl@4e855d9] will not be managed by Spring
2025-01-10 08:35:49 [http-nio-8080-exec-7] DEBUG c.s.d.m.CommonMapper.selectLnbList - ==>  Preparing: SELECT CT_LNB_IDX AS ctLnbIdx, CT_LNB_ID AS ctLnbId, CT_LNB_NAME AS ctLnbName, CT_LNB_SUB_YN AS ctLnbSubYn, CT_LNB_URL AS ctLnbUrl, CT_LNB_USE_YN AS ctLnbUseYn FROM CT_LNB WHERE CT_LNB_USE_YN = 'Y' ORDER BY CT_LNB_IDX
2025-01-10 08:35:49 [http-nio-8080-exec-7] DEBUG c.s.d.m.CommonMapper.selectLnbList - ==> Parameters: 
2025-01-10 08:35:49 [http-nio-8080-exec-7] DEBUG c.s.d.m.CommonMapper.selectLnbList - <==      Total: 4
2025-01-10 08:35:49 [http-nio-8080-exec-7] DEBUG org.mybatis.spring.SqlSessionUtils - Closing non transactional SqlSession [org.apache.ibatis.session.defaults.DefaultSqlSession@2629143e]
2025-01-10 08:35:50 [http-nio-8080-exec-5] DEBUG org.mybatis.spring.SqlSessionUtils - Creating a new SqlSession
2025-01-10 08:35:50 [http-nio-8080-exec-5] DEBUG org.mybatis.spring.SqlSessionUtils - SqlSession [org.apache.ibatis.session.defaults.DefaultSqlSession@3a5e120] was not registered for synchronization because synchronization is not active
2025-01-10 08:35:50 [http-nio-8080-exec-5] DEBUG o.m.s.t.SpringManagedTransaction - JDBC Connection [HikariProxyConnection@1690741238 wrapping com.mysql.cj.jdbc.ConnectionImpl@379120df] will not be managed by Spring
2025-01-10 08:35:50 [http-nio-8080-exec-5] DEBUG c.s.d.m.C.selectLnbSubList - ==>  Preparing: SELECT CT_LNB_SUB_IDX AS ctLnbSubIdx, CT_LNB_ID AS ctLnbId, CT_LNB_SUB_ID AS ctLnbSubId, CT_LNB_SUB_NAME AS ctLnbSubName, CT_LNB_SUB_URL AS ctLnbSubUrl FROM CT_LNB_SUB WHERE CT_LNB_ID = ? ORDER BY CT_LNB_SUB_IDX
2025-01-10 08:35:50 [http-nio-8080-exec-5] DEBUG c.s.d.m.C.selectLnbSubList - ==> Parameters: CT_LNB_INFORMATION(String)
2025-01-10 08:35:50 [http-nio-8080-exec-5] DEBUG c.s.d.m.C.selectLnbSubList - <==      Total: 2
2025-01-10 08:35:50 [http-nio-8080-exec-5] DEBUG org.mybatis.spring.SqlSessionUtils - Closing non transactional SqlSession [org.apache.ibatis.session.defaults.DefaultSqlSession@3a5e120]
2025-01-10 08:35:50 [http-nio-8080-exec-1] DEBUG org.mybatis.spring.SqlSessionUtils - Creating a new SqlSession
2025-01-10 08:35:50 [http-nio-8080-exec-4] DEBUG org.mybatis.spring.SqlSessionUtils - Creating a new SqlSession
2025-01-10 08:35:50 [http-nio-8080-exec-1] DEBUG org.mybatis.spring.SqlSessionUtils - SqlSession [org.apache.ibatis.session.defaults.DefaultSqlSession@6b43cd9e] was not registered for synchronization because synchronization is not active
2025-01-10 08:35:50 [http-nio-8080-exec-6] DEBUG org.mybatis.spring.SqlSessionUtils - Creating a new SqlSession
2025-01-10 08:35:50 [http-nio-8080-exec-4] DEBUG org.mybatis.spring.SqlSessionUtils - SqlSession [org.apache.ibatis.session.defaults.DefaultSqlSession@2deaa054] was not registered for synchronization because synchronization is not active
2025-01-10 08:35:50 [http-nio-8080-exec-6] DEBUG org.mybatis.spring.SqlSessionUtils - SqlSession [org.apache.ibatis.session.defaults.DefaultSqlSession@ac1e9d5] was not registered for synchronization because synchronization is not active
2025-01-10 08:35:50 [http-nio-8080-exec-1] DEBUG o.m.s.t.SpringManagedTransaction - JDBC Connection [HikariProxyConnection@1067838212 wrapping com.mysql.cj.jdbc.ConnectionImpl@379120df] will not be managed by Spring
2025-01-10 08:35:50 [http-nio-8080-exec-6] DEBUG o.m.s.t.SpringManagedTransaction - JDBC Connection [HikariProxyConnection@1379033469 wrapping com.mysql.cj.jdbc.ConnectionImpl@4e855d9] will not be managed by Spring
2025-01-10 08:35:50 [http-nio-8080-exec-1] DEBUG c.s.d.m.C.selectLnbSubList - ==>  Preparing: SELECT CT_LNB_SUB_IDX AS ctLnbSubIdx, CT_LNB_ID AS ctLnbId, CT_LNB_SUB_ID AS ctLnbSubId, CT_LNB_SUB_NAME AS ctLnbSubName, CT_LNB_SUB_URL AS ctLnbSubUrl FROM CT_LNB_SUB WHERE CT_LNB_ID = ? ORDER BY CT_LNB_SUB_IDX
2025-01-10 08:35:50 [http-nio-8080-exec-6] DEBUG c.s.d.m.C.selectLnbSubList - ==>  Preparing: SELECT CT_LNB_SUB_IDX AS ctLnbSubIdx, CT_LNB_ID AS ctLnbId, CT_LNB_SUB_ID AS ctLnbSubId, CT_LNB_SUB_NAME AS ctLnbSubName, CT_LNB_SUB_URL AS ctLnbSubUrl FROM CT_LNB_SUB WHERE CT_LNB_ID = ? ORDER BY CT_LNB_SUB_IDX
2025-01-10 08:35:50 [http-nio-8080-exec-1] DEBUG c.s.d.m.C.selectLnbSubList - ==> Parameters: CT_LNB_CONTACT(String)
2025-01-10 08:35:50 [http-nio-8080-exec-6] DEBUG c.s.d.m.C.selectLnbSubList - ==> Parameters: CT_LNB_INFORMATION(String)
2025-01-10 08:35:50 [http-nio-8080-exec-4] DEBUG o.m.s.t.SpringManagedTransaction - JDBC Connection [HikariProxyConnection@1686801444 wrapping com.mysql.cj.jdbc.ConnectionImpl@15b510f0] will not be managed by Spring
2025-01-10 08:35:50 [http-nio-8080-exec-4] DEBUG c.s.d.m.C.selectLnbSubList - ==>  Preparing: SELECT CT_LNB_SUB_IDX AS ctLnbSubIdx, CT_LNB_ID AS ctLnbId, CT_LNB_SUB_ID AS ctLnbSubId, CT_LNB_SUB_NAME AS ctLnbSubName, CT_LNB_SUB_URL AS ctLnbSubUrl FROM CT_LNB_SUB WHERE CT_LNB_ID = ? ORDER BY CT_LNB_SUB_IDX
2025-01-10 08:35:50 [http-nio-8080-exec-4] DEBUG c.s.d.m.C.selectLnbSubList - ==> Parameters: CT_LNB_SERVICE(String)
2025-01-10 08:35:50 [http-nio-8080-exec-6] DEBUG c.s.d.m.C.selectLnbSubList - <==      Total: 2
2025-01-10 08:35:50 [http-nio-8080-exec-1] DEBUG c.s.d.m.C.selectLnbSubList - <==      Total: 2
2025-01-10 08:35:50 [http-nio-8080-exec-4] DEBUG c.s.d.m.C.selectLnbSubList - <==      Total: 4
2025-01-10 08:35:50 [http-nio-8080-exec-6] DEBUG org.mybatis.spring.SqlSessionUtils - Closing non transactional SqlSession [org.apache.ibatis.session.defaults.DefaultSqlSession@ac1e9d5]
2025-01-10 08:35:50 [http-nio-8080-exec-1] DEBUG org.mybatis.spring.SqlSessionUtils - Closing non transactional SqlSession [org.apache.ibatis.session.defaults.DefaultSqlSession@6b43cd9e]
2025-01-10 08:35:50 [http-nio-8080-exec-4] DEBUG org.mybatis.spring.SqlSessionUtils - Closing non transactional SqlSession [org.apache.ibatis.session.defaults.DefaultSqlSession@2deaa054]
2025-01-10 08:35:50 [http-nio-8080-exec-9] DEBUG org.mybatis.spring.SqlSessionUtils - Creating a new SqlSession
2025-01-10 08:35:50 [http-nio-8080-exec-2] DEBUG org.mybatis.spring.SqlSessionUtils - Creating a new SqlSession
2025-01-10 08:35:50 [http-nio-8080-exec-9] DEBUG org.mybatis.spring.SqlSessionUtils - SqlSession [org.apache.ibatis.session.defaults.DefaultSqlSession@2919e58d] was not registered for synchronization because synchronization is not active
2025-01-10 08:35:50 [http-nio-8080-exec-2] DEBUG org.mybatis.spring.SqlSessionUtils - SqlSession [org.apache.ibatis.session.defaults.DefaultSqlSession@1ee740a7] was not registered for synchronization because synchronization is not active
2025-01-10 08:35:50 [http-nio-8080-exec-9] DEBUG o.m.s.t.SpringManagedTransaction - JDBC Connection [HikariProxyConnection@1481874426 wrapping com.mysql.cj.jdbc.ConnectionImpl@15b510f0] will not be managed by Spring
2025-01-10 08:35:50 [http-nio-8080-exec-2] DEBUG o.m.s.t.SpringManagedTransaction - JDBC Connection [HikariProxyConnection@1563624847 wrapping com.mysql.cj.jdbc.ConnectionImpl@4e855d9] will not be managed by Spring
2025-01-10 08:35:50 [http-nio-8080-exec-9] DEBUG c.s.d.m.C.selectLnbSubList - ==>  Preparing: SELECT CT_LNB_SUB_IDX AS ctLnbSubIdx, CT_LNB_ID AS ctLnbId, CT_LNB_SUB_ID AS ctLnbSubId, CT_LNB_SUB_NAME AS ctLnbSubName, CT_LNB_SUB_URL AS ctLnbSubUrl FROM CT_LNB_SUB WHERE CT_LNB_ID = ? ORDER BY CT_LNB_SUB_IDX
2025-01-10 08:35:50 [http-nio-8080-exec-2] DEBUG c.s.d.m.C.selectLnbSubList - ==>  Preparing: SELECT CT_LNB_SUB_IDX AS ctLnbSubIdx, CT_LNB_ID AS ctLnbId, CT_LNB_SUB_ID AS ctLnbSubId, CT_LNB_SUB_NAME AS ctLnbSubName, CT_LNB_SUB_URL AS ctLnbSubUrl FROM CT_LNB_SUB WHERE CT_LNB_ID = ? ORDER BY CT_LNB_SUB_IDX
2025-01-10 08:35:50 [http-nio-8080-exec-9] DEBUG c.s.d.m.C.selectLnbSubList - ==> Parameters: CT_LNB_SERVICE(String)
2025-01-10 08:35:50 [http-nio-8080-exec-2] DEBUG c.s.d.m.C.selectLnbSubList - ==> Parameters: CT_LNB_CONTACT(String)
2025-01-10 08:35:50 [http-nio-8080-exec-2] DEBUG c.s.d.m.C.selectLnbSubList - <==      Total: 2
2025-01-10 08:35:50 [http-nio-8080-exec-9] DEBUG c.s.d.m.C.selectLnbSubList - <==      Total: 4
2025-01-10 08:35:50 [http-nio-8080-exec-2] DEBUG org.mybatis.spring.SqlSessionUtils - Closing non transactional SqlSession [org.apache.ibatis.session.defaults.DefaultSqlSession@1ee740a7]
2025-01-10 08:35:50 [http-nio-8080-exec-9] DEBUG org.mybatis.spring.SqlSessionUtils - Closing non transactional SqlSession [org.apache.ibatis.session.defaults.DefaultSqlSession@2919e58d]
2025-01-10 08:36:15 [http-nio-8080-exec-10] WARN  o.t.s.p.AbstractStandardFragmentInsertionTagProcessor - [THYMELEAF][http-nio-8080-exec-10][common/layout/layout] Deprecated unwrapped fragment expression "common/fragments/header::header" found in template common/layout/layout, line 31, col 10. Please use the complete syntax of fragment expressions instead ("~{common/fragments/header::header}"). The old, unwrapped syntax for fragment expressions will be removed in future versions of Thymeleaf.
2025-01-10 08:36:15 [http-nio-8080-exec-10] WARN  o.t.s.p.AbstractStandardFragmentInsertionTagProcessor - [THYMELEAF][http-nio-8080-exec-10][common/layout/layout] Deprecated unwrapped fragment expression "common/fragments/footer::footer" found in template common/layout/layout, line 35, col 10. Please use the complete syntax of fragment expressions instead ("~{common/fragments/footer::footer}"). The old, unwrapped syntax for fragment expressions will be removed in future versions of Thymeleaf.
2025-01-10 08:36:15 [http-nio-8080-exec-10] DEBUG org.mybatis.spring.SqlSessionUtils - Creating a new SqlSession
2025-01-10 08:36:15 [http-nio-8080-exec-10] DEBUG org.mybatis.spring.SqlSessionUtils - SqlSession [org.apache.ibatis.session.defaults.DefaultSqlSession@5bb1aa7b] was not registered for synchronization because synchronization is not active
2025-01-10 08:36:15 [http-nio-8080-exec-10] DEBUG o.m.s.t.SpringManagedTransaction - JDBC Connection [HikariProxyConnection@1905437762 wrapping com.mysql.cj.jdbc.ConnectionImpl@15b510f0] will not be managed by Spring
2025-01-10 08:36:15 [http-nio-8080-exec-10] DEBUG c.s.d.m.CommonMapper.selectLnbList - ==>  Preparing: SELECT CT_LNB_IDX AS ctLnbIdx, CT_LNB_ID AS ctLnbId, CT_LNB_NAME AS ctLnbName, CT_LNB_SUB_YN AS ctLnbSubYn, CT_LNB_URL AS ctLnbUrl, CT_LNB_USE_YN AS ctLnbUseYn FROM CT_LNB WHERE CT_LNB_USE_YN = 'Y' ORDER BY CT_LNB_IDX
2025-01-10 08:36:15 [http-nio-8080-exec-10] DEBUG c.s.d.m.CommonMapper.selectLnbList - ==> Parameters: 
2025-01-10 08:36:15 [http-nio-8080-exec-10] DEBUG c.s.d.m.CommonMapper.selectLnbList - <==      Total: 4
2025-01-10 08:36:15 [http-nio-8080-exec-10] DEBUG org.mybatis.spring.SqlSessionUtils - Closing non transactional SqlSession [org.apache.ibatis.session.defaults.DefaultSqlSession@5bb1aa7b]
2025-01-10 08:36:15 [http-nio-8080-exec-3] DEBUG org.mybatis.spring.SqlSessionUtils - Creating a new SqlSession
2025-01-10 08:36:15 [http-nio-8080-exec-3] DEBUG org.mybatis.spring.SqlSessionUtils - SqlSession [org.apache.ibatis.session.defaults.DefaultSqlSession@2f833995] was not registered for synchronization because synchronization is not active
2025-01-10 08:36:15 [http-nio-8080-exec-3] DEBUG o.m.s.t.SpringManagedTransaction - JDBC Connection [HikariProxyConnection@1217049406 wrapping com.mysql.cj.jdbc.ConnectionImpl@379120df] will not be managed by Spring
2025-01-10 08:36:15 [http-nio-8080-exec-3] DEBUG c.s.d.m.CommonMapper.selectLnbList - ==>  Preparing: SELECT CT_LNB_IDX AS ctLnbIdx, CT_LNB_ID AS ctLnbId, CT_LNB_NAME AS ctLnbName, CT_LNB_SUB_YN AS ctLnbSubYn, CT_LNB_URL AS ctLnbUrl, CT_LNB_USE_YN AS ctLnbUseYn FROM CT_LNB WHERE CT_LNB_USE_YN = 'Y' ORDER BY CT_LNB_IDX
2025-01-10 08:36:15 [http-nio-8080-exec-3] DEBUG c.s.d.m.CommonMapper.selectLnbList - ==> Parameters: 
2025-01-10 08:36:15 [http-nio-8080-exec-3] DEBUG c.s.d.m.CommonMapper.selectLnbList - <==      Total: 4
2025-01-10 08:36:15 [http-nio-8080-exec-3] DEBUG org.mybatis.spring.SqlSessionUtils - Closing non transactional SqlSession [org.apache.ibatis.session.defaults.DefaultSqlSession@2f833995]
2025-01-10 08:36:15 [http-nio-8080-exec-8] DEBUG org.mybatis.spring.SqlSessionUtils - Creating a new SqlSession
2025-01-10 08:36:15 [http-nio-8080-exec-7] DEBUG org.mybatis.spring.SqlSessionUtils - Creating a new SqlSession
2025-01-10 08:36:15 [http-nio-8080-exec-8] DEBUG org.mybatis.spring.SqlSessionUtils - SqlSession [org.apache.ibatis.session.defaults.DefaultSqlSession@535cbca8] was not registered for synchronization because synchronization is not active
2025-01-10 08:36:15 [http-nio-8080-exec-7] DEBUG org.mybatis.spring.SqlSessionUtils - SqlSession [org.apache.ibatis.session.defaults.DefaultSqlSession@456e3a7f] was not registered for synchronization because synchronization is not active
2025-01-10 08:36:15 [http-nio-8080-exec-8] DEBUG o.m.s.t.SpringManagedTransaction - JDBC Connection [HikariProxyConnection@518601244 wrapping com.mysql.cj.jdbc.ConnectionImpl@379120df] will not be managed by Spring
2025-01-10 08:36:15 [http-nio-8080-exec-8] DEBUG c.s.d.m.C.selectLnbSubList - ==>  Preparing: SELECT CT_LNB_SUB_IDX AS ctLnbSubIdx, CT_LNB_ID AS ctLnbId, CT_LNB_SUB_ID AS ctLnbSubId, CT_LNB_SUB_NAME AS ctLnbSubName, CT_LNB_SUB_URL AS ctLnbSubUrl FROM CT_LNB_SUB WHERE CT_LNB_ID = ? ORDER BY CT_LNB_SUB_IDX
2025-01-10 08:36:15 [http-nio-8080-exec-8] DEBUG c.s.d.m.C.selectLnbSubList - ==> Parameters: CT_LNB_INFORMATION(String)
2025-01-10 08:36:15 [http-nio-8080-exec-7] DEBUG o.m.s.t.SpringManagedTransaction - JDBC Connection [HikariProxyConnection@960210720 wrapping com.mysql.cj.jdbc.ConnectionImpl@4e855d9] will not be managed by Spring
2025-01-10 08:36:15 [http-nio-8080-exec-7] DEBUG c.s.d.m.C.selectLnbSubList - ==>  Preparing: SELECT CT_LNB_SUB_IDX AS ctLnbSubIdx, CT_LNB_ID AS ctLnbId, CT_LNB_SUB_ID AS ctLnbSubId, CT_LNB_SUB_NAME AS ctLnbSubName, CT_LNB_SUB_URL AS ctLnbSubUrl FROM CT_LNB_SUB WHERE CT_LNB_ID = ? ORDER BY CT_LNB_SUB_IDX
2025-01-10 08:36:15 [http-nio-8080-exec-7] DEBUG c.s.d.m.C.selectLnbSubList - ==> Parameters: CT_LNB_SERVICE(String)
2025-01-10 08:36:15 [http-nio-8080-exec-5] DEBUG org.mybatis.spring.SqlSessionUtils - Creating a new SqlSession
2025-01-10 08:36:15 [http-nio-8080-exec-5] DEBUG org.mybatis.spring.SqlSessionUtils - SqlSession [org.apache.ibatis.session.defaults.DefaultSqlSession@77fb3fa9] was not registered for synchronization because synchronization is not active
2025-01-10 08:36:15 [http-nio-8080-exec-5] DEBUG o.m.s.t.SpringManagedTransaction - JDBC Connection [HikariProxyConnection@648262073 wrapping com.mysql.cj.jdbc.ConnectionImpl@15b510f0] will not be managed by Spring
2025-01-10 08:36:15 [http-nio-8080-exec-5] DEBUG c.s.d.m.C.selectLnbSubList - ==>  Preparing: SELECT CT_LNB_SUB_IDX AS ctLnbSubIdx, CT_LNB_ID AS ctLnbId, CT_LNB_SUB_ID AS ctLnbSubId, CT_LNB_SUB_NAME AS ctLnbSubName, CT_LNB_SUB_URL AS ctLnbSubUrl FROM CT_LNB_SUB WHERE CT_LNB_ID = ? ORDER BY CT_LNB_SUB_IDX
2025-01-10 08:36:15 [http-nio-8080-exec-5] DEBUG c.s.d.m.C.selectLnbSubList - ==> Parameters: CT_LNB_CONTACT(String)
2025-01-10 08:36:15 [http-nio-8080-exec-8] DEBUG c.s.d.m.C.selectLnbSubList - <==      Total: 2
2025-01-10 08:36:15 [http-nio-8080-exec-7] DEBUG c.s.d.m.C.selectLnbSubList - <==      Total: 4
2025-01-10 08:36:15 [http-nio-8080-exec-8] DEBUG org.mybatis.spring.SqlSessionUtils - Closing non transactional SqlSession [org.apache.ibatis.session.defaults.DefaultSqlSession@535cbca8]
2025-01-10 08:36:15 [http-nio-8080-exec-7] DEBUG org.mybatis.spring.SqlSessionUtils - Closing non transactional SqlSession [org.apache.ibatis.session.defaults.DefaultSqlSession@456e3a7f]
2025-01-10 08:36:15 [http-nio-8080-exec-5] DEBUG c.s.d.m.C.selectLnbSubList - <==      Total: 2
2025-01-10 08:36:15 [http-nio-8080-exec-5] DEBUG org.mybatis.spring.SqlSessionUtils - Closing non transactional SqlSession [org.apache.ibatis.session.defaults.DefaultSqlSession@77fb3fa9]
2025-01-10 08:36:15 [http-nio-8080-exec-6] DEBUG org.mybatis.spring.SqlSessionUtils - Creating a new SqlSession
2025-01-10 08:36:15 [http-nio-8080-exec-6] DEBUG org.mybatis.spring.SqlSessionUtils - SqlSession [org.apache.ibatis.session.defaults.DefaultSqlSession@1a5bf1b] was not registered for synchronization because synchronization is not active
2025-01-10 08:36:15 [http-nio-8080-exec-6] DEBUG o.m.s.t.SpringManagedTransaction - JDBC Connection [HikariProxyConnection@1088233435 wrapping com.mysql.cj.jdbc.ConnectionImpl@4e855d9] will not be managed by Spring
2025-01-10 08:36:15 [http-nio-8080-exec-4] DEBUG org.mybatis.spring.SqlSessionUtils - Creating a new SqlSession
2025-01-10 08:36:15 [http-nio-8080-exec-2] DEBUG org.mybatis.spring.SqlSessionUtils - Creating a new SqlSession
2025-01-10 08:36:15 [http-nio-8080-exec-4] DEBUG org.mybatis.spring.SqlSessionUtils - SqlSession [org.apache.ibatis.session.defaults.DefaultSqlSession@2a0c7829] was not registered for synchronization because synchronization is not active
2025-01-10 08:36:15 [http-nio-8080-exec-6] DEBUG c.s.d.m.C.selectLnbSubList - ==>  Preparing: SELECT CT_LNB_SUB_IDX AS ctLnbSubIdx, CT_LNB_ID AS ctLnbId, CT_LNB_SUB_ID AS ctLnbSubId, CT_LNB_SUB_NAME AS ctLnbSubName, CT_LNB_SUB_URL AS ctLnbSubUrl FROM CT_LNB_SUB WHERE CT_LNB_ID = ? ORDER BY CT_LNB_SUB_IDX
2025-01-10 08:36:15 [http-nio-8080-exec-2] DEBUG org.mybatis.spring.SqlSessionUtils - SqlSession [org.apache.ibatis.session.defaults.DefaultSqlSession@7dff9cc8] was not registered for synchronization because synchronization is not active
2025-01-10 08:36:15 [http-nio-8080-exec-4] DEBUG o.m.s.t.SpringManagedTransaction - JDBC Connection [HikariProxyConnection@450308832 wrapping com.mysql.cj.jdbc.ConnectionImpl@15b510f0] will not be managed by Spring
2025-01-10 08:36:15 [http-nio-8080-exec-2] DEBUG o.m.s.t.SpringManagedTransaction - JDBC Connection [HikariProxyConnection@1505298856 wrapping com.mysql.cj.jdbc.ConnectionImpl@379120df] will not be managed by Spring
2025-01-10 08:36:15 [http-nio-8080-exec-4] DEBUG c.s.d.m.C.selectLnbSubList - ==>  Preparing: SELECT CT_LNB_SUB_IDX AS ctLnbSubIdx, CT_LNB_ID AS ctLnbId, CT_LNB_SUB_ID AS ctLnbSubId, CT_LNB_SUB_NAME AS ctLnbSubName, CT_LNB_SUB_URL AS ctLnbSubUrl FROM CT_LNB_SUB WHERE CT_LNB_ID = ? ORDER BY CT_LNB_SUB_IDX
2025-01-10 08:36:15 [http-nio-8080-exec-2] DEBUG c.s.d.m.C.selectLnbSubList - ==>  Preparing: SELECT CT_LNB_SUB_IDX AS ctLnbSubIdx, CT_LNB_ID AS ctLnbId, CT_LNB_SUB_ID AS ctLnbSubId, CT_LNB_SUB_NAME AS ctLnbSubName, CT_LNB_SUB_URL AS ctLnbSubUrl FROM CT_LNB_SUB WHERE CT_LNB_ID = ? ORDER BY CT_LNB_SUB_IDX
2025-01-10 08:36:15 [http-nio-8080-exec-4] DEBUG c.s.d.m.C.selectLnbSubList - ==> Parameters: CT_LNB_SERVICE(String)
2025-01-10 08:36:15 [http-nio-8080-exec-2] DEBUG c.s.d.m.C.selectLnbSubList - ==> Parameters: CT_LNB_CONTACT(String)
2025-01-10 08:36:15 [http-nio-8080-exec-6] DEBUG c.s.d.m.C.selectLnbSubList - ==> Parameters: CT_LNB_INFORMATION(String)
2025-01-10 08:36:15 [http-nio-8080-exec-2] DEBUG c.s.d.m.C.selectLnbSubList - <==      Total: 2
2025-01-10 08:36:15 [http-nio-8080-exec-4] DEBUG c.s.d.m.C.selectLnbSubList - <==      Total: 4
2025-01-10 08:36:15 [http-nio-8080-exec-6] DEBUG c.s.d.m.C.selectLnbSubList - <==      Total: 2
2025-01-10 08:36:15 [http-nio-8080-exec-2] DEBUG org.mybatis.spring.SqlSessionUtils - Closing non transactional SqlSession [org.apache.ibatis.session.defaults.DefaultSqlSession@7dff9cc8]
2025-01-10 08:36:15 [http-nio-8080-exec-4] DEBUG org.mybatis.spring.SqlSessionUtils - Closing non transactional SqlSession [org.apache.ibatis.session.defaults.DefaultSqlSession@2a0c7829]
2025-01-10 08:36:15 [http-nio-8080-exec-6] DEBUG org.mybatis.spring.SqlSessionUtils - Closing non transactional SqlSession [org.apache.ibatis.session.defaults.DefaultSqlSession@1a5bf1b]
2025-01-10 08:36:40 [http-nio-8080-exec-1] WARN  o.t.s.p.AbstractStandardFragmentInsertionTagProcessor - [THYMELEAF][http-nio-8080-exec-1][common/layout/layout] Deprecated unwrapped fragment expression "common/fragments/header::header" found in template common/layout/layout, line 31, col 10. Please use the complete syntax of fragment expressions instead ("~{common/fragments/header::header}"). The old, unwrapped syntax for fragment expressions will be removed in future versions of Thymeleaf.
2025-01-10 08:36:40 [http-nio-8080-exec-1] WARN  o.t.s.p.AbstractStandardFragmentInsertionTagProcessor - [THYMELEAF][http-nio-8080-exec-1][common/layout/layout] Deprecated unwrapped fragment expression "common/fragments/footer::footer" found in template common/layout/layout, line 35, col 10. Please use the complete syntax of fragment expressions instead ("~{common/fragments/footer::footer}"). The old, unwrapped syntax for fragment expressions will be removed in future versions of Thymeleaf.
2025-01-10 08:36:40 [http-nio-8080-exec-1] DEBUG org.mybatis.spring.SqlSessionUtils - Creating a new SqlSession
2025-01-10 08:36:40 [http-nio-8080-exec-1] DEBUG org.mybatis.spring.SqlSessionUtils - SqlSession [org.apache.ibatis.session.defaults.DefaultSqlSession@48e6684a] was not registered for synchronization because synchronization is not active
2025-01-10 08:36:40 [http-nio-8080-exec-1] DEBUG o.m.s.t.SpringManagedTransaction - JDBC Connection [HikariProxyConnection@941430951 wrapping com.mysql.cj.jdbc.ConnectionImpl@379120df] will not be managed by Spring
2025-01-10 08:36:40 [http-nio-8080-exec-1] DEBUG c.s.d.m.CommonMapper.selectLnbList - ==>  Preparing: SELECT CT_LNB_IDX AS ctLnbIdx, CT_LNB_ID AS ctLnbId, CT_LNB_NAME AS ctLnbName, CT_LNB_SUB_YN AS ctLnbSubYn, CT_LNB_URL AS ctLnbUrl, CT_LNB_USE_YN AS ctLnbUseYn FROM CT_LNB WHERE CT_LNB_USE_YN = 'Y' ORDER BY CT_LNB_IDX
2025-01-10 08:36:40 [http-nio-8080-exec-1] DEBUG c.s.d.m.CommonMapper.selectLnbList - ==> Parameters: 
2025-01-10 08:36:40 [http-nio-8080-exec-1] DEBUG c.s.d.m.CommonMapper.selectLnbList - <==      Total: 4
2025-01-10 08:36:40 [http-nio-8080-exec-1] DEBUG org.mybatis.spring.SqlSessionUtils - Closing non transactional SqlSession [org.apache.ibatis.session.defaults.DefaultSqlSession@48e6684a]
2025-01-10 08:36:40 [http-nio-8080-exec-9] DEBUG org.mybatis.spring.SqlSessionUtils - Creating a new SqlSession
2025-01-10 08:36:40 [http-nio-8080-exec-9] DEBUG org.mybatis.spring.SqlSessionUtils - SqlSession [org.apache.ibatis.session.defaults.DefaultSqlSession@56d1e594] was not registered for synchronization because synchronization is not active
2025-01-10 08:36:40 [http-nio-8080-exec-9] DEBUG o.m.s.t.SpringManagedTransaction - JDBC Connection [HikariProxyConnection@26434434 wrapping com.mysql.cj.jdbc.ConnectionImpl@15b510f0] will not be managed by Spring
2025-01-10 08:36:40 [http-nio-8080-exec-9] DEBUG c.s.d.m.CommonMapper.selectLnbList - ==>  Preparing: SELECT CT_LNB_IDX AS ctLnbIdx, CT_LNB_ID AS ctLnbId, CT_LNB_NAME AS ctLnbName, CT_LNB_SUB_YN AS ctLnbSubYn, CT_LNB_URL AS ctLnbUrl, CT_LNB_USE_YN AS ctLnbUseYn FROM CT_LNB WHERE CT_LNB_USE_YN = 'Y' ORDER BY CT_LNB_IDX
2025-01-10 08:36:40 [http-nio-8080-exec-9] DEBUG c.s.d.m.CommonMapper.selectLnbList - ==> Parameters: 
2025-01-10 08:36:40 [http-nio-8080-exec-9] DEBUG c.s.d.m.CommonMapper.selectLnbList - <==      Total: 4
2025-01-10 08:36:40 [http-nio-8080-exec-9] DEBUG org.mybatis.spring.SqlSessionUtils - Closing non transactional SqlSession [org.apache.ibatis.session.defaults.DefaultSqlSession@56d1e594]
2025-01-10 08:36:40 [http-nio-8080-exec-10] DEBUG org.mybatis.spring.SqlSessionUtils - Creating a new SqlSession
2025-01-10 08:36:40 [http-nio-8080-exec-10] DEBUG org.mybatis.spring.SqlSessionUtils - SqlSession [org.apache.ibatis.session.defaults.DefaultSqlSession@7a05a722] was not registered for synchronization because synchronization is not active
2025-01-10 08:36:40 [http-nio-8080-exec-10] DEBUG o.m.s.t.SpringManagedTransaction - JDBC Connection [HikariProxyConnection@512881820 wrapping com.mysql.cj.jdbc.ConnectionImpl@15b510f0] will not be managed by Spring
2025-01-10 08:36:40 [http-nio-8080-exec-10] DEBUG c.s.d.m.C.selectLnbSubList - ==>  Preparing: SELECT CT_LNB_SUB_IDX AS ctLnbSubIdx, CT_LNB_ID AS ctLnbId, CT_LNB_SUB_ID AS ctLnbSubId, CT_LNB_SUB_NAME AS ctLnbSubName, CT_LNB_SUB_URL AS ctLnbSubUrl FROM CT_LNB_SUB WHERE CT_LNB_ID = ? ORDER BY CT_LNB_SUB_IDX
2025-01-10 08:36:40 [http-nio-8080-exec-10] DEBUG c.s.d.m.C.selectLnbSubList - ==> Parameters: CT_LNB_INFORMATION(String)
2025-01-10 08:36:40 [http-nio-8080-exec-10] DEBUG c.s.d.m.C.selectLnbSubList - <==      Total: 2
2025-01-10 08:36:40 [http-nio-8080-exec-10] DEBUG org.mybatis.spring.SqlSessionUtils - Closing non transactional SqlSession [org.apache.ibatis.session.defaults.DefaultSqlSession@7a05a722]
2025-01-10 08:36:40 [http-nio-8080-exec-3] DEBUG org.mybatis.spring.SqlSessionUtils - Creating a new SqlSession
2025-01-10 08:36:40 [http-nio-8080-exec-3] DEBUG org.mybatis.spring.SqlSessionUtils - SqlSession [org.apache.ibatis.session.defaults.DefaultSqlSession@732bfd60] was not registered for synchronization because synchronization is not active
2025-01-10 08:36:40 [http-nio-8080-exec-3] DEBUG o.m.s.t.SpringManagedTransaction - JDBC Connection [HikariProxyConnection@1847964536 wrapping com.mysql.cj.jdbc.ConnectionImpl@379120df] will not be managed by Spring
2025-01-10 08:36:40 [http-nio-8080-exec-3] DEBUG c.s.d.m.C.selectLnbSubList - ==>  Preparing: SELECT CT_LNB_SUB_IDX AS ctLnbSubIdx, CT_LNB_ID AS ctLnbId, CT_LNB_SUB_ID AS ctLnbSubId, CT_LNB_SUB_NAME AS ctLnbSubName, CT_LNB_SUB_URL AS ctLnbSubUrl FROM CT_LNB_SUB WHERE CT_LNB_ID = ? ORDER BY CT_LNB_SUB_IDX
2025-01-10 08:36:40 [http-nio-8080-exec-7] DEBUG org.mybatis.spring.SqlSessionUtils - Creating a new SqlSession
2025-01-10 08:36:40 [http-nio-8080-exec-3] DEBUG c.s.d.m.C.selectLnbSubList - ==> Parameters: CT_LNB_SERVICE(String)
2025-01-10 08:36:40 [http-nio-8080-exec-7] DEBUG org.mybatis.spring.SqlSessionUtils - SqlSession [org.apache.ibatis.session.defaults.DefaultSqlSession@35a310be] was not registered for synchronization because synchronization is not active
2025-01-10 08:36:40 [http-nio-8080-exec-8] DEBUG org.mybatis.spring.SqlSessionUtils - Creating a new SqlSession
2025-01-10 08:36:40 [http-nio-8080-exec-7] DEBUG o.m.s.t.SpringManagedTransaction - JDBC Connection [HikariProxyConnection@1371911053 wrapping com.mysql.cj.jdbc.ConnectionImpl@4e855d9] will not be managed by Spring
2025-01-10 08:36:40 [http-nio-8080-exec-8] DEBUG org.mybatis.spring.SqlSessionUtils - SqlSession [org.apache.ibatis.session.defaults.DefaultSqlSession@56a5836b] was not registered for synchronization because synchronization is not active
2025-01-10 08:36:40 [http-nio-8080-exec-7] DEBUG c.s.d.m.C.selectLnbSubList - ==>  Preparing: SELECT CT_LNB_SUB_IDX AS ctLnbSubIdx, CT_LNB_ID AS ctLnbId, CT_LNB_SUB_ID AS ctLnbSubId, CT_LNB_SUB_NAME AS ctLnbSubName, CT_LNB_SUB_URL AS ctLnbSubUrl FROM CT_LNB_SUB WHERE CT_LNB_ID = ? ORDER BY CT_LNB_SUB_IDX
2025-01-10 08:36:40 [http-nio-8080-exec-8] DEBUG o.m.s.t.SpringManagedTransaction - JDBC Connection [HikariProxyConnection@21719673 wrapping com.mysql.cj.jdbc.ConnectionImpl@15b510f0] will not be managed by Spring
2025-01-10 08:36:40 [http-nio-8080-exec-8] DEBUG c.s.d.m.C.selectLnbSubList - ==>  Preparing: SELECT CT_LNB_SUB_IDX AS ctLnbSubIdx, CT_LNB_ID AS ctLnbId, CT_LNB_SUB_ID AS ctLnbSubId, CT_LNB_SUB_NAME AS ctLnbSubName, CT_LNB_SUB_URL AS ctLnbSubUrl FROM CT_LNB_SUB WHERE CT_LNB_ID = ? ORDER BY CT_LNB_SUB_IDX
2025-01-10 08:36:40 [http-nio-8080-exec-7] DEBUG c.s.d.m.C.selectLnbSubList - ==> Parameters: CT_LNB_CONTACT(String)
2025-01-10 08:36:40 [http-nio-8080-exec-8] DEBUG c.s.d.m.C.selectLnbSubList - ==> Parameters: CT_LNB_INFORMATION(String)
2025-01-10 08:36:40 [http-nio-8080-exec-3] DEBUG c.s.d.m.C.selectLnbSubList - <==      Total: 4
2025-01-10 08:36:40 [http-nio-8080-exec-3] DEBUG org.mybatis.spring.SqlSessionUtils - Closing non transactional SqlSession [org.apache.ibatis.session.defaults.DefaultSqlSession@732bfd60]
2025-01-10 08:36:40 [http-nio-8080-exec-7] DEBUG c.s.d.m.C.selectLnbSubList - <==      Total: 2
2025-01-10 08:36:40 [http-nio-8080-exec-8] DEBUG c.s.d.m.C.selectLnbSubList - <==      Total: 2
2025-01-10 08:36:40 [http-nio-8080-exec-7] DEBUG org.mybatis.spring.SqlSessionUtils - Closing non transactional SqlSession [org.apache.ibatis.session.defaults.DefaultSqlSession@35a310be]
2025-01-10 08:36:40 [http-nio-8080-exec-8] DEBUG org.mybatis.spring.SqlSessionUtils - Closing non transactional SqlSession [org.apache.ibatis.session.defaults.DefaultSqlSession@56a5836b]
2025-01-10 08:36:40 [http-nio-8080-exec-5] DEBUG org.mybatis.spring.SqlSessionUtils - Creating a new SqlSession
2025-01-10 08:36:40 [http-nio-8080-exec-5] DEBUG org.mybatis.spring.SqlSessionUtils - SqlSession [org.apache.ibatis.session.defaults.DefaultSqlSession@1d399330] was not registered for synchronization because synchronization is not active
2025-01-10 08:36:40 [http-nio-8080-exec-5] DEBUG o.m.s.t.SpringManagedTransaction - JDBC Connection [HikariProxyConnection@640468823 wrapping com.mysql.cj.jdbc.ConnectionImpl@15b510f0] will not be managed by Spring
2025-01-10 08:36:40 [http-nio-8080-exec-5] DEBUG c.s.d.m.C.selectLnbSubList - ==>  Preparing: SELECT CT_LNB_SUB_IDX AS ctLnbSubIdx, CT_LNB_ID AS ctLnbId, CT_LNB_SUB_ID AS ctLnbSubId, CT_LNB_SUB_NAME AS ctLnbSubName, CT_LNB_SUB_URL AS ctLnbSubUrl FROM CT_LNB_SUB WHERE CT_LNB_ID = ? ORDER BY CT_LNB_SUB_IDX
2025-01-10 08:36:40 [http-nio-8080-exec-5] DEBUG c.s.d.m.C.selectLnbSubList - ==> Parameters: CT_LNB_SERVICE(String)
2025-01-10 08:36:40 [http-nio-8080-exec-4] DEBUG org.mybatis.spring.SqlSessionUtils - Creating a new SqlSession
2025-01-10 08:36:40 [http-nio-8080-exec-4] DEBUG org.mybatis.spring.SqlSessionUtils - SqlSession [org.apache.ibatis.session.defaults.DefaultSqlSession@29edc5cf] was not registered for synchronization because synchronization is not active
2025-01-10 08:36:40 [http-nio-8080-exec-4] DEBUG o.m.s.t.SpringManagedTransaction - JDBC Connection [HikariProxyConnection@172911160 wrapping com.mysql.cj.jdbc.ConnectionImpl@4e855d9] will not be managed by Spring
2025-01-10 08:36:40 [http-nio-8080-exec-4] DEBUG c.s.d.m.C.selectLnbSubList - ==>  Preparing: SELECT CT_LNB_SUB_IDX AS ctLnbSubIdx, CT_LNB_ID AS ctLnbId, CT_LNB_SUB_ID AS ctLnbSubId, CT_LNB_SUB_NAME AS ctLnbSubName, CT_LNB_SUB_URL AS ctLnbSubUrl FROM CT_LNB_SUB WHERE CT_LNB_ID = ? ORDER BY CT_LNB_SUB_IDX
2025-01-10 08:36:40 [http-nio-8080-exec-4] DEBUG c.s.d.m.C.selectLnbSubList - ==> Parameters: CT_LNB_CONTACT(String)
2025-01-10 08:36:40 [http-nio-8080-exec-5] DEBUG c.s.d.m.C.selectLnbSubList - <==      Total: 4
2025-01-10 08:36:40 [http-nio-8080-exec-5] DEBUG org.mybatis.spring.SqlSessionUtils - Closing non transactional SqlSession [org.apache.ibatis.session.defaults.DefaultSqlSession@1d399330]
2025-01-10 08:36:40 [http-nio-8080-exec-4] DEBUG c.s.d.m.C.selectLnbSubList - <==      Total: 2
2025-01-10 08:36:40 [http-nio-8080-exec-4] DEBUG org.mybatis.spring.SqlSessionUtils - Closing non transactional SqlSession [org.apache.ibatis.session.defaults.DefaultSqlSession@29edc5cf]
2025-01-10 08:37:21 [http-nio-8080-exec-2] WARN  o.t.s.p.AbstractStandardFragmentInsertionTagProcessor - [THYMELEAF][http-nio-8080-exec-2][common/layout/layout] Deprecated unwrapped fragment expression "common/fragments/header::header" found in template common/layout/layout, line 31, col 10. Please use the complete syntax of fragment expressions instead ("~{common/fragments/header::header}"). The old, unwrapped syntax for fragment expressions will be removed in future versions of Thymeleaf.
2025-01-10 08:37:21 [http-nio-8080-exec-2] WARN  o.t.s.p.AbstractStandardFragmentInsertionTagProcessor - [THYMELEAF][http-nio-8080-exec-2][common/layout/layout] Deprecated unwrapped fragment expression "common/fragments/footer::footer" found in template common/layout/layout, line 35, col 10. Please use the complete syntax of fragment expressions instead ("~{common/fragments/footer::footer}"). The old, unwrapped syntax for fragment expressions will be removed in future versions of Thymeleaf.
2025-01-10 08:37:21 [http-nio-8080-exec-2] DEBUG org.mybatis.spring.SqlSessionUtils - Creating a new SqlSession
2025-01-10 08:37:21 [http-nio-8080-exec-2] DEBUG org.mybatis.spring.SqlSessionUtils - SqlSession [org.apache.ibatis.session.defaults.DefaultSqlSession@2bd3459d] was not registered for synchronization because synchronization is not active
2025-01-10 08:37:21 [http-nio-8080-exec-2] DEBUG o.m.s.t.SpringManagedTransaction - JDBC Connection [HikariProxyConnection@905036444 wrapping com.mysql.cj.jdbc.ConnectionImpl@379120df] will not be managed by Spring
2025-01-10 08:37:21 [http-nio-8080-exec-2] DEBUG c.s.d.m.CommonMapper.selectLnbList - ==>  Preparing: SELECT CT_LNB_IDX AS ctLnbIdx, CT_LNB_ID AS ctLnbId, CT_LNB_NAME AS ctLnbName, CT_LNB_SUB_YN AS ctLnbSubYn, CT_LNB_URL AS ctLnbUrl, CT_LNB_USE_YN AS ctLnbUseYn FROM CT_LNB WHERE CT_LNB_USE_YN = 'Y' ORDER BY CT_LNB_IDX
2025-01-10 08:37:21 [http-nio-8080-exec-2] DEBUG c.s.d.m.CommonMapper.selectLnbList - ==> Parameters: 
2025-01-10 08:37:21 [http-nio-8080-exec-2] DEBUG c.s.d.m.CommonMapper.selectLnbList - <==      Total: 4
2025-01-10 08:37:21 [http-nio-8080-exec-2] DEBUG org.mybatis.spring.SqlSessionUtils - Closing non transactional SqlSession [org.apache.ibatis.session.defaults.DefaultSqlSession@2bd3459d]
2025-01-10 08:37:21 [http-nio-8080-exec-6] DEBUG org.mybatis.spring.SqlSessionUtils - Creating a new SqlSession
2025-01-10 08:37:21 [http-nio-8080-exec-6] DEBUG org.mybatis.spring.SqlSessionUtils - SqlSession [org.apache.ibatis.session.defaults.DefaultSqlSession@2923dedb] was not registered for synchronization because synchronization is not active
2025-01-10 08:37:21 [http-nio-8080-exec-6] DEBUG o.m.s.t.SpringManagedTransaction - JDBC Connection [HikariProxyConnection@1999793624 wrapping com.mysql.cj.jdbc.ConnectionImpl@4e855d9] will not be managed by Spring
2025-01-10 08:37:21 [http-nio-8080-exec-6] DEBUG c.s.d.m.C.selectLnbSubList - ==>  Preparing: SELECT CT_LNB_SUB_IDX AS ctLnbSubIdx, CT_LNB_ID AS ctLnbId, CT_LNB_SUB_ID AS ctLnbSubId, CT_LNB_SUB_NAME AS ctLnbSubName, CT_LNB_SUB_URL AS ctLnbSubUrl FROM CT_LNB_SUB WHERE CT_LNB_ID = ? ORDER BY CT_LNB_SUB_IDX
2025-01-10 08:37:21 [http-nio-8080-exec-6] DEBUG c.s.d.m.C.selectLnbSubList - ==> Parameters: CT_LNB_INFORMATION(String)
2025-01-10 08:37:21 [http-nio-8080-exec-6] DEBUG c.s.d.m.C.selectLnbSubList - <==      Total: 2
2025-01-10 08:37:21 [http-nio-8080-exec-6] DEBUG org.mybatis.spring.SqlSessionUtils - Closing non transactional SqlSession [org.apache.ibatis.session.defaults.DefaultSqlSession@2923dedb]
2025-01-10 08:37:21 [http-nio-8080-exec-1] DEBUG org.mybatis.spring.SqlSessionUtils - Creating a new SqlSession
2025-01-10 08:37:21 [http-nio-8080-exec-9] DEBUG org.mybatis.spring.SqlSessionUtils - Creating a new SqlSession
2025-01-10 08:37:21 [http-nio-8080-exec-1] DEBUG org.mybatis.spring.SqlSessionUtils - SqlSession [org.apache.ibatis.session.defaults.DefaultSqlSession@3a7a9fb2] was not registered for synchronization because synchronization is not active
2025-01-10 08:37:21 [http-nio-8080-exec-9] DEBUG org.mybatis.spring.SqlSessionUtils - SqlSession [org.apache.ibatis.session.defaults.DefaultSqlSession@232be1fe] was not registered for synchronization because synchronization is not active
2025-01-10 08:37:21 [http-nio-8080-exec-1] DEBUG o.m.s.t.SpringManagedTransaction - JDBC Connection [HikariProxyConnection@1794273402 wrapping com.mysql.cj.jdbc.ConnectionImpl@379120df] will not be managed by Spring
2025-01-10 08:37:21 [http-nio-8080-exec-1] DEBUG c.s.d.m.C.selectLnbSubList - ==>  Preparing: SELECT CT_LNB_SUB_IDX AS ctLnbSubIdx, CT_LNB_ID AS ctLnbId, CT_LNB_SUB_ID AS ctLnbSubId, CT_LNB_SUB_NAME AS ctLnbSubName, CT_LNB_SUB_URL AS ctLnbSubUrl FROM CT_LNB_SUB WHERE CT_LNB_ID = ? ORDER BY CT_LNB_SUB_IDX
2025-01-10 08:37:21 [http-nio-8080-exec-1] DEBUG c.s.d.m.C.selectLnbSubList - ==> Parameters: CT_LNB_SERVICE(String)
2025-01-10 08:37:21 [http-nio-8080-exec-9] DEBUG o.m.s.t.SpringManagedTransaction - JDBC Connection [HikariProxyConnection@956293458 wrapping com.mysql.cj.jdbc.ConnectionImpl@15b510f0] will not be managed by Spring
2025-01-10 08:37:21 [http-nio-8080-exec-9] DEBUG c.s.d.m.C.selectLnbSubList - ==>  Preparing: SELECT CT_LNB_SUB_IDX AS ctLnbSubIdx, CT_LNB_ID AS ctLnbId, CT_LNB_SUB_ID AS ctLnbSubId, CT_LNB_SUB_NAME AS ctLnbSubName, CT_LNB_SUB_URL AS ctLnbSubUrl FROM CT_LNB_SUB WHERE CT_LNB_ID = ? ORDER BY CT_LNB_SUB_IDX
2025-01-10 08:37:21 [http-nio-8080-exec-9] DEBUG c.s.d.m.C.selectLnbSubList - ==> Parameters: CT_LNB_CONTACT(String)
2025-01-10 08:37:21 [http-nio-8080-exec-9] DEBUG c.s.d.m.C.selectLnbSubList - <==      Total: 2
2025-01-10 08:37:21 [http-nio-8080-exec-1] DEBUG c.s.d.m.C.selectLnbSubList - <==      Total: 4
2025-01-10 08:37:21 [http-nio-8080-exec-9] DEBUG org.mybatis.spring.SqlSessionUtils - Closing non transactional SqlSession [org.apache.ibatis.session.defaults.DefaultSqlSession@232be1fe]
2025-01-10 08:37:21 [http-nio-8080-exec-1] DEBUG org.mybatis.spring.SqlSessionUtils - Closing non transactional SqlSession [org.apache.ibatis.session.defaults.DefaultSqlSession@3a7a9fb2]
2025-01-10 08:37:22 [http-nio-8080-exec-10] DEBUG org.mybatis.spring.SqlSessionUtils - Creating a new SqlSession
2025-01-10 08:37:22 [http-nio-8080-exec-10] DEBUG org.mybatis.spring.SqlSessionUtils - SqlSession [org.apache.ibatis.session.defaults.DefaultSqlSession@3781fa21] was not registered for synchronization because synchronization is not active
2025-01-10 08:37:22 [http-nio-8080-exec-10] DEBUG o.m.s.t.SpringManagedTransaction - JDBC Connection [HikariProxyConnection@648404313 wrapping com.mysql.cj.jdbc.ConnectionImpl@15b510f0] will not be managed by Spring
2025-01-10 08:37:22 [http-nio-8080-exec-10] DEBUG c.s.d.m.CommonMapper.selectLnbList - ==>  Preparing: SELECT CT_LNB_IDX AS ctLnbIdx, CT_LNB_ID AS ctLnbId, CT_LNB_NAME AS ctLnbName, CT_LNB_SUB_YN AS ctLnbSubYn, CT_LNB_URL AS ctLnbUrl, CT_LNB_USE_YN AS ctLnbUseYn FROM CT_LNB WHERE CT_LNB_USE_YN = 'Y' ORDER BY CT_LNB_IDX
2025-01-10 08:37:22 [http-nio-8080-exec-10] DEBUG c.s.d.m.CommonMapper.selectLnbList - ==> Parameters: 
2025-01-10 08:37:22 [http-nio-8080-exec-10] DEBUG c.s.d.m.CommonMapper.selectLnbList - <==      Total: 4
2025-01-10 08:37:22 [http-nio-8080-exec-10] DEBUG org.mybatis.spring.SqlSessionUtils - Closing non transactional SqlSession [org.apache.ibatis.session.defaults.DefaultSqlSession@3781fa21]
2025-01-10 08:37:22 [http-nio-8080-exec-3] DEBUG org.mybatis.spring.SqlSessionUtils - Creating a new SqlSession
2025-01-10 08:37:22 [http-nio-8080-exec-3] DEBUG org.mybatis.spring.SqlSessionUtils - SqlSession [org.apache.ibatis.session.defaults.DefaultSqlSession@4e1236e3] was not registered for synchronization because synchronization is not active
2025-01-10 08:37:22 [http-nio-8080-exec-8] DEBUG org.mybatis.spring.SqlSessionUtils - Creating a new SqlSession
2025-01-10 08:37:22 [http-nio-8080-exec-8] DEBUG org.mybatis.spring.SqlSessionUtils - SqlSession [org.apache.ibatis.session.defaults.DefaultSqlSession@65a02272] was not registered for synchronization because synchronization is not active
2025-01-10 08:37:22 [http-nio-8080-exec-4] DEBUG org.mybatis.spring.SqlSessionUtils - Creating a new SqlSession
2025-01-10 08:37:22 [http-nio-8080-exec-4] DEBUG org.mybatis.spring.SqlSessionUtils - SqlSession [org.apache.ibatis.session.defaults.DefaultSqlSession@22b60ea4] was not registered for synchronization because synchronization is not active
2025-01-10 08:37:22 [http-nio-8080-exec-8] DEBUG o.m.s.t.SpringManagedTransaction - JDBC Connection [HikariProxyConnection@1063420957 wrapping com.mysql.cj.jdbc.ConnectionImpl@15b510f0] will not be managed by Spring
2025-01-10 08:37:22 [http-nio-8080-exec-8] DEBUG c.s.d.m.C.selectLnbSubList - ==>  Preparing: SELECT CT_LNB_SUB_IDX AS ctLnbSubIdx, CT_LNB_ID AS ctLnbId, CT_LNB_SUB_ID AS ctLnbSubId, CT_LNB_SUB_NAME AS ctLnbSubName, CT_LNB_SUB_URL AS ctLnbSubUrl FROM CT_LNB_SUB WHERE CT_LNB_ID = ? ORDER BY CT_LNB_SUB_IDX
2025-01-10 08:37:22 [http-nio-8080-exec-3] DEBUG o.m.s.t.SpringManagedTransaction - JDBC Connection [HikariProxyConnection@225436202 wrapping com.mysql.cj.jdbc.ConnectionImpl@379120df] will not be managed by Spring
2025-01-10 08:37:22 [http-nio-8080-exec-3] DEBUG c.s.d.m.C.selectLnbSubList - ==>  Preparing: SELECT CT_LNB_SUB_IDX AS ctLnbSubIdx, CT_LNB_ID AS ctLnbId, CT_LNB_SUB_ID AS ctLnbSubId, CT_LNB_SUB_NAME AS ctLnbSubName, CT_LNB_SUB_URL AS ctLnbSubUrl FROM CT_LNB_SUB WHERE CT_LNB_ID = ? ORDER BY CT_LNB_SUB_IDX
2025-01-10 08:37:22 [http-nio-8080-exec-8] DEBUG c.s.d.m.C.selectLnbSubList - ==> Parameters: CT_LNB_SERVICE(String)
2025-01-10 08:37:22 [http-nio-8080-exec-4] DEBUG o.m.s.t.SpringManagedTransaction - JDBC Connection [HikariProxyConnection@1540403040 wrapping com.mysql.cj.jdbc.ConnectionImpl@4e855d9] will not be managed by Spring
2025-01-10 08:37:22 [http-nio-8080-exec-3] DEBUG c.s.d.m.C.selectLnbSubList - ==> Parameters: CT_LNB_INFORMATION(String)
2025-01-10 08:37:22 [http-nio-8080-exec-4] DEBUG c.s.d.m.C.selectLnbSubList - ==>  Preparing: SELECT CT_LNB_SUB_IDX AS ctLnbSubIdx, CT_LNB_ID AS ctLnbId, CT_LNB_SUB_ID AS ctLnbSubId, CT_LNB_SUB_NAME AS ctLnbSubName, CT_LNB_SUB_URL AS ctLnbSubUrl FROM CT_LNB_SUB WHERE CT_LNB_ID = ? ORDER BY CT_LNB_SUB_IDX
2025-01-10 08:37:22 [http-nio-8080-exec-4] DEBUG c.s.d.m.C.selectLnbSubList - ==> Parameters: CT_LNB_CONTACT(String)
2025-01-10 08:37:22 [http-nio-8080-exec-3] DEBUG c.s.d.m.C.selectLnbSubList - <==      Total: 2
2025-01-10 08:37:22 [http-nio-8080-exec-4] DEBUG c.s.d.m.C.selectLnbSubList - <==      Total: 2
2025-01-10 08:37:22 [http-nio-8080-exec-8] DEBUG c.s.d.m.C.selectLnbSubList - <==      Total: 4
2025-01-10 08:37:22 [http-nio-8080-exec-3] DEBUG org.mybatis.spring.SqlSessionUtils - Closing non transactional SqlSession [org.apache.ibatis.session.defaults.DefaultSqlSession@4e1236e3]
2025-01-10 08:37:22 [http-nio-8080-exec-4] DEBUG org.mybatis.spring.SqlSessionUtils - Closing non transactional SqlSession [org.apache.ibatis.session.defaults.DefaultSqlSession@22b60ea4]
2025-01-10 08:37:22 [http-nio-8080-exec-8] DEBUG org.mybatis.spring.SqlSessionUtils - Closing non transactional SqlSession [org.apache.ibatis.session.defaults.DefaultSqlSession@65a02272]
2025-01-10 08:37:23 [http-nio-8080-exec-5] DEBUG org.mybatis.spring.SqlSessionUtils - Creating a new SqlSession
2025-01-10 08:37:23 [http-nio-8080-exec-5] DEBUG org.mybatis.spring.SqlSessionUtils - SqlSession [org.apache.ibatis.session.defaults.DefaultSqlSession@68d40576] was not registered for synchronization because synchronization is not active
2025-01-10 08:37:23 [http-nio-8080-exec-5] DEBUG o.m.s.t.SpringManagedTransaction - JDBC Connection [HikariProxyConnection@679637316 wrapping com.mysql.cj.jdbc.ConnectionImpl@15b510f0] will not be managed by Spring
2025-01-10 08:37:23 [http-nio-8080-exec-5] DEBUG c.s.d.m.CommonMapper.selectLnbList - ==>  Preparing: SELECT CT_LNB_IDX AS ctLnbIdx, CT_LNB_ID AS ctLnbId, CT_LNB_NAME AS ctLnbName, CT_LNB_SUB_YN AS ctLnbSubYn, CT_LNB_URL AS ctLnbUrl, CT_LNB_USE_YN AS ctLnbUseYn FROM CT_LNB WHERE CT_LNB_USE_YN = 'Y' ORDER BY CT_LNB_IDX
2025-01-10 08:37:23 [http-nio-8080-exec-5] DEBUG c.s.d.m.CommonMapper.selectLnbList - ==> Parameters: 
2025-01-10 08:37:23 [http-nio-8080-exec-5] DEBUG c.s.d.m.CommonMapper.selectLnbList - <==      Total: 4
2025-01-10 08:37:23 [http-nio-8080-exec-5] DEBUG org.mybatis.spring.SqlSessionUtils - Closing non transactional SqlSession [org.apache.ibatis.session.defaults.DefaultSqlSession@68d40576]
2025-01-10 08:37:23 [http-nio-8080-exec-7] DEBUG org.mybatis.spring.SqlSessionUtils - Creating a new SqlSession
2025-01-10 08:37:23 [http-nio-8080-exec-7] DEBUG org.mybatis.spring.SqlSessionUtils - SqlSession [org.apache.ibatis.session.defaults.DefaultSqlSession@6e664f96] was not registered for synchronization because synchronization is not active
2025-01-10 08:37:23 [http-nio-8080-exec-2] DEBUG org.mybatis.spring.SqlSessionUtils - Creating a new SqlSession
2025-01-10 08:37:23 [http-nio-8080-exec-6] DEBUG org.mybatis.spring.SqlSessionUtils - Creating a new SqlSession
2025-01-10 08:37:23 [http-nio-8080-exec-2] DEBUG org.mybatis.spring.SqlSessionUtils - SqlSession [org.apache.ibatis.session.defaults.DefaultSqlSession@62fea1d5] was not registered for synchronization because synchronization is not active
2025-01-10 08:37:23 [http-nio-8080-exec-6] DEBUG org.mybatis.spring.SqlSessionUtils - SqlSession [org.apache.ibatis.session.defaults.DefaultSqlSession@521879aa] was not registered for synchronization because synchronization is not active
2025-01-10 08:37:23 [http-nio-8080-exec-6] DEBUG o.m.s.t.SpringManagedTransaction - JDBC Connection [HikariProxyConnection@1702539316 wrapping com.mysql.cj.jdbc.ConnectionImpl@15b510f0] will not be managed by Spring
2025-01-10 08:37:23 [http-nio-8080-exec-6] DEBUG c.s.d.m.C.selectLnbSubList - ==>  Preparing: SELECT CT_LNB_SUB_IDX AS ctLnbSubIdx, CT_LNB_ID AS ctLnbId, CT_LNB_SUB_ID AS ctLnbSubId, CT_LNB_SUB_NAME AS ctLnbSubName, CT_LNB_SUB_URL AS ctLnbSubUrl FROM CT_LNB_SUB WHERE CT_LNB_ID = ? ORDER BY CT_LNB_SUB_IDX
2025-01-10 08:37:23 [http-nio-8080-exec-7] DEBUG o.m.s.t.SpringManagedTransaction - JDBC Connection [HikariProxyConnection@306429964 wrapping com.mysql.cj.jdbc.ConnectionImpl@4e855d9] will not be managed by Spring
2025-01-10 08:37:23 [http-nio-8080-exec-7] DEBUG c.s.d.m.C.selectLnbSubList - ==>  Preparing: SELECT CT_LNB_SUB_IDX AS ctLnbSubIdx, CT_LNB_ID AS ctLnbId, CT_LNB_SUB_ID AS ctLnbSubId, CT_LNB_SUB_NAME AS ctLnbSubName, CT_LNB_SUB_URL AS ctLnbSubUrl FROM CT_LNB_SUB WHERE CT_LNB_ID = ? ORDER BY CT_LNB_SUB_IDX
2025-01-10 08:37:23 [http-nio-8080-exec-2] DEBUG o.m.s.t.SpringManagedTransaction - JDBC Connection [HikariProxyConnection@1404104634 wrapping com.mysql.cj.jdbc.ConnectionImpl@379120df] will not be managed by Spring
2025-01-10 08:37:23 [http-nio-8080-exec-6] DEBUG c.s.d.m.C.selectLnbSubList - ==> Parameters: CT_LNB_CONTACT(String)
2025-01-10 08:37:23 [http-nio-8080-exec-7] DEBUG c.s.d.m.C.selectLnbSubList - ==> Parameters: CT_LNB_INFORMATION(String)
2025-01-10 08:37:23 [http-nio-8080-exec-2] DEBUG c.s.d.m.C.selectLnbSubList - ==>  Preparing: SELECT CT_LNB_SUB_IDX AS ctLnbSubIdx, CT_LNB_ID AS ctLnbId, CT_LNB_SUB_ID AS ctLnbSubId, CT_LNB_SUB_NAME AS ctLnbSubName, CT_LNB_SUB_URL AS ctLnbSubUrl FROM CT_LNB_SUB WHERE CT_LNB_ID = ? ORDER BY CT_LNB_SUB_IDX
2025-01-10 08:37:23 [http-nio-8080-exec-2] DEBUG c.s.d.m.C.selectLnbSubList - ==> Parameters: CT_LNB_SERVICE(String)
2025-01-10 08:37:23 [http-nio-8080-exec-7] DEBUG c.s.d.m.C.selectLnbSubList - <==      Total: 2
2025-01-10 08:37:23 [http-nio-8080-exec-6] DEBUG c.s.d.m.C.selectLnbSubList - <==      Total: 2
2025-01-10 08:37:23 [http-nio-8080-exec-2] DEBUG c.s.d.m.C.selectLnbSubList - <==      Total: 4
2025-01-10 08:37:23 [http-nio-8080-exec-7] DEBUG org.mybatis.spring.SqlSessionUtils - Closing non transactional SqlSession [org.apache.ibatis.session.defaults.DefaultSqlSession@6e664f96]
2025-01-10 08:37:23 [http-nio-8080-exec-6] DEBUG org.mybatis.spring.SqlSessionUtils - Closing non transactional SqlSession [org.apache.ibatis.session.defaults.DefaultSqlSession@521879aa]
2025-01-10 08:37:23 [http-nio-8080-exec-2] DEBUG org.mybatis.spring.SqlSessionUtils - Closing non transactional SqlSession [org.apache.ibatis.session.defaults.DefaultSqlSession@62fea1d5]
2025-01-10 08:37:43 [http-nio-8080-exec-1] WARN  o.t.s.p.AbstractStandardFragmentInsertionTagProcessor - [THYMELEAF][http-nio-8080-exec-1][common/layout/layout] Deprecated unwrapped fragment expression "common/fragments/header::header" found in template common/layout/layout, line 31, col 10. Please use the complete syntax of fragment expressions instead ("~{common/fragments/header::header}"). The old, unwrapped syntax for fragment expressions will be removed in future versions of Thymeleaf.
2025-01-10 08:37:43 [http-nio-8080-exec-1] WARN  o.t.s.p.AbstractStandardFragmentInsertionTagProcessor - [THYMELEAF][http-nio-8080-exec-1][common/layout/layout] Deprecated unwrapped fragment expression "common/fragments/footer::footer" found in template common/layout/layout, line 35, col 10. Please use the complete syntax of fragment expressions instead ("~{common/fragments/footer::footer}"). The old, unwrapped syntax for fragment expressions will be removed in future versions of Thymeleaf.
2025-01-10 08:37:43 [http-nio-8080-exec-1] DEBUG org.mybatis.spring.SqlSessionUtils - Creating a new SqlSession
2025-01-10 08:37:43 [http-nio-8080-exec-1] DEBUG org.mybatis.spring.SqlSessionUtils - SqlSession [org.apache.ibatis.session.defaults.DefaultSqlSession@8d08c66] was not registered for synchronization because synchronization is not active
2025-01-10 08:37:43 [http-nio-8080-exec-1] DEBUG o.m.s.t.SpringManagedTransaction - JDBC Connection [HikariProxyConnection@2006474228 wrapping com.mysql.cj.jdbc.ConnectionImpl@379120df] will not be managed by Spring
2025-01-10 08:37:43 [http-nio-8080-exec-1] DEBUG c.s.d.m.CommonMapper.selectLnbList - ==>  Preparing: SELECT CT_LNB_IDX AS ctLnbIdx, CT_LNB_ID AS ctLnbId, CT_LNB_NAME AS ctLnbName, CT_LNB_SUB_YN AS ctLnbSubYn, CT_LNB_URL AS ctLnbUrl, CT_LNB_USE_YN AS ctLnbUseYn FROM CT_LNB WHERE CT_LNB_USE_YN = 'Y' ORDER BY CT_LNB_IDX
2025-01-10 08:37:43 [http-nio-8080-exec-1] DEBUG c.s.d.m.CommonMapper.selectLnbList - ==> Parameters: 
2025-01-10 08:37:43 [http-nio-8080-exec-1] DEBUG c.s.d.m.CommonMapper.selectLnbList - <==      Total: 4
2025-01-10 08:37:43 [http-nio-8080-exec-1] DEBUG org.mybatis.spring.SqlSessionUtils - Closing non transactional SqlSession [org.apache.ibatis.session.defaults.DefaultSqlSession@8d08c66]
2025-01-10 08:37:43 [http-nio-8080-exec-4] DEBUG org.mybatis.spring.SqlSessionUtils - Creating a new SqlSession
2025-01-10 08:37:43 [http-nio-8080-exec-4] DEBUG org.mybatis.spring.SqlSessionUtils - SqlSession [org.apache.ibatis.session.defaults.DefaultSqlSession@552ab23b] was not registered for synchronization because synchronization is not active
2025-01-10 08:37:43 [http-nio-8080-exec-4] DEBUG o.m.s.t.SpringManagedTransaction - JDBC Connection [HikariProxyConnection@199212113 wrapping com.mysql.cj.jdbc.ConnectionImpl@4e855d9] will not be managed by Spring
2025-01-10 08:37:43 [http-nio-8080-exec-4] DEBUG c.s.d.m.CommonMapper.selectLnbList - ==>  Preparing: SELECT CT_LNB_IDX AS ctLnbIdx, CT_LNB_ID AS ctLnbId, CT_LNB_NAME AS ctLnbName, CT_LNB_SUB_YN AS ctLnbSubYn, CT_LNB_URL AS ctLnbUrl, CT_LNB_USE_YN AS ctLnbUseYn FROM CT_LNB WHERE CT_LNB_USE_YN = 'Y' ORDER BY CT_LNB_IDX
2025-01-10 08:37:43 [http-nio-8080-exec-4] DEBUG c.s.d.m.CommonMapper.selectLnbList - ==> Parameters: 
2025-01-10 08:37:43 [http-nio-8080-exec-4] DEBUG c.s.d.m.CommonMapper.selectLnbList - <==      Total: 4
2025-01-10 08:37:43 [http-nio-8080-exec-4] DEBUG org.mybatis.spring.SqlSessionUtils - Closing non transactional SqlSession [org.apache.ibatis.session.defaults.DefaultSqlSession@552ab23b]
2025-01-10 08:37:43 [http-nio-8080-exec-9] DEBUG org.mybatis.spring.SqlSessionUtils - Creating a new SqlSession
2025-01-10 08:37:43 [http-nio-8080-exec-9] DEBUG org.mybatis.spring.SqlSessionUtils - SqlSession [org.apache.ibatis.session.defaults.DefaultSqlSession@13c7921c] was not registered for synchronization because synchronization is not active
2025-01-10 08:37:43 [http-nio-8080-exec-9] DEBUG o.m.s.t.SpringManagedTransaction - JDBC Connection [HikariProxyConnection@1416954951 wrapping com.mysql.cj.jdbc.ConnectionImpl@15b510f0] will not be managed by Spring
2025-01-10 08:37:43 [http-nio-8080-exec-9] DEBUG c.s.d.m.C.selectLnbSubList - ==>  Preparing: SELECT CT_LNB_SUB_IDX AS ctLnbSubIdx, CT_LNB_ID AS ctLnbId, CT_LNB_SUB_ID AS ctLnbSubId, CT_LNB_SUB_NAME AS ctLnbSubName, CT_LNB_SUB_URL AS ctLnbSubUrl FROM CT_LNB_SUB WHERE CT_LNB_ID = ? ORDER BY CT_LNB_SUB_IDX
2025-01-10 08:37:43 [http-nio-8080-exec-9] DEBUG c.s.d.m.C.selectLnbSubList - ==> Parameters: CT_LNB_INFORMATION(String)
2025-01-10 08:37:43 [http-nio-8080-exec-9] DEBUG c.s.d.m.C.selectLnbSubList - <==      Total: 2
2025-01-10 08:37:43 [http-nio-8080-exec-9] DEBUG org.mybatis.spring.SqlSessionUtils - Closing non transactional SqlSession [org.apache.ibatis.session.defaults.DefaultSqlSession@13c7921c]
2025-01-10 08:37:43 [http-nio-8080-exec-10] DEBUG org.mybatis.spring.SqlSessionUtils - Creating a new SqlSession
2025-01-10 08:37:43 [http-nio-8080-exec-3] DEBUG org.mybatis.spring.SqlSessionUtils - Creating a new SqlSession
2025-01-10 08:37:43 [http-nio-8080-exec-8] DEBUG org.mybatis.spring.SqlSessionUtils - Creating a new SqlSession
2025-01-10 08:37:43 [http-nio-8080-exec-3] DEBUG org.mybatis.spring.SqlSessionUtils - SqlSession [org.apache.ibatis.session.defaults.DefaultSqlSession@40d5e108] was not registered for synchronization because synchronization is not active
2025-01-10 08:37:43 [http-nio-8080-exec-10] DEBUG org.mybatis.spring.SqlSessionUtils - SqlSession [org.apache.ibatis.session.defaults.DefaultSqlSession@34d4f854] was not registered for synchronization because synchronization is not active
2025-01-10 08:37:43 [http-nio-8080-exec-8] DEBUG org.mybatis.spring.SqlSessionUtils - SqlSession [org.apache.ibatis.session.defaults.DefaultSqlSession@285a057] was not registered for synchronization because synchronization is not active
2025-01-10 08:37:43 [http-nio-8080-exec-3] DEBUG o.m.s.t.SpringManagedTransaction - JDBC Connection [HikariProxyConnection@853095818 wrapping com.mysql.cj.jdbc.ConnectionImpl@379120df] will not be managed by Spring
2025-01-10 08:37:43 [http-nio-8080-exec-10] DEBUG o.m.s.t.SpringManagedTransaction - JDBC Connection [HikariProxyConnection@1016312962 wrapping com.mysql.cj.jdbc.ConnectionImpl@15b510f0] will not be managed by Spring
2025-01-10 08:37:43 [http-nio-8080-exec-8] DEBUG o.m.s.t.SpringManagedTransaction - JDBC Connection [HikariProxyConnection@703368822 wrapping com.mysql.cj.jdbc.ConnectionImpl@4e855d9] will not be managed by Spring
2025-01-10 08:37:43 [http-nio-8080-exec-3] DEBUG c.s.d.m.C.selectLnbSubList - ==>  Preparing: SELECT CT_LNB_SUB_IDX AS ctLnbSubIdx, CT_LNB_ID AS ctLnbId, CT_LNB_SUB_ID AS ctLnbSubId, CT_LNB_SUB_NAME AS ctLnbSubName, CT_LNB_SUB_URL AS ctLnbSubUrl FROM CT_LNB_SUB WHERE CT_LNB_ID = ? ORDER BY CT_LNB_SUB_IDX
2025-01-10 08:37:43 [http-nio-8080-exec-10] DEBUG c.s.d.m.C.selectLnbSubList - ==>  Preparing: SELECT CT_LNB_SUB_IDX AS ctLnbSubIdx, CT_LNB_ID AS ctLnbId, CT_LNB_SUB_ID AS ctLnbSubId, CT_LNB_SUB_NAME AS ctLnbSubName, CT_LNB_SUB_URL AS ctLnbSubUrl FROM CT_LNB_SUB WHERE CT_LNB_ID = ? ORDER BY CT_LNB_SUB_IDX
2025-01-10 08:37:43 [http-nio-8080-exec-8] DEBUG c.s.d.m.C.selectLnbSubList - ==>  Preparing: SELECT CT_LNB_SUB_IDX AS ctLnbSubIdx, CT_LNB_ID AS ctLnbId, CT_LNB_SUB_ID AS ctLnbSubId, CT_LNB_SUB_NAME AS ctLnbSubName, CT_LNB_SUB_URL AS ctLnbSubUrl FROM CT_LNB_SUB WHERE CT_LNB_ID = ? ORDER BY CT_LNB_SUB_IDX
2025-01-10 08:37:43 [http-nio-8080-exec-8] DEBUG c.s.d.m.C.selectLnbSubList - ==> Parameters: CT_LNB_INFORMATION(String)
2025-01-10 08:37:43 [http-nio-8080-exec-10] DEBUG c.s.d.m.C.selectLnbSubList - ==> Parameters: CT_LNB_SERVICE(String)
2025-01-10 08:37:43 [http-nio-8080-exec-3] DEBUG c.s.d.m.C.selectLnbSubList - ==> Parameters: CT_LNB_CONTACT(String)
2025-01-10 08:37:43 [http-nio-8080-exec-8] DEBUG c.s.d.m.C.selectLnbSubList - <==      Total: 2
2025-01-10 08:37:43 [http-nio-8080-exec-10] DEBUG c.s.d.m.C.selectLnbSubList - <==      Total: 4
2025-01-10 08:37:43 [http-nio-8080-exec-3] DEBUG c.s.d.m.C.selectLnbSubList - <==      Total: 2
2025-01-10 08:37:43 [http-nio-8080-exec-8] DEBUG org.mybatis.spring.SqlSessionUtils - Closing non transactional SqlSession [org.apache.ibatis.session.defaults.DefaultSqlSession@285a057]
2025-01-10 08:37:43 [http-nio-8080-exec-10] DEBUG org.mybatis.spring.SqlSessionUtils - Closing non transactional SqlSession [org.apache.ibatis.session.defaults.DefaultSqlSession@34d4f854]
2025-01-10 08:37:43 [http-nio-8080-exec-3] DEBUG org.mybatis.spring.SqlSessionUtils - Closing non transactional SqlSession [org.apache.ibatis.session.defaults.DefaultSqlSession@40d5e108]
2025-01-10 08:37:43 [http-nio-8080-exec-5] DEBUG org.mybatis.spring.SqlSessionUtils - Creating a new SqlSession
2025-01-10 08:37:43 [http-nio-8080-exec-7] DEBUG org.mybatis.spring.SqlSessionUtils - Creating a new SqlSession
2025-01-10 08:37:43 [http-nio-8080-exec-5] DEBUG org.mybatis.spring.SqlSessionUtils - SqlSession [org.apache.ibatis.session.defaults.DefaultSqlSession@11406174] was not registered for synchronization because synchronization is not active
2025-01-10 08:37:43 [http-nio-8080-exec-7] DEBUG org.mybatis.spring.SqlSessionUtils - SqlSession [org.apache.ibatis.session.defaults.DefaultSqlSession@142cff3e] was not registered for synchronization because synchronization is not active
2025-01-10 08:37:43 [http-nio-8080-exec-5] DEBUG o.m.s.t.SpringManagedTransaction - JDBC Connection [HikariProxyConnection@720583241 wrapping com.mysql.cj.jdbc.ConnectionImpl@15b510f0] will not be managed by Spring
2025-01-10 08:37:43 [http-nio-8080-exec-7] DEBUG o.m.s.t.SpringManagedTransaction - JDBC Connection [HikariProxyConnection@409148951 wrapping com.mysql.cj.jdbc.ConnectionImpl@4e855d9] will not be managed by Spring
2025-01-10 08:37:43 [http-nio-8080-exec-5] DEBUG c.s.d.m.C.selectLnbSubList - ==>  Preparing: SELECT CT_LNB_SUB_IDX AS ctLnbSubIdx, CT_LNB_ID AS ctLnbId, CT_LNB_SUB_ID AS ctLnbSubId, CT_LNB_SUB_NAME AS ctLnbSubName, CT_LNB_SUB_URL AS ctLnbSubUrl FROM CT_LNB_SUB WHERE CT_LNB_ID = ? ORDER BY CT_LNB_SUB_IDX
2025-01-10 08:37:43 [http-nio-8080-exec-7] DEBUG c.s.d.m.C.selectLnbSubList - ==>  Preparing: SELECT CT_LNB_SUB_IDX AS ctLnbSubIdx, CT_LNB_ID AS ctLnbId, CT_LNB_SUB_ID AS ctLnbSubId, CT_LNB_SUB_NAME AS ctLnbSubName, CT_LNB_SUB_URL AS ctLnbSubUrl FROM CT_LNB_SUB WHERE CT_LNB_ID = ? ORDER BY CT_LNB_SUB_IDX
2025-01-10 08:37:43 [http-nio-8080-exec-5] DEBUG c.s.d.m.C.selectLnbSubList - ==> Parameters: CT_LNB_SERVICE(String)
2025-01-10 08:37:43 [http-nio-8080-exec-7] DEBUG c.s.d.m.C.selectLnbSubList - ==> Parameters: CT_LNB_CONTACT(String)
2025-01-10 08:37:43 [http-nio-8080-exec-7] DEBUG c.s.d.m.C.selectLnbSubList - <==      Total: 2
2025-01-10 08:37:43 [http-nio-8080-exec-5] DEBUG c.s.d.m.C.selectLnbSubList - <==      Total: 4
2025-01-10 08:37:43 [http-nio-8080-exec-7] DEBUG org.mybatis.spring.SqlSessionUtils - Closing non transactional SqlSession [org.apache.ibatis.session.defaults.DefaultSqlSession@142cff3e]
2025-01-10 08:37:43 [http-nio-8080-exec-5] DEBUG org.mybatis.spring.SqlSessionUtils - Closing non transactional SqlSession [org.apache.ibatis.session.defaults.DefaultSqlSession@11406174]
2025-01-10 08:39:05 [http-nio-8080-exec-8] WARN  o.t.s.p.AbstractStandardFragmentInsertionTagProcessor - [THYMELEAF][http-nio-8080-exec-8][common/layout/layout] Deprecated unwrapped fragment expression "common/fragments/header::header" found in template common/layout/layout, line 31, col 10. Please use the complete syntax of fragment expressions instead ("~{common/fragments/header::header}"). The old, unwrapped syntax for fragment expressions will be removed in future versions of Thymeleaf.
2025-01-10 08:39:05 [http-nio-8080-exec-8] WARN  o.t.s.p.AbstractStandardFragmentInsertionTagProcessor - [THYMELEAF][http-nio-8080-exec-8][common/layout/layout] Deprecated unwrapped fragment expression "common/fragments/footer::footer" found in template common/layout/layout, line 35, col 10. Please use the complete syntax of fragment expressions instead ("~{common/fragments/footer::footer}"). The old, unwrapped syntax for fragment expressions will be removed in future versions of Thymeleaf.
2025-01-10 08:39:05 [http-nio-8080-exec-8] DEBUG org.mybatis.spring.SqlSessionUtils - Creating a new SqlSession
2025-01-10 08:39:05 [http-nio-8080-exec-8] DEBUG org.mybatis.spring.SqlSessionUtils - SqlSession [org.apache.ibatis.session.defaults.DefaultSqlSession@48346c58] was not registered for synchronization because synchronization is not active
2025-01-10 08:39:05 [http-nio-8080-exec-8] DEBUG o.m.s.t.SpringManagedTransaction - JDBC Connection [HikariProxyConnection@1167065417 wrapping com.mysql.cj.jdbc.ConnectionImpl@4e855d9] will not be managed by Spring
2025-01-10 08:39:05 [http-nio-8080-exec-8] DEBUG c.s.d.m.CommonMapper.selectLnbList - ==>  Preparing: SELECT CT_LNB_IDX AS ctLnbIdx, CT_LNB_ID AS ctLnbId, CT_LNB_NAME AS ctLnbName, CT_LNB_SUB_YN AS ctLnbSubYn, CT_LNB_URL AS ctLnbUrl, CT_LNB_USE_YN AS ctLnbUseYn FROM CT_LNB WHERE CT_LNB_USE_YN = 'Y' ORDER BY CT_LNB_IDX
2025-01-10 08:39:05 [http-nio-8080-exec-8] DEBUG c.s.d.m.CommonMapper.selectLnbList - ==> Parameters: 
2025-01-10 08:39:05 [http-nio-8080-exec-8] DEBUG c.s.d.m.CommonMapper.selectLnbList - <==      Total: 4
2025-01-10 08:39:05 [http-nio-8080-exec-8] DEBUG org.mybatis.spring.SqlSessionUtils - Closing non transactional SqlSession [org.apache.ibatis.session.defaults.DefaultSqlSession@48346c58]
2025-01-10 08:39:05 [http-nio-8080-exec-3] DEBUG org.mybatis.spring.SqlSessionUtils - Creating a new SqlSession
2025-01-10 08:39:05 [http-nio-8080-exec-3] DEBUG org.mybatis.spring.SqlSessionUtils - SqlSession [org.apache.ibatis.session.defaults.DefaultSqlSession@61ca1f38] was not registered for synchronization because synchronization is not active
2025-01-10 08:39:05 [http-nio-8080-exec-3] DEBUG o.m.s.t.SpringManagedTransaction - JDBC Connection [HikariProxyConnection@449057774 wrapping com.mysql.cj.jdbc.ConnectionImpl@379120df] will not be managed by Spring
2025-01-10 08:39:05 [http-nio-8080-exec-3] DEBUG c.s.d.m.CommonMapper.selectLnbList - ==>  Preparing: SELECT CT_LNB_IDX AS ctLnbIdx, CT_LNB_ID AS ctLnbId, CT_LNB_NAME AS ctLnbName, CT_LNB_SUB_YN AS ctLnbSubYn, CT_LNB_URL AS ctLnbUrl, CT_LNB_USE_YN AS ctLnbUseYn FROM CT_LNB WHERE CT_LNB_USE_YN = 'Y' ORDER BY CT_LNB_IDX
2025-01-10 08:39:05 [http-nio-8080-exec-3] DEBUG c.s.d.m.CommonMapper.selectLnbList - ==> Parameters: 
2025-01-10 08:39:05 [http-nio-8080-exec-3] DEBUG c.s.d.m.CommonMapper.selectLnbList - <==      Total: 4
2025-01-10 08:39:05 [http-nio-8080-exec-3] DEBUG org.mybatis.spring.SqlSessionUtils - Closing non transactional SqlSession [org.apache.ibatis.session.defaults.DefaultSqlSession@61ca1f38]
2025-01-10 08:39:05 [http-nio-8080-exec-5] DEBUG org.mybatis.spring.SqlSessionUtils - Creating a new SqlSession
2025-01-10 08:39:05 [http-nio-8080-exec-7] DEBUG org.mybatis.spring.SqlSessionUtils - Creating a new SqlSession
2025-01-10 08:39:05 [http-nio-8080-exec-10] DEBUG org.mybatis.spring.SqlSessionUtils - Creating a new SqlSession
2025-01-10 08:39:05 [http-nio-8080-exec-7] DEBUG org.mybatis.spring.SqlSessionUtils - SqlSession [org.apache.ibatis.session.defaults.DefaultSqlSession@3af4215a] was not registered for synchronization because synchronization is not active
2025-01-10 08:39:05 [http-nio-8080-exec-5] DEBUG org.mybatis.spring.SqlSessionUtils - SqlSession [org.apache.ibatis.session.defaults.DefaultSqlSession@78a3e657] was not registered for synchronization because synchronization is not active
2025-01-10 08:39:05 [http-nio-8080-exec-10] DEBUG org.mybatis.spring.SqlSessionUtils - SqlSession [org.apache.ibatis.session.defaults.DefaultSqlSession@391b367d] was not registered for synchronization because synchronization is not active
2025-01-10 08:39:05 [http-nio-8080-exec-7] DEBUG o.m.s.t.SpringManagedTransaction - JDBC Connection [HikariProxyConnection@979833781 wrapping com.mysql.cj.jdbc.ConnectionImpl@4e855d9] will not be managed by Spring
2025-01-10 08:39:05 [http-nio-8080-exec-10] DEBUG o.m.s.t.SpringManagedTransaction - JDBC Connection [HikariProxyConnection@403550840 wrapping com.mysql.cj.jdbc.ConnectionImpl@379120df] will not be managed by Spring
2025-01-10 08:39:05 [http-nio-8080-exec-7] DEBUG c.s.d.m.C.selectLnbSubList - ==>  Preparing: SELECT CT_LNB_SUB_IDX AS ctLnbSubIdx, CT_LNB_ID AS ctLnbId, CT_LNB_SUB_ID AS ctLnbSubId, CT_LNB_SUB_NAME AS ctLnbSubName, CT_LNB_SUB_URL AS ctLnbSubUrl FROM CT_LNB_SUB WHERE CT_LNB_ID = ? ORDER BY CT_LNB_SUB_IDX
2025-01-10 08:39:05 [http-nio-8080-exec-10] DEBUG c.s.d.m.C.selectLnbSubList - ==>  Preparing: SELECT CT_LNB_SUB_IDX AS ctLnbSubIdx, CT_LNB_ID AS ctLnbId, CT_LNB_SUB_ID AS ctLnbSubId, CT_LNB_SUB_NAME AS ctLnbSubName, CT_LNB_SUB_URL AS ctLnbSubUrl FROM CT_LNB_SUB WHERE CT_LNB_ID = ? ORDER BY CT_LNB_SUB_IDX
2025-01-10 08:39:05 [http-nio-8080-exec-7] DEBUG c.s.d.m.C.selectLnbSubList - ==> Parameters: CT_LNB_INFORMATION(String)
2025-01-10 08:39:05 [http-nio-8080-exec-10] DEBUG c.s.d.m.C.selectLnbSubList - ==> Parameters: CT_LNB_CONTACT(String)
2025-01-10 08:39:05 [http-nio-8080-exec-5] DEBUG o.m.s.t.SpringManagedTransaction - JDBC Connection [HikariProxyConnection@1269938808 wrapping com.mysql.cj.jdbc.ConnectionImpl@15b510f0] will not be managed by Spring
2025-01-10 08:39:05 [http-nio-8080-exec-5] DEBUG c.s.d.m.C.selectLnbSubList - ==>  Preparing: SELECT CT_LNB_SUB_IDX AS ctLnbSubIdx, CT_LNB_ID AS ctLnbId, CT_LNB_SUB_ID AS ctLnbSubId, CT_LNB_SUB_NAME AS ctLnbSubName, CT_LNB_SUB_URL AS ctLnbSubUrl FROM CT_LNB_SUB WHERE CT_LNB_ID = ? ORDER BY CT_LNB_SUB_IDX
2025-01-10 08:39:05 [http-nio-8080-exec-5] DEBUG c.s.d.m.C.selectLnbSubList - ==> Parameters: CT_LNB_SERVICE(String)
2025-01-10 08:39:05 [http-nio-8080-exec-10] DEBUG c.s.d.m.C.selectLnbSubList - <==      Total: 2
2025-01-10 08:39:05 [http-nio-8080-exec-7] DEBUG c.s.d.m.C.selectLnbSubList - <==      Total: 2
2025-01-10 08:39:05 [http-nio-8080-exec-5] DEBUG c.s.d.m.C.selectLnbSubList - <==      Total: 4
2025-01-10 08:39:05 [http-nio-8080-exec-10] DEBUG org.mybatis.spring.SqlSessionUtils - Closing non transactional SqlSession [org.apache.ibatis.session.defaults.DefaultSqlSession@391b367d]
2025-01-10 08:39:05 [http-nio-8080-exec-5] DEBUG org.mybatis.spring.SqlSessionUtils - Closing non transactional SqlSession [org.apache.ibatis.session.defaults.DefaultSqlSession@78a3e657]
2025-01-10 08:39:05 [http-nio-8080-exec-7] DEBUG org.mybatis.spring.SqlSessionUtils - Closing non transactional SqlSession [org.apache.ibatis.session.defaults.DefaultSqlSession@3af4215a]
2025-01-10 08:39:05 [http-nio-8080-exec-2] DEBUG org.mybatis.spring.SqlSessionUtils - Creating a new SqlSession
2025-01-10 08:39:05 [http-nio-8080-exec-2] DEBUG org.mybatis.spring.SqlSessionUtils - SqlSession [org.apache.ibatis.session.defaults.DefaultSqlSession@5536a1d9] was not registered for synchronization because synchronization is not active
2025-01-10 08:39:05 [http-nio-8080-exec-2] DEBUG o.m.s.t.SpringManagedTransaction - JDBC Connection [HikariProxyConnection@1280505023 wrapping com.mysql.cj.jdbc.ConnectionImpl@379120df] will not be managed by Spring
2025-01-10 08:39:05 [http-nio-8080-exec-2] DEBUG c.s.d.m.C.selectLnbSubList - ==>  Preparing: SELECT CT_LNB_SUB_IDX AS ctLnbSubIdx, CT_LNB_ID AS ctLnbId, CT_LNB_SUB_ID AS ctLnbSubId, CT_LNB_SUB_NAME AS ctLnbSubName, CT_LNB_SUB_URL AS ctLnbSubUrl FROM CT_LNB_SUB WHERE CT_LNB_ID = ? ORDER BY CT_LNB_SUB_IDX
2025-01-10 08:39:05 [http-nio-8080-exec-6] DEBUG org.mybatis.spring.SqlSessionUtils - Creating a new SqlSession
2025-01-10 08:39:05 [http-nio-8080-exec-1] DEBUG org.mybatis.spring.SqlSessionUtils - Creating a new SqlSession
2025-01-10 08:39:05 [http-nio-8080-exec-2] DEBUG c.s.d.m.C.selectLnbSubList - ==> Parameters: CT_LNB_INFORMATION(String)
2025-01-10 08:39:05 [http-nio-8080-exec-6] DEBUG org.mybatis.spring.SqlSessionUtils - SqlSession [org.apache.ibatis.session.defaults.DefaultSqlSession@bb00071] was not registered for synchronization because synchronization is not active
2025-01-10 08:39:05 [http-nio-8080-exec-1] DEBUG org.mybatis.spring.SqlSessionUtils - SqlSession [org.apache.ibatis.session.defaults.DefaultSqlSession@1173b93e] was not registered for synchronization because synchronization is not active
2025-01-10 08:39:05 [http-nio-8080-exec-6] DEBUG o.m.s.t.SpringManagedTransaction - JDBC Connection [HikariProxyConnection@411959764 wrapping com.mysql.cj.jdbc.ConnectionImpl@15b510f0] will not be managed by Spring
2025-01-10 08:39:05 [http-nio-8080-exec-1] DEBUG o.m.s.t.SpringManagedTransaction - JDBC Connection [HikariProxyConnection@607203609 wrapping com.mysql.cj.jdbc.ConnectionImpl@4e855d9] will not be managed by Spring
2025-01-10 08:39:05 [http-nio-8080-exec-6] DEBUG c.s.d.m.C.selectLnbSubList - ==>  Preparing: SELECT CT_LNB_SUB_IDX AS ctLnbSubIdx, CT_LNB_ID AS ctLnbId, CT_LNB_SUB_ID AS ctLnbSubId, CT_LNB_SUB_NAME AS ctLnbSubName, CT_LNB_SUB_URL AS ctLnbSubUrl FROM CT_LNB_SUB WHERE CT_LNB_ID = ? ORDER BY CT_LNB_SUB_IDX
2025-01-10 08:39:05 [http-nio-8080-exec-1] DEBUG c.s.d.m.C.selectLnbSubList - ==>  Preparing: SELECT CT_LNB_SUB_IDX AS ctLnbSubIdx, CT_LNB_ID AS ctLnbId, CT_LNB_SUB_ID AS ctLnbSubId, CT_LNB_SUB_NAME AS ctLnbSubName, CT_LNB_SUB_URL AS ctLnbSubUrl FROM CT_LNB_SUB WHERE CT_LNB_ID = ? ORDER BY CT_LNB_SUB_IDX
2025-01-10 08:39:05 [http-nio-8080-exec-6] DEBUG c.s.d.m.C.selectLnbSubList - ==> Parameters: CT_LNB_CONTACT(String)
2025-01-10 08:39:05 [http-nio-8080-exec-1] DEBUG c.s.d.m.C.selectLnbSubList - ==> Parameters: CT_LNB_SERVICE(String)
2025-01-10 08:39:05 [http-nio-8080-exec-2] DEBUG c.s.d.m.C.selectLnbSubList - <==      Total: 2
2025-01-10 08:39:05 [http-nio-8080-exec-6] DEBUG c.s.d.m.C.selectLnbSubList - <==      Total: 2
2025-01-10 08:39:05 [http-nio-8080-exec-1] DEBUG c.s.d.m.C.selectLnbSubList - <==      Total: 4
2025-01-10 08:39:05 [http-nio-8080-exec-2] DEBUG org.mybatis.spring.SqlSessionUtils - Closing non transactional SqlSession [org.apache.ibatis.session.defaults.DefaultSqlSession@5536a1d9]
2025-01-10 08:39:05 [http-nio-8080-exec-6] DEBUG org.mybatis.spring.SqlSessionUtils - Closing non transactional SqlSession [org.apache.ibatis.session.defaults.DefaultSqlSession@bb00071]
2025-01-10 08:39:05 [http-nio-8080-exec-1] DEBUG org.mybatis.spring.SqlSessionUtils - Closing non transactional SqlSession [org.apache.ibatis.session.defaults.DefaultSqlSession@1173b93e]
2025-01-10 08:39:36 [http-nio-8080-exec-4] WARN  o.t.s.p.AbstractStandardFragmentInsertionTagProcessor - [THYMELEAF][http-nio-8080-exec-4][common/layout/layout] Deprecated unwrapped fragment expression "common/fragments/header::header" found in template common/layout/layout, line 31, col 10. Please use the complete syntax of fragment expressions instead ("~{common/fragments/header::header}"). The old, unwrapped syntax for fragment expressions will be removed in future versions of Thymeleaf.
2025-01-10 08:39:36 [http-nio-8080-exec-4] WARN  o.t.s.p.AbstractStandardFragmentInsertionTagProcessor - [THYMELEAF][http-nio-8080-exec-4][common/layout/layout] Deprecated unwrapped fragment expression "common/fragments/footer::footer" found in template common/layout/layout, line 35, col 10. Please use the complete syntax of fragment expressions instead ("~{common/fragments/footer::footer}"). The old, unwrapped syntax for fragment expressions will be removed in future versions of Thymeleaf.
2025-01-10 08:39:36 [http-nio-8080-exec-4] DEBUG org.mybatis.spring.SqlSessionUtils - Creating a new SqlSession
2025-01-10 08:39:36 [http-nio-8080-exec-4] DEBUG org.mybatis.spring.SqlSessionUtils - SqlSession [org.apache.ibatis.session.defaults.DefaultSqlSession@663c9d5b] was not registered for synchronization because synchronization is not active
2025-01-10 08:39:36 [http-nio-8080-exec-4] DEBUG o.m.s.t.SpringManagedTransaction - JDBC Connection [HikariProxyConnection@567882043 wrapping com.mysql.cj.jdbc.ConnectionImpl@4e855d9] will not be managed by Spring
2025-01-10 08:39:36 [http-nio-8080-exec-4] DEBUG c.s.d.m.CommonMapper.selectLnbList - ==>  Preparing: SELECT CT_LNB_IDX AS ctLnbIdx, CT_LNB_ID AS ctLnbId, CT_LNB_NAME AS ctLnbName, CT_LNB_SUB_YN AS ctLnbSubYn, CT_LNB_URL AS ctLnbUrl, CT_LNB_USE_YN AS ctLnbUseYn FROM CT_LNB WHERE CT_LNB_USE_YN = 'Y' ORDER BY CT_LNB_IDX
2025-01-10 08:39:36 [http-nio-8080-exec-4] DEBUG c.s.d.m.CommonMapper.selectLnbList - ==> Parameters: 
2025-01-10 08:39:36 [http-nio-8080-exec-4] DEBUG c.s.d.m.CommonMapper.selectLnbList - <==      Total: 4
2025-01-10 08:39:36 [http-nio-8080-exec-4] DEBUG org.mybatis.spring.SqlSessionUtils - Closing non transactional SqlSession [org.apache.ibatis.session.defaults.DefaultSqlSession@663c9d5b]
2025-01-10 08:39:36 [http-nio-8080-exec-9] DEBUG org.mybatis.spring.SqlSessionUtils - Creating a new SqlSession
2025-01-10 08:39:36 [http-nio-8080-exec-9] DEBUG org.mybatis.spring.SqlSessionUtils - SqlSession [org.apache.ibatis.session.defaults.DefaultSqlSession@674737a1] was not registered for synchronization because synchronization is not active
2025-01-10 08:39:36 [http-nio-8080-exec-9] DEBUG o.m.s.t.SpringManagedTransaction - JDBC Connection [HikariProxyConnection@218977964 wrapping com.mysql.cj.jdbc.ConnectionImpl@15b510f0] will not be managed by Spring
2025-01-10 08:39:36 [http-nio-8080-exec-9] DEBUG c.s.d.m.CommonMapper.selectLnbList - ==>  Preparing: SELECT CT_LNB_IDX AS ctLnbIdx, CT_LNB_ID AS ctLnbId, CT_LNB_NAME AS ctLnbName, CT_LNB_SUB_YN AS ctLnbSubYn, CT_LNB_URL AS ctLnbUrl, CT_LNB_USE_YN AS ctLnbUseYn FROM CT_LNB WHERE CT_LNB_USE_YN = 'Y' ORDER BY CT_LNB_IDX
2025-01-10 08:39:36 [http-nio-8080-exec-9] DEBUG c.s.d.m.CommonMapper.selectLnbList - ==> Parameters: 
2025-01-10 08:39:36 [http-nio-8080-exec-9] DEBUG c.s.d.m.CommonMapper.selectLnbList - <==      Total: 4
2025-01-10 08:39:36 [http-nio-8080-exec-9] DEBUG org.mybatis.spring.SqlSessionUtils - Closing non transactional SqlSession [org.apache.ibatis.session.defaults.DefaultSqlSession@674737a1]
2025-01-10 08:39:37 [http-nio-8080-exec-3] DEBUG org.mybatis.spring.SqlSessionUtils - Creating a new SqlSession
2025-01-10 08:39:37 [http-nio-8080-exec-3] DEBUG org.mybatis.spring.SqlSessionUtils - SqlSession [org.apache.ibatis.session.defaults.DefaultSqlSession@5b2455d1] was not registered for synchronization because synchronization is not active
2025-01-10 08:39:37 [http-nio-8080-exec-3] DEBUG o.m.s.t.SpringManagedTransaction - JDBC Connection [HikariProxyConnection@1640330808 wrapping com.mysql.cj.jdbc.ConnectionImpl@379120df] will not be managed by Spring
2025-01-10 08:39:37 [http-nio-8080-exec-3] DEBUG c.s.d.m.C.selectLnbSubList - ==>  Preparing: SELECT CT_LNB_SUB_IDX AS ctLnbSubIdx, CT_LNB_ID AS ctLnbId, CT_LNB_SUB_ID AS ctLnbSubId, CT_LNB_SUB_NAME AS ctLnbSubName, CT_LNB_SUB_URL AS ctLnbSubUrl FROM CT_LNB_SUB WHERE CT_LNB_ID = ? ORDER BY CT_LNB_SUB_IDX
2025-01-10 08:39:37 [http-nio-8080-exec-3] DEBUG c.s.d.m.C.selectLnbSubList - ==> Parameters: CT_LNB_INFORMATION(String)
2025-01-10 08:39:37 [http-nio-8080-exec-3] DEBUG c.s.d.m.C.selectLnbSubList - <==      Total: 2
2025-01-10 08:39:37 [http-nio-8080-exec-3] DEBUG org.mybatis.spring.SqlSessionUtils - Closing non transactional SqlSession [org.apache.ibatis.session.defaults.DefaultSqlSession@5b2455d1]
2025-01-10 08:39:37 [http-nio-8080-exec-7] DEBUG org.mybatis.spring.SqlSessionUtils - Creating a new SqlSession
2025-01-10 08:39:37 [http-nio-8080-exec-8] DEBUG org.mybatis.spring.SqlSessionUtils - Creating a new SqlSession
2025-01-10 08:39:37 [http-nio-8080-exec-10] DEBUG org.mybatis.spring.SqlSessionUtils - Creating a new SqlSession
2025-01-10 08:39:37 [http-nio-8080-exec-8] DEBUG org.mybatis.spring.SqlSessionUtils - SqlSession [org.apache.ibatis.session.defaults.DefaultSqlSession@343699f] was not registered for synchronization because synchronization is not active
2025-01-10 08:39:37 [http-nio-8080-exec-7] DEBUG org.mybatis.spring.SqlSessionUtils - SqlSession [org.apache.ibatis.session.defaults.DefaultSqlSession@787e6c76] was not registered for synchronization because synchronization is not active
2025-01-10 08:39:37 [http-nio-8080-exec-10] DEBUG org.mybatis.spring.SqlSessionUtils - SqlSession [org.apache.ibatis.session.defaults.DefaultSqlSession@47ca93c9] was not registered for synchronization because synchronization is not active
2025-01-10 08:39:37 [http-nio-8080-exec-8] DEBUG o.m.s.t.SpringManagedTransaction - JDBC Connection [HikariProxyConnection@1184672503 wrapping com.mysql.cj.jdbc.ConnectionImpl@4e855d9] will not be managed by Spring
2025-01-10 08:39:37 [http-nio-8080-exec-7] DEBUG o.m.s.t.SpringManagedTransaction - JDBC Connection [HikariProxyConnection@2055615095 wrapping com.mysql.cj.jdbc.ConnectionImpl@15b510f0] will not be managed by Spring
2025-01-10 08:39:37 [http-nio-8080-exec-10] DEBUG o.m.s.t.SpringManagedTransaction - JDBC Connection [HikariProxyConnection@849438522 wrapping com.mysql.cj.jdbc.ConnectionImpl@379120df] will not be managed by Spring
2025-01-10 08:39:37 [http-nio-8080-exec-8] DEBUG c.s.d.m.C.selectLnbSubList - ==>  Preparing: SELECT CT_LNB_SUB_IDX AS ctLnbSubIdx, CT_LNB_ID AS ctLnbId, CT_LNB_SUB_ID AS ctLnbSubId, CT_LNB_SUB_NAME AS ctLnbSubName, CT_LNB_SUB_URL AS ctLnbSubUrl FROM CT_LNB_SUB WHERE CT_LNB_ID = ? ORDER BY CT_LNB_SUB_IDX
2025-01-10 08:39:37 [http-nio-8080-exec-7] DEBUG c.s.d.m.C.selectLnbSubList - ==>  Preparing: SELECT CT_LNB_SUB_IDX AS ctLnbSubIdx, CT_LNB_ID AS ctLnbId, CT_LNB_SUB_ID AS ctLnbSubId, CT_LNB_SUB_NAME AS ctLnbSubName, CT_LNB_SUB_URL AS ctLnbSubUrl FROM CT_LNB_SUB WHERE CT_LNB_ID = ? ORDER BY CT_LNB_SUB_IDX
2025-01-10 08:39:37 [http-nio-8080-exec-10] DEBUG c.s.d.m.C.selectLnbSubList - ==>  Preparing: SELECT CT_LNB_SUB_IDX AS ctLnbSubIdx, CT_LNB_ID AS ctLnbId, CT_LNB_SUB_ID AS ctLnbSubId, CT_LNB_SUB_NAME AS ctLnbSubName, CT_LNB_SUB_URL AS ctLnbSubUrl FROM CT_LNB_SUB WHERE CT_LNB_ID = ? ORDER BY CT_LNB_SUB_IDX
2025-01-10 08:39:37 [http-nio-8080-exec-10] DEBUG c.s.d.m.C.selectLnbSubList - ==> Parameters: CT_LNB_CONTACT(String)
2025-01-10 08:39:37 [http-nio-8080-exec-8] DEBUG c.s.d.m.C.selectLnbSubList - ==> Parameters: CT_LNB_SERVICE(String)
2025-01-10 08:39:37 [http-nio-8080-exec-7] DEBUG c.s.d.m.C.selectLnbSubList - ==> Parameters: CT_LNB_INFORMATION(String)
2025-01-10 08:39:37 [http-nio-8080-exec-10] DEBUG c.s.d.m.C.selectLnbSubList - <==      Total: 2
2025-01-10 08:39:37 [http-nio-8080-exec-7] DEBUG c.s.d.m.C.selectLnbSubList - <==      Total: 2
2025-01-10 08:39:37 [http-nio-8080-exec-8] DEBUG c.s.d.m.C.selectLnbSubList - <==      Total: 4
2025-01-10 08:39:37 [http-nio-8080-exec-7] DEBUG org.mybatis.spring.SqlSessionUtils - Closing non transactional SqlSession [org.apache.ibatis.session.defaults.DefaultSqlSession@787e6c76]
2025-01-10 08:39:37 [http-nio-8080-exec-8] DEBUG org.mybatis.spring.SqlSessionUtils - Closing non transactional SqlSession [org.apache.ibatis.session.defaults.DefaultSqlSession@343699f]
2025-01-10 08:39:37 [http-nio-8080-exec-10] DEBUG org.mybatis.spring.SqlSessionUtils - Closing non transactional SqlSession [org.apache.ibatis.session.defaults.DefaultSqlSession@47ca93c9]
2025-01-10 08:39:37 [http-nio-8080-exec-6] DEBUG org.mybatis.spring.SqlSessionUtils - Creating a new SqlSession
2025-01-10 08:39:37 [http-nio-8080-exec-6] DEBUG org.mybatis.spring.SqlSessionUtils - SqlSession [org.apache.ibatis.session.defaults.DefaultSqlSession@2eb2c881] was not registered for synchronization because synchronization is not active
2025-01-10 08:39:37 [http-nio-8080-exec-5] DEBUG org.mybatis.spring.SqlSessionUtils - Creating a new SqlSession
2025-01-10 08:39:37 [http-nio-8080-exec-6] DEBUG o.m.s.t.SpringManagedTransaction - JDBC Connection [HikariProxyConnection@621471406 wrapping com.mysql.cj.jdbc.ConnectionImpl@15b510f0] will not be managed by Spring
2025-01-10 08:39:37 [http-nio-8080-exec-5] DEBUG org.mybatis.spring.SqlSessionUtils - SqlSession [org.apache.ibatis.session.defaults.DefaultSqlSession@16d955f5] was not registered for synchronization because synchronization is not active
2025-01-10 08:39:37 [http-nio-8080-exec-6] DEBUG c.s.d.m.C.selectLnbSubList - ==>  Preparing: SELECT CT_LNB_SUB_IDX AS ctLnbSubIdx, CT_LNB_ID AS ctLnbId, CT_LNB_SUB_ID AS ctLnbSubId, CT_LNB_SUB_NAME AS ctLnbSubName, CT_LNB_SUB_URL AS ctLnbSubUrl FROM CT_LNB_SUB WHERE CT_LNB_ID = ? ORDER BY CT_LNB_SUB_IDX
2025-01-10 08:39:37 [http-nio-8080-exec-5] DEBUG o.m.s.t.SpringManagedTransaction - JDBC Connection [HikariProxyConnection@934415427 wrapping com.mysql.cj.jdbc.ConnectionImpl@4e855d9] will not be managed by Spring
2025-01-10 08:39:37 [http-nio-8080-exec-5] DEBUG c.s.d.m.C.selectLnbSubList - ==>  Preparing: SELECT CT_LNB_SUB_IDX AS ctLnbSubIdx, CT_LNB_ID AS ctLnbId, CT_LNB_SUB_ID AS ctLnbSubId, CT_LNB_SUB_NAME AS ctLnbSubName, CT_LNB_SUB_URL AS ctLnbSubUrl FROM CT_LNB_SUB WHERE CT_LNB_ID = ? ORDER BY CT_LNB_SUB_IDX
2025-01-10 08:39:37 [http-nio-8080-exec-5] DEBUG c.s.d.m.C.selectLnbSubList - ==> Parameters: CT_LNB_SERVICE(String)
2025-01-10 08:39:37 [http-nio-8080-exec-6] DEBUG c.s.d.m.C.selectLnbSubList - ==> Parameters: CT_LNB_CONTACT(String)
2025-01-10 08:39:37 [http-nio-8080-exec-5] DEBUG c.s.d.m.C.selectLnbSubList - <==      Total: 4
2025-01-10 08:39:37 [http-nio-8080-exec-6] DEBUG c.s.d.m.C.selectLnbSubList - <==      Total: 2
2025-01-10 08:39:37 [http-nio-8080-exec-5] DEBUG org.mybatis.spring.SqlSessionUtils - Closing non transactional SqlSession [org.apache.ibatis.session.defaults.DefaultSqlSession@16d955f5]
2025-01-10 08:39:37 [http-nio-8080-exec-6] DEBUG org.mybatis.spring.SqlSessionUtils - Closing non transactional SqlSession [org.apache.ibatis.session.defaults.DefaultSqlSession@2eb2c881]
2025-01-10 08:41:28 [http-nio-8080-exec-8] WARN  o.t.s.p.AbstractStandardFragmentInsertionTagProcessor - [THYMELEAF][http-nio-8080-exec-8][common/layout/layout] Deprecated unwrapped fragment expression "common/fragments/header::header" found in template common/layout/layout, line 31, col 10. Please use the complete syntax of fragment expressions instead ("~{common/fragments/header::header}"). The old, unwrapped syntax for fragment expressions will be removed in future versions of Thymeleaf.
2025-01-10 08:41:28 [http-nio-8080-exec-8] WARN  o.t.s.p.AbstractStandardFragmentInsertionTagProcessor - [THYMELEAF][http-nio-8080-exec-8][common/layout/layout] Deprecated unwrapped fragment expression "common/fragments/footer::footer" found in template common/layout/layout, line 35, col 10. Please use the complete syntax of fragment expressions instead ("~{common/fragments/footer::footer}"). The old, unwrapped syntax for fragment expressions will be removed in future versions of Thymeleaf.
2025-01-10 08:41:28 [http-nio-8080-exec-8] DEBUG org.mybatis.spring.SqlSessionUtils - Creating a new SqlSession
2025-01-10 08:41:28 [http-nio-8080-exec-8] DEBUG org.mybatis.spring.SqlSessionUtils - SqlSession [org.apache.ibatis.session.defaults.DefaultSqlSession@49802df4] was not registered for synchronization because synchronization is not active
2025-01-10 08:41:28 [http-nio-8080-exec-8] DEBUG o.m.s.t.SpringManagedTransaction - JDBC Connection [HikariProxyConnection@448760299 wrapping com.mysql.cj.jdbc.ConnectionImpl@4e855d9] will not be managed by Spring
2025-01-10 08:41:28 [http-nio-8080-exec-8] DEBUG c.s.d.m.CommonMapper.selectLnbList - ==>  Preparing: SELECT CT_LNB_IDX AS ctLnbIdx, CT_LNB_ID AS ctLnbId, CT_LNB_NAME AS ctLnbName, CT_LNB_SUB_YN AS ctLnbSubYn, CT_LNB_URL AS ctLnbUrl, CT_LNB_USE_YN AS ctLnbUseYn FROM CT_LNB WHERE CT_LNB_USE_YN = 'Y' ORDER BY CT_LNB_IDX
2025-01-10 08:41:28 [http-nio-8080-exec-8] DEBUG c.s.d.m.CommonMapper.selectLnbList - ==> Parameters: 
2025-01-10 08:41:28 [http-nio-8080-exec-8] DEBUG c.s.d.m.CommonMapper.selectLnbList - <==      Total: 4
2025-01-10 08:41:28 [http-nio-8080-exec-8] DEBUG org.mybatis.spring.SqlSessionUtils - Closing non transactional SqlSession [org.apache.ibatis.session.defaults.DefaultSqlSession@49802df4]
2025-01-10 08:41:28 [http-nio-8080-exec-10] DEBUG org.mybatis.spring.SqlSessionUtils - Creating a new SqlSession
2025-01-10 08:41:28 [http-nio-8080-exec-10] DEBUG org.mybatis.spring.SqlSessionUtils - SqlSession [org.apache.ibatis.session.defaults.DefaultSqlSession@ccdbbb4] was not registered for synchronization because synchronization is not active
2025-01-10 08:41:28 [http-nio-8080-exec-10] DEBUG o.m.s.t.SpringManagedTransaction - JDBC Connection [HikariProxyConnection@896304544 wrapping com.mysql.cj.jdbc.ConnectionImpl@379120df] will not be managed by Spring
2025-01-10 08:41:28 [http-nio-8080-exec-10] DEBUG c.s.d.m.CommonMapper.selectLnbList - ==>  Preparing: SELECT CT_LNB_IDX AS ctLnbIdx, CT_LNB_ID AS ctLnbId, CT_LNB_NAME AS ctLnbName, CT_LNB_SUB_YN AS ctLnbSubYn, CT_LNB_URL AS ctLnbUrl, CT_LNB_USE_YN AS ctLnbUseYn FROM CT_LNB WHERE CT_LNB_USE_YN = 'Y' ORDER BY CT_LNB_IDX
2025-01-10 08:41:28 [http-nio-8080-exec-10] DEBUG c.s.d.m.CommonMapper.selectLnbList - ==> Parameters: 
2025-01-10 08:41:28 [http-nio-8080-exec-10] DEBUG c.s.d.m.CommonMapper.selectLnbList - <==      Total: 4
2025-01-10 08:41:28 [http-nio-8080-exec-10] DEBUG org.mybatis.spring.SqlSessionUtils - Closing non transactional SqlSession [org.apache.ibatis.session.defaults.DefaultSqlSession@ccdbbb4]
2025-01-10 08:41:28 [http-nio-8080-exec-9] DEBUG org.mybatis.spring.SqlSessionUtils - Creating a new SqlSession
2025-01-10 08:41:28 [http-nio-8080-exec-5] DEBUG org.mybatis.spring.SqlSessionUtils - Creating a new SqlSession
2025-01-10 08:41:28 [http-nio-8080-exec-4] DEBUG org.mybatis.spring.SqlSessionUtils - Creating a new SqlSession
2025-01-10 08:41:28 [http-nio-8080-exec-5] DEBUG org.mybatis.spring.SqlSessionUtils - SqlSession [org.apache.ibatis.session.defaults.DefaultSqlSession@3af02613] was not registered for synchronization because synchronization is not active
2025-01-10 08:41:28 [http-nio-8080-exec-9] DEBUG org.mybatis.spring.SqlSessionUtils - SqlSession [org.apache.ibatis.session.defaults.DefaultSqlSession@3da03981] was not registered for synchronization because synchronization is not active
2025-01-10 08:41:28 [http-nio-8080-exec-4] DEBUG org.mybatis.spring.SqlSessionUtils - SqlSession [org.apache.ibatis.session.defaults.DefaultSqlSession@1dd7c338] was not registered for synchronization because synchronization is not active
2025-01-10 08:41:28 [http-nio-8080-exec-5] DEBUG o.m.s.t.SpringManagedTransaction - JDBC Connection [HikariProxyConnection@495449370 wrapping com.mysql.cj.jdbc.ConnectionImpl@4e855d9] will not be managed by Spring
2025-01-10 08:41:28 [http-nio-8080-exec-4] DEBUG o.m.s.t.SpringManagedTransaction - JDBC Connection [HikariProxyConnection@1970239824 wrapping com.mysql.cj.jdbc.ConnectionImpl@379120df] will not be managed by Spring
2025-01-10 08:41:28 [http-nio-8080-exec-5] DEBUG c.s.d.m.C.selectLnbSubList - ==>  Preparing: SELECT CT_LNB_SUB_IDX AS ctLnbSubIdx, CT_LNB_ID AS ctLnbId, CT_LNB_SUB_ID AS ctLnbSubId, CT_LNB_SUB_NAME AS ctLnbSubName, CT_LNB_SUB_URL AS ctLnbSubUrl FROM CT_LNB_SUB WHERE CT_LNB_ID = ? ORDER BY CT_LNB_SUB_IDX
2025-01-10 08:41:28 [http-nio-8080-exec-4] DEBUG c.s.d.m.C.selectLnbSubList - ==>  Preparing: SELECT CT_LNB_SUB_IDX AS ctLnbSubIdx, CT_LNB_ID AS ctLnbId, CT_LNB_SUB_ID AS ctLnbSubId, CT_LNB_SUB_NAME AS ctLnbSubName, CT_LNB_SUB_URL AS ctLnbSubUrl FROM CT_LNB_SUB WHERE CT_LNB_ID = ? ORDER BY CT_LNB_SUB_IDX
2025-01-10 08:41:28 [http-nio-8080-exec-4] DEBUG c.s.d.m.C.selectLnbSubList - ==> Parameters: CT_LNB_CONTACT(String)
2025-01-10 08:41:28 [http-nio-8080-exec-5] DEBUG c.s.d.m.C.selectLnbSubList - ==> Parameters: CT_LNB_INFORMATION(String)
2025-01-10 08:41:28 [http-nio-8080-exec-9] DEBUG o.m.s.t.SpringManagedTransaction - JDBC Connection [HikariProxyConnection@1526702255 wrapping com.mysql.cj.jdbc.ConnectionImpl@15b510f0] will not be managed by Spring
2025-01-10 08:41:28 [http-nio-8080-exec-9] DEBUG c.s.d.m.C.selectLnbSubList - ==>  Preparing: SELECT CT_LNB_SUB_IDX AS ctLnbSubIdx, CT_LNB_ID AS ctLnbId, CT_LNB_SUB_ID AS ctLnbSubId, CT_LNB_SUB_NAME AS ctLnbSubName, CT_LNB_SUB_URL AS ctLnbSubUrl FROM CT_LNB_SUB WHERE CT_LNB_ID = ? ORDER BY CT_LNB_SUB_IDX
2025-01-10 08:41:28 [http-nio-8080-exec-9] DEBUG c.s.d.m.C.selectLnbSubList - ==> Parameters: CT_LNB_SERVICE(String)
2025-01-10 08:41:28 [http-nio-8080-exec-4] DEBUG c.s.d.m.C.selectLnbSubList - <==      Total: 2
2025-01-10 08:41:28 [http-nio-8080-exec-9] DEBUG c.s.d.m.C.selectLnbSubList - <==      Total: 4
2025-01-10 08:41:28 [http-nio-8080-exec-5] DEBUG c.s.d.m.C.selectLnbSubList - <==      Total: 2
2025-01-10 08:41:28 [http-nio-8080-exec-9] DEBUG org.mybatis.spring.SqlSessionUtils - Closing non transactional SqlSession [org.apache.ibatis.session.defaults.DefaultSqlSession@3da03981]
2025-01-10 08:41:28 [http-nio-8080-exec-4] DEBUG org.mybatis.spring.SqlSessionUtils - Closing non transactional SqlSession [org.apache.ibatis.session.defaults.DefaultSqlSession@1dd7c338]
2025-01-10 08:41:28 [http-nio-8080-exec-5] DEBUG org.mybatis.spring.SqlSessionUtils - Closing non transactional SqlSession [org.apache.ibatis.session.defaults.DefaultSqlSession@3af02613]
2025-01-10 08:41:28 [http-nio-8080-exec-6] DEBUG org.mybatis.spring.SqlSessionUtils - Creating a new SqlSession
2025-01-10 08:41:28 [http-nio-8080-exec-6] DEBUG org.mybatis.spring.SqlSessionUtils - SqlSession [org.apache.ibatis.session.defaults.DefaultSqlSession@58778159] was not registered for synchronization because synchronization is not active
2025-01-10 08:41:28 [http-nio-8080-exec-6] DEBUG o.m.s.t.SpringManagedTransaction - JDBC Connection [HikariProxyConnection@716841839 wrapping com.mysql.cj.jdbc.ConnectionImpl@15b510f0] will not be managed by Spring
2025-01-10 08:41:28 [http-nio-8080-exec-6] DEBUG c.s.d.m.C.selectLnbSubList - ==>  Preparing: SELECT CT_LNB_SUB_IDX AS ctLnbSubIdx, CT_LNB_ID AS ctLnbId, CT_LNB_SUB_ID AS ctLnbSubId, CT_LNB_SUB_NAME AS ctLnbSubName, CT_LNB_SUB_URL AS ctLnbSubUrl FROM CT_LNB_SUB WHERE CT_LNB_ID = ? ORDER BY CT_LNB_SUB_IDX
2025-01-10 08:41:28 [http-nio-8080-exec-2] DEBUG org.mybatis.spring.SqlSessionUtils - Creating a new SqlSession
2025-01-10 08:41:28 [http-nio-8080-exec-3] DEBUG org.mybatis.spring.SqlSessionUtils - Creating a new SqlSession
2025-01-10 08:41:28 [http-nio-8080-exec-2] DEBUG org.mybatis.spring.SqlSessionUtils - SqlSession [org.apache.ibatis.session.defaults.DefaultSqlSession@5f31b41a] was not registered for synchronization because synchronization is not active
2025-01-10 08:41:28 [http-nio-8080-exec-3] DEBUG org.mybatis.spring.SqlSessionUtils - SqlSession [org.apache.ibatis.session.defaults.DefaultSqlSession@6e066c57] was not registered for synchronization because synchronization is not active
2025-01-10 08:41:28 [http-nio-8080-exec-2] DEBUG o.m.s.t.SpringManagedTransaction - JDBC Connection [HikariProxyConnection@285598667 wrapping com.mysql.cj.jdbc.ConnectionImpl@379120df] will not be managed by Spring
2025-01-10 08:41:28 [http-nio-8080-exec-3] DEBUG o.m.s.t.SpringManagedTransaction - JDBC Connection [HikariProxyConnection@607695641 wrapping com.mysql.cj.jdbc.ConnectionImpl@4e855d9] will not be managed by Spring
2025-01-10 08:41:28 [http-nio-8080-exec-6] DEBUG c.s.d.m.C.selectLnbSubList - ==> Parameters: CT_LNB_INFORMATION(String)
2025-01-10 08:41:28 [http-nio-8080-exec-2] DEBUG c.s.d.m.C.selectLnbSubList - ==>  Preparing: SELECT CT_LNB_SUB_IDX AS ctLnbSubIdx, CT_LNB_ID AS ctLnbId, CT_LNB_SUB_ID AS ctLnbSubId, CT_LNB_SUB_NAME AS ctLnbSubName, CT_LNB_SUB_URL AS ctLnbSubUrl FROM CT_LNB_SUB WHERE CT_LNB_ID = ? ORDER BY CT_LNB_SUB_IDX
2025-01-10 08:41:28 [http-nio-8080-exec-3] DEBUG c.s.d.m.C.selectLnbSubList - ==>  Preparing: SELECT CT_LNB_SUB_IDX AS ctLnbSubIdx, CT_LNB_ID AS ctLnbId, CT_LNB_SUB_ID AS ctLnbSubId, CT_LNB_SUB_NAME AS ctLnbSubName, CT_LNB_SUB_URL AS ctLnbSubUrl FROM CT_LNB_SUB WHERE CT_LNB_ID = ? ORDER BY CT_LNB_SUB_IDX
2025-01-10 08:41:28 [http-nio-8080-exec-3] DEBUG c.s.d.m.C.selectLnbSubList - ==> Parameters: CT_LNB_CONTACT(String)
2025-01-10 08:41:28 [http-nio-8080-exec-2] DEBUG c.s.d.m.C.selectLnbSubList - ==> Parameters: CT_LNB_SERVICE(String)
2025-01-10 08:41:28 [http-nio-8080-exec-3] DEBUG c.s.d.m.C.selectLnbSubList - <==      Total: 2
2025-01-10 08:41:28 [http-nio-8080-exec-6] DEBUG c.s.d.m.C.selectLnbSubList - <==      Total: 2
2025-01-10 08:41:28 [http-nio-8080-exec-2] DEBUG c.s.d.m.C.selectLnbSubList - <==      Total: 4
2025-01-10 08:41:28 [http-nio-8080-exec-3] DEBUG org.mybatis.spring.SqlSessionUtils - Closing non transactional SqlSession [org.apache.ibatis.session.defaults.DefaultSqlSession@6e066c57]
2025-01-10 08:41:28 [http-nio-8080-exec-6] DEBUG org.mybatis.spring.SqlSessionUtils - Closing non transactional SqlSession [org.apache.ibatis.session.defaults.DefaultSqlSession@58778159]
2025-01-10 08:41:28 [http-nio-8080-exec-2] DEBUG org.mybatis.spring.SqlSessionUtils - Closing non transactional SqlSession [org.apache.ibatis.session.defaults.DefaultSqlSession@5f31b41a]
2025-01-10 08:42:12 [http-nio-8080-exec-1] WARN  o.t.s.p.AbstractStandardFragmentInsertionTagProcessor - [THYMELEAF][http-nio-8080-exec-1][common/layout/layout] Deprecated unwrapped fragment expression "common/fragments/header::header" found in template common/layout/layout, line 31, col 10. Please use the complete syntax of fragment expressions instead ("~{common/fragments/header::header}"). The old, unwrapped syntax for fragment expressions will be removed in future versions of Thymeleaf.
2025-01-10 08:42:12 [http-nio-8080-exec-1] WARN  o.t.s.p.AbstractStandardFragmentInsertionTagProcessor - [THYMELEAF][http-nio-8080-exec-1][common/layout/layout] Deprecated unwrapped fragment expression "common/fragments/footer::footer" found in template common/layout/layout, line 35, col 10. Please use the complete syntax of fragment expressions instead ("~{common/fragments/footer::footer}"). The old, unwrapped syntax for fragment expressions will be removed in future versions of Thymeleaf.
2025-01-10 08:42:12 [http-nio-8080-exec-1] DEBUG org.mybatis.spring.SqlSessionUtils - Creating a new SqlSession
2025-01-10 08:42:12 [http-nio-8080-exec-1] DEBUG org.mybatis.spring.SqlSessionUtils - SqlSession [org.apache.ibatis.session.defaults.DefaultSqlSession@3d1c1a1c] was not registered for synchronization because synchronization is not active
2025-01-10 08:42:12 [http-nio-8080-exec-1] DEBUG o.m.s.t.SpringManagedTransaction - JDBC Connection [HikariProxyConnection@891374522 wrapping com.mysql.cj.jdbc.ConnectionImpl@4e855d9] will not be managed by Spring
2025-01-10 08:42:12 [http-nio-8080-exec-1] DEBUG c.s.d.m.CommonMapper.selectLnbList - ==>  Preparing: SELECT CT_LNB_IDX AS ctLnbIdx, CT_LNB_ID AS ctLnbId, CT_LNB_NAME AS ctLnbName, CT_LNB_SUB_YN AS ctLnbSubYn, CT_LNB_URL AS ctLnbUrl, CT_LNB_USE_YN AS ctLnbUseYn FROM CT_LNB WHERE CT_LNB_USE_YN = 'Y' ORDER BY CT_LNB_IDX
2025-01-10 08:42:12 [http-nio-8080-exec-1] DEBUG c.s.d.m.CommonMapper.selectLnbList - ==> Parameters: 
2025-01-10 08:42:12 [http-nio-8080-exec-1] DEBUG c.s.d.m.CommonMapper.selectLnbList - <==      Total: 4
2025-01-10 08:42:12 [http-nio-8080-exec-1] DEBUG org.mybatis.spring.SqlSessionUtils - Closing non transactional SqlSession [org.apache.ibatis.session.defaults.DefaultSqlSession@3d1c1a1c]
2025-01-10 08:42:12 [http-nio-8080-exec-7] DEBUG org.mybatis.spring.SqlSessionUtils - Creating a new SqlSession
2025-01-10 08:42:12 [http-nio-8080-exec-7] DEBUG org.mybatis.spring.SqlSessionUtils - SqlSession [org.apache.ibatis.session.defaults.DefaultSqlSession@1517fc5c] was not registered for synchronization because synchronization is not active
2025-01-10 08:42:12 [http-nio-8080-exec-7] DEBUG o.m.s.t.SpringManagedTransaction - JDBC Connection [HikariProxyConnection@1926125313 wrapping com.mysql.cj.jdbc.ConnectionImpl@15b510f0] will not be managed by Spring
2025-01-10 08:42:12 [http-nio-8080-exec-7] DEBUG c.s.d.m.CommonMapper.selectLnbList - ==>  Preparing: SELECT CT_LNB_IDX AS ctLnbIdx, CT_LNB_ID AS ctLnbId, CT_LNB_NAME AS ctLnbName, CT_LNB_SUB_YN AS ctLnbSubYn, CT_LNB_URL AS ctLnbUrl, CT_LNB_USE_YN AS ctLnbUseYn FROM CT_LNB WHERE CT_LNB_USE_YN = 'Y' ORDER BY CT_LNB_IDX
2025-01-10 08:42:12 [http-nio-8080-exec-7] DEBUG c.s.d.m.CommonMapper.selectLnbList - ==> Parameters: 
2025-01-10 08:42:12 [http-nio-8080-exec-7] DEBUG c.s.d.m.CommonMapper.selectLnbList - <==      Total: 4
2025-01-10 08:42:12 [http-nio-8080-exec-7] DEBUG org.mybatis.spring.SqlSessionUtils - Closing non transactional SqlSession [org.apache.ibatis.session.defaults.DefaultSqlSession@1517fc5c]
2025-01-10 08:42:12 [http-nio-8080-exec-8] DEBUG org.mybatis.spring.SqlSessionUtils - Creating a new SqlSession
2025-01-10 08:42:12 [http-nio-8080-exec-8] DEBUG org.mybatis.spring.SqlSessionUtils - SqlSession [org.apache.ibatis.session.defaults.DefaultSqlSession@77bc5275] was not registered for synchronization because synchronization is not active
2025-01-10 08:42:12 [http-nio-8080-exec-8] DEBUG o.m.s.t.SpringManagedTransaction - JDBC Connection [HikariProxyConnection@296385976 wrapping com.mysql.cj.jdbc.ConnectionImpl@4e855d9] will not be managed by Spring
2025-01-10 08:42:12 [http-nio-8080-exec-8] DEBUG c.s.d.m.C.selectLnbSubList - ==>  Preparing: SELECT CT_LNB_SUB_IDX AS ctLnbSubIdx, CT_LNB_ID AS ctLnbId, CT_LNB_SUB_ID AS ctLnbSubId, CT_LNB_SUB_NAME AS ctLnbSubName, CT_LNB_SUB_URL AS ctLnbSubUrl FROM CT_LNB_SUB WHERE CT_LNB_ID = ? ORDER BY CT_LNB_SUB_IDX
2025-01-10 08:42:12 [http-nio-8080-exec-10] DEBUG org.mybatis.spring.SqlSessionUtils - Creating a new SqlSession
2025-01-10 08:42:12 [http-nio-8080-exec-9] DEBUG org.mybatis.spring.SqlSessionUtils - Creating a new SqlSession
2025-01-10 08:42:12 [http-nio-8080-exec-10] DEBUG org.mybatis.spring.SqlSessionUtils - SqlSession [org.apache.ibatis.session.defaults.DefaultSqlSession@15342be2] was not registered for synchronization because synchronization is not active
2025-01-10 08:42:12 [http-nio-8080-exec-9] DEBUG org.mybatis.spring.SqlSessionUtils - SqlSession [org.apache.ibatis.session.defaults.DefaultSqlSession@5cd523d8] was not registered for synchronization because synchronization is not active
2025-01-10 08:42:12 [http-nio-8080-exec-8] DEBUG c.s.d.m.C.selectLnbSubList - ==> Parameters: CT_LNB_INFORMATION(String)
2025-01-10 08:42:12 [http-nio-8080-exec-9] DEBUG o.m.s.t.SpringManagedTransaction - JDBC Connection [HikariProxyConnection@2072517173 wrapping com.mysql.cj.jdbc.ConnectionImpl@15b510f0] will not be managed by Spring
2025-01-10 08:42:12 [http-nio-8080-exec-9] DEBUG c.s.d.m.C.selectLnbSubList - ==>  Preparing: SELECT CT_LNB_SUB_IDX AS ctLnbSubIdx, CT_LNB_ID AS ctLnbId, CT_LNB_SUB_ID AS ctLnbSubId, CT_LNB_SUB_NAME AS ctLnbSubName, CT_LNB_SUB_URL AS ctLnbSubUrl FROM CT_LNB_SUB WHERE CT_LNB_ID = ? ORDER BY CT_LNB_SUB_IDX
2025-01-10 08:42:12 [http-nio-8080-exec-9] DEBUG c.s.d.m.C.selectLnbSubList - ==> Parameters: CT_LNB_CONTACT(String)
2025-01-10 08:42:12 [http-nio-8080-exec-10] DEBUG o.m.s.t.SpringManagedTransaction - JDBC Connection [HikariProxyConnection@1151659361 wrapping com.mysql.cj.jdbc.ConnectionImpl@379120df] will not be managed by Spring
2025-01-10 08:42:12 [http-nio-8080-exec-10] DEBUG c.s.d.m.C.selectLnbSubList - ==>  Preparing: SELECT CT_LNB_SUB_IDX AS ctLnbSubIdx, CT_LNB_ID AS ctLnbId, CT_LNB_SUB_ID AS ctLnbSubId, CT_LNB_SUB_NAME AS ctLnbSubName, CT_LNB_SUB_URL AS ctLnbSubUrl FROM CT_LNB_SUB WHERE CT_LNB_ID = ? ORDER BY CT_LNB_SUB_IDX
2025-01-10 08:42:12 [http-nio-8080-exec-10] DEBUG c.s.d.m.C.selectLnbSubList - ==> Parameters: CT_LNB_SERVICE(String)
2025-01-10 08:42:12 [http-nio-8080-exec-9] DEBUG c.s.d.m.C.selectLnbSubList - <==      Total: 2
2025-01-10 08:42:12 [http-nio-8080-exec-8] DEBUG c.s.d.m.C.selectLnbSubList - <==      Total: 2
2025-01-10 08:42:12 [http-nio-8080-exec-8] DEBUG org.mybatis.spring.SqlSessionUtils - Closing non transactional SqlSession [org.apache.ibatis.session.defaults.DefaultSqlSession@77bc5275]
2025-01-10 08:42:12 [http-nio-8080-exec-9] DEBUG org.mybatis.spring.SqlSessionUtils - Closing non transactional SqlSession [org.apache.ibatis.session.defaults.DefaultSqlSession@5cd523d8]
2025-01-10 08:42:12 [http-nio-8080-exec-10] DEBUG c.s.d.m.C.selectLnbSubList - <==      Total: 4
2025-01-10 08:42:12 [http-nio-8080-exec-10] DEBUG org.mybatis.spring.SqlSessionUtils - Closing non transactional SqlSession [org.apache.ibatis.session.defaults.DefaultSqlSession@15342be2]
2025-01-10 08:42:12 [http-nio-8080-exec-5] DEBUG org.mybatis.spring.SqlSessionUtils - Creating a new SqlSession
2025-01-10 08:42:12 [http-nio-8080-exec-4] DEBUG org.mybatis.spring.SqlSessionUtils - Creating a new SqlSession
2025-01-10 08:42:12 [http-nio-8080-exec-5] DEBUG org.mybatis.spring.SqlSessionUtils - SqlSession [org.apache.ibatis.session.defaults.DefaultSqlSession@5a8f1786] was not registered for synchronization because synchronization is not active
2025-01-10 08:42:12 [http-nio-8080-exec-4] DEBUG org.mybatis.spring.SqlSessionUtils - SqlSession [org.apache.ibatis.session.defaults.DefaultSqlSession@683d901d] was not registered for synchronization because synchronization is not active
2025-01-10 08:42:12 [http-nio-8080-exec-2] DEBUG org.mybatis.spring.SqlSessionUtils - Creating a new SqlSession
2025-01-10 08:42:12 [http-nio-8080-exec-2] DEBUG org.mybatis.spring.SqlSessionUtils - SqlSession [org.apache.ibatis.session.defaults.DefaultSqlSession@61d535e1] was not registered for synchronization because synchronization is not active
2025-01-10 08:42:12 [http-nio-8080-exec-5] DEBUG o.m.s.t.SpringManagedTransaction - JDBC Connection [HikariProxyConnection@2021791464 wrapping com.mysql.cj.jdbc.ConnectionImpl@4e855d9] will not be managed by Spring
2025-01-10 08:42:12 [http-nio-8080-exec-4] DEBUG o.m.s.t.SpringManagedTransaction - JDBC Connection [HikariProxyConnection@1712767411 wrapping com.mysql.cj.jdbc.ConnectionImpl@379120df] will not be managed by Spring
2025-01-10 08:42:12 [http-nio-8080-exec-2] DEBUG o.m.s.t.SpringManagedTransaction - JDBC Connection [HikariProxyConnection@1601214891 wrapping com.mysql.cj.jdbc.ConnectionImpl@15b510f0] will not be managed by Spring
2025-01-10 08:42:12 [http-nio-8080-exec-4] DEBUG c.s.d.m.C.selectLnbSubList - ==>  Preparing: SELECT CT_LNB_SUB_IDX AS ctLnbSubIdx, CT_LNB_ID AS ctLnbId, CT_LNB_SUB_ID AS ctLnbSubId, CT_LNB_SUB_NAME AS ctLnbSubName, CT_LNB_SUB_URL AS ctLnbSubUrl FROM CT_LNB_SUB WHERE CT_LNB_ID = ? ORDER BY CT_LNB_SUB_IDX
2025-01-10 08:42:12 [http-nio-8080-exec-5] DEBUG c.s.d.m.C.selectLnbSubList - ==>  Preparing: SELECT CT_LNB_SUB_IDX AS ctLnbSubIdx, CT_LNB_ID AS ctLnbId, CT_LNB_SUB_ID AS ctLnbSubId, CT_LNB_SUB_NAME AS ctLnbSubName, CT_LNB_SUB_URL AS ctLnbSubUrl FROM CT_LNB_SUB WHERE CT_LNB_ID = ? ORDER BY CT_LNB_SUB_IDX
2025-01-10 08:42:12 [http-nio-8080-exec-2] DEBUG c.s.d.m.C.selectLnbSubList - ==>  Preparing: SELECT CT_LNB_SUB_IDX AS ctLnbSubIdx, CT_LNB_ID AS ctLnbId, CT_LNB_SUB_ID AS ctLnbSubId, CT_LNB_SUB_NAME AS ctLnbSubName, CT_LNB_SUB_URL AS ctLnbSubUrl FROM CT_LNB_SUB WHERE CT_LNB_ID = ? ORDER BY CT_LNB_SUB_IDX
2025-01-10 08:42:12 [http-nio-8080-exec-5] DEBUG c.s.d.m.C.selectLnbSubList - ==> Parameters: CT_LNB_CONTACT(String)
2025-01-10 08:42:12 [http-nio-8080-exec-4] DEBUG c.s.d.m.C.selectLnbSubList - ==> Parameters: CT_LNB_INFORMATION(String)
2025-01-10 08:42:12 [http-nio-8080-exec-2] DEBUG c.s.d.m.C.selectLnbSubList - ==> Parameters: CT_LNB_SERVICE(String)
2025-01-10 08:42:12 [http-nio-8080-exec-5] DEBUG c.s.d.m.C.selectLnbSubList - <==      Total: 2
2025-01-10 08:42:12 [http-nio-8080-exec-4] DEBUG c.s.d.m.C.selectLnbSubList - <==      Total: 2
2025-01-10 08:42:12 [http-nio-8080-exec-2] DEBUG c.s.d.m.C.selectLnbSubList - <==      Total: 4
2025-01-10 08:42:12 [http-nio-8080-exec-4] DEBUG org.mybatis.spring.SqlSessionUtils - Closing non transactional SqlSession [org.apache.ibatis.session.defaults.DefaultSqlSession@683d901d]
2025-01-10 08:42:12 [http-nio-8080-exec-5] DEBUG org.mybatis.spring.SqlSessionUtils - Closing non transactional SqlSession [org.apache.ibatis.session.defaults.DefaultSqlSession@5a8f1786]
2025-01-10 08:42:12 [http-nio-8080-exec-2] DEBUG org.mybatis.spring.SqlSessionUtils - Closing non transactional SqlSession [org.apache.ibatis.session.defaults.DefaultSqlSession@61d535e1]
2025-01-10 08:42:21 [http-nio-8080-exec-6] WARN  o.t.s.p.AbstractStandardFragmentInsertionTagProcessor - [THYMELEAF][http-nio-8080-exec-6][common/layout/layout] Deprecated unwrapped fragment expression "common/fragments/header::header" found in template common/layout/layout, line 31, col 10. Please use the complete syntax of fragment expressions instead ("~{common/fragments/header::header}"). The old, unwrapped syntax for fragment expressions will be removed in future versions of Thymeleaf.
2025-01-10 08:42:21 [http-nio-8080-exec-6] WARN  o.t.s.p.AbstractStandardFragmentInsertionTagProcessor - [THYMELEAF][http-nio-8080-exec-6][common/layout/layout] Deprecated unwrapped fragment expression "common/fragments/footer::footer" found in template common/layout/layout, line 35, col 10. Please use the complete syntax of fragment expressions instead ("~{common/fragments/footer::footer}"). The old, unwrapped syntax for fragment expressions will be removed in future versions of Thymeleaf.
2025-01-10 08:42:22 [http-nio-8080-exec-6] DEBUG org.mybatis.spring.SqlSessionUtils - Creating a new SqlSession
2025-01-10 08:42:22 [http-nio-8080-exec-6] DEBUG org.mybatis.spring.SqlSessionUtils - SqlSession [org.apache.ibatis.session.defaults.DefaultSqlSession@276be7bf] was not registered for synchronization because synchronization is not active
2025-01-10 08:42:22 [http-nio-8080-exec-6] DEBUG o.m.s.t.SpringManagedTransaction - JDBC Connection [HikariProxyConnection@62028488 wrapping com.mysql.cj.jdbc.ConnectionImpl@15b510f0] will not be managed by Spring
2025-01-10 08:42:22 [http-nio-8080-exec-6] DEBUG c.s.d.m.CommonMapper.selectLnbList - ==>  Preparing: SELECT CT_LNB_IDX AS ctLnbIdx, CT_LNB_ID AS ctLnbId, CT_LNB_NAME AS ctLnbName, CT_LNB_SUB_YN AS ctLnbSubYn, CT_LNB_URL AS ctLnbUrl, CT_LNB_USE_YN AS ctLnbUseYn FROM CT_LNB WHERE CT_LNB_USE_YN = 'Y' ORDER BY CT_LNB_IDX
2025-01-10 08:42:22 [http-nio-8080-exec-6] DEBUG c.s.d.m.CommonMapper.selectLnbList - ==> Parameters: 
2025-01-10 08:42:22 [http-nio-8080-exec-6] DEBUG c.s.d.m.CommonMapper.selectLnbList - <==      Total: 4
2025-01-10 08:42:22 [http-nio-8080-exec-6] DEBUG org.mybatis.spring.SqlSessionUtils - Closing non transactional SqlSession [org.apache.ibatis.session.defaults.DefaultSqlSession@276be7bf]
2025-01-10 08:42:22 [http-nio-8080-exec-1] DEBUG org.mybatis.spring.SqlSessionUtils - Creating a new SqlSession
2025-01-10 08:42:22 [http-nio-8080-exec-1] DEBUG org.mybatis.spring.SqlSessionUtils - SqlSession [org.apache.ibatis.session.defaults.DefaultSqlSession@2885c983] was not registered for synchronization because synchronization is not active
2025-01-10 08:42:22 [http-nio-8080-exec-1] DEBUG o.m.s.t.SpringManagedTransaction - JDBC Connection [HikariProxyConnection@390474674 wrapping com.mysql.cj.jdbc.ConnectionImpl@4e855d9] will not be managed by Spring
2025-01-10 08:42:22 [http-nio-8080-exec-1] DEBUG c.s.d.m.CommonMapper.selectLnbList - ==>  Preparing: SELECT CT_LNB_IDX AS ctLnbIdx, CT_LNB_ID AS ctLnbId, CT_LNB_NAME AS ctLnbName, CT_LNB_SUB_YN AS ctLnbSubYn, CT_LNB_URL AS ctLnbUrl, CT_LNB_USE_YN AS ctLnbUseYn FROM CT_LNB WHERE CT_LNB_USE_YN = 'Y' ORDER BY CT_LNB_IDX
2025-01-10 08:42:22 [http-nio-8080-exec-1] DEBUG c.s.d.m.CommonMapper.selectLnbList - ==> Parameters: 
2025-01-10 08:42:22 [http-nio-8080-exec-1] DEBUG c.s.d.m.CommonMapper.selectLnbList - <==      Total: 4
2025-01-10 08:42:22 [http-nio-8080-exec-1] DEBUG org.mybatis.spring.SqlSessionUtils - Closing non transactional SqlSession [org.apache.ibatis.session.defaults.DefaultSqlSession@2885c983]
2025-01-10 08:42:22 [http-nio-8080-exec-3] DEBUG org.mybatis.spring.SqlSessionUtils - Creating a new SqlSession
2025-01-10 08:42:22 [http-nio-8080-exec-7] DEBUG org.mybatis.spring.SqlSessionUtils - Creating a new SqlSession
2025-01-10 08:42:22 [http-nio-8080-exec-3] DEBUG org.mybatis.spring.SqlSessionUtils - SqlSession [org.apache.ibatis.session.defaults.DefaultSqlSession@12d669ae] was not registered for synchronization because synchronization is not active
2025-01-10 08:42:22 [http-nio-8080-exec-8] DEBUG org.mybatis.spring.SqlSessionUtils - Creating a new SqlSession
2025-01-10 08:42:22 [http-nio-8080-exec-7] DEBUG org.mybatis.spring.SqlSessionUtils - SqlSession [org.apache.ibatis.session.defaults.DefaultSqlSession@65e23fe9] was not registered for synchronization because synchronization is not active
2025-01-10 08:42:22 [http-nio-8080-exec-8] DEBUG org.mybatis.spring.SqlSessionUtils - SqlSession [org.apache.ibatis.session.defaults.DefaultSqlSession@41f88a90] was not registered for synchronization because synchronization is not active
2025-01-10 08:42:22 [http-nio-8080-exec-3] DEBUG o.m.s.t.SpringManagedTransaction - JDBC Connection [HikariProxyConnection@1136242519 wrapping com.mysql.cj.jdbc.ConnectionImpl@4e855d9] will not be managed by Spring
2025-01-10 08:42:22 [http-nio-8080-exec-7] DEBUG o.m.s.t.SpringManagedTransaction - JDBC Connection [HikariProxyConnection@1704204811 wrapping com.mysql.cj.jdbc.ConnectionImpl@15b510f0] will not be managed by Spring
2025-01-10 08:42:22 [http-nio-8080-exec-3] DEBUG c.s.d.m.C.selectLnbSubList - ==>  Preparing: SELECT CT_LNB_SUB_IDX AS ctLnbSubIdx, CT_LNB_ID AS ctLnbId, CT_LNB_SUB_ID AS ctLnbSubId, CT_LNB_SUB_NAME AS ctLnbSubName, CT_LNB_SUB_URL AS ctLnbSubUrl FROM CT_LNB_SUB WHERE CT_LNB_ID = ? ORDER BY CT_LNB_SUB_IDX
2025-01-10 08:42:22 [http-nio-8080-exec-7] DEBUG c.s.d.m.C.selectLnbSubList - ==>  Preparing: SELECT CT_LNB_SUB_IDX AS ctLnbSubIdx, CT_LNB_ID AS ctLnbId, CT_LNB_SUB_ID AS ctLnbSubId, CT_LNB_SUB_NAME AS ctLnbSubName, CT_LNB_SUB_URL AS ctLnbSubUrl FROM CT_LNB_SUB WHERE CT_LNB_ID = ? ORDER BY CT_LNB_SUB_IDX
2025-01-10 08:42:22 [http-nio-8080-exec-3] DEBUG c.s.d.m.C.selectLnbSubList - ==> Parameters: CT_LNB_INFORMATION(String)
2025-01-10 08:42:22 [http-nio-8080-exec-7] DEBUG c.s.d.m.C.selectLnbSubList - ==> Parameters: CT_LNB_SERVICE(String)
2025-01-10 08:42:22 [http-nio-8080-exec-8] DEBUG o.m.s.t.SpringManagedTransaction - JDBC Connection [HikariProxyConnection@58550442 wrapping com.mysql.cj.jdbc.ConnectionImpl@379120df] will not be managed by Spring
2025-01-10 08:42:22 [http-nio-8080-exec-8] DEBUG c.s.d.m.C.selectLnbSubList - ==>  Preparing: SELECT CT_LNB_SUB_IDX AS ctLnbSubIdx, CT_LNB_ID AS ctLnbId, CT_LNB_SUB_ID AS ctLnbSubId, CT_LNB_SUB_NAME AS ctLnbSubName, CT_LNB_SUB_URL AS ctLnbSubUrl FROM CT_LNB_SUB WHERE CT_LNB_ID = ? ORDER BY CT_LNB_SUB_IDX
2025-01-10 08:42:22 [http-nio-8080-exec-8] DEBUG c.s.d.m.C.selectLnbSubList - ==> Parameters: CT_LNB_CONTACT(String)
2025-01-10 08:42:22 [http-nio-8080-exec-3] DEBUG c.s.d.m.C.selectLnbSubList - <==      Total: 2
2025-01-10 08:42:22 [http-nio-8080-exec-7] DEBUG c.s.d.m.C.selectLnbSubList - <==      Total: 4
2025-01-10 08:42:22 [http-nio-8080-exec-8] DEBUG c.s.d.m.C.selectLnbSubList - <==      Total: 2
2025-01-10 08:42:22 [http-nio-8080-exec-3] DEBUG org.mybatis.spring.SqlSessionUtils - Closing non transactional SqlSession [org.apache.ibatis.session.defaults.DefaultSqlSession@12d669ae]
2025-01-10 08:42:22 [http-nio-8080-exec-8] DEBUG org.mybatis.spring.SqlSessionUtils - Closing non transactional SqlSession [org.apache.ibatis.session.defaults.DefaultSqlSession@41f88a90]
2025-01-10 08:42:22 [http-nio-8080-exec-7] DEBUG org.mybatis.spring.SqlSessionUtils - Closing non transactional SqlSession [org.apache.ibatis.session.defaults.DefaultSqlSession@65e23fe9]
2025-01-10 08:42:22 [http-nio-8080-exec-9] DEBUG org.mybatis.spring.SqlSessionUtils - Creating a new SqlSession
2025-01-10 08:42:22 [http-nio-8080-exec-9] DEBUG org.mybatis.spring.SqlSessionUtils - SqlSession [org.apache.ibatis.session.defaults.DefaultSqlSession@52765b08] was not registered for synchronization because synchronization is not active
2025-01-10 08:42:22 [http-nio-8080-exec-9] DEBUG o.m.s.t.SpringManagedTransaction - JDBC Connection [HikariProxyConnection@1762962113 wrapping com.mysql.cj.jdbc.ConnectionImpl@15b510f0] will not be managed by Spring
2025-01-10 08:42:22 [http-nio-8080-exec-9] DEBUG c.s.d.m.C.selectLnbSubList - ==>  Preparing: SELECT CT_LNB_SUB_IDX AS ctLnbSubIdx, CT_LNB_ID AS ctLnbId, CT_LNB_SUB_ID AS ctLnbSubId, CT_LNB_SUB_NAME AS ctLnbSubName, CT_LNB_SUB_URL AS ctLnbSubUrl FROM CT_LNB_SUB WHERE CT_LNB_ID = ? ORDER BY CT_LNB_SUB_IDX
2025-01-10 08:42:22 [http-nio-8080-exec-9] DEBUG c.s.d.m.C.selectLnbSubList - ==> Parameters: CT_LNB_INFORMATION(String)
2025-01-10 08:42:22 [http-nio-8080-exec-10] DEBUG org.mybatis.spring.SqlSessionUtils - Creating a new SqlSession
2025-01-10 08:42:22 [http-nio-8080-exec-10] DEBUG org.mybatis.spring.SqlSessionUtils - SqlSession [org.apache.ibatis.session.defaults.DefaultSqlSession@4b7ed04e] was not registered for synchronization because synchronization is not active
2025-01-10 08:42:22 [http-nio-8080-exec-10] DEBUG o.m.s.t.SpringManagedTransaction - JDBC Connection [HikariProxyConnection@676520869 wrapping com.mysql.cj.jdbc.ConnectionImpl@379120df] will not be managed by Spring
2025-01-10 08:42:22 [http-nio-8080-exec-2] DEBUG org.mybatis.spring.SqlSessionUtils - Creating a new SqlSession
2025-01-10 08:42:22 [http-nio-8080-exec-10] DEBUG c.s.d.m.C.selectLnbSubList - ==>  Preparing: SELECT CT_LNB_SUB_IDX AS ctLnbSubIdx, CT_LNB_ID AS ctLnbId, CT_LNB_SUB_ID AS ctLnbSubId, CT_LNB_SUB_NAME AS ctLnbSubName, CT_LNB_SUB_URL AS ctLnbSubUrl FROM CT_LNB_SUB WHERE CT_LNB_ID = ? ORDER BY CT_LNB_SUB_IDX
2025-01-10 08:42:22 [http-nio-8080-exec-2] DEBUG org.mybatis.spring.SqlSessionUtils - SqlSession [org.apache.ibatis.session.defaults.DefaultSqlSession@2af10bfb] was not registered for synchronization because synchronization is not active
2025-01-10 08:42:22 [http-nio-8080-exec-2] DEBUG o.m.s.t.SpringManagedTransaction - JDBC Connection [HikariProxyConnection@1897358031 wrapping com.mysql.cj.jdbc.ConnectionImpl@4e855d9] will not be managed by Spring
2025-01-10 08:42:22 [http-nio-8080-exec-2] DEBUG c.s.d.m.C.selectLnbSubList - ==>  Preparing: SELECT CT_LNB_SUB_IDX AS ctLnbSubIdx, CT_LNB_ID AS ctLnbId, CT_LNB_SUB_ID AS ctLnbSubId, CT_LNB_SUB_NAME AS ctLnbSubName, CT_LNB_SUB_URL AS ctLnbSubUrl FROM CT_LNB_SUB WHERE CT_LNB_ID = ? ORDER BY CT_LNB_SUB_IDX
2025-01-10 08:42:22 [http-nio-8080-exec-10] DEBUG c.s.d.m.C.selectLnbSubList - ==> Parameters: CT_LNB_SERVICE(String)
2025-01-10 08:42:22 [http-nio-8080-exec-2] DEBUG c.s.d.m.C.selectLnbSubList - ==> Parameters: CT_LNB_CONTACT(String)
2025-01-10 08:42:22 [http-nio-8080-exec-9] DEBUG c.s.d.m.C.selectLnbSubList - <==      Total: 2
2025-01-10 08:42:22 [http-nio-8080-exec-10] DEBUG c.s.d.m.C.selectLnbSubList - <==      Total: 4
2025-01-10 08:42:22 [http-nio-8080-exec-10] DEBUG org.mybatis.spring.SqlSessionUtils - Closing non transactional SqlSession [org.apache.ibatis.session.defaults.DefaultSqlSession@4b7ed04e]
2025-01-10 08:42:22 [http-nio-8080-exec-9] DEBUG org.mybatis.spring.SqlSessionUtils - Closing non transactional SqlSession [org.apache.ibatis.session.defaults.DefaultSqlSession@52765b08]
2025-01-10 08:42:22 [http-nio-8080-exec-2] DEBUG c.s.d.m.C.selectLnbSubList - <==      Total: 2
2025-01-10 08:42:22 [http-nio-8080-exec-2] DEBUG org.mybatis.spring.SqlSessionUtils - Closing non transactional SqlSession [org.apache.ibatis.session.defaults.DefaultSqlSession@2af10bfb]
2025-01-10 08:42:59 [RMI TCP Connection(64)-127.0.0.1] INFO  o.s.b.a.SpringApplicationAdminMXBeanRegistrar$SpringApplicationAdmin - Application shutdown requested.
2025-01-10 08:42:59 [RMI TCP Connection(64)-127.0.0.1] INFO  o.s.b.w.e.tomcat.GracefulShutdown - Commencing graceful shutdown. Waiting for active requests to complete
2025-01-10 08:42:59 [tomcat-shutdown] INFO  o.a.coyote.http11.Http11NioProtocol - Pausing ProtocolHandler ["http-nio-8080"]
2025-01-10 08:42:59 [tomcat-shutdown] INFO  o.s.b.w.e.tomcat.GracefulShutdown - Graceful shutdown complete
2025-01-10 08:42:59 [RMI TCP Connection(64)-127.0.0.1] INFO  o.a.coyote.http11.Http11NioProtocol - Stopping ProtocolHandler ["http-nio-8080"]
2025-01-10 08:42:59 [RMI TCP Connection(64)-127.0.0.1] INFO  com.zaxxer.hikari.HikariDataSource - HikariPool-1 - Shutdown initiated...
2025-01-10 08:42:59 [RMI TCP Connection(64)-127.0.0.1] INFO  com.zaxxer.hikari.HikariDataSource - HikariPool-1 - Shutdown completed.
2025-01-10 21:08:46 [restartedMain] INFO  c.s.devspring.DevspringApplication - Starting DevspringApplication using Java 17.0.12 with PID 3164 (D:\Spring\sts-4.4\workspace\devspring\bin\main started by aatjx in D:\Spring\sts-4.4\workspace\devspring)
2025-01-10 21:08:46 [restartedMain] INFO  c.s.devspring.DevspringApplication - No active profile set, falling back to 1 default profile: "default"
2025-01-10 21:08:46 [restartedMain] INFO  o.s.b.d.e.DevToolsPropertyDefaultsPostProcessor - Devtools property defaults active! Set 'spring.devtools.add-properties' to 'false' to disable
2025-01-10 21:08:46 [restartedMain] INFO  o.s.b.d.e.DevToolsPropertyDefaultsPostProcessor - For additional web related logging consider setting the 'logging.level.web' property to 'DEBUG'
2025-01-10 21:08:46 [restartedMain] DEBUG o.apache.ibatis.logging.LogFactory - Logging initialized using 'class org.apache.ibatis.logging.slf4j.Slf4jImpl' adapter.
2025-01-10 21:08:46 [restartedMain] DEBUG o.m.s.mapper.ClassPathMapperScanner - Identified candidate component class: file [D:\Spring\sts-4.4\workspace\devspring\bin\main\com\spring\devspring\mapper\BoardMapper.class]
2025-01-10 21:08:46 [restartedMain] DEBUG o.m.s.mapper.ClassPathMapperScanner - Identified candidate component class: file [D:\Spring\sts-4.4\workspace\devspring\bin\main\com\spring\devspring\mapper\CommonMapper.class]
2025-01-10 21:08:46 [restartedMain] DEBUG o.m.s.mapper.ClassPathMapperScanner - Creating MapperFactoryBean with name 'boardMapper' and 'com.spring.devspring.mapper.BoardMapper' mapperInterface
2025-01-10 21:08:46 [restartedMain] DEBUG o.m.s.mapper.ClassPathMapperScanner - Creating MapperFactoryBean with name 'commonMapper' and 'com.spring.devspring.mapper.CommonMapper' mapperInterface
2025-01-10 21:08:46 [restartedMain] INFO  o.s.b.w.e.tomcat.TomcatWebServer - Tomcat initialized with port 8080 (http)
2025-01-10 21:08:46 [restartedMain] INFO  o.a.coyote.http11.Http11NioProtocol - Initializing ProtocolHandler ["http-nio-8080"]
2025-01-10 21:08:46 [restartedMain] INFO  o.a.catalina.core.StandardService - Starting service [Tomcat]
2025-01-10 21:08:46 [restartedMain] INFO  o.a.catalina.core.StandardEngine - Starting Servlet engine: [Apache Tomcat/10.1.34]
2025-01-10 21:08:47 [restartedMain] INFO  o.a.c.c.C.[Tomcat].[localhost].[/] - Initializing Spring embedded WebApplicationContext
2025-01-10 21:08:47 [restartedMain] INFO  o.s.b.w.s.c.ServletWebServerApplicationContext - Root WebApplicationContext: initialization completed in 785 ms
2025-01-10 21:08:47 [restartedMain] DEBUG o.m.spring.SqlSessionFactoryBean - Property 'configuration' or 'configLocation' not specified, using default MyBatis Configuration
2025-01-10 21:08:47 [restartedMain] DEBUG o.m.spring.SqlSessionFactoryBean - Parsed mapper file: 'file [D:\Spring\sts-4.4\workspace\devspring\bin\main\static\mapper\BoardMapper.xml]'
2025-01-10 21:08:47 [restartedMain] DEBUG o.m.spring.SqlSessionFactoryBean - Parsed mapper file: 'file [D:\Spring\sts-4.4\workspace\devspring\bin\main\static\mapper\CommonMapper.xml]'
2025-01-10 21:08:47 [restartedMain] INFO  o.s.b.d.a.OptionalLiveReloadServer - LiveReload server is running on port 35729
2025-01-10 21:08:47 [restartedMain] INFO  o.a.coyote.http11.Http11NioProtocol - Starting ProtocolHandler ["http-nio-8080"]
2025-01-10 21:08:47 [restartedMain] INFO  o.s.b.w.e.tomcat.TomcatWebServer - Tomcat started on port 8080 (http) with context path '/'
2025-01-10 21:08:47 [restartedMain] INFO  c.s.devspring.DevspringApplication - Started DevspringApplication in 1.652 seconds (process running for 2.055)
2025-01-10 21:08:53 [http-nio-8080-exec-1] INFO  o.a.c.c.C.[Tomcat].[localhost].[/] - Initializing Spring DispatcherServlet 'dispatcherServlet'
2025-01-10 21:08:53 [http-nio-8080-exec-1] INFO  o.s.web.servlet.DispatcherServlet - Initializing Servlet 'dispatcherServlet'
2025-01-10 21:08:53 [http-nio-8080-exec-1] INFO  o.s.web.servlet.DispatcherServlet - Completed initialization in 1 ms
2025-01-10 21:08:53 [http-nio-8080-exec-1] WARN  o.t.s.p.AbstractStandardFragmentInsertionTagProcessor - [THYMELEAF][http-nio-8080-exec-1][common/layout/layout] Deprecated unwrapped fragment expression "common/fragments/header::header" found in template common/layout/layout, line 31, col 10. Please use the complete syntax of fragment expressions instead ("~{common/fragments/header::header}"). The old, unwrapped syntax for fragment expressions will be removed in future versions of Thymeleaf.
2025-01-10 21:08:53 [http-nio-8080-exec-1] WARN  o.t.s.p.AbstractStandardFragmentInsertionTagProcessor - [THYMELEAF][http-nio-8080-exec-1][common/layout/layout] Deprecated unwrapped fragment expression "common/fragments/footer::footer" found in template common/layout/layout, line 35, col 10. Please use the complete syntax of fragment expressions instead ("~{common/fragments/footer::footer}"). The old, unwrapped syntax for fragment expressions will be removed in future versions of Thymeleaf.
2025-01-10 21:08:53 [http-nio-8080-exec-1] DEBUG org.mybatis.spring.SqlSessionUtils - Creating a new SqlSession
2025-01-10 21:08:53 [http-nio-8080-exec-1] DEBUG org.mybatis.spring.SqlSessionUtils - SqlSession [org.apache.ibatis.session.defaults.DefaultSqlSession@41326426] was not registered for synchronization because synchronization is not active
2025-01-10 21:08:53 [http-nio-8080-exec-1] INFO  com.zaxxer.hikari.HikariDataSource - HikariPool-1 - Starting...
2025-01-10 21:08:54 [http-nio-8080-exec-1] INFO  com.zaxxer.hikari.pool.HikariPool - HikariPool-1 - Added connection com.mysql.cj.jdbc.ConnectionImpl@5782fd26
2025-01-10 21:08:54 [http-nio-8080-exec-1] INFO  com.zaxxer.hikari.HikariDataSource - HikariPool-1 - Start completed.
2025-01-10 21:08:54 [http-nio-8080-exec-1] DEBUG o.m.s.t.SpringManagedTransaction - JDBC Connection [HikariProxyConnection@1328836533 wrapping com.mysql.cj.jdbc.ConnectionImpl@5782fd26] will not be managed by Spring
2025-01-10 21:08:54 [http-nio-8080-exec-1] DEBUG c.s.d.m.CommonMapper.selectLnbList - ==>  Preparing: SELECT CT_LNB_IDX AS ctLnbIdx, CT_LNB_ID AS ctLnbId, CT_LNB_NAME AS ctLnbName, CT_LNB_SUB_YN AS ctLnbSubYn, CT_LNB_URL AS ctLnbUrl, CT_LNB_USE_YN AS ctLnbUseYn FROM CT_LNB WHERE CT_LNB_USE_YN = 'Y' ORDER BY CT_LNB_IDX
2025-01-10 21:08:54 [http-nio-8080-exec-1] DEBUG c.s.d.m.CommonMapper.selectLnbList - ==> Parameters: 
2025-01-10 21:08:54 [http-nio-8080-exec-1] DEBUG c.s.d.m.CommonMapper.selectLnbList - <==      Total: 4
2025-01-10 21:08:54 [http-nio-8080-exec-1] DEBUG org.mybatis.spring.SqlSessionUtils - Closing non transactional SqlSession [org.apache.ibatis.session.defaults.DefaultSqlSession@41326426]
2025-01-10 21:08:54 [http-nio-8080-exec-7] DEBUG org.mybatis.spring.SqlSessionUtils - Creating a new SqlSession
2025-01-10 21:08:54 [http-nio-8080-exec-7] DEBUG org.mybatis.spring.SqlSessionUtils - SqlSession [org.apache.ibatis.session.defaults.DefaultSqlSession@6892eaf1] was not registered for synchronization because synchronization is not active
2025-01-10 21:08:54 [http-nio-8080-exec-7] DEBUG o.m.s.t.SpringManagedTransaction - JDBC Connection [HikariProxyConnection@1783740072 wrapping com.mysql.cj.jdbc.ConnectionImpl@5782fd26] will not be managed by Spring
2025-01-10 21:08:54 [http-nio-8080-exec-7] DEBUG c.s.d.m.CommonMapper.selectLnbList - ==>  Preparing: SELECT CT_LNB_IDX AS ctLnbIdx, CT_LNB_ID AS ctLnbId, CT_LNB_NAME AS ctLnbName, CT_LNB_SUB_YN AS ctLnbSubYn, CT_LNB_URL AS ctLnbUrl, CT_LNB_USE_YN AS ctLnbUseYn FROM CT_LNB WHERE CT_LNB_USE_YN = 'Y' ORDER BY CT_LNB_IDX
2025-01-10 21:08:54 [http-nio-8080-exec-7] DEBUG c.s.d.m.CommonMapper.selectLnbList - ==> Parameters: 
2025-01-10 21:08:54 [http-nio-8080-exec-7] DEBUG c.s.d.m.CommonMapper.selectLnbList - <==      Total: 4
2025-01-10 21:08:54 [http-nio-8080-exec-7] DEBUG org.mybatis.spring.SqlSessionUtils - Closing non transactional SqlSession [org.apache.ibatis.session.defaults.DefaultSqlSession@6892eaf1]
2025-01-10 21:08:54 [http-nio-8080-exec-5] DEBUG org.mybatis.spring.SqlSessionUtils - Creating a new SqlSession
2025-01-10 21:08:54 [http-nio-8080-exec-2] DEBUG org.mybatis.spring.SqlSessionUtils - Creating a new SqlSession
2025-01-10 21:08:54 [http-nio-8080-exec-4] DEBUG org.mybatis.spring.SqlSessionUtils - Creating a new SqlSession
2025-01-10 21:08:54 [http-nio-8080-exec-5] DEBUG org.mybatis.spring.SqlSessionUtils - SqlSession [org.apache.ibatis.session.defaults.DefaultSqlSession@3884bf9d] was not registered for synchronization because synchronization is not active
2025-01-10 21:08:54 [http-nio-8080-exec-2] DEBUG org.mybatis.spring.SqlSessionUtils - SqlSession [org.apache.ibatis.session.defaults.DefaultSqlSession@5bd6f9e3] was not registered for synchronization because synchronization is not active
2025-01-10 21:08:54 [http-nio-8080-exec-4] DEBUG org.mybatis.spring.SqlSessionUtils - SqlSession [org.apache.ibatis.session.defaults.DefaultSqlSession@3b7492de] was not registered for synchronization because synchronization is not active
2025-01-10 21:08:54 [http-nio-8080-exec-5] DEBUG o.m.s.t.SpringManagedTransaction - JDBC Connection [HikariProxyConnection@387529196 wrapping com.mysql.cj.jdbc.ConnectionImpl@5782fd26] will not be managed by Spring
2025-01-10 21:08:54 [http-nio-8080-exec-5] DEBUG c.s.d.m.C.selectLnbSubList - ==>  Preparing: SELECT CT_LNB_SUB_IDX AS ctLnbSubIdx, CT_LNB_ID AS ctLnbId, CT_LNB_SUB_ID AS ctLnbSubId, CT_LNB_SUB_NAME AS ctLnbSubName, CT_LNB_SUB_URL AS ctLnbSubUrl FROM CT_LNB_SUB WHERE CT_LNB_ID = ? ORDER BY CT_LNB_SUB_IDX
2025-01-10 21:08:54 [http-nio-8080-exec-5] DEBUG c.s.d.m.C.selectLnbSubList - ==> Parameters: CT_LNB_CONTACT(String)
2025-01-10 21:08:54 [http-nio-8080-exec-5] DEBUG c.s.d.m.C.selectLnbSubList - <==      Total: 2
2025-01-10 21:08:54 [http-nio-8080-exec-5] DEBUG org.mybatis.spring.SqlSessionUtils - Closing non transactional SqlSession [org.apache.ibatis.session.defaults.DefaultSqlSession@3884bf9d]
2025-01-10 21:08:54 [http-nio-8080-exec-4] DEBUG o.m.s.t.SpringManagedTransaction - JDBC Connection [HikariProxyConnection@1450229994 wrapping com.mysql.cj.jdbc.ConnectionImpl@5782fd26] will not be managed by Spring
2025-01-10 21:08:54 [http-nio-8080-exec-4] DEBUG c.s.d.m.C.selectLnbSubList - ==>  Preparing: SELECT CT_LNB_SUB_IDX AS ctLnbSubIdx, CT_LNB_ID AS ctLnbId, CT_LNB_SUB_ID AS ctLnbSubId, CT_LNB_SUB_NAME AS ctLnbSubName, CT_LNB_SUB_URL AS ctLnbSubUrl FROM CT_LNB_SUB WHERE CT_LNB_ID = ? ORDER BY CT_LNB_SUB_IDX
2025-01-10 21:08:54 [http-nio-8080-exec-4] DEBUG c.s.d.m.C.selectLnbSubList - ==> Parameters: CT_LNB_SERVICE(String)
2025-01-10 21:08:54 [http-nio-8080-exec-4] DEBUG c.s.d.m.C.selectLnbSubList - <==      Total: 4
2025-01-10 21:08:54 [http-nio-8080-exec-4] DEBUG org.mybatis.spring.SqlSessionUtils - Closing non transactional SqlSession [org.apache.ibatis.session.defaults.DefaultSqlSession@3b7492de]
2025-01-10 21:08:54 [http-nio-8080-exec-2] DEBUG o.m.s.t.SpringManagedTransaction - JDBC Connection [HikariProxyConnection@1832126669 wrapping com.mysql.cj.jdbc.ConnectionImpl@5782fd26] will not be managed by Spring
2025-01-10 21:08:54 [http-nio-8080-exec-2] DEBUG c.s.d.m.C.selectLnbSubList - ==>  Preparing: SELECT CT_LNB_SUB_IDX AS ctLnbSubIdx, CT_LNB_ID AS ctLnbId, CT_LNB_SUB_ID AS ctLnbSubId, CT_LNB_SUB_NAME AS ctLnbSubName, CT_LNB_SUB_URL AS ctLnbSubUrl FROM CT_LNB_SUB WHERE CT_LNB_ID = ? ORDER BY CT_LNB_SUB_IDX
2025-01-10 21:08:54 [http-nio-8080-exec-6] DEBUG org.mybatis.spring.SqlSessionUtils - Creating a new SqlSession
2025-01-10 21:08:54 [http-nio-8080-exec-6] DEBUG org.mybatis.spring.SqlSessionUtils - SqlSession [org.apache.ibatis.session.defaults.DefaultSqlSession@68d777c0] was not registered for synchronization because synchronization is not active
2025-01-10 21:08:54 [http-nio-8080-exec-2] DEBUG c.s.d.m.C.selectLnbSubList - ==> Parameters: CT_LNB_INFORMATION(String)
2025-01-10 21:08:54 [http-nio-8080-exec-2] DEBUG c.s.d.m.C.selectLnbSubList - <==      Total: 2
2025-01-10 21:08:54 [http-nio-8080-exec-2] DEBUG org.mybatis.spring.SqlSessionUtils - Closing non transactional SqlSession [org.apache.ibatis.session.defaults.DefaultSqlSession@5bd6f9e3]
2025-01-10 21:08:54 [http-nio-8080-exec-6] DEBUG o.m.s.t.SpringManagedTransaction - JDBC Connection [HikariProxyConnection@294995278 wrapping com.mysql.cj.jdbc.ConnectionImpl@5782fd26] will not be managed by Spring
2025-01-10 21:08:54 [http-nio-8080-exec-6] DEBUG c.s.d.m.C.selectLnbSubList - ==>  Preparing: SELECT CT_LNB_SUB_IDX AS ctLnbSubIdx, CT_LNB_ID AS ctLnbId, CT_LNB_SUB_ID AS ctLnbSubId, CT_LNB_SUB_NAME AS ctLnbSubName, CT_LNB_SUB_URL AS ctLnbSubUrl FROM CT_LNB_SUB WHERE CT_LNB_ID = ? ORDER BY CT_LNB_SUB_IDX
2025-01-10 21:08:54 [http-nio-8080-exec-9] DEBUG org.mybatis.spring.SqlSessionUtils - Creating a new SqlSession
2025-01-10 21:08:54 [http-nio-8080-exec-9] DEBUG org.mybatis.spring.SqlSessionUtils - SqlSession [org.apache.ibatis.session.defaults.DefaultSqlSession@1afab0ea] was not registered for synchronization because synchronization is not active
2025-01-10 21:08:54 [http-nio-8080-exec-6] DEBUG c.s.d.m.C.selectLnbSubList - ==> Parameters: CT_LNB_CONTACT(String)
2025-01-10 21:08:54 [http-nio-8080-exec-6] DEBUG c.s.d.m.C.selectLnbSubList - <==      Total: 2
2025-01-10 21:08:54 [http-nio-8080-exec-6] DEBUG org.mybatis.spring.SqlSessionUtils - Closing non transactional SqlSession [org.apache.ibatis.session.defaults.DefaultSqlSession@68d777c0]
2025-01-10 21:08:54 [http-nio-8080-exec-9] DEBUG o.m.s.t.SpringManagedTransaction - JDBC Connection [HikariProxyConnection@516241261 wrapping com.mysql.cj.jdbc.ConnectionImpl@5782fd26] will not be managed by Spring
2025-01-10 21:08:54 [http-nio-8080-exec-9] DEBUG c.s.d.m.C.selectLnbSubList - ==>  Preparing: SELECT CT_LNB_SUB_IDX AS ctLnbSubIdx, CT_LNB_ID AS ctLnbId, CT_LNB_SUB_ID AS ctLnbSubId, CT_LNB_SUB_NAME AS ctLnbSubName, CT_LNB_SUB_URL AS ctLnbSubUrl FROM CT_LNB_SUB WHERE CT_LNB_ID = ? ORDER BY CT_LNB_SUB_IDX
2025-01-10 21:08:54 [http-nio-8080-exec-10] DEBUG org.mybatis.spring.SqlSessionUtils - Creating a new SqlSession
2025-01-10 21:08:54 [http-nio-8080-exec-10] DEBUG org.mybatis.spring.SqlSessionUtils - SqlSession [org.apache.ibatis.session.defaults.DefaultSqlSession@20e1022b] was not registered for synchronization because synchronization is not active
2025-01-10 21:08:54 [http-nio-8080-exec-9] DEBUG c.s.d.m.C.selectLnbSubList - ==> Parameters: CT_LNB_SERVICE(String)
2025-01-10 21:08:54 [http-nio-8080-exec-9] DEBUG c.s.d.m.C.selectLnbSubList - <==      Total: 4
2025-01-10 21:08:54 [http-nio-8080-exec-9] DEBUG org.mybatis.spring.SqlSessionUtils - Closing non transactional SqlSession [org.apache.ibatis.session.defaults.DefaultSqlSession@1afab0ea]
2025-01-10 21:08:54 [http-nio-8080-exec-10] DEBUG o.m.s.t.SpringManagedTransaction - JDBC Connection [HikariProxyConnection@618562287 wrapping com.mysql.cj.jdbc.ConnectionImpl@5782fd26] will not be managed by Spring
2025-01-10 21:08:54 [http-nio-8080-exec-10] DEBUG c.s.d.m.C.selectLnbSubList - ==>  Preparing: SELECT CT_LNB_SUB_IDX AS ctLnbSubIdx, CT_LNB_ID AS ctLnbId, CT_LNB_SUB_ID AS ctLnbSubId, CT_LNB_SUB_NAME AS ctLnbSubName, CT_LNB_SUB_URL AS ctLnbSubUrl FROM CT_LNB_SUB WHERE CT_LNB_ID = ? ORDER BY CT_LNB_SUB_IDX
2025-01-10 21:08:54 [http-nio-8080-exec-10] DEBUG c.s.d.m.C.selectLnbSubList - ==> Parameters: CT_LNB_INFORMATION(String)
2025-01-10 21:08:54 [http-nio-8080-exec-10] DEBUG c.s.d.m.C.selectLnbSubList - <==      Total: 2
2025-01-10 21:08:54 [http-nio-8080-exec-10] DEBUG org.mybatis.spring.SqlSessionUtils - Closing non transactional SqlSession [org.apache.ibatis.session.defaults.DefaultSqlSession@20e1022b]
2025-01-10 21:08:58 [http-nio-8080-exec-8] WARN  o.t.s.p.AbstractStandardFragmentInsertionTagProcessor - [THYMELEAF][http-nio-8080-exec-8][common/layout/layout] Deprecated unwrapped fragment expression "common/fragments/header::header" found in template common/layout/layout, line 31, col 10. Please use the complete syntax of fragment expressions instead ("~{common/fragments/header::header}"). The old, unwrapped syntax for fragment expressions will be removed in future versions of Thymeleaf.
2025-01-10 21:08:58 [http-nio-8080-exec-8] WARN  o.t.s.p.AbstractStandardFragmentInsertionTagProcessor - [THYMELEAF][http-nio-8080-exec-8][common/layout/layout] Deprecated unwrapped fragment expression "common/fragments/footer::footer" found in template common/layout/layout, line 35, col 10. Please use the complete syntax of fragment expressions instead ("~{common/fragments/footer::footer}"). The old, unwrapped syntax for fragment expressions will be removed in future versions of Thymeleaf.
2025-01-10 21:08:58 [http-nio-8080-exec-8] DEBUG org.mybatis.spring.SqlSessionUtils - Creating a new SqlSession
2025-01-10 21:08:58 [http-nio-8080-exec-8] DEBUG org.mybatis.spring.SqlSessionUtils - SqlSession [org.apache.ibatis.session.defaults.DefaultSqlSession@762b15ef] was not registered for synchronization because synchronization is not active
2025-01-10 21:08:58 [http-nio-8080-exec-8] DEBUG o.m.s.t.SpringManagedTransaction - JDBC Connection [HikariProxyConnection@241189392 wrapping com.mysql.cj.jdbc.ConnectionImpl@5782fd26] will not be managed by Spring
2025-01-10 21:08:58 [http-nio-8080-exec-8] DEBUG c.s.d.m.CommonMapper.selectLnbList - ==>  Preparing: SELECT CT_LNB_IDX AS ctLnbIdx, CT_LNB_ID AS ctLnbId, CT_LNB_NAME AS ctLnbName, CT_LNB_SUB_YN AS ctLnbSubYn, CT_LNB_URL AS ctLnbUrl, CT_LNB_USE_YN AS ctLnbUseYn FROM CT_LNB WHERE CT_LNB_USE_YN = 'Y' ORDER BY CT_LNB_IDX
2025-01-10 21:08:58 [http-nio-8080-exec-8] DEBUG c.s.d.m.CommonMapper.selectLnbList - ==> Parameters: 
2025-01-10 21:08:58 [http-nio-8080-exec-8] DEBUG c.s.d.m.CommonMapper.selectLnbList - <==      Total: 4
2025-01-10 21:08:58 [http-nio-8080-exec-8] DEBUG org.mybatis.spring.SqlSessionUtils - Closing non transactional SqlSession [org.apache.ibatis.session.defaults.DefaultSqlSession@762b15ef]
2025-01-10 21:08:58 [http-nio-8080-exec-3] DEBUG org.mybatis.spring.SqlSessionUtils - Creating a new SqlSession
2025-01-10 21:08:58 [http-nio-8080-exec-3] DEBUG org.mybatis.spring.SqlSessionUtils - SqlSession [org.apache.ibatis.session.defaults.DefaultSqlSession@5cccdbd2] was not registered for synchronization because synchronization is not active
2025-01-10 21:08:58 [http-nio-8080-exec-3] DEBUG o.m.s.t.SpringManagedTransaction - JDBC Connection [HikariProxyConnection@259390562 wrapping com.mysql.cj.jdbc.ConnectionImpl@5782fd26] will not be managed by Spring
2025-01-10 21:08:58 [http-nio-8080-exec-3] DEBUG c.s.d.m.CommonMapper.selectLnbList - ==>  Preparing: SELECT CT_LNB_IDX AS ctLnbIdx, CT_LNB_ID AS ctLnbId, CT_LNB_NAME AS ctLnbName, CT_LNB_SUB_YN AS ctLnbSubYn, CT_LNB_URL AS ctLnbUrl, CT_LNB_USE_YN AS ctLnbUseYn FROM CT_LNB WHERE CT_LNB_USE_YN = 'Y' ORDER BY CT_LNB_IDX
2025-01-10 21:08:58 [http-nio-8080-exec-3] DEBUG c.s.d.m.CommonMapper.selectLnbList - ==> Parameters: 
2025-01-10 21:08:58 [http-nio-8080-exec-3] DEBUG c.s.d.m.CommonMapper.selectLnbList - <==      Total: 4
2025-01-10 21:08:58 [http-nio-8080-exec-3] DEBUG org.mybatis.spring.SqlSessionUtils - Closing non transactional SqlSession [org.apache.ibatis.session.defaults.DefaultSqlSession@5cccdbd2]
2025-01-10 21:08:58 [http-nio-8080-exec-4] DEBUG org.mybatis.spring.SqlSessionUtils - Creating a new SqlSession
2025-01-10 21:08:58 [http-nio-8080-exec-1] DEBUG org.mybatis.spring.SqlSessionUtils - Creating a new SqlSession
2025-01-10 21:08:58 [http-nio-8080-exec-7] DEBUG org.mybatis.spring.SqlSessionUtils - Creating a new SqlSession
2025-01-10 21:08:58 [http-nio-8080-exec-4] DEBUG org.mybatis.spring.SqlSessionUtils - SqlSession [org.apache.ibatis.session.defaults.DefaultSqlSession@5e80f5d6] was not registered for synchronization because synchronization is not active
2025-01-10 21:08:58 [http-nio-8080-exec-1] DEBUG org.mybatis.spring.SqlSessionUtils - SqlSession [org.apache.ibatis.session.defaults.DefaultSqlSession@6ca21bbb] was not registered for synchronization because synchronization is not active
2025-01-10 21:08:58 [http-nio-8080-exec-7] DEBUG org.mybatis.spring.SqlSessionUtils - SqlSession [org.apache.ibatis.session.defaults.DefaultSqlSession@16d6ba1b] was not registered for synchronization because synchronization is not active
2025-01-10 21:08:58 [http-nio-8080-exec-4] DEBUG o.m.s.t.SpringManagedTransaction - JDBC Connection [HikariProxyConnection@462492613 wrapping com.mysql.cj.jdbc.ConnectionImpl@5782fd26] will not be managed by Spring
2025-01-10 21:08:58 [http-nio-8080-exec-4] DEBUG c.s.d.m.C.selectLnbSubList - ==>  Preparing: SELECT CT_LNB_SUB_IDX AS ctLnbSubIdx, CT_LNB_ID AS ctLnbId, CT_LNB_SUB_ID AS ctLnbSubId, CT_LNB_SUB_NAME AS ctLnbSubName, CT_LNB_SUB_URL AS ctLnbSubUrl FROM CT_LNB_SUB WHERE CT_LNB_ID = ? ORDER BY CT_LNB_SUB_IDX
2025-01-10 21:08:58 [http-nio-8080-exec-4] DEBUG c.s.d.m.C.selectLnbSubList - ==> Parameters: CT_LNB_CONTACT(String)
2025-01-10 21:08:58 [http-nio-8080-exec-1] DEBUG o.m.s.t.SpringManagedTransaction - JDBC Connection [HikariProxyConnection@1606987884 wrapping com.mysql.cj.jdbc.ConnectionImpl@7965d479] will not be managed by Spring
2025-01-10 21:08:58 [http-nio-8080-exec-7] DEBUG o.m.s.t.SpringManagedTransaction - JDBC Connection [HikariProxyConnection@1901443743 wrapping com.mysql.cj.jdbc.ConnectionImpl@3d60f76f] will not be managed by Spring
2025-01-10 21:08:58 [http-nio-8080-exec-7] DEBUG c.s.d.m.C.selectLnbSubList - ==>  Preparing: SELECT CT_LNB_SUB_IDX AS ctLnbSubIdx, CT_LNB_ID AS ctLnbId, CT_LNB_SUB_ID AS ctLnbSubId, CT_LNB_SUB_NAME AS ctLnbSubName, CT_LNB_SUB_URL AS ctLnbSubUrl FROM CT_LNB_SUB WHERE CT_LNB_ID = ? ORDER BY CT_LNB_SUB_IDX
2025-01-10 21:08:58 [http-nio-8080-exec-1] DEBUG c.s.d.m.C.selectLnbSubList - ==>  Preparing: SELECT CT_LNB_SUB_IDX AS ctLnbSubIdx, CT_LNB_ID AS ctLnbId, CT_LNB_SUB_ID AS ctLnbSubId, CT_LNB_SUB_NAME AS ctLnbSubName, CT_LNB_SUB_URL AS ctLnbSubUrl FROM CT_LNB_SUB WHERE CT_LNB_ID = ? ORDER BY CT_LNB_SUB_IDX
2025-01-10 21:08:58 [http-nio-8080-exec-7] DEBUG c.s.d.m.C.selectLnbSubList - ==> Parameters: CT_LNB_SERVICE(String)
2025-01-10 21:08:58 [http-nio-8080-exec-1] DEBUG c.s.d.m.C.selectLnbSubList - ==> Parameters: CT_LNB_INFORMATION(String)
2025-01-10 21:08:58 [http-nio-8080-exec-4] DEBUG c.s.d.m.C.selectLnbSubList - <==      Total: 2
2025-01-10 21:08:58 [http-nio-8080-exec-4] DEBUG org.mybatis.spring.SqlSessionUtils - Closing non transactional SqlSession [org.apache.ibatis.session.defaults.DefaultSqlSession@5e80f5d6]
2025-01-10 21:08:58 [http-nio-8080-exec-7] DEBUG c.s.d.m.C.selectLnbSubList - <==      Total: 4
2025-01-10 21:08:58 [http-nio-8080-exec-7] DEBUG org.mybatis.spring.SqlSessionUtils - Closing non transactional SqlSession [org.apache.ibatis.session.defaults.DefaultSqlSession@16d6ba1b]
2025-01-10 21:08:58 [http-nio-8080-exec-1] DEBUG c.s.d.m.C.selectLnbSubList - <==      Total: 2
2025-01-10 21:08:58 [http-nio-8080-exec-1] DEBUG org.mybatis.spring.SqlSessionUtils - Closing non transactional SqlSession [org.apache.ibatis.session.defaults.DefaultSqlSession@6ca21bbb]
2025-01-10 21:08:58 [http-nio-8080-exec-5] DEBUG org.mybatis.spring.SqlSessionUtils - Creating a new SqlSession
2025-01-10 21:08:58 [http-nio-8080-exec-6] DEBUG org.mybatis.spring.SqlSessionUtils - Creating a new SqlSession
2025-01-10 21:08:58 [http-nio-8080-exec-2] DEBUG org.mybatis.spring.SqlSessionUtils - Creating a new SqlSession
2025-01-10 21:08:58 [http-nio-8080-exec-5] DEBUG org.mybatis.spring.SqlSessionUtils - SqlSession [org.apache.ibatis.session.defaults.DefaultSqlSession@2c8fd5a6] was not registered for synchronization because synchronization is not active
2025-01-10 21:08:58 [http-nio-8080-exec-6] DEBUG org.mybatis.spring.SqlSessionUtils - SqlSession [org.apache.ibatis.session.defaults.DefaultSqlSession@6a06e8ed] was not registered for synchronization because synchronization is not active
2025-01-10 21:08:58 [http-nio-8080-exec-2] DEBUG org.mybatis.spring.SqlSessionUtils - SqlSession [org.apache.ibatis.session.defaults.DefaultSqlSession@608de606] was not registered for synchronization because synchronization is not active
2025-01-10 21:08:58 [http-nio-8080-exec-5] DEBUG o.m.s.t.SpringManagedTransaction - JDBC Connection [HikariProxyConnection@1229728597 wrapping com.mysql.cj.jdbc.ConnectionImpl@5782fd26] will not be managed by Spring
2025-01-10 21:08:58 [http-nio-8080-exec-6] DEBUG o.m.s.t.SpringManagedTransaction - JDBC Connection [HikariProxyConnection@1359118294 wrapping com.mysql.cj.jdbc.ConnectionImpl@3d60f76f] will not be managed by Spring
2025-01-10 21:08:58 [http-nio-8080-exec-5] DEBUG c.s.d.m.C.selectLnbSubList - ==>  Preparing: SELECT CT_LNB_SUB_IDX AS ctLnbSubIdx, CT_LNB_ID AS ctLnbId, CT_LNB_SUB_ID AS ctLnbSubId, CT_LNB_SUB_NAME AS ctLnbSubName, CT_LNB_SUB_URL AS ctLnbSubUrl FROM CT_LNB_SUB WHERE CT_LNB_ID = ? ORDER BY CT_LNB_SUB_IDX
2025-01-10 21:08:58 [http-nio-8080-exec-2] DEBUG o.m.s.t.SpringManagedTransaction - JDBC Connection [HikariProxyConnection@699393658 wrapping com.mysql.cj.jdbc.ConnectionImpl@7965d479] will not be managed by Spring
2025-01-10 21:08:58 [http-nio-8080-exec-2] DEBUG c.s.d.m.C.selectLnbSubList - ==>  Preparing: SELECT CT_LNB_SUB_IDX AS ctLnbSubIdx, CT_LNB_ID AS ctLnbId, CT_LNB_SUB_ID AS ctLnbSubId, CT_LNB_SUB_NAME AS ctLnbSubName, CT_LNB_SUB_URL AS ctLnbSubUrl FROM CT_LNB_SUB WHERE CT_LNB_ID = ? ORDER BY CT_LNB_SUB_IDX
2025-01-10 21:08:58 [http-nio-8080-exec-6] DEBUG c.s.d.m.C.selectLnbSubList - ==>  Preparing: SELECT CT_LNB_SUB_IDX AS ctLnbSubIdx, CT_LNB_ID AS ctLnbId, CT_LNB_SUB_ID AS ctLnbSubId, CT_LNB_SUB_NAME AS ctLnbSubName, CT_LNB_SUB_URL AS ctLnbSubUrl FROM CT_LNB_SUB WHERE CT_LNB_ID = ? ORDER BY CT_LNB_SUB_IDX
2025-01-10 21:08:58 [http-nio-8080-exec-5] DEBUG c.s.d.m.C.selectLnbSubList - ==> Parameters: CT_LNB_SERVICE(String)
2025-01-10 21:08:58 [http-nio-8080-exec-2] DEBUG c.s.d.m.C.selectLnbSubList - ==> Parameters: CT_LNB_CONTACT(String)
2025-01-10 21:08:58 [http-nio-8080-exec-6] DEBUG c.s.d.m.C.selectLnbSubList - ==> Parameters: CT_LNB_INFORMATION(String)
2025-01-10 21:08:58 [http-nio-8080-exec-2] DEBUG c.s.d.m.C.selectLnbSubList - <==      Total: 2
2025-01-10 21:08:58 [http-nio-8080-exec-5] DEBUG c.s.d.m.C.selectLnbSubList - <==      Total: 4
2025-01-10 21:08:58 [http-nio-8080-exec-2] DEBUG org.mybatis.spring.SqlSessionUtils - Closing non transactional SqlSession [org.apache.ibatis.session.defaults.DefaultSqlSession@608de606]
2025-01-10 21:08:58 [http-nio-8080-exec-5] DEBUG org.mybatis.spring.SqlSessionUtils - Closing non transactional SqlSession [org.apache.ibatis.session.defaults.DefaultSqlSession@2c8fd5a6]
2025-01-10 21:08:58 [http-nio-8080-exec-6] DEBUG c.s.d.m.C.selectLnbSubList - <==      Total: 2
2025-01-10 21:08:58 [http-nio-8080-exec-6] DEBUG org.mybatis.spring.SqlSessionUtils - Closing non transactional SqlSession [org.apache.ibatis.session.defaults.DefaultSqlSession@6a06e8ed]
2025-01-10 21:09:41 [http-nio-8080-exec-10] WARN  o.t.s.p.AbstractStandardFragmentInsertionTagProcessor - [THYMELEAF][http-nio-8080-exec-10][common/layout/layout] Deprecated unwrapped fragment expression "common/fragments/header::header" found in template common/layout/layout, line 31, col 10. Please use the complete syntax of fragment expressions instead ("~{common/fragments/header::header}"). The old, unwrapped syntax for fragment expressions will be removed in future versions of Thymeleaf.
2025-01-10 21:09:41 [http-nio-8080-exec-10] WARN  o.t.s.p.AbstractStandardFragmentInsertionTagProcessor - [THYMELEAF][http-nio-8080-exec-10][common/layout/layout] Deprecated unwrapped fragment expression "common/fragments/footer::footer" found in template common/layout/layout, line 35, col 10. Please use the complete syntax of fragment expressions instead ("~{common/fragments/footer::footer}"). The old, unwrapped syntax for fragment expressions will be removed in future versions of Thymeleaf.
2025-01-10 21:09:41 [http-nio-8080-exec-10] DEBUG org.mybatis.spring.SqlSessionUtils - Creating a new SqlSession
2025-01-10 21:09:41 [http-nio-8080-exec-10] DEBUG org.mybatis.spring.SqlSessionUtils - SqlSession [org.apache.ibatis.session.defaults.DefaultSqlSession@7c2264e0] was not registered for synchronization because synchronization is not active
2025-01-10 21:09:41 [http-nio-8080-exec-10] DEBUG o.m.s.t.SpringManagedTransaction - JDBC Connection [HikariProxyConnection@859947177 wrapping com.mysql.cj.jdbc.ConnectionImpl@5782fd26] will not be managed by Spring
2025-01-10 21:09:41 [http-nio-8080-exec-10] DEBUG c.s.d.m.CommonMapper.selectLnbList - ==>  Preparing: SELECT CT_LNB_IDX AS ctLnbIdx, CT_LNB_ID AS ctLnbId, CT_LNB_NAME AS ctLnbName, CT_LNB_SUB_YN AS ctLnbSubYn, CT_LNB_URL AS ctLnbUrl, CT_LNB_USE_YN AS ctLnbUseYn FROM CT_LNB WHERE CT_LNB_USE_YN = 'Y' ORDER BY CT_LNB_IDX
2025-01-10 21:09:41 [http-nio-8080-exec-10] DEBUG c.s.d.m.CommonMapper.selectLnbList - ==> Parameters: 
2025-01-10 21:09:41 [http-nio-8080-exec-10] DEBUG c.s.d.m.CommonMapper.selectLnbList - <==      Total: 4
2025-01-10 21:09:41 [http-nio-8080-exec-10] DEBUG org.mybatis.spring.SqlSessionUtils - Closing non transactional SqlSession [org.apache.ibatis.session.defaults.DefaultSqlSession@7c2264e0]
2025-01-10 21:09:41 [http-nio-8080-exec-8] DEBUG org.mybatis.spring.SqlSessionUtils - Creating a new SqlSession
2025-01-10 21:09:41 [http-nio-8080-exec-8] DEBUG org.mybatis.spring.SqlSessionUtils - SqlSession [org.apache.ibatis.session.defaults.DefaultSqlSession@5b51b65f] was not registered for synchronization because synchronization is not active
2025-01-10 21:09:41 [http-nio-8080-exec-8] DEBUG o.m.s.t.SpringManagedTransaction - JDBC Connection [HikariProxyConnection@1470959591 wrapping com.mysql.cj.jdbc.ConnectionImpl@5782fd26] will not be managed by Spring
2025-01-10 21:09:41 [http-nio-8080-exec-8] DEBUG c.s.d.m.CommonMapper.selectLnbList - ==>  Preparing: SELECT CT_LNB_IDX AS ctLnbIdx, CT_LNB_ID AS ctLnbId, CT_LNB_NAME AS ctLnbName, CT_LNB_SUB_YN AS ctLnbSubYn, CT_LNB_URL AS ctLnbUrl, CT_LNB_USE_YN AS ctLnbUseYn FROM CT_LNB WHERE CT_LNB_USE_YN = 'Y' ORDER BY CT_LNB_IDX
2025-01-10 21:09:41 [http-nio-8080-exec-8] DEBUG c.s.d.m.CommonMapper.selectLnbList - ==> Parameters: 
2025-01-10 21:09:41 [http-nio-8080-exec-8] DEBUG c.s.d.m.CommonMapper.selectLnbList - <==      Total: 4
2025-01-10 21:09:41 [http-nio-8080-exec-8] DEBUG org.mybatis.spring.SqlSessionUtils - Closing non transactional SqlSession [org.apache.ibatis.session.defaults.DefaultSqlSession@5b51b65f]
2025-01-10 21:09:41 [http-nio-8080-exec-1] DEBUG org.mybatis.spring.SqlSessionUtils - Creating a new SqlSession
2025-01-10 21:09:41 [http-nio-8080-exec-9] DEBUG org.mybatis.spring.SqlSessionUtils - Creating a new SqlSession
2025-01-10 21:09:41 [http-nio-8080-exec-3] DEBUG org.mybatis.spring.SqlSessionUtils - Creating a new SqlSession
2025-01-10 21:09:41 [http-nio-8080-exec-1] DEBUG org.mybatis.spring.SqlSessionUtils - SqlSession [org.apache.ibatis.session.defaults.DefaultSqlSession@27e020c1] was not registered for synchronization because synchronization is not active
2025-01-10 21:09:41 [http-nio-8080-exec-9] DEBUG org.mybatis.spring.SqlSessionUtils - SqlSession [org.apache.ibatis.session.defaults.DefaultSqlSession@5d9f7dce] was not registered for synchronization because synchronization is not active
2025-01-10 21:09:41 [http-nio-8080-exec-9] DEBUG o.m.s.t.SpringManagedTransaction - JDBC Connection [HikariProxyConnection@1005077918 wrapping com.mysql.cj.jdbc.ConnectionImpl@5782fd26] will not be managed by Spring
2025-01-10 21:09:41 [http-nio-8080-exec-9] DEBUG c.s.d.m.C.selectLnbSubList - ==>  Preparing: SELECT CT_LNB_SUB_IDX AS ctLnbSubIdx, CT_LNB_ID AS ctLnbId, CT_LNB_SUB_ID AS ctLnbSubId, CT_LNB_SUB_NAME AS ctLnbSubName, CT_LNB_SUB_URL AS ctLnbSubUrl FROM CT_LNB_SUB WHERE CT_LNB_ID = ? ORDER BY CT_LNB_SUB_IDX
2025-01-10 21:09:41 [http-nio-8080-exec-3] DEBUG org.mybatis.spring.SqlSessionUtils - SqlSession [org.apache.ibatis.session.defaults.DefaultSqlSession@57701272] was not registered for synchronization because synchronization is not active
2025-01-10 21:09:41 [http-nio-8080-exec-9] DEBUG c.s.d.m.C.selectLnbSubList - ==> Parameters: CT_LNB_INFORMATION(String)
2025-01-10 21:09:41 [http-nio-8080-exec-1] DEBUG o.m.s.t.SpringManagedTransaction - JDBC Connection [HikariProxyConnection@1894903384 wrapping com.mysql.cj.jdbc.ConnectionImpl@7965d479] will not be managed by Spring
2025-01-10 21:09:41 [http-nio-8080-exec-3] DEBUG o.m.s.t.SpringManagedTransaction - JDBC Connection [HikariProxyConnection@487847673 wrapping com.mysql.cj.jdbc.ConnectionImpl@3d60f76f] will not be managed by Spring
2025-01-10 21:09:41 [http-nio-8080-exec-1] DEBUG c.s.d.m.C.selectLnbSubList - ==>  Preparing: SELECT CT_LNB_SUB_IDX AS ctLnbSubIdx, CT_LNB_ID AS ctLnbId, CT_LNB_SUB_ID AS ctLnbSubId, CT_LNB_SUB_NAME AS ctLnbSubName, CT_LNB_SUB_URL AS ctLnbSubUrl FROM CT_LNB_SUB WHERE CT_LNB_ID = ? ORDER BY CT_LNB_SUB_IDX
2025-01-10 21:09:41 [http-nio-8080-exec-3] DEBUG c.s.d.m.C.selectLnbSubList - ==>  Preparing: SELECT CT_LNB_SUB_IDX AS ctLnbSubIdx, CT_LNB_ID AS ctLnbId, CT_LNB_SUB_ID AS ctLnbSubId, CT_LNB_SUB_NAME AS ctLnbSubName, CT_LNB_SUB_URL AS ctLnbSubUrl FROM CT_LNB_SUB WHERE CT_LNB_ID = ? ORDER BY CT_LNB_SUB_IDX
2025-01-10 21:09:41 [http-nio-8080-exec-1] DEBUG c.s.d.m.C.selectLnbSubList - ==> Parameters: CT_LNB_SERVICE(String)
2025-01-10 21:09:41 [http-nio-8080-exec-3] DEBUG c.s.d.m.C.selectLnbSubList - ==> Parameters: CT_LNB_CONTACT(String)
2025-01-10 21:09:41 [http-nio-8080-exec-9] DEBUG c.s.d.m.C.selectLnbSubList - <==      Total: 2
2025-01-10 21:09:41 [http-nio-8080-exec-3] DEBUG c.s.d.m.C.selectLnbSubList - <==      Total: 2
2025-01-10 21:09:41 [http-nio-8080-exec-9] DEBUG org.mybatis.spring.SqlSessionUtils - Closing non transactional SqlSession [org.apache.ibatis.session.defaults.DefaultSqlSession@5d9f7dce]
2025-01-10 21:09:41 [http-nio-8080-exec-3] DEBUG org.mybatis.spring.SqlSessionUtils - Closing non transactional SqlSession [org.apache.ibatis.session.defaults.DefaultSqlSession@57701272]
2025-01-10 21:09:41 [http-nio-8080-exec-1] DEBUG c.s.d.m.C.selectLnbSubList - <==      Total: 4
2025-01-10 21:09:41 [http-nio-8080-exec-1] DEBUG org.mybatis.spring.SqlSessionUtils - Closing non transactional SqlSession [org.apache.ibatis.session.defaults.DefaultSqlSession@27e020c1]
2025-01-10 21:09:41 [http-nio-8080-exec-2] DEBUG org.mybatis.spring.SqlSessionUtils - Creating a new SqlSession
2025-01-10 21:09:41 [http-nio-8080-exec-4] DEBUG org.mybatis.spring.SqlSessionUtils - Creating a new SqlSession
2025-01-10 21:09:41 [http-nio-8080-exec-7] DEBUG org.mybatis.spring.SqlSessionUtils - Creating a new SqlSession
2025-01-10 21:09:41 [http-nio-8080-exec-2] DEBUG org.mybatis.spring.SqlSessionUtils - SqlSession [org.apache.ibatis.session.defaults.DefaultSqlSession@70bb2dd9] was not registered for synchronization because synchronization is not active
2025-01-10 21:09:41 [http-nio-8080-exec-4] DEBUG org.mybatis.spring.SqlSessionUtils - SqlSession [org.apache.ibatis.session.defaults.DefaultSqlSession@2a83935f] was not registered for synchronization because synchronization is not active
2025-01-10 21:09:41 [http-nio-8080-exec-7] DEBUG org.mybatis.spring.SqlSessionUtils - SqlSession [org.apache.ibatis.session.defaults.DefaultSqlSession@4bf8920e] was not registered for synchronization because synchronization is not active
2025-01-10 21:09:41 [http-nio-8080-exec-4] DEBUG o.m.s.t.SpringManagedTransaction - JDBC Connection [HikariProxyConnection@958378737 wrapping com.mysql.cj.jdbc.ConnectionImpl@5782fd26] will not be managed by Spring
2025-01-10 21:09:41 [http-nio-8080-exec-2] DEBUG o.m.s.t.SpringManagedTransaction - JDBC Connection [HikariProxyConnection@644974978 wrapping com.mysql.cj.jdbc.ConnectionImpl@7965d479] will not be managed by Spring
2025-01-10 21:09:41 [http-nio-8080-exec-7] DEBUG o.m.s.t.SpringManagedTransaction - JDBC Connection [HikariProxyConnection@1905909649 wrapping com.mysql.cj.jdbc.ConnectionImpl@3d60f76f] will not be managed by Spring
2025-01-10 21:09:41 [http-nio-8080-exec-4] DEBUG c.s.d.m.C.selectLnbSubList - ==>  Preparing: SELECT CT_LNB_SUB_IDX AS ctLnbSubIdx, CT_LNB_ID AS ctLnbId, CT_LNB_SUB_ID AS ctLnbSubId, CT_LNB_SUB_NAME AS ctLnbSubName, CT_LNB_SUB_URL AS ctLnbSubUrl FROM CT_LNB_SUB WHERE CT_LNB_ID = ? ORDER BY CT_LNB_SUB_IDX
2025-01-10 21:09:41 [http-nio-8080-exec-2] DEBUG c.s.d.m.C.selectLnbSubList - ==>  Preparing: SELECT CT_LNB_SUB_IDX AS ctLnbSubIdx, CT_LNB_ID AS ctLnbId, CT_LNB_SUB_ID AS ctLnbSubId, CT_LNB_SUB_NAME AS ctLnbSubName, CT_LNB_SUB_URL AS ctLnbSubUrl FROM CT_LNB_SUB WHERE CT_LNB_ID = ? ORDER BY CT_LNB_SUB_IDX
2025-01-10 21:09:41 [http-nio-8080-exec-7] DEBUG c.s.d.m.C.selectLnbSubList - ==>  Preparing: SELECT CT_LNB_SUB_IDX AS ctLnbSubIdx, CT_LNB_ID AS ctLnbId, CT_LNB_SUB_ID AS ctLnbSubId, CT_LNB_SUB_NAME AS ctLnbSubName, CT_LNB_SUB_URL AS ctLnbSubUrl FROM CT_LNB_SUB WHERE CT_LNB_ID = ? ORDER BY CT_LNB_SUB_IDX
2025-01-10 21:09:41 [http-nio-8080-exec-4] DEBUG c.s.d.m.C.selectLnbSubList - ==> Parameters: CT_LNB_CONTACT(String)
2025-01-10 21:09:41 [http-nio-8080-exec-7] DEBUG c.s.d.m.C.selectLnbSubList - ==> Parameters: CT_LNB_INFORMATION(String)
2025-01-10 21:09:41 [http-nio-8080-exec-2] DEBUG c.s.d.m.C.selectLnbSubList - ==> Parameters: CT_LNB_SERVICE(String)
2025-01-10 21:09:41 [http-nio-8080-exec-7] DEBUG c.s.d.m.C.selectLnbSubList - <==      Total: 2
2025-01-10 21:09:41 [http-nio-8080-exec-2] DEBUG c.s.d.m.C.selectLnbSubList - <==      Total: 4
2025-01-10 21:09:41 [http-nio-8080-exec-4] DEBUG c.s.d.m.C.selectLnbSubList - <==      Total: 2
2025-01-10 21:09:41 [http-nio-8080-exec-2] DEBUG org.mybatis.spring.SqlSessionUtils - Closing non transactional SqlSession [org.apache.ibatis.session.defaults.DefaultSqlSession@70bb2dd9]
2025-01-10 21:09:41 [http-nio-8080-exec-4] DEBUG org.mybatis.spring.SqlSessionUtils - Closing non transactional SqlSession [org.apache.ibatis.session.defaults.DefaultSqlSession@2a83935f]
2025-01-10 21:09:41 [http-nio-8080-exec-7] DEBUG org.mybatis.spring.SqlSessionUtils - Closing non transactional SqlSession [org.apache.ibatis.session.defaults.DefaultSqlSession@4bf8920e]
2025-01-10 21:09:49 [http-nio-8080-exec-5] WARN  o.t.s.p.AbstractStandardFragmentInsertionTagProcessor - [THYMELEAF][http-nio-8080-exec-5][common/layout/layout] Deprecated unwrapped fragment expression "common/fragments/header::header" found in template common/layout/layout, line 31, col 10. Please use the complete syntax of fragment expressions instead ("~{common/fragments/header::header}"). The old, unwrapped syntax for fragment expressions will be removed in future versions of Thymeleaf.
2025-01-10 21:09:49 [http-nio-8080-exec-5] WARN  o.t.s.p.AbstractStandardFragmentInsertionTagProcessor - [THYMELEAF][http-nio-8080-exec-5][common/layout/layout] Deprecated unwrapped fragment expression "common/fragments/footer::footer" found in template common/layout/layout, line 35, col 10. Please use the complete syntax of fragment expressions instead ("~{common/fragments/footer::footer}"). The old, unwrapped syntax for fragment expressions will be removed in future versions of Thymeleaf.
2025-01-10 21:09:49 [http-nio-8080-exec-5] DEBUG org.mybatis.spring.SqlSessionUtils - Creating a new SqlSession
2025-01-10 21:09:49 [http-nio-8080-exec-5] DEBUG org.mybatis.spring.SqlSessionUtils - SqlSession [org.apache.ibatis.session.defaults.DefaultSqlSession@6c668a73] was not registered for synchronization because synchronization is not active
2025-01-10 21:09:49 [http-nio-8080-exec-5] DEBUG o.m.s.t.SpringManagedTransaction - JDBC Connection [HikariProxyConnection@1421163079 wrapping com.mysql.cj.jdbc.ConnectionImpl@5782fd26] will not be managed by Spring
2025-01-10 21:09:49 [http-nio-8080-exec-5] DEBUG c.s.d.m.CommonMapper.selectLnbList - ==>  Preparing: SELECT CT_LNB_IDX AS ctLnbIdx, CT_LNB_ID AS ctLnbId, CT_LNB_NAME AS ctLnbName, CT_LNB_SUB_YN AS ctLnbSubYn, CT_LNB_URL AS ctLnbUrl, CT_LNB_USE_YN AS ctLnbUseYn FROM CT_LNB WHERE CT_LNB_USE_YN = 'Y' ORDER BY CT_LNB_IDX
2025-01-10 21:09:49 [http-nio-8080-exec-5] DEBUG c.s.d.m.CommonMapper.selectLnbList - ==> Parameters: 
2025-01-10 21:09:49 [http-nio-8080-exec-5] DEBUG c.s.d.m.CommonMapper.selectLnbList - <==      Total: 4
2025-01-10 21:09:49 [http-nio-8080-exec-5] DEBUG org.mybatis.spring.SqlSessionUtils - Closing non transactional SqlSession [org.apache.ibatis.session.defaults.DefaultSqlSession@6c668a73]
2025-01-10 21:09:49 [http-nio-8080-exec-10] DEBUG org.mybatis.spring.SqlSessionUtils - Creating a new SqlSession
2025-01-10 21:09:49 [http-nio-8080-exec-10] DEBUG org.mybatis.spring.SqlSessionUtils - SqlSession [org.apache.ibatis.session.defaults.DefaultSqlSession@61e5a3dd] was not registered for synchronization because synchronization is not active
2025-01-10 21:09:49 [http-nio-8080-exec-10] DEBUG o.m.s.t.SpringManagedTransaction - JDBC Connection [HikariProxyConnection@582270680 wrapping com.mysql.cj.jdbc.ConnectionImpl@5782fd26] will not be managed by Spring
2025-01-10 21:09:49 [http-nio-8080-exec-10] DEBUG c.s.d.m.CommonMapper.selectLnbList - ==>  Preparing: SELECT CT_LNB_IDX AS ctLnbIdx, CT_LNB_ID AS ctLnbId, CT_LNB_NAME AS ctLnbName, CT_LNB_SUB_YN AS ctLnbSubYn, CT_LNB_URL AS ctLnbUrl, CT_LNB_USE_YN AS ctLnbUseYn FROM CT_LNB WHERE CT_LNB_USE_YN = 'Y' ORDER BY CT_LNB_IDX
2025-01-10 21:09:49 [http-nio-8080-exec-10] DEBUG c.s.d.m.CommonMapper.selectLnbList - ==> Parameters: 
2025-01-10 21:09:49 [http-nio-8080-exec-10] DEBUG c.s.d.m.CommonMapper.selectLnbList - <==      Total: 4
2025-01-10 21:09:49 [http-nio-8080-exec-10] DEBUG org.mybatis.spring.SqlSessionUtils - Closing non transactional SqlSession [org.apache.ibatis.session.defaults.DefaultSqlSession@61e5a3dd]
2025-01-10 21:09:49 [http-nio-8080-exec-8] DEBUG org.mybatis.spring.SqlSessionUtils - Creating a new SqlSession
2025-01-10 21:09:49 [http-nio-8080-exec-9] DEBUG org.mybatis.spring.SqlSessionUtils - Creating a new SqlSession
2025-01-10 21:09:49 [http-nio-8080-exec-6] DEBUG org.mybatis.spring.SqlSessionUtils - Creating a new SqlSession
2025-01-10 21:09:49 [http-nio-8080-exec-8] DEBUG org.mybatis.spring.SqlSessionUtils - SqlSession [org.apache.ibatis.session.defaults.DefaultSqlSession@75fc79e0] was not registered for synchronization because synchronization is not active
2025-01-10 21:09:49 [http-nio-8080-exec-9] DEBUG org.mybatis.spring.SqlSessionUtils - SqlSession [org.apache.ibatis.session.defaults.DefaultSqlSession@469bf33f] was not registered for synchronization because synchronization is not active
2025-01-10 21:09:49 [http-nio-8080-exec-6] DEBUG org.mybatis.spring.SqlSessionUtils - SqlSession [org.apache.ibatis.session.defaults.DefaultSqlSession@96882a2] was not registered for synchronization because synchronization is not active
2025-01-10 21:09:49 [http-nio-8080-exec-8] DEBUG o.m.s.t.SpringManagedTransaction - JDBC Connection [HikariProxyConnection@1251054223 wrapping com.mysql.cj.jdbc.ConnectionImpl@5782fd26] will not be managed by Spring
2025-01-10 21:09:49 [http-nio-8080-exec-8] DEBUG c.s.d.m.C.selectLnbSubList - ==>  Preparing: SELECT CT_LNB_SUB_IDX AS ctLnbSubIdx, CT_LNB_ID AS ctLnbId, CT_LNB_SUB_ID AS ctLnbSubId, CT_LNB_SUB_NAME AS ctLnbSubName, CT_LNB_SUB_URL AS ctLnbSubUrl FROM CT_LNB_SUB WHERE CT_LNB_ID = ? ORDER BY CT_LNB_SUB_IDX
2025-01-10 21:09:49 [http-nio-8080-exec-9] DEBUG o.m.s.t.SpringManagedTransaction - JDBC Connection [HikariProxyConnection@1067883207 wrapping com.mysql.cj.jdbc.ConnectionImpl@7965d479] will not be managed by Spring
2025-01-10 21:09:49 [http-nio-8080-exec-6] DEBUG o.m.s.t.SpringManagedTransaction - JDBC Connection [HikariProxyConnection@532904234 wrapping com.mysql.cj.jdbc.ConnectionImpl@3d60f76f] will not be managed by Spring
2025-01-10 21:09:49 [http-nio-8080-exec-8] DEBUG c.s.d.m.C.selectLnbSubList - ==> Parameters: CT_LNB_SERVICE(String)
2025-01-10 21:09:49 [http-nio-8080-exec-9] DEBUG c.s.d.m.C.selectLnbSubList - ==>  Preparing: SELECT CT_LNB_SUB_IDX AS ctLnbSubIdx, CT_LNB_ID AS ctLnbId, CT_LNB_SUB_ID AS ctLnbSubId, CT_LNB_SUB_NAME AS ctLnbSubName, CT_LNB_SUB_URL AS ctLnbSubUrl FROM CT_LNB_SUB WHERE CT_LNB_ID = ? ORDER BY CT_LNB_SUB_IDX
2025-01-10 21:09:49 [http-nio-8080-exec-6] DEBUG c.s.d.m.C.selectLnbSubList - ==>  Preparing: SELECT CT_LNB_SUB_IDX AS ctLnbSubIdx, CT_LNB_ID AS ctLnbId, CT_LNB_SUB_ID AS ctLnbSubId, CT_LNB_SUB_NAME AS ctLnbSubName, CT_LNB_SUB_URL AS ctLnbSubUrl FROM CT_LNB_SUB WHERE CT_LNB_ID = ? ORDER BY CT_LNB_SUB_IDX
2025-01-10 21:09:49 [http-nio-8080-exec-9] DEBUG c.s.d.m.C.selectLnbSubList - ==> Parameters: CT_LNB_CONTACT(String)
2025-01-10 21:09:49 [http-nio-8080-exec-6] DEBUG c.s.d.m.C.selectLnbSubList - ==> Parameters: CT_LNB_INFORMATION(String)
2025-01-10 21:09:49 [http-nio-8080-exec-9] DEBUG c.s.d.m.C.selectLnbSubList - <==      Total: 2
2025-01-10 21:09:49 [http-nio-8080-exec-6] DEBUG c.s.d.m.C.selectLnbSubList - <==      Total: 2
2025-01-10 21:09:49 [http-nio-8080-exec-8] DEBUG c.s.d.m.C.selectLnbSubList - <==      Total: 4
2025-01-10 21:09:49 [http-nio-8080-exec-9] DEBUG org.mybatis.spring.SqlSessionUtils - Closing non transactional SqlSession [org.apache.ibatis.session.defaults.DefaultSqlSession@469bf33f]
2025-01-10 21:09:49 [http-nio-8080-exec-6] DEBUG org.mybatis.spring.SqlSessionUtils - Closing non transactional SqlSession [org.apache.ibatis.session.defaults.DefaultSqlSession@96882a2]
2025-01-10 21:09:49 [http-nio-8080-exec-8] DEBUG org.mybatis.spring.SqlSessionUtils - Closing non transactional SqlSession [org.apache.ibatis.session.defaults.DefaultSqlSession@75fc79e0]
2025-01-10 21:09:49 [http-nio-8080-exec-3] DEBUG org.mybatis.spring.SqlSessionUtils - Creating a new SqlSession
2025-01-10 21:09:49 [http-nio-8080-exec-1] DEBUG org.mybatis.spring.SqlSessionUtils - Creating a new SqlSession
2025-01-10 21:09:49 [http-nio-8080-exec-1] DEBUG org.mybatis.spring.SqlSessionUtils - SqlSession [org.apache.ibatis.session.defaults.DefaultSqlSession@37f1dd29] was not registered for synchronization because synchronization is not active
2025-01-10 21:09:49 [http-nio-8080-exec-3] DEBUG org.mybatis.spring.SqlSessionUtils - SqlSession [org.apache.ibatis.session.defaults.DefaultSqlSession@49f67d2c] was not registered for synchronization because synchronization is not active
2025-01-10 21:09:49 [http-nio-8080-exec-2] DEBUG org.mybatis.spring.SqlSessionUtils - Creating a new SqlSession
2025-01-10 21:09:49 [http-nio-8080-exec-2] DEBUG org.mybatis.spring.SqlSessionUtils - SqlSession [org.apache.ibatis.session.defaults.DefaultSqlSession@7c1b2518] was not registered for synchronization because synchronization is not active
2025-01-10 21:09:49 [http-nio-8080-exec-2] DEBUG o.m.s.t.SpringManagedTransaction - JDBC Connection [HikariProxyConnection@1171474151 wrapping com.mysql.cj.jdbc.ConnectionImpl@5782fd26] will not be managed by Spring
2025-01-10 21:09:49 [http-nio-8080-exec-1] DEBUG o.m.s.t.SpringManagedTransaction - JDBC Connection [HikariProxyConnection@1217226401 wrapping com.mysql.cj.jdbc.ConnectionImpl@7965d479] will not be managed by Spring
2025-01-10 21:09:49 [http-nio-8080-exec-3] DEBUG o.m.s.t.SpringManagedTransaction - JDBC Connection [HikariProxyConnection@1271987925 wrapping com.mysql.cj.jdbc.ConnectionImpl@3d60f76f] will not be managed by Spring
2025-01-10 21:09:49 [http-nio-8080-exec-2] DEBUG c.s.d.m.C.selectLnbSubList - ==>  Preparing: SELECT CT_LNB_SUB_IDX AS ctLnbSubIdx, CT_LNB_ID AS ctLnbId, CT_LNB_SUB_ID AS ctLnbSubId, CT_LNB_SUB_NAME AS ctLnbSubName, CT_LNB_SUB_URL AS ctLnbSubUrl FROM CT_LNB_SUB WHERE CT_LNB_ID = ? ORDER BY CT_LNB_SUB_IDX
2025-01-10 21:09:49 [http-nio-8080-exec-3] DEBUG c.s.d.m.C.selectLnbSubList - ==>  Preparing: SELECT CT_LNB_SUB_IDX AS ctLnbSubIdx, CT_LNB_ID AS ctLnbId, CT_LNB_SUB_ID AS ctLnbSubId, CT_LNB_SUB_NAME AS ctLnbSubName, CT_LNB_SUB_URL AS ctLnbSubUrl FROM CT_LNB_SUB WHERE CT_LNB_ID = ? ORDER BY CT_LNB_SUB_IDX
2025-01-10 21:09:49 [http-nio-8080-exec-1] DEBUG c.s.d.m.C.selectLnbSubList - ==>  Preparing: SELECT CT_LNB_SUB_IDX AS ctLnbSubIdx, CT_LNB_ID AS ctLnbId, CT_LNB_SUB_ID AS ctLnbSubId, CT_LNB_SUB_NAME AS ctLnbSubName, CT_LNB_SUB_URL AS ctLnbSubUrl FROM CT_LNB_SUB WHERE CT_LNB_ID = ? ORDER BY CT_LNB_SUB_IDX
2025-01-10 21:09:49 [http-nio-8080-exec-3] DEBUG c.s.d.m.C.selectLnbSubList - ==> Parameters: CT_LNB_SERVICE(String)
2025-01-10 21:09:49 [http-nio-8080-exec-1] DEBUG c.s.d.m.C.selectLnbSubList - ==> Parameters: CT_LNB_CONTACT(String)
2025-01-10 21:09:49 [http-nio-8080-exec-2] DEBUG c.s.d.m.C.selectLnbSubList - ==> Parameters: CT_LNB_INFORMATION(String)
2025-01-10 21:09:49 [http-nio-8080-exec-1] DEBUG c.s.d.m.C.selectLnbSubList - <==      Total: 2
2025-01-10 21:09:49 [http-nio-8080-exec-2] DEBUG c.s.d.m.C.selectLnbSubList - <==      Total: 2
2025-01-10 21:09:49 [http-nio-8080-exec-3] DEBUG c.s.d.m.C.selectLnbSubList - <==      Total: 4
2025-01-10 21:09:49 [http-nio-8080-exec-1] DEBUG org.mybatis.spring.SqlSessionUtils - Closing non transactional SqlSession [org.apache.ibatis.session.defaults.DefaultSqlSession@37f1dd29]
2025-01-10 21:09:49 [http-nio-8080-exec-2] DEBUG org.mybatis.spring.SqlSessionUtils - Closing non transactional SqlSession [org.apache.ibatis.session.defaults.DefaultSqlSession@7c1b2518]
2025-01-10 21:09:49 [http-nio-8080-exec-3] DEBUG org.mybatis.spring.SqlSessionUtils - Closing non transactional SqlSession [org.apache.ibatis.session.defaults.DefaultSqlSession@49f67d2c]
2025-01-10 21:09:59 [http-nio-8080-exec-7] WARN  o.t.s.p.AbstractStandardFragmentInsertionTagProcessor - [THYMELEAF][http-nio-8080-exec-7][common/layout/layout] Deprecated unwrapped fragment expression "common/fragments/header::header" found in template common/layout/layout, line 31, col 10. Please use the complete syntax of fragment expressions instead ("~{common/fragments/header::header}"). The old, unwrapped syntax for fragment expressions will be removed in future versions of Thymeleaf.
2025-01-10 21:09:59 [http-nio-8080-exec-7] WARN  o.t.s.p.AbstractStandardFragmentInsertionTagProcessor - [THYMELEAF][http-nio-8080-exec-7][common/layout/layout] Deprecated unwrapped fragment expression "common/fragments/footer::footer" found in template common/layout/layout, line 35, col 10. Please use the complete syntax of fragment expressions instead ("~{common/fragments/footer::footer}"). The old, unwrapped syntax for fragment expressions will be removed in future versions of Thymeleaf.
2025-01-10 21:09:59 [http-nio-8080-exec-7] DEBUG org.mybatis.spring.SqlSessionUtils - Creating a new SqlSession
2025-01-10 21:09:59 [http-nio-8080-exec-7] DEBUG org.mybatis.spring.SqlSessionUtils - SqlSession [org.apache.ibatis.session.defaults.DefaultSqlSession@14027aa0] was not registered for synchronization because synchronization is not active
2025-01-10 21:09:59 [http-nio-8080-exec-7] DEBUG o.m.s.t.SpringManagedTransaction - JDBC Connection [HikariProxyConnection@1139465063 wrapping com.mysql.cj.jdbc.ConnectionImpl@3d60f76f] will not be managed by Spring
2025-01-10 21:09:59 [http-nio-8080-exec-7] DEBUG c.s.d.m.CommonMapper.selectLnbList - ==>  Preparing: SELECT CT_LNB_IDX AS ctLnbIdx, CT_LNB_ID AS ctLnbId, CT_LNB_NAME AS ctLnbName, CT_LNB_SUB_YN AS ctLnbSubYn, CT_LNB_URL AS ctLnbUrl, CT_LNB_USE_YN AS ctLnbUseYn FROM CT_LNB WHERE CT_LNB_USE_YN = 'Y' ORDER BY CT_LNB_IDX
2025-01-10 21:09:59 [http-nio-8080-exec-7] DEBUG c.s.d.m.CommonMapper.selectLnbList - ==> Parameters: 
2025-01-10 21:09:59 [http-nio-8080-exec-7] DEBUG c.s.d.m.CommonMapper.selectLnbList - <==      Total: 4
2025-01-10 21:09:59 [http-nio-8080-exec-7] DEBUG org.mybatis.spring.SqlSessionUtils - Closing non transactional SqlSession [org.apache.ibatis.session.defaults.DefaultSqlSession@14027aa0]
2025-01-10 21:09:59 [http-nio-8080-exec-6] DEBUG org.mybatis.spring.SqlSessionUtils - Creating a new SqlSession
2025-01-10 21:09:59 [http-nio-8080-exec-6] DEBUG org.mybatis.spring.SqlSessionUtils - SqlSession [org.apache.ibatis.session.defaults.DefaultSqlSession@6f2ba3ef] was not registered for synchronization because synchronization is not active
2025-01-10 21:09:59 [http-nio-8080-exec-6] DEBUG o.m.s.t.SpringManagedTransaction - JDBC Connection [HikariProxyConnection@1797627145 wrapping com.mysql.cj.jdbc.ConnectionImpl@3d60f76f] will not be managed by Spring
2025-01-10 21:09:59 [http-nio-8080-exec-6] DEBUG c.s.d.m.CommonMapper.selectLnbList - ==>  Preparing: SELECT CT_LNB_IDX AS ctLnbIdx, CT_LNB_ID AS ctLnbId, CT_LNB_NAME AS ctLnbName, CT_LNB_SUB_YN AS ctLnbSubYn, CT_LNB_URL AS ctLnbUrl, CT_LNB_USE_YN AS ctLnbUseYn FROM CT_LNB WHERE CT_LNB_USE_YN = 'Y' ORDER BY CT_LNB_IDX
2025-01-10 21:09:59 [http-nio-8080-exec-6] DEBUG c.s.d.m.CommonMapper.selectLnbList - ==> Parameters: 
2025-01-10 21:09:59 [http-nio-8080-exec-6] DEBUG c.s.d.m.CommonMapper.selectLnbList - <==      Total: 4
2025-01-10 21:09:59 [http-nio-8080-exec-6] DEBUG org.mybatis.spring.SqlSessionUtils - Closing non transactional SqlSession [org.apache.ibatis.session.defaults.DefaultSqlSession@6f2ba3ef]
2025-01-10 21:09:59 [http-nio-8080-exec-9] DEBUG org.mybatis.spring.SqlSessionUtils - Creating a new SqlSession
2025-01-10 21:09:59 [http-nio-8080-exec-4] DEBUG org.mybatis.spring.SqlSessionUtils - Creating a new SqlSession
2025-01-10 21:09:59 [http-nio-8080-exec-5] DEBUG org.mybatis.spring.SqlSessionUtils - Creating a new SqlSession
2025-01-10 21:09:59 [http-nio-8080-exec-9] DEBUG org.mybatis.spring.SqlSessionUtils - SqlSession [org.apache.ibatis.session.defaults.DefaultSqlSession@6395a40e] was not registered for synchronization because synchronization is not active
2025-01-10 21:09:59 [http-nio-8080-exec-4] DEBUG org.mybatis.spring.SqlSessionUtils - SqlSession [org.apache.ibatis.session.defaults.DefaultSqlSession@2c4dcbde] was not registered for synchronization because synchronization is not active
2025-01-10 21:09:59 [http-nio-8080-exec-5] DEBUG org.mybatis.spring.SqlSessionUtils - SqlSession [org.apache.ibatis.session.defaults.DefaultSqlSession@6e41a4f9] was not registered for synchronization because synchronization is not active
2025-01-10 21:09:59 [http-nio-8080-exec-4] DEBUG o.m.s.t.SpringManagedTransaction - JDBC Connection [HikariProxyConnection@2080030003 wrapping com.mysql.cj.jdbc.ConnectionImpl@3d60f76f] will not be managed by Spring
2025-01-10 21:09:59 [http-nio-8080-exec-4] DEBUG c.s.d.m.C.selectLnbSubList - ==>  Preparing: SELECT CT_LNB_SUB_IDX AS ctLnbSubIdx, CT_LNB_ID AS ctLnbId, CT_LNB_SUB_ID AS ctLnbSubId, CT_LNB_SUB_NAME AS ctLnbSubName, CT_LNB_SUB_URL AS ctLnbSubUrl FROM CT_LNB_SUB WHERE CT_LNB_ID = ? ORDER BY CT_LNB_SUB_IDX
2025-01-10 21:09:59 [http-nio-8080-exec-9] DEBUG o.m.s.t.SpringManagedTransaction - JDBC Connection [HikariProxyConnection@1760459289 wrapping com.mysql.cj.jdbc.ConnectionImpl@7965d479] will not be managed by Spring
2025-01-10 21:09:59 [http-nio-8080-exec-5] DEBUG o.m.s.t.SpringManagedTransaction - JDBC Connection [HikariProxyConnection@324783220 wrapping com.mysql.cj.jdbc.ConnectionImpl@5782fd26] will not be managed by Spring
2025-01-10 21:09:59 [http-nio-8080-exec-4] DEBUG c.s.d.m.C.selectLnbSubList - ==> Parameters: CT_LNB_INFORMATION(String)
2025-01-10 21:09:59 [http-nio-8080-exec-5] DEBUG c.s.d.m.C.selectLnbSubList - ==>  Preparing: SELECT CT_LNB_SUB_IDX AS ctLnbSubIdx, CT_LNB_ID AS ctLnbId, CT_LNB_SUB_ID AS ctLnbSubId, CT_LNB_SUB_NAME AS ctLnbSubName, CT_LNB_SUB_URL AS ctLnbSubUrl FROM CT_LNB_SUB WHERE CT_LNB_ID = ? ORDER BY CT_LNB_SUB_IDX
2025-01-10 21:09:59 [http-nio-8080-exec-9] DEBUG c.s.d.m.C.selectLnbSubList - ==>  Preparing: SELECT CT_LNB_SUB_IDX AS ctLnbSubIdx, CT_LNB_ID AS ctLnbId, CT_LNB_SUB_ID AS ctLnbSubId, CT_LNB_SUB_NAME AS ctLnbSubName, CT_LNB_SUB_URL AS ctLnbSubUrl FROM CT_LNB_SUB WHERE CT_LNB_ID = ? ORDER BY CT_LNB_SUB_IDX
2025-01-10 21:09:59 [http-nio-8080-exec-5] DEBUG c.s.d.m.C.selectLnbSubList - ==> Parameters: CT_LNB_CONTACT(String)
2025-01-10 21:09:59 [http-nio-8080-exec-9] DEBUG c.s.d.m.C.selectLnbSubList - ==> Parameters: CT_LNB_SERVICE(String)
2025-01-10 21:09:59 [http-nio-8080-exec-4] DEBUG c.s.d.m.C.selectLnbSubList - <==      Total: 2
2025-01-10 21:09:59 [http-nio-8080-exec-5] DEBUG c.s.d.m.C.selectLnbSubList - <==      Total: 2
2025-01-10 21:09:59 [http-nio-8080-exec-9] DEBUG c.s.d.m.C.selectLnbSubList - <==      Total: 4
2025-01-10 21:09:59 [http-nio-8080-exec-5] DEBUG org.mybatis.spring.SqlSessionUtils - Closing non transactional SqlSession [org.apache.ibatis.session.defaults.DefaultSqlSession@6e41a4f9]
2025-01-10 21:09:59 [http-nio-8080-exec-4] DEBUG org.mybatis.spring.SqlSessionUtils - Closing non transactional SqlSession [org.apache.ibatis.session.defaults.DefaultSqlSession@2c4dcbde]
2025-01-10 21:09:59 [http-nio-8080-exec-9] DEBUG org.mybatis.spring.SqlSessionUtils - Closing non transactional SqlSession [org.apache.ibatis.session.defaults.DefaultSqlSession@6395a40e]
2025-01-10 21:09:59 [http-nio-8080-exec-10] DEBUG org.mybatis.spring.SqlSessionUtils - Creating a new SqlSession
2025-01-10 21:09:59 [http-nio-8080-exec-10] DEBUG org.mybatis.spring.SqlSessionUtils - SqlSession [org.apache.ibatis.session.defaults.DefaultSqlSession@1d3aff5a] was not registered for synchronization because synchronization is not active
2025-01-10 21:09:59 [http-nio-8080-exec-1] DEBUG org.mybatis.spring.SqlSessionUtils - Creating a new SqlSession
2025-01-10 21:09:59 [http-nio-8080-exec-8] DEBUG org.mybatis.spring.SqlSessionUtils - Creating a new SqlSession
2025-01-10 21:09:59 [http-nio-8080-exec-1] DEBUG org.mybatis.spring.SqlSessionUtils - SqlSession [org.apache.ibatis.session.defaults.DefaultSqlSession@787aa1a2] was not registered for synchronization because synchronization is not active
2025-01-10 21:09:59 [http-nio-8080-exec-8] DEBUG org.mybatis.spring.SqlSessionUtils - SqlSession [org.apache.ibatis.session.defaults.DefaultSqlSession@a38be79] was not registered for synchronization because synchronization is not active
2025-01-10 21:09:59 [http-nio-8080-exec-10] DEBUG o.m.s.t.SpringManagedTransaction - JDBC Connection [HikariProxyConnection@452968539 wrapping com.mysql.cj.jdbc.ConnectionImpl@5782fd26] will not be managed by Spring
2025-01-10 21:09:59 [http-nio-8080-exec-1] DEBUG o.m.s.t.SpringManagedTransaction - JDBC Connection [HikariProxyConnection@1541503074 wrapping com.mysql.cj.jdbc.ConnectionImpl@7965d479] will not be managed by Spring
2025-01-10 21:09:59 [http-nio-8080-exec-8] DEBUG o.m.s.t.SpringManagedTransaction - JDBC Connection [HikariProxyConnection@1283149915 wrapping com.mysql.cj.jdbc.ConnectionImpl@3d60f76f] will not be managed by Spring
2025-01-10 21:09:59 [http-nio-8080-exec-10] DEBUG c.s.d.m.C.selectLnbSubList - ==>  Preparing: SELECT CT_LNB_SUB_IDX AS ctLnbSubIdx, CT_LNB_ID AS ctLnbId, CT_LNB_SUB_ID AS ctLnbSubId, CT_LNB_SUB_NAME AS ctLnbSubName, CT_LNB_SUB_URL AS ctLnbSubUrl FROM CT_LNB_SUB WHERE CT_LNB_ID = ? ORDER BY CT_LNB_SUB_IDX
2025-01-10 21:09:59 [http-nio-8080-exec-1] DEBUG c.s.d.m.C.selectLnbSubList - ==>  Preparing: SELECT CT_LNB_SUB_IDX AS ctLnbSubIdx, CT_LNB_ID AS ctLnbId, CT_LNB_SUB_ID AS ctLnbSubId, CT_LNB_SUB_NAME AS ctLnbSubName, CT_LNB_SUB_URL AS ctLnbSubUrl FROM CT_LNB_SUB WHERE CT_LNB_ID = ? ORDER BY CT_LNB_SUB_IDX
2025-01-10 21:09:59 [http-nio-8080-exec-8] DEBUG c.s.d.m.C.selectLnbSubList - ==>  Preparing: SELECT CT_LNB_SUB_IDX AS ctLnbSubIdx, CT_LNB_ID AS ctLnbId, CT_LNB_SUB_ID AS ctLnbSubId, CT_LNB_SUB_NAME AS ctLnbSubName, CT_LNB_SUB_URL AS ctLnbSubUrl FROM CT_LNB_SUB WHERE CT_LNB_ID = ? ORDER BY CT_LNB_SUB_IDX
2025-01-10 21:09:59 [http-nio-8080-exec-1] DEBUG c.s.d.m.C.selectLnbSubList - ==> Parameters: CT_LNB_CONTACT(String)
2025-01-10 21:09:59 [http-nio-8080-exec-10] DEBUG c.s.d.m.C.selectLnbSubList - ==> Parameters: CT_LNB_INFORMATION(String)
2025-01-10 21:09:59 [http-nio-8080-exec-8] DEBUG c.s.d.m.C.selectLnbSubList - ==> Parameters: CT_LNB_SERVICE(String)
2025-01-10 21:09:59 [http-nio-8080-exec-1] DEBUG c.s.d.m.C.selectLnbSubList - <==      Total: 2
2025-01-10 21:09:59 [http-nio-8080-exec-10] DEBUG c.s.d.m.C.selectLnbSubList - <==      Total: 2
2025-01-10 21:09:59 [http-nio-8080-exec-8] DEBUG c.s.d.m.C.selectLnbSubList - <==      Total: 4
2025-01-10 21:09:59 [http-nio-8080-exec-10] DEBUG org.mybatis.spring.SqlSessionUtils - Closing non transactional SqlSession [org.apache.ibatis.session.defaults.DefaultSqlSession@1d3aff5a]
2025-01-10 21:09:59 [http-nio-8080-exec-8] DEBUG org.mybatis.spring.SqlSessionUtils - Closing non transactional SqlSession [org.apache.ibatis.session.defaults.DefaultSqlSession@a38be79]
2025-01-10 21:09:59 [http-nio-8080-exec-1] DEBUG org.mybatis.spring.SqlSessionUtils - Closing non transactional SqlSession [org.apache.ibatis.session.defaults.DefaultSqlSession@787aa1a2]
2025-01-10 21:10:04 [http-nio-8080-exec-2] WARN  o.t.s.p.AbstractStandardFragmentInsertionTagProcessor - [THYMELEAF][http-nio-8080-exec-2][common/layout/layout] Deprecated unwrapped fragment expression "common/fragments/header::header" found in template common/layout/layout, line 31, col 10. Please use the complete syntax of fragment expressions instead ("~{common/fragments/header::header}"). The old, unwrapped syntax for fragment expressions will be removed in future versions of Thymeleaf.
2025-01-10 21:10:04 [http-nio-8080-exec-2] WARN  o.t.s.p.AbstractStandardFragmentInsertionTagProcessor - [THYMELEAF][http-nio-8080-exec-2][common/layout/layout] Deprecated unwrapped fragment expression "common/fragments/footer::footer" found in template common/layout/layout, line 35, col 10. Please use the complete syntax of fragment expressions instead ("~{common/fragments/footer::footer}"). The old, unwrapped syntax for fragment expressions will be removed in future versions of Thymeleaf.
2025-01-10 21:10:04 [http-nio-8080-exec-2] DEBUG org.mybatis.spring.SqlSessionUtils - Creating a new SqlSession
2025-01-10 21:10:04 [http-nio-8080-exec-2] DEBUG org.mybatis.spring.SqlSessionUtils - SqlSession [org.apache.ibatis.session.defaults.DefaultSqlSession@1679a537] was not registered for synchronization because synchronization is not active
2025-01-10 21:10:04 [http-nio-8080-exec-2] DEBUG o.m.s.t.SpringManagedTransaction - JDBC Connection [HikariProxyConnection@1345254634 wrapping com.mysql.cj.jdbc.ConnectionImpl@5782fd26] will not be managed by Spring
2025-01-10 21:10:04 [http-nio-8080-exec-2] DEBUG c.s.d.m.CommonMapper.selectLnbList - ==>  Preparing: SELECT CT_LNB_IDX AS ctLnbIdx, CT_LNB_ID AS ctLnbId, CT_LNB_NAME AS ctLnbName, CT_LNB_SUB_YN AS ctLnbSubYn, CT_LNB_URL AS ctLnbUrl, CT_LNB_USE_YN AS ctLnbUseYn FROM CT_LNB WHERE CT_LNB_USE_YN = 'Y' ORDER BY CT_LNB_IDX
2025-01-10 21:10:04 [http-nio-8080-exec-2] DEBUG c.s.d.m.CommonMapper.selectLnbList - ==> Parameters: 
2025-01-10 21:10:04 [http-nio-8080-exec-2] DEBUG c.s.d.m.CommonMapper.selectLnbList - <==      Total: 4
2025-01-10 21:10:04 [http-nio-8080-exec-2] DEBUG org.mybatis.spring.SqlSessionUtils - Closing non transactional SqlSession [org.apache.ibatis.session.defaults.DefaultSqlSession@1679a537]
2025-01-10 21:10:04 [http-nio-8080-exec-3] DEBUG org.mybatis.spring.SqlSessionUtils - Creating a new SqlSession
2025-01-10 21:10:04 [http-nio-8080-exec-3] DEBUG org.mybatis.spring.SqlSessionUtils - SqlSession [org.apache.ibatis.session.defaults.DefaultSqlSession@5a146a65] was not registered for synchronization because synchronization is not active
2025-01-10 21:10:04 [http-nio-8080-exec-3] DEBUG o.m.s.t.SpringManagedTransaction - JDBC Connection [HikariProxyConnection@1079385972 wrapping com.mysql.cj.jdbc.ConnectionImpl@3d60f76f] will not be managed by Spring
2025-01-10 21:10:04 [http-nio-8080-exec-3] DEBUG c.s.d.m.CommonMapper.selectLnbList - ==>  Preparing: SELECT CT_LNB_IDX AS ctLnbIdx, CT_LNB_ID AS ctLnbId, CT_LNB_NAME AS ctLnbName, CT_LNB_SUB_YN AS ctLnbSubYn, CT_LNB_URL AS ctLnbUrl, CT_LNB_USE_YN AS ctLnbUseYn FROM CT_LNB WHERE CT_LNB_USE_YN = 'Y' ORDER BY CT_LNB_IDX
2025-01-10 21:10:04 [http-nio-8080-exec-3] DEBUG c.s.d.m.CommonMapper.selectLnbList - ==> Parameters: 
2025-01-10 21:10:04 [http-nio-8080-exec-3] DEBUG c.s.d.m.CommonMapper.selectLnbList - <==      Total: 4
2025-01-10 21:10:04 [http-nio-8080-exec-3] DEBUG org.mybatis.spring.SqlSessionUtils - Closing non transactional SqlSession [org.apache.ibatis.session.defaults.DefaultSqlSession@5a146a65]
2025-01-10 21:10:04 [http-nio-8080-exec-6] DEBUG org.mybatis.spring.SqlSessionUtils - Creating a new SqlSession
2025-01-10 21:10:04 [http-nio-8080-exec-7] DEBUG org.mybatis.spring.SqlSessionUtils - Creating a new SqlSession
2025-01-10 21:10:04 [http-nio-8080-exec-5] DEBUG org.mybatis.spring.SqlSessionUtils - Creating a new SqlSession
2025-01-10 21:10:04 [http-nio-8080-exec-7] DEBUG org.mybatis.spring.SqlSessionUtils - SqlSession [org.apache.ibatis.session.defaults.DefaultSqlSession@3ee7558f] was not registered for synchronization because synchronization is not active
2025-01-10 21:10:04 [http-nio-8080-exec-6] DEBUG org.mybatis.spring.SqlSessionUtils - SqlSession [org.apache.ibatis.session.defaults.DefaultSqlSession@19e52cd8] was not registered for synchronization because synchronization is not active
2025-01-10 21:10:04 [http-nio-8080-exec-5] DEBUG org.mybatis.spring.SqlSessionUtils - SqlSession [org.apache.ibatis.session.defaults.DefaultSqlSession@4b0568c8] was not registered for synchronization because synchronization is not active
2025-01-10 21:10:04 [http-nio-8080-exec-7] DEBUG o.m.s.t.SpringManagedTransaction - JDBC Connection [HikariProxyConnection@725844183 wrapping com.mysql.cj.jdbc.ConnectionImpl@3d60f76f] will not be managed by Spring
2025-01-10 21:10:04 [http-nio-8080-exec-6] DEBUG o.m.s.t.SpringManagedTransaction - JDBC Connection [HikariProxyConnection@1592731448 wrapping com.mysql.cj.jdbc.ConnectionImpl@5782fd26] will not be managed by Spring
2025-01-10 21:10:04 [http-nio-8080-exec-7] DEBUG c.s.d.m.C.selectLnbSubList - ==>  Preparing: SELECT CT_LNB_SUB_IDX AS ctLnbSubIdx, CT_LNB_ID AS ctLnbId, CT_LNB_SUB_ID AS ctLnbSubId, CT_LNB_SUB_NAME AS ctLnbSubName, CT_LNB_SUB_URL AS ctLnbSubUrl FROM CT_LNB_SUB WHERE CT_LNB_ID = ? ORDER BY CT_LNB_SUB_IDX
2025-01-10 21:10:04 [http-nio-8080-exec-6] DEBUG c.s.d.m.C.selectLnbSubList - ==>  Preparing: SELECT CT_LNB_SUB_IDX AS ctLnbSubIdx, CT_LNB_ID AS ctLnbId, CT_LNB_SUB_ID AS ctLnbSubId, CT_LNB_SUB_NAME AS ctLnbSubName, CT_LNB_SUB_URL AS ctLnbSubUrl FROM CT_LNB_SUB WHERE CT_LNB_ID = ? ORDER BY CT_LNB_SUB_IDX
2025-01-10 21:10:04 [http-nio-8080-exec-5] DEBUG o.m.s.t.SpringManagedTransaction - JDBC Connection [HikariProxyConnection@116401584 wrapping com.mysql.cj.jdbc.ConnectionImpl@7965d479] will not be managed by Spring
2025-01-10 21:10:04 [http-nio-8080-exec-7] DEBUG c.s.d.m.C.selectLnbSubList - ==> Parameters: CT_LNB_SERVICE(String)
2025-01-10 21:10:04 [http-nio-8080-exec-6] DEBUG c.s.d.m.C.selectLnbSubList - ==> Parameters: CT_LNB_INFORMATION(String)
2025-01-10 21:10:04 [http-nio-8080-exec-5] DEBUG c.s.d.m.C.selectLnbSubList - ==>  Preparing: SELECT CT_LNB_SUB_IDX AS ctLnbSubIdx, CT_LNB_ID AS ctLnbId, CT_LNB_SUB_ID AS ctLnbSubId, CT_LNB_SUB_NAME AS ctLnbSubName, CT_LNB_SUB_URL AS ctLnbSubUrl FROM CT_LNB_SUB WHERE CT_LNB_ID = ? ORDER BY CT_LNB_SUB_IDX
2025-01-10 21:10:04 [http-nio-8080-exec-5] DEBUG c.s.d.m.C.selectLnbSubList - ==> Parameters: CT_LNB_CONTACT(String)
2025-01-10 21:10:04 [http-nio-8080-exec-5] DEBUG c.s.d.m.C.selectLnbSubList - <==      Total: 2
2025-01-10 21:10:04 [http-nio-8080-exec-6] DEBUG c.s.d.m.C.selectLnbSubList - <==      Total: 2
2025-01-10 21:10:04 [http-nio-8080-exec-7] DEBUG c.s.d.m.C.selectLnbSubList - <==      Total: 4
2025-01-10 21:10:04 [http-nio-8080-exec-5] DEBUG org.mybatis.spring.SqlSessionUtils - Closing non transactional SqlSession [org.apache.ibatis.session.defaults.DefaultSqlSession@4b0568c8]
2025-01-10 21:10:04 [http-nio-8080-exec-6] DEBUG org.mybatis.spring.SqlSessionUtils - Closing non transactional SqlSession [org.apache.ibatis.session.defaults.DefaultSqlSession@19e52cd8]
2025-01-10 21:10:04 [http-nio-8080-exec-7] DEBUG org.mybatis.spring.SqlSessionUtils - Closing non transactional SqlSession [org.apache.ibatis.session.defaults.DefaultSqlSession@3ee7558f]
2025-01-10 21:10:04 [http-nio-8080-exec-1] DEBUG org.mybatis.spring.SqlSessionUtils - Creating a new SqlSession
2025-01-10 21:10:04 [http-nio-8080-exec-8] DEBUG org.mybatis.spring.SqlSessionUtils - Creating a new SqlSession
2025-01-10 21:10:04 [http-nio-8080-exec-4] DEBUG org.mybatis.spring.SqlSessionUtils - Creating a new SqlSession
2025-01-10 21:10:04 [http-nio-8080-exec-1] DEBUG org.mybatis.spring.SqlSessionUtils - SqlSession [org.apache.ibatis.session.defaults.DefaultSqlSession@531be79d] was not registered for synchronization because synchronization is not active
2025-01-10 21:10:04 [http-nio-8080-exec-4] DEBUG org.mybatis.spring.SqlSessionUtils - SqlSession [org.apache.ibatis.session.defaults.DefaultSqlSession@74068741] was not registered for synchronization because synchronization is not active
2025-01-10 21:10:04 [http-nio-8080-exec-8] DEBUG org.mybatis.spring.SqlSessionUtils - SqlSession [org.apache.ibatis.session.defaults.DefaultSqlSession@6ca96825] was not registered for synchronization because synchronization is not active
2025-01-10 21:10:04 [http-nio-8080-exec-4] DEBUG o.m.s.t.SpringManagedTransaction - JDBC Connection [HikariProxyConnection@1513865175 wrapping com.mysql.cj.jdbc.ConnectionImpl@5782fd26] will not be managed by Spring
2025-01-10 21:10:04 [http-nio-8080-exec-8] DEBUG o.m.s.t.SpringManagedTransaction - JDBC Connection [HikariProxyConnection@2059801699 wrapping com.mysql.cj.jdbc.ConnectionImpl@3d60f76f] will not be managed by Spring
2025-01-10 21:10:04 [http-nio-8080-exec-1] DEBUG o.m.s.t.SpringManagedTransaction - JDBC Connection [HikariProxyConnection@57255924 wrapping com.mysql.cj.jdbc.ConnectionImpl@7965d479] will not be managed by Spring
2025-01-10 21:10:04 [http-nio-8080-exec-4] DEBUG c.s.d.m.C.selectLnbSubList - ==>  Preparing: SELECT CT_LNB_SUB_IDX AS ctLnbSubIdx, CT_LNB_ID AS ctLnbId, CT_LNB_SUB_ID AS ctLnbSubId, CT_LNB_SUB_NAME AS ctLnbSubName, CT_LNB_SUB_URL AS ctLnbSubUrl FROM CT_LNB_SUB WHERE CT_LNB_ID = ? ORDER BY CT_LNB_SUB_IDX
2025-01-10 21:10:04 [http-nio-8080-exec-8] DEBUG c.s.d.m.C.selectLnbSubList - ==>  Preparing: SELECT CT_LNB_SUB_IDX AS ctLnbSubIdx, CT_LNB_ID AS ctLnbId, CT_LNB_SUB_ID AS ctLnbSubId, CT_LNB_SUB_NAME AS ctLnbSubName, CT_LNB_SUB_URL AS ctLnbSubUrl FROM CT_LNB_SUB WHERE CT_LNB_ID = ? ORDER BY CT_LNB_SUB_IDX
2025-01-10 21:10:04 [http-nio-8080-exec-1] DEBUG c.s.d.m.C.selectLnbSubList - ==>  Preparing: SELECT CT_LNB_SUB_IDX AS ctLnbSubIdx, CT_LNB_ID AS ctLnbId, CT_LNB_SUB_ID AS ctLnbSubId, CT_LNB_SUB_NAME AS ctLnbSubName, CT_LNB_SUB_URL AS ctLnbSubUrl FROM CT_LNB_SUB WHERE CT_LNB_ID = ? ORDER BY CT_LNB_SUB_IDX
2025-01-10 21:10:04 [http-nio-8080-exec-4] DEBUG c.s.d.m.C.selectLnbSubList - ==> Parameters: CT_LNB_CONTACT(String)
2025-01-10 21:10:04 [http-nio-8080-exec-8] DEBUG c.s.d.m.C.selectLnbSubList - ==> Parameters: CT_LNB_INFORMATION(String)
2025-01-10 21:10:04 [http-nio-8080-exec-1] DEBUG c.s.d.m.C.selectLnbSubList - ==> Parameters: CT_LNB_SERVICE(String)
2025-01-10 21:10:04 [http-nio-8080-exec-4] DEBUG c.s.d.m.C.selectLnbSubList - <==      Total: 2
2025-01-10 21:10:04 [http-nio-8080-exec-8] DEBUG c.s.d.m.C.selectLnbSubList - <==      Total: 2
2025-01-10 21:10:04 [http-nio-8080-exec-1] DEBUG c.s.d.m.C.selectLnbSubList - <==      Total: 4
2025-01-10 21:10:04 [http-nio-8080-exec-8] DEBUG org.mybatis.spring.SqlSessionUtils - Closing non transactional SqlSession [org.apache.ibatis.session.defaults.DefaultSqlSession@6ca96825]
2025-01-10 21:10:04 [http-nio-8080-exec-4] DEBUG org.mybatis.spring.SqlSessionUtils - Closing non transactional SqlSession [org.apache.ibatis.session.defaults.DefaultSqlSession@74068741]
2025-01-10 21:10:04 [http-nio-8080-exec-1] DEBUG org.mybatis.spring.SqlSessionUtils - Closing non transactional SqlSession [org.apache.ibatis.session.defaults.DefaultSqlSession@531be79d]
2025-01-10 21:13:14 [http-nio-8080-exec-10] WARN  o.t.s.p.AbstractStandardFragmentInsertionTagProcessor - [THYMELEAF][http-nio-8080-exec-10][common/layout/layout] Deprecated unwrapped fragment expression "common/fragments/header::header" found in template common/layout/layout, line 31, col 10. Please use the complete syntax of fragment expressions instead ("~{common/fragments/header::header}"). The old, unwrapped syntax for fragment expressions will be removed in future versions of Thymeleaf.
2025-01-10 21:13:14 [http-nio-8080-exec-10] WARN  o.t.s.p.AbstractStandardFragmentInsertionTagProcessor - [THYMELEAF][http-nio-8080-exec-10][common/layout/layout] Deprecated unwrapped fragment expression "common/fragments/footer::footer" found in template common/layout/layout, line 35, col 10. Please use the complete syntax of fragment expressions instead ("~{common/fragments/footer::footer}"). The old, unwrapped syntax for fragment expressions will be removed in future versions of Thymeleaf.
2025-01-10 21:13:14 [http-nio-8080-exec-10] DEBUG org.mybatis.spring.SqlSessionUtils - Creating a new SqlSession
2025-01-10 21:13:14 [http-nio-8080-exec-10] DEBUG org.mybatis.spring.SqlSessionUtils - SqlSession [org.apache.ibatis.session.defaults.DefaultSqlSession@6d634408] was not registered for synchronization because synchronization is not active
2025-01-10 21:13:14 [http-nio-8080-exec-10] DEBUG o.m.s.t.SpringManagedTransaction - JDBC Connection [HikariProxyConnection@554972410 wrapping com.mysql.cj.jdbc.ConnectionImpl@5782fd26] will not be managed by Spring
2025-01-10 21:13:14 [http-nio-8080-exec-10] DEBUG c.s.d.m.CommonMapper.selectLnbList - ==>  Preparing: SELECT CT_LNB_IDX AS ctLnbIdx, CT_LNB_ID AS ctLnbId, CT_LNB_NAME AS ctLnbName, CT_LNB_SUB_YN AS ctLnbSubYn, CT_LNB_URL AS ctLnbUrl, CT_LNB_USE_YN AS ctLnbUseYn FROM CT_LNB WHERE CT_LNB_USE_YN = 'Y' ORDER BY CT_LNB_IDX
2025-01-10 21:13:14 [http-nio-8080-exec-10] DEBUG c.s.d.m.CommonMapper.selectLnbList - ==> Parameters: 
2025-01-10 21:13:14 [http-nio-8080-exec-10] DEBUG c.s.d.m.CommonMapper.selectLnbList - <==      Total: 4
2025-01-10 21:13:14 [http-nio-8080-exec-10] DEBUG org.mybatis.spring.SqlSessionUtils - Closing non transactional SqlSession [org.apache.ibatis.session.defaults.DefaultSqlSession@6d634408]
2025-01-10 21:13:14 [http-nio-8080-exec-2] DEBUG org.mybatis.spring.SqlSessionUtils - Creating a new SqlSession
2025-01-10 21:13:14 [http-nio-8080-exec-2] DEBUG org.mybatis.spring.SqlSessionUtils - SqlSession [org.apache.ibatis.session.defaults.DefaultSqlSession@4f1ddf0e] was not registered for synchronization because synchronization is not active
2025-01-10 21:13:14 [http-nio-8080-exec-2] DEBUG o.m.s.t.SpringManagedTransaction - JDBC Connection [HikariProxyConnection@1464601453 wrapping com.mysql.cj.jdbc.ConnectionImpl@5782fd26] will not be managed by Spring
2025-01-10 21:13:14 [http-nio-8080-exec-2] DEBUG c.s.d.m.CommonMapper.selectLnbList - ==>  Preparing: SELECT CT_LNB_IDX AS ctLnbIdx, CT_LNB_ID AS ctLnbId, CT_LNB_NAME AS ctLnbName, CT_LNB_SUB_YN AS ctLnbSubYn, CT_LNB_URL AS ctLnbUrl, CT_LNB_USE_YN AS ctLnbUseYn FROM CT_LNB WHERE CT_LNB_USE_YN = 'Y' ORDER BY CT_LNB_IDX
2025-01-10 21:13:14 [http-nio-8080-exec-2] DEBUG c.s.d.m.CommonMapper.selectLnbList - ==> Parameters: 
2025-01-10 21:13:14 [http-nio-8080-exec-2] DEBUG c.s.d.m.CommonMapper.selectLnbList - <==      Total: 4
2025-01-10 21:13:14 [http-nio-8080-exec-2] DEBUG org.mybatis.spring.SqlSessionUtils - Closing non transactional SqlSession [org.apache.ibatis.session.defaults.DefaultSqlSession@4f1ddf0e]
2025-01-10 21:13:14 [http-nio-8080-exec-9] DEBUG org.mybatis.spring.SqlSessionUtils - Creating a new SqlSession
2025-01-10 21:13:14 [http-nio-8080-exec-9] DEBUG org.mybatis.spring.SqlSessionUtils - SqlSession [org.apache.ibatis.session.defaults.DefaultSqlSession@3bd37eaa] was not registered for synchronization because synchronization is not active
2025-01-10 21:13:14 [http-nio-8080-exec-9] DEBUG o.m.s.t.SpringManagedTransaction - JDBC Connection [HikariProxyConnection@445547915 wrapping com.mysql.cj.jdbc.ConnectionImpl@7965d479] will not be managed by Spring
2025-01-10 21:13:14 [http-nio-8080-exec-9] DEBUG c.s.d.m.C.selectLnbSubList - ==>  Preparing: SELECT CT_LNB_SUB_IDX AS ctLnbSubIdx, CT_LNB_ID AS ctLnbId, CT_LNB_SUB_ID AS ctLnbSubId, CT_LNB_SUB_NAME AS ctLnbSubName, CT_LNB_SUB_URL AS ctLnbSubUrl FROM CT_LNB_SUB WHERE CT_LNB_ID = ? ORDER BY CT_LNB_SUB_IDX
2025-01-10 21:13:14 [http-nio-8080-exec-9] DEBUG c.s.d.m.C.selectLnbSubList - ==> Parameters: CT_LNB_INFORMATION(String)
2025-01-10 21:13:14 [http-nio-8080-exec-5] DEBUG org.mybatis.spring.SqlSessionUtils - Creating a new SqlSession
2025-01-10 21:13:14 [http-nio-8080-exec-3] DEBUG org.mybatis.spring.SqlSessionUtils - Creating a new SqlSession
2025-01-10 21:13:14 [http-nio-8080-exec-5] DEBUG org.mybatis.spring.SqlSessionUtils - SqlSession [org.apache.ibatis.session.defaults.DefaultSqlSession@13558ca2] was not registered for synchronization because synchronization is not active
2025-01-10 21:13:14 [http-nio-8080-exec-3] DEBUG org.mybatis.spring.SqlSessionUtils - SqlSession [org.apache.ibatis.session.defaults.DefaultSqlSession@1bff8680] was not registered for synchronization because synchronization is not active
2025-01-10 21:13:14 [http-nio-8080-exec-9] DEBUG c.s.d.m.C.selectLnbSubList - <==      Total: 2
2025-01-10 21:13:14 [http-nio-8080-exec-5] DEBUG o.m.s.t.SpringManagedTransaction - JDBC Connection [HikariProxyConnection@336586461 wrapping com.mysql.cj.jdbc.ConnectionImpl@5782fd26] will not be managed by Spring
2025-01-10 21:13:14 [http-nio-8080-exec-5] DEBUG c.s.d.m.C.selectLnbSubList - ==>  Preparing: SELECT CT_LNB_SUB_IDX AS ctLnbSubIdx, CT_LNB_ID AS ctLnbId, CT_LNB_SUB_ID AS ctLnbSubId, CT_LNB_SUB_NAME AS ctLnbSubName, CT_LNB_SUB_URL AS ctLnbSubUrl FROM CT_LNB_SUB WHERE CT_LNB_ID = ? ORDER BY CT_LNB_SUB_IDX
2025-01-10 21:13:14 [http-nio-8080-exec-9] DEBUG org.mybatis.spring.SqlSessionUtils - Closing non transactional SqlSession [org.apache.ibatis.session.defaults.DefaultSqlSession@3bd37eaa]
2025-01-10 21:13:14 [http-nio-8080-exec-3] DEBUG o.m.s.t.SpringManagedTransaction - JDBC Connection [HikariProxyConnection@1075316330 wrapping com.mysql.cj.jdbc.ConnectionImpl@3d60f76f] will not be managed by Spring
2025-01-10 21:13:14 [http-nio-8080-exec-5] DEBUG c.s.d.m.C.selectLnbSubList - ==> Parameters: CT_LNB_CONTACT(String)
2025-01-10 21:13:14 [http-nio-8080-exec-3] DEBUG c.s.d.m.C.selectLnbSubList - ==>  Preparing: SELECT CT_LNB_SUB_IDX AS ctLnbSubIdx, CT_LNB_ID AS ctLnbId, CT_LNB_SUB_ID AS ctLnbSubId, CT_LNB_SUB_NAME AS ctLnbSubName, CT_LNB_SUB_URL AS ctLnbSubUrl FROM CT_LNB_SUB WHERE CT_LNB_ID = ? ORDER BY CT_LNB_SUB_IDX
2025-01-10 21:13:14 [http-nio-8080-exec-3] DEBUG c.s.d.m.C.selectLnbSubList - ==> Parameters: CT_LNB_SERVICE(String)
2025-01-10 21:13:14 [http-nio-8080-exec-5] DEBUG c.s.d.m.C.selectLnbSubList - <==      Total: 2
2025-01-10 21:13:14 [http-nio-8080-exec-3] DEBUG c.s.d.m.C.selectLnbSubList - <==      Total: 4
2025-01-10 21:13:14 [http-nio-8080-exec-5] DEBUG org.mybatis.spring.SqlSessionUtils - Closing non transactional SqlSession [org.apache.ibatis.session.defaults.DefaultSqlSession@13558ca2]
2025-01-10 21:13:14 [http-nio-8080-exec-3] DEBUG org.mybatis.spring.SqlSessionUtils - Closing non transactional SqlSession [org.apache.ibatis.session.defaults.DefaultSqlSession@1bff8680]
2025-01-10 21:13:14 [http-nio-8080-exec-1] DEBUG org.mybatis.spring.SqlSessionUtils - Creating a new SqlSession
2025-01-10 21:13:14 [http-nio-8080-exec-1] DEBUG org.mybatis.spring.SqlSessionUtils - SqlSession [org.apache.ibatis.session.defaults.DefaultSqlSession@7cb29c] was not registered for synchronization because synchronization is not active
2025-01-10 21:13:14 [http-nio-8080-exec-1] DEBUG o.m.s.t.SpringManagedTransaction - JDBC Connection [HikariProxyConnection@1315234656 wrapping com.mysql.cj.jdbc.ConnectionImpl@7965d479] will not be managed by Spring
2025-01-10 21:13:14 [http-nio-8080-exec-1] DEBUG c.s.d.m.C.selectLnbSubList - ==>  Preparing: SELECT CT_LNB_SUB_IDX AS ctLnbSubIdx, CT_LNB_ID AS ctLnbId, CT_LNB_SUB_ID AS ctLnbSubId, CT_LNB_SUB_NAME AS ctLnbSubName, CT_LNB_SUB_URL AS ctLnbSubUrl FROM CT_LNB_SUB WHERE CT_LNB_ID = ? ORDER BY CT_LNB_SUB_IDX
2025-01-10 21:13:14 [http-nio-8080-exec-1] DEBUG c.s.d.m.C.selectLnbSubList - ==> Parameters: CT_LNB_INFORMATION(String)
2025-01-10 21:13:14 [http-nio-8080-exec-6] DEBUG org.mybatis.spring.SqlSessionUtils - Creating a new SqlSession
2025-01-10 21:13:14 [http-nio-8080-exec-6] DEBUG org.mybatis.spring.SqlSessionUtils - SqlSession [org.apache.ibatis.session.defaults.DefaultSqlSession@ea3b5c9] was not registered for synchronization because synchronization is not active
2025-01-10 21:13:14 [http-nio-8080-exec-4] DEBUG org.mybatis.spring.SqlSessionUtils - Creating a new SqlSession
2025-01-10 21:13:14 [http-nio-8080-exec-6] DEBUG o.m.s.t.SpringManagedTransaction - JDBC Connection [HikariProxyConnection@970461590 wrapping com.mysql.cj.jdbc.ConnectionImpl@5782fd26] will not be managed by Spring
2025-01-10 21:13:14 [http-nio-8080-exec-4] DEBUG org.mybatis.spring.SqlSessionUtils - SqlSession [org.apache.ibatis.session.defaults.DefaultSqlSession@6ecac0e8] was not registered for synchronization because synchronization is not active
2025-01-10 21:13:14 [http-nio-8080-exec-6] DEBUG c.s.d.m.C.selectLnbSubList - ==>  Preparing: SELECT CT_LNB_SUB_IDX AS ctLnbSubIdx, CT_LNB_ID AS ctLnbId, CT_LNB_SUB_ID AS ctLnbSubId, CT_LNB_SUB_NAME AS ctLnbSubName, CT_LNB_SUB_URL AS ctLnbSubUrl FROM CT_LNB_SUB WHERE CT_LNB_ID = ? ORDER BY CT_LNB_SUB_IDX
2025-01-10 21:13:14 [http-nio-8080-exec-4] DEBUG o.m.s.t.SpringManagedTransaction - JDBC Connection [HikariProxyConnection@1770528737 wrapping com.mysql.cj.jdbc.ConnectionImpl@3d60f76f] will not be managed by Spring
2025-01-10 21:13:14 [http-nio-8080-exec-4] DEBUG c.s.d.m.C.selectLnbSubList - ==>  Preparing: SELECT CT_LNB_SUB_IDX AS ctLnbSubIdx, CT_LNB_ID AS ctLnbId, CT_LNB_SUB_ID AS ctLnbSubId, CT_LNB_SUB_NAME AS ctLnbSubName, CT_LNB_SUB_URL AS ctLnbSubUrl FROM CT_LNB_SUB WHERE CT_LNB_ID = ? ORDER BY CT_LNB_SUB_IDX
2025-01-10 21:13:14 [http-nio-8080-exec-6] DEBUG c.s.d.m.C.selectLnbSubList - ==> Parameters: CT_LNB_CONTACT(String)
2025-01-10 21:13:14 [http-nio-8080-exec-4] DEBUG c.s.d.m.C.selectLnbSubList - ==> Parameters: CT_LNB_SERVICE(String)
2025-01-10 21:13:14 [http-nio-8080-exec-1] DEBUG c.s.d.m.C.selectLnbSubList - <==      Total: 2
2025-01-10 21:13:14 [http-nio-8080-exec-1] DEBUG org.mybatis.spring.SqlSessionUtils - Closing non transactional SqlSession [org.apache.ibatis.session.defaults.DefaultSqlSession@7cb29c]
2025-01-10 21:13:14 [http-nio-8080-exec-6] DEBUG c.s.d.m.C.selectLnbSubList - <==      Total: 2
2025-01-10 21:13:14 [http-nio-8080-exec-4] DEBUG c.s.d.m.C.selectLnbSubList - <==      Total: 4
2025-01-10 21:13:14 [http-nio-8080-exec-6] DEBUG org.mybatis.spring.SqlSessionUtils - Closing non transactional SqlSession [org.apache.ibatis.session.defaults.DefaultSqlSession@ea3b5c9]
2025-01-10 21:13:14 [http-nio-8080-exec-4] DEBUG org.mybatis.spring.SqlSessionUtils - Closing non transactional SqlSession [org.apache.ibatis.session.defaults.DefaultSqlSession@6ecac0e8]
2025-01-10 21:14:23 [http-nio-8080-exec-3] WARN  o.t.s.p.AbstractStandardFragmentInsertionTagProcessor - [THYMELEAF][http-nio-8080-exec-3][common/layout/layout] Deprecated unwrapped fragment expression "common/fragments/header::header" found in template common/layout/layout, line 31, col 10. Please use the complete syntax of fragment expressions instead ("~{common/fragments/header::header}"). The old, unwrapped syntax for fragment expressions will be removed in future versions of Thymeleaf.
2025-01-10 21:14:23 [http-nio-8080-exec-3] WARN  o.t.s.p.AbstractStandardFragmentInsertionTagProcessor - [THYMELEAF][http-nio-8080-exec-3][common/layout/layout] Deprecated unwrapped fragment expression "common/fragments/footer::footer" found in template common/layout/layout, line 35, col 10. Please use the complete syntax of fragment expressions instead ("~{common/fragments/footer::footer}"). The old, unwrapped syntax for fragment expressions will be removed in future versions of Thymeleaf.
2025-01-10 21:14:23 [http-nio-8080-exec-3] DEBUG org.mybatis.spring.SqlSessionUtils - Creating a new SqlSession
2025-01-10 21:14:23 [http-nio-8080-exec-3] DEBUG org.mybatis.spring.SqlSessionUtils - SqlSession [org.apache.ibatis.session.defaults.DefaultSqlSession@12344816] was not registered for synchronization because synchronization is not active
2025-01-10 21:14:23 [http-nio-8080-exec-3] DEBUG o.m.s.t.SpringManagedTransaction - JDBC Connection [HikariProxyConnection@325385839 wrapping com.mysql.cj.jdbc.ConnectionImpl@3d60f76f] will not be managed by Spring
2025-01-10 21:14:23 [http-nio-8080-exec-3] DEBUG c.s.d.m.CommonMapper.selectLnbList - ==>  Preparing: SELECT CT_LNB_IDX AS ctLnbIdx, CT_LNB_ID AS ctLnbId, CT_LNB_NAME AS ctLnbName, CT_LNB_SUB_YN AS ctLnbSubYn, CT_LNB_URL AS ctLnbUrl, CT_LNB_USE_YN AS ctLnbUseYn FROM CT_LNB WHERE CT_LNB_USE_YN = 'Y' ORDER BY CT_LNB_IDX
2025-01-10 21:14:23 [http-nio-8080-exec-3] DEBUG c.s.d.m.CommonMapper.selectLnbList - ==> Parameters: 
2025-01-10 21:14:23 [http-nio-8080-exec-3] DEBUG c.s.d.m.CommonMapper.selectLnbList - <==      Total: 4
2025-01-10 21:14:23 [http-nio-8080-exec-3] DEBUG org.mybatis.spring.SqlSessionUtils - Closing non transactional SqlSession [org.apache.ibatis.session.defaults.DefaultSqlSession@12344816]
2025-01-10 21:14:23 [http-nio-8080-exec-1] DEBUG org.mybatis.spring.SqlSessionUtils - Creating a new SqlSession
2025-01-10 21:14:23 [http-nio-8080-exec-1] DEBUG org.mybatis.spring.SqlSessionUtils - SqlSession [org.apache.ibatis.session.defaults.DefaultSqlSession@5f2147e6] was not registered for synchronization because synchronization is not active
2025-01-10 21:14:23 [http-nio-8080-exec-1] DEBUG o.m.s.t.SpringManagedTransaction - JDBC Connection [HikariProxyConnection@2097412297 wrapping com.mysql.cj.jdbc.ConnectionImpl@7965d479] will not be managed by Spring
2025-01-10 21:14:23 [http-nio-8080-exec-1] DEBUG c.s.d.m.CommonMapper.selectLnbList - ==>  Preparing: SELECT CT_LNB_IDX AS ctLnbIdx, CT_LNB_ID AS ctLnbId, CT_LNB_NAME AS ctLnbName, CT_LNB_SUB_YN AS ctLnbSubYn, CT_LNB_URL AS ctLnbUrl, CT_LNB_USE_YN AS ctLnbUseYn FROM CT_LNB WHERE CT_LNB_USE_YN = 'Y' ORDER BY CT_LNB_IDX
2025-01-10 21:14:23 [http-nio-8080-exec-1] DEBUG c.s.d.m.CommonMapper.selectLnbList - ==> Parameters: 
2025-01-10 21:14:23 [http-nio-8080-exec-1] DEBUG c.s.d.m.CommonMapper.selectLnbList - <==      Total: 4
2025-01-10 21:14:23 [http-nio-8080-exec-1] DEBUG org.mybatis.spring.SqlSessionUtils - Closing non transactional SqlSession [org.apache.ibatis.session.defaults.DefaultSqlSession@5f2147e6]
2025-01-10 21:14:23 [http-nio-8080-exec-4] DEBUG org.mybatis.spring.SqlSessionUtils - Creating a new SqlSession
2025-01-10 21:14:23 [http-nio-8080-exec-2] DEBUG org.mybatis.spring.SqlSessionUtils - Creating a new SqlSession
2025-01-10 21:14:23 [http-nio-8080-exec-6] DEBUG org.mybatis.spring.SqlSessionUtils - Creating a new SqlSession
2025-01-10 21:14:23 [http-nio-8080-exec-4] DEBUG org.mybatis.spring.SqlSessionUtils - SqlSession [org.apache.ibatis.session.defaults.DefaultSqlSession@64579a41] was not registered for synchronization because synchronization is not active
2025-01-10 21:14:23 [http-nio-8080-exec-2] DEBUG org.mybatis.spring.SqlSessionUtils - SqlSession [org.apache.ibatis.session.defaults.DefaultSqlSession@77d8a7bc] was not registered for synchronization because synchronization is not active
2025-01-10 21:14:23 [http-nio-8080-exec-6] DEBUG org.mybatis.spring.SqlSessionUtils - SqlSession [org.apache.ibatis.session.defaults.DefaultSqlSession@13e8e81] was not registered for synchronization because synchronization is not active
2025-01-10 21:14:23 [http-nio-8080-exec-4] DEBUG o.m.s.t.SpringManagedTransaction - JDBC Connection [HikariProxyConnection@1292494397 wrapping com.mysql.cj.jdbc.ConnectionImpl@3d60f76f] will not be managed by Spring
2025-01-10 21:14:23 [http-nio-8080-exec-2] DEBUG o.m.s.t.SpringManagedTransaction - JDBC Connection [HikariProxyConnection@1081662793 wrapping com.mysql.cj.jdbc.ConnectionImpl@7965d479] will not be managed by Spring
2025-01-10 21:14:23 [http-nio-8080-exec-4] DEBUG c.s.d.m.C.selectLnbSubList - ==>  Preparing: SELECT CT_LNB_SUB_IDX AS ctLnbSubIdx, CT_LNB_ID AS ctLnbId, CT_LNB_SUB_ID AS ctLnbSubId, CT_LNB_SUB_NAME AS ctLnbSubName, CT_LNB_SUB_URL AS ctLnbSubUrl FROM CT_LNB_SUB WHERE CT_LNB_ID = ? ORDER BY CT_LNB_SUB_IDX
2025-01-10 21:14:23 [http-nio-8080-exec-2] DEBUG c.s.d.m.C.selectLnbSubList - ==>  Preparing: SELECT CT_LNB_SUB_IDX AS ctLnbSubIdx, CT_LNB_ID AS ctLnbId, CT_LNB_SUB_ID AS ctLnbSubId, CT_LNB_SUB_NAME AS ctLnbSubName, CT_LNB_SUB_URL AS ctLnbSubUrl FROM CT_LNB_SUB WHERE CT_LNB_ID = ? ORDER BY CT_LNB_SUB_IDX
2025-01-10 21:14:23 [http-nio-8080-exec-4] DEBUG c.s.d.m.C.selectLnbSubList - ==> Parameters: CT_LNB_INFORMATION(String)
2025-01-10 21:14:23 [http-nio-8080-exec-2] DEBUG c.s.d.m.C.selectLnbSubList - ==> Parameters: CT_LNB_CONTACT(String)
2025-01-10 21:14:23 [http-nio-8080-exec-6] DEBUG o.m.s.t.SpringManagedTransaction - JDBC Connection [HikariProxyConnection@2014538641 wrapping com.mysql.cj.jdbc.ConnectionImpl@5782fd26] will not be managed by Spring
2025-01-10 21:14:23 [http-nio-8080-exec-6] DEBUG c.s.d.m.C.selectLnbSubList - ==>  Preparing: SELECT CT_LNB_SUB_IDX AS ctLnbSubIdx, CT_LNB_ID AS ctLnbId, CT_LNB_SUB_ID AS ctLnbSubId, CT_LNB_SUB_NAME AS ctLnbSubName, CT_LNB_SUB_URL AS ctLnbSubUrl FROM CT_LNB_SUB WHERE CT_LNB_ID = ? ORDER BY CT_LNB_SUB_IDX
2025-01-10 21:14:23 [http-nio-8080-exec-6] DEBUG c.s.d.m.C.selectLnbSubList - ==> Parameters: CT_LNB_SERVICE(String)
2025-01-10 21:14:23 [http-nio-8080-exec-4] DEBUG c.s.d.m.C.selectLnbSubList - <==      Total: 2
2025-01-10 21:14:23 [http-nio-8080-exec-2] DEBUG c.s.d.m.C.selectLnbSubList - <==      Total: 2
2025-01-10 21:14:23 [http-nio-8080-exec-6] DEBUG c.s.d.m.C.selectLnbSubList - <==      Total: 4
2025-01-10 21:14:23 [http-nio-8080-exec-6] DEBUG org.mybatis.spring.SqlSessionUtils - Closing non transactional SqlSession [org.apache.ibatis.session.defaults.DefaultSqlSession@13e8e81]
2025-01-10 21:14:23 [http-nio-8080-exec-2] DEBUG org.mybatis.spring.SqlSessionUtils - Closing non transactional SqlSession [org.apache.ibatis.session.defaults.DefaultSqlSession@77d8a7bc]
2025-01-10 21:14:23 [http-nio-8080-exec-4] DEBUG org.mybatis.spring.SqlSessionUtils - Closing non transactional SqlSession [org.apache.ibatis.session.defaults.DefaultSqlSession@64579a41]
2025-01-10 21:14:23 [http-nio-8080-exec-8] DEBUG org.mybatis.spring.SqlSessionUtils - Creating a new SqlSession
2025-01-10 21:14:23 [http-nio-8080-exec-10] DEBUG org.mybatis.spring.SqlSessionUtils - Creating a new SqlSession
2025-01-10 21:14:23 [http-nio-8080-exec-9] DEBUG org.mybatis.spring.SqlSessionUtils - Creating a new SqlSession
2025-01-10 21:14:23 [http-nio-8080-exec-8] DEBUG org.mybatis.spring.SqlSessionUtils - SqlSession [org.apache.ibatis.session.defaults.DefaultSqlSession@4ab6c547] was not registered for synchronization because synchronization is not active
2025-01-10 21:14:23 [http-nio-8080-exec-10] DEBUG org.mybatis.spring.SqlSessionUtils - SqlSession [org.apache.ibatis.session.defaults.DefaultSqlSession@2b7a8c7e] was not registered for synchronization because synchronization is not active
2025-01-10 21:14:23 [http-nio-8080-exec-9] DEBUG org.mybatis.spring.SqlSessionUtils - SqlSession [org.apache.ibatis.session.defaults.DefaultSqlSession@d62443a] was not registered for synchronization because synchronization is not active
2025-01-10 21:14:23 [http-nio-8080-exec-9] DEBUG o.m.s.t.SpringManagedTransaction - JDBC Connection [HikariProxyConnection@1672362688 wrapping com.mysql.cj.jdbc.ConnectionImpl@7965d479] will not be managed by Spring
2025-01-10 21:14:23 [http-nio-8080-exec-10] DEBUG o.m.s.t.SpringManagedTransaction - JDBC Connection [HikariProxyConnection@734645775 wrapping com.mysql.cj.jdbc.ConnectionImpl@5782fd26] will not be managed by Spring
2025-01-10 21:14:23 [http-nio-8080-exec-8] DEBUG o.m.s.t.SpringManagedTransaction - JDBC Connection [HikariProxyConnection@1142478655 wrapping com.mysql.cj.jdbc.ConnectionImpl@3d60f76f] will not be managed by Spring
2025-01-10 21:14:23 [http-nio-8080-exec-9] DEBUG c.s.d.m.C.selectLnbSubList - ==>  Preparing: SELECT CT_LNB_SUB_IDX AS ctLnbSubIdx, CT_LNB_ID AS ctLnbId, CT_LNB_SUB_ID AS ctLnbSubId, CT_LNB_SUB_NAME AS ctLnbSubName, CT_LNB_SUB_URL AS ctLnbSubUrl FROM CT_LNB_SUB WHERE CT_LNB_ID = ? ORDER BY CT_LNB_SUB_IDX
2025-01-10 21:14:23 [http-nio-8080-exec-10] DEBUG c.s.d.m.C.selectLnbSubList - ==>  Preparing: SELECT CT_LNB_SUB_IDX AS ctLnbSubIdx, CT_LNB_ID AS ctLnbId, CT_LNB_SUB_ID AS ctLnbSubId, CT_LNB_SUB_NAME AS ctLnbSubName, CT_LNB_SUB_URL AS ctLnbSubUrl FROM CT_LNB_SUB WHERE CT_LNB_ID = ? ORDER BY CT_LNB_SUB_IDX
2025-01-10 21:14:23 [http-nio-8080-exec-8] DEBUG c.s.d.m.C.selectLnbSubList - ==>  Preparing: SELECT CT_LNB_SUB_IDX AS ctLnbSubIdx, CT_LNB_ID AS ctLnbId, CT_LNB_SUB_ID AS ctLnbSubId, CT_LNB_SUB_NAME AS ctLnbSubName, CT_LNB_SUB_URL AS ctLnbSubUrl FROM CT_LNB_SUB WHERE CT_LNB_ID = ? ORDER BY CT_LNB_SUB_IDX
2025-01-10 21:14:23 [http-nio-8080-exec-10] DEBUG c.s.d.m.C.selectLnbSubList - ==> Parameters: CT_LNB_SERVICE(String)
2025-01-10 21:14:23 [http-nio-8080-exec-8] DEBUG c.s.d.m.C.selectLnbSubList - ==> Parameters: CT_LNB_INFORMATION(String)
2025-01-10 21:14:23 [http-nio-8080-exec-9] DEBUG c.s.d.m.C.selectLnbSubList - ==> Parameters: CT_LNB_CONTACT(String)
2025-01-10 21:14:23 [http-nio-8080-exec-8] DEBUG c.s.d.m.C.selectLnbSubList - <==      Total: 2
2025-01-10 21:14:23 [http-nio-8080-exec-9] DEBUG c.s.d.m.C.selectLnbSubList - <==      Total: 2
2025-01-10 21:14:23 [http-nio-8080-exec-10] DEBUG c.s.d.m.C.selectLnbSubList - <==      Total: 4
2025-01-10 21:14:23 [http-nio-8080-exec-9] DEBUG org.mybatis.spring.SqlSessionUtils - Closing non transactional SqlSession [org.apache.ibatis.session.defaults.DefaultSqlSession@d62443a]
2025-01-10 21:14:23 [http-nio-8080-exec-8] DEBUG org.mybatis.spring.SqlSessionUtils - Closing non transactional SqlSession [org.apache.ibatis.session.defaults.DefaultSqlSession@4ab6c547]
2025-01-10 21:14:23 [http-nio-8080-exec-10] DEBUG org.mybatis.spring.SqlSessionUtils - Closing non transactional SqlSession [org.apache.ibatis.session.defaults.DefaultSqlSession@2b7a8c7e]
2025-01-10 21:14:31 [http-nio-8080-exec-5] WARN  o.t.s.p.AbstractStandardFragmentInsertionTagProcessor - [THYMELEAF][http-nio-8080-exec-5][common/layout/layout] Deprecated unwrapped fragment expression "common/fragments/header::header" found in template common/layout/layout, line 31, col 10. Please use the complete syntax of fragment expressions instead ("~{common/fragments/header::header}"). The old, unwrapped syntax for fragment expressions will be removed in future versions of Thymeleaf.
2025-01-10 21:14:31 [http-nio-8080-exec-5] WARN  o.t.s.p.AbstractStandardFragmentInsertionTagProcessor - [THYMELEAF][http-nio-8080-exec-5][common/layout/layout] Deprecated unwrapped fragment expression "common/fragments/footer::footer" found in template common/layout/layout, line 35, col 10. Please use the complete syntax of fragment expressions instead ("~{common/fragments/footer::footer}"). The old, unwrapped syntax for fragment expressions will be removed in future versions of Thymeleaf.
2025-01-10 21:14:31 [http-nio-8080-exec-5] DEBUG org.mybatis.spring.SqlSessionUtils - Creating a new SqlSession
2025-01-10 21:14:31 [http-nio-8080-exec-5] DEBUG org.mybatis.spring.SqlSessionUtils - SqlSession [org.apache.ibatis.session.defaults.DefaultSqlSession@1a94727] was not registered for synchronization because synchronization is not active
2025-01-10 21:14:31 [http-nio-8080-exec-5] DEBUG o.m.s.t.SpringManagedTransaction - JDBC Connection [HikariProxyConnection@1053224310 wrapping com.mysql.cj.jdbc.ConnectionImpl@5782fd26] will not be managed by Spring
2025-01-10 21:14:31 [http-nio-8080-exec-5] DEBUG c.s.d.m.CommonMapper.selectLnbList - ==>  Preparing: SELECT CT_LNB_IDX AS ctLnbIdx, CT_LNB_ID AS ctLnbId, CT_LNB_NAME AS ctLnbName, CT_LNB_SUB_YN AS ctLnbSubYn, CT_LNB_URL AS ctLnbUrl, CT_LNB_USE_YN AS ctLnbUseYn FROM CT_LNB WHERE CT_LNB_USE_YN = 'Y' ORDER BY CT_LNB_IDX
2025-01-10 21:14:31 [http-nio-8080-exec-5] DEBUG c.s.d.m.CommonMapper.selectLnbList - ==> Parameters: 
2025-01-10 21:14:31 [http-nio-8080-exec-5] DEBUG c.s.d.m.CommonMapper.selectLnbList - <==      Total: 4
2025-01-10 21:14:31 [http-nio-8080-exec-5] DEBUG org.mybatis.spring.SqlSessionUtils - Closing non transactional SqlSession [org.apache.ibatis.session.defaults.DefaultSqlSession@1a94727]
2025-01-10 21:14:31 [http-nio-8080-exec-7] DEBUG org.mybatis.spring.SqlSessionUtils - Creating a new SqlSession
2025-01-10 21:14:31 [http-nio-8080-exec-7] DEBUG org.mybatis.spring.SqlSessionUtils - SqlSession [org.apache.ibatis.session.defaults.DefaultSqlSession@6899851f] was not registered for synchronization because synchronization is not active
2025-01-10 21:14:31 [http-nio-8080-exec-7] DEBUG o.m.s.t.SpringManagedTransaction - JDBC Connection [HikariProxyConnection@1189961051 wrapping com.mysql.cj.jdbc.ConnectionImpl@3d60f76f] will not be managed by Spring
2025-01-10 21:14:31 [http-nio-8080-exec-7] DEBUG c.s.d.m.CommonMapper.selectLnbList - ==>  Preparing: SELECT CT_LNB_IDX AS ctLnbIdx, CT_LNB_ID AS ctLnbId, CT_LNB_NAME AS ctLnbName, CT_LNB_SUB_YN AS ctLnbSubYn, CT_LNB_URL AS ctLnbUrl, CT_LNB_USE_YN AS ctLnbUseYn FROM CT_LNB WHERE CT_LNB_USE_YN = 'Y' ORDER BY CT_LNB_IDX
2025-01-10 21:14:31 [http-nio-8080-exec-7] DEBUG c.s.d.m.CommonMapper.selectLnbList - ==> Parameters: 
2025-01-10 21:14:31 [http-nio-8080-exec-7] DEBUG c.s.d.m.CommonMapper.selectLnbList - <==      Total: 4
2025-01-10 21:14:31 [http-nio-8080-exec-7] DEBUG org.mybatis.spring.SqlSessionUtils - Closing non transactional SqlSession [org.apache.ibatis.session.defaults.DefaultSqlSession@6899851f]
2025-01-10 21:14:31 [http-nio-8080-exec-4] DEBUG org.mybatis.spring.SqlSessionUtils - Creating a new SqlSession
2025-01-10 21:14:31 [http-nio-8080-exec-1] DEBUG org.mybatis.spring.SqlSessionUtils - Creating a new SqlSession
2025-01-10 21:14:31 [http-nio-8080-exec-3] DEBUG org.mybatis.spring.SqlSessionUtils - Creating a new SqlSession
2025-01-10 21:14:31 [http-nio-8080-exec-4] DEBUG org.mybatis.spring.SqlSessionUtils - SqlSession [org.apache.ibatis.session.defaults.DefaultSqlSession@6bcf6358] was not registered for synchronization because synchronization is not active
2025-01-10 21:14:31 [http-nio-8080-exec-1] DEBUG org.mybatis.spring.SqlSessionUtils - SqlSession [org.apache.ibatis.session.defaults.DefaultSqlSession@311ff443] was not registered for synchronization because synchronization is not active
2025-01-10 21:14:31 [http-nio-8080-exec-3] DEBUG org.mybatis.spring.SqlSessionUtils - SqlSession [org.apache.ibatis.session.defaults.DefaultSqlSession@60f8a5f5] was not registered for synchronization because synchronization is not active
2025-01-10 21:14:31 [http-nio-8080-exec-4] DEBUG o.m.s.t.SpringManagedTransaction - JDBC Connection [HikariProxyConnection@1769297938 wrapping com.mysql.cj.jdbc.ConnectionImpl@5782fd26] will not be managed by Spring
2025-01-10 21:14:31 [http-nio-8080-exec-3] DEBUG o.m.s.t.SpringManagedTransaction - JDBC Connection [HikariProxyConnection@1423681539 wrapping com.mysql.cj.jdbc.ConnectionImpl@3d60f76f] will not be managed by Spring
2025-01-10 21:14:31 [http-nio-8080-exec-4] DEBUG c.s.d.m.C.selectLnbSubList - ==>  Preparing: SELECT CT_LNB_SUB_IDX AS ctLnbSubIdx, CT_LNB_ID AS ctLnbId, CT_LNB_SUB_ID AS ctLnbSubId, CT_LNB_SUB_NAME AS ctLnbSubName, CT_LNB_SUB_URL AS ctLnbSubUrl FROM CT_LNB_SUB WHERE CT_LNB_ID = ? ORDER BY CT_LNB_SUB_IDX
2025-01-10 21:14:31 [http-nio-8080-exec-3] DEBUG c.s.d.m.C.selectLnbSubList - ==>  Preparing: SELECT CT_LNB_SUB_IDX AS ctLnbSubIdx, CT_LNB_ID AS ctLnbId, CT_LNB_SUB_ID AS ctLnbSubId, CT_LNB_SUB_NAME AS ctLnbSubName, CT_LNB_SUB_URL AS ctLnbSubUrl FROM CT_LNB_SUB WHERE CT_LNB_ID = ? ORDER BY CT_LNB_SUB_IDX
2025-01-10 21:14:31 [http-nio-8080-exec-1] DEBUG o.m.s.t.SpringManagedTransaction - JDBC Connection [HikariProxyConnection@963137652 wrapping com.mysql.cj.jdbc.ConnectionImpl@7965d479] will not be managed by Spring
2025-01-10 21:14:31 [http-nio-8080-exec-1] DEBUG c.s.d.m.C.selectLnbSubList - ==>  Preparing: SELECT CT_LNB_SUB_IDX AS ctLnbSubIdx, CT_LNB_ID AS ctLnbId, CT_LNB_SUB_ID AS ctLnbSubId, CT_LNB_SUB_NAME AS ctLnbSubName, CT_LNB_SUB_URL AS ctLnbSubUrl FROM CT_LNB_SUB WHERE CT_LNB_ID = ? ORDER BY CT_LNB_SUB_IDX
2025-01-10 21:14:31 [http-nio-8080-exec-4] DEBUG c.s.d.m.C.selectLnbSubList - ==> Parameters: CT_LNB_SERVICE(String)
2025-01-10 21:14:31 [http-nio-8080-exec-3] DEBUG c.s.d.m.C.selectLnbSubList - ==> Parameters: CT_LNB_INFORMATION(String)
2025-01-10 21:14:31 [http-nio-8080-exec-1] DEBUG c.s.d.m.C.selectLnbSubList - ==> Parameters: CT_LNB_CONTACT(String)
2025-01-10 21:14:31 [http-nio-8080-exec-1] DEBUG c.s.d.m.C.selectLnbSubList - <==      Total: 2
2025-01-10 21:14:31 [http-nio-8080-exec-3] DEBUG c.s.d.m.C.selectLnbSubList - <==      Total: 2
2025-01-10 21:14:31 [http-nio-8080-exec-4] DEBUG c.s.d.m.C.selectLnbSubList - <==      Total: 4
2025-01-10 21:14:31 [http-nio-8080-exec-4] DEBUG org.mybatis.spring.SqlSessionUtils - Closing non transactional SqlSession [org.apache.ibatis.session.defaults.DefaultSqlSession@6bcf6358]
2025-01-10 21:14:31 [http-nio-8080-exec-1] DEBUG org.mybatis.spring.SqlSessionUtils - Closing non transactional SqlSession [org.apache.ibatis.session.defaults.DefaultSqlSession@311ff443]
2025-01-10 21:14:31 [http-nio-8080-exec-3] DEBUG org.mybatis.spring.SqlSessionUtils - Closing non transactional SqlSession [org.apache.ibatis.session.defaults.DefaultSqlSession@60f8a5f5]
2025-01-10 21:14:31 [http-nio-8080-exec-2] DEBUG org.mybatis.spring.SqlSessionUtils - Creating a new SqlSession
2025-01-10 21:14:31 [http-nio-8080-exec-6] DEBUG org.mybatis.spring.SqlSessionUtils - Creating a new SqlSession
2025-01-10 21:14:31 [http-nio-8080-exec-9] DEBUG org.mybatis.spring.SqlSessionUtils - Creating a new SqlSession
2025-01-10 21:14:31 [http-nio-8080-exec-2] DEBUG org.mybatis.spring.SqlSessionUtils - SqlSession [org.apache.ibatis.session.defaults.DefaultSqlSession@718324c8] was not registered for synchronization because synchronization is not active
2025-01-10 21:14:31 [http-nio-8080-exec-6] DEBUG org.mybatis.spring.SqlSessionUtils - SqlSession [org.apache.ibatis.session.defaults.DefaultSqlSession@1bba61c] was not registered for synchronization because synchronization is not active
2025-01-10 21:14:31 [http-nio-8080-exec-9] DEBUG org.mybatis.spring.SqlSessionUtils - SqlSession [org.apache.ibatis.session.defaults.DefaultSqlSession@5fe4bb2c] was not registered for synchronization because synchronization is not active
2025-01-10 21:14:31 [http-nio-8080-exec-6] DEBUG o.m.s.t.SpringManagedTransaction - JDBC Connection [HikariProxyConnection@1654065753 wrapping com.mysql.cj.jdbc.ConnectionImpl@5782fd26] will not be managed by Spring
2025-01-10 21:14:31 [http-nio-8080-exec-9] DEBUG o.m.s.t.SpringManagedTransaction - JDBC Connection [HikariProxyConnection@1301209642 wrapping com.mysql.cj.jdbc.ConnectionImpl@3d60f76f] will not be managed by Spring
2025-01-10 21:14:31 [http-nio-8080-exec-2] DEBUG o.m.s.t.SpringManagedTransaction - JDBC Connection [HikariProxyConnection@1998011684 wrapping com.mysql.cj.jdbc.ConnectionImpl@7965d479] will not be managed by Spring
2025-01-10 21:14:31 [http-nio-8080-exec-6] DEBUG c.s.d.m.C.selectLnbSubList - ==>  Preparing: SELECT CT_LNB_SUB_IDX AS ctLnbSubIdx, CT_LNB_ID AS ctLnbId, CT_LNB_SUB_ID AS ctLnbSubId, CT_LNB_SUB_NAME AS ctLnbSubName, CT_LNB_SUB_URL AS ctLnbSubUrl FROM CT_LNB_SUB WHERE CT_LNB_ID = ? ORDER BY CT_LNB_SUB_IDX
2025-01-10 21:14:31 [http-nio-8080-exec-9] DEBUG c.s.d.m.C.selectLnbSubList - ==>  Preparing: SELECT CT_LNB_SUB_IDX AS ctLnbSubIdx, CT_LNB_ID AS ctLnbId, CT_LNB_SUB_ID AS ctLnbSubId, CT_LNB_SUB_NAME AS ctLnbSubName, CT_LNB_SUB_URL AS ctLnbSubUrl FROM CT_LNB_SUB WHERE CT_LNB_ID = ? ORDER BY CT_LNB_SUB_IDX
2025-01-10 21:14:31 [http-nio-8080-exec-2] DEBUG c.s.d.m.C.selectLnbSubList - ==>  Preparing: SELECT CT_LNB_SUB_IDX AS ctLnbSubIdx, CT_LNB_ID AS ctLnbId, CT_LNB_SUB_ID AS ctLnbSubId, CT_LNB_SUB_NAME AS ctLnbSubName, CT_LNB_SUB_URL AS ctLnbSubUrl FROM CT_LNB_SUB WHERE CT_LNB_ID = ? ORDER BY CT_LNB_SUB_IDX
2025-01-10 21:14:31 [http-nio-8080-exec-6] DEBUG c.s.d.m.C.selectLnbSubList - ==> Parameters: CT_LNB_CONTACT(String)
2025-01-10 21:14:31 [http-nio-8080-exec-2] DEBUG c.s.d.m.C.selectLnbSubList - ==> Parameters: CT_LNB_SERVICE(String)
2025-01-10 21:14:31 [http-nio-8080-exec-9] DEBUG c.s.d.m.C.selectLnbSubList - ==> Parameters: CT_LNB_INFORMATION(String)
2025-01-10 21:14:31 [http-nio-8080-exec-6] DEBUG c.s.d.m.C.selectLnbSubList - <==      Total: 2
2025-01-10 21:14:31 [http-nio-8080-exec-2] DEBUG c.s.d.m.C.selectLnbSubList - <==      Total: 4
2025-01-10 21:14:31 [http-nio-8080-exec-9] DEBUG c.s.d.m.C.selectLnbSubList - <==      Total: 2
2025-01-10 21:14:31 [http-nio-8080-exec-2] DEBUG org.mybatis.spring.SqlSessionUtils - Closing non transactional SqlSession [org.apache.ibatis.session.defaults.DefaultSqlSession@718324c8]
2025-01-10 21:14:31 [http-nio-8080-exec-6] DEBUG org.mybatis.spring.SqlSessionUtils - Closing non transactional SqlSession [org.apache.ibatis.session.defaults.DefaultSqlSession@1bba61c]
2025-01-10 21:14:31 [http-nio-8080-exec-9] DEBUG org.mybatis.spring.SqlSessionUtils - Closing non transactional SqlSession [org.apache.ibatis.session.defaults.DefaultSqlSession@5fe4bb2c]
2025-01-10 21:14:33 [http-nio-8080-exec-8] WARN  o.t.s.p.AbstractStandardFragmentInsertionTagProcessor - [THYMELEAF][http-nio-8080-exec-8][common/layout/layout] Deprecated unwrapped fragment expression "common/fragments/header::header" found in template common/layout/layout, line 31, col 10. Please use the complete syntax of fragment expressions instead ("~{common/fragments/header::header}"). The old, unwrapped syntax for fragment expressions will be removed in future versions of Thymeleaf.
2025-01-10 21:14:33 [http-nio-8080-exec-8] WARN  o.t.s.p.AbstractStandardFragmentInsertionTagProcessor - [THYMELEAF][http-nio-8080-exec-8][common/layout/layout] Deprecated unwrapped fragment expression "common/fragments/footer::footer" found in template common/layout/layout, line 35, col 10. Please use the complete syntax of fragment expressions instead ("~{common/fragments/footer::footer}"). The old, unwrapped syntax for fragment expressions will be removed in future versions of Thymeleaf.
2025-01-10 21:14:33 [http-nio-8080-exec-8] DEBUG org.mybatis.spring.SqlSessionUtils - Creating a new SqlSession
2025-01-10 21:14:33 [http-nio-8080-exec-8] DEBUG org.mybatis.spring.SqlSessionUtils - SqlSession [org.apache.ibatis.session.defaults.DefaultSqlSession@1f64542e] was not registered for synchronization because synchronization is not active
2025-01-10 21:14:33 [http-nio-8080-exec-8] DEBUG o.m.s.t.SpringManagedTransaction - JDBC Connection [HikariProxyConnection@1704993394 wrapping com.mysql.cj.jdbc.ConnectionImpl@3d60f76f] will not be managed by Spring
2025-01-10 21:14:33 [http-nio-8080-exec-8] DEBUG c.s.d.m.CommonMapper.selectLnbList - ==>  Preparing: SELECT CT_LNB_IDX AS ctLnbIdx, CT_LNB_ID AS ctLnbId, CT_LNB_NAME AS ctLnbName, CT_LNB_SUB_YN AS ctLnbSubYn, CT_LNB_URL AS ctLnbUrl, CT_LNB_USE_YN AS ctLnbUseYn FROM CT_LNB WHERE CT_LNB_USE_YN = 'Y' ORDER BY CT_LNB_IDX
2025-01-10 21:14:33 [http-nio-8080-exec-8] DEBUG c.s.d.m.CommonMapper.selectLnbList - ==> Parameters: 
2025-01-10 21:14:33 [http-nio-8080-exec-8] DEBUG c.s.d.m.CommonMapper.selectLnbList - <==      Total: 4
2025-01-10 21:14:33 [http-nio-8080-exec-8] DEBUG org.mybatis.spring.SqlSessionUtils - Closing non transactional SqlSession [org.apache.ibatis.session.defaults.DefaultSqlSession@1f64542e]
2025-01-10 21:14:33 [http-nio-8080-exec-10] DEBUG org.mybatis.spring.SqlSessionUtils - Creating a new SqlSession
2025-01-10 21:14:33 [http-nio-8080-exec-10] DEBUG org.mybatis.spring.SqlSessionUtils - SqlSession [org.apache.ibatis.session.defaults.DefaultSqlSession@3572628] was not registered for synchronization because synchronization is not active
2025-01-10 21:14:33 [http-nio-8080-exec-10] DEBUG o.m.s.t.SpringManagedTransaction - JDBC Connection [HikariProxyConnection@1144644419 wrapping com.mysql.cj.jdbc.ConnectionImpl@5782fd26] will not be managed by Spring
2025-01-10 21:14:33 [http-nio-8080-exec-10] DEBUG c.s.d.m.CommonMapper.selectLnbList - ==>  Preparing: SELECT CT_LNB_IDX AS ctLnbIdx, CT_LNB_ID AS ctLnbId, CT_LNB_NAME AS ctLnbName, CT_LNB_SUB_YN AS ctLnbSubYn, CT_LNB_URL AS ctLnbUrl, CT_LNB_USE_YN AS ctLnbUseYn FROM CT_LNB WHERE CT_LNB_USE_YN = 'Y' ORDER BY CT_LNB_IDX
2025-01-10 21:14:33 [http-nio-8080-exec-10] DEBUG c.s.d.m.CommonMapper.selectLnbList - ==> Parameters: 
2025-01-10 21:14:33 [http-nio-8080-exec-10] DEBUG c.s.d.m.CommonMapper.selectLnbList - <==      Total: 4
2025-01-10 21:14:33 [http-nio-8080-exec-10] DEBUG org.mybatis.spring.SqlSessionUtils - Closing non transactional SqlSession [org.apache.ibatis.session.defaults.DefaultSqlSession@3572628]
2025-01-10 21:14:33 [http-nio-8080-exec-3] DEBUG org.mybatis.spring.SqlSessionUtils - Creating a new SqlSession
2025-01-10 21:14:33 [http-nio-8080-exec-5] DEBUG org.mybatis.spring.SqlSessionUtils - Creating a new SqlSession
2025-01-10 21:14:33 [http-nio-8080-exec-1] DEBUG org.mybatis.spring.SqlSessionUtils - Creating a new SqlSession
2025-01-10 21:14:33 [http-nio-8080-exec-3] DEBUG org.mybatis.spring.SqlSessionUtils - SqlSession [org.apache.ibatis.session.defaults.DefaultSqlSession@cad7eed] was not registered for synchronization because synchronization is not active
2025-01-10 21:14:33 [http-nio-8080-exec-5] DEBUG org.mybatis.spring.SqlSessionUtils - SqlSession [org.apache.ibatis.session.defaults.DefaultSqlSession@1373ccd2] was not registered for synchronization because synchronization is not active
2025-01-10 21:14:33 [http-nio-8080-exec-1] DEBUG org.mybatis.spring.SqlSessionUtils - SqlSession [org.apache.ibatis.session.defaults.DefaultSqlSession@2e3b4f68] was not registered for synchronization because synchronization is not active
2025-01-10 21:14:33 [http-nio-8080-exec-3] DEBUG o.m.s.t.SpringManagedTransaction - JDBC Connection [HikariProxyConnection@96421067 wrapping com.mysql.cj.jdbc.ConnectionImpl@3d60f76f] will not be managed by Spring
2025-01-10 21:14:33 [http-nio-8080-exec-5] DEBUG o.m.s.t.SpringManagedTransaction - JDBC Connection [HikariProxyConnection@441925271 wrapping com.mysql.cj.jdbc.ConnectionImpl@5782fd26] will not be managed by Spring
2025-01-10 21:14:33 [http-nio-8080-exec-3] DEBUG c.s.d.m.C.selectLnbSubList - ==>  Preparing: SELECT CT_LNB_SUB_IDX AS ctLnbSubIdx, CT_LNB_ID AS ctLnbId, CT_LNB_SUB_ID AS ctLnbSubId, CT_LNB_SUB_NAME AS ctLnbSubName, CT_LNB_SUB_URL AS ctLnbSubUrl FROM CT_LNB_SUB WHERE CT_LNB_ID = ? ORDER BY CT_LNB_SUB_IDX
2025-01-10 21:14:33 [http-nio-8080-exec-5] DEBUG c.s.d.m.C.selectLnbSubList - ==>  Preparing: SELECT CT_LNB_SUB_IDX AS ctLnbSubIdx, CT_LNB_ID AS ctLnbId, CT_LNB_SUB_ID AS ctLnbSubId, CT_LNB_SUB_NAME AS ctLnbSubName, CT_LNB_SUB_URL AS ctLnbSubUrl FROM CT_LNB_SUB WHERE CT_LNB_ID = ? ORDER BY CT_LNB_SUB_IDX
2025-01-10 21:14:33 [http-nio-8080-exec-3] DEBUG c.s.d.m.C.selectLnbSubList - ==> Parameters: CT_LNB_CONTACT(String)
2025-01-10 21:14:33 [http-nio-8080-exec-5] DEBUG c.s.d.m.C.selectLnbSubList - ==> Parameters: CT_LNB_INFORMATION(String)
2025-01-10 21:14:33 [http-nio-8080-exec-1] DEBUG o.m.s.t.SpringManagedTransaction - JDBC Connection [HikariProxyConnection@1428898091 wrapping com.mysql.cj.jdbc.ConnectionImpl@7965d479] will not be managed by Spring
2025-01-10 21:14:33 [http-nio-8080-exec-1] DEBUG c.s.d.m.C.selectLnbSubList - ==>  Preparing: SELECT CT_LNB_SUB_IDX AS ctLnbSubIdx, CT_LNB_ID AS ctLnbId, CT_LNB_SUB_ID AS ctLnbSubId, CT_LNB_SUB_NAME AS ctLnbSubName, CT_LNB_SUB_URL AS ctLnbSubUrl FROM CT_LNB_SUB WHERE CT_LNB_ID = ? ORDER BY CT_LNB_SUB_IDX
2025-01-10 21:14:33 [http-nio-8080-exec-1] DEBUG c.s.d.m.C.selectLnbSubList - ==> Parameters: CT_LNB_SERVICE(String)
2025-01-10 21:14:33 [http-nio-8080-exec-5] DEBUG c.s.d.m.C.selectLnbSubList - <==      Total: 2
2025-01-10 21:14:33 [http-nio-8080-exec-3] DEBUG c.s.d.m.C.selectLnbSubList - <==      Total: 2
2025-01-10 21:14:33 [http-nio-8080-exec-1] DEBUG c.s.d.m.C.selectLnbSubList - <==      Total: 4
2025-01-10 21:14:33 [http-nio-8080-exec-3] DEBUG org.mybatis.spring.SqlSessionUtils - Closing non transactional SqlSession [org.apache.ibatis.session.defaults.DefaultSqlSession@cad7eed]
2025-01-10 21:14:33 [http-nio-8080-exec-5] DEBUG org.mybatis.spring.SqlSessionUtils - Closing non transactional SqlSession [org.apache.ibatis.session.defaults.DefaultSqlSession@1373ccd2]
2025-01-10 21:14:33 [http-nio-8080-exec-1] DEBUG org.mybatis.spring.SqlSessionUtils - Closing non transactional SqlSession [org.apache.ibatis.session.defaults.DefaultSqlSession@2e3b4f68]
2025-01-10 21:14:33 [http-nio-8080-exec-7] DEBUG org.mybatis.spring.SqlSessionUtils - Creating a new SqlSession
2025-01-10 21:14:33 [http-nio-8080-exec-2] DEBUG org.mybatis.spring.SqlSessionUtils - Creating a new SqlSession
2025-01-10 21:14:33 [http-nio-8080-exec-4] DEBUG org.mybatis.spring.SqlSessionUtils - Creating a new SqlSession
2025-01-10 21:14:33 [http-nio-8080-exec-2] DEBUG org.mybatis.spring.SqlSessionUtils - SqlSession [org.apache.ibatis.session.defaults.DefaultSqlSession@37bd1220] was not registered for synchronization because synchronization is not active
2025-01-10 21:14:33 [http-nio-8080-exec-4] DEBUG org.mybatis.spring.SqlSessionUtils - SqlSession [org.apache.ibatis.session.defaults.DefaultSqlSession@58fd67c5] was not registered for synchronization because synchronization is not active
2025-01-10 21:14:33 [http-nio-8080-exec-7] DEBUG org.mybatis.spring.SqlSessionUtils - SqlSession [org.apache.ibatis.session.defaults.DefaultSqlSession@50b75223] was not registered for synchronization because synchronization is not active
2025-01-10 21:14:33 [http-nio-8080-exec-2] DEBUG o.m.s.t.SpringManagedTransaction - JDBC Connection [HikariProxyConnection@2030958574 wrapping com.mysql.cj.jdbc.ConnectionImpl@7965d479] will not be managed by Spring
2025-01-10 21:14:33 [http-nio-8080-exec-4] DEBUG o.m.s.t.SpringManagedTransaction - JDBC Connection [HikariProxyConnection@453705984 wrapping com.mysql.cj.jdbc.ConnectionImpl@5782fd26] will not be managed by Spring
2025-01-10 21:14:33 [http-nio-8080-exec-7] DEBUG o.m.s.t.SpringManagedTransaction - JDBC Connection [HikariProxyConnection@2090650347 wrapping com.mysql.cj.jdbc.ConnectionImpl@3d60f76f] will not be managed by Spring
2025-01-10 21:14:33 [http-nio-8080-exec-4] DEBUG c.s.d.m.C.selectLnbSubList - ==>  Preparing: SELECT CT_LNB_SUB_IDX AS ctLnbSubIdx, CT_LNB_ID AS ctLnbId, CT_LNB_SUB_ID AS ctLnbSubId, CT_LNB_SUB_NAME AS ctLnbSubName, CT_LNB_SUB_URL AS ctLnbSubUrl FROM CT_LNB_SUB WHERE CT_LNB_ID = ? ORDER BY CT_LNB_SUB_IDX
2025-01-10 21:14:33 [http-nio-8080-exec-7] DEBUG c.s.d.m.C.selectLnbSubList - ==>  Preparing: SELECT CT_LNB_SUB_IDX AS ctLnbSubIdx, CT_LNB_ID AS ctLnbId, CT_LNB_SUB_ID AS ctLnbSubId, CT_LNB_SUB_NAME AS ctLnbSubName, CT_LNB_SUB_URL AS ctLnbSubUrl FROM CT_LNB_SUB WHERE CT_LNB_ID = ? ORDER BY CT_LNB_SUB_IDX
2025-01-10 21:14:33 [http-nio-8080-exec-2] DEBUG c.s.d.m.C.selectLnbSubList - ==>  Preparing: SELECT CT_LNB_SUB_IDX AS ctLnbSubIdx, CT_LNB_ID AS ctLnbId, CT_LNB_SUB_ID AS ctLnbSubId, CT_LNB_SUB_NAME AS ctLnbSubName, CT_LNB_SUB_URL AS ctLnbSubUrl FROM CT_LNB_SUB WHERE CT_LNB_ID = ? ORDER BY CT_LNB_SUB_IDX
2025-01-10 21:14:33 [http-nio-8080-exec-4] DEBUG c.s.d.m.C.selectLnbSubList - ==> Parameters: CT_LNB_SERVICE(String)
2025-01-10 21:14:33 [http-nio-8080-exec-2] DEBUG c.s.d.m.C.selectLnbSubList - ==> Parameters: CT_LNB_CONTACT(String)
2025-01-10 21:14:33 [http-nio-8080-exec-7] DEBUG c.s.d.m.C.selectLnbSubList - ==> Parameters: CT_LNB_INFORMATION(String)
2025-01-10 21:14:33 [http-nio-8080-exec-2] DEBUG c.s.d.m.C.selectLnbSubList - <==      Total: 2
2025-01-10 21:14:33 [http-nio-8080-exec-7] DEBUG c.s.d.m.C.selectLnbSubList - <==      Total: 2
2025-01-10 21:14:33 [http-nio-8080-exec-4] DEBUG c.s.d.m.C.selectLnbSubList - <==      Total: 4
2025-01-10 21:14:33 [http-nio-8080-exec-2] DEBUG org.mybatis.spring.SqlSessionUtils - Closing non transactional SqlSession [org.apache.ibatis.session.defaults.DefaultSqlSession@37bd1220]
2025-01-10 21:14:33 [http-nio-8080-exec-7] DEBUG org.mybatis.spring.SqlSessionUtils - Closing non transactional SqlSession [org.apache.ibatis.session.defaults.DefaultSqlSession@50b75223]
2025-01-10 21:14:33 [http-nio-8080-exec-4] DEBUG org.mybatis.spring.SqlSessionUtils - Closing non transactional SqlSession [org.apache.ibatis.session.defaults.DefaultSqlSession@58fd67c5]
2025-01-10 21:14:59 [http-nio-8080-exec-9] WARN  o.t.s.p.AbstractStandardFragmentInsertionTagProcessor - [THYMELEAF][http-nio-8080-exec-9][common/layout/layout] Deprecated unwrapped fragment expression "common/fragments/header::header" found in template common/layout/layout, line 31, col 10. Please use the complete syntax of fragment expressions instead ("~{common/fragments/header::header}"). The old, unwrapped syntax for fragment expressions will be removed in future versions of Thymeleaf.
2025-01-10 21:14:59 [http-nio-8080-exec-9] WARN  o.t.s.p.AbstractStandardFragmentInsertionTagProcessor - [THYMELEAF][http-nio-8080-exec-9][common/layout/layout] Deprecated unwrapped fragment expression "common/fragments/footer::footer" found in template common/layout/layout, line 35, col 10. Please use the complete syntax of fragment expressions instead ("~{common/fragments/footer::footer}"). The old, unwrapped syntax for fragment expressions will be removed in future versions of Thymeleaf.
2025-01-10 21:14:59 [http-nio-8080-exec-9] DEBUG org.mybatis.spring.SqlSessionUtils - Creating a new SqlSession
2025-01-10 21:14:59 [http-nio-8080-exec-9] DEBUG org.mybatis.spring.SqlSessionUtils - SqlSession [org.apache.ibatis.session.defaults.DefaultSqlSession@73fd5232] was not registered for synchronization because synchronization is not active
2025-01-10 21:14:59 [http-nio-8080-exec-9] DEBUG o.m.s.t.SpringManagedTransaction - JDBC Connection [HikariProxyConnection@277000520 wrapping com.mysql.cj.jdbc.ConnectionImpl@3d60f76f] will not be managed by Spring
2025-01-10 21:14:59 [http-nio-8080-exec-9] DEBUG c.s.d.m.CommonMapper.selectLnbList - ==>  Preparing: SELECT CT_LNB_IDX AS ctLnbIdx, CT_LNB_ID AS ctLnbId, CT_LNB_NAME AS ctLnbName, CT_LNB_SUB_YN AS ctLnbSubYn, CT_LNB_URL AS ctLnbUrl, CT_LNB_USE_YN AS ctLnbUseYn FROM CT_LNB WHERE CT_LNB_USE_YN = 'Y' ORDER BY CT_LNB_IDX
2025-01-10 21:14:59 [http-nio-8080-exec-9] DEBUG c.s.d.m.CommonMapper.selectLnbList - ==> Parameters: 
2025-01-10 21:14:59 [http-nio-8080-exec-9] DEBUG c.s.d.m.CommonMapper.selectLnbList - <==      Total: 4
2025-01-10 21:14:59 [http-nio-8080-exec-9] DEBUG org.mybatis.spring.SqlSessionUtils - Closing non transactional SqlSession [org.apache.ibatis.session.defaults.DefaultSqlSession@73fd5232]
2025-01-10 21:14:59 [http-nio-8080-exec-6] DEBUG org.mybatis.spring.SqlSessionUtils - Creating a new SqlSession
2025-01-10 21:14:59 [http-nio-8080-exec-6] DEBUG org.mybatis.spring.SqlSessionUtils - SqlSession [org.apache.ibatis.session.defaults.DefaultSqlSession@40d0b995] was not registered for synchronization because synchronization is not active
2025-01-10 21:14:59 [http-nio-8080-exec-6] DEBUG o.m.s.t.SpringManagedTransaction - JDBC Connection [HikariProxyConnection@778287645 wrapping com.mysql.cj.jdbc.ConnectionImpl@5782fd26] will not be managed by Spring
2025-01-10 21:14:59 [http-nio-8080-exec-6] DEBUG c.s.d.m.CommonMapper.selectLnbList - ==>  Preparing: SELECT CT_LNB_IDX AS ctLnbIdx, CT_LNB_ID AS ctLnbId, CT_LNB_NAME AS ctLnbName, CT_LNB_SUB_YN AS ctLnbSubYn, CT_LNB_URL AS ctLnbUrl, CT_LNB_USE_YN AS ctLnbUseYn FROM CT_LNB WHERE CT_LNB_USE_YN = 'Y' ORDER BY CT_LNB_IDX
2025-01-10 21:14:59 [http-nio-8080-exec-6] DEBUG c.s.d.m.CommonMapper.selectLnbList - ==> Parameters: 
2025-01-10 21:14:59 [http-nio-8080-exec-6] DEBUG c.s.d.m.CommonMapper.selectLnbList - <==      Total: 4
2025-01-10 21:14:59 [http-nio-8080-exec-6] DEBUG org.mybatis.spring.SqlSessionUtils - Closing non transactional SqlSession [org.apache.ibatis.session.defaults.DefaultSqlSession@40d0b995]
2025-01-10 21:14:59 [http-nio-8080-exec-3] DEBUG org.mybatis.spring.SqlSessionUtils - Creating a new SqlSession
2025-01-10 21:14:59 [http-nio-8080-exec-8] DEBUG org.mybatis.spring.SqlSessionUtils - Creating a new SqlSession
2025-01-10 21:14:59 [http-nio-8080-exec-10] DEBUG org.mybatis.spring.SqlSessionUtils - Creating a new SqlSession
2025-01-10 21:14:59 [http-nio-8080-exec-3] DEBUG org.mybatis.spring.SqlSessionUtils - SqlSession [org.apache.ibatis.session.defaults.DefaultSqlSession@7caf6505] was not registered for synchronization because synchronization is not active
2025-01-10 21:14:59 [http-nio-8080-exec-8] DEBUG org.mybatis.spring.SqlSessionUtils - SqlSession [org.apache.ibatis.session.defaults.DefaultSqlSession@66d2bd4d] was not registered for synchronization because synchronization is not active
2025-01-10 21:14:59 [http-nio-8080-exec-10] DEBUG org.mybatis.spring.SqlSessionUtils - SqlSession [org.apache.ibatis.session.defaults.DefaultSqlSession@327e2548] was not registered for synchronization because synchronization is not active
2025-01-10 21:14:59 [http-nio-8080-exec-8] DEBUG o.m.s.t.SpringManagedTransaction - JDBC Connection [HikariProxyConnection@42311767 wrapping com.mysql.cj.jdbc.ConnectionImpl@3d60f76f] will not be managed by Spring
2025-01-10 21:14:59 [http-nio-8080-exec-10] DEBUG o.m.s.t.SpringManagedTransaction - JDBC Connection [HikariProxyConnection@970386367 wrapping com.mysql.cj.jdbc.ConnectionImpl@5782fd26] will not be managed by Spring
2025-01-10 21:14:59 [http-nio-8080-exec-8] DEBUG c.s.d.m.C.selectLnbSubList - ==>  Preparing: SELECT CT_LNB_SUB_IDX AS ctLnbSubIdx, CT_LNB_ID AS ctLnbId, CT_LNB_SUB_ID AS ctLnbSubId, CT_LNB_SUB_NAME AS ctLnbSubName, CT_LNB_SUB_URL AS ctLnbSubUrl FROM CT_LNB_SUB WHERE CT_LNB_ID = ? ORDER BY CT_LNB_SUB_IDX
2025-01-10 21:14:59 [http-nio-8080-exec-10] DEBUG c.s.d.m.C.selectLnbSubList - ==>  Preparing: SELECT CT_LNB_SUB_IDX AS ctLnbSubIdx, CT_LNB_ID AS ctLnbId, CT_LNB_SUB_ID AS ctLnbSubId, CT_LNB_SUB_NAME AS ctLnbSubName, CT_LNB_SUB_URL AS ctLnbSubUrl FROM CT_LNB_SUB WHERE CT_LNB_ID = ? ORDER BY CT_LNB_SUB_IDX
2025-01-10 21:14:59 [http-nio-8080-exec-8] DEBUG c.s.d.m.C.selectLnbSubList - ==> Parameters: CT_LNB_SERVICE(String)
2025-01-10 21:14:59 [http-nio-8080-exec-10] DEBUG c.s.d.m.C.selectLnbSubList - ==> Parameters: CT_LNB_INFORMATION(String)
2025-01-10 21:14:59 [http-nio-8080-exec-3] DEBUG o.m.s.t.SpringManagedTransaction - JDBC Connection [HikariProxyConnection@63569735 wrapping com.mysql.cj.jdbc.ConnectionImpl@7965d479] will not be managed by Spring
2025-01-10 21:14:59 [http-nio-8080-exec-3] DEBUG c.s.d.m.C.selectLnbSubList - ==>  Preparing: SELECT CT_LNB_SUB_IDX AS ctLnbSubIdx, CT_LNB_ID AS ctLnbId, CT_LNB_SUB_ID AS ctLnbSubId, CT_LNB_SUB_NAME AS ctLnbSubName, CT_LNB_SUB_URL AS ctLnbSubUrl FROM CT_LNB_SUB WHERE CT_LNB_ID = ? ORDER BY CT_LNB_SUB_IDX
2025-01-10 21:14:59 [http-nio-8080-exec-3] DEBUG c.s.d.m.C.selectLnbSubList - ==> Parameters: CT_LNB_CONTACT(String)
2025-01-10 21:14:59 [http-nio-8080-exec-10] DEBUG c.s.d.m.C.selectLnbSubList - <==      Total: 2
2025-01-10 21:14:59 [http-nio-8080-exec-3] DEBUG c.s.d.m.C.selectLnbSubList - <==      Total: 2
2025-01-10 21:14:59 [http-nio-8080-exec-8] DEBUG c.s.d.m.C.selectLnbSubList - <==      Total: 4
2025-01-10 21:14:59 [http-nio-8080-exec-10] DEBUG org.mybatis.spring.SqlSessionUtils - Closing non transactional SqlSession [org.apache.ibatis.session.defaults.DefaultSqlSession@327e2548]
2025-01-10 21:14:59 [http-nio-8080-exec-8] DEBUG org.mybatis.spring.SqlSessionUtils - Closing non transactional SqlSession [org.apache.ibatis.session.defaults.DefaultSqlSession@66d2bd4d]
2025-01-10 21:14:59 [http-nio-8080-exec-3] DEBUG org.mybatis.spring.SqlSessionUtils - Closing non transactional SqlSession [org.apache.ibatis.session.defaults.DefaultSqlSession@7caf6505]
2025-01-10 21:14:59 [http-nio-8080-exec-5] DEBUG org.mybatis.spring.SqlSessionUtils - Creating a new SqlSession
2025-01-10 21:14:59 [http-nio-8080-exec-1] DEBUG org.mybatis.spring.SqlSessionUtils - Creating a new SqlSession
2025-01-10 21:14:59 [http-nio-8080-exec-7] DEBUG org.mybatis.spring.SqlSessionUtils - Creating a new SqlSession
2025-01-10 21:14:59 [http-nio-8080-exec-5] DEBUG org.mybatis.spring.SqlSessionUtils - SqlSession [org.apache.ibatis.session.defaults.DefaultSqlSession@2a39cf38] was not registered for synchronization because synchronization is not active
2025-01-10 21:14:59 [http-nio-8080-exec-1] DEBUG org.mybatis.spring.SqlSessionUtils - SqlSession [org.apache.ibatis.session.defaults.DefaultSqlSession@de05e56] was not registered for synchronization because synchronization is not active
2025-01-10 21:14:59 [http-nio-8080-exec-7] DEBUG org.mybatis.spring.SqlSessionUtils - SqlSession [org.apache.ibatis.session.defaults.DefaultSqlSession@5fbdec2f] was not registered for synchronization because synchronization is not active
2025-01-10 21:14:59 [http-nio-8080-exec-5] DEBUG o.m.s.t.SpringManagedTransaction - JDBC Connection [HikariProxyConnection@163180398 wrapping com.mysql.cj.jdbc.ConnectionImpl@5782fd26] will not be managed by Spring
2025-01-10 21:14:59 [http-nio-8080-exec-1] DEBUG o.m.s.t.SpringManagedTransaction - JDBC Connection [HikariProxyConnection@47019224 wrapping com.mysql.cj.jdbc.ConnectionImpl@7965d479] will not be managed by Spring
2025-01-10 21:14:59 [http-nio-8080-exec-7] DEBUG o.m.s.t.SpringManagedTransaction - JDBC Connection [HikariProxyConnection@1164750497 wrapping com.mysql.cj.jdbc.ConnectionImpl@3d60f76f] will not be managed by Spring
2025-01-10 21:14:59 [http-nio-8080-exec-5] DEBUG c.s.d.m.C.selectLnbSubList - ==>  Preparing: SELECT CT_LNB_SUB_IDX AS ctLnbSubIdx, CT_LNB_ID AS ctLnbId, CT_LNB_SUB_ID AS ctLnbSubId, CT_LNB_SUB_NAME AS ctLnbSubName, CT_LNB_SUB_URL AS ctLnbSubUrl FROM CT_LNB_SUB WHERE CT_LNB_ID = ? ORDER BY CT_LNB_SUB_IDX
2025-01-10 21:14:59 [http-nio-8080-exec-7] DEBUG c.s.d.m.C.selectLnbSubList - ==>  Preparing: SELECT CT_LNB_SUB_IDX AS ctLnbSubIdx, CT_LNB_ID AS ctLnbId, CT_LNB_SUB_ID AS ctLnbSubId, CT_LNB_SUB_NAME AS ctLnbSubName, CT_LNB_SUB_URL AS ctLnbSubUrl FROM CT_LNB_SUB WHERE CT_LNB_ID = ? ORDER BY CT_LNB_SUB_IDX
2025-01-10 21:14:59 [http-nio-8080-exec-1] DEBUG c.s.d.m.C.selectLnbSubList - ==>  Preparing: SELECT CT_LNB_SUB_IDX AS ctLnbSubIdx, CT_LNB_ID AS ctLnbId, CT_LNB_SUB_ID AS ctLnbSubId, CT_LNB_SUB_NAME AS ctLnbSubName, CT_LNB_SUB_URL AS ctLnbSubUrl FROM CT_LNB_SUB WHERE CT_LNB_ID = ? ORDER BY CT_LNB_SUB_IDX
2025-01-10 21:14:59 [http-nio-8080-exec-5] DEBUG c.s.d.m.C.selectLnbSubList - ==> Parameters: CT_LNB_CONTACT(String)
2025-01-10 21:14:59 [http-nio-8080-exec-1] DEBUG c.s.d.m.C.selectLnbSubList - ==> Parameters: CT_LNB_SERVICE(String)
2025-01-10 21:14:59 [http-nio-8080-exec-7] DEBUG c.s.d.m.C.selectLnbSubList - ==> Parameters: CT_LNB_INFORMATION(String)
2025-01-10 21:14:59 [http-nio-8080-exec-7] DEBUG c.s.d.m.C.selectLnbSubList - <==      Total: 2
2025-01-10 21:14:59 [http-nio-8080-exec-1] DEBUG c.s.d.m.C.selectLnbSubList - <==      Total: 4
2025-01-10 21:14:59 [http-nio-8080-exec-5] DEBUG c.s.d.m.C.selectLnbSubList - <==      Total: 2
2025-01-10 21:14:59 [http-nio-8080-exec-7] DEBUG org.mybatis.spring.SqlSessionUtils - Closing non transactional SqlSession [org.apache.ibatis.session.defaults.DefaultSqlSession@5fbdec2f]
2025-01-10 21:14:59 [http-nio-8080-exec-1] DEBUG org.mybatis.spring.SqlSessionUtils - Closing non transactional SqlSession [org.apache.ibatis.session.defaults.DefaultSqlSession@de05e56]
2025-01-10 21:14:59 [http-nio-8080-exec-5] DEBUG org.mybatis.spring.SqlSessionUtils - Closing non transactional SqlSession [org.apache.ibatis.session.defaults.DefaultSqlSession@2a39cf38]
2025-01-10 21:18:23 [http-nio-8080-exec-8] WARN  o.t.s.p.AbstractStandardFragmentInsertionTagProcessor - [THYMELEAF][http-nio-8080-exec-8][common/layout/layout] Deprecated unwrapped fragment expression "common/fragments/header::header" found in template common/layout/layout, line 31, col 10. Please use the complete syntax of fragment expressions instead ("~{common/fragments/header::header}"). The old, unwrapped syntax for fragment expressions will be removed in future versions of Thymeleaf.
2025-01-10 21:18:23 [http-nio-8080-exec-8] WARN  o.t.s.p.AbstractStandardFragmentInsertionTagProcessor - [THYMELEAF][http-nio-8080-exec-8][common/layout/layout] Deprecated unwrapped fragment expression "common/fragments/footer::footer" found in template common/layout/layout, line 35, col 10. Please use the complete syntax of fragment expressions instead ("~{common/fragments/footer::footer}"). The old, unwrapped syntax for fragment expressions will be removed in future versions of Thymeleaf.
2025-01-10 21:18:24 [http-nio-8080-exec-8] DEBUG org.mybatis.spring.SqlSessionUtils - Creating a new SqlSession
2025-01-10 21:18:24 [http-nio-8080-exec-8] DEBUG org.mybatis.spring.SqlSessionUtils - SqlSession [org.apache.ibatis.session.defaults.DefaultSqlSession@1dec41c6] was not registered for synchronization because synchronization is not active
2025-01-10 21:18:24 [http-nio-8080-exec-8] DEBUG o.m.s.t.SpringManagedTransaction - JDBC Connection [HikariProxyConnection@1211395160 wrapping com.mysql.cj.jdbc.ConnectionImpl@3d60f76f] will not be managed by Spring
2025-01-10 21:18:24 [http-nio-8080-exec-8] DEBUG c.s.d.m.CommonMapper.selectLnbList - ==>  Preparing: SELECT CT_LNB_IDX AS ctLnbIdx, CT_LNB_ID AS ctLnbId, CT_LNB_NAME AS ctLnbName, CT_LNB_SUB_YN AS ctLnbSubYn, CT_LNB_URL AS ctLnbUrl, CT_LNB_USE_YN AS ctLnbUseYn FROM CT_LNB WHERE CT_LNB_USE_YN = 'Y' ORDER BY CT_LNB_IDX
2025-01-10 21:18:24 [http-nio-8080-exec-8] DEBUG c.s.d.m.CommonMapper.selectLnbList - ==> Parameters: 
2025-01-10 21:18:24 [http-nio-8080-exec-8] DEBUG c.s.d.m.CommonMapper.selectLnbList - <==      Total: 4
2025-01-10 21:18:24 [http-nio-8080-exec-8] DEBUG org.mybatis.spring.SqlSessionUtils - Closing non transactional SqlSession [org.apache.ibatis.session.defaults.DefaultSqlSession@1dec41c6]
2025-01-10 21:18:24 [http-nio-8080-exec-7] DEBUG org.mybatis.spring.SqlSessionUtils - Creating a new SqlSession
2025-01-10 21:18:24 [http-nio-8080-exec-7] DEBUG org.mybatis.spring.SqlSessionUtils - SqlSession [org.apache.ibatis.session.defaults.DefaultSqlSession@35b6511d] was not registered for synchronization because synchronization is not active
2025-01-10 21:18:24 [http-nio-8080-exec-7] DEBUG o.m.s.t.SpringManagedTransaction - JDBC Connection [HikariProxyConnection@353368236 wrapping com.mysql.cj.jdbc.ConnectionImpl@3d60f76f] will not be managed by Spring
2025-01-10 21:18:24 [http-nio-8080-exec-7] DEBUG c.s.d.m.CommonMapper.selectLnbList - ==>  Preparing: SELECT CT_LNB_IDX AS ctLnbIdx, CT_LNB_ID AS ctLnbId, CT_LNB_NAME AS ctLnbName, CT_LNB_SUB_YN AS ctLnbSubYn, CT_LNB_URL AS ctLnbUrl, CT_LNB_USE_YN AS ctLnbUseYn FROM CT_LNB WHERE CT_LNB_USE_YN = 'Y' ORDER BY CT_LNB_IDX
2025-01-10 21:18:24 [http-nio-8080-exec-7] DEBUG c.s.d.m.CommonMapper.selectLnbList - ==> Parameters: 
2025-01-10 21:18:24 [http-nio-8080-exec-7] DEBUG c.s.d.m.CommonMapper.selectLnbList - <==      Total: 4
2025-01-10 21:18:24 [http-nio-8080-exec-7] DEBUG org.mybatis.spring.SqlSessionUtils - Closing non transactional SqlSession [org.apache.ibatis.session.defaults.DefaultSqlSession@35b6511d]
2025-01-10 21:18:24 [http-nio-8080-exec-1] DEBUG org.mybatis.spring.SqlSessionUtils - Creating a new SqlSession
2025-01-10 21:18:24 [http-nio-8080-exec-9] DEBUG org.mybatis.spring.SqlSessionUtils - Creating a new SqlSession
2025-01-10 21:18:24 [http-nio-8080-exec-5] DEBUG org.mybatis.spring.SqlSessionUtils - Creating a new SqlSession
2025-01-10 21:18:24 [http-nio-8080-exec-1] DEBUG org.mybatis.spring.SqlSessionUtils - SqlSession [org.apache.ibatis.session.defaults.DefaultSqlSession@5847be60] was not registered for synchronization because synchronization is not active
2025-01-10 21:18:24 [http-nio-8080-exec-5] DEBUG org.mybatis.spring.SqlSessionUtils - SqlSession [org.apache.ibatis.session.defaults.DefaultSqlSession@59049a0b] was not registered for synchronization because synchronization is not active
2025-01-10 21:18:24 [http-nio-8080-exec-9] DEBUG org.mybatis.spring.SqlSessionUtils - SqlSession [org.apache.ibatis.session.defaults.DefaultSqlSession@ca8efc9] was not registered for synchronization because synchronization is not active
2025-01-10 21:18:24 [http-nio-8080-exec-9] DEBUG o.m.s.t.SpringManagedTransaction - JDBC Connection [HikariProxyConnection@161814501 wrapping com.mysql.cj.jdbc.ConnectionImpl@3d60f76f] will not be managed by Spring
2025-01-10 21:18:24 [http-nio-8080-exec-9] DEBUG c.s.d.m.C.selectLnbSubList - ==>  Preparing: SELECT CT_LNB_SUB_IDX AS ctLnbSubIdx, CT_LNB_ID AS ctLnbId, CT_LNB_SUB_ID AS ctLnbSubId, CT_LNB_SUB_NAME AS ctLnbSubName, CT_LNB_SUB_URL AS ctLnbSubUrl FROM CT_LNB_SUB WHERE CT_LNB_ID = ? ORDER BY CT_LNB_SUB_IDX
2025-01-10 21:18:24 [http-nio-8080-exec-1] DEBUG o.m.s.t.SpringManagedTransaction - JDBC Connection [HikariProxyConnection@835025412 wrapping com.mysql.cj.jdbc.ConnectionImpl@7965d479] will not be managed by Spring
2025-01-10 21:18:24 [http-nio-8080-exec-9] DEBUG c.s.d.m.C.selectLnbSubList - ==> Parameters: CT_LNB_CONTACT(String)
2025-01-10 21:18:24 [http-nio-8080-exec-5] DEBUG o.m.s.t.SpringManagedTransaction - JDBC Connection [HikariProxyConnection@520150234 wrapping com.mysql.cj.jdbc.ConnectionImpl@5782fd26] will not be managed by Spring
2025-01-10 21:18:24 [http-nio-8080-exec-1] DEBUG c.s.d.m.C.selectLnbSubList - ==>  Preparing: SELECT CT_LNB_SUB_IDX AS ctLnbSubIdx, CT_LNB_ID AS ctLnbId, CT_LNB_SUB_ID AS ctLnbSubId, CT_LNB_SUB_NAME AS ctLnbSubName, CT_LNB_SUB_URL AS ctLnbSubUrl FROM CT_LNB_SUB WHERE CT_LNB_ID = ? ORDER BY CT_LNB_SUB_IDX
2025-01-10 21:18:24 [http-nio-8080-exec-5] DEBUG c.s.d.m.C.selectLnbSubList - ==>  Preparing: SELECT CT_LNB_SUB_IDX AS ctLnbSubIdx, CT_LNB_ID AS ctLnbId, CT_LNB_SUB_ID AS ctLnbSubId, CT_LNB_SUB_NAME AS ctLnbSubName, CT_LNB_SUB_URL AS ctLnbSubUrl FROM CT_LNB_SUB WHERE CT_LNB_ID = ? ORDER BY CT_LNB_SUB_IDX
2025-01-10 21:18:24 [http-nio-8080-exec-1] DEBUG c.s.d.m.C.selectLnbSubList - ==> Parameters: CT_LNB_SERVICE(String)
2025-01-10 21:18:24 [http-nio-8080-exec-5] DEBUG c.s.d.m.C.selectLnbSubList - ==> Parameters: CT_LNB_INFORMATION(String)
2025-01-10 21:18:24 [http-nio-8080-exec-9] DEBUG c.s.d.m.C.selectLnbSubList - <==      Total: 2
2025-01-10 21:18:24 [http-nio-8080-exec-1] DEBUG c.s.d.m.C.selectLnbSubList - <==      Total: 4
2025-01-10 21:18:24 [http-nio-8080-exec-9] DEBUG org.mybatis.spring.SqlSessionUtils - Closing non transactional SqlSession [org.apache.ibatis.session.defaults.DefaultSqlSession@ca8efc9]
2025-01-10 21:18:24 [http-nio-8080-exec-1] DEBUG org.mybatis.spring.SqlSessionUtils - Closing non transactional SqlSession [org.apache.ibatis.session.defaults.DefaultSqlSession@5847be60]
2025-01-10 21:18:24 [http-nio-8080-exec-5] DEBUG c.s.d.m.C.selectLnbSubList - <==      Total: 2
2025-01-10 21:18:24 [http-nio-8080-exec-5] DEBUG org.mybatis.spring.SqlSessionUtils - Closing non transactional SqlSession [org.apache.ibatis.session.defaults.DefaultSqlSession@59049a0b]
2025-01-10 21:18:24 [http-nio-8080-exec-4] DEBUG org.mybatis.spring.SqlSessionUtils - Creating a new SqlSession
2025-01-10 21:18:24 [http-nio-8080-exec-4] DEBUG org.mybatis.spring.SqlSessionUtils - SqlSession [org.apache.ibatis.session.defaults.DefaultSqlSession@660518be] was not registered for synchronization because synchronization is not active
2025-01-10 21:18:24 [http-nio-8080-exec-3] DEBUG org.mybatis.spring.SqlSessionUtils - Creating a new SqlSession
2025-01-10 21:18:24 [http-nio-8080-exec-6] DEBUG org.mybatis.spring.SqlSessionUtils - Creating a new SqlSession
2025-01-10 21:18:24 [http-nio-8080-exec-3] DEBUG org.mybatis.spring.SqlSessionUtils - SqlSession [org.apache.ibatis.session.defaults.DefaultSqlSession@44ffa454] was not registered for synchronization because synchronization is not active
2025-01-10 21:18:24 [http-nio-8080-exec-6] DEBUG org.mybatis.spring.SqlSessionUtils - SqlSession [org.apache.ibatis.session.defaults.DefaultSqlSession@9a358b9] was not registered for synchronization because synchronization is not active
2025-01-10 21:18:24 [http-nio-8080-exec-3] DEBUG o.m.s.t.SpringManagedTransaction - JDBC Connection [HikariProxyConnection@142624843 wrapping com.mysql.cj.jdbc.ConnectionImpl@7965d479] will not be managed by Spring
2025-01-10 21:18:24 [http-nio-8080-exec-6] DEBUG o.m.s.t.SpringManagedTransaction - JDBC Connection [HikariProxyConnection@975415490 wrapping com.mysql.cj.jdbc.ConnectionImpl@3d60f76f] will not be managed by Spring
2025-01-10 21:18:24 [http-nio-8080-exec-4] DEBUG o.m.s.t.SpringManagedTransaction - JDBC Connection [HikariProxyConnection@1496181246 wrapping com.mysql.cj.jdbc.ConnectionImpl@5782fd26] will not be managed by Spring
2025-01-10 21:18:24 [http-nio-8080-exec-3] DEBUG c.s.d.m.C.selectLnbSubList - ==>  Preparing: SELECT CT_LNB_SUB_IDX AS ctLnbSubIdx, CT_LNB_ID AS ctLnbId, CT_LNB_SUB_ID AS ctLnbSubId, CT_LNB_SUB_NAME AS ctLnbSubName, CT_LNB_SUB_URL AS ctLnbSubUrl FROM CT_LNB_SUB WHERE CT_LNB_ID = ? ORDER BY CT_LNB_SUB_IDX
2025-01-10 21:18:24 [http-nio-8080-exec-6] DEBUG c.s.d.m.C.selectLnbSubList - ==>  Preparing: SELECT CT_LNB_SUB_IDX AS ctLnbSubIdx, CT_LNB_ID AS ctLnbId, CT_LNB_SUB_ID AS ctLnbSubId, CT_LNB_SUB_NAME AS ctLnbSubName, CT_LNB_SUB_URL AS ctLnbSubUrl FROM CT_LNB_SUB WHERE CT_LNB_ID = ? ORDER BY CT_LNB_SUB_IDX
2025-01-10 21:18:24 [http-nio-8080-exec-4] DEBUG c.s.d.m.C.selectLnbSubList - ==>  Preparing: SELECT CT_LNB_SUB_IDX AS ctLnbSubIdx, CT_LNB_ID AS ctLnbId, CT_LNB_SUB_ID AS ctLnbSubId, CT_LNB_SUB_NAME AS ctLnbSubName, CT_LNB_SUB_URL AS ctLnbSubUrl FROM CT_LNB_SUB WHERE CT_LNB_ID = ? ORDER BY CT_LNB_SUB_IDX
2025-01-10 21:18:24 [http-nio-8080-exec-3] DEBUG c.s.d.m.C.selectLnbSubList - ==> Parameters: CT_LNB_CONTACT(String)
2025-01-10 21:18:24 [http-nio-8080-exec-6] DEBUG c.s.d.m.C.selectLnbSubList - ==> Parameters: CT_LNB_SERVICE(String)
2025-01-10 21:18:24 [http-nio-8080-exec-4] DEBUG c.s.d.m.C.selectLnbSubList - ==> Parameters: CT_LNB_INFORMATION(String)
2025-01-10 21:18:24 [http-nio-8080-exec-4] DEBUG c.s.d.m.C.selectLnbSubList - <==      Total: 2
2025-01-10 21:18:24 [http-nio-8080-exec-6] DEBUG c.s.d.m.C.selectLnbSubList - <==      Total: 4
2025-01-10 21:18:24 [http-nio-8080-exec-3] DEBUG c.s.d.m.C.selectLnbSubList - <==      Total: 2
2025-01-10 21:18:24 [http-nio-8080-exec-6] DEBUG org.mybatis.spring.SqlSessionUtils - Closing non transactional SqlSession [org.apache.ibatis.session.defaults.DefaultSqlSession@9a358b9]
2025-01-10 21:18:24 [http-nio-8080-exec-4] DEBUG org.mybatis.spring.SqlSessionUtils - Closing non transactional SqlSession [org.apache.ibatis.session.defaults.DefaultSqlSession@660518be]
2025-01-10 21:18:24 [http-nio-8080-exec-3] DEBUG org.mybatis.spring.SqlSessionUtils - Closing non transactional SqlSession [org.apache.ibatis.session.defaults.DefaultSqlSession@44ffa454]
2025-01-10 21:23:45 [RMI TCP Connection(25)-127.0.0.1] INFO  o.s.b.a.SpringApplicationAdminMXBeanRegistrar$SpringApplicationAdmin - Application shutdown requested.
2025-01-10 21:23:45 [RMI TCP Connection(25)-127.0.0.1] INFO  o.s.b.w.e.tomcat.GracefulShutdown - Commencing graceful shutdown. Waiting for active requests to complete
2025-01-10 21:23:45 [tomcat-shutdown] INFO  o.a.coyote.http11.Http11NioProtocol - Pausing ProtocolHandler ["http-nio-8080"]
2025-01-10 21:23:45 [tomcat-shutdown] INFO  o.s.b.w.e.tomcat.GracefulShutdown - Graceful shutdown complete
2025-01-10 21:23:45 [RMI TCP Connection(25)-127.0.0.1] INFO  o.a.coyote.http11.Http11NioProtocol - Stopping ProtocolHandler ["http-nio-8080"]
2025-01-10 21:23:45 [RMI TCP Connection(25)-127.0.0.1] INFO  com.zaxxer.hikari.HikariDataSource - HikariPool-1 - Shutdown initiated...
2025-01-10 21:23:45 [RMI TCP Connection(25)-127.0.0.1] INFO  com.zaxxer.hikari.HikariDataSource - HikariPool-1 - Shutdown completed.
