2025-02-11 19:18:06 [restartedMain] INFO  c.s.devspring.DevspringApplication - Starting DevspringApplication using Java 17.0.12 with PID 6004 (C:\Users\aatjx\git\devspring\devspring\bin\main started by aatjx in C:\Users\aatjx\git\devspring\devspring)
2025-02-11 19:18:06 [restartedMain] INFO  c.s.devspring.DevspringApplication - No active profile set, falling back to 1 default profile: "default"
2025-02-11 19:18:07 [restartedMain] INFO  o.s.b.d.e.DevToolsPropertyDefaultsPostProcessor - Devtools property defaults active! Set 'spring.devtools.add-properties' to 'false' to disable
2025-02-11 19:18:07 [restartedMain] INFO  o.s.b.d.e.DevToolsPropertyDefaultsPostProcessor - For additional web related logging consider setting the 'logging.level.web' property to 'DEBUG'
2025-02-11 19:18:07 [restartedMain] INFO  o.s.d.r.c.RepositoryConfigurationDelegate - Multiple Spring Data modules found, entering strict repository configuration mode
2025-02-11 19:18:07 [restartedMain] INFO  o.s.d.r.c.RepositoryConfigurationDelegate - Bootstrapping Spring Data Redis repositories in DEFAULT mode.
2025-02-11 19:18:07 [restartedMain] INFO  o.s.d.r.c.RepositoryConfigurationDelegate - Finished Spring Data repository scanning in 10 ms. Found 0 Redis repository interfaces.
2025-02-11 19:18:07 [restartedMain] DEBUG o.apache.ibatis.logging.LogFactory - Logging initialized using 'class org.apache.ibatis.logging.slf4j.Slf4jImpl' adapter.
2025-02-11 19:18:07 [restartedMain] DEBUG o.m.s.mapper.ClassPathMapperScanner - Identified candidate component class: file [C:\Users\aatjx\git\devspring\devspring\bin\main\com\spring\devspring\mapper\BoardMapper.class]
2025-02-11 19:18:07 [restartedMain] DEBUG o.m.s.mapper.ClassPathMapperScanner - Identified candidate component class: file [C:\Users\aatjx\git\devspring\devspring\bin\main\com\spring\devspring\mapper\CommonMapper.class]
2025-02-11 19:18:07 [restartedMain] DEBUG o.m.s.mapper.ClassPathMapperScanner - Identified candidate component class: file [C:\Users\aatjx\git\devspring\devspring\bin\main\com\spring\devspring\mapper\CtUserMapper.class]
2025-02-11 19:18:07 [restartedMain] DEBUG o.m.s.mapper.ClassPathMapperScanner - Creating MapperFactoryBean with name 'boardMapper' and 'com.spring.devspring.mapper.BoardMapper' mapperInterface
2025-02-11 19:18:07 [restartedMain] DEBUG o.m.s.mapper.ClassPathMapperScanner - Creating MapperFactoryBean with name 'commonMapper' and 'com.spring.devspring.mapper.CommonMapper' mapperInterface
2025-02-11 19:18:07 [restartedMain] DEBUG o.m.s.mapper.ClassPathMapperScanner - Creating MapperFactoryBean with name 'ctUserMapper' and 'com.spring.devspring.mapper.CtUserMapper' mapperInterface
2025-02-11 19:18:08 [restartedMain] INFO  o.s.b.w.e.tomcat.TomcatWebServer - Tomcat initialized with port 8080 (http)
2025-02-11 19:18:08 [restartedMain] INFO  o.a.coyote.http11.Http11NioProtocol - Initializing ProtocolHandler ["http-nio-8080"]
2025-02-11 19:18:08 [restartedMain] INFO  o.a.catalina.core.StandardService - Starting service [Tomcat]
2025-02-11 19:18:08 [restartedMain] INFO  o.a.catalina.core.StandardEngine - Starting Servlet engine: [Apache Tomcat/10.1.34]
2025-02-11 19:18:08 [restartedMain] INFO  o.a.c.c.C.[Tomcat].[localhost].[/] - Initializing Spring embedded WebApplicationContext
2025-02-11 19:18:08 [restartedMain] INFO  o.s.b.w.s.c.ServletWebServerApplicationContext - Root WebApplicationContext: initialization completed in 1179 ms
2025-02-11 19:18:08 [restartedMain] DEBUG o.m.spring.SqlSessionFactoryBean - Property 'configuration' or 'configLocation' not specified, using default MyBatis Configuration
2025-02-11 19:18:08 [restartedMain] DEBUG o.m.spring.SqlSessionFactoryBean - Parsed mapper file: 'file [C:\Users\aatjx\git\devspring\devspring\bin\main\static\mapper\BoardMapper.xml]'
2025-02-11 19:18:08 [restartedMain] DEBUG o.m.spring.SqlSessionFactoryBean - Parsed mapper file: 'file [C:\Users\aatjx\git\devspring\devspring\bin\main\static\mapper\CommonMapper.xml]'
2025-02-11 19:18:08 [restartedMain] DEBUG o.m.spring.SqlSessionFactoryBean - Parsed mapper file: 'file [C:\Users\aatjx\git\devspring\devspring\bin\main\static\mapper\CtUserMapper.xml]'
2025-02-11 19:18:08 [restartedMain] INFO  o.s.s.c.a.a.c.InitializeUserDetailsBeanManagerConfigurer$InitializeUserDetailsManagerConfigurer - Global AuthenticationManager configured with UserDetailsService bean with name ctUserService
2025-02-11 19:18:09 [restartedMain] INFO  o.s.b.d.a.OptionalLiveReloadServer - LiveReload server is running on port 35729
2025-02-11 19:18:09 [restartedMain] INFO  o.a.coyote.http11.Http11NioProtocol - Starting ProtocolHandler ["http-nio-8080"]
2025-02-11 19:18:09 [restartedMain] INFO  o.s.b.w.e.tomcat.TomcatWebServer - Tomcat started on port 8080 (http) with context path '/'
2025-02-11 19:18:09 [restartedMain] INFO  c.s.devspring.DevspringApplication - Started DevspringApplication in 2.749 seconds (process running for 3.228)
2025-02-11 19:18:09 [http-nio-8080-exec-1] INFO  o.a.c.c.C.[Tomcat].[localhost].[/] - Initializing Spring DispatcherServlet 'dispatcherServlet'
2025-02-11 19:18:09 [http-nio-8080-exec-1] INFO  o.s.web.servlet.DispatcherServlet - Initializing Servlet 'dispatcherServlet'
2025-02-11 19:18:09 [http-nio-8080-exec-1] INFO  o.s.web.servlet.DispatcherServlet - Completed initialization in 1 ms
2025-02-11 19:18:16 [http-nio-8080-exec-3] DEBUG org.mybatis.spring.SqlSessionUtils - Creating a new SqlSession
2025-02-11 19:18:16 [http-nio-8080-exec-3] DEBUG org.mybatis.spring.SqlSessionUtils - SqlSession [org.apache.ibatis.session.defaults.DefaultSqlSession@2c7e8f0f] was not registered for synchronization because synchronization is not active
2025-02-11 19:18:16 [http-nio-8080-exec-3] INFO  com.zaxxer.hikari.HikariDataSource - HikariPool-1 - Starting...
2025-02-11 19:18:17 [http-nio-8080-exec-3] INFO  com.zaxxer.hikari.pool.HikariPool - HikariPool-1 - Added connection com.mysql.cj.jdbc.ConnectionImpl@16f24202
2025-02-11 19:18:17 [http-nio-8080-exec-3] INFO  com.zaxxer.hikari.HikariDataSource - HikariPool-1 - Start completed.
2025-02-11 19:18:17 [http-nio-8080-exec-3] DEBUG o.m.s.t.SpringManagedTransaction - JDBC Connection [HikariProxyConnection@1854925733 wrapping com.mysql.cj.jdbc.ConnectionImpl@16f24202] will not be managed by Spring
2025-02-11 19:18:17 [http-nio-8080-exec-3] DEBUG c.s.d.mapper.CtUserMapper.insertUser - ==>  Preparing: INSERT INTO CT_USER(CT_USER_ID, CT_USER_PWD, CT_USER_NAME, CT_USER_EMAIL, CT_USER_PHONE_NUMBER, CT_USER_AUTHORITY, CT_USER_CREATE_TIME, CT_USER_UPDATE_TIME) VALUES ( ?, ?, ?, ?, ?, ?, ?, ? )
2025-02-11 19:18:17 [http-nio-8080-exec-3] DEBUG c.s.d.mapper.CtUserMapper.insertUser - ==> Parameters: tjxodn(String), $2a$10$eJ1NS2rvYUsWH35epkQseemLJSH81vnUMGGjLA.xgA7ANd1ZFQNPW(String), tjxodn(String), tjxodn@naver.com(String), 010-1111-2222(String), ADMIN(String), 2025-02-11T19:18:16.910485900(LocalDateTime), 2025-02-11T19:18:16.910485900(LocalDateTime)
2025-02-11 19:18:17 [http-nio-8080-exec-3] DEBUG c.s.d.mapper.CtUserMapper.insertUser - <==    Updates: 1
2025-02-11 19:18:17 [http-nio-8080-exec-3] DEBUG org.mybatis.spring.SqlSessionUtils - Closing non transactional SqlSession [org.apache.ibatis.session.defaults.DefaultSqlSession@2c7e8f0f]
2025-02-11 19:18:17 [http-nio-8080-exec-3] ERROR org.thymeleaf.TemplateEngine - [THYMELEAF][http-nio-8080-exec-3] Exception processing template "user/new": Error resolving template [user/new], template might not exist or might not be accessible by any of the configured Template Resolvers
org.thymeleaf.exceptions.TemplateInputException: Error resolving template [user/new], template might not exist or might not be accessible by any of the configured Template Resolvers
	at org.thymeleaf.engine.TemplateManager.resolveTemplate(TemplateManager.java:869)
	at org.thymeleaf.engine.TemplateManager.parseAndProcess(TemplateManager.java:607)
	at org.thymeleaf.TemplateEngine.process(TemplateEngine.java:1103)
	at org.thymeleaf.TemplateEngine.process(TemplateEngine.java:1077)
	at org.thymeleaf.spring6.view.ThymeleafView.renderFragment(ThymeleafView.java:372)
	at org.thymeleaf.spring6.view.ThymeleafView.render(ThymeleafView.java:192)
	at org.springframework.web.servlet.DispatcherServlet.render(DispatcherServlet.java:1435)
	at org.springframework.web.servlet.DispatcherServlet.processDispatchResult(DispatcherServlet.java:1167)
	at org.springframework.web.servlet.DispatcherServlet.doDispatch(DispatcherServlet.java:1105)
	at org.springframework.web.servlet.DispatcherServlet.doService(DispatcherServlet.java:978)
	at org.springframework.web.servlet.FrameworkServlet.processRequest(FrameworkServlet.java:1014)
	at org.springframework.web.servlet.FrameworkServlet.doPost(FrameworkServlet.java:914)
	at jakarta.servlet.http.HttpServlet.service(HttpServlet.java:590)
	at org.springframework.web.servlet.FrameworkServlet.service(FrameworkServlet.java:885)
	at jakarta.servlet.http.HttpServlet.service(HttpServlet.java:658)
	at org.apache.catalina.core.ApplicationFilterChain.internalDoFilter(ApplicationFilterChain.java:195)
	at org.apache.catalina.core.ApplicationFilterChain.doFilter(ApplicationFilterChain.java:140)
	at org.apache.tomcat.websocket.server.WsFilter.doFilter(WsFilter.java:51)
	at org.apache.catalina.core.ApplicationFilterChain.internalDoFilter(ApplicationFilterChain.java:164)
	at org.apache.catalina.core.ApplicationFilterChain.doFilter(ApplicationFilterChain.java:140)
	at org.springframework.web.filter.CompositeFilter$VirtualFilterChain.doFilter(CompositeFilter.java:108)
	at org.springframework.security.web.FilterChainProxy.lambda$doFilterInternal$3(FilterChainProxy.java:231)
	at org.springframework.security.web.FilterChainProxy$VirtualFilterChain.doFilter(FilterChainProxy.java:365)
	at org.springframework.security.web.access.intercept.AuthorizationFilter.doFilter(AuthorizationFilter.java:101)
	at org.springframework.security.web.FilterChainProxy$VirtualFilterChain.doFilter(FilterChainProxy.java:374)
	at org.springframework.security.web.access.ExceptionTranslationFilter.doFilter(ExceptionTranslationFilter.java:126)
	at org.springframework.security.web.access.ExceptionTranslationFilter.doFilter(ExceptionTranslationFilter.java:120)
	at org.springframework.security.web.FilterChainProxy$VirtualFilterChain.doFilter(FilterChainProxy.java:374)
	at org.springframework.security.web.authentication.AnonymousAuthenticationFilter.doFilter(AnonymousAuthenticationFilter.java:100)
	at org.springframework.security.web.FilterChainProxy$VirtualFilterChain.doFilter(FilterChainProxy.java:374)
	at org.springframework.security.web.servletapi.SecurityContextHolderAwareRequestFilter.doFilter(SecurityContextHolderAwareRequestFilter.java:179)
	at org.springframework.security.web.FilterChainProxy$VirtualFilterChain.doFilter(FilterChainProxy.java:374)
	at org.springframework.security.web.savedrequest.RequestCacheAwareFilter.doFilter(RequestCacheAwareFilter.java:63)
	at org.springframework.security.web.FilterChainProxy$VirtualFilterChain.doFilter(FilterChainProxy.java:374)
	at org.springframework.security.web.authentication.AbstractAuthenticationProcessingFilter.doFilter(AbstractAuthenticationProcessingFilter.java:227)
	at org.springframework.security.web.authentication.AbstractAuthenticationProcessingFilter.doFilter(AbstractAuthenticationProcessingFilter.java:221)
	at org.springframework.security.web.FilterChainProxy$VirtualFilterChain.doFilter(FilterChainProxy.java:374)
	at org.springframework.security.web.authentication.logout.LogoutFilter.doFilter(LogoutFilter.java:107)
	at org.springframework.security.web.authentication.logout.LogoutFilter.doFilter(LogoutFilter.java:93)
	at org.springframework.security.web.FilterChainProxy$VirtualFilterChain.doFilter(FilterChainProxy.java:374)
	at org.springframework.security.web.header.HeaderWriterFilter.doHeadersAfter(HeaderWriterFilter.java:90)
	at org.springframework.security.web.header.HeaderWriterFilter.doFilterInternal(HeaderWriterFilter.java:75)
	at org.springframework.web.filter.OncePerRequestFilter.doFilter(OncePerRequestFilter.java:116)
	at org.springframework.security.web.FilterChainProxy$VirtualFilterChain.doFilter(FilterChainProxy.java:374)
	at org.springframework.security.web.context.SecurityContextHolderFilter.doFilter(SecurityContextHolderFilter.java:82)
	at org.springframework.security.web.context.SecurityContextHolderFilter.doFilter(SecurityContextHolderFilter.java:69)
	at org.springframework.security.web.FilterChainProxy$VirtualFilterChain.doFilter(FilterChainProxy.java:374)
	at org.springframework.security.web.context.request.async.WebAsyncManagerIntegrationFilter.doFilterInternal(WebAsyncManagerIntegrationFilter.java:62)
	at org.springframework.web.filter.OncePerRequestFilter.doFilter(OncePerRequestFilter.java:116)
	at org.springframework.security.web.FilterChainProxy$VirtualFilterChain.doFilter(FilterChainProxy.java:374)
	at org.springframework.security.web.session.DisableEncodeUrlFilter.doFilterInternal(DisableEncodeUrlFilter.java:42)
	at org.springframework.web.filter.OncePerRequestFilter.doFilter(OncePerRequestFilter.java:116)
	at org.springframework.security.web.FilterChainProxy$VirtualFilterChain.doFilter(FilterChainProxy.java:374)
	at org.springframework.security.web.FilterChainProxy.doFilterInternal(FilterChainProxy.java:233)
	at org.springframework.security.web.FilterChainProxy.doFilter(FilterChainProxy.java:191)
	at org.springframework.web.filter.CompositeFilter$VirtualFilterChain.doFilter(CompositeFilter.java:113)
	at org.springframework.web.servlet.handler.HandlerMappingIntrospector.lambda$createCacheFilter$3(HandlerMappingIntrospector.java:243)
	at org.springframework.web.filter.CompositeFilter$VirtualFilterChain.doFilter(CompositeFilter.java:113)
	at org.springframework.web.filter.CompositeFilter.doFilter(CompositeFilter.java:74)
	at org.springframework.security.config.annotation.web.configuration.WebMvcSecurityConfiguration$CompositeFilterChainProxy.doFilter(WebMvcSecurityConfiguration.java:238)
	at org.springframework.web.filter.DelegatingFilterProxy.invokeDelegate(DelegatingFilterProxy.java:362)
	at org.springframework.web.filter.DelegatingFilterProxy.doFilter(DelegatingFilterProxy.java:278)
	at org.apache.catalina.core.ApplicationFilterChain.internalDoFilter(ApplicationFilterChain.java:164)
	at org.apache.catalina.core.ApplicationFilterChain.doFilter(ApplicationFilterChain.java:140)
	at org.springframework.web.filter.RequestContextFilter.doFilterInternal(RequestContextFilter.java:100)
	at org.springframework.web.filter.OncePerRequestFilter.doFilter(OncePerRequestFilter.java:116)
	at org.apache.catalina.core.ApplicationFilterChain.internalDoFilter(ApplicationFilterChain.java:164)
	at org.apache.catalina.core.ApplicationFilterChain.doFilter(ApplicationFilterChain.java:140)
	at org.springframework.web.filter.FormContentFilter.doFilterInternal(FormContentFilter.java:93)
	at org.springframework.web.filter.OncePerRequestFilter.doFilter(OncePerRequestFilter.java:116)
	at org.apache.catalina.core.ApplicationFilterChain.internalDoFilter(ApplicationFilterChain.java:164)
	at org.apache.catalina.core.ApplicationFilterChain.doFilter(ApplicationFilterChain.java:140)
	at org.springframework.web.filter.CharacterEncodingFilter.doFilterInternal(CharacterEncodingFilter.java:201)
	at org.springframework.web.filter.OncePerRequestFilter.doFilter(OncePerRequestFilter.java:116)
	at org.apache.catalina.core.ApplicationFilterChain.internalDoFilter(ApplicationFilterChain.java:164)
	at org.apache.catalina.core.ApplicationFilterChain.doFilter(ApplicationFilterChain.java:140)
	at org.apache.catalina.core.StandardWrapperValve.invoke(StandardWrapperValve.java:167)
	at org.apache.catalina.core.StandardContextValve.invoke(StandardContextValve.java:90)
	at org.apache.catalina.authenticator.AuthenticatorBase.invoke(AuthenticatorBase.java:483)
	at org.apache.catalina.core.StandardHostValve.invoke(StandardHostValve.java:115)
	at org.apache.catalina.valves.ErrorReportValve.invoke(ErrorReportValve.java:93)
	at org.apache.catalina.core.StandardEngineValve.invoke(StandardEngineValve.java:74)
	at org.apache.catalina.connector.CoyoteAdapter.service(CoyoteAdapter.java:344)
	at org.apache.coyote.http11.Http11Processor.service(Http11Processor.java:397)
	at org.apache.coyote.AbstractProcessorLight.process(AbstractProcessorLight.java:63)
	at org.apache.coyote.AbstractProtocol$ConnectionHandler.process(AbstractProtocol.java:905)
	at org.apache.tomcat.util.net.NioEndpoint$SocketProcessor.doRun(NioEndpoint.java:1741)
	at org.apache.tomcat.util.net.SocketProcessorBase.run(SocketProcessorBase.java:52)
	at org.apache.tomcat.util.threads.ThreadPoolExecutor.runWorker(ThreadPoolExecutor.java:1190)
	at org.apache.tomcat.util.threads.ThreadPoolExecutor$Worker.run(ThreadPoolExecutor.java:659)
	at org.apache.tomcat.util.threads.TaskThread$WrappingRunnable.run(TaskThread.java:63)
	at java.base/java.lang.Thread.run(Thread.java:842)
2025-02-11 19:18:17 [http-nio-8080-exec-3] ERROR o.a.c.c.C.[.[.[.[dispatcherServlet] - Servlet.service() for servlet [dispatcherServlet] in context with path [] threw exception [Request processing failed: org.thymeleaf.exceptions.TemplateInputException: Error resolving template [user/new], template might not exist or might not be accessible by any of the configured Template Resolvers] with root cause
org.thymeleaf.exceptions.TemplateInputException: Error resolving template [user/new], template might not exist or might not be accessible by any of the configured Template Resolvers
	at org.thymeleaf.engine.TemplateManager.resolveTemplate(TemplateManager.java:869)
	at org.thymeleaf.engine.TemplateManager.parseAndProcess(TemplateManager.java:607)
	at org.thymeleaf.TemplateEngine.process(TemplateEngine.java:1103)
	at org.thymeleaf.TemplateEngine.process(TemplateEngine.java:1077)
	at org.thymeleaf.spring6.view.ThymeleafView.renderFragment(ThymeleafView.java:372)
	at org.thymeleaf.spring6.view.ThymeleafView.render(ThymeleafView.java:192)
	at org.springframework.web.servlet.DispatcherServlet.render(DispatcherServlet.java:1435)
	at org.springframework.web.servlet.DispatcherServlet.processDispatchResult(DispatcherServlet.java:1167)
	at org.springframework.web.servlet.DispatcherServlet.doDispatch(DispatcherServlet.java:1105)
	at org.springframework.web.servlet.DispatcherServlet.doService(DispatcherServlet.java:978)
	at org.springframework.web.servlet.FrameworkServlet.processRequest(FrameworkServlet.java:1014)
	at org.springframework.web.servlet.FrameworkServlet.doPost(FrameworkServlet.java:914)
	at jakarta.servlet.http.HttpServlet.service(HttpServlet.java:590)
	at org.springframework.web.servlet.FrameworkServlet.service(FrameworkServlet.java:885)
	at jakarta.servlet.http.HttpServlet.service(HttpServlet.java:658)
	at org.apache.catalina.core.ApplicationFilterChain.internalDoFilter(ApplicationFilterChain.java:195)
	at org.apache.catalina.core.ApplicationFilterChain.doFilter(ApplicationFilterChain.java:140)
	at org.apache.tomcat.websocket.server.WsFilter.doFilter(WsFilter.java:51)
	at org.apache.catalina.core.ApplicationFilterChain.internalDoFilter(ApplicationFilterChain.java:164)
	at org.apache.catalina.core.ApplicationFilterChain.doFilter(ApplicationFilterChain.java:140)
	at org.springframework.web.filter.CompositeFilter$VirtualFilterChain.doFilter(CompositeFilter.java:108)
	at org.springframework.security.web.FilterChainProxy.lambda$doFilterInternal$3(FilterChainProxy.java:231)
	at org.springframework.security.web.FilterChainProxy$VirtualFilterChain.doFilter(FilterChainProxy.java:365)
	at org.springframework.security.web.access.intercept.AuthorizationFilter.doFilter(AuthorizationFilter.java:101)
	at org.springframework.security.web.FilterChainProxy$VirtualFilterChain.doFilter(FilterChainProxy.java:374)
	at org.springframework.security.web.access.ExceptionTranslationFilter.doFilter(ExceptionTranslationFilter.java:126)
	at org.springframework.security.web.access.ExceptionTranslationFilter.doFilter(ExceptionTranslationFilter.java:120)
	at org.springframework.security.web.FilterChainProxy$VirtualFilterChain.doFilter(FilterChainProxy.java:374)
	at org.springframework.security.web.authentication.AnonymousAuthenticationFilter.doFilter(AnonymousAuthenticationFilter.java:100)
	at org.springframework.security.web.FilterChainProxy$VirtualFilterChain.doFilter(FilterChainProxy.java:374)
	at org.springframework.security.web.servletapi.SecurityContextHolderAwareRequestFilter.doFilter(SecurityContextHolderAwareRequestFilter.java:179)
	at org.springframework.security.web.FilterChainProxy$VirtualFilterChain.doFilter(FilterChainProxy.java:374)
	at org.springframework.security.web.savedrequest.RequestCacheAwareFilter.doFilter(RequestCacheAwareFilter.java:63)
	at org.springframework.security.web.FilterChainProxy$VirtualFilterChain.doFilter(FilterChainProxy.java:374)
	at org.springframework.security.web.authentication.AbstractAuthenticationProcessingFilter.doFilter(AbstractAuthenticationProcessingFilter.java:227)
	at org.springframework.security.web.authentication.AbstractAuthenticationProcessingFilter.doFilter(AbstractAuthenticationProcessingFilter.java:221)
	at org.springframework.security.web.FilterChainProxy$VirtualFilterChain.doFilter(FilterChainProxy.java:374)
	at org.springframework.security.web.authentication.logout.LogoutFilter.doFilter(LogoutFilter.java:107)
	at org.springframework.security.web.authentication.logout.LogoutFilter.doFilter(LogoutFilter.java:93)
	at org.springframework.security.web.FilterChainProxy$VirtualFilterChain.doFilter(FilterChainProxy.java:374)
	at org.springframework.security.web.header.HeaderWriterFilter.doHeadersAfter(HeaderWriterFilter.java:90)
	at org.springframework.security.web.header.HeaderWriterFilter.doFilterInternal(HeaderWriterFilter.java:75)
	at org.springframework.web.filter.OncePerRequestFilter.doFilter(OncePerRequestFilter.java:116)
	at org.springframework.security.web.FilterChainProxy$VirtualFilterChain.doFilter(FilterChainProxy.java:374)
	at org.springframework.security.web.context.SecurityContextHolderFilter.doFilter(SecurityContextHolderFilter.java:82)
	at org.springframework.security.web.context.SecurityContextHolderFilter.doFilter(SecurityContextHolderFilter.java:69)
	at org.springframework.security.web.FilterChainProxy$VirtualFilterChain.doFilter(FilterChainProxy.java:374)
	at org.springframework.security.web.context.request.async.WebAsyncManagerIntegrationFilter.doFilterInternal(WebAsyncManagerIntegrationFilter.java:62)
	at org.springframework.web.filter.OncePerRequestFilter.doFilter(OncePerRequestFilter.java:116)
	at org.springframework.security.web.FilterChainProxy$VirtualFilterChain.doFilter(FilterChainProxy.java:374)
	at org.springframework.security.web.session.DisableEncodeUrlFilter.doFilterInternal(DisableEncodeUrlFilter.java:42)
	at org.springframework.web.filter.OncePerRequestFilter.doFilter(OncePerRequestFilter.java:116)
	at org.springframework.security.web.FilterChainProxy$VirtualFilterChain.doFilter(FilterChainProxy.java:374)
	at org.springframework.security.web.FilterChainProxy.doFilterInternal(FilterChainProxy.java:233)
	at org.springframework.security.web.FilterChainProxy.doFilter(FilterChainProxy.java:191)
	at org.springframework.web.filter.CompositeFilter$VirtualFilterChain.doFilter(CompositeFilter.java:113)
	at org.springframework.web.servlet.handler.HandlerMappingIntrospector.lambda$createCacheFilter$3(HandlerMappingIntrospector.java:243)
	at org.springframework.web.filter.CompositeFilter$VirtualFilterChain.doFilter(CompositeFilter.java:113)
	at org.springframework.web.filter.CompositeFilter.doFilter(CompositeFilter.java:74)
	at org.springframework.security.config.annotation.web.configuration.WebMvcSecurityConfiguration$CompositeFilterChainProxy.doFilter(WebMvcSecurityConfiguration.java:238)
	at org.springframework.web.filter.DelegatingFilterProxy.invokeDelegate(DelegatingFilterProxy.java:362)
	at org.springframework.web.filter.DelegatingFilterProxy.doFilter(DelegatingFilterProxy.java:278)
	at org.apache.catalina.core.ApplicationFilterChain.internalDoFilter(ApplicationFilterChain.java:164)
	at org.apache.catalina.core.ApplicationFilterChain.doFilter(ApplicationFilterChain.java:140)
	at org.springframework.web.filter.RequestContextFilter.doFilterInternal(RequestContextFilter.java:100)
	at org.springframework.web.filter.OncePerRequestFilter.doFilter(OncePerRequestFilter.java:116)
	at org.apache.catalina.core.ApplicationFilterChain.internalDoFilter(ApplicationFilterChain.java:164)
	at org.apache.catalina.core.ApplicationFilterChain.doFilter(ApplicationFilterChain.java:140)
	at org.springframework.web.filter.FormContentFilter.doFilterInternal(FormContentFilter.java:93)
	at org.springframework.web.filter.OncePerRequestFilter.doFilter(OncePerRequestFilter.java:116)
	at org.apache.catalina.core.ApplicationFilterChain.internalDoFilter(ApplicationFilterChain.java:164)
	at org.apache.catalina.core.ApplicationFilterChain.doFilter(ApplicationFilterChain.java:140)
	at org.springframework.web.filter.CharacterEncodingFilter.doFilterInternal(CharacterEncodingFilter.java:201)
	at org.springframework.web.filter.OncePerRequestFilter.doFilter(OncePerRequestFilter.java:116)
	at org.apache.catalina.core.ApplicationFilterChain.internalDoFilter(ApplicationFilterChain.java:164)
	at org.apache.catalina.core.ApplicationFilterChain.doFilter(ApplicationFilterChain.java:140)
	at org.apache.catalina.core.StandardWrapperValve.invoke(StandardWrapperValve.java:167)
	at org.apache.catalina.core.StandardContextValve.invoke(StandardContextValve.java:90)
	at org.apache.catalina.authenticator.AuthenticatorBase.invoke(AuthenticatorBase.java:483)
	at org.apache.catalina.core.StandardHostValve.invoke(StandardHostValve.java:115)
	at org.apache.catalina.valves.ErrorReportValve.invoke(ErrorReportValve.java:93)
	at org.apache.catalina.core.StandardEngineValve.invoke(StandardEngineValve.java:74)
	at org.apache.catalina.connector.CoyoteAdapter.service(CoyoteAdapter.java:344)
	at org.apache.coyote.http11.Http11Processor.service(Http11Processor.java:397)
	at org.apache.coyote.AbstractProcessorLight.process(AbstractProcessorLight.java:63)
	at org.apache.coyote.AbstractProtocol$ConnectionHandler.process(AbstractProtocol.java:905)
	at org.apache.tomcat.util.net.NioEndpoint$SocketProcessor.doRun(NioEndpoint.java:1741)
	at org.apache.tomcat.util.net.SocketProcessorBase.run(SocketProcessorBase.java:52)
	at org.apache.tomcat.util.threads.ThreadPoolExecutor.runWorker(ThreadPoolExecutor.java:1190)
	at org.apache.tomcat.util.threads.ThreadPoolExecutor$Worker.run(ThreadPoolExecutor.java:659)
	at org.apache.tomcat.util.threads.TaskThread$WrappingRunnable.run(TaskThread.java:63)
	at java.base/java.lang.Thread.run(Thread.java:842)
2025-02-11 19:19:02 [http-nio-8080-exec-9] ERROR o.s.s.w.a.UsernamePasswordAuthenticationFilter - An internal error occurred while trying to authenticate the user.
org.springframework.security.authentication.InternalAuthenticationServiceException: Invalid bound statement (not found): com.spring.devspring.mapper.CtUserMapper.findByCtUserId
	at org.springframework.security.authentication.dao.DaoAuthenticationProvider.retrieveUser(DaoAuthenticationProvider.java:122)
	at org.springframework.security.authentication.dao.AbstractUserDetailsAuthenticationProvider.authenticate(AbstractUserDetailsAuthenticationProvider.java:133)
	at org.springframework.security.authentication.ProviderManager.authenticate(ProviderManager.java:182)
	at org.springframework.security.authentication.ProviderManager.authenticate(ProviderManager.java:201)
	at org.springframework.security.web.authentication.UsernamePasswordAuthenticationFilter.attemptAuthentication(UsernamePasswordAuthenticationFilter.java:85)
	at org.springframework.security.web.authentication.AbstractAuthenticationProcessingFilter.doFilter(AbstractAuthenticationProcessingFilter.java:231)
	at org.springframework.security.web.authentication.AbstractAuthenticationProcessingFilter.doFilter(AbstractAuthenticationProcessingFilter.java:221)
	at org.springframework.security.web.FilterChainProxy$VirtualFilterChain.doFilter(FilterChainProxy.java:374)
	at org.springframework.security.web.authentication.logout.LogoutFilter.doFilter(LogoutFilter.java:107)
	at org.springframework.security.web.authentication.logout.LogoutFilter.doFilter(LogoutFilter.java:93)
	at org.springframework.security.web.FilterChainProxy$VirtualFilterChain.doFilter(FilterChainProxy.java:374)
	at org.springframework.security.web.header.HeaderWriterFilter.doHeadersAfter(HeaderWriterFilter.java:90)
	at org.springframework.security.web.header.HeaderWriterFilter.doFilterInternal(HeaderWriterFilter.java:75)
	at org.springframework.web.filter.OncePerRequestFilter.doFilter(OncePerRequestFilter.java:116)
	at org.springframework.security.web.FilterChainProxy$VirtualFilterChain.doFilter(FilterChainProxy.java:374)
	at org.springframework.security.web.context.SecurityContextHolderFilter.doFilter(SecurityContextHolderFilter.java:82)
	at org.springframework.security.web.context.SecurityContextHolderFilter.doFilter(SecurityContextHolderFilter.java:69)
	at org.springframework.security.web.FilterChainProxy$VirtualFilterChain.doFilter(FilterChainProxy.java:374)
	at org.springframework.security.web.context.request.async.WebAsyncManagerIntegrationFilter.doFilterInternal(WebAsyncManagerIntegrationFilter.java:62)
	at org.springframework.web.filter.OncePerRequestFilter.doFilter(OncePerRequestFilter.java:116)
	at org.springframework.security.web.FilterChainProxy$VirtualFilterChain.doFilter(FilterChainProxy.java:374)
	at org.springframework.security.web.session.DisableEncodeUrlFilter.doFilterInternal(DisableEncodeUrlFilter.java:42)
	at org.springframework.web.filter.OncePerRequestFilter.doFilter(OncePerRequestFilter.java:116)
	at org.springframework.security.web.FilterChainProxy$VirtualFilterChain.doFilter(FilterChainProxy.java:374)
	at org.springframework.security.web.FilterChainProxy.doFilterInternal(FilterChainProxy.java:233)
	at org.springframework.security.web.FilterChainProxy.doFilter(FilterChainProxy.java:191)
	at org.springframework.web.filter.CompositeFilter$VirtualFilterChain.doFilter(CompositeFilter.java:113)
	at org.springframework.web.servlet.handler.HandlerMappingIntrospector.lambda$createCacheFilter$3(HandlerMappingIntrospector.java:243)
	at org.springframework.web.filter.CompositeFilter$VirtualFilterChain.doFilter(CompositeFilter.java:113)
	at org.springframework.web.filter.CompositeFilter.doFilter(CompositeFilter.java:74)
	at org.springframework.security.config.annotation.web.configuration.WebMvcSecurityConfiguration$CompositeFilterChainProxy.doFilter(WebMvcSecurityConfiguration.java:238)
	at org.springframework.web.filter.DelegatingFilterProxy.invokeDelegate(DelegatingFilterProxy.java:362)
	at org.springframework.web.filter.DelegatingFilterProxy.doFilter(DelegatingFilterProxy.java:278)
	at org.apache.catalina.core.ApplicationFilterChain.internalDoFilter(ApplicationFilterChain.java:164)
	at org.apache.catalina.core.ApplicationFilterChain.doFilter(ApplicationFilterChain.java:140)
	at org.springframework.web.filter.RequestContextFilter.doFilterInternal(RequestContextFilter.java:100)
	at org.springframework.web.filter.OncePerRequestFilter.doFilter(OncePerRequestFilter.java:116)
	at org.apache.catalina.core.ApplicationFilterChain.internalDoFilter(ApplicationFilterChain.java:164)
	at org.apache.catalina.core.ApplicationFilterChain.doFilter(ApplicationFilterChain.java:140)
	at org.springframework.web.filter.FormContentFilter.doFilterInternal(FormContentFilter.java:93)
	at org.springframework.web.filter.OncePerRequestFilter.doFilter(OncePerRequestFilter.java:116)
	at org.apache.catalina.core.ApplicationFilterChain.internalDoFilter(ApplicationFilterChain.java:164)
	at org.apache.catalina.core.ApplicationFilterChain.doFilter(ApplicationFilterChain.java:140)
	at org.springframework.web.filter.CharacterEncodingFilter.doFilterInternal(CharacterEncodingFilter.java:201)
	at org.springframework.web.filter.OncePerRequestFilter.doFilter(OncePerRequestFilter.java:116)
	at org.apache.catalina.core.ApplicationFilterChain.internalDoFilter(ApplicationFilterChain.java:164)
	at org.apache.catalina.core.ApplicationFilterChain.doFilter(ApplicationFilterChain.java:140)
	at org.apache.catalina.core.StandardWrapperValve.invoke(StandardWrapperValve.java:167)
	at org.apache.catalina.core.StandardContextValve.invoke(StandardContextValve.java:90)
	at org.apache.catalina.authenticator.AuthenticatorBase.invoke(AuthenticatorBase.java:483)
	at org.apache.catalina.core.StandardHostValve.invoke(StandardHostValve.java:115)
	at org.apache.catalina.valves.ErrorReportValve.invoke(ErrorReportValve.java:93)
	at org.apache.catalina.core.StandardEngineValve.invoke(StandardEngineValve.java:74)
	at org.apache.catalina.connector.CoyoteAdapter.service(CoyoteAdapter.java:344)
	at org.apache.coyote.http11.Http11Processor.service(Http11Processor.java:397)
	at org.apache.coyote.AbstractProcessorLight.process(AbstractProcessorLight.java:63)
	at org.apache.coyote.AbstractProtocol$ConnectionHandler.process(AbstractProtocol.java:905)
	at org.apache.tomcat.util.net.NioEndpoint$SocketProcessor.doRun(NioEndpoint.java:1741)
	at org.apache.tomcat.util.net.SocketProcessorBase.run(SocketProcessorBase.java:52)
	at org.apache.tomcat.util.threads.ThreadPoolExecutor.runWorker(ThreadPoolExecutor.java:1190)
	at org.apache.tomcat.util.threads.ThreadPoolExecutor$Worker.run(ThreadPoolExecutor.java:659)
	at org.apache.tomcat.util.threads.TaskThread$WrappingRunnable.run(TaskThread.java:63)
	at java.base/java.lang.Thread.run(Thread.java:842)
Caused by: org.apache.ibatis.binding.BindingException: Invalid bound statement (not found): com.spring.devspring.mapper.CtUserMapper.findByCtUserId
	at org.apache.ibatis.binding.MapperMethod$SqlCommand.<init>(MapperMethod.java:229)
	at org.apache.ibatis.binding.MapperMethod.<init>(MapperMethod.java:53)
	at org.apache.ibatis.binding.MapperProxy.lambda$cachedInvoker$0(MapperProxy.java:96)
	at java.base/java.util.concurrent.ConcurrentHashMap.computeIfAbsent(ConcurrentHashMap.java:1708)
	at org.apache.ibatis.util.MapUtil.computeIfAbsent(MapUtil.java:36)
	at org.apache.ibatis.binding.MapperProxy.cachedInvoker(MapperProxy.java:94)
	at org.apache.ibatis.binding.MapperProxy.invoke(MapperProxy.java:86)
	at jdk.proxy3/jdk.proxy3.$Proxy76.findByCtUserId(Unknown Source)
	at com.spring.devspring.user.CtUserService.loadUserByUsername(CtUserService.java:46)
	at org.springframework.security.authentication.dao.DaoAuthenticationProvider.retrieveUser(DaoAuthenticationProvider.java:107)
	... 62 common frames omitted
2025-02-11 19:19:02 [http-nio-8080-exec-9] INFO  c.s.d.config.CustomLoginFailHandler - [CustomLoginFailHandler] :: Invalid bound statement (not found): com.spring.devspring.mapper.CtUserMapper.findByCtUserId
2025-02-11 19:19:06 [RMI TCP Connection(10)-127.0.0.1] INFO  o.s.b.a.SpringApplicationAdminMXBeanRegistrar$SpringApplicationAdmin - Application shutdown requested.
2025-02-11 19:19:06 [RMI TCP Connection(10)-127.0.0.1] INFO  o.s.b.w.e.tomcat.GracefulShutdown - Commencing graceful shutdown. Waiting for active requests to complete
2025-02-11 19:19:06 [tomcat-shutdown] INFO  o.a.coyote.http11.Http11NioProtocol - Pausing ProtocolHandler ["http-nio-8080"]
2025-02-11 19:19:06 [tomcat-shutdown] INFO  o.s.b.w.e.tomcat.GracefulShutdown - Graceful shutdown complete
2025-02-11 19:19:06 [RMI TCP Connection(10)-127.0.0.1] INFO  o.a.coyote.http11.Http11NioProtocol - Stopping ProtocolHandler ["http-nio-8080"]
2025-02-11 19:19:06 [RMI TCP Connection(10)-127.0.0.1] INFO  com.zaxxer.hikari.HikariDataSource - HikariPool-1 - Shutdown initiated...
2025-02-11 19:19:06 [RMI TCP Connection(10)-127.0.0.1] INFO  com.zaxxer.hikari.HikariDataSource - HikariPool-1 - Shutdown completed.
2025-02-11 19:22:49 [restartedMain] INFO  c.s.devspring.DevspringApplication - Starting DevspringApplication using Java 17.0.12 with PID 14348 (C:\Users\aatjx\git\devspring\devspring\bin\main started by aatjx in C:\Users\aatjx\git\devspring\devspring)
2025-02-11 19:22:49 [restartedMain] INFO  c.s.devspring.DevspringApplication - No active profile set, falling back to 1 default profile: "default"
2025-02-11 19:22:49 [restartedMain] INFO  o.s.b.d.e.DevToolsPropertyDefaultsPostProcessor - Devtools property defaults active! Set 'spring.devtools.add-properties' to 'false' to disable
2025-02-11 19:22:49 [restartedMain] INFO  o.s.b.d.e.DevToolsPropertyDefaultsPostProcessor - For additional web related logging consider setting the 'logging.level.web' property to 'DEBUG'
2025-02-11 19:22:49 [restartedMain] INFO  o.s.d.r.c.RepositoryConfigurationDelegate - Multiple Spring Data modules found, entering strict repository configuration mode
2025-02-11 19:22:49 [restartedMain] INFO  o.s.d.r.c.RepositoryConfigurationDelegate - Bootstrapping Spring Data Redis repositories in DEFAULT mode.
2025-02-11 19:22:49 [restartedMain] INFO  o.s.d.r.c.RepositoryConfigurationDelegate - Finished Spring Data repository scanning in 11 ms. Found 0 Redis repository interfaces.
2025-02-11 19:22:49 [restartedMain] DEBUG o.apache.ibatis.logging.LogFactory - Logging initialized using 'class org.apache.ibatis.logging.slf4j.Slf4jImpl' adapter.
2025-02-11 19:22:49 [restartedMain] DEBUG o.m.s.mapper.ClassPathMapperScanner - Identified candidate component class: file [C:\Users\aatjx\git\devspring\devspring\bin\main\com\spring\devspring\mapper\BoardMapper.class]
2025-02-11 19:22:49 [restartedMain] DEBUG o.m.s.mapper.ClassPathMapperScanner - Identified candidate component class: file [C:\Users\aatjx\git\devspring\devspring\bin\main\com\spring\devspring\mapper\CommonMapper.class]
2025-02-11 19:22:49 [restartedMain] DEBUG o.m.s.mapper.ClassPathMapperScanner - Identified candidate component class: file [C:\Users\aatjx\git\devspring\devspring\bin\main\com\spring\devspring\mapper\CtUserMapper.class]
2025-02-11 19:22:49 [restartedMain] DEBUG o.m.s.mapper.ClassPathMapperScanner - Creating MapperFactoryBean with name 'boardMapper' and 'com.spring.devspring.mapper.BoardMapper' mapperInterface
2025-02-11 19:22:49 [restartedMain] DEBUG o.m.s.mapper.ClassPathMapperScanner - Creating MapperFactoryBean with name 'commonMapper' and 'com.spring.devspring.mapper.CommonMapper' mapperInterface
2025-02-11 19:22:49 [restartedMain] DEBUG o.m.s.mapper.ClassPathMapperScanner - Creating MapperFactoryBean with name 'ctUserMapper' and 'com.spring.devspring.mapper.CtUserMapper' mapperInterface
2025-02-11 19:22:50 [restartedMain] INFO  o.s.b.w.e.tomcat.TomcatWebServer - Tomcat initialized with port 8080 (http)
2025-02-11 19:22:50 [restartedMain] INFO  o.a.coyote.http11.Http11NioProtocol - Initializing ProtocolHandler ["http-nio-8080"]
2025-02-11 19:22:50 [restartedMain] INFO  o.a.catalina.core.StandardService - Starting service [Tomcat]
2025-02-11 19:22:50 [restartedMain] INFO  o.a.catalina.core.StandardEngine - Starting Servlet engine: [Apache Tomcat/10.1.34]
2025-02-11 19:22:50 [restartedMain] INFO  o.a.c.c.C.[Tomcat].[localhost].[/] - Initializing Spring embedded WebApplicationContext
2025-02-11 19:22:50 [restartedMain] INFO  o.s.b.w.s.c.ServletWebServerApplicationContext - Root WebApplicationContext: initialization completed in 1163 ms
2025-02-11 19:22:50 [restartedMain] DEBUG o.m.spring.SqlSessionFactoryBean - Property 'configuration' or 'configLocation' not specified, using default MyBatis Configuration
2025-02-11 19:22:50 [restartedMain] DEBUG o.m.spring.SqlSessionFactoryBean - Parsed mapper file: 'file [C:\Users\aatjx\git\devspring\devspring\bin\main\static\mapper\BoardMapper.xml]'
2025-02-11 19:22:50 [restartedMain] DEBUG o.m.spring.SqlSessionFactoryBean - Parsed mapper file: 'file [C:\Users\aatjx\git\devspring\devspring\bin\main\static\mapper\CommonMapper.xml]'
2025-02-11 19:22:50 [restartedMain] DEBUG o.m.spring.SqlSessionFactoryBean - Parsed mapper file: 'file [C:\Users\aatjx\git\devspring\devspring\bin\main\static\mapper\CtUserMapper.xml]'
2025-02-11 19:22:50 [restartedMain] INFO  o.s.s.c.a.a.c.InitializeUserDetailsBeanManagerConfigurer$InitializeUserDetailsManagerConfigurer - Global AuthenticationManager configured with UserDetailsService bean with name ctUserService
2025-02-11 19:22:51 [restartedMain] INFO  o.s.b.d.a.OptionalLiveReloadServer - LiveReload server is running on port 35729
2025-02-11 19:22:51 [restartedMain] INFO  o.a.coyote.http11.Http11NioProtocol - Starting ProtocolHandler ["http-nio-8080"]
2025-02-11 19:22:51 [restartedMain] INFO  o.s.b.w.e.tomcat.TomcatWebServer - Tomcat started on port 8080 (http) with context path '/'
2025-02-11 19:22:51 [restartedMain] INFO  c.s.devspring.DevspringApplication - Started DevspringApplication in 2.708 seconds (process running for 3.187)
2025-02-11 19:22:55 [http-nio-8080-exec-1] INFO  o.a.c.c.C.[Tomcat].[localhost].[/] - Initializing Spring DispatcherServlet 'dispatcherServlet'
2025-02-11 19:22:55 [http-nio-8080-exec-1] INFO  o.s.web.servlet.DispatcherServlet - Initializing Servlet 'dispatcherServlet'
2025-02-11 19:22:55 [http-nio-8080-exec-1] INFO  o.s.web.servlet.DispatcherServlet - Completed initialization in 1 ms
2025-02-11 19:22:57 [http-nio-8080-exec-5] DEBUG org.mybatis.spring.SqlSessionUtils - Creating a new SqlSession
2025-02-11 19:22:57 [http-nio-8080-exec-5] DEBUG org.mybatis.spring.SqlSessionUtils - SqlSession [org.apache.ibatis.session.defaults.DefaultSqlSession@16136a7a] was not registered for synchronization because synchronization is not active
2025-02-11 19:22:57 [http-nio-8080-exec-5] INFO  com.zaxxer.hikari.HikariDataSource - HikariPool-1 - Starting...
2025-02-11 19:22:57 [http-nio-8080-exec-5] INFO  com.zaxxer.hikari.pool.HikariPool - HikariPool-1 - Added connection com.mysql.cj.jdbc.ConnectionImpl@59a2b70e
2025-02-11 19:22:57 [http-nio-8080-exec-5] INFO  com.zaxxer.hikari.HikariDataSource - HikariPool-1 - Start completed.
2025-02-11 19:22:57 [http-nio-8080-exec-5] DEBUG o.m.s.t.SpringManagedTransaction - JDBC Connection [HikariProxyConnection@1262272922 wrapping com.mysql.cj.jdbc.ConnectionImpl@59a2b70e] will not be managed by Spring
2025-02-11 19:22:57 [http-nio-8080-exec-5] DEBUG c.s.d.m.CtUserMapper.findByCtUserId - ==>  Preparing: SELECT CT_USER_IDX AS ctUserIdx, CT_USER_ID AS ctUserId, CT_USER_PWD AS ctUserPwd, CT_USER_NAME AS ctUserName, CT_USER_EMAIL AS ctUserEmail, CT_USER_PHONE_NUMBER AS ctUserPhoneNumber, CT_USER_AUTHORITY AS ctUserAuthority, CT_USER_CREATE_TIME AS ctUserCreateTime, CT_USER_UPDATE_TIME AS ctUserUpdateTime FROM CT_USER WHERE CT_USER_ID = ?
2025-02-11 19:22:57 [http-nio-8080-exec-5] DEBUG c.s.d.m.CtUserMapper.findByCtUserId - ==> Parameters: test(String)
2025-02-11 19:22:57 [http-nio-8080-exec-5] DEBUG c.s.d.m.CtUserMapper.findByCtUserId - <==      Total: 1
2025-02-11 19:22:57 [http-nio-8080-exec-5] DEBUG org.mybatis.spring.SqlSessionUtils - Closing non transactional SqlSession [org.apache.ibatis.session.defaults.DefaultSqlSession@16136a7a]
2025-02-11 19:22:57 [http-nio-8080-exec-5] INFO  c.s.devspring.user.CtUserService - djsUser : test
2025-02-11 19:22:58 [http-nio-8080-exec-5] INFO  c.s.d.config.CustomLoginFailHandler - [CustomLoginFailHandler] :: 자격 증명에 실패하였습니다.
2025-02-11 19:23:00 [http-nio-8080-exec-10] DEBUG org.mybatis.spring.SqlSessionUtils - Creating a new SqlSession
2025-02-11 19:23:00 [http-nio-8080-exec-10] DEBUG org.mybatis.spring.SqlSessionUtils - SqlSession [org.apache.ibatis.session.defaults.DefaultSqlSession@29acd0df] was not registered for synchronization because synchronization is not active
2025-02-11 19:23:00 [http-nio-8080-exec-10] DEBUG o.m.s.t.SpringManagedTransaction - JDBC Connection [HikariProxyConnection@661339034 wrapping com.mysql.cj.jdbc.ConnectionImpl@59a2b70e] will not be managed by Spring
2025-02-11 19:23:00 [http-nio-8080-exec-10] DEBUG c.s.d.m.CtUserMapper.findByCtUserId - ==>  Preparing: SELECT CT_USER_IDX AS ctUserIdx, CT_USER_ID AS ctUserId, CT_USER_PWD AS ctUserPwd, CT_USER_NAME AS ctUserName, CT_USER_EMAIL AS ctUserEmail, CT_USER_PHONE_NUMBER AS ctUserPhoneNumber, CT_USER_AUTHORITY AS ctUserAuthority, CT_USER_CREATE_TIME AS ctUserCreateTime, CT_USER_UPDATE_TIME AS ctUserUpdateTime FROM CT_USER WHERE CT_USER_ID = ?
2025-02-11 19:23:00 [http-nio-8080-exec-10] DEBUG c.s.d.m.CtUserMapper.findByCtUserId - ==> Parameters: test(String)
2025-02-11 19:23:00 [http-nio-8080-exec-10] DEBUG c.s.d.m.CtUserMapper.findByCtUserId - <==      Total: 1
2025-02-11 19:23:00 [http-nio-8080-exec-10] DEBUG org.mybatis.spring.SqlSessionUtils - Closing non transactional SqlSession [org.apache.ibatis.session.defaults.DefaultSqlSession@29acd0df]
2025-02-11 19:23:00 [http-nio-8080-exec-10] INFO  c.s.devspring.user.CtUserService - djsUser : test
2025-02-11 19:23:00 [http-nio-8080-exec-10] INFO  c.s.d.config.CustomLoginFailHandler - [CustomLoginFailHandler] :: 자격 증명에 실패하였습니다.
2025-02-11 19:23:02 [http-nio-8080-exec-5] DEBUG org.mybatis.spring.SqlSessionUtils - Creating a new SqlSession
2025-02-11 19:23:02 [http-nio-8080-exec-5] DEBUG org.mybatis.spring.SqlSessionUtils - SqlSession [org.apache.ibatis.session.defaults.DefaultSqlSession@795c9faa] was not registered for synchronization because synchronization is not active
2025-02-11 19:23:02 [http-nio-8080-exec-5] DEBUG o.m.s.t.SpringManagedTransaction - JDBC Connection [HikariProxyConnection@1524133347 wrapping com.mysql.cj.jdbc.ConnectionImpl@59a2b70e] will not be managed by Spring
2025-02-11 19:23:02 [http-nio-8080-exec-5] DEBUG c.s.d.m.CtUserMapper.findByCtUserId - ==>  Preparing: SELECT CT_USER_IDX AS ctUserIdx, CT_USER_ID AS ctUserId, CT_USER_PWD AS ctUserPwd, CT_USER_NAME AS ctUserName, CT_USER_EMAIL AS ctUserEmail, CT_USER_PHONE_NUMBER AS ctUserPhoneNumber, CT_USER_AUTHORITY AS ctUserAuthority, CT_USER_CREATE_TIME AS ctUserCreateTime, CT_USER_UPDATE_TIME AS ctUserUpdateTime FROM CT_USER WHERE CT_USER_ID = ?
2025-02-11 19:23:02 [http-nio-8080-exec-5] DEBUG c.s.d.m.CtUserMapper.findByCtUserId - ==> Parameters: test(String)
2025-02-11 19:23:02 [http-nio-8080-exec-5] DEBUG c.s.d.m.CtUserMapper.findByCtUserId - <==      Total: 1
2025-02-11 19:23:02 [http-nio-8080-exec-5] DEBUG org.mybatis.spring.SqlSessionUtils - Closing non transactional SqlSession [org.apache.ibatis.session.defaults.DefaultSqlSession@795c9faa]
2025-02-11 19:23:02 [http-nio-8080-exec-5] INFO  c.s.devspring.user.CtUserService - djsUser : test
2025-02-11 19:23:02 [http-nio-8080-exec-5] INFO  c.s.d.c.CustomLoginSuccessHandler - [CustomLoginSuccessHandler] :: test
2025-02-11 19:23:34 [http-nio-8080-exec-4] WARN  o.t.s.p.AbstractStandardFragmentInsertionTagProcessor - [THYMELEAF][http-nio-8080-exec-4][common/layout/layout] Deprecated unwrapped fragment expression "common/fragments/header::header" found in template common/layout/layout, line 36, col 10. Please use the complete syntax of fragment expressions instead ("~{common/fragments/header::header}"). The old, unwrapped syntax for fragment expressions will be removed in future versions of Thymeleaf.
2025-02-11 19:23:34 [http-nio-8080-exec-4] WARN  o.t.s.p.AbstractStandardFragmentInsertionTagProcessor - [THYMELEAF][http-nio-8080-exec-4][common/layout/layout] Deprecated unwrapped fragment expression "common/fragments/footer::footer" found in template common/layout/layout, line 40, col 10. Please use the complete syntax of fragment expressions instead ("~{common/fragments/footer::footer}"). The old, unwrapped syntax for fragment expressions will be removed in future versions of Thymeleaf.
2025-02-11 19:23:34 [http-nio-8080-exec-8] DEBUG org.mybatis.spring.SqlSessionUtils - Creating a new SqlSession
2025-02-11 19:23:34 [http-nio-8080-exec-8] DEBUG org.mybatis.spring.SqlSessionUtils - SqlSession [org.apache.ibatis.session.defaults.DefaultSqlSession@477871d0] was not registered for synchronization because synchronization is not active
2025-02-11 19:23:34 [http-nio-8080-exec-8] DEBUG o.m.s.t.SpringManagedTransaction - JDBC Connection [HikariProxyConnection@1173769096 wrapping com.mysql.cj.jdbc.ConnectionImpl@59a2b70e] will not be managed by Spring
2025-02-11 19:23:34 [http-nio-8080-exec-8] DEBUG c.s.d.m.CommonMapper.selectLnbList - ==>  Preparing: SELECT CT_LNB_IDX AS ctLnbIdx, CT_LNB_ID AS ctLnbId, CT_LNB_NAME AS ctLnbName, CT_LNB_SUB_YN AS ctLnbSubYn, CT_LNB_URL AS ctLnbUrl, CT_LNB_USE_YN AS ctLnbUseYn FROM CT_LNB WHERE CT_LNB_USE_YN = 'Y' ORDER BY CT_LNB_IDX
2025-02-11 19:23:34 [http-nio-8080-exec-8] DEBUG c.s.d.m.CommonMapper.selectLnbList - ==> Parameters: 
2025-02-11 19:23:34 [http-nio-8080-exec-8] DEBUG c.s.d.m.CommonMapper.selectLnbList - <==      Total: 4
2025-02-11 19:23:34 [http-nio-8080-exec-8] DEBUG org.mybatis.spring.SqlSessionUtils - Closing non transactional SqlSession [org.apache.ibatis.session.defaults.DefaultSqlSession@477871d0]
2025-02-11 19:23:34 [http-nio-8080-exec-4] DEBUG org.mybatis.spring.SqlSessionUtils - Creating a new SqlSession
2025-02-11 19:23:34 [http-nio-8080-exec-4] DEBUG org.mybatis.spring.SqlSessionUtils - SqlSession [org.apache.ibatis.session.defaults.DefaultSqlSession@2e88163e] was not registered for synchronization because synchronization is not active
2025-02-11 19:23:34 [http-nio-8080-exec-4] DEBUG o.m.s.t.SpringManagedTransaction - JDBC Connection [HikariProxyConnection@328934974 wrapping com.mysql.cj.jdbc.ConnectionImpl@59a2b70e] will not be managed by Spring
2025-02-11 19:23:34 [http-nio-8080-exec-4] DEBUG c.s.d.m.CommonMapper.selectLnbList - ==>  Preparing: SELECT CT_LNB_IDX AS ctLnbIdx, CT_LNB_ID AS ctLnbId, CT_LNB_NAME AS ctLnbName, CT_LNB_SUB_YN AS ctLnbSubYn, CT_LNB_URL AS ctLnbUrl, CT_LNB_USE_YN AS ctLnbUseYn FROM CT_LNB WHERE CT_LNB_USE_YN = 'Y' ORDER BY CT_LNB_IDX
2025-02-11 19:23:34 [http-nio-8080-exec-4] DEBUG c.s.d.m.CommonMapper.selectLnbList - ==> Parameters: 
2025-02-11 19:23:34 [http-nio-8080-exec-4] DEBUG c.s.d.m.CommonMapper.selectLnbList - <==      Total: 4
2025-02-11 19:23:34 [http-nio-8080-exec-4] DEBUG org.mybatis.spring.SqlSessionUtils - Closing non transactional SqlSession [org.apache.ibatis.session.defaults.DefaultSqlSession@2e88163e]
2025-02-11 19:23:34 [http-nio-8080-exec-5] DEBUG org.mybatis.spring.SqlSessionUtils - Creating a new SqlSession
2025-02-11 19:23:34 [http-nio-8080-exec-7] DEBUG org.mybatis.spring.SqlSessionUtils - Creating a new SqlSession
2025-02-11 19:23:34 [http-nio-8080-exec-9] DEBUG org.mybatis.spring.SqlSessionUtils - Creating a new SqlSession
2025-02-11 19:23:34 [http-nio-8080-exec-9] DEBUG org.mybatis.spring.SqlSessionUtils - SqlSession [org.apache.ibatis.session.defaults.DefaultSqlSession@2aee8fbe] was not registered for synchronization because synchronization is not active
2025-02-11 19:23:34 [http-nio-8080-exec-7] DEBUG org.mybatis.spring.SqlSessionUtils - SqlSession [org.apache.ibatis.session.defaults.DefaultSqlSession@1fd49571] was not registered for synchronization because synchronization is not active
2025-02-11 19:23:34 [http-nio-8080-exec-5] DEBUG org.mybatis.spring.SqlSessionUtils - SqlSession [org.apache.ibatis.session.defaults.DefaultSqlSession@44928fb] was not registered for synchronization because synchronization is not active
2025-02-11 19:23:34 [http-nio-8080-exec-7] DEBUG o.m.s.t.SpringManagedTransaction - JDBC Connection [HikariProxyConnection@648054634 wrapping com.mysql.cj.jdbc.ConnectionImpl@59a2b70e] will not be managed by Spring
2025-02-11 19:23:34 [http-nio-8080-exec-7] DEBUG c.s.d.m.C.selectLnbSubList - ==>  Preparing: SELECT CT_LNB_SUB_IDX AS ctLnbSubIdx, CT_LNB_ID AS ctLnbId, CT_LNB_SUB_ID AS ctLnbSubId, CT_LNB_SUB_NAME AS ctLnbSubName, CT_LNB_SUB_URL AS ctLnbSubUrl FROM CT_LNB_SUB WHERE CT_LNB_ID = ? ORDER BY CT_LNB_SUB_IDX
2025-02-11 19:23:34 [http-nio-8080-exec-7] DEBUG c.s.d.m.C.selectLnbSubList - ==> Parameters: CT_LNB_SERVICE(String)
2025-02-11 19:23:34 [http-nio-8080-exec-5] DEBUG o.m.s.t.SpringManagedTransaction - JDBC Connection [HikariProxyConnection@1786420419 wrapping com.mysql.cj.jdbc.ConnectionImpl@bff083f] will not be managed by Spring
2025-02-11 19:23:34 [http-nio-8080-exec-5] DEBUG c.s.d.m.C.selectLnbSubList - ==>  Preparing: SELECT CT_LNB_SUB_IDX AS ctLnbSubIdx, CT_LNB_ID AS ctLnbId, CT_LNB_SUB_ID AS ctLnbSubId, CT_LNB_SUB_NAME AS ctLnbSubName, CT_LNB_SUB_URL AS ctLnbSubUrl FROM CT_LNB_SUB WHERE CT_LNB_ID = ? ORDER BY CT_LNB_SUB_IDX
2025-02-11 19:23:34 [http-nio-8080-exec-9] DEBUG o.m.s.t.SpringManagedTransaction - JDBC Connection [HikariProxyConnection@19771911 wrapping com.mysql.cj.jdbc.ConnectionImpl@4e09f215] will not be managed by Spring
2025-02-11 19:23:34 [http-nio-8080-exec-9] DEBUG c.s.d.m.C.selectLnbSubList - ==>  Preparing: SELECT CT_LNB_SUB_IDX AS ctLnbSubIdx, CT_LNB_ID AS ctLnbId, CT_LNB_SUB_ID AS ctLnbSubId, CT_LNB_SUB_NAME AS ctLnbSubName, CT_LNB_SUB_URL AS ctLnbSubUrl FROM CT_LNB_SUB WHERE CT_LNB_ID = ? ORDER BY CT_LNB_SUB_IDX
2025-02-11 19:23:34 [http-nio-8080-exec-5] DEBUG c.s.d.m.C.selectLnbSubList - ==> Parameters: CT_LNB_CONTACT(String)
2025-02-11 19:23:34 [http-nio-8080-exec-9] DEBUG c.s.d.m.C.selectLnbSubList - ==> Parameters: CT_LNB_COMPANY(String)
2025-02-11 19:23:34 [http-nio-8080-exec-9] DEBUG c.s.d.m.C.selectLnbSubList - <==      Total: 1
2025-02-11 19:23:34 [http-nio-8080-exec-5] DEBUG c.s.d.m.C.selectLnbSubList - <==      Total: 2
2025-02-11 19:23:34 [http-nio-8080-exec-9] DEBUG org.mybatis.spring.SqlSessionUtils - Closing non transactional SqlSession [org.apache.ibatis.session.defaults.DefaultSqlSession@2aee8fbe]
2025-02-11 19:23:34 [http-nio-8080-exec-5] DEBUG org.mybatis.spring.SqlSessionUtils - Closing non transactional SqlSession [org.apache.ibatis.session.defaults.DefaultSqlSession@44928fb]
2025-02-11 19:23:34 [http-nio-8080-exec-7] DEBUG c.s.d.m.C.selectLnbSubList - <==      Total: 4
2025-02-11 19:23:34 [http-nio-8080-exec-7] DEBUG org.mybatis.spring.SqlSessionUtils - Closing non transactional SqlSession [org.apache.ibatis.session.defaults.DefaultSqlSession@1fd49571]
2025-02-11 19:23:34 [http-nio-8080-exec-3] DEBUG org.mybatis.spring.SqlSessionUtils - Creating a new SqlSession
2025-02-11 19:23:34 [http-nio-8080-exec-6] DEBUG org.mybatis.spring.SqlSessionUtils - Creating a new SqlSession
2025-02-11 19:23:34 [http-nio-8080-exec-3] DEBUG org.mybatis.spring.SqlSessionUtils - SqlSession [org.apache.ibatis.session.defaults.DefaultSqlSession@31777dd8] was not registered for synchronization because synchronization is not active
2025-02-11 19:23:34 [http-nio-8080-exec-1] DEBUG org.mybatis.spring.SqlSessionUtils - Creating a new SqlSession
2025-02-11 19:23:34 [http-nio-8080-exec-6] DEBUG org.mybatis.spring.SqlSessionUtils - SqlSession [org.apache.ibatis.session.defaults.DefaultSqlSession@9f457ec] was not registered for synchronization because synchronization is not active
2025-02-11 19:23:34 [http-nio-8080-exec-1] DEBUG org.mybatis.spring.SqlSessionUtils - SqlSession [org.apache.ibatis.session.defaults.DefaultSqlSession@36dd8152] was not registered for synchronization because synchronization is not active
2025-02-11 19:23:34 [http-nio-8080-exec-3] DEBUG o.m.s.t.SpringManagedTransaction - JDBC Connection [HikariProxyConnection@1143880070 wrapping com.mysql.cj.jdbc.ConnectionImpl@59a2b70e] will not be managed by Spring
2025-02-11 19:23:34 [http-nio-8080-exec-6] DEBUG o.m.s.t.SpringManagedTransaction - JDBC Connection [HikariProxyConnection@1948065266 wrapping com.mysql.cj.jdbc.ConnectionImpl@4e09f215] will not be managed by Spring
2025-02-11 19:23:34 [http-nio-8080-exec-1] DEBUG o.m.s.t.SpringManagedTransaction - JDBC Connection [HikariProxyConnection@1080941832 wrapping com.mysql.cj.jdbc.ConnectionImpl@bff083f] will not be managed by Spring
2025-02-11 19:23:34 [http-nio-8080-exec-3] DEBUG c.s.d.m.C.selectLnbSubList - ==>  Preparing: SELECT CT_LNB_SUB_IDX AS ctLnbSubIdx, CT_LNB_ID AS ctLnbId, CT_LNB_SUB_ID AS ctLnbSubId, CT_LNB_SUB_NAME AS ctLnbSubName, CT_LNB_SUB_URL AS ctLnbSubUrl FROM CT_LNB_SUB WHERE CT_LNB_ID = ? ORDER BY CT_LNB_SUB_IDX
2025-02-11 19:23:34 [http-nio-8080-exec-6] DEBUG c.s.d.m.C.selectLnbSubList - ==>  Preparing: SELECT CT_LNB_SUB_IDX AS ctLnbSubIdx, CT_LNB_ID AS ctLnbId, CT_LNB_SUB_ID AS ctLnbSubId, CT_LNB_SUB_NAME AS ctLnbSubName, CT_LNB_SUB_URL AS ctLnbSubUrl FROM CT_LNB_SUB WHERE CT_LNB_ID = ? ORDER BY CT_LNB_SUB_IDX
2025-02-11 19:23:34 [http-nio-8080-exec-1] DEBUG c.s.d.m.C.selectLnbSubList - ==>  Preparing: SELECT CT_LNB_SUB_IDX AS ctLnbSubIdx, CT_LNB_ID AS ctLnbId, CT_LNB_SUB_ID AS ctLnbSubId, CT_LNB_SUB_NAME AS ctLnbSubName, CT_LNB_SUB_URL AS ctLnbSubUrl FROM CT_LNB_SUB WHERE CT_LNB_ID = ? ORDER BY CT_LNB_SUB_IDX
2025-02-11 19:23:34 [http-nio-8080-exec-3] DEBUG c.s.d.m.C.selectLnbSubList - ==> Parameters: CT_LNB_SERVICE(String)
2025-02-11 19:23:34 [http-nio-8080-exec-1] DEBUG c.s.d.m.C.selectLnbSubList - ==> Parameters: CT_LNB_CONTACT(String)
2025-02-11 19:23:34 [http-nio-8080-exec-6] DEBUG c.s.d.m.C.selectLnbSubList - ==> Parameters: CT_LNB_COMPANY(String)
2025-02-11 19:23:34 [http-nio-8080-exec-6] DEBUG c.s.d.m.C.selectLnbSubList - <==      Total: 1
2025-02-11 19:23:34 [http-nio-8080-exec-1] DEBUG c.s.d.m.C.selectLnbSubList - <==      Total: 2
2025-02-11 19:23:34 [http-nio-8080-exec-6] DEBUG org.mybatis.spring.SqlSessionUtils - Closing non transactional SqlSession [org.apache.ibatis.session.defaults.DefaultSqlSession@9f457ec]
2025-02-11 19:23:34 [http-nio-8080-exec-3] DEBUG c.s.d.m.C.selectLnbSubList - <==      Total: 4
2025-02-11 19:23:34 [http-nio-8080-exec-1] DEBUG org.mybatis.spring.SqlSessionUtils - Closing non transactional SqlSession [org.apache.ibatis.session.defaults.DefaultSqlSession@36dd8152]
2025-02-11 19:23:34 [http-nio-8080-exec-3] DEBUG org.mybatis.spring.SqlSessionUtils - Closing non transactional SqlSession [org.apache.ibatis.session.defaults.DefaultSqlSession@31777dd8]
2025-02-11 19:23:37 [http-nio-8080-exec-2] WARN  o.t.s.p.AbstractStandardFragmentInsertionTagProcessor - [THYMELEAF][http-nio-8080-exec-2][common/layout/layout] Deprecated unwrapped fragment expression "common/fragments/header::header" found in template common/layout/layout, line 36, col 10. Please use the complete syntax of fragment expressions instead ("~{common/fragments/header::header}"). The old, unwrapped syntax for fragment expressions will be removed in future versions of Thymeleaf.
2025-02-11 19:23:37 [http-nio-8080-exec-2] WARN  o.t.s.p.AbstractStandardFragmentInsertionTagProcessor - [THYMELEAF][http-nio-8080-exec-2][common/layout/layout] Deprecated unwrapped fragment expression "common/fragments/footer::footer" found in template common/layout/layout, line 40, col 10. Please use the complete syntax of fragment expressions instead ("~{common/fragments/footer::footer}"). The old, unwrapped syntax for fragment expressions will be removed in future versions of Thymeleaf.
2025-02-11 19:23:37 [http-nio-8080-exec-5] DEBUG org.mybatis.spring.SqlSessionUtils - Creating a new SqlSession
2025-02-11 19:23:37 [http-nio-8080-exec-5] DEBUG org.mybatis.spring.SqlSessionUtils - SqlSession [org.apache.ibatis.session.defaults.DefaultSqlSession@5209b29c] was not registered for synchronization because synchronization is not active
2025-02-11 19:23:37 [http-nio-8080-exec-5] DEBUG o.m.s.t.SpringManagedTransaction - JDBC Connection [HikariProxyConnection@566552082 wrapping com.mysql.cj.jdbc.ConnectionImpl@bff083f] will not be managed by Spring
2025-02-11 19:23:37 [http-nio-8080-exec-5] DEBUG c.s.d.m.CommonMapper.selectLnbList - ==>  Preparing: SELECT CT_LNB_IDX AS ctLnbIdx, CT_LNB_ID AS ctLnbId, CT_LNB_NAME AS ctLnbName, CT_LNB_SUB_YN AS ctLnbSubYn, CT_LNB_URL AS ctLnbUrl, CT_LNB_USE_YN AS ctLnbUseYn FROM CT_LNB WHERE CT_LNB_USE_YN = 'Y' ORDER BY CT_LNB_IDX
2025-02-11 19:23:37 [http-nio-8080-exec-5] DEBUG c.s.d.m.CommonMapper.selectLnbList - ==> Parameters: 
2025-02-11 19:23:37 [http-nio-8080-exec-5] DEBUG c.s.d.m.CommonMapper.selectLnbList - <==      Total: 4
2025-02-11 19:23:37 [http-nio-8080-exec-5] DEBUG org.mybatis.spring.SqlSessionUtils - Closing non transactional SqlSession [org.apache.ibatis.session.defaults.DefaultSqlSession@5209b29c]
2025-02-11 19:23:37 [http-nio-8080-exec-7] DEBUG org.mybatis.spring.SqlSessionUtils - Creating a new SqlSession
2025-02-11 19:23:37 [http-nio-8080-exec-7] DEBUG org.mybatis.spring.SqlSessionUtils - SqlSession [org.apache.ibatis.session.defaults.DefaultSqlSession@13371c24] was not registered for synchronization because synchronization is not active
2025-02-11 19:23:37 [http-nio-8080-exec-7] DEBUG o.m.s.t.SpringManagedTransaction - JDBC Connection [HikariProxyConnection@1692196222 wrapping com.mysql.cj.jdbc.ConnectionImpl@59a2b70e] will not be managed by Spring
2025-02-11 19:23:37 [http-nio-8080-exec-7] DEBUG c.s.d.m.CommonMapper.selectLnbList - ==>  Preparing: SELECT CT_LNB_IDX AS ctLnbIdx, CT_LNB_ID AS ctLnbId, CT_LNB_NAME AS ctLnbName, CT_LNB_SUB_YN AS ctLnbSubYn, CT_LNB_URL AS ctLnbUrl, CT_LNB_USE_YN AS ctLnbUseYn FROM CT_LNB WHERE CT_LNB_USE_YN = 'Y' ORDER BY CT_LNB_IDX
2025-02-11 19:23:37 [http-nio-8080-exec-7] DEBUG c.s.d.m.CommonMapper.selectLnbList - ==> Parameters: 
2025-02-11 19:23:37 [http-nio-8080-exec-7] DEBUG c.s.d.m.CommonMapper.selectLnbList - <==      Total: 4
2025-02-11 19:23:37 [http-nio-8080-exec-7] DEBUG org.mybatis.spring.SqlSessionUtils - Closing non transactional SqlSession [org.apache.ibatis.session.defaults.DefaultSqlSession@13371c24]
2025-02-11 19:23:37 [http-nio-8080-exec-8] DEBUG org.mybatis.spring.SqlSessionUtils - Creating a new SqlSession
2025-02-11 19:23:37 [http-nio-8080-exec-9] DEBUG org.mybatis.spring.SqlSessionUtils - Creating a new SqlSession
2025-02-11 19:23:37 [http-nio-8080-exec-4] DEBUG org.mybatis.spring.SqlSessionUtils - Creating a new SqlSession
2025-02-11 19:23:37 [http-nio-8080-exec-8] DEBUG org.mybatis.spring.SqlSessionUtils - SqlSession [org.apache.ibatis.session.defaults.DefaultSqlSession@38bb7cad] was not registered for synchronization because synchronization is not active
2025-02-11 19:23:37 [http-nio-8080-exec-9] DEBUG org.mybatis.spring.SqlSessionUtils - SqlSession [org.apache.ibatis.session.defaults.DefaultSqlSession@66d104cb] was not registered for synchronization because synchronization is not active
2025-02-11 19:23:37 [http-nio-8080-exec-4] DEBUG org.mybatis.spring.SqlSessionUtils - SqlSession [org.apache.ibatis.session.defaults.DefaultSqlSession@376d79f4] was not registered for synchronization because synchronization is not active
2025-02-11 19:23:37 [http-nio-8080-exec-8] DEBUG o.m.s.t.SpringManagedTransaction - JDBC Connection [HikariProxyConnection@1663181809 wrapping com.mysql.cj.jdbc.ConnectionImpl@bff083f] will not be managed by Spring
2025-02-11 19:23:37 [http-nio-8080-exec-4] DEBUG o.m.s.t.SpringManagedTransaction - JDBC Connection [HikariProxyConnection@1060321224 wrapping com.mysql.cj.jdbc.ConnectionImpl@59a2b70e] will not be managed by Spring
2025-02-11 19:23:37 [http-nio-8080-exec-8] DEBUG c.s.d.m.C.selectLnbSubList - ==>  Preparing: SELECT CT_LNB_SUB_IDX AS ctLnbSubIdx, CT_LNB_ID AS ctLnbId, CT_LNB_SUB_ID AS ctLnbSubId, CT_LNB_SUB_NAME AS ctLnbSubName, CT_LNB_SUB_URL AS ctLnbSubUrl FROM CT_LNB_SUB WHERE CT_LNB_ID = ? ORDER BY CT_LNB_SUB_IDX
2025-02-11 19:23:37 [http-nio-8080-exec-4] DEBUG c.s.d.m.C.selectLnbSubList - ==>  Preparing: SELECT CT_LNB_SUB_IDX AS ctLnbSubIdx, CT_LNB_ID AS ctLnbId, CT_LNB_SUB_ID AS ctLnbSubId, CT_LNB_SUB_NAME AS ctLnbSubName, CT_LNB_SUB_URL AS ctLnbSubUrl FROM CT_LNB_SUB WHERE CT_LNB_ID = ? ORDER BY CT_LNB_SUB_IDX
2025-02-11 19:23:37 [http-nio-8080-exec-8] DEBUG c.s.d.m.C.selectLnbSubList - ==> Parameters: CT_LNB_CONTACT(String)
2025-02-11 19:23:37 [http-nio-8080-exec-4] DEBUG c.s.d.m.C.selectLnbSubList - ==> Parameters: CT_LNB_COMPANY(String)
2025-02-11 19:23:37 [http-nio-8080-exec-9] DEBUG o.m.s.t.SpringManagedTransaction - JDBC Connection [HikariProxyConnection@1741282142 wrapping com.mysql.cj.jdbc.ConnectionImpl@4e09f215] will not be managed by Spring
2025-02-11 19:23:37 [http-nio-8080-exec-9] DEBUG c.s.d.m.C.selectLnbSubList - ==>  Preparing: SELECT CT_LNB_SUB_IDX AS ctLnbSubIdx, CT_LNB_ID AS ctLnbId, CT_LNB_SUB_ID AS ctLnbSubId, CT_LNB_SUB_NAME AS ctLnbSubName, CT_LNB_SUB_URL AS ctLnbSubUrl FROM CT_LNB_SUB WHERE CT_LNB_ID = ? ORDER BY CT_LNB_SUB_IDX
2025-02-11 19:23:37 [http-nio-8080-exec-9] DEBUG c.s.d.m.C.selectLnbSubList - ==> Parameters: CT_LNB_SERVICE(String)
2025-02-11 19:23:37 [http-nio-8080-exec-4] DEBUG c.s.d.m.C.selectLnbSubList - <==      Total: 1
2025-02-11 19:23:37 [http-nio-8080-exec-4] DEBUG org.mybatis.spring.SqlSessionUtils - Closing non transactional SqlSession [org.apache.ibatis.session.defaults.DefaultSqlSession@376d79f4]
2025-02-11 19:23:37 [http-nio-8080-exec-8] DEBUG c.s.d.m.C.selectLnbSubList - <==      Total: 2
2025-02-11 19:23:37 [http-nio-8080-exec-8] DEBUG org.mybatis.spring.SqlSessionUtils - Closing non transactional SqlSession [org.apache.ibatis.session.defaults.DefaultSqlSession@38bb7cad]
2025-02-11 19:23:37 [http-nio-8080-exec-9] DEBUG c.s.d.m.C.selectLnbSubList - <==      Total: 4
2025-02-11 19:23:37 [http-nio-8080-exec-9] DEBUG org.mybatis.spring.SqlSessionUtils - Closing non transactional SqlSession [org.apache.ibatis.session.defaults.DefaultSqlSession@66d104cb]
2025-02-11 19:23:37 [http-nio-8080-exec-3] DEBUG org.mybatis.spring.SqlSessionUtils - Creating a new SqlSession
2025-02-11 19:23:37 [http-nio-8080-exec-6] DEBUG org.mybatis.spring.SqlSessionUtils - Creating a new SqlSession
2025-02-11 19:23:37 [http-nio-8080-exec-1] DEBUG org.mybatis.spring.SqlSessionUtils - Creating a new SqlSession
2025-02-11 19:23:37 [http-nio-8080-exec-3] DEBUG org.mybatis.spring.SqlSessionUtils - SqlSession [org.apache.ibatis.session.defaults.DefaultSqlSession@18c09473] was not registered for synchronization because synchronization is not active
2025-02-11 19:23:37 [http-nio-8080-exec-6] DEBUG org.mybatis.spring.SqlSessionUtils - SqlSession [org.apache.ibatis.session.defaults.DefaultSqlSession@eddba77] was not registered for synchronization because synchronization is not active
2025-02-11 19:23:37 [http-nio-8080-exec-1] DEBUG org.mybatis.spring.SqlSessionUtils - SqlSession [org.apache.ibatis.session.defaults.DefaultSqlSession@28f9b7af] was not registered for synchronization because synchronization is not active
2025-02-11 19:23:37 [http-nio-8080-exec-3] DEBUG o.m.s.t.SpringManagedTransaction - JDBC Connection [HikariProxyConnection@756514020 wrapping com.mysql.cj.jdbc.ConnectionImpl@59a2b70e] will not be managed by Spring
2025-02-11 19:23:37 [http-nio-8080-exec-6] DEBUG o.m.s.t.SpringManagedTransaction - JDBC Connection [HikariProxyConnection@313771219 wrapping com.mysql.cj.jdbc.ConnectionImpl@4e09f215] will not be managed by Spring
2025-02-11 19:23:37 [http-nio-8080-exec-3] DEBUG c.s.d.m.C.selectLnbSubList - ==>  Preparing: SELECT CT_LNB_SUB_IDX AS ctLnbSubIdx, CT_LNB_ID AS ctLnbId, CT_LNB_SUB_ID AS ctLnbSubId, CT_LNB_SUB_NAME AS ctLnbSubName, CT_LNB_SUB_URL AS ctLnbSubUrl FROM CT_LNB_SUB WHERE CT_LNB_ID = ? ORDER BY CT_LNB_SUB_IDX
2025-02-11 19:23:37 [http-nio-8080-exec-6] DEBUG c.s.d.m.C.selectLnbSubList - ==>  Preparing: SELECT CT_LNB_SUB_IDX AS ctLnbSubIdx, CT_LNB_ID AS ctLnbId, CT_LNB_SUB_ID AS ctLnbSubId, CT_LNB_SUB_NAME AS ctLnbSubName, CT_LNB_SUB_URL AS ctLnbSubUrl FROM CT_LNB_SUB WHERE CT_LNB_ID = ? ORDER BY CT_LNB_SUB_IDX
2025-02-11 19:23:37 [http-nio-8080-exec-1] DEBUG o.m.s.t.SpringManagedTransaction - JDBC Connection [HikariProxyConnection@211099695 wrapping com.mysql.cj.jdbc.ConnectionImpl@bff083f] will not be managed by Spring
2025-02-11 19:23:37 [http-nio-8080-exec-3] DEBUG c.s.d.m.C.selectLnbSubList - ==> Parameters: CT_LNB_SERVICE(String)
2025-02-11 19:23:37 [http-nio-8080-exec-6] DEBUG c.s.d.m.C.selectLnbSubList - ==> Parameters: CT_LNB_COMPANY(String)
2025-02-11 19:23:37 [http-nio-8080-exec-1] DEBUG c.s.d.m.C.selectLnbSubList - ==>  Preparing: SELECT CT_LNB_SUB_IDX AS ctLnbSubIdx, CT_LNB_ID AS ctLnbId, CT_LNB_SUB_ID AS ctLnbSubId, CT_LNB_SUB_NAME AS ctLnbSubName, CT_LNB_SUB_URL AS ctLnbSubUrl FROM CT_LNB_SUB WHERE CT_LNB_ID = ? ORDER BY CT_LNB_SUB_IDX
2025-02-11 19:23:37 [http-nio-8080-exec-1] DEBUG c.s.d.m.C.selectLnbSubList - ==> Parameters: CT_LNB_CONTACT(String)
2025-02-11 19:23:37 [http-nio-8080-exec-6] DEBUG c.s.d.m.C.selectLnbSubList - <==      Total: 1
2025-02-11 19:23:37 [http-nio-8080-exec-1] DEBUG c.s.d.m.C.selectLnbSubList - <==      Total: 2
2025-02-11 19:23:37 [http-nio-8080-exec-1] DEBUG org.mybatis.spring.SqlSessionUtils - Closing non transactional SqlSession [org.apache.ibatis.session.defaults.DefaultSqlSession@28f9b7af]
2025-02-11 19:23:37 [http-nio-8080-exec-6] DEBUG org.mybatis.spring.SqlSessionUtils - Closing non transactional SqlSession [org.apache.ibatis.session.defaults.DefaultSqlSession@eddba77]
2025-02-11 19:23:37 [http-nio-8080-exec-3] DEBUG c.s.d.m.C.selectLnbSubList - <==      Total: 4
2025-02-11 19:23:37 [http-nio-8080-exec-3] DEBUG org.mybatis.spring.SqlSessionUtils - Closing non transactional SqlSession [org.apache.ibatis.session.defaults.DefaultSqlSession@18c09473]
2025-02-11 19:23:38 [http-nio-8080-exec-10] ERROR org.thymeleaf.TemplateEngine - [THYMELEAF][http-nio-8080-exec-10] Exception processing template "view/user/sub/service1": Error resolving template [view/user/sub/service1], template might not exist or might not be accessible by any of the configured Template Resolvers
org.thymeleaf.exceptions.TemplateInputException: Error resolving template [view/user/sub/service1], template might not exist or might not be accessible by any of the configured Template Resolvers
	at org.thymeleaf.engine.TemplateManager.resolveTemplate(TemplateManager.java:869)
	at org.thymeleaf.engine.TemplateManager.parseAndProcess(TemplateManager.java:607)
	at org.thymeleaf.TemplateEngine.process(TemplateEngine.java:1103)
	at org.thymeleaf.TemplateEngine.process(TemplateEngine.java:1077)
	at org.thymeleaf.spring6.view.ThymeleafView.renderFragment(ThymeleafView.java:372)
	at org.thymeleaf.spring6.view.ThymeleafView.render(ThymeleafView.java:192)
	at org.springframework.web.servlet.DispatcherServlet.render(DispatcherServlet.java:1435)
	at org.springframework.web.servlet.DispatcherServlet.processDispatchResult(DispatcherServlet.java:1167)
	at org.springframework.web.servlet.DispatcherServlet.doDispatch(DispatcherServlet.java:1105)
	at org.springframework.web.servlet.DispatcherServlet.doService(DispatcherServlet.java:978)
	at org.springframework.web.servlet.FrameworkServlet.processRequest(FrameworkServlet.java:1014)
	at org.springframework.web.servlet.FrameworkServlet.doGet(FrameworkServlet.java:903)
	at jakarta.servlet.http.HttpServlet.service(HttpServlet.java:564)
	at org.springframework.web.servlet.FrameworkServlet.service(FrameworkServlet.java:885)
	at jakarta.servlet.http.HttpServlet.service(HttpServlet.java:658)
	at org.apache.catalina.core.ApplicationFilterChain.internalDoFilter(ApplicationFilterChain.java:195)
	at org.apache.catalina.core.ApplicationFilterChain.doFilter(ApplicationFilterChain.java:140)
	at org.apache.tomcat.websocket.server.WsFilter.doFilter(WsFilter.java:51)
	at org.apache.catalina.core.ApplicationFilterChain.internalDoFilter(ApplicationFilterChain.java:164)
	at org.apache.catalina.core.ApplicationFilterChain.doFilter(ApplicationFilterChain.java:140)
	at org.springframework.web.filter.CompositeFilter$VirtualFilterChain.doFilter(CompositeFilter.java:108)
	at org.springframework.security.web.FilterChainProxy.lambda$doFilterInternal$3(FilterChainProxy.java:231)
	at org.springframework.security.web.FilterChainProxy$VirtualFilterChain.doFilter(FilterChainProxy.java:365)
	at org.springframework.security.web.access.intercept.AuthorizationFilter.doFilter(AuthorizationFilter.java:101)
	at org.springframework.security.web.FilterChainProxy$VirtualFilterChain.doFilter(FilterChainProxy.java:374)
	at org.springframework.security.web.access.ExceptionTranslationFilter.doFilter(ExceptionTranslationFilter.java:126)
	at org.springframework.security.web.access.ExceptionTranslationFilter.doFilter(ExceptionTranslationFilter.java:120)
	at org.springframework.security.web.FilterChainProxy$VirtualFilterChain.doFilter(FilterChainProxy.java:374)
	at org.springframework.security.web.authentication.AnonymousAuthenticationFilter.doFilter(AnonymousAuthenticationFilter.java:100)
	at org.springframework.security.web.FilterChainProxy$VirtualFilterChain.doFilter(FilterChainProxy.java:374)
	at org.springframework.security.web.servletapi.SecurityContextHolderAwareRequestFilter.doFilter(SecurityContextHolderAwareRequestFilter.java:179)
	at org.springframework.security.web.FilterChainProxy$VirtualFilterChain.doFilter(FilterChainProxy.java:374)
	at org.springframework.security.web.savedrequest.RequestCacheAwareFilter.doFilter(RequestCacheAwareFilter.java:63)
	at org.springframework.security.web.FilterChainProxy$VirtualFilterChain.doFilter(FilterChainProxy.java:374)
	at org.springframework.security.web.authentication.AbstractAuthenticationProcessingFilter.doFilter(AbstractAuthenticationProcessingFilter.java:227)
	at org.springframework.security.web.authentication.AbstractAuthenticationProcessingFilter.doFilter(AbstractAuthenticationProcessingFilter.java:221)
	at org.springframework.security.web.FilterChainProxy$VirtualFilterChain.doFilter(FilterChainProxy.java:374)
	at org.springframework.security.web.authentication.logout.LogoutFilter.doFilter(LogoutFilter.java:107)
	at org.springframework.security.web.authentication.logout.LogoutFilter.doFilter(LogoutFilter.java:93)
	at org.springframework.security.web.FilterChainProxy$VirtualFilterChain.doFilter(FilterChainProxy.java:374)
	at org.springframework.security.web.header.HeaderWriterFilter.doHeadersAfter(HeaderWriterFilter.java:90)
	at org.springframework.security.web.header.HeaderWriterFilter.doFilterInternal(HeaderWriterFilter.java:75)
	at org.springframework.web.filter.OncePerRequestFilter.doFilter(OncePerRequestFilter.java:116)
	at org.springframework.security.web.FilterChainProxy$VirtualFilterChain.doFilter(FilterChainProxy.java:374)
	at org.springframework.security.web.context.SecurityContextHolderFilter.doFilter(SecurityContextHolderFilter.java:82)
	at org.springframework.security.web.context.SecurityContextHolderFilter.doFilter(SecurityContextHolderFilter.java:69)
	at org.springframework.security.web.FilterChainProxy$VirtualFilterChain.doFilter(FilterChainProxy.java:374)
	at org.springframework.security.web.context.request.async.WebAsyncManagerIntegrationFilter.doFilterInternal(WebAsyncManagerIntegrationFilter.java:62)
	at org.springframework.web.filter.OncePerRequestFilter.doFilter(OncePerRequestFilter.java:116)
	at org.springframework.security.web.FilterChainProxy$VirtualFilterChain.doFilter(FilterChainProxy.java:374)
	at org.springframework.security.web.session.DisableEncodeUrlFilter.doFilterInternal(DisableEncodeUrlFilter.java:42)
	at org.springframework.web.filter.OncePerRequestFilter.doFilter(OncePerRequestFilter.java:116)
	at org.springframework.security.web.FilterChainProxy$VirtualFilterChain.doFilter(FilterChainProxy.java:374)
	at org.springframework.security.web.FilterChainProxy.doFilterInternal(FilterChainProxy.java:233)
	at org.springframework.security.web.FilterChainProxy.doFilter(FilterChainProxy.java:191)
	at org.springframework.web.filter.CompositeFilter$VirtualFilterChain.doFilter(CompositeFilter.java:113)
	at org.springframework.web.servlet.handler.HandlerMappingIntrospector.lambda$createCacheFilter$3(HandlerMappingIntrospector.java:243)
	at org.springframework.web.filter.CompositeFilter$VirtualFilterChain.doFilter(CompositeFilter.java:113)
	at org.springframework.web.filter.CompositeFilter.doFilter(CompositeFilter.java:74)
	at org.springframework.security.config.annotation.web.configuration.WebMvcSecurityConfiguration$CompositeFilterChainProxy.doFilter(WebMvcSecurityConfiguration.java:238)
	at org.springframework.web.filter.DelegatingFilterProxy.invokeDelegate(DelegatingFilterProxy.java:362)
	at org.springframework.web.filter.DelegatingFilterProxy.doFilter(DelegatingFilterProxy.java:278)
	at org.apache.catalina.core.ApplicationFilterChain.internalDoFilter(ApplicationFilterChain.java:164)
	at org.apache.catalina.core.ApplicationFilterChain.doFilter(ApplicationFilterChain.java:140)
	at org.springframework.web.filter.RequestContextFilter.doFilterInternal(RequestContextFilter.java:100)
	at org.springframework.web.filter.OncePerRequestFilter.doFilter(OncePerRequestFilter.java:116)
	at org.apache.catalina.core.ApplicationFilterChain.internalDoFilter(ApplicationFilterChain.java:164)
	at org.apache.catalina.core.ApplicationFilterChain.doFilter(ApplicationFilterChain.java:140)
	at org.springframework.web.filter.FormContentFilter.doFilterInternal(FormContentFilter.java:93)
	at org.springframework.web.filter.OncePerRequestFilter.doFilter(OncePerRequestFilter.java:116)
	at org.apache.catalina.core.ApplicationFilterChain.internalDoFilter(ApplicationFilterChain.java:164)
	at org.apache.catalina.core.ApplicationFilterChain.doFilter(ApplicationFilterChain.java:140)
	at org.springframework.web.filter.CharacterEncodingFilter.doFilterInternal(CharacterEncodingFilter.java:201)
	at org.springframework.web.filter.OncePerRequestFilter.doFilter(OncePerRequestFilter.java:116)
	at org.apache.catalina.core.ApplicationFilterChain.internalDoFilter(ApplicationFilterChain.java:164)
	at org.apache.catalina.core.ApplicationFilterChain.doFilter(ApplicationFilterChain.java:140)
	at org.apache.catalina.core.StandardWrapperValve.invoke(StandardWrapperValve.java:167)
	at org.apache.catalina.core.StandardContextValve.invoke(StandardContextValve.java:90)
	at org.apache.catalina.authenticator.AuthenticatorBase.invoke(AuthenticatorBase.java:483)
	at org.apache.catalina.core.StandardHostValve.invoke(StandardHostValve.java:115)
	at org.apache.catalina.valves.ErrorReportValve.invoke(ErrorReportValve.java:93)
	at org.apache.catalina.core.StandardEngineValve.invoke(StandardEngineValve.java:74)
	at org.apache.catalina.connector.CoyoteAdapter.service(CoyoteAdapter.java:344)
	at org.apache.coyote.http11.Http11Processor.service(Http11Processor.java:397)
	at org.apache.coyote.AbstractProcessorLight.process(AbstractProcessorLight.java:63)
	at org.apache.coyote.AbstractProtocol$ConnectionHandler.process(AbstractProtocol.java:905)
	at org.apache.tomcat.util.net.NioEndpoint$SocketProcessor.doRun(NioEndpoint.java:1741)
	at org.apache.tomcat.util.net.SocketProcessorBase.run(SocketProcessorBase.java:52)
	at org.apache.tomcat.util.threads.ThreadPoolExecutor.runWorker(ThreadPoolExecutor.java:1190)
	at org.apache.tomcat.util.threads.ThreadPoolExecutor$Worker.run(ThreadPoolExecutor.java:659)
	at org.apache.tomcat.util.threads.TaskThread$WrappingRunnable.run(TaskThread.java:63)
	at java.base/java.lang.Thread.run(Thread.java:842)
2025-02-11 19:23:38 [http-nio-8080-exec-10] ERROR o.a.c.c.C.[.[.[.[dispatcherServlet] - Servlet.service() for servlet [dispatcherServlet] in context with path [] threw exception [Request processing failed: org.thymeleaf.exceptions.TemplateInputException: Error resolving template [view/user/sub/service1], template might not exist or might not be accessible by any of the configured Template Resolvers] with root cause
org.thymeleaf.exceptions.TemplateInputException: Error resolving template [view/user/sub/service1], template might not exist or might not be accessible by any of the configured Template Resolvers
	at org.thymeleaf.engine.TemplateManager.resolveTemplate(TemplateManager.java:869)
	at org.thymeleaf.engine.TemplateManager.parseAndProcess(TemplateManager.java:607)
	at org.thymeleaf.TemplateEngine.process(TemplateEngine.java:1103)
	at org.thymeleaf.TemplateEngine.process(TemplateEngine.java:1077)
	at org.thymeleaf.spring6.view.ThymeleafView.renderFragment(ThymeleafView.java:372)
	at org.thymeleaf.spring6.view.ThymeleafView.render(ThymeleafView.java:192)
	at org.springframework.web.servlet.DispatcherServlet.render(DispatcherServlet.java:1435)
	at org.springframework.web.servlet.DispatcherServlet.processDispatchResult(DispatcherServlet.java:1167)
	at org.springframework.web.servlet.DispatcherServlet.doDispatch(DispatcherServlet.java:1105)
	at org.springframework.web.servlet.DispatcherServlet.doService(DispatcherServlet.java:978)
	at org.springframework.web.servlet.FrameworkServlet.processRequest(FrameworkServlet.java:1014)
	at org.springframework.web.servlet.FrameworkServlet.doGet(FrameworkServlet.java:903)
	at jakarta.servlet.http.HttpServlet.service(HttpServlet.java:564)
	at org.springframework.web.servlet.FrameworkServlet.service(FrameworkServlet.java:885)
	at jakarta.servlet.http.HttpServlet.service(HttpServlet.java:658)
	at org.apache.catalina.core.ApplicationFilterChain.internalDoFilter(ApplicationFilterChain.java:195)
	at org.apache.catalina.core.ApplicationFilterChain.doFilter(ApplicationFilterChain.java:140)
	at org.apache.tomcat.websocket.server.WsFilter.doFilter(WsFilter.java:51)
	at org.apache.catalina.core.ApplicationFilterChain.internalDoFilter(ApplicationFilterChain.java:164)
	at org.apache.catalina.core.ApplicationFilterChain.doFilter(ApplicationFilterChain.java:140)
	at org.springframework.web.filter.CompositeFilter$VirtualFilterChain.doFilter(CompositeFilter.java:108)
	at org.springframework.security.web.FilterChainProxy.lambda$doFilterInternal$3(FilterChainProxy.java:231)
	at org.springframework.security.web.FilterChainProxy$VirtualFilterChain.doFilter(FilterChainProxy.java:365)
	at org.springframework.security.web.access.intercept.AuthorizationFilter.doFilter(AuthorizationFilter.java:101)
	at org.springframework.security.web.FilterChainProxy$VirtualFilterChain.doFilter(FilterChainProxy.java:374)
	at org.springframework.security.web.access.ExceptionTranslationFilter.doFilter(ExceptionTranslationFilter.java:126)
	at org.springframework.security.web.access.ExceptionTranslationFilter.doFilter(ExceptionTranslationFilter.java:120)
	at org.springframework.security.web.FilterChainProxy$VirtualFilterChain.doFilter(FilterChainProxy.java:374)
	at org.springframework.security.web.authentication.AnonymousAuthenticationFilter.doFilter(AnonymousAuthenticationFilter.java:100)
	at org.springframework.security.web.FilterChainProxy$VirtualFilterChain.doFilter(FilterChainProxy.java:374)
	at org.springframework.security.web.servletapi.SecurityContextHolderAwareRequestFilter.doFilter(SecurityContextHolderAwareRequestFilter.java:179)
	at org.springframework.security.web.FilterChainProxy$VirtualFilterChain.doFilter(FilterChainProxy.java:374)
	at org.springframework.security.web.savedrequest.RequestCacheAwareFilter.doFilter(RequestCacheAwareFilter.java:63)
	at org.springframework.security.web.FilterChainProxy$VirtualFilterChain.doFilter(FilterChainProxy.java:374)
	at org.springframework.security.web.authentication.AbstractAuthenticationProcessingFilter.doFilter(AbstractAuthenticationProcessingFilter.java:227)
	at org.springframework.security.web.authentication.AbstractAuthenticationProcessingFilter.doFilter(AbstractAuthenticationProcessingFilter.java:221)
	at org.springframework.security.web.FilterChainProxy$VirtualFilterChain.doFilter(FilterChainProxy.java:374)
	at org.springframework.security.web.authentication.logout.LogoutFilter.doFilter(LogoutFilter.java:107)
	at org.springframework.security.web.authentication.logout.LogoutFilter.doFilter(LogoutFilter.java:93)
	at org.springframework.security.web.FilterChainProxy$VirtualFilterChain.doFilter(FilterChainProxy.java:374)
	at org.springframework.security.web.header.HeaderWriterFilter.doHeadersAfter(HeaderWriterFilter.java:90)
	at org.springframework.security.web.header.HeaderWriterFilter.doFilterInternal(HeaderWriterFilter.java:75)
	at org.springframework.web.filter.OncePerRequestFilter.doFilter(OncePerRequestFilter.java:116)
	at org.springframework.security.web.FilterChainProxy$VirtualFilterChain.doFilter(FilterChainProxy.java:374)
	at org.springframework.security.web.context.SecurityContextHolderFilter.doFilter(SecurityContextHolderFilter.java:82)
	at org.springframework.security.web.context.SecurityContextHolderFilter.doFilter(SecurityContextHolderFilter.java:69)
	at org.springframework.security.web.FilterChainProxy$VirtualFilterChain.doFilter(FilterChainProxy.java:374)
	at org.springframework.security.web.context.request.async.WebAsyncManagerIntegrationFilter.doFilterInternal(WebAsyncManagerIntegrationFilter.java:62)
	at org.springframework.web.filter.OncePerRequestFilter.doFilter(OncePerRequestFilter.java:116)
	at org.springframework.security.web.FilterChainProxy$VirtualFilterChain.doFilter(FilterChainProxy.java:374)
	at org.springframework.security.web.session.DisableEncodeUrlFilter.doFilterInternal(DisableEncodeUrlFilter.java:42)
	at org.springframework.web.filter.OncePerRequestFilter.doFilter(OncePerRequestFilter.java:116)
	at org.springframework.security.web.FilterChainProxy$VirtualFilterChain.doFilter(FilterChainProxy.java:374)
	at org.springframework.security.web.FilterChainProxy.doFilterInternal(FilterChainProxy.java:233)
	at org.springframework.security.web.FilterChainProxy.doFilter(FilterChainProxy.java:191)
	at org.springframework.web.filter.CompositeFilter$VirtualFilterChain.doFilter(CompositeFilter.java:113)
	at org.springframework.web.servlet.handler.HandlerMappingIntrospector.lambda$createCacheFilter$3(HandlerMappingIntrospector.java:243)
	at org.springframework.web.filter.CompositeFilter$VirtualFilterChain.doFilter(CompositeFilter.java:113)
	at org.springframework.web.filter.CompositeFilter.doFilter(CompositeFilter.java:74)
	at org.springframework.security.config.annotation.web.configuration.WebMvcSecurityConfiguration$CompositeFilterChainProxy.doFilter(WebMvcSecurityConfiguration.java:238)
	at org.springframework.web.filter.DelegatingFilterProxy.invokeDelegate(DelegatingFilterProxy.java:362)
	at org.springframework.web.filter.DelegatingFilterProxy.doFilter(DelegatingFilterProxy.java:278)
	at org.apache.catalina.core.ApplicationFilterChain.internalDoFilter(ApplicationFilterChain.java:164)
	at org.apache.catalina.core.ApplicationFilterChain.doFilter(ApplicationFilterChain.java:140)
	at org.springframework.web.filter.RequestContextFilter.doFilterInternal(RequestContextFilter.java:100)
	at org.springframework.web.filter.OncePerRequestFilter.doFilter(OncePerRequestFilter.java:116)
	at org.apache.catalina.core.ApplicationFilterChain.internalDoFilter(ApplicationFilterChain.java:164)
	at org.apache.catalina.core.ApplicationFilterChain.doFilter(ApplicationFilterChain.java:140)
	at org.springframework.web.filter.FormContentFilter.doFilterInternal(FormContentFilter.java:93)
	at org.springframework.web.filter.OncePerRequestFilter.doFilter(OncePerRequestFilter.java:116)
	at org.apache.catalina.core.ApplicationFilterChain.internalDoFilter(ApplicationFilterChain.java:164)
	at org.apache.catalina.core.ApplicationFilterChain.doFilter(ApplicationFilterChain.java:140)
	at org.springframework.web.filter.CharacterEncodingFilter.doFilterInternal(CharacterEncodingFilter.java:201)
	at org.springframework.web.filter.OncePerRequestFilter.doFilter(OncePerRequestFilter.java:116)
	at org.apache.catalina.core.ApplicationFilterChain.internalDoFilter(ApplicationFilterChain.java:164)
	at org.apache.catalina.core.ApplicationFilterChain.doFilter(ApplicationFilterChain.java:140)
	at org.apache.catalina.core.StandardWrapperValve.invoke(StandardWrapperValve.java:167)
	at org.apache.catalina.core.StandardContextValve.invoke(StandardContextValve.java:90)
	at org.apache.catalina.authenticator.AuthenticatorBase.invoke(AuthenticatorBase.java:483)
	at org.apache.catalina.core.StandardHostValve.invoke(StandardHostValve.java:115)
	at org.apache.catalina.valves.ErrorReportValve.invoke(ErrorReportValve.java:93)
	at org.apache.catalina.core.StandardEngineValve.invoke(StandardEngineValve.java:74)
	at org.apache.catalina.connector.CoyoteAdapter.service(CoyoteAdapter.java:344)
	at org.apache.coyote.http11.Http11Processor.service(Http11Processor.java:397)
	at org.apache.coyote.AbstractProcessorLight.process(AbstractProcessorLight.java:63)
	at org.apache.coyote.AbstractProtocol$ConnectionHandler.process(AbstractProtocol.java:905)
	at org.apache.tomcat.util.net.NioEndpoint$SocketProcessor.doRun(NioEndpoint.java:1741)
	at org.apache.tomcat.util.net.SocketProcessorBase.run(SocketProcessorBase.java:52)
	at org.apache.tomcat.util.threads.ThreadPoolExecutor.runWorker(ThreadPoolExecutor.java:1190)
	at org.apache.tomcat.util.threads.ThreadPoolExecutor$Worker.run(ThreadPoolExecutor.java:659)
	at org.apache.tomcat.util.threads.TaskThread$WrappingRunnable.run(TaskThread.java:63)
	at java.base/java.lang.Thread.run(Thread.java:842)
2025-02-11 19:23:40 [http-nio-8080-exec-2] WARN  o.t.s.p.AbstractStandardFragmentInsertionTagProcessor - [THYMELEAF][http-nio-8080-exec-2][common/layout/layout] Deprecated unwrapped fragment expression "common/fragments/header::header" found in template common/layout/layout, line 36, col 10. Please use the complete syntax of fragment expressions instead ("~{common/fragments/header::header}"). The old, unwrapped syntax for fragment expressions will be removed in future versions of Thymeleaf.
2025-02-11 19:23:40 [http-nio-8080-exec-2] WARN  o.t.s.p.AbstractStandardFragmentInsertionTagProcessor - [THYMELEAF][http-nio-8080-exec-2][common/layout/layout] Deprecated unwrapped fragment expression "common/fragments/footer::footer" found in template common/layout/layout, line 40, col 10. Please use the complete syntax of fragment expressions instead ("~{common/fragments/footer::footer}"). The old, unwrapped syntax for fragment expressions will be removed in future versions of Thymeleaf.
2025-02-11 19:23:40 [http-nio-8080-exec-5] DEBUG org.mybatis.spring.SqlSessionUtils - Creating a new SqlSession
2025-02-11 19:23:40 [http-nio-8080-exec-5] DEBUG org.mybatis.spring.SqlSessionUtils - SqlSession [org.apache.ibatis.session.defaults.DefaultSqlSession@6c8663bc] was not registered for synchronization because synchronization is not active
2025-02-11 19:23:40 [http-nio-8080-exec-5] DEBUG o.m.s.t.SpringManagedTransaction - JDBC Connection [HikariProxyConnection@1794436168 wrapping com.mysql.cj.jdbc.ConnectionImpl@bff083f] will not be managed by Spring
2025-02-11 19:23:40 [http-nio-8080-exec-5] DEBUG c.s.d.m.CommonMapper.selectLnbList - ==>  Preparing: SELECT CT_LNB_IDX AS ctLnbIdx, CT_LNB_ID AS ctLnbId, CT_LNB_NAME AS ctLnbName, CT_LNB_SUB_YN AS ctLnbSubYn, CT_LNB_URL AS ctLnbUrl, CT_LNB_USE_YN AS ctLnbUseYn FROM CT_LNB WHERE CT_LNB_USE_YN = 'Y' ORDER BY CT_LNB_IDX
2025-02-11 19:23:40 [http-nio-8080-exec-5] DEBUG c.s.d.m.CommonMapper.selectLnbList - ==> Parameters: 
2025-02-11 19:23:40 [http-nio-8080-exec-5] DEBUG c.s.d.m.CommonMapper.selectLnbList - <==      Total: 4
2025-02-11 19:23:40 [http-nio-8080-exec-5] DEBUG org.mybatis.spring.SqlSessionUtils - Closing non transactional SqlSession [org.apache.ibatis.session.defaults.DefaultSqlSession@6c8663bc]
2025-02-11 19:23:40 [http-nio-8080-exec-7] DEBUG org.mybatis.spring.SqlSessionUtils - Creating a new SqlSession
2025-02-11 19:23:40 [http-nio-8080-exec-7] DEBUG org.mybatis.spring.SqlSessionUtils - SqlSession [org.apache.ibatis.session.defaults.DefaultSqlSession@628f6998] was not registered for synchronization because synchronization is not active
2025-02-11 19:23:40 [http-nio-8080-exec-7] DEBUG o.m.s.t.SpringManagedTransaction - JDBC Connection [HikariProxyConnection@1133563133 wrapping com.mysql.cj.jdbc.ConnectionImpl@59a2b70e] will not be managed by Spring
2025-02-11 19:23:40 [http-nio-8080-exec-7] DEBUG c.s.d.m.CommonMapper.selectLnbList - ==>  Preparing: SELECT CT_LNB_IDX AS ctLnbIdx, CT_LNB_ID AS ctLnbId, CT_LNB_NAME AS ctLnbName, CT_LNB_SUB_YN AS ctLnbSubYn, CT_LNB_URL AS ctLnbUrl, CT_LNB_USE_YN AS ctLnbUseYn FROM CT_LNB WHERE CT_LNB_USE_YN = 'Y' ORDER BY CT_LNB_IDX
2025-02-11 19:23:40 [http-nio-8080-exec-7] DEBUG c.s.d.m.CommonMapper.selectLnbList - ==> Parameters: 
2025-02-11 19:23:40 [http-nio-8080-exec-7] DEBUG c.s.d.m.CommonMapper.selectLnbList - <==      Total: 4
2025-02-11 19:23:40 [http-nio-8080-exec-7] DEBUG org.mybatis.spring.SqlSessionUtils - Closing non transactional SqlSession [org.apache.ibatis.session.defaults.DefaultSqlSession@628f6998]
2025-02-11 19:23:40 [http-nio-8080-exec-8] DEBUG org.mybatis.spring.SqlSessionUtils - Creating a new SqlSession
2025-02-11 19:23:40 [http-nio-8080-exec-1] DEBUG org.mybatis.spring.SqlSessionUtils - Creating a new SqlSession
2025-02-11 19:23:40 [http-nio-8080-exec-9] DEBUG org.mybatis.spring.SqlSessionUtils - Creating a new SqlSession
2025-02-11 19:23:40 [http-nio-8080-exec-8] DEBUG org.mybatis.spring.SqlSessionUtils - SqlSession [org.apache.ibatis.session.defaults.DefaultSqlSession@5c025edd] was not registered for synchronization because synchronization is not active
2025-02-11 19:23:40 [http-nio-8080-exec-1] DEBUG org.mybatis.spring.SqlSessionUtils - SqlSession [org.apache.ibatis.session.defaults.DefaultSqlSession@4d348b46] was not registered for synchronization because synchronization is not active
2025-02-11 19:23:40 [http-nio-8080-exec-9] DEBUG org.mybatis.spring.SqlSessionUtils - SqlSession [org.apache.ibatis.session.defaults.DefaultSqlSession@8f40e89] was not registered for synchronization because synchronization is not active
2025-02-11 19:23:40 [http-nio-8080-exec-8] DEBUG o.m.s.t.SpringManagedTransaction - JDBC Connection [HikariProxyConnection@1783280202 wrapping com.mysql.cj.jdbc.ConnectionImpl@59a2b70e] will not be managed by Spring
2025-02-11 19:23:40 [http-nio-8080-exec-1] DEBUG o.m.s.t.SpringManagedTransaction - JDBC Connection [HikariProxyConnection@1753570967 wrapping com.mysql.cj.jdbc.ConnectionImpl@bff083f] will not be managed by Spring
2025-02-11 19:23:40 [http-nio-8080-exec-8] DEBUG c.s.d.m.C.selectLnbSubList - ==>  Preparing: SELECT CT_LNB_SUB_IDX AS ctLnbSubIdx, CT_LNB_ID AS ctLnbId, CT_LNB_SUB_ID AS ctLnbSubId, CT_LNB_SUB_NAME AS ctLnbSubName, CT_LNB_SUB_URL AS ctLnbSubUrl FROM CT_LNB_SUB WHERE CT_LNB_ID = ? ORDER BY CT_LNB_SUB_IDX
2025-02-11 19:23:40 [http-nio-8080-exec-1] DEBUG c.s.d.m.C.selectLnbSubList - ==>  Preparing: SELECT CT_LNB_SUB_IDX AS ctLnbSubIdx, CT_LNB_ID AS ctLnbId, CT_LNB_SUB_ID AS ctLnbSubId, CT_LNB_SUB_NAME AS ctLnbSubName, CT_LNB_SUB_URL AS ctLnbSubUrl FROM CT_LNB_SUB WHERE CT_LNB_ID = ? ORDER BY CT_LNB_SUB_IDX
2025-02-11 19:23:40 [http-nio-8080-exec-8] DEBUG c.s.d.m.C.selectLnbSubList - ==> Parameters: CT_LNB_SERVICE(String)
2025-02-11 19:23:40 [http-nio-8080-exec-9] DEBUG o.m.s.t.SpringManagedTransaction - JDBC Connection [HikariProxyConnection@675206325 wrapping com.mysql.cj.jdbc.ConnectionImpl@4e09f215] will not be managed by Spring
2025-02-11 19:23:40 [http-nio-8080-exec-9] DEBUG c.s.d.m.C.selectLnbSubList - ==>  Preparing: SELECT CT_LNB_SUB_IDX AS ctLnbSubIdx, CT_LNB_ID AS ctLnbId, CT_LNB_SUB_ID AS ctLnbSubId, CT_LNB_SUB_NAME AS ctLnbSubName, CT_LNB_SUB_URL AS ctLnbSubUrl FROM CT_LNB_SUB WHERE CT_LNB_ID = ? ORDER BY CT_LNB_SUB_IDX
2025-02-11 19:23:40 [http-nio-8080-exec-1] DEBUG c.s.d.m.C.selectLnbSubList - ==> Parameters: CT_LNB_CONTACT(String)
2025-02-11 19:23:40 [http-nio-8080-exec-9] DEBUG c.s.d.m.C.selectLnbSubList - ==> Parameters: CT_LNB_COMPANY(String)
2025-02-11 19:23:40 [http-nio-8080-exec-9] DEBUG c.s.d.m.C.selectLnbSubList - <==      Total: 1
2025-02-11 19:23:40 [http-nio-8080-exec-1] DEBUG c.s.d.m.C.selectLnbSubList - <==      Total: 2
2025-02-11 19:23:40 [http-nio-8080-exec-8] DEBUG c.s.d.m.C.selectLnbSubList - <==      Total: 4
2025-02-11 19:23:40 [http-nio-8080-exec-9] DEBUG org.mybatis.spring.SqlSessionUtils - Closing non transactional SqlSession [org.apache.ibatis.session.defaults.DefaultSqlSession@8f40e89]
2025-02-11 19:23:40 [http-nio-8080-exec-1] DEBUG org.mybatis.spring.SqlSessionUtils - Closing non transactional SqlSession [org.apache.ibatis.session.defaults.DefaultSqlSession@4d348b46]
2025-02-11 19:23:40 [http-nio-8080-exec-8] DEBUG org.mybatis.spring.SqlSessionUtils - Closing non transactional SqlSession [org.apache.ibatis.session.defaults.DefaultSqlSession@5c025edd]
2025-02-11 19:23:40 [http-nio-8080-exec-10] DEBUG org.mybatis.spring.SqlSessionUtils - Creating a new SqlSession
2025-02-11 19:23:40 [http-nio-8080-exec-6] DEBUG org.mybatis.spring.SqlSessionUtils - Creating a new SqlSession
2025-02-11 19:23:40 [http-nio-8080-exec-4] DEBUG org.mybatis.spring.SqlSessionUtils - Creating a new SqlSession
2025-02-11 19:23:40 [http-nio-8080-exec-10] DEBUG org.mybatis.spring.SqlSessionUtils - SqlSession [org.apache.ibatis.session.defaults.DefaultSqlSession@181866bd] was not registered for synchronization because synchronization is not active
2025-02-11 19:23:40 [http-nio-8080-exec-6] DEBUG org.mybatis.spring.SqlSessionUtils - SqlSession [org.apache.ibatis.session.defaults.DefaultSqlSession@421e8354] was not registered for synchronization because synchronization is not active
2025-02-11 19:23:40 [http-nio-8080-exec-4] DEBUG org.mybatis.spring.SqlSessionUtils - SqlSession [org.apache.ibatis.session.defaults.DefaultSqlSession@18ed72a1] was not registered for synchronization because synchronization is not active
2025-02-11 19:23:40 [http-nio-8080-exec-10] DEBUG o.m.s.t.SpringManagedTransaction - JDBC Connection [HikariProxyConnection@838175171 wrapping com.mysql.cj.jdbc.ConnectionImpl@59a2b70e] will not be managed by Spring
2025-02-11 19:23:40 [http-nio-8080-exec-6] DEBUG o.m.s.t.SpringManagedTransaction - JDBC Connection [HikariProxyConnection@1317487256 wrapping com.mysql.cj.jdbc.ConnectionImpl@4e09f215] will not be managed by Spring
2025-02-11 19:23:40 [http-nio-8080-exec-4] DEBUG o.m.s.t.SpringManagedTransaction - JDBC Connection [HikariProxyConnection@1351120987 wrapping com.mysql.cj.jdbc.ConnectionImpl@bff083f] will not be managed by Spring
2025-02-11 19:23:40 [http-nio-8080-exec-10] DEBUG c.s.d.m.C.selectLnbSubList - ==>  Preparing: SELECT CT_LNB_SUB_IDX AS ctLnbSubIdx, CT_LNB_ID AS ctLnbId, CT_LNB_SUB_ID AS ctLnbSubId, CT_LNB_SUB_NAME AS ctLnbSubName, CT_LNB_SUB_URL AS ctLnbSubUrl FROM CT_LNB_SUB WHERE CT_LNB_ID = ? ORDER BY CT_LNB_SUB_IDX
2025-02-11 19:23:40 [http-nio-8080-exec-6] DEBUG c.s.d.m.C.selectLnbSubList - ==>  Preparing: SELECT CT_LNB_SUB_IDX AS ctLnbSubIdx, CT_LNB_ID AS ctLnbId, CT_LNB_SUB_ID AS ctLnbSubId, CT_LNB_SUB_NAME AS ctLnbSubName, CT_LNB_SUB_URL AS ctLnbSubUrl FROM CT_LNB_SUB WHERE CT_LNB_ID = ? ORDER BY CT_LNB_SUB_IDX
2025-02-11 19:23:40 [http-nio-8080-exec-4] DEBUG c.s.d.m.C.selectLnbSubList - ==>  Preparing: SELECT CT_LNB_SUB_IDX AS ctLnbSubIdx, CT_LNB_ID AS ctLnbId, CT_LNB_SUB_ID AS ctLnbSubId, CT_LNB_SUB_NAME AS ctLnbSubName, CT_LNB_SUB_URL AS ctLnbSubUrl FROM CT_LNB_SUB WHERE CT_LNB_ID = ? ORDER BY CT_LNB_SUB_IDX
2025-02-11 19:23:40 [http-nio-8080-exec-10] DEBUG c.s.d.m.C.selectLnbSubList - ==> Parameters: CT_LNB_CONTACT(String)
2025-02-11 19:23:40 [http-nio-8080-exec-6] DEBUG c.s.d.m.C.selectLnbSubList - ==> Parameters: CT_LNB_SERVICE(String)
2025-02-11 19:23:40 [http-nio-8080-exec-4] DEBUG c.s.d.m.C.selectLnbSubList - ==> Parameters: CT_LNB_COMPANY(String)
2025-02-11 19:23:40 [http-nio-8080-exec-4] DEBUG c.s.d.m.C.selectLnbSubList - <==      Total: 1
2025-02-11 19:23:40 [http-nio-8080-exec-10] DEBUG c.s.d.m.C.selectLnbSubList - <==      Total: 2
2025-02-11 19:23:40 [http-nio-8080-exec-6] DEBUG c.s.d.m.C.selectLnbSubList - <==      Total: 4
2025-02-11 19:23:40 [http-nio-8080-exec-10] DEBUG org.mybatis.spring.SqlSessionUtils - Closing non transactional SqlSession [org.apache.ibatis.session.defaults.DefaultSqlSession@181866bd]
2025-02-11 19:23:40 [http-nio-8080-exec-4] DEBUG org.mybatis.spring.SqlSessionUtils - Closing non transactional SqlSession [org.apache.ibatis.session.defaults.DefaultSqlSession@18ed72a1]
2025-02-11 19:23:40 [http-nio-8080-exec-6] DEBUG org.mybatis.spring.SqlSessionUtils - Closing non transactional SqlSession [org.apache.ibatis.session.defaults.DefaultSqlSession@421e8354]
2025-02-11 19:23:41 [http-nio-8080-exec-2] WARN  o.t.s.p.AbstractStandardFragmentInsertionTagProcessor - [THYMELEAF][http-nio-8080-exec-2][common/layout/layout] Deprecated unwrapped fragment expression "common/fragments/header::header" found in template common/layout/layout, line 36, col 10. Please use the complete syntax of fragment expressions instead ("~{common/fragments/header::header}"). The old, unwrapped syntax for fragment expressions will be removed in future versions of Thymeleaf.
2025-02-11 19:23:41 [http-nio-8080-exec-2] WARN  o.t.s.p.AbstractStandardFragmentInsertionTagProcessor - [THYMELEAF][http-nio-8080-exec-2][common/layout/layout] Deprecated unwrapped fragment expression "common/fragments/footer::footer" found in template common/layout/layout, line 40, col 10. Please use the complete syntax of fragment expressions instead ("~{common/fragments/footer::footer}"). The old, unwrapped syntax for fragment expressions will be removed in future versions of Thymeleaf.
2025-02-11 19:23:42 [http-nio-8080-exec-7] DEBUG org.mybatis.spring.SqlSessionUtils - Creating a new SqlSession
2025-02-11 19:23:42 [http-nio-8080-exec-7] DEBUG org.mybatis.spring.SqlSessionUtils - SqlSession [org.apache.ibatis.session.defaults.DefaultSqlSession@7a3cc573] was not registered for synchronization because synchronization is not active
2025-02-11 19:23:42 [http-nio-8080-exec-7] DEBUG o.m.s.t.SpringManagedTransaction - JDBC Connection [HikariProxyConnection@1057888749 wrapping com.mysql.cj.jdbc.ConnectionImpl@59a2b70e] will not be managed by Spring
2025-02-11 19:23:42 [http-nio-8080-exec-7] DEBUG c.s.d.m.CommonMapper.selectLnbList - ==>  Preparing: SELECT CT_LNB_IDX AS ctLnbIdx, CT_LNB_ID AS ctLnbId, CT_LNB_NAME AS ctLnbName, CT_LNB_SUB_YN AS ctLnbSubYn, CT_LNB_URL AS ctLnbUrl, CT_LNB_USE_YN AS ctLnbUseYn FROM CT_LNB WHERE CT_LNB_USE_YN = 'Y' ORDER BY CT_LNB_IDX
2025-02-11 19:23:42 [http-nio-8080-exec-7] DEBUG c.s.d.m.CommonMapper.selectLnbList - ==> Parameters: 
2025-02-11 19:23:42 [http-nio-8080-exec-7] DEBUG c.s.d.m.CommonMapper.selectLnbList - <==      Total: 4
2025-02-11 19:23:42 [http-nio-8080-exec-7] DEBUG org.mybatis.spring.SqlSessionUtils - Closing non transactional SqlSession [org.apache.ibatis.session.defaults.DefaultSqlSession@7a3cc573]
2025-02-11 19:23:42 [http-nio-8080-exec-9] DEBUG org.mybatis.spring.SqlSessionUtils - Creating a new SqlSession
2025-02-11 19:23:42 [http-nio-8080-exec-9] DEBUG org.mybatis.spring.SqlSessionUtils - SqlSession [org.apache.ibatis.session.defaults.DefaultSqlSession@1ff642e8] was not registered for synchronization because synchronization is not active
2025-02-11 19:23:42 [http-nio-8080-exec-9] DEBUG o.m.s.t.SpringManagedTransaction - JDBC Connection [HikariProxyConnection@1093904095 wrapping com.mysql.cj.jdbc.ConnectionImpl@4e09f215] will not be managed by Spring
2025-02-11 19:23:42 [http-nio-8080-exec-9] DEBUG c.s.d.m.CommonMapper.selectLnbList - ==>  Preparing: SELECT CT_LNB_IDX AS ctLnbIdx, CT_LNB_ID AS ctLnbId, CT_LNB_NAME AS ctLnbName, CT_LNB_SUB_YN AS ctLnbSubYn, CT_LNB_URL AS ctLnbUrl, CT_LNB_USE_YN AS ctLnbUseYn FROM CT_LNB WHERE CT_LNB_USE_YN = 'Y' ORDER BY CT_LNB_IDX
2025-02-11 19:23:42 [http-nio-8080-exec-9] DEBUG c.s.d.m.CommonMapper.selectLnbList - ==> Parameters: 
2025-02-11 19:23:42 [http-nio-8080-exec-9] DEBUG c.s.d.m.CommonMapper.selectLnbList - <==      Total: 4
2025-02-11 19:23:42 [http-nio-8080-exec-9] DEBUG org.mybatis.spring.SqlSessionUtils - Closing non transactional SqlSession [org.apache.ibatis.session.defaults.DefaultSqlSession@1ff642e8]
2025-02-11 19:23:42 [http-nio-8080-exec-4] DEBUG org.mybatis.spring.SqlSessionUtils - Creating a new SqlSession
2025-02-11 19:23:42 [http-nio-8080-exec-8] DEBUG org.mybatis.spring.SqlSessionUtils - Creating a new SqlSession
2025-02-11 19:23:42 [http-nio-8080-exec-5] DEBUG org.mybatis.spring.SqlSessionUtils - Creating a new SqlSession
2025-02-11 19:23:42 [http-nio-8080-exec-4] DEBUG org.mybatis.spring.SqlSessionUtils - SqlSession [org.apache.ibatis.session.defaults.DefaultSqlSession@5a49fbf5] was not registered for synchronization because synchronization is not active
2025-02-11 19:23:42 [http-nio-8080-exec-8] DEBUG org.mybatis.spring.SqlSessionUtils - SqlSession [org.apache.ibatis.session.defaults.DefaultSqlSession@5f3051ca] was not registered for synchronization because synchronization is not active
2025-02-11 19:23:42 [http-nio-8080-exec-5] DEBUG org.mybatis.spring.SqlSessionUtils - SqlSession [org.apache.ibatis.session.defaults.DefaultSqlSession@2d1138a] was not registered for synchronization because synchronization is not active
2025-02-11 19:23:42 [http-nio-8080-exec-8] DEBUG o.m.s.t.SpringManagedTransaction - JDBC Connection [HikariProxyConnection@1616339076 wrapping com.mysql.cj.jdbc.ConnectionImpl@59a2b70e] will not be managed by Spring
2025-02-11 19:23:42 [http-nio-8080-exec-5] DEBUG o.m.s.t.SpringManagedTransaction - JDBC Connection [HikariProxyConnection@1326065972 wrapping com.mysql.cj.jdbc.ConnectionImpl@4e09f215] will not be managed by Spring
2025-02-11 19:23:42 [http-nio-8080-exec-5] DEBUG c.s.d.m.C.selectLnbSubList - ==>  Preparing: SELECT CT_LNB_SUB_IDX AS ctLnbSubIdx, CT_LNB_ID AS ctLnbId, CT_LNB_SUB_ID AS ctLnbSubId, CT_LNB_SUB_NAME AS ctLnbSubName, CT_LNB_SUB_URL AS ctLnbSubUrl FROM CT_LNB_SUB WHERE CT_LNB_ID = ? ORDER BY CT_LNB_SUB_IDX
2025-02-11 19:23:42 [http-nio-8080-exec-8] DEBUG c.s.d.m.C.selectLnbSubList - ==>  Preparing: SELECT CT_LNB_SUB_IDX AS ctLnbSubIdx, CT_LNB_ID AS ctLnbId, CT_LNB_SUB_ID AS ctLnbSubId, CT_LNB_SUB_NAME AS ctLnbSubName, CT_LNB_SUB_URL AS ctLnbSubUrl FROM CT_LNB_SUB WHERE CT_LNB_ID = ? ORDER BY CT_LNB_SUB_IDX
2025-02-11 19:23:42 [http-nio-8080-exec-5] DEBUG c.s.d.m.C.selectLnbSubList - ==> Parameters: CT_LNB_SERVICE(String)
2025-02-11 19:23:42 [http-nio-8080-exec-8] DEBUG c.s.d.m.C.selectLnbSubList - ==> Parameters: CT_LNB_COMPANY(String)
2025-02-11 19:23:42 [http-nio-8080-exec-4] DEBUG o.m.s.t.SpringManagedTransaction - JDBC Connection [HikariProxyConnection@1225787975 wrapping com.mysql.cj.jdbc.ConnectionImpl@bff083f] will not be managed by Spring
2025-02-11 19:23:42 [http-nio-8080-exec-4] DEBUG c.s.d.m.C.selectLnbSubList - ==>  Preparing: SELECT CT_LNB_SUB_IDX AS ctLnbSubIdx, CT_LNB_ID AS ctLnbId, CT_LNB_SUB_ID AS ctLnbSubId, CT_LNB_SUB_NAME AS ctLnbSubName, CT_LNB_SUB_URL AS ctLnbSubUrl FROM CT_LNB_SUB WHERE CT_LNB_ID = ? ORDER BY CT_LNB_SUB_IDX
2025-02-11 19:23:42 [http-nio-8080-exec-4] DEBUG c.s.d.m.C.selectLnbSubList - ==> Parameters: CT_LNB_CONTACT(String)
2025-02-11 19:23:42 [http-nio-8080-exec-8] DEBUG c.s.d.m.C.selectLnbSubList - <==      Total: 1
2025-02-11 19:23:42 [http-nio-8080-exec-4] DEBUG c.s.d.m.C.selectLnbSubList - <==      Total: 2
2025-02-11 19:23:42 [http-nio-8080-exec-5] DEBUG c.s.d.m.C.selectLnbSubList - <==      Total: 4
2025-02-11 19:23:42 [http-nio-8080-exec-8] DEBUG org.mybatis.spring.SqlSessionUtils - Closing non transactional SqlSession [org.apache.ibatis.session.defaults.DefaultSqlSession@5f3051ca]
2025-02-11 19:23:42 [http-nio-8080-exec-4] DEBUG org.mybatis.spring.SqlSessionUtils - Closing non transactional SqlSession [org.apache.ibatis.session.defaults.DefaultSqlSession@5a49fbf5]
2025-02-11 19:23:42 [http-nio-8080-exec-5] DEBUG org.mybatis.spring.SqlSessionUtils - Closing non transactional SqlSession [org.apache.ibatis.session.defaults.DefaultSqlSession@2d1138a]
2025-02-11 19:23:42 [http-nio-8080-exec-10] DEBUG org.mybatis.spring.SqlSessionUtils - Creating a new SqlSession
2025-02-11 19:23:42 [http-nio-8080-exec-1] DEBUG org.mybatis.spring.SqlSessionUtils - Creating a new SqlSession
2025-02-11 19:23:42 [http-nio-8080-exec-6] DEBUG org.mybatis.spring.SqlSessionUtils - Creating a new SqlSession
2025-02-11 19:23:42 [http-nio-8080-exec-10] DEBUG org.mybatis.spring.SqlSessionUtils - SqlSession [org.apache.ibatis.session.defaults.DefaultSqlSession@428b7b39] was not registered for synchronization because synchronization is not active
2025-02-11 19:23:42 [http-nio-8080-exec-1] DEBUG org.mybatis.spring.SqlSessionUtils - SqlSession [org.apache.ibatis.session.defaults.DefaultSqlSession@658eb6f1] was not registered for synchronization because synchronization is not active
2025-02-11 19:23:42 [http-nio-8080-exec-6] DEBUG org.mybatis.spring.SqlSessionUtils - SqlSession [org.apache.ibatis.session.defaults.DefaultSqlSession@67ffdec] was not registered for synchronization because synchronization is not active
2025-02-11 19:23:42 [http-nio-8080-exec-10] DEBUG o.m.s.t.SpringManagedTransaction - JDBC Connection [HikariProxyConnection@1596803386 wrapping com.mysql.cj.jdbc.ConnectionImpl@59a2b70e] will not be managed by Spring
2025-02-11 19:23:42 [http-nio-8080-exec-1] DEBUG o.m.s.t.SpringManagedTransaction - JDBC Connection [HikariProxyConnection@2082369179 wrapping com.mysql.cj.jdbc.ConnectionImpl@bff083f] will not be managed by Spring
2025-02-11 19:23:42 [http-nio-8080-exec-6] DEBUG o.m.s.t.SpringManagedTransaction - JDBC Connection [HikariProxyConnection@1922624569 wrapping com.mysql.cj.jdbc.ConnectionImpl@4e09f215] will not be managed by Spring
2025-02-11 19:23:42 [http-nio-8080-exec-10] DEBUG c.s.d.m.C.selectLnbSubList - ==>  Preparing: SELECT CT_LNB_SUB_IDX AS ctLnbSubIdx, CT_LNB_ID AS ctLnbId, CT_LNB_SUB_ID AS ctLnbSubId, CT_LNB_SUB_NAME AS ctLnbSubName, CT_LNB_SUB_URL AS ctLnbSubUrl FROM CT_LNB_SUB WHERE CT_LNB_ID = ? ORDER BY CT_LNB_SUB_IDX
2025-02-11 19:23:42 [http-nio-8080-exec-1] DEBUG c.s.d.m.C.selectLnbSubList - ==>  Preparing: SELECT CT_LNB_SUB_IDX AS ctLnbSubIdx, CT_LNB_ID AS ctLnbId, CT_LNB_SUB_ID AS ctLnbSubId, CT_LNB_SUB_NAME AS ctLnbSubName, CT_LNB_SUB_URL AS ctLnbSubUrl FROM CT_LNB_SUB WHERE CT_LNB_ID = ? ORDER BY CT_LNB_SUB_IDX
2025-02-11 19:23:42 [http-nio-8080-exec-6] DEBUG c.s.d.m.C.selectLnbSubList - ==>  Preparing: SELECT CT_LNB_SUB_IDX AS ctLnbSubIdx, CT_LNB_ID AS ctLnbId, CT_LNB_SUB_ID AS ctLnbSubId, CT_LNB_SUB_NAME AS ctLnbSubName, CT_LNB_SUB_URL AS ctLnbSubUrl FROM CT_LNB_SUB WHERE CT_LNB_ID = ? ORDER BY CT_LNB_SUB_IDX
2025-02-11 19:23:42 [http-nio-8080-exec-10] DEBUG c.s.d.m.C.selectLnbSubList - ==> Parameters: CT_LNB_COMPANY(String)
2025-02-11 19:23:42 [http-nio-8080-exec-6] DEBUG c.s.d.m.C.selectLnbSubList - ==> Parameters: CT_LNB_SERVICE(String)
2025-02-11 19:23:42 [http-nio-8080-exec-1] DEBUG c.s.d.m.C.selectLnbSubList - ==> Parameters: CT_LNB_CONTACT(String)
2025-02-11 19:23:42 [http-nio-8080-exec-10] DEBUG c.s.d.m.C.selectLnbSubList - <==      Total: 1
2025-02-11 19:23:42 [http-nio-8080-exec-1] DEBUG c.s.d.m.C.selectLnbSubList - <==      Total: 2
2025-02-11 19:23:42 [http-nio-8080-exec-6] DEBUG c.s.d.m.C.selectLnbSubList - <==      Total: 4
2025-02-11 19:23:42 [http-nio-8080-exec-6] DEBUG org.mybatis.spring.SqlSessionUtils - Closing non transactional SqlSession [org.apache.ibatis.session.defaults.DefaultSqlSession@67ffdec]
2025-02-11 19:23:42 [http-nio-8080-exec-10] DEBUG org.mybatis.spring.SqlSessionUtils - Closing non transactional SqlSession [org.apache.ibatis.session.defaults.DefaultSqlSession@428b7b39]
2025-02-11 19:23:42 [http-nio-8080-exec-1] DEBUG org.mybatis.spring.SqlSessionUtils - Closing non transactional SqlSession [org.apache.ibatis.session.defaults.DefaultSqlSession@658eb6f1]
2025-02-11 19:25:07 [RMI TCP Connection(13)-127.0.0.1] INFO  o.s.b.a.SpringApplicationAdminMXBeanRegistrar$SpringApplicationAdmin - Application shutdown requested.
2025-02-11 19:25:07 [RMI TCP Connection(13)-127.0.0.1] INFO  o.s.b.w.e.tomcat.GracefulShutdown - Commencing graceful shutdown. Waiting for active requests to complete
2025-02-11 19:25:07 [tomcat-shutdown] INFO  o.a.coyote.http11.Http11NioProtocol - Pausing ProtocolHandler ["http-nio-8080"]
2025-02-11 19:25:07 [tomcat-shutdown] INFO  o.s.b.w.e.tomcat.GracefulShutdown - Graceful shutdown complete
2025-02-11 19:25:07 [RMI TCP Connection(13)-127.0.0.1] INFO  o.a.coyote.http11.Http11NioProtocol - Stopping ProtocolHandler ["http-nio-8080"]
2025-02-11 19:25:07 [RMI TCP Connection(13)-127.0.0.1] INFO  com.zaxxer.hikari.HikariDataSource - HikariPool-1 - Shutdown initiated...
2025-02-11 19:25:07 [RMI TCP Connection(13)-127.0.0.1] INFO  com.zaxxer.hikari.HikariDataSource - HikariPool-1 - Shutdown completed.
2025-02-11 19:25:18 [restartedMain] INFO  c.s.devspring.DevspringApplication - Starting DevspringApplication using Java 17.0.12 with PID 10604 (C:\Users\aatjx\git\devspring\devspring\bin\main started by aatjx in C:\Users\aatjx\git\devspring\devspring)
2025-02-11 19:25:18 [restartedMain] INFO  c.s.devspring.DevspringApplication - No active profile set, falling back to 1 default profile: "default"
2025-02-11 19:25:19 [restartedMain] INFO  o.s.b.d.e.DevToolsPropertyDefaultsPostProcessor - Devtools property defaults active! Set 'spring.devtools.add-properties' to 'false' to disable
2025-02-11 19:25:19 [restartedMain] INFO  o.s.b.d.e.DevToolsPropertyDefaultsPostProcessor - For additional web related logging consider setting the 'logging.level.web' property to 'DEBUG'
2025-02-11 19:25:19 [restartedMain] INFO  o.s.d.r.c.RepositoryConfigurationDelegate - Multiple Spring Data modules found, entering strict repository configuration mode
2025-02-11 19:25:19 [restartedMain] INFO  o.s.d.r.c.RepositoryConfigurationDelegate - Bootstrapping Spring Data Redis repositories in DEFAULT mode.
2025-02-11 19:25:19 [restartedMain] INFO  o.s.d.r.c.RepositoryConfigurationDelegate - Finished Spring Data repository scanning in 11 ms. Found 0 Redis repository interfaces.
2025-02-11 19:25:19 [restartedMain] DEBUG o.apache.ibatis.logging.LogFactory - Logging initialized using 'class org.apache.ibatis.logging.slf4j.Slf4jImpl' adapter.
2025-02-11 19:25:19 [restartedMain] DEBUG o.m.s.mapper.ClassPathMapperScanner - Identified candidate component class: file [C:\Users\aatjx\git\devspring\devspring\bin\main\com\spring\devspring\mapper\BoardMapper.class]
2025-02-11 19:25:19 [restartedMain] DEBUG o.m.s.mapper.ClassPathMapperScanner - Identified candidate component class: file [C:\Users\aatjx\git\devspring\devspring\bin\main\com\spring\devspring\mapper\CommonMapper.class]
2025-02-11 19:25:19 [restartedMain] DEBUG o.m.s.mapper.ClassPathMapperScanner - Identified candidate component class: file [C:\Users\aatjx\git\devspring\devspring\bin\main\com\spring\devspring\mapper\CtUserMapper.class]
2025-02-11 19:25:19 [restartedMain] DEBUG o.m.s.mapper.ClassPathMapperScanner - Creating MapperFactoryBean with name 'boardMapper' and 'com.spring.devspring.mapper.BoardMapper' mapperInterface
2025-02-11 19:25:19 [restartedMain] DEBUG o.m.s.mapper.ClassPathMapperScanner - Creating MapperFactoryBean with name 'commonMapper' and 'com.spring.devspring.mapper.CommonMapper' mapperInterface
2025-02-11 19:25:19 [restartedMain] DEBUG o.m.s.mapper.ClassPathMapperScanner - Creating MapperFactoryBean with name 'ctUserMapper' and 'com.spring.devspring.mapper.CtUserMapper' mapperInterface
2025-02-11 19:25:20 [restartedMain] INFO  o.s.b.w.e.tomcat.TomcatWebServer - Tomcat initialized with port 8080 (http)
2025-02-11 19:25:20 [restartedMain] INFO  o.a.coyote.http11.Http11NioProtocol - Initializing ProtocolHandler ["http-nio-8080"]
2025-02-11 19:25:20 [restartedMain] INFO  o.a.catalina.core.StandardService - Starting service [Tomcat]
2025-02-11 19:25:20 [restartedMain] INFO  o.a.catalina.core.StandardEngine - Starting Servlet engine: [Apache Tomcat/10.1.34]
2025-02-11 19:25:20 [restartedMain] INFO  o.a.c.c.C.[Tomcat].[localhost].[/] - Initializing Spring embedded WebApplicationContext
2025-02-11 19:25:20 [restartedMain] INFO  o.s.b.w.s.c.ServletWebServerApplicationContext - Root WebApplicationContext: initialization completed in 1205 ms
2025-02-11 19:25:20 [restartedMain] DEBUG o.m.spring.SqlSessionFactoryBean - Property 'configuration' or 'configLocation' not specified, using default MyBatis Configuration
2025-02-11 19:25:20 [restartedMain] DEBUG o.m.spring.SqlSessionFactoryBean - Parsed mapper file: 'file [C:\Users\aatjx\git\devspring\devspring\bin\main\static\mapper\BoardMapper.xml]'
2025-02-11 19:25:20 [restartedMain] DEBUG o.m.spring.SqlSessionFactoryBean - Parsed mapper file: 'file [C:\Users\aatjx\git\devspring\devspring\bin\main\static\mapper\CommonMapper.xml]'
2025-02-11 19:25:20 [restartedMain] DEBUG o.m.spring.SqlSessionFactoryBean - Parsed mapper file: 'file [C:\Users\aatjx\git\devspring\devspring\bin\main\static\mapper\CtUserMapper.xml]'
2025-02-11 19:25:20 [restartedMain] INFO  o.s.s.c.a.a.c.InitializeUserDetailsBeanManagerConfigurer$InitializeUserDetailsManagerConfigurer - Global AuthenticationManager configured with UserDetailsService bean with name ctUserService
2025-02-11 19:25:21 [restartedMain] INFO  o.s.b.d.a.OptionalLiveReloadServer - LiveReload server is running on port 35729
2025-02-11 19:25:21 [restartedMain] INFO  o.a.coyote.http11.Http11NioProtocol - Starting ProtocolHandler ["http-nio-8080"]
2025-02-11 19:25:21 [restartedMain] INFO  o.s.b.w.e.tomcat.TomcatWebServer - Tomcat started on port 8080 (http) with context path '/'
2025-02-11 19:25:21 [restartedMain] INFO  c.s.devspring.DevspringApplication - Started DevspringApplication in 2.878 seconds (process running for 3.38)
2025-02-11 19:25:21 [http-nio-8080-exec-1] INFO  o.a.c.c.C.[Tomcat].[localhost].[/] - Initializing Spring DispatcherServlet 'dispatcherServlet'
2025-02-11 19:25:21 [http-nio-8080-exec-1] INFO  o.s.web.servlet.DispatcherServlet - Initializing Servlet 'dispatcherServlet'
2025-02-11 19:25:21 [http-nio-8080-exec-1] INFO  o.s.web.servlet.DispatcherServlet - Completed initialization in 1 ms
2025-02-11 19:25:31 [http-nio-8080-exec-1] DEBUG org.mybatis.spring.SqlSessionUtils - Creating a new SqlSession
2025-02-11 19:25:31 [http-nio-8080-exec-1] DEBUG org.mybatis.spring.SqlSessionUtils - SqlSession [org.apache.ibatis.session.defaults.DefaultSqlSession@6e7974d9] was not registered for synchronization because synchronization is not active
2025-02-11 19:25:31 [http-nio-8080-exec-1] INFO  com.zaxxer.hikari.HikariDataSource - HikariPool-1 - Starting...
2025-02-11 19:25:31 [http-nio-8080-exec-1] INFO  com.zaxxer.hikari.pool.HikariPool - HikariPool-1 - Added connection com.mysql.cj.jdbc.ConnectionImpl@57c31c10
2025-02-11 19:25:31 [http-nio-8080-exec-1] INFO  com.zaxxer.hikari.HikariDataSource - HikariPool-1 - Start completed.
2025-02-11 19:25:31 [http-nio-8080-exec-1] DEBUG o.m.s.t.SpringManagedTransaction - JDBC Connection [HikariProxyConnection@1475963462 wrapping com.mysql.cj.jdbc.ConnectionImpl@57c31c10] will not be managed by Spring
2025-02-11 19:25:31 [http-nio-8080-exec-1] DEBUG c.s.d.m.CtUserMapper.findByCtUserId - ==>  Preparing: SELECT CT_USER_IDX AS ctUserIdx, CT_USER_ID AS ctUserId, CT_USER_PWD AS ctUserPwd, CT_USER_NAME AS ctUserName, CT_USER_EMAIL AS ctUserEmail, CT_USER_PHONE_NUMBER AS ctUserPhoneNumber, CT_USER_AUTHORITY AS ctUserAuthority, CT_USER_CREATE_TIME AS ctUserCreateTime, CT_USER_UPDATE_TIME AS ctUserUpdateTime FROM CT_USER WHERE CT_USER_ID = ?
2025-02-11 19:25:31 [http-nio-8080-exec-1] DEBUG c.s.d.m.CtUserMapper.findByCtUserId - ==> Parameters: test(String)
2025-02-11 19:25:31 [http-nio-8080-exec-1] DEBUG c.s.d.m.CtUserMapper.findByCtUserId - <==      Total: 1
2025-02-11 19:25:31 [http-nio-8080-exec-1] DEBUG org.mybatis.spring.SqlSessionUtils - Closing non transactional SqlSession [org.apache.ibatis.session.defaults.DefaultSqlSession@6e7974d9]
2025-02-11 19:25:31 [http-nio-8080-exec-1] INFO  c.s.devspring.user.CtUserService - djsUser : test
2025-02-11 19:25:31 [http-nio-8080-exec-1] INFO  c.s.d.config.CustomLoginFailHandler - [CustomLoginFailHandler] :: 자격 증명에 실패하였습니다.
2025-02-11 19:25:34 [http-nio-8080-exec-4] DEBUG org.mybatis.spring.SqlSessionUtils - Creating a new SqlSession
2025-02-11 19:25:34 [http-nio-8080-exec-4] DEBUG org.mybatis.spring.SqlSessionUtils - SqlSession [org.apache.ibatis.session.defaults.DefaultSqlSession@7cc8f09] was not registered for synchronization because synchronization is not active
2025-02-11 19:25:34 [http-nio-8080-exec-4] DEBUG o.m.s.t.SpringManagedTransaction - JDBC Connection [HikariProxyConnection@66263848 wrapping com.mysql.cj.jdbc.ConnectionImpl@57c31c10] will not be managed by Spring
2025-02-11 19:25:34 [http-nio-8080-exec-4] DEBUG c.s.d.m.CtUserMapper.findByCtUserId - ==>  Preparing: SELECT CT_USER_IDX AS ctUserIdx, CT_USER_ID AS ctUserId, CT_USER_PWD AS ctUserPwd, CT_USER_NAME AS ctUserName, CT_USER_EMAIL AS ctUserEmail, CT_USER_PHONE_NUMBER AS ctUserPhoneNumber, CT_USER_AUTHORITY AS ctUserAuthority, CT_USER_CREATE_TIME AS ctUserCreateTime, CT_USER_UPDATE_TIME AS ctUserUpdateTime FROM CT_USER WHERE CT_USER_ID = ?
2025-02-11 19:25:34 [http-nio-8080-exec-4] DEBUG c.s.d.m.CtUserMapper.findByCtUserId - ==> Parameters: test(String)
2025-02-11 19:25:34 [http-nio-8080-exec-4] DEBUG c.s.d.m.CtUserMapper.findByCtUserId - <==      Total: 1
2025-02-11 19:25:34 [http-nio-8080-exec-4] DEBUG org.mybatis.spring.SqlSessionUtils - Closing non transactional SqlSession [org.apache.ibatis.session.defaults.DefaultSqlSession@7cc8f09]
2025-02-11 19:25:34 [http-nio-8080-exec-4] INFO  c.s.devspring.user.CtUserService - djsUser : test
2025-02-11 19:25:35 [http-nio-8080-exec-4] INFO  c.s.d.c.CustomLoginSuccessHandler - [CustomLoginSuccessHandler] :: test
2025-02-11 19:25:57 [http-nio-8080-exec-3] DEBUG org.mybatis.spring.SqlSessionUtils - Creating a new SqlSession
2025-02-11 19:25:57 [http-nio-8080-exec-3] DEBUG org.mybatis.spring.SqlSessionUtils - SqlSession [org.apache.ibatis.session.defaults.DefaultSqlSession@5cf6762] was not registered for synchronization because synchronization is not active
2025-02-11 19:25:57 [http-nio-8080-exec-3] DEBUG o.m.s.t.SpringManagedTransaction - JDBC Connection [HikariProxyConnection@312669349 wrapping com.mysql.cj.jdbc.ConnectionImpl@57c31c10] will not be managed by Spring
2025-02-11 19:25:57 [http-nio-8080-exec-3] DEBUG c.s.d.m.CtUserMapper.findByCtUserId - ==>  Preparing: SELECT CT_USER_IDX AS ctUserIdx, CT_USER_ID AS ctUserId, CT_USER_PWD AS ctUserPwd, CT_USER_NAME AS ctUserName, CT_USER_EMAIL AS ctUserEmail, CT_USER_PHONE_NUMBER AS ctUserPhoneNumber, CT_USER_AUTHORITY AS ctUserAuthority, CT_USER_CREATE_TIME AS ctUserCreateTime, CT_USER_UPDATE_TIME AS ctUserUpdateTime FROM CT_USER WHERE CT_USER_ID = ?
2025-02-11 19:25:57 [http-nio-8080-exec-3] DEBUG c.s.d.m.CtUserMapper.findByCtUserId - ==> Parameters: tjxodn(String)
2025-02-11 19:25:57 [http-nio-8080-exec-3] DEBUG c.s.d.m.CtUserMapper.findByCtUserId - <==      Total: 1
2025-02-11 19:25:57 [http-nio-8080-exec-3] DEBUG org.mybatis.spring.SqlSessionUtils - Closing non transactional SqlSession [org.apache.ibatis.session.defaults.DefaultSqlSession@5cf6762]
2025-02-11 19:25:57 [http-nio-8080-exec-3] INFO  c.s.devspring.user.CtUserService - djsUser : tjxodn
2025-02-11 19:25:57 [http-nio-8080-exec-3] INFO  c.s.d.config.CustomLoginFailHandler - [CustomLoginFailHandler] :: 자격 증명에 실패하였습니다.
2025-02-11 19:27:13 [RMI TCP Connection(11)-127.0.0.1] INFO  o.s.b.a.SpringApplicationAdminMXBeanRegistrar$SpringApplicationAdmin - Application shutdown requested.
2025-02-11 19:27:13 [RMI TCP Connection(11)-127.0.0.1] INFO  o.s.b.w.e.tomcat.GracefulShutdown - Commencing graceful shutdown. Waiting for active requests to complete
2025-02-11 19:27:13 [tomcat-shutdown] INFO  o.a.coyote.http11.Http11NioProtocol - Pausing ProtocolHandler ["http-nio-8080"]
2025-02-11 19:27:13 [tomcat-shutdown] INFO  o.s.b.w.e.tomcat.GracefulShutdown - Graceful shutdown complete
2025-02-11 19:27:13 [RMI TCP Connection(11)-127.0.0.1] INFO  o.a.coyote.http11.Http11NioProtocol - Stopping ProtocolHandler ["http-nio-8080"]
2025-02-11 19:27:13 [RMI TCP Connection(11)-127.0.0.1] INFO  com.zaxxer.hikari.HikariDataSource - HikariPool-1 - Shutdown initiated...
2025-02-11 19:27:13 [RMI TCP Connection(11)-127.0.0.1] INFO  com.zaxxer.hikari.HikariDataSource - HikariPool-1 - Shutdown completed.
2025-02-11 19:28:38 [restartedMain] INFO  c.s.devspring.DevspringApplication - Starting DevspringApplication using Java 17.0.12 with PID 3492 (C:\Users\aatjx\git\devspring\devspring\bin\main started by aatjx in C:\Users\aatjx\git\devspring\devspring)
2025-02-11 19:28:38 [restartedMain] INFO  c.s.devspring.DevspringApplication - No active profile set, falling back to 1 default profile: "default"
2025-02-11 19:28:38 [restartedMain] INFO  o.s.b.d.e.DevToolsPropertyDefaultsPostProcessor - Devtools property defaults active! Set 'spring.devtools.add-properties' to 'false' to disable
2025-02-11 19:28:38 [restartedMain] INFO  o.s.b.d.e.DevToolsPropertyDefaultsPostProcessor - For additional web related logging consider setting the 'logging.level.web' property to 'DEBUG'
2025-02-11 19:28:39 [restartedMain] INFO  o.s.d.r.c.RepositoryConfigurationDelegate - Multiple Spring Data modules found, entering strict repository configuration mode
2025-02-11 19:28:39 [restartedMain] INFO  o.s.d.r.c.RepositoryConfigurationDelegate - Bootstrapping Spring Data Redis repositories in DEFAULT mode.
2025-02-11 19:28:39 [restartedMain] INFO  o.s.d.r.c.RepositoryConfigurationDelegate - Finished Spring Data repository scanning in 10 ms. Found 0 Redis repository interfaces.
2025-02-11 19:28:39 [restartedMain] DEBUG o.apache.ibatis.logging.LogFactory - Logging initialized using 'class org.apache.ibatis.logging.slf4j.Slf4jImpl' adapter.
2025-02-11 19:28:39 [restartedMain] DEBUG o.m.s.mapper.ClassPathMapperScanner - Identified candidate component class: file [C:\Users\aatjx\git\devspring\devspring\bin\main\com\spring\devspring\mapper\BoardMapper.class]
2025-02-11 19:28:39 [restartedMain] DEBUG o.m.s.mapper.ClassPathMapperScanner - Identified candidate component class: file [C:\Users\aatjx\git\devspring\devspring\bin\main\com\spring\devspring\mapper\CommonMapper.class]
2025-02-11 19:28:39 [restartedMain] DEBUG o.m.s.mapper.ClassPathMapperScanner - Identified candidate component class: file [C:\Users\aatjx\git\devspring\devspring\bin\main\com\spring\devspring\mapper\CtUserMapper.class]
2025-02-11 19:28:39 [restartedMain] DEBUG o.m.s.mapper.ClassPathMapperScanner - Creating MapperFactoryBean with name 'boardMapper' and 'com.spring.devspring.mapper.BoardMapper' mapperInterface
2025-02-11 19:28:39 [restartedMain] DEBUG o.m.s.mapper.ClassPathMapperScanner - Creating MapperFactoryBean with name 'commonMapper' and 'com.spring.devspring.mapper.CommonMapper' mapperInterface
2025-02-11 19:28:39 [restartedMain] DEBUG o.m.s.mapper.ClassPathMapperScanner - Creating MapperFactoryBean with name 'ctUserMapper' and 'com.spring.devspring.mapper.CtUserMapper' mapperInterface
2025-02-11 19:28:39 [restartedMain] INFO  o.s.b.w.e.tomcat.TomcatWebServer - Tomcat initialized with port 8080 (http)
2025-02-11 19:28:39 [restartedMain] INFO  o.a.coyote.http11.Http11NioProtocol - Initializing ProtocolHandler ["http-nio-8080"]
2025-02-11 19:28:39 [restartedMain] INFO  o.a.catalina.core.StandardService - Starting service [Tomcat]
2025-02-11 19:28:39 [restartedMain] INFO  o.a.catalina.core.StandardEngine - Starting Servlet engine: [Apache Tomcat/10.1.34]
2025-02-11 19:28:39 [restartedMain] INFO  o.a.c.c.C.[Tomcat].[localhost].[/] - Initializing Spring embedded WebApplicationContext
2025-02-11 19:28:39 [restartedMain] INFO  o.s.b.w.s.c.ServletWebServerApplicationContext - Root WebApplicationContext: initialization completed in 1163 ms
2025-02-11 19:28:39 [restartedMain] DEBUG o.m.spring.SqlSessionFactoryBean - Property 'configuration' or 'configLocation' not specified, using default MyBatis Configuration
2025-02-11 19:28:40 [restartedMain] DEBUG o.m.spring.SqlSessionFactoryBean - Parsed mapper file: 'file [C:\Users\aatjx\git\devspring\devspring\bin\main\static\mapper\BoardMapper.xml]'
2025-02-11 19:28:40 [restartedMain] DEBUG o.m.spring.SqlSessionFactoryBean - Parsed mapper file: 'file [C:\Users\aatjx\git\devspring\devspring\bin\main\static\mapper\CommonMapper.xml]'
2025-02-11 19:28:40 [restartedMain] DEBUG o.m.spring.SqlSessionFactoryBean - Parsed mapper file: 'file [C:\Users\aatjx\git\devspring\devspring\bin\main\static\mapper\CtUserMapper.xml]'
2025-02-11 19:28:40 [restartedMain] WARN  o.s.b.w.s.c.AnnotationConfigServletWebServerApplicationContext - Exception encountered during context initialization - cancelling refresh attempt: org.springframework.beans.factory.UnsatisfiedDependencyException: Error creating bean with name 'ctUserController' defined in file [C:\Users\aatjx\git\devspring\devspring\bin\main\com\spring\devspring\user\CtUserController.class]: Unsatisfied dependency expressed through constructor parameter 1: No qualifying bean of type 'org.springframework.security.crypto.password.PasswordEncoder' available: expected at least 1 bean which qualifies as autowire candidate. Dependency annotations: {}
2025-02-11 19:28:40 [restartedMain] INFO  o.a.catalina.core.StandardService - Stopping service [Tomcat]
2025-02-11 19:28:40 [restartedMain] INFO  o.s.b.a.l.ConditionEvaluationReportLogger - 

Error starting ApplicationContext. To display the condition evaluation report re-run your application with 'debug' enabled.
2025-02-11 19:28:40 [restartedMain] ERROR o.s.b.d.LoggingFailureAnalysisReporter - 

***************************
APPLICATION FAILED TO START
***************************

Description:

Parameter 1 of constructor in com.spring.devspring.user.CtUserController required a bean of type 'org.springframework.security.crypto.password.PasswordEncoder' that could not be found.


Action:

Consider defining a bean of type 'org.springframework.security.crypto.password.PasswordEncoder' in your configuration.

